event_id,event,series,league,tier,state,mins_since_start,event_live_flag,score,cond,smt,title,seconds_delay,tick,min_size,fees_enabled,fee_type,fee_rate,fee_exp,taker_only,rebate_rate,clear_book_on_start,rewards_min_size,rewards_max_spread,maker_base_fee,taker_base_fee,volume,n_bid_lvls,n_ask_lvls,book_ts,last_trade,book_tick,book_min_size,bid,ask,bid_sz,ask_sz,bid_usd,ask_usd,ask_usd_notional,spread_c,book_usd_total,mid,bid_sz_2c,ask_sz_2c,bid_sz_5c,ask_sz_5c,snap_utc
1122530,Curitiba (Doubles): Kestelboim/Zormann vs Miguel/Ribeiro,atp-doubles,Curitiba,doubles,in_play,26.4,,,0x05660616e88842db6f09d9668da2e109a23259e7ecade9859d644944dbc25b43,tennis_completed_match,Completed Match,1,0.01,5,True,sports_fees_v3,0.05,1,True,0.15,True,50,4.5,1000,1000,0.0,3,0,1791050569107,,0.01,5,0.03,,55.55,0.0,1.6664999999999999,0.0,0.0,,4.9997,,,,,,2026-10-03T18:26:23.386227+00:00
1122530,Curitiba (Doubles): Kestelboim/Zormann vs Miguel/Ribeiro,atp-doubles,Curitiba,doubles,in_play,26.4,,,0x5772a36dd3f702025e81f44fc373d0b6322e0beac0666d073c126258e6d4d0ea,tennis_first_set_winner,Curitiba (Doubles): Kestelboim/Zormann vs Miguel/Ribeiro Set 1 Winner,1,0.01,5,True,sports_fees_v3,0.05,1,True,0.15,True,50,4.5,1000,1000,0.0,0,0,1791051603580,,0.01,5,,,0.0,0.0,0.0,0.0,0.0,,0.0,,,,,,2026-10-03T18:26:23.386227+00:00
1122530,Curitiba (Doubles): Kestelboim/Zormann vs Miguel/Ribeiro,atp-doubles,Curitiba,doubles,in_play,26.4,,,0xd09523ba64858e28da8750eb7d3035c7abbd02983152b848533ffa2a47ecc75b,tennis_set_winner,Curitiba (Doubles): Kestelboim/Zormann vs Miguel/Ribeiro Set 2 Winner,1,0.01,5,True,sports_fees_v3,0.05,1,True,0.15,True,50,4.5,1000,1000,0.0,0,0,1791050403939,,0.01,5,,,0.0,0.0,0.0,0.0,0.0,,0.0,,,,,,2026-10-03T18:26:23.386227+00:00
1122530,Curitiba (Doubles): Kestelboim/Zormann vs Miguel/Ribeiro,atp-doubles,Curitiba,doubles,in_play,26.4,,,0x495f0f86b2bb61eabcdc43e0653082b44dc7ad0622866a17f190bdb0e1d31d96,tennis_set_totals,Curitiba (Doubles): Kestelboim/Zormann vs Miguel/Ribeiro Total Sets: O/U 2.5,1,0.01,5,True,sports_fees_v3,0.05,1,True,0.15,True,50,4.5,1000,1000,0.0,0,0,1791051603580,,0.01,5,,,0.0,0.0,0.0,0.0,0.0,,0.0,,,,,,2026-10-03T18:26:23.386227+00:00
1122530,Curitiba (Doubles): Kestelboim/Zormann vs Miguel/Ribeiro,atp-doubles,Curitiba,doubles,in_play,26.4,,,0x85b72ffdca2e5352b2c26a3e1c1d088614d25272a6c4b5136cdc0c018d9348f7,tennis_first_set_totals,Curitiba (Doubles): Kestelboim/Zormann vs Miguel/Ribeiro Set 1 O/U 8.5,1,0.01,5,True,sports_fees_v3,0.05,1,True,0.15,True,50,4.5,1000,1000,0.0,0,0,1791050402239,,0.01,5,,,0.0,0.0,0.0,0.0,0.0,,0.0,,,,,,2026-10-03T18:26:23.386227+00:00
1122530,Curitiba (Doubles): Kestelboim/Zormann vs Miguel/Ribeiro,atp-doubles,Curitiba,doubles,in_play,26.4,,,0x41c3719af9a17ce5ab2b1f84467393d7febf71b6b021883fff006ec8de21b73a,tennis_first_set_totals,Curitiba (Doubles): Kestelboim/Zormann vs Miguel/Ribeiro Set 1 O/U 9.5,1,0.01,5,True,sports_fees_v3,0.05,1,True,0.15,True,50,4.5,1000,1000,0.0,0,0,1791050403013,,0.01,5,,,0.0,0.0,0.0,0.0,0.0,,0.0,,,,,,2026-10-03T18:26:23.386227+00:00
1122530,Curitiba (Doubles): Kestelboim/Zormann vs Miguel/Ribeiro,atp-doubles,Curitiba,doubles,in_play,26.4,,,0x36682c3ebc2bfa2db0957d2a471b3a87abfe57467eeea9023a950b8aec7981e2,tennis_first_set_totals,Curitiba (Doubles): Kestelboim/Zormann vs Miguel/Ribeiro Set 1 O/U 10.5,1,0.01,5,True,sports_fees_v3,0.05,1,True,0.15,True,50,4.5,1000,1000,0.0,0,0,1791050401749,,0.01,5,,,0.0,0.0,0.0,0.0,0.0,,0.0,,,,,,2026-10-03T18:26:23.386227+00:00
1122530,Curitiba (Doubles): Kestelboim/Zormann vs Miguel/Ribeiro,atp-doubles,Curitiba,doubles,in_play,26.4,,,0x5a5dbb6f265e89e2aaa740d99c4e8cb1fa40770a247d9ed6aa67fbb3afac8412,tennis_set_games_totals,Curitiba (Doubles): Kestelboim/Zormann vs Miguel/Ribeiro Set 2 O/U 8.5,1,0.01,5,True,sports_fees_v3,0.05,1,True,0.15,True,50,4.5,1000,1000,0.0,0,0,1791050400978,,0.01,5,,,0.0,0.0,0.0,0.0,0.0,,0.0,,,,,,2026-10-03T18:26:23.386227+00:00
1122530,Curitiba (Doubles): Kestelboim/Zormann vs Miguel/Ribeiro,atp-doubles,Curitiba,doubles,in_play,26.4,,,0x8529a43f80fe78ea28d45c66737a69343c1424a2c5d9fcaaf24f800bcb37c144,tennis_set_games_totals,Curitiba (Doubles): Kestelboim/Zormann vs Miguel/Ribeiro Set 2 O/U 9.5,1,0.01,5,True,sports_fees_v3,0.05,1,True,0.15,True,50,4.5,1000,1000,0.0,0,0,1791050403571,,0.01,5,,,0.0,0.0,0.0,0.0,0.0,,0.0,,,,,,2026-10-03T18:26:23.386227+00:00
1122530,Curitiba (Doubles): Kestelboim/Zormann vs Miguel/Ribeiro,atp-doubles,Curitiba,doubles,in_play,26.4,,,0x5112d0e82dc12ac78c30cb60f6d1c72c8bd5f6425f66acb298584f3745812046,tennis_set_games_totals,Curitiba (Doubles): Kestelboim/Zormann vs Miguel/Ribeiro Set 2 O/U 10.5,1,0.01,5,True,sports_fees_v3,0.05,1,True,0.15,True,50,4.5,1000,1000,0.0,0,0,1791050400213,,0.01,5,,,0.0,0.0,0.0,0.0,0.0,,0.0,,,,,,2026-10-03T18:26:23.386227+00:00
1122530,Curitiba (Doubles): Kestelboim/Zormann vs Miguel/Ribeiro,atp-doubles,Curitiba,doubles,in_play,26.4,,,0x2edfbf049c97511b12dcce0c9c409f06525a850503ce088050bac1143b629037,tennis_match_totals,Curitiba (Doubles): Kestelboim/Zormann vs Miguel/Ribeiro Match O/U 21.5,1,0.01,5,True,sports_fees_v3,0.05,1,True,0.15,True,50,4.5,1000,1000,0.0,0,0,1791051603580,,0.01,5,,,0.0,0.0,0.0,0.0,0.0,,0.0,,,,,,2026-10-03T18:26:23.386227+00:00
1122530,Curitiba (Doubles): Kestelboim/Zormann vs Miguel/Ribeiro,atp-doubles,Curitiba,doubles,in_play,26.4,,,0xa2f0f95765d7de8f4d979b80ac67d99bc2f7ce50de4293694f6fad9db8bdded0,tennis_match_totals,Curitiba (Doubles): Kestelboim/Zormann vs Miguel/Ribeiro Match O/U 22.5,1,0.01,5,True,sports_fees_v3,0.05,1,True,0.15,True,50,4.5,1000,1000,0.0,0,0,1791051603580,,0.01,5,,,0.0,0.0,0.0,0.0,0.0,,0.0,,,,,,2026-10-03T18:26:23.386227+00:00
1122530,Curitiba (Doubles): Kestelboim/Zormann vs Miguel/Ribeiro,atp-doubles,Curitiba,doubles,in_play,26.4,,,0x04bf648e18caea01050c5786c94d0e5c2f2c311043105f061f273c86116607f9,tennis_match_totals,Curitiba (Doubles): Kestelboim/Zormann vs Miguel/Ribeiro Match O/U 23.5,1,0.01,5,True,sports_fees_v3,0.05,1,True,0.15,True,50,4.5,1000,1000,0.0,0,0,1791051603580,,0.01,5,,,0.0,0.0,0.0,0.0,0.0,,0.0,,,,,,2026-10-03T18:26:23.386227+00:00
1122530,Curitiba (Doubles): Kestelboim/Zormann vs Miguel/Ribeiro,atp-doubles,Curitiba,doubles,in_play,26.4,,,0xc3b9dccef434da6d08a88e14b6d2cf65fe7bf93236735eb65a51667f21971628,tennis_set_handicap,Curitiba (Doubles): Kestelboim/Zormann vs Miguel/Ribeiro Set Handicap +/-1.5,1,0.01,5,True,sports_fees_v3,0.05,1,True,0.15,True,50,4.5,1000,1000,0.0,0,0,1791051603580,,0.01,5,,,0.0,0.0,0.0,0.0,0.0,,0.0,,,,,,2026-10-03T18:26:23.386227+00:00
1122530,Curitiba (Doubles): Kestelboim/Zormann vs Miguel/Ribeiro,atp-doubles,Curitiba,doubles,in_play,26.4,,,0xcb3101dcd6ac5ffcc7db9f5c535f6ba3ee46ca9e72b0ef0f04904c6113816508,tennis_set_handicap,Curitiba (Doubles): Kestelboim/Zormann vs Miguel/Ribeiro Set Handicap +/-1.5,1,0.01,5,True,sports_fees_v3,0.05,1,True,0.15,True,50,4.5,1000,1000,0.0,0,0,1791051603580,,0.01,5,,,0.0,0.0,0.0,0.0,0.0,,0.0,,,,,,2026-10-03T18:26:23.386227+00:00
1122149,"W15 Nashville, TN: Merna Refaat vs Rose Marie Nijkamp",itf,"W15 Nashville, TN",itf,in_play,26.4,,,0x89d7ec656c659d03a1b326706ebfb9e1dedcdab54e5089622ebb0acd5e01a269,tennis_completed_match,Completed Match,1,0.01,5,True,sports_fees_v3,0.05,1,True,0.15,True,50,4.5,1000,1000,560.0,3,0,1791050567010,0.970,0.01,5,0.03,,55.55,0.0,1.6664999999999999,0.0,0.0,,4.9997,,,,,,2026-10-03T18:26:23.386227+00:00
1122149,"W15 Nashville, TN: Merna Refaat vs Rose Marie Nijkamp",itf,"W15 Nashville, TN",itf,in_play,26.4,,,0x3a84b05c0e90c4614631d3bf46337ee8f5041f145d8a03a6ff234f9d78869320,tennis_first_set_winner,"W15 Nashville, TN: Merna Refaat vs Rose Marie Nijkamp Set 1 Winner",1,0.01,5,True,sports_fees_v3,0.05,1,True,0.15,True,50,4.5,1000,1000,0.0,0,0,1791051601458,,0.01,5,,,0.0,0.0,0.0,0.0,0.0,,0.0,,,,,,2026-10-03T18:26:23.386227+00:00
1122149,"W15 Nashville, TN: Merna Refaat vs Rose Marie Nijkamp",itf,"W15 Nashville, TN",itf,in_play,26.4,,,0x009c8cb05e7561b6c5237a8806ab893f510a2ef7dc5a3ed18c3a60ff82c5bfc3,tennis_set_winner,"W15 Nashville, TN: Merna Refaat vs Rose Marie Nijkamp Set 2 Winner",1,0.01,5,True,sports_fees_v3,0.05,1,True,0.15,True,50,4.5,1000,1000,0.0,0,0,1791050403830,,0.01,5,,,0.0,0.0,0.0,0.0,0.0,,0.0,,,,,,2026-10-03T18:26:23.386227+00:00
1122149,"W15 Nashville, TN: Merna Refaat vs Rose Marie Nijkamp",itf,"W15 Nashville, TN",itf,in_play,26.4,,,0x96182588dea819bb44bccd17fc0304db209a7c6db5e76efbd1d81429f8095c70,tennis_set_totals,"W15 Nashville, TN: Merna Refaat vs Rose Marie Nijkamp Total Sets: O/U 2.5",1,0.01,5,True,sports_fees_v3,0.05,1,True,0.15,True,50,4.5,1000,1000,0.0,0,0,1791051601458,,0.01,5,,,0.0,0.0,0.0,0.0,0.0,,0.0,,,,,,2026-10-03T18:26:23.386227+00:00
1122149,"W15 Nashville, TN: Merna Refaat vs Rose Marie Nijkamp",itf,"W15 Nashville, TN",itf,in_play,26.4,,,0xc93abda2b40c6bec3c19b4779f5fd029d065a85b295e350e67a06ebae107b361,tennis_first_set_totals,"W15 Nashville, TN: Merna Refaat vs Rose Marie Nijkamp Set 1 O/U 8.5",1,0.01,5,True,sports_fees_v3,0.05,1,True,0.15,True,50,4.5,1000,1000,0.0,0,0,1791050401883,,0.01,5,,,0.0,0.0,0.0,0.0,0.0,,0.0,,,,,,2026-10-03T18:26:23.386227+00:00
1122149,"W15 Nashville, TN: Merna Refaat vs Rose Marie Nijkamp",itf,"W15 Nashville, TN",itf,in_play,26.4,,,0x9d68e0250a9ec1016e49d61a0b8f92400a0596fd9acca707be03466048e23c43,tennis_first_set_totals,"W15 Nashville, TN: Merna Refaat vs Rose Marie Nijkamp Set 1 O/U 9.5",1,0.01,5,True,sports_fees_v3,0.05,1,True,0.15,True,50,4.5,1000,1000,0.0,0,0,1791050400959,,0.01,5,,,0.0,0.0,0.0,0.0,0.0,,0.0,,,,,,2026-10-03T18:26:23.386227+00:00
1122149,"W15 Nashville, TN: Merna Refaat vs Rose Marie Nijkamp",itf,"W15 Nashville, TN",itf,in_play,26.4,,,0x3f744f7e13f1178272fc491a5509146c61c3b4b805e931b042ecd89eb4f7cf29,tennis_first_set_totals,"W15 Nashville, TN: Merna Refaat vs Rose Marie Nijkamp Set 1 O/U 10.5",1,0.01,5,True,sports_fees_v3,0.05,1,True,0.15,True,50,4.5,1000,1000,0.0,0,0,1791050402920,,0.01,5,,,0.0,0.0,0.0,0.0,0.0,,0.0,,,,,,2026-10-03T18:26:23.386227+00:00
1122149,"W15 Nashville, TN: Merna Refaat vs Rose Marie Nijkamp",itf,"W15 Nashville, TN",itf,in_play,26.4,,,0x80e86d00fc99aa2225d0522ddf209e55e262319b491e7ad8d989dc76b712dc82,tennis_set_games_totals,"W15 Nashville, TN: Merna Refaat vs Rose Marie Nijkamp Set 2 O/U 8.5",1,0.01,5,True,sports_fees_v3,0.05,1,True,0.15,True,50,4.5,1000,1000,0.0,0,0,1791050401398,,0.01,5,,,0.0,0.0,0.0,0.0,0.0,,0.0,,,,,,2026-10-03T18:26:23.386227+00:00
1122149,"W15 Nashville, TN: Merna Refaat vs Rose Marie Nijkamp",itf,"W15 Nashville, TN",itf,in_play,26.4,,,0x18b78d96aa7e826c3034d6abb964de768a502822248fd73bad68ae46724ff44c,tennis_set_games_totals,"W15 Nashville, TN: Merna Refaat vs Rose Marie Nijkamp Set 2 O/U 9.5",1,0.01,5,True,sports_fees_v3,0.05,1,True,0.15,True,50,4.5,1000,1000,0.0,0,0,1791050403734,,0.01,5,,,0.0,0.0,0.0,0.0,0.0,,0.0,,,,,,2026-10-03T18:26:23.386227+00:00
1122149,"W15 Nashville, TN: Merna Refaat vs Rose Marie Nijkamp",itf,"W15 Nashville, TN",itf,in_play,26.4,,,0x2e3bcb412df1e3288fcb601754a047f935fdf32d42f9dc7199ca3882162f9d78,tennis_set_games_totals,"W15 Nashville, TN: Merna Refaat vs Rose Marie Nijkamp Set 2 O/U 10.5",1,0.01,5,True,sports_fees_v3,0.05,1,True,0.15,True,50,4.5,1000,1000,0.0,0,0,1791050400292,,0.01,5,,,0.0,0.0,0.0,0.0,0.0,,0.0,,,,,,2026-10-03T18:26:23.386227+00:00
1122149,"W15 Nashville, TN: Merna Refaat vs Rose Marie Nijkamp",itf,"W15 Nashville, TN",itf,in_play,26.4,,,0x1406839f13cfe4e2af32d8d3b05112d4216aad2ae30adf9edbc11708064d0a22,tennis_match_totals,"W15 Nashville, TN: Merna Refaat vs Rose Marie Nijkamp Match O/U 21.5",1,0.01,5,True,sports_fees_v3,0.05,1,True,0.15,True,50,4.5,1000,1000,0.0,0,0,1791051601458,,0.01,5,,,0.0,0.0,0.0,0.0,0.0,,0.0,,,,,,2026-10-03T18:26:23.386227+00:00
1122149,"W15 Nashville, TN: Merna Refaat vs Rose Marie Nijkamp",itf,"W15 Nashville, TN",itf,in_play,26.4,,,0xcb609638a044d9434150d42de6eb6ebd8c55e8f2cde8225db6711e04cc923c33,tennis_match_totals,"W15 Nashville, TN: Merna Refaat vs Rose Marie Nijkamp Match O/U 22.5",1,0.01,5,True,sports_fees_v3,0.05,1,True,0.15,True,50,4.5,1000,1000,0.0,0,0,1791051601458,,0.01,5,,,0.0,0.0,0.0,0.0,0.0,,0.0,,,,,,2026-10-03T18:26:23.386227+00:00
1122149,"W15 Nashville, TN: Merna Refaat vs Rose Marie Nijkamp",itf,"W15 Nashville, TN",itf,in_play,26.4,,,0x7621528ad4705c5e932d20e530832064e42a990438ea478d1feafc36987948db,tennis_match_totals,"W15 Nashville, TN: Merna Refaat vs Rose Marie Nijkamp Match O/U 23.5",1,0.01,5,True,sports_fees_v3,0.05,1,True,0.15,True,50,4.5,1000,1000,0.0,0,0,1791051601458,,0.01,5,,,0.0,0.0,0.0,0.0,0.0,,0.0,,,,,,2026-10-03T18:26:23.386227+00:00
1122149,"W15 Nashville, TN: Merna Refaat vs Rose Marie Nijkamp",itf,"W15 Nashville, TN",itf,in_play,26.4,,,0xd71364edb3ac4e7d68193daa161f8a49d8adc62bf5e3084c8264dc8b6d4dd38f,tennis_set_handicap,"W15 Nashville, TN: Merna Refaat vs Rose Marie Nijkamp Set Handicap +/-1.5",1,0.01,5,True,sports_fees_v3,0.05,1,True,0.15,True,50,4.5,1000,1000,0.0,0,0,1791051601458,,0.01,5,,,0.0,0.0,0.0,0.0,0.0,,0.0,,,,,,2026-10-03T18:26:23.386227+00:00
1122149,"W15 Nashville, TN: Merna Refaat vs Rose Marie Nijkamp",itf,"W15 Nashville, TN",itf,in_play,26.4,,,0x182af6f647ba95e0b6bfe71243c7121eb60af21f85c898be84b8229e2e42b7f0,tennis_set_handicap,"W15 Nashville, TN: Merna Refaat vs Rose Marie Nijkamp Set Handicap +/-1.5",1,0.01,5,True,sports_fees_v3,0.05,1,True,0.15,True,50,4.5,1000,1000,0.0,0,0,1791051601458,,0.01,5,,,0.0,0.0,0.0,0.0,0.0,,0.0,,,,,,2026-10-03T18:26:23.386227+00:00
1122148,W15 Trelew: Ana Sofia Sanchez vs Luciana Moyano,itf,W15 Trelew,itf,in_play,86.4,,,0x34b0f1f42538c3895ac77bbb4c15857329863090704fec642cec8cedf74a8aa5,tennis_completed_match,Completed Match,1,0.01,5,True,sports_fees_v3,0.05,1,True,0.15,True,50,4.5,1000,1000,1160.0,4,0,1791047556745,0.960,0.01,5,0.04,,50.0,0.0,2.0,0.0,0.0,,6.9997,,,,,,2026-10-03T18:26:23.386227+00:00
1122148,W15 Trelew: Ana Sofia Sanchez vs Luciana Moyano,itf,W15 Trelew,itf,in_play,86.4,,,0x27565aa9641c027a707a5ec8715f2f713157bcd443d2fd952f2a1c552df98c5b,tennis_first_set_winner,W15 Trelew: Ana Sofia Sanchez vs Luciana Moyano Set 1 Winner,1,0.01,5,True,sports_fees_v3,0.05,1,True,0.15,True,50,4.5,1000,1000,0.0,0,0,1791048009641,,0.01,5,,,0.0,0.0,0.0,0.0,0.0,,0.0,,,,,,2026-10-03T18:26:23.386227+00:00
1122148,W15 Trelew: Ana Sofia Sanchez vs Luciana Moyano,itf,W15 Trelew,itf,in_play,86.4,,,0x6701908c9bc330763cfc42fe0a0f87e2b127d55971252a0c45a0273026689b91,tennis_set_winner,W15 Trelew: Ana Sofia Sanchez vs Luciana Moyano Set 2 Winner,1,0.01,5,True,sports_fees_v3,0.05,1,True,0.15,True,50,4.5,1000,1000,0.0,0,0,1791046800056,,0.01,5,,,0.0,0.0,0.0,0.0,0.0,,0.0,,,,,,2026-10-03T18:26:23.386227+00:00
1122148,W15 Trelew: Ana Sofia Sanchez vs Luciana Moyano,itf,W15 Trelew,itf,in_play,86.4,,,0xb80867e13fe868da95b13a212e186f029e653b55d0839a93d0d53b5256246f87,tennis_set_totals,W15 Trelew: Ana Sofia Sanchez vs Luciana Moyano Total Sets: O/U 2.5,1,0.01,5,True,sports_fees_v3,0.05,1,True,0.15,True,50,4.5,1000,1000,0.0,0,0,1791048009641,,0.01,5,,,0.0,0.0,0.0,0.0,0.0,,0.0,,,,,,2026-10-03T18:26:23.386227+00:00
1122148,W15 Trelew: Ana Sofia Sanchez vs Luciana Moyano,itf,W15 Trelew,itf,in_play,86.4,,,0x7ec60388e6b254ab41b41a7076b1f32efbbef63ac853c47ab3f2962c38f1953e,tennis_first_set_totals,W15 Trelew: Ana Sofia Sanchez vs Luciana Moyano Set 1 O/U 8.5,1,0.01,5,True,sports_fees_v3,0.05,1,True,0.15,True,50,4.5,1000,1000,0.0,0,0,1791046801020,,0.01,5,,,0.0,0.0,0.0,0.0,0.0,,0.0,,,,,,2026-10-03T18:26:23.386227+00:00
1122148,W15 Trelew: Ana Sofia Sanchez vs Luciana Moyano,itf,W15 Trelew,itf,in_play,86.4,,,0x1ebfc65ca2471faec749614e61bc4b47d1af80e2769950d10b3d42ac668adfdf,tennis_first_set_totals,W15 Trelew: Ana Sofia Sanchez vs Luciana Moyano Set 1 O/U 9.5,1,0.01,5,True,sports_fees_v3,0.05,1,True,0.15,True,50,4.5,1000,1000,0.0,0,0,1791046800163,,0.01,5,,,0.0,0.0,0.0,0.0,0.0,,0.0,,,,,,2026-10-03T18:26:23.386227+00:00
1122148,W15 Trelew: Ana Sofia Sanchez vs Luciana Moyano,itf,W15 Trelew,itf,in_play,86.4,,,0x96a57ad46168079f608f4e22be746870f17c5420cacedcd71f843669cc7011be,tennis_first_set_totals,W15 Trelew: Ana Sofia Sanchez vs Luciana Moyano Set 1 O/U 10.5,1,0.01,5,True,sports_fees_v3,0.05,1,True,0.15,True,50,4.5,1000,1000,0.0,0,0,1791046800130,,0.01,5,,,0.0,0.0,0.0,0.0,0.0,,0.0,,,,,,2026-10-03T18:26:23.386227+00:00
1122148,W15 Trelew: Ana Sofia Sanchez vs Luciana Moyano,itf,W15 Trelew,itf,in_play,86.4,,,0x0e02d1bb5c1784e400a2535de40470fbe58059d8fe25ba735bed30b6201853f9,tennis_set_games_totals,W15 Trelew: Ana Sofia Sanchez vs Luciana Moyano Set 2 O/U 8.5,1,0.01,5,True,sports_fees_v3,0.05,1,True,0.15,True,50,4.5,1000,1000,0.0,0,0,1791046800336,,0.01,5,,,0.0,0.0,0.0,0.0,0.0,,0.0,,,,,,2026-10-03T18:26:23.386227+00:00
1122148,W15 Trelew: Ana Sofia Sanchez vs Luciana Moyano,itf,W15 Trelew,itf,in_play,86.4,,,0x57824563ef4505e19f27ace77ae62a1ab2b1c0db5fd1db15b6642203e697ffb7,tennis_set_games_totals,W15 Trelew: Ana Sofia Sanchez vs Luciana Moyano Set 2 O/U 9.5,1,0.01,5,True,sports_fees_v3,0.05,1,True,0.15,True,50,4.5,1000,1000,0.0,0,0,1791046800010,,0.01,5,,,0.0,0.0,0.0,0.0,0.0,,0.0,,,,,,2026-10-03T18:26:23.386227+00:00
1122148,W15 Trelew: Ana Sofia Sanchez vs Luciana Moyano,itf,W15 Trelew,itf,in_play,86.4,,,0xf7e10a859ab00cac5fa0ab486d45c876d4a8fa84ae3a2d4c33398af7935f80f3,tennis_set_games_totals,W15 Trelew: Ana Sofia Sanchez vs Luciana Moyano Set 2 O/U 10.5,1,0.01,5,True,sports_fees_v3,0.05,1,True,0.15,True,50,4.5,1000,1000,0.0,0,0,1791046801011,,0.01,5,,,0.0,0.0,0.0,0.0,0.0,,0.0,,,,,,2026-10-03T18:26:23.386227+00:00
1122148,W15 Trelew: Ana Sofia Sanchez vs Luciana Moyano,itf,W15 Trelew,itf,in_play,86.4,,,0x47524dff7f35100fdb02f4687c123a98c69b59af40df26c4ee3e99cb4871b9f9,tennis_match_totals,W15 Trelew: Ana Sofia Sanchez vs Luciana Moyano Match O/U 21.5,1,0.01,5,True,sports_fees_v3,0.05,1,True,0.15,True,50,4.5,1000,1000,0.0,0,0,1791048009641,,0.01,5,,,0.0,0.0,0.0,0.0,0.0,,0.0,,,,,,2026-10-03T18:26:23.386227+00:00
1122148,W15 Trelew: Ana Sofia Sanchez vs Luciana Moyano,itf,W15 Trelew,itf,in_play,86.4,,,0x39a243e38c406a3b1dd76eebbca8e09febf1a3ebff9e52bf1966bc4ca164b4f9,tennis_match_totals,W15 Trelew: Ana Sofia Sanchez vs Luciana Moyano Match O/U 22.5,1,0.01,5,True,sports_fees_v3,0.05,1,True,0.15,True,50,4.5,1000,1000,0.0,0,0,1791048009641,,0.01,5,,,0.0,0.0,0.0,0.0,0.0,,0.0,,,,,,2026-10-03T18:26:23.386227+00:00
1122148,W15 Trelew: Ana Sofia Sanchez vs Luciana Moyano,itf,W15 Trelew,itf,in_play,86.4,,,0xbebdfffbc8fbea0958e0497de5bceb0381dcc3534c66d3e234c18693d33c1163,tennis_match_totals,W15 Trelew: Ana Sofia Sanchez vs Luciana Moyano Match O/U 23.5,1,0.01,5,True,sports_fees_v3,0.05,1,True,0.15,True,50,4.5,1000,1000,0.0,0,0,1791048009641,,0.01,5,,,0.0,0.0,0.0,0.0,0.0,,0.0,,,,,,2026-10-03T18:26:23.386227+00:00
1122148,W15 Trelew: Ana Sofia Sanchez vs Luciana Moyano,itf,W15 Trelew,itf,in_play,86.4,,,0xc50633b0fe4123deeef4411cfdcd43e3aae76573afc0595801a68b55d2cb8497,tennis_set_handicap,W15 Trelew: Ana Sofia Sanchez vs Luciana Moyano Set Handicap +/-1.5,1,0.01,5,True,sports_fees_v3,0.05,1,True,0.15,True,50,4.5,1000,1000,0.0,0,0,1791048009641,,0.01,5,,,0.0,0.0,0.0,0.0,0.0,,0.0,,,,,,2026-10-03T18:26:23.386227+00:00
1122148,W15 Trelew: Ana Sofia Sanchez vs Luciana Moyano,itf,W15 Trelew,itf,in_play,86.4,,,0x2d1416068326bbe288156b55daf91cc6e9636c9be971b913ad09c5bfa078d6c2,tennis_set_handicap,W15 Trelew: Ana Sofia Sanchez vs Luciana Moyano Set Handicap +/-1.5,1,0.01,5,True,sports_fees_v3,0.05,1,True,0.15,True,50,4.5,1000,1000,0.0,0,0,1791048009641,,0.01,5,,,0.0,0.0,0.0,0.0,0.0,,0.0,,,,,,2026-10-03T18:26:23.386227+00:00
1122147,W15 Trelew: Leyla Fiorella Britez Risso vs Maria Florencia Urrutia,itf,W15 Trelew,itf,in_play,146.4,,,0xefa088114158f947f0539af630648677dd6fcafb08584943cb162a11695a0e3c,tennis_completed_match,Completed Match,1,0.001,5,True,sports_fees_v3,0.05,1,True,0.15,True,50,4.5,1000,1000,260.0,6,0,1791051918014,0.970,0.001,5,0.999,,106.0,0.0,105.894,0.0,0.0,,373.7937,,,,,,2026-10-03T18:26:23.386227+00:00
1122147,W15 Trelew: Leyla Fiorella Britez Risso vs Maria Florencia Urrutia,itf,W15 Trelew,itf,in_play,146.4,,,0x8d17bbb957f6209abde59d1c1199af1414278f8edf409687a92efc09f760d8bb,tennis_first_set_winner,W15 Trelew: Leyla Fiorella Britez Risso vs Maria Florencia Urrutia Set 1 Winner,1,0.001,5,True,sports_fees_v3,0.05,1,True,0.15,True,50,4.5,1000,1000,0.0,4,0,1791051954067,,0.001,5,0.99,,5.0,0.0,4.95,0.0,0.0,,179.6962,,,,,,2026-10-03T18:26:23.386227+00:00
1122147,W15 Trelew: Leyla Fiorella Britez Risso vs Maria Florencia Urrutia,itf,W15 Trelew,itf,in_play,146.4,,,0xcbe09b466ab14b382e85bfb77d15d756b76656f4ee6b78e31b543bab7a1ca81a,tennis_set_winner,W15 Trelew: Leyla Fiorella Britez Risso vs Maria Florencia Urrutia Set 2 Winner,1,0.001,5,True,sports_fees_v3,0.05,1,True,0.15,True,50,4.5,1000,1000,0.0,5,0,1791051941688,,0.001,5,0.991,,30.8,0.0,30.5228,0.0,0.0,,3685.1189999999997,,,,,,2026-10-03T18:26:23.386227+00:00
1122147,W15 Trelew: Leyla Fiorella Britez Risso vs Maria Florencia Urrutia,itf,W15 Trelew,itf,in_play,146.4,,,0x5f2023e6649ca4879cb0b4c2cd80504dd31297ca1467b89181503cfde2783c73,tennis_set_totals,W15 Trelew: Leyla Fiorella Britez Risso vs Maria Florencia Urrutia Total Sets: O/U 2.5,1,0.001,5,True,sports_fees_v3,0.05,1,True,0.15,True,50,4.5,1000,1000,0.0,0,2,1791051918017,,0.001,5,,0.01,0.0,3510.0,0.0,3474.9,35.1,,1080.1,,,,,,2026-10-03T18:26:23.386227+00:00
1122147,W15 Trelew: Leyla Fiorella Britez Risso vs Maria Florencia Urrutia,itf,W15 Trelew,itf,in_play,146.4,,,0x5e71260ba1e27e1a783a0838c45dbea3b705d06830e53c3daae5dbcce0c34a54,tennis_first_set_totals,W15 Trelew: Leyla Fiorella Britez Risso vs Maria Florencia Urrutia Set 1 O/U 8.5,1,0.001,5,True,sports_fees_v3,0.05,1,True,0.15,True,50,4.5,1000,1000,0.0,3,0,1791051918062,,0.001,5,0.08,,62.5,0.0,5.0,0.0,0.0,,60.35,,,,,,2026-10-03T18:26:23.386227+00:00
1122147,W15 Trelew: Leyla Fiorella Britez Risso vs Maria Florencia Urrutia,itf,W15 Trelew,itf,in_play,146.4,,,0xbed87d23c10e1e5e4e519ff24a529a71cf7eba81a6f7ae039d34c0639af021ad,tennis_first_set_totals,W15 Trelew: Leyla Fiorella Britez Risso vs Maria Florencia Urrutia Set 1 O/U 9.5,1,0.001,5,True,sports_fees_v3,0.05,1,True,0.15,True,50,4.5,1000,1000,0.0,2,0,1791051918015,,0.001,5,0.06,,5.0,0.0,0.3,0.0,0.0,,55.3,,,,,,2026-10-03T18:26:23.386227+00:00
1122147,W15 Trelew: Leyla Fiorella Britez Risso vs Maria Florencia Urrutia,itf,W15 Trelew,itf,in_play,146.4,,,0xa8a708b04b148476037abb0ef728abdb24cd842ff3d3ccd4b96ad6cd60ee17d8,tennis_first_set_totals,W15 Trelew: Leyla Fiorella Britez Risso vs Maria Florencia Urrutia Set 1 O/U 10.5,1,0.001,5,True,sports_fees_v3,0.05,1,True,0.15,True,50,4.5,1000,1000,0.0,2,0,1791051918016,,0.001,5,0.07,,5.0,0.0,0.35000000000000003,0.0,0.0,,55.35,,,,,,2026-10-03T18:26:23.386227+00:00
1122147,W15 Trelew: Leyla Fiorella Britez Risso vs Maria Florencia Urrutia,itf,W15 Trelew,itf,in_play,146.4,,,0xf5b27e69fe9c9546f4ca6230ea9e376bbcc6283a27182cd8ef3ee83000e4fca0,tennis_set_games_totals,W15 Trelew: Leyla Fiorella Britez Risso vs Maria Florencia Urrutia Set 2 O/U 8.5,1,0.001,5,True,sports_fees_v3,0.05,1,True,0.15,True,50,4.5,1000,1000,0.0,0,2,1791051918016,,0.001,5,,0.01,0.0,3515.0,0.0,3479.85,35.15,,1080.15,,,,,,2026-10-03T18:26:23.386227+00:00
1122147,W15 Trelew: Leyla Fiorella Britez Risso vs Maria Florencia Urrutia,itf,W15 Trelew,itf,in_play,146.4,,,0x05f3f6c9554a105b8195ea16c9cd294b0b9605638001272ddf5755e1930c94f0,tennis_set_games_totals,W15 Trelew: Leyla Fiorella Britez Risso vs Maria Florencia Urrutia Set 2 O/U 9.5,1,0.001,5,True,sports_fees_v3,0.05,1,True,0.15,True,50,4.5,1000,1000,0.0,0,2,1791051918014,,0.001,5,,0.01,0.0,3515.0,0.0,3479.85,35.15,,1080.15,,,,,,2026-10-03T18:26:23.386227+00:00
1122147,W15 Trelew: Leyla Fiorella Britez Risso vs Maria Florencia Urrutia,itf,W15 Trelew,itf,in_play,146.4,,,0x98c3f4eb4b8622d6d1f53f05b937e77f8545856cfacd6d8a9f2209e74ee0427d,tennis_set_games_totals,W15 Trelew: Leyla Fiorella Britez Risso vs Maria Florencia Urrutia Set 2 O/U 10.5,1,0.001,5,True,sports_fees_v3,0.05,1,True,0.15,True,50,4.5,1000,1000,0.0,0,2,1791051918017,,0.001,5,,0.01,0.0,3515.0,0.0,3479.85,35.15,,1080.15,,,,,,2026-10-03T18:26:23.386227+00:00
1122147,W15 Trelew: Leyla Fiorella Britez Risso vs Maria Florencia Urrutia,itf,W15 Trelew,itf,in_play,146.4,,,0x8d57af51d965db61cb67112189b49c49bf468431c66fb0c70b84398f84feaf42,tennis_match_totals,W15 Trelew: Leyla Fiorella Britez Risso vs Maria Florencia Urrutia Match O/U 21.5,1,0.001,5,True,sports_fees_v3,0.05,1,True,0.15,True,50,4.5,1000,1000,0.0,0,2,1791051918014,,0.001,5,,0.01,0.0,3510.0,0.0,3474.9,35.1,,1080.1,,,,,,2026-10-03T18:26:23.386227+00:00
1122147,W15 Trelew: Leyla Fiorella Britez Risso vs Maria Florencia Urrutia,itf,W15 Trelew,itf,in_play,146.4,,,0xfc06daecb4be6cdb0bd8804066b2be95bc927364efb6e9781a967d35de3c23da,tennis_match_totals,W15 Trelew: Leyla Fiorella Britez Risso vs Maria Florencia Urrutia Match O/U 22.5,1,0.001,5,True,sports_fees_v3,0.05,1,True,0.15,True,50,4.5,1000,1000,0.0,0,2,1791051918014,,0.001,5,,0.01,0.0,3510.0,0.0,3474.9,35.1,,1080.1,,,,,,2026-10-03T18:26:23.386227+00:00
1122147,W15 Trelew: Leyla Fiorella Britez Risso vs Maria Florencia Urrutia,itf,W15 Trelew,itf,in_play,146.4,,,0xd4f05daadaf982966ec4643bf6211a45e0fbb371d85dec9ae4b9c7a26db9ebc6,tennis_match_totals,W15 Trelew: Leyla Fiorella Britez Risso vs Maria Florencia Urrutia Match O/U 23.5,1,0.001,5,True,sports_fees_v3,0.05,1,True,0.15,True,50,4.5,1000,1000,0.0,0,2,1791051918017,,0.001,5,,0.01,0.0,3510.0,0.0,3474.9,35.1,,1080.1,,,,,,2026-10-03T18:26:23.386227+00:00
1122147,W15 Trelew: Leyla Fiorella Britez Risso vs Maria Florencia Urrutia,itf,W15 Trelew,itf,in_play,146.4,,,0x12dd9c7403fadcbfb1c2eeed71f52200096df380fa5ab848c61992195c535e3e,tennis_set_handicap,W15 Trelew: Leyla Fiorella Britez Risso vs Maria Florencia Urrutia Set Handicap +/-1.5,1,0.001,5,True,sports_fees_v3,0.05,1,True,0.15,True,50,4.5,1000,1000,1.851852,5,0,1791051953280,0.460,0.001,5,0.991,,77.0,0.0,76.307,0.0,0.0,,2666.574,,,,,,2026-10-03T18:26:23.386227+00:00
1122147,W15 Trelew: Leyla Fiorella Britez Risso vs Maria Florencia Urrutia,itf,W15 Trelew,itf,in_play,146.4,,,0x9f2db94f9d807a194647585262936f1ed08e2e47f769bb2fd965036d3d6c85ad,tennis_set_handicap,W15 Trelew: Leyla Fiorella Britez Risso vs Maria Florencia Urrutia Set Handicap +/-1.5,1,0.001,5,True,sports_fees_v3,0.05,1,True,0.15,True,50,4.5,1000,1000,0.0,0,5,1791051939810,,0.001,5,,0.009,0.0,77.0,0.0,76.307,0.693,,101887.426,,,,,,2026-10-03T18:26:23.386227+00:00
1122150,"W15 Nashville, TN: Ashton Bowers vs Astra Sharma",itf,"W15 Nashville, TN",itf,in_play,26.4,,,0x2e15e774ac056cc0ba51427ee4489c557b1f95fd8e1f9b7e9d6ee8efcc8171ba,tennis_completed_match,Completed Match,1,0.01,5,True,sports_fees_v3,0.05,1,True,0.15,True,50,4.5,1000,1000,660.0,3,0,1791050567973,0.960,0.01,5,0.03,,55.55,0.0,1.6664999999999999,0.0,0.0,,4.9997,,,,,,2026-10-03T18:26:23.386227+00:00
1122150,"W15 Nashville, TN: Ashton Bowers vs Astra Sharma",itf,"W15 Nashville, TN",itf,in_play,26.4,,,0xdeff7e12ee005d25ef8805f35ada149f5f81bed9daf8669e07abc55a3a8f9edb,tennis_first_set_winner,"W15 Nashville, TN: Ashton Bowers vs Astra Sharma Set 1 Winner",1,0.01,5,True,sports_fees_v3,0.05,1,True,0.15,True,50,4.5,1000,1000,0.0,0,0,1791051601764,,0.01,5,,,0.0,0.0,0.0,0.0,0.0,,0.0,,,,,,2026-10-03T18:26:23.386227+00:00
1122150,"W15 Nashville, TN: Ashton Bowers vs Astra Sharma",itf,"W15 Nashville, TN",itf,in_play,26.4,,,0xbbc91fd5eb4aaca6c5ab40a69ae1276952019e491a57daa77ca5458746f878fb,tennis_set_winner,"W15 Nashville, TN: Ashton Bowers vs Astra Sharma Set 2 Winner",1,0.01,5,True,sports_fees_v3,0.05,1,True,0.15,True,50,4.5,1000,1000,0.0,0,0,1791050402849,,0.01,5,,,0.0,0.0,0.0,0.0,0.0,,0.0,,,,,,2026-10-03T18:26:23.386227+00:00
1122150,"W15 Nashville, TN: Ashton Bowers vs Astra Sharma",itf,"W15 Nashville, TN",itf,in_play,26.4,,,0xee36ff4a178ee5c1ea8bb94af9d2902ee9436ee38ff9a4973ac4520cdf204868,tennis_set_totals,"W15 Nashville, TN: Ashton Bowers vs Astra Sharma Total Sets: O/U 2.5",1,0.01,5,True,sports_fees_v3,0.05,1,True,0.15,True,50,4.5,1000,1000,0.0,0,0,1791051601764,,0.01,5,,,0.0,0.0,0.0,0.0,0.0,,0.0,,,,,,2026-10-03T18:26:23.386227+00:00
1122150,"W15 Nashville, TN: Ashton Bowers vs Astra Sharma",itf,"W15 Nashville, TN",itf,in_play,26.4,,,0xb932340998ddf59c67f8b3ff3715a828173adc3320169965af2508efc52b27c0,tennis_first_set_totals,"W15 Nashville, TN: Ashton Bowers vs Astra Sharma Set 1 O/U 8.5",1,0.01,5,True,sports_fees_v3,0.05,1,True,0.15,True,50,4.5,1000,1000,0.0,0,0,1791050403795,,0.01,5,,,0.0,0.0,0.0,0.0,0.0,,0.0,,,,,,2026-10-03T18:26:23.386227+00:00
1122150,"W15 Nashville, TN: Ashton Bowers vs Astra Sharma",itf,"W15 Nashville, TN",itf,in_play,26.4,,,0xdfcd23feec489762dcb51e06165221e3b932b7c737734bfc45db2a96c3e48059,tennis_first_set_totals,"W15 Nashville, TN: Ashton Bowers vs Astra Sharma Set 1 O/U 9.5",1,0.01,5,True,sports_fees_v3,0.05,1,True,0.15,True,50,4.5,1000,1000,0.0,0,0,1791050400904,,0.01,5,,,0.0,0.0,0.0,0.0,0.0,,0.0,,,,,,2026-10-03T18:26:23.386227+00:00
1122150,"W15 Nashville, TN: Ashton Bowers vs Astra Sharma",itf,"W15 Nashville, TN",itf,in_play,26.4,,,0x2f72e88fcfd7dbb0878543119fb159835c7521ee7e9d75e4c7a02f2a8337bcc6,tennis_first_set_totals,"W15 Nashville, TN: Ashton Bowers vs Astra Sharma Set 1 O/U 10.5",1,0.01,5,True,sports_fees_v3,0.05,1,True,0.15,True,50,4.5,1000,1000,0.0,0,0,1791050403569,,0.01,5,,,0.0,0.0,0.0,0.0,0.0,,0.0,,,,,,2026-10-03T18:26:23.386227+00:00
1122150,"W15 Nashville, TN: Ashton Bowers vs Astra Sharma",itf,"W15 Nashville, TN",itf,in_play,26.4,,,0x9cbebb5c471f4a84983a7a00313975ccd46398299c2c06185459138169a2d4ab,tennis_set_games_totals,"W15 Nashville, TN: Ashton Bowers vs Astra Sharma Set 2 O/U 8.5",1,0.01,5,True,sports_fees_v3,0.05,1,True,0.15,True,50,4.5,1000,1000,0.0,0,0,1791050402279,,0.01,5,,,0.0,0.0,0.0,0.0,0.0,,0.0,,,,,,2026-10-03T18:26:23.386227+00:00
1122150,"W15 Nashville, TN: Ashton Bowers vs Astra Sharma",itf,"W15 Nashville, TN",itf,in_play,26.4,,,0x764cb2a88c71fdc14294ece18b861987ef084d4ad3c0892e5595855b31da04e6,tennis_set_games_totals,"W15 Nashville, TN: Ashton Bowers vs Astra Sharma Set 2 O/U 9.5",1,0.01,5,True,sports_fees_v3,0.05,1,True,0.15,True,50,4.5,1000,1000,0.0,0,0,1791050402025,,0.01,5,,,0.0,0.0,0.0,0.0,0.0,,0.0,,,,,,2026-10-03T18:26:23.386227+00:00
1122150,"W15 Nashville, TN: Ashton Bowers vs Astra Sharma",itf,"W15 Nashville, TN",itf,in_play,26.4,,,0xa7e00fe1f124a7bef606629d8222dcaefd2128f0fd4c69c8441e5e0ad6760303,tennis_set_games_totals,"W15 Nashville, TN: Ashton Bowers vs Astra Sharma Set 2 O/U 10.5",1,0.01,5,True,sports_fees_v3,0.05,1,True,0.15,True,50,4.5,1000,1000,0.0,0,0,1791050401555,,0.01,5,,,0.0,0.0,0.0,0.0,0.0,,0.0,,,,,,2026-10-03T18:26:23.386227+00:00
1122150,"W15 Nashville, TN: Ashton Bowers vs Astra Sharma",itf,"W15 Nashville, TN",itf,in_play,26.4,,,0xd75dc60ed796a621127dd4868199710cc5d4bff3bf8510bf5aa4adbd35142e15,tennis_match_totals,"W15 Nashville, TN: Ashton Bowers vs Astra Sharma Match O/U 21.5",1,0.01,5,True,sports_fees_v3,0.05,1,True,0.15,True,50,4.5,1000,1000,0.0,0,0,1791051601764,,0.01,5,,,0.0,0.0,0.0,0.0,0.0,,0.0,,,,,,2026-10-03T18:26:23.386227+00:00
1122150,"W15 Nashville, TN: Ashton Bowers vs Astra Sharma",itf,"W15 Nashville, TN",itf,in_play,26.4,,,0x0e35fdde172b037d1f548b78f2e5c1fddcb581e1b568ad49e761c5a96f2fbe7d,tennis_match_totals,"W15 Nashville, TN: Ashton Bowers vs Astra Sharma Match O/U 22.5",1,0.01,5,True,sports_fees_v3,0.05,1,True,0.15,True,50,4.5,1000,1000,0.0,0,0,1791051601764,,0.01,5,,,0.0,0.0,0.0,0.0,0.0,,0.0,,,,,,2026-10-03T18:26:23.386227+00:00
1122150,"W15 Nashville, TN: Ashton Bowers vs Astra Sharma",itf,"W15 Nashville, TN",itf,in_play,26.4,,,0xc6ff1b2febc240c88b0bfb36d793cec70d6c882bb925363a7fbf0674e2a1d8ed,tennis_match_totals,"W15 Nashville, TN: Ashton Bowers vs Astra Sharma Match O/U 23.5",1,0.01,5,True,sports_fees_v3,0.05,1,True,0.15,True,50,4.5,1000,1000,0.0,0,0,1791051601764,,0.01,5,,,0.0,0.0,0.0,0.0,0.0,,0.0,,,,,,2026-10-03T18:26:23.386227+00:00
1122150,"W15 Nashville, TN: Ashton Bowers vs Astra Sharma",itf,"W15 Nashville, TN",itf,in_play,26.4,,,0xb57e1ecf784d24283abf371f5cb753aa62af5f8e8b17e79246c36c23127e9cae,tennis_set_handicap,"W15 Nashville, TN: Ashton Bowers vs Astra Sharma Set Handicap +/-1.5",1,0.01,5,True,sports_fees_v3,0.05,1,True,0.15,True,50,4.5,1000,1000,0.0,0,0,1791051601764,,0.01,5,,,0.0,0.0,0.0,0.0,0.0,,0.0,,,,,,2026-10-03T18:26:23.386227+00:00
1122150,"W15 Nashville, TN: Ashton Bowers vs Astra Sharma",itf,"W15 Nashville, TN",itf,in_play,26.4,,,0xe4b96b9eacef5c4e0e83f1742fe9f4934d36705838b44f7b62edc27c4381f993,tennis_set_handicap,"W15 Nashville, TN: Ashton Bowers vs Astra Sharma Set Handicap +/-1.5",1,0.01,5,True,sports_fees_v3,0.05,1,True,0.15,True,50,4.5,1000,1000,0.0,0,0,1791051601764,,0.01,5,,,0.0,0.0,0.0,0.0,0.0,,0.0,,,,,,2026-10-03T18:26:23.386227+00:00
1122096,"M15 Fayetteville, AR: Theo Papamalamis vs Alexander Rozin",itf,"M15 Fayetteville, AR",itf,in_play,206.4,,,0xf46a17842cee05f089a2a4fc0f3abd809a6b992691e7404ba33405e203ad8551,tennis_completed_match,Completed Match,1,0.001,5,True,sports_fees_v3,0.05,1,True,0.15,True,50,4.5,1000,1000,0.0,5,0,1791050341815,,0.001,5,0.99,,210.0,0.0,207.9,0.0,0.0,,267.8997,,,,,,2026-10-03T18:26:23.386227+00:00
1122096,"M15 Fayetteville, AR: Theo Papamalamis vs Alexander Rozin",itf,"M15 Fayetteville, AR",itf,in_play,206.4,,,0x07f535bda332086ff855585a3a661aeced83a6d151370cd387198f0effeb5b9c,tennis_first_set_winner,"M15 Fayetteville, AR: Theo Papamalamis vs Alexander Rozin Set 1 Winner",1,0.001,5,True,sports_fees_v3,0.05,1,True,0.15,True,50,4.5,1000,1000,0.0,4,0,1791051970410,,0.001,5,0.99,,5.0,0.0,4.95,0.0,0.0,,179.6962,,,,,,2026-10-03T18:26:23.386227+00:00
1122096,"M15 Fayetteville, AR: Theo Papamalamis vs Alexander Rozin",itf,"M15 Fayetteville, AR",itf,in_play,206.4,,,0xdd2a70d5dedf42836333f5568b19dfb998686d6aaccfc7beb32255dd5fe8c021,tennis_set_winner,"M15 Fayetteville, AR: Theo Papamalamis vs Alexander Rozin Set 2 Winner",1,0.001,5,True,sports_fees_v3,0.05,1,True,0.15,True,50,4.5,1000,1000,0.0,5,0,1791051964701,,0.001,5,0.991,,30.8,0.0,30.5228,0.0,0.0,,3685.1189999999997,,,,,,2026-10-03T18:26:23.386227+00:00
1122096,"M15 Fayetteville, AR: Theo Papamalamis vs Alexander Rozin",itf,"M15 Fayetteville, AR",itf,in_play,206.4,,,0xd0ea97e569de9da796847ea4cac2629e945c9b83891f8a75d633189ed330eac5,tennis_set_totals,"M15 Fayetteville, AR: Theo Papamalamis vs Alexander Rozin Total Sets: O/U 2.5",1,0.001,5,True,sports_fees_v3,0.05,1,True,0.15,True,50,4.5,1000,1000,0.0,0,2,1791050061834,,0.001,5,,0.01,0.0,3510.0,0.0,3474.9,35.1,,1080.1,,,,,,2026-10-03T18:26:23.386227+00:00
1122096,"M15 Fayetteville, AR: Theo Papamalamis vs Alexander Rozin",itf,"M15 Fayetteville, AR",itf,in_play,206.4,,,0x66561fc1dec8594a2fc592d38259d2a8fd4ea8337e6e8eb2f94d1bc2e109abcb,tennis_first_set_totals,"M15 Fayetteville, AR: Theo Papamalamis vs Alexander Rozin Set 1 O/U 8.5",1,0.001,5,True,sports_fees_v3,0.05,1,True,0.15,True,50,4.5,1000,1000,0.0,2,0,1791049789115,,0.001,5,0.99,,5.0,0.0,4.95,0.0,0.0,,59.95,,,,,,2026-10-03T18:26:23.386227+00:00
1122096,"M15 Fayetteville, AR: Theo Papamalamis vs Alexander Rozin",itf,"M15 Fayetteville, AR",itf,in_play,206.4,,,0x0f5a00b08e75fbffc111f711a9343e0edc99807bd16ce22ec8294512fc8f7025,tennis_first_set_totals,"M15 Fayetteville, AR: Theo Papamalamis vs Alexander Rozin Set 1 O/U 9.5",1,0.001,5,True,sports_fees_v3,0.05,1,True,0.15,True,50,4.5,1000,1000,0.0,0,2,1791049789115,,0.001,5,,0.01,0.0,5.0,0.0,4.95,0.05,,1045.05,,,,,,2026-10-03T18:26:23.386227+00:00
1122096,"M15 Fayetteville, AR: Theo Papamalamis vs Alexander Rozin",itf,"M15 Fayetteville, AR",itf,in_play,206.4,,,0xe43cd0e516938170cbbf931282d99167f7bc0fa7306d8476cbbee9f3a2d24e2e,tennis_first_set_totals,"M15 Fayetteville, AR: Theo Papamalamis vs Alexander Rozin Set 1 O/U 10.5",1,0.001,5,True,sports_fees_v3,0.05,1,True,0.15,True,50,4.5,1000,1000,0.0,0,2,1791050771266,,0.001,5,,0.01,0.0,5.0,0.0,4.95,0.05,,1045.05,,,,,,2026-10-03T18:26:23.386227+00:00
1122096,"M15 Fayetteville, AR: Theo Papamalamis vs Alexander Rozin",itf,"M15 Fayetteville, AR",itf,in_play,206.4,,,0x6a2806c2b8995d1f25d835fedaff1b7221e24a50cfb9b00b2862ad142b1df818,tennis_set_games_totals,"M15 Fayetteville, AR: Theo Papamalamis vs Alexander Rozin Set 2 O/U 8.5",1,0.001,5,True,sports_fees_v3,0.05,1,True,0.15,True,50,4.5,1000,1000,0.0,0,2,1791050571371,,0.001,5,,0.01,0.0,3515.0,0.0,3479.85,35.15,,1080.15,,,,,,2026-10-03T18:26:23.386227+00:00
1122096,"M15 Fayetteville, AR: Theo Papamalamis vs Alexander Rozin",itf,"M15 Fayetteville, AR",itf,in_play,206.4,,,0x38db9c25673ba97e78e07253ead2c3b6531b47867f1c0e5a56b8ee687852355b,tennis_set_games_totals,"M15 Fayetteville, AR: Theo Papamalamis vs Alexander Rozin Set 2 O/U 9.5",1,0.001,5,True,sports_fees_v3,0.05,1,True,0.15,True,50,4.5,1000,1000,0.0,0,2,1791050571371,,0.001,5,,0.01,0.0,3515.0,0.0,3479.85,35.15,,1080.15,,,,,,2026-10-03T18:26:23.386227+00:00
1122096,"M15 Fayetteville, AR: Theo Papamalamis vs Alexander Rozin",itf,"M15 Fayetteville, AR",itf,in_play,206.4,,,0x77b27fc6f3a238c95d08ed9c46040a539c63726eb5a7b4ea3d773a68a90ec282,tennis_set_games_totals,"M15 Fayetteville, AR: Theo Papamalamis vs Alexander Rozin Set 2 O/U 10.5",1,0.001,5,True,sports_fees_v3,0.05,1,True,0.15,True,50,4.5,1000,1000,0.0,0,2,1791050571371,,0.001,5,,0.01,0.0,3515.0,0.0,3479.85,35.15,,1080.15,,,,,,2026-10-03T18:26:23.386227+00:00
1122096,"M15 Fayetteville, AR: Theo Papamalamis vs Alexander Rozin",itf,"M15 Fayetteville, AR",itf,in_play,206.4,,,0x9f881da73f68b2c184c820c46b751f8cf01516affd846f90a6cc698b3f0cbf6c,tennis_match_totals,"M15 Fayetteville, AR: Theo Papamalamis vs Alexander Rozin Match O/U 21.5",1,0.001,5,True,sports_fees_v3,0.05,1,True,0.15,True,50,4.5,1000,1000,25.0,0,4,1791050072366,0.530,0.001,5,,0.001,0.0,25.0,0.0,24.975,0.025,,1112.875,,,,,,2026-10-03T18:26:23.386227+00:00
1122096,"M15 Fayetteville, AR: Theo Papamalamis vs Alexander Rozin",itf,"M15 Fayetteville, AR",itf,in_play,206.4,,,0x849b3a41e39902402d38694a8b83bd965947dc98db79feeed1aa01f01cd09d5c,tennis_match_totals,"M15 Fayetteville, AR: Theo Papamalamis vs Alexander Rozin Match O/U 22.5",1,0.001,5,True,sports_fees_v3,0.05,1,True,0.15,True,50,4.5,1000,1000,0.0,0,3,1791050072327,,0.001,5,,0.01,0.0,3510.0,0.0,3474.9,35.1,,1112.85,,,,,,2026-10-03T18:26:23.386227+00:00
1122096,"M15 Fayetteville, AR: Theo Papamalamis vs Alexander Rozin",itf,"M15 Fayetteville, AR",itf,in_play,206.4,,,0x9b3b17a5395b5f01dafe6665b60aaf975bb8964fce74f73fb2720b0ad68d01de,tennis_match_totals,"M15 Fayetteville, AR: Theo Papamalamis vs Alexander Rozin Match O/U 23.5",1,0.001,5,True,sports_fees_v3,0.05,1,True,0.15,True,50,4.5,1000,1000,0.0,0,3,1791050076936,,0.001,5,,0.01,0.0,3510.0,0.0,3474.9,35.1,,1112.85,,,,,,2026-10-03T18:26:23.386227+00:00
1122096,"M15 Fayetteville, AR: Theo Papamalamis vs Alexander Rozin",itf,"M15 Fayetteville, AR",itf,in_play,206.4,,,0xee0fb50db47b17666b13d5633c684df2b58244d3b02606c952f0e35041d96f2c,tennis_set_handicap,"M15 Fayetteville, AR: Theo Papamalamis vs Alexander Rozin Set Handicap +/-1.5",1,0.001,5,True,sports_fees_v3,0.05,1,True,0.15,True,50,4.5,1000,1000,0.0,7,0,1791051932372,,0.001,5,0.991,,77.0,0.0,76.307,0.0,0.0,,2851.1890000000003,,,,,,2026-10-03T18:26:23.386227+00:00
1122096,"M15 Fayetteville, AR: Theo Papamalamis vs Alexander Rozin",itf,"M15 Fayetteville, AR",itf,in_play,206.4,,,0xb24144c0089be2c9593d610d0bdc719caea72ae7ad47654fecb2341d52421f4c,tennis_set_handicap,"M15 Fayetteville, AR: Theo Papamalamis vs Alexander Rozin Set Handicap +/-1.5",1,0.001,5,True,sports_fees_v3,0.05,1,True,0.15,True,50,4.5,1000,1000,0.0,0,7,1791051971046,,0.001,5,,0.009,0.0,77.0,0.0,76.307,0.693,,101948.811,,,,,,2026-10-03T18:26:23.386227+00:00
1122094,"M15 Fayetteville, AR: Jonah Braswell vs Dominick Mosejczuk",itf,"M15 Fayetteville, AR",itf,in_play,146.4,,,0x33f77dfd6e9b24b190880aecd30dcf29f16139a3709d57de8255c8423118b552,tennis_completed_match,Completed Match,1,0.01,5,True,sports_fees_v3,0.05,1,True,0.15,True,50,4.5,1000,1000,1300.0,3,0,1791045300914,0.970,0.01,5,0.03,,55.55,0.0,1.6664999999999999,0.0,0.0,,7.999700000000001,,,,,,2026-10-03T18:26:23.386227+00:00
1122094,"M15 Fayetteville, AR: Jonah Braswell vs Dominick Mosejczuk",itf,"M15 Fayetteville, AR",itf,in_play,146.4,,,0xfebdb5c73fd17e9503aee3903b5c835c622016570c42a4c7ddade936906f42a8,tennis_first_set_winner,"M15 Fayetteville, AR: Jonah Braswell vs Dominick Mosejczuk Set 1 Winner",1,0.01,5,True,sports_fees_v3,0.05,1,True,0.15,True,50,4.5,1000,1000,0.0,1,0,1791051958665,,0.01,5,0.99,,3525.0,0.0,3489.75,0.0,0.0,,3489.75,,,,,,2026-10-03T18:26:23.386227+00:00
1122094,"M15 Fayetteville, AR: Jonah Braswell vs Dominick Mosejczuk",itf,"M15 Fayetteville, AR",itf,in_play,146.4,,,0xbbbd2b91b37c7c25290e72042daaa84a8458be4122078d5132942e3d01227abb,tennis_set_winner,"M15 Fayetteville, AR: Jonah Braswell vs Dominick Mosejczuk Set 2 Winner",1,0.01,5,True,sports_fees_v3,0.05,1,True,0.15,True,50,4.5,1000,1000,0.0,0,0,1791043204709,,0.01,5,,,0.0,0.0,0.0,0.0,0.0,,0.0,,,,,,2026-10-03T18:26:23.386227+00:00
1122094,"M15 Fayetteville, AR: Jonah Braswell vs Dominick Mosejczuk",itf,"M15 Fayetteville, AR",itf,in_play,146.4,,,0xa466a5dba6982f2cd9080e22da9a34b8f4ac9bd7b77f74bbdf64a8245de4e243,tennis_set_totals,"M15 Fayetteville, AR: Jonah Braswell vs Dominick Mosejczuk Total Sets: O/U 2.5",1,0.01,5,True,sports_fees_v3,0.05,1,True,0.15,True,50,4.5,1000,1000,0.0,0,0,1791044451240,,0.01,5,,,0.0,0.0,0.0,0.0,0.0,,0.0,,,,,,2026-10-03T18:26:23.386227+00:00
1122094,"M15 Fayetteville, AR: Jonah Braswell vs Dominick Mosejczuk",itf,"M15 Fayetteville, AR",itf,in_play,146.4,,,0x0f08fb913b80a52e029ef37e5d717a9cfd72f7283abd811f2f97ea7922d26719,tennis_first_set_totals,"M15 Fayetteville, AR: Jonah Braswell vs Dominick Mosejczuk Set 1 O/U 8.5",1,0.01,5,True,sports_fees_v3,0.05,1,True,0.15,True,50,4.5,1000,1000,0.0,0,1,1791051958665,,0.01,5,,0.01,0.0,3525.0,0.0,3489.75,35.25,,35.25,,,,,,2026-10-03T18:26:23.386227+00:00
1122094,"M15 Fayetteville, AR: Jonah Braswell vs Dominick Mosejczuk",itf,"M15 Fayetteville, AR",itf,in_play,146.4,,,0x5f343327c4f585d71cf0ab2d894f859f9b30d820cd635eb9e5bbb1327e2a9039,tennis_first_set_totals,"M15 Fayetteville, AR: Jonah Braswell vs Dominick Mosejczuk Set 1 O/U 9.5",1,0.01,5,True,sports_fees_v3,0.05,1,True,0.15,True,50,4.5,1000,1000,0.0,0,1,1791051958681,,0.01,5,,0.01,0.0,3525.0,0.0,3489.75,35.25,,35.25,,,,,,2026-10-03T18:26:23.386227+00:00
1122094,"M15 Fayetteville, AR: Jonah Braswell vs Dominick Mosejczuk",itf,"M15 Fayetteville, AR",itf,in_play,146.4,,,0xcb127222af9c3605addafb66e3e8ee766bb4ecdce5ed3bdfc8132c3348b36811,tennis_first_set_totals,"M15 Fayetteville, AR: Jonah Braswell vs Dominick Mosejczuk Set 1 O/U 10.5",1,0.01,5,True,sports_fees_v3,0.05,1,True,0.15,True,50,4.5,1000,1000,0.0,0,1,1791051958916,,0.01,5,,0.01,0.0,3525.0,0.0,3489.75,35.25,,35.25,,,,,,2026-10-03T18:26:23.386227+00:00
1122094,"M15 Fayetteville, AR: Jonah Braswell vs Dominick Mosejczuk",itf,"M15 Fayetteville, AR",itf,in_play,146.4,,,0xf6f5db0b8d2ee824ef40d5782e79e8c24ca15c84e724974f7e65b47d9c6a747e,tennis_set_games_totals,"M15 Fayetteville, AR: Jonah Braswell vs Dominick Mosejczuk Set 2 O/U 8.5",1,0.01,5,True,sports_fees_v3,0.05,1,True,0.15,True,50,4.5,1000,1000,0.0,0,0,1791043206586,,0.01,5,,,0.0,0.0,0.0,0.0,0.0,,0.0,,,,,,2026-10-03T18:26:23.386227+00:00
1122094,"M15 Fayetteville, AR: Jonah Braswell vs Dominick Mosejczuk",itf,"M15 Fayetteville, AR",itf,in_play,146.4,,,0x5099b3530b98bd99dac4bfc4fef76822180a9186f836a7a14a267501ed7001df,tennis_set_games_totals,"M15 Fayetteville, AR: Jonah Braswell vs Dominick Mosejczuk Set 2 O/U 9.5",1,0.01,5,True,sports_fees_v3,0.05,1,True,0.15,True,50,4.5,1000,1000,0.0,0,0,1791043207097,,0.01,5,,,0.0,0.0,0.0,0.0,0.0,,0.0,,,,,,2026-10-03T18:26:23.386227+00:00
1122094,"M15 Fayetteville, AR: Jonah Braswell vs Dominick Mosejczuk",itf,"M15 Fayetteville, AR",itf,in_play,146.4,,,0xedf6ed8691bab40c15de0db7749437ac594a1aca2c9bc1c3cd0efc93a6907212,tennis_set_games_totals,"M15 Fayetteville, AR: Jonah Braswell vs Dominick Mosejczuk Set 2 O/U 10.5",1,0.01,5,True,sports_fees_v3,0.05,1,True,0.15,True,50,4.5,1000,1000,0.0,0,0,1791043200233,,0.01,5,,,0.0,0.0,0.0,0.0,0.0,,0.0,,,,,,2026-10-03T18:26:23.386227+00:00
1122094,"M15 Fayetteville, AR: Jonah Braswell vs Dominick Mosejczuk",itf,"M15 Fayetteville, AR",itf,in_play,146.4,,,0xa832a49a9258df7d2e12fb7436c950a7367e906b41739745a6aed3b717120e15,tennis_match_totals,"M15 Fayetteville, AR: Jonah Braswell vs Dominick Mosejczuk Match O/U 21.5",1,0.01,5,True,sports_fees_v3,0.05,1,True,0.15,True,50,4.5,1000,1000,0.0,0,0,1791044438468,,0.01,5,,,0.0,0.0,0.0,0.0,0.0,,0.0,,,,,,2026-10-03T18:26:23.386227+00:00
1122094,"M15 Fayetteville, AR: Jonah Braswell vs Dominick Mosejczuk",itf,"M15 Fayetteville, AR",itf,in_play,146.4,,,0x003e26d1c31ae50396a497fc3125e0a08dae3fd86aaaf551605dac43f9b2eeb7,tennis_match_totals,"M15 Fayetteville, AR: Jonah Braswell vs Dominick Mosejczuk Match O/U 22.5",1,0.01,5,True,sports_fees_v3,0.05,1,True,0.15,True,50,4.5,1000,1000,0.0,0,0,1791044438882,,0.01,5,,,0.0,0.0,0.0,0.0,0.0,,0.0,,,,,,2026-10-03T18:26:23.386227+00:00
1122094,"M15 Fayetteville, AR: Jonah Braswell vs Dominick Mosejczuk",itf,"M15 Fayetteville, AR",itf,in_play,146.4,,,0x153ec61025782fd3dfdf7f19dffc25dbddecb1e08d4fd8d2875b8613579bcae3,tennis_match_totals,"M15 Fayetteville, AR: Jonah Braswell vs Dominick Mosejczuk Match O/U 23.5",1,0.01,5,True,sports_fees_v3,0.05,1,True,0.15,True,50,4.5,1000,1000,0.0,0,0,1791044439758,,0.01,5,,,0.0,0.0,0.0,0.0,0.0,,0.0,,,,,,2026-10-03T18:26:23.386227+00:00
1122094,"M15 Fayetteville, AR: Jonah Braswell vs Dominick Mosejczuk",itf,"M15 Fayetteville, AR",itf,in_play,146.4,,,0xe9d00b3c1de72ec0a653ac0b879e556af29507c63b9837115910570b164cb266,tennis_set_handicap,"M15 Fayetteville, AR: Jonah Braswell vs Dominick Mosejczuk Set Handicap +/-1.5",1,0.01,5,True,sports_fees_v3,0.05,1,True,0.15,True,50,4.5,1000,1000,0.0,0,0,1791044437258,,0.01,5,,,0.0,0.0,0.0,0.0,0.0,,0.0,,,,,,2026-10-03T18:26:23.386227+00:00
1122094,"M15 Fayetteville, AR: Jonah Braswell vs Dominick Mosejczuk",itf,"M15 Fayetteville, AR",itf,in_play,146.4,,,0x9d30c50e54578f0a3489c429edf06a018e62582421260fa5480bb79474c661fa,tennis_set_handicap,"M15 Fayetteville, AR: Jonah Braswell vs Dominick Mosejczuk Set Handicap +/-1.5",1,0.01,5,True,sports_fees_v3,0.05,1,True,0.15,True,50,4.5,1000,1000,0.0,0,0,1791044437258,,0.01,5,,,0.0,0.0,0.0,0.0,0.0,,0.0,,,,,,2026-10-03T18:26:23.386227+00:00
1122095,"M15 Ann Arbor, MI: Naoto Tomizawa vs Max Dahlin",itf,"M15 Ann Arbor, MI",itf,in_play,206.4,,,0xdbe4ad86f1db95b4ed2005aac7972f0e822c5f7ca541da154dafa127ea1dfd44,tennis_completed_match,Completed Match,1,0.001,5,True,sports_fees_v3,0.05,1,True,0.15,True,50,4.5,1000,1000,1100.0,6,0,1791048009181,0.990,0.001,5,0.999,,107.0,0.0,106.893,0.0,0.0,,374.7927,,,,,,2026-10-03T18:26:23.386227+00:00
1122095,"M15 Ann Arbor, MI: Naoto Tomizawa vs Max Dahlin",itf,"M15 Ann Arbor, MI",itf,in_play,206.4,,,0x05c7ff17bbd41e91b800cbb8516d24c6a02a4b0039079c1143d2e8744e2d2f41,tennis_set_winner,"M15 Ann Arbor, MI: Naoto Tomizawa vs Max Dahlin Set 2 Winner",1,0.001,5,True,sports_fees_v3,0.05,1,True,0.15,True,50,4.5,1000,1000,0.0,0,5,1791051980316,,0.001,5,,0.009,0.0,30.8,0.0,30.5228,0.2772,,101346.781,,,,,,2026-10-03T18:26:23.386227+00:00
1122095,"M15 Ann Arbor, MI: Naoto Tomizawa vs Max Dahlin",itf,"M15 Ann Arbor, MI",itf,in_play,206.4,,,0x4b55fb3b0f43cb835f9b00d88c93783f8063700193b25b926ce476ba65073e6f,tennis_set_totals,"M15 Ann Arbor, MI: Naoto Tomizawa vs Max Dahlin Total Sets: O/U 2.5",1,0.001,5,True,sports_fees_v3,0.05,1,True,0.15,True,50,4.5,1000,1000,0.0,0,2,1791046187461,,0.001,5,,0.01,0.0,3510.0,0.0,3474.9,35.1,,1080.1,,,,,,2026-10-03T18:26:23.386227+00:00
1122095,"M15 Ann Arbor, MI: Naoto Tomizawa vs Max Dahlin",itf,"M15 Ann Arbor, MI",itf,in_play,206.4,,,0x497a30b71cb67e83d912595b6b8ac319604134408af665dbb3e1e85f5ec18422,tennis_set_games_totals,"M15 Ann Arbor, MI: Naoto Tomizawa vs Max Dahlin Set 2 O/U 8.5",1,0.001,5,True,sports_fees_v3,0.05,1,True,0.15,True,50,4.5,1000,1000,0.0,2,0,1791049150311,,0.001,5,0.99,,3505.0,0.0,3469.95,0.0,0.0,,3524.95,,,,,,2026-10-03T18:26:23.386227+00:00
1122095,"M15 Ann Arbor, MI: Naoto Tomizawa vs Max Dahlin",itf,"M15 Ann Arbor, MI",itf,in_play,206.4,,,0x518c9779cfdf87b4feed162fcc708b670a58d75dfc1f5ac87e228d0aca094bb5,tennis_set_games_totals,"M15 Ann Arbor, MI: Naoto Tomizawa vs Max Dahlin Set 2 O/U 9.5",1,0.001,5,True,sports_fees_v3,0.05,1,True,0.15,True,50,4.5,1000,1000,0.0,0,2,1791049150311,,0.001,5,,0.01,0.0,3505.0,0.0,3469.95,35.050000000000004,,1080.05,,,,,,2026-10-03T18:26:23.386227+00:00
1122095,"M15 Ann Arbor, MI: Naoto Tomizawa vs Max Dahlin",itf,"M15 Ann Arbor, MI",itf,in_play,206.4,,,0x891bb6fe00e8fdc11dbf5d869fbd4053cd52824b28d56dc8cfe085057eb1fde8,tennis_set_games_totals,"M15 Ann Arbor, MI: Naoto Tomizawa vs Max Dahlin Set 2 O/U 10.5",1,0.001,5,True,sports_fees_v3,0.05,1,True,0.15,True,50,4.5,1000,1000,0.0,0,2,1791050771526,,0.001,5,,0.01,0.0,3505.0,0.0,3469.95,35.050000000000004,,1080.05,,,,,,2026-10-03T18:26:23.386227+00:00
1122095,"M15 Ann Arbor, MI: Naoto Tomizawa vs Max Dahlin",itf,"M15 Ann Arbor, MI",itf,in_play,206.4,,,0x4b4018aea37aee1c87c9d143877c47bdf9e27d86173f7d22bc55523ca2f9e503,tennis_match_totals,"M15 Ann Arbor, MI: Naoto Tomizawa vs Max Dahlin Match O/U 21.5",1,0.001,5,True,sports_fees_v3,0.05,1,True,0.15,True,50,4.5,1000,1000,0.0,0,2,1791046187394,,0.001,5,,0.01,0.0,3510.0,0.0,3474.9,35.1,,1080.1,,,,,,2026-10-03T18:26:23.386227+00:00
1122095,"M15 Ann Arbor, MI: Naoto Tomizawa vs Max Dahlin",itf,"M15 Ann Arbor, MI",itf,in_play,206.4,,,0x6186eea14d313e8971c09c92caf1a2b2f7c3dea076311ea03b713d74a4f5294e,tennis_match_totals,"M15 Ann Arbor, MI: Naoto Tomizawa vs Max Dahlin Match O/U 22.5",1,0.001,5,True,sports_fees_v3,0.05,1,True,0.15,True,50,4.5,1000,1000,0.0,0,2,1791046187436,,0.001,5,,0.01,0.0,3510.0,0.0,3474.9,35.1,,1080.1,,,,,,2026-10-03T18:26:23.386227+00:00
1122095,"M15 Ann Arbor, MI: Naoto Tomizawa vs Max Dahlin",itf,"M15 Ann Arbor, MI",itf,in_play,206.4,,,0x2f1d2c3fa2fdd478022b685bd0389cb810db284f882b86ba0fce7f06e2f8d04b,tennis_match_totals,"M15 Ann Arbor, MI: Naoto Tomizawa vs Max Dahlin Match O/U 23.5",1,0.001,5,True,sports_fees_v3,0.05,1,True,0.15,True,50,4.5,1000,1000,0.0,0,2,1791046187475,,0.001,5,,0.01,0.0,3510.0,0.0,3474.9,35.1,,1080.1,,,,,,2026-10-03T18:26:23.386227+00:00
1122095,"M15 Ann Arbor, MI: Naoto Tomizawa vs Max Dahlin",itf,"M15 Ann Arbor, MI",itf,in_play,206.4,,,0x84ad5ea7e5a3273795069e86078887a7404b92f760562c574a16cc3b415eb231,tennis_set_handicap,"M15 Ann Arbor, MI: Naoto Tomizawa vs Max Dahlin Set Handicap +/-1.5",1,0.001,5,True,sports_fees_v3,0.05,1,True,0.15,True,50,4.5,1000,1000,0.0,5,0,1791051978852,,0.001,5,0.991,,77.0,0.0,76.307,0.0,0.0,,2666.574,,,,,,2026-10-03T18:26:23.386227+00:00
1122093,"M15 Ann Arbor, MI: Hugo Coquelin vs Oliver Bonding",itf,"M15 Ann Arbor, MI",itf,in_play,206.4,,,0xc83bb1e5ff34f025a3229b20e5b358bed5c708f28a56fc4eab275d8b10e793e9,tennis_completed_match,Completed Match,1,0.001,5,True,sports_fees_v3,0.05,1,True,0.15,True,50,4.5,1000,1000,1540.0,20,0,1791049439661,0.999,0.001,5,0.99,,210.0,0.0,207.9,0.0,0.0,,3288.71608,,,,,,2026-10-03T18:26:23.386227+00:00
1122093,"M15 Ann Arbor, MI: Hugo Coquelin vs Oliver Bonding",itf,"M15 Ann Arbor, MI",itf,in_play,206.4,,,0xc9d1c39540fdfe7c5608367ea3e6fb23cf12adf32bbcba004099a78b8dc11e75,tennis_set_winner,"M15 Ann Arbor, MI: Hugo Coquelin vs Oliver Bonding Set 2 Winner",1,0.001,5,True,sports_fees_v3,0.05,1,True,0.15,True,50,4.5,1000,1000,0.0,0,5,1791051973972,,0.001,5,,0.009,0.0,30.8,0.0,30.5228,0.2772,,101346.781,,,,,,2026-10-03T18:26:23.386227+00:00
1122093,"M15 Ann Arbor, MI: Hugo Coquelin vs Oliver Bonding",itf,"M15 Ann Arbor, MI",itf,in_play,206.4,,,0xebcb3c781fcbebe12481d566a4e5a0097a34a3550dd951edc8b2bfbd6b132b05,tennis_set_totals,"M15 Ann Arbor, MI: Hugo Coquelin vs Oliver Bonding Total Sets: O/U 2.5",1,0.001,5,True,sports_fees_v3,0.05,1,True,0.15,True,50,4.5,1000,1000,0.0,0,2,1791048181079,,0.001,5,,0.01,0.0,3510.0,0.0,3474.9,35.1,,1080.1,,,,,,2026-10-03T18:26:23.386227+00:00
1122093,"M15 Ann Arbor, MI: Hugo Coquelin vs Oliver Bonding",itf,"M15 Ann Arbor, MI",itf,in_play,206.4,,,0x6cc504577254e1750334961e59225e83856f891f8b7ec5c01f8fd7d71038d821,tennis_set_games_totals,"M15 Ann Arbor, MI: Hugo Coquelin vs Oliver Bonding Set 2 O/U 8.5",1,0.001,5,True,sports_fees_v3,0.05,1,True,0.15,True,50,4.5,1000,1000,0.0,3,0,1791050514393,,0.001,5,0.99,,3500.0,0.0,3465.0,0.0,0.0,,3520.35,,,,,,2026-10-03T18:26:23.386227+00:00
1122093,"M15 Ann Arbor, MI: Hugo Coquelin vs Oliver Bonding",itf,"M15 Ann Arbor, MI",itf,in_play,206.4,,,0xf170016aa8d1e07f86391091448eeeb3e07a8373131608ab74f598e778ca96cd,tennis_set_games_totals,"M15 Ann Arbor, MI: Hugo Coquelin vs Oliver Bonding Set 2 O/U 9.5",1,0.001,5,True,sports_fees_v3,0.05,1,True,0.15,True,50,4.5,1000,1000,0.0,3,0,1791050516014,,0.001,5,0.99,,3500.0,0.0,3465.0,0.0,0.0,,3520.3,,,,,,2026-10-03T18:26:23.386227+00:00
1122093,"M15 Ann Arbor, MI: Hugo Coquelin vs Oliver Bonding",itf,"M15 Ann Arbor, MI",itf,in_play,206.4,,,0xdda7d8da632e0e1b42f45def25bd8484a9040d0edd836ca714d704f92eacff3e,tennis_set_games_totals,"M15 Ann Arbor, MI: Hugo Coquelin vs Oliver Bonding Set 2 O/U 10.5",1,0.001,5,True,sports_fees_v3,0.05,1,True,0.15,True,50,4.5,1000,1000,0.0,3,0,1791050514393,,0.001,5,0.99,,3500.0,0.0,3465.0,0.0,0.0,,3520.3,,,,,,2026-10-03T18:26:23.386227+00:00
1122093,"M15 Ann Arbor, MI: Hugo Coquelin vs Oliver Bonding",itf,"M15 Ann Arbor, MI",itf,in_play,206.4,,,0x0ac7dfd120045abbce2532da16b372e2cdb3f0e976c1b9cfc9e90b2445428fcb,tennis_match_totals,"M15 Ann Arbor, MI: Hugo Coquelin vs Oliver Bonding Match O/U 21.5",1,0.001,5,True,sports_fees_v3,0.05,1,True,0.15,True,50,4.5,1000,1000,0.0,0,3,1791048181065,,0.001,5,,0.01,0.0,3510.0,0.0,3474.9,35.1,,1112.85,,,,,,2026-10-03T18:26:23.386227+00:00
1122093,"M15 Ann Arbor, MI: Hugo Coquelin vs Oliver Bonding",itf,"M15 Ann Arbor, MI",itf,in_play,206.4,,,0xdd9b870574025fddfe5a7aeeb809eda3aacaada624b0fc3ade56033d842d4aff,tennis_match_totals,"M15 Ann Arbor, MI: Hugo Coquelin vs Oliver Bonding Match O/U 22.5",1,0.001,5,True,sports_fees_v3,0.05,1,True,0.15,True,50,4.5,1000,1000,0.0,0,3,1791050771312,,0.001,5,,0.01,0.0,3510.0,0.0,3474.9,35.1,,1112.85,,,,,,2026-10-03T18:26:23.386227+00:00
1122093,"M15 Ann Arbor, MI: Hugo Coquelin vs Oliver Bonding",itf,"M15 Ann Arbor, MI",itf,in_play,206.4,,,0xd3e04359b5fd2f80db3371fad2aff2ca73214e54da39078a716e0d3af9805a09,tennis_match_totals,"M15 Ann Arbor, MI: Hugo Coquelin vs Oliver Bonding Match O/U 23.5",1,0.001,5,True,sports_fees_v3,0.05,1,True,0.15,True,50,4.5,1000,1000,0.0,0,3,1791050771419,,0.001,5,,0.01,0.0,3510.0,0.0,3474.9,35.1,,1096.2,,,,,,2026-10-03T18:26:23.386227+00:00
1122093,"M15 Ann Arbor, MI: Hugo Coquelin vs Oliver Bonding",itf,"M15 Ann Arbor, MI",itf,in_play,206.4,,,0xc1ec5499a846e63c392510fbc3db20dbac0fde235c9fe7cd38405e3b17629b1c,tennis_set_handicap,"M15 Ann Arbor, MI: Hugo Coquelin vs Oliver Bonding Set Handicap +/-1.5",1,0.001,5,True,sports_fees_v3,0.05,1,True,0.15,True,50,4.5,1000,1000,0.0,6,0,1791051975589,,0.001,5,0.991,,77.0,0.0,76.307,0.0,0.0,,2765.474,,,,,,2026-10-03T18:26:23.386227+00:00
1121604,Adana (Doubles): Jakupovic/Salden vs Moratelli/Valdmannova,wta-doubles,Adana,doubles,in_play,206.4,True,0-0,0xb9736760b0ef3f1cee14e45c57d8cd0baac8ed0c403fe106f95337fef6d2ea3f,tennis_completed_match,Completed Match,1,0.01,5,True,sports_fees_v3,0.05,1,True,0.15,True,50,4.5,1000,1000,0.0,3,0,1791045236447,,0.01,5,0.03,,55.55,0.0,1.6664999999999999,0.0,0.0,,4.9997,,,,,,2026-10-03T18:26:23.386227+00:00
1121604,Adana (Doubles): Jakupovic/Salden vs Moratelli/Valdmannova,wta-doubles,Adana,doubles,in_play,206.4,True,0-0,0x2de6d1ea9abd3fbffb7cd70b44c6dd47419bb7fa21e82c346c92fa00a0f9df6f,tennis_first_set_winner,Adana (Doubles): Jakupovic/Salden vs Moratelli/Valdmannova Set 1 Winner,1,0.01,5,True,sports_fees_v3,0.05,1,True,0.15,True,50,4.5,1000,1000,0.0,0,0,1791040808829,,0.01,5,,,0.0,0.0,0.0,0.0,0.0,,0.0,,,,,,2026-10-03T18:26:23.386227+00:00
1121604,Adana (Doubles): Jakupovic/Salden vs Moratelli/Valdmannova,wta-doubles,Adana,doubles,in_play,206.4,True,0-0,0xc5b5311f3e27f1c7d09a6de3e76bf0474e5bb03a3f35862a43ea58eb258155d7,tennis_set_winner,Adana (Doubles): Jakupovic/Salden vs Moratelli/Valdmannova Set 2 Winner,1,0.01,5,True,sports_fees_v3,0.05,1,True,0.15,True,50,4.5,1000,1000,0.0,0,0,1791039600424,,0.01,5,,,0.0,0.0,0.0,0.0,0.0,,0.0,,,,,,2026-10-03T18:26:23.386227+00:00
1121604,Adana (Doubles): Jakupovic/Salden vs Moratelli/Valdmannova,wta-doubles,Adana,doubles,in_play,206.4,True,0-0,0x9b7c8f4ec0aa38813927b61c25c688b61ec853e289e26091b04fe89b05891ba2,tennis_set_totals,Adana (Doubles): Jakupovic/Salden vs Moratelli/Valdmannova Total Sets: O/U 2.5,1,0.01,5,True,sports_fees_v3,0.05,1,True,0.15,True,50,4.5,1000,1000,0.0,0,0,1791040808829,,0.01,5,,,0.0,0.0,0.0,0.0,0.0,,0.0,,,,,,2026-10-03T18:26:23.386227+00:00
1121604,Adana (Doubles): Jakupovic/Salden vs Moratelli/Valdmannova,wta-doubles,Adana,doubles,in_play,206.4,True,0-0,0x7e9348e9cee533eac1b3e858e9e1aa71151d34e4db92eacfc5f282f844c89d7a,tennis_first_set_totals,Adana (Doubles): Jakupovic/Salden vs Moratelli/Valdmannova Set 1 O/U 8.5,1,0.01,5,True,sports_fees_v3,0.05,1,True,0.15,True,50,4.5,1000,1000,0.0,3,0,1791051572821,,0.01,5,0.06,,5.0,0.0,0.3,0.0,0.0,,101.682,,,,,,2026-10-03T18:26:23.386227+00:00
1121604,Adana (Doubles): Jakupovic/Salden vs Moratelli/Valdmannova,wta-doubles,Adana,doubles,in_play,206.4,True,0-0,0x066ca0d3259f9424f8ed9220cf077223d532623af8ec21f6b268729e4e07eb1e,tennis_first_set_totals,Adana (Doubles): Jakupovic/Salden vs Moratelli/Valdmannova Set 1 O/U 9.5,1,0.01,5,True,sports_fees_v3,0.05,1,True,0.15,True,50,4.5,1000,1000,0.0,3,0,1791051873111,,0.01,5,0.06,,5.0,0.0,0.3,0.0,0.0,,101.682,,,,,,2026-10-03T18:26:23.386227+00:00
1121604,Adana (Doubles): Jakupovic/Salden vs Moratelli/Valdmannova,wta-doubles,Adana,doubles,in_play,206.4,True,0-0,0x4415a1c8a06560114f2848865f3f01a1f85fcb493b3463c821d326d0f6b93f2a,tennis_first_set_totals,Adana (Doubles): Jakupovic/Salden vs Moratelli/Valdmannova Set 1 O/U 10.5,1,0.01,5,True,sports_fees_v3,0.05,1,True,0.15,True,50,4.5,1000,1000,0.0,0,0,1791039600364,,0.01,5,,,0.0,0.0,0.0,0.0,0.0,,0.0,,,,,,2026-10-03T18:26:23.386227+00:00
1121604,Adana (Doubles): Jakupovic/Salden vs Moratelli/Valdmannova,wta-doubles,Adana,doubles,in_play,206.4,True,0-0,0x76ca2375163a108e8178ef6414b3b2770d7919f5eee421315e8f5935894d274e,tennis_set_games_totals,Adana (Doubles): Jakupovic/Salden vs Moratelli/Valdmannova Set 2 O/U 8.5,1,0.01,5,True,sports_fees_v3,0.05,1,True,0.15,True,50,4.5,1000,1000,0.0,0,0,1791039600529,,0.01,5,,,0.0,0.0,0.0,0.0,0.0,,0.0,,,,,,2026-10-03T18:26:23.386227+00:00
1121604,Adana (Doubles): Jakupovic/Salden vs Moratelli/Valdmannova,wta-doubles,Adana,doubles,in_play,206.4,True,0-0,0x81c9596c41027c3c30b900456be6d9397593df085ecc327bccd672fcc1abe73d,tennis_set_games_totals,Adana (Doubles): Jakupovic/Salden vs Moratelli/Valdmannova Set 2 O/U 9.5,1,0.01,5,True,sports_fees_v3,0.05,1,True,0.15,True,50,4.5,1000,1000,0.0,0,0,1791039600017,,0.01,5,,,0.0,0.0,0.0,0.0,0.0,,0.0,,,,,,2026-10-03T18:26:23.386227+00:00
1121604,Adana (Doubles): Jakupovic/Salden vs Moratelli/Valdmannova,wta-doubles,Adana,doubles,in_play,206.4,True,0-0,0x567c7eac7c7d1e74c5988673b3874bf48e41ffb5a9ee4e7776b6a0862ecfc23c,tennis_set_games_totals,Adana (Doubles): Jakupovic/Salden vs Moratelli/Valdmannova Set 2 O/U 10.5,1,0.01,5,True,sports_fees_v3,0.05,1,True,0.15,True,50,4.5,1000,1000,0.0,0,0,1791039600397,,0.01,5,,,0.0,0.0,0.0,0.0,0.0,,0.0,,,,,,2026-10-03T18:26:23.386227+00:00
1121604,Adana (Doubles): Jakupovic/Salden vs Moratelli/Valdmannova,wta-doubles,Adana,doubles,in_play,206.4,True,0-0,0x9059d3f44dfb9149d6f2b7e2b1988f11105e144ecc582a4afa9f39cbabd55750,tennis_match_totals,Adana (Doubles): Jakupovic/Salden vs Moratelli/Valdmannova Match O/U 21.5,1,0.01,5,True,sports_fees_v3,0.05,1,True,0.15,True,50,4.5,1000,1000,0.0,0,0,1791040808829,,0.01,5,,,0.0,0.0,0.0,0.0,0.0,,0.0,,,,,,2026-10-03T18:26:23.386227+00:00
1121604,Adana (Doubles): Jakupovic/Salden vs Moratelli/Valdmannova,wta-doubles,Adana,doubles,in_play,206.4,True,0-0,0x879ffd03b9004efa6ee4e6893b9033664cca502d3615a92d31ed821e0489f3da,tennis_match_totals,Adana (Doubles): Jakupovic/Salden vs Moratelli/Valdmannova Match O/U 22.5,1,0.01,5,True,sports_fees_v3,0.05,1,True,0.15,True,50,4.5,1000,1000,0.0,0,0,1791040808829,,0.01,5,,,0.0,0.0,0.0,0.0,0.0,,0.0,,,,,,2026-10-03T18:26:23.386227+00:00
1121604,Adana (Doubles): Jakupovic/Salden vs Moratelli/Valdmannova,wta-doubles,Adana,doubles,in_play,206.4,True,0-0,0x4bc5a0c484d06d793a8412fb183985b4ca91f78ba3a3c38623e56d03bee95c08,tennis_match_totals,Adana (Doubles): Jakupovic/Salden vs Moratelli/Valdmannova Match O/U 23.5,1,0.01,5,True,sports_fees_v3,0.05,1,True,0.15,True,50,4.5,1000,1000,0.0,0,0,1791040808829,,0.01,5,,,0.0,0.0,0.0,0.0,0.0,,0.0,,,,,,2026-10-03T18:26:23.386227+00:00
1121604,Adana (Doubles): Jakupovic/Salden vs Moratelli/Valdmannova,wta-doubles,Adana,doubles,in_play,206.4,True,0-0,0xb2f62a0b96951074ea544bbfb388603674a946f8a4866fb116e557e9603c4967,tennis_set_handicap,Adana (Doubles): Jakupovic/Salden vs Moratelli/Valdmannova Set Handicap +/-1.5,1,0.01,5,True,sports_fees_v3,0.05,1,True,0.15,True,50,4.5,1000,1000,0.0,0,0,1791040808829,,0.01,5,,,0.0,0.0,0.0,0.0,0.0,,0.0,,,,,,2026-10-03T18:26:23.386227+00:00
1121604,Adana (Doubles): Jakupovic/Salden vs Moratelli/Valdmannova,wta-doubles,Adana,doubles,in_play,206.4,True,0-0,0xf372d2f83a973c1b0c340e4f31a580932221c9fe47ee33923aebad78692fba50,tennis_set_handicap,Adana (Doubles): Jakupovic/Salden vs Moratelli/Valdmannova Set Handicap +/-1.5,1,0.01,5,True,sports_fees_v3,0.05,1,True,0.15,True,50,4.5,1000,1000,0.0,0,0,1791040808829,,0.01,5,,,0.0,0.0,0.0,0.0,0.0,,0.0,,,,,,2026-10-03T18:26:23.386227+00:00
1121567,Curitiba: Gustavo Heide vs Pedro Boscardin Dias,atp,Curitiba,challenger_other,in_play,11.4,,,0x4eecf5c527b1063bd08d3dbcc29c500e02ae88694cbd4de4118333ab4d113b55,tennis_completed_match,Completed Match,1,0.01,5,True,sports_fees_v3,0.05,1,True,0.15,True,50,4.5,1000,1000,0.0,3,0,1791051420956,,0.01,5,0.03,,55.55,0.0,1.6664999999999999,0.0,0.0,,4.9997,,,,,,2026-10-03T18:26:23.386227+00:00
1121567,Curitiba: Gustavo Heide vs Pedro Boscardin Dias,atp,Curitiba,challenger_other,in_play,11.4,,,0x39e81fcf5fcabd5ffc90267a717dfb74b1a6399c03f7fbff3bf58b05ec35ecbe,tennis_first_set_winner,Curitiba: Gustavo Heide vs Pedro Boscardin Dias Set 1 Winner,1,0.01,5,True,sports_fees_v3,0.05,1,True,0.15,True,50,4.5,1000,1000,0.0,0,5,1791051436778,,0.01,5,,0.76,0.0,330.0,0.0,79.2,250.8,,6047.610000000001,,,,,,2026-10-03T18:26:23.386227+00:00
1121567,Curitiba: Gustavo Heide vs Pedro Boscardin Dias,atp,Curitiba,challenger_other,in_play,11.4,,,0x3e032bfa9613fce400c598b4c2e5b4535908360dc254cfbac76255e803dd80b6,tennis_set_winner,Curitiba: Gustavo Heide vs Pedro Boscardin Dias Set 2 Winner,1,0.01,5,True,sports_fees_v3,0.05,1,True,0.15,True,50,4.5,1000,1000,0.0,0,0,1791045900317,,0.01,5,,,0.0,0.0,0.0,0.0,0.0,,0.0,,,,,,2026-10-03T18:26:23.386227+00:00
1121567,Curitiba: Gustavo Heide vs Pedro Boscardin Dias,atp,Curitiba,challenger_other,in_play,11.4,,,0x6579d9bae6879ebc0f82ebaf3695284d5688f7a997faef421db778c3ac6c1ef6,tennis_set_totals,Curitiba: Gustavo Heide vs Pedro Boscardin Dias Total Sets: O/U 2.5,1,0.01,5,True,sports_fees_v3,0.05,1,True,0.15,True,50,4.5,1000,1000,0.0,3,0,1791051325658,,0.01,5,0.3,,1736.0,0.0,520.8,0.0,0.0,,911.41,,,,,,2026-10-03T18:26:23.386227+00:00
1121567,Curitiba: Gustavo Heide vs Pedro Boscardin Dias,atp,Curitiba,challenger_other,in_play,11.4,,,0xc90728cba857a930267c799c35623e3902324dfcc678c76eb43e399f7dc8d7a3,tennis_first_set_totals,Curitiba: Gustavo Heide vs Pedro Boscardin Dias Set 1 O/U 8.5,1,0.01,5,True,sports_fees_v3,0.05,1,True,0.15,True,50,4.5,1000,1000,0.0,0,0,1791051300018,,0.01,5,,,0.0,0.0,0.0,0.0,0.0,,0.0,,,,,,2026-10-03T18:26:23.386227+00:00
1121567,Curitiba: Gustavo Heide vs Pedro Boscardin Dias,atp,Curitiba,challenger_other,in_play,11.4,,,0xd6d9d3e3cc874309976da92c2aebe74267bb04a41099bdc5c8de73ef6b6bcfeb,tennis_first_set_totals,Curitiba: Gustavo Heide vs Pedro Boscardin Dias Set 1 O/U 9.5,1,0.01,5,True,sports_fees_v3,0.05,1,True,0.15,True,50,4.5,1000,1000,0.0,0,0,1791050525792,,0.01,5,,,0.0,0.0,0.0,0.0,0.0,,0.0,,,,,,2026-10-03T18:26:23.386227+00:00
1121567,Curitiba: Gustavo Heide vs Pedro Boscardin Dias,atp,Curitiba,challenger_other,in_play,11.4,,,0x39db586b8d340cf334e4641cbe1f8adbdc911fdebc119c3fcdd26bbc6647a289,tennis_first_set_totals,Curitiba: Gustavo Heide vs Pedro Boscardin Dias Set 1 O/U 10.5,1,0.01,5,True,sports_fees_v3,0.05,1,True,0.15,True,50,4.5,1000,1000,0.0,0,0,1791051300029,,0.01,5,,,0.0,0.0,0.0,0.0,0.0,,0.0,,,,,,2026-10-03T18:26:23.386227+00:00
1121567,Curitiba: Gustavo Heide vs Pedro Boscardin Dias,atp,Curitiba,challenger_other,in_play,11.4,,,0x43f07b8894df731c838572844e38b71726134645863e21e82a8e61a6ead31eb3,tennis_set_games_totals,Curitiba: Gustavo Heide vs Pedro Boscardin Dias Set 2 O/U 8.5,1,0.01,5,True,sports_fees_v3,0.05,1,True,0.15,True,50,4.5,1000,1000,0.0,0,0,1791045900158,,0.01,5,,,0.0,0.0,0.0,0.0,0.0,,0.0,,,,,,2026-10-03T18:26:23.386227+00:00
1121567,Curitiba: Gustavo Heide vs Pedro Boscardin Dias,atp,Curitiba,challenger_other,in_play,11.4,,,0x388a9a58524be6c0504324498160cae85284e8662bce7ada1c5ae2010d2514b7,tennis_set_games_totals,Curitiba: Gustavo Heide vs Pedro Boscardin Dias Set 2 O/U 9.5,1,0.01,5,True,sports_fees_v3,0.05,1,True,0.15,True,50,4.5,1000,1000,0.0,0,0,1791045900311,,0.01,5,,,0.0,0.0,0.0,0.0,0.0,,0.0,,,,,,2026-10-03T18:26:23.386227+00:00
1121567,Curitiba: Gustavo Heide vs Pedro Boscardin Dias,atp,Curitiba,challenger_other,in_play,11.4,,,0x9bb6409e6d0699ae7846fdf4703a1c9358f67499850996ba48e28493a7e002e3,tennis_set_games_totals,Curitiba: Gustavo Heide vs Pedro Boscardin Dias Set 2 O/U 10.5,1,0.01,5,True,sports_fees_v3,0.05,1,True,0.15,True,50,4.5,1000,1000,0.0,0,0,1791045900523,,0.01,5,,,0.0,0.0,0.0,0.0,0.0,,0.0,,,,,,2026-10-03T18:26:23.386227+00:00
1121567,Curitiba: Gustavo Heide vs Pedro Boscardin Dias,atp,Curitiba,challenger_other,in_play,11.4,,,0xc0a205dbdfea4e92d3695b5390041997ccb4d3ef8b8bf270c500266042b7c59e,tennis_match_totals,Curitiba: Gustavo Heide vs Pedro Boscardin Dias Match O/U 21.5,1,0.01,5,True,sports_fees_v3,0.05,1,True,0.15,True,50,4.5,1000,1000,0.0,5,0,1791051325638,,0.01,5,0.43,,29.0,0.0,12.47,0.0,0.0,,168.23,,,,,,2026-10-03T18:26:23.386227+00:00
1121567,Curitiba: Gustavo Heide vs Pedro Boscardin Dias,atp,Curitiba,challenger_other,in_play,11.4,,,0x2a4e0300b3a57c923010d1eb36d1949804d16ad5cd961986ce2745113dbc0f9a,tennis_match_totals,Curitiba: Gustavo Heide vs Pedro Boscardin Dias Match O/U 22.5,1,0.01,5,True,sports_fees_v3,0.05,1,True,0.15,True,50,4.5,1000,1000,0.0,1,0,1791051762785,,0.01,5,0.01,,63.0,0.0,0.63,0.0,0.0,,0.63,,,,,,2026-10-03T18:26:23.386227+00:00
1121567,Curitiba: Gustavo Heide vs Pedro Boscardin Dias,atp,Curitiba,challenger_other,in_play,11.4,,,0xe97d6d0c12ae0c03a84391e8f20f44ed461e85cd830ab5a3cf213314238a93ab,tennis_match_totals,Curitiba: Gustavo Heide vs Pedro Boscardin Dias Match O/U 23.5,1,0.01,5,True,sports_fees_v3,0.05,1,True,0.15,True,50,4.5,1000,1000,0.0,1,1,1791051762787,,0.01,5,0.01,0.99,63.0,63.0,0.63,0.6300000000000006,62.37,98.0,63.0,0.5,0.0,0.0,0.0,0.0,2026-10-03T18:26:23.386227+00:00
1121567,Curitiba: Gustavo Heide vs Pedro Boscardin Dias,atp,Curitiba,challenger_other,in_play,11.4,,,0xd6844affd7da6f1d5421dd4a475c8498ea8afc819d2abec49c6402f03ea2257d,tennis_set_handicap,Curitiba: Gustavo Heide vs Pedro Boscardin Dias Set Handicap +/-1.5,1,0.01,5,True,sports_fees_v3,0.05,1,True,0.15,True,50,4.5,1000,1000,922.7076199999999,0,5,1791051436776,0.580,0.01,5,,0.6,0.0,149.0,0.0,59.6,89.39999999999999,,2078.5899999999997,,,,,,2026-10-03T18:26:23.386227+00:00
1121567,Curitiba: Gustavo Heide vs Pedro Boscardin Dias,atp,Curitiba,challenger_other,in_play,11.4,,,0x8a07f2b1c5849979d258ee91dd916489d4003bd319658874f370892161c43fcc,tennis_set_handicap,Curitiba: Gustavo Heide vs Pedro Boscardin Dias Set Handicap +/-1.5,1,0.01,5,True,sports_fees_v3,0.05,1,True,0.15,True,50,4.5,1000,1000,0.0,4,1,1791051854173,,0.01,5,0.08,0.99,3726.0,63.0,298.08,0.6300000000000006,62.37,91.0,1254.6899999999998,0.535,0.0,0.0,0.0,0.0,2026-10-03T18:26:23.386227+00:00
1121567,Curitiba: Gustavo Heide vs Pedro Boscardin Dias,atp,Curitiba,challenger_other,in_play,11.4,,,0xe8c571d6ce3f0c3c83687dce4824e86b443c8010779bd5d7f5c57a75de4d5baf,tennis_game_handicap,Curitiba: Gustavo Heide vs Pedro Boscardin Dias Game Spread +/-4.5,1,0.01,5,True,sports_fees_v3,0.05,1,True,0.15,True,50,4.5,1000,1000,0.0,1,1,1791051762786,,0.01,5,0.01,0.99,63.0,63.0,0.63,0.6300000000000006,62.37,98.0,63.0,0.5,0.0,0.0,0.0,0.0,2026-10-03T18:26:23.386227+00:00
1121565,Columbus: Abedallah Shelbayh vs Mitchell Krueger,atp,Columbus,challenger_other,in_play,6.4,True,4-2,0x0e0b41f335e60bf3f2c5892a932611e19fc47a2aa2f0fce5e1842cbc49af3eb9,tennis_completed_match,Completed Match,1,0.01,5,True,sports_fees_v3,0.05,1,True,0.15,True,50,4.5,1000,1000,0.0,3,0,1791051769501,,0.01,5,0.03,,55.55,0.0,1.6664999999999999,0.0,0.0,,4.9997,,,,,,2026-10-03T18:26:23.386227+00:00
1121565,Columbus: Abedallah Shelbayh vs Mitchell Krueger,atp,Columbus,challenger_other,in_play,6.4,True,4-2,0xdaec4405d3d06cb2459a4b53de50abbfffd87b612559e45a87c0c4bd3a7678a8,tennis_first_set_winner,Columbus: Abedallah Shelbayh vs Mitchell Krueger Set 1 Winner,1,0.01,5,True,sports_fees_v3,0.05,1,True,0.15,True,50,4.5,1000,1000,29.545455,0,0,1791051600039,0.460,0.01,5,,,0.0,0.0,0.0,0.0,0.0,,0.0,,,,,,2026-10-03T18:26:23.386227+00:00
1121565,Columbus: Abedallah Shelbayh vs Mitchell Krueger,atp,Columbus,challenger_other,in_play,6.4,True,4-2,0x9c36f5efd1ee51626d0693564143f9263c4de18f8e13b7c2defb196210835541,tennis_set_winner,Columbus: Abedallah Shelbayh vs Mitchell Krueger Set 2 Winner,1,0.01,5,True,sports_fees_v3,0.05,1,True,0.15,True,50,4.5,1000,1000,0.0,0,0,1791051600001,,0.01,5,,,0.0,0.0,0.0,0.0,0.0,,0.0,,,,,,2026-10-03T18:26:23.386227+00:00
1121565,Columbus: Abedallah Shelbayh vs Mitchell Krueger,atp,Columbus,challenger_other,in_play,6.4,True,4-2,0x632963e9dc3ddf3e081b62993a5a630fadba78a19fe24dd3bd4229ebb10f8eed,tennis_set_totals,Columbus: Abedallah Shelbayh vs Mitchell Krueger Total Sets: O/U 2.5,1,0.01,5,True,sports_fees_v3,0.05,1,True,0.15,True,50,4.5,1000,1000,0.0,0,0,1791051600002,,0.01,5,,,0.0,0.0,0.0,0.0,0.0,,0.0,,,,,,2026-10-03T18:26:23.386227+00:00
1121565,Columbus: Abedallah Shelbayh vs Mitchell Krueger,atp,Columbus,challenger_other,in_play,6.4,True,4-2,0xd20b384b1906a5708daf44b0ef79f84440db21afc14196096a079c410d42fe89,tennis_first_set_totals,Columbus: Abedallah Shelbayh vs Mitchell Krueger Set 1 O/U 8.5,1,0.01,5,True,sports_fees_v3,0.05,1,True,0.15,True,50,4.5,1000,1000,0.0,0,0,1791051600044,,0.01,5,,,0.0,0.0,0.0,0.0,0.0,,0.0,,,,,,2026-10-03T18:26:23.386227+00:00
1121565,Columbus: Abedallah Shelbayh vs Mitchell Krueger,atp,Columbus,challenger_other,in_play,6.4,True,4-2,0xac1298520a2c0ef629c97a999c6dcadfd01039742fccd6064ca6ce8e2df49fc3,tennis_first_set_totals,Columbus: Abedallah Shelbayh vs Mitchell Krueger Set 1 O/U 9.5,1,0.01,5,True,sports_fees_v3,0.05,1,True,0.15,True,50,4.5,1000,1000,0.0,0,0,1791051600000,,0.01,5,,,0.0,0.0,0.0,0.0,0.0,,0.0,,,,,,2026-10-03T18:26:23.386227+00:00
1121565,Columbus: Abedallah Shelbayh vs Mitchell Krueger,atp,Columbus,challenger_other,in_play,6.4,True,4-2,0xff12653b1fb47191e458116014e9ad98ee93ef24c761c38348858b7e48fa4cdc,tennis_first_set_totals,Columbus: Abedallah Shelbayh vs Mitchell Krueger Set 1 O/U 10.5,1,0.01,5,True,sports_fees_v3,0.05,1,True,0.15,True,50,4.5,1000,1000,0.0,0,0,1791051600040,,0.01,5,,,0.0,0.0,0.0,0.0,0.0,,0.0,,,,,,2026-10-03T18:26:23.386227+00:00
1121565,Columbus: Abedallah Shelbayh vs Mitchell Krueger,atp,Columbus,challenger_other,in_play,6.4,True,4-2,0x84240ae5ff989202acadb48596016f878e17d3334aa061afdee09d4e5c6fcdd3,tennis_set_games_totals,Columbus: Abedallah Shelbayh vs Mitchell Krueger Set 2 O/U 8.5,1,0.01,5,True,sports_fees_v3,0.05,1,True,0.15,True,50,4.5,1000,1000,0.0,0,0,1791051600044,,0.01,5,,,0.0,0.0,0.0,0.0,0.0,,0.0,,,,,,2026-10-03T18:26:23.386227+00:00
1121565,Columbus: Abedallah Shelbayh vs Mitchell Krueger,atp,Columbus,challenger_other,in_play,6.4,True,4-2,0xc886054d0e976f3ae387147ef39e7cf6a6791de819e198aa9ef6750730649edc,tennis_set_games_totals,Columbus: Abedallah Shelbayh vs Mitchell Krueger Set 2 O/U 9.5,1,0.01,5,True,sports_fees_v3,0.05,1,True,0.15,True,50,4.5,1000,1000,0.0,0,0,1791051600004,,0.01,5,,,0.0,0.0,0.0,0.0,0.0,,0.0,,,,,,2026-10-03T18:26:23.386227+00:00
1121565,Columbus: Abedallah Shelbayh vs Mitchell Krueger,atp,Columbus,challenger_other,in_play,6.4,True,4-2,0x5b8faba35b19f05b28cfd9063e7596ad64911119ef883ac1e14f6df193c48f43,tennis_set_games_totals,Columbus: Abedallah Shelbayh vs Mitchell Krueger Set 2 O/U 10.5,1,0.01,5,True,sports_fees_v3,0.05,1,True,0.15,True,50,4.5,1000,1000,0.0,0,0,1791051600047,,0.01,5,,,0.0,0.0,0.0,0.0,0.0,,0.0,,,,,,2026-10-03T18:26:23.386227+00:00
1121565,Columbus: Abedallah Shelbayh vs Mitchell Krueger,atp,Columbus,challenger_other,in_play,6.4,True,4-2,0xd6e0139ad3cca46bae0296d21c400bc2d5df2f2b170e9a4d335560e7039f8922,tennis_match_totals,Columbus: Abedallah Shelbayh vs Mitchell Krueger Match O/U 21.5,1,0.01,5,True,sports_fees_v3,0.05,1,True,0.15,True,50,4.5,1000,1000,16.474575,3,3,1791051989592,0.410,0.01,5,0.56,0.59,3644.64,34.06,2040.9984000000002,13.964600000000003,20.0954,2.9999999999999916,4189.0139,0.575,3644.64,34.06,3644.64,3386.56,2026-10-03T18:26:23.386227+00:00
1121565,Columbus: Abedallah Shelbayh vs Mitchell Krueger,atp,Columbus,challenger_other,in_play,6.4,True,4-2,0x7eba55cc61d9f526a7dbacf12cebc5f5e9c65d718a3261001962301c7aba43e3,tennis_match_totals,Columbus: Abedallah Shelbayh vs Mitchell Krueger Match O/U 22.5,1,0.01,5,True,sports_fees_v3,0.05,1,True,0.15,True,50,4.5,1000,1000,0.0,2,3,1791051990034,,0.01,5,0.48,0.51,3393.75,38.13,1629.0,18.6837,19.4463,3.0000000000000027,3612.1863000000003,0.495,3393.75,38.13,3393.75,3706.88,2026-10-03T18:26:23.386227+00:00
1121565,Columbus: Abedallah Shelbayh vs Mitchell Krueger,atp,Columbus,challenger_other,in_play,6.4,True,4-2,0x8f7759221dc6799ebff645eed18d731b0330bfa484b0ff86cbe9c29f168e9925,tennis_match_totals,Columbus: Abedallah Shelbayh vs Mitchell Krueger Match O/U 23.5,1,0.01,5,True,sports_fees_v3,0.05,1,True,0.15,True,50,4.5,1000,1000,0.0,1,1,1791051990033,,0.01,5,0.44,0.47,3636.36,3388.66,1599.9984000000002,1795.9898,1592.6701999999998,2.9999999999999973,3192.6686,0.45499999999999996,3636.36,3388.66,3636.36,3388.66,2026-10-03T18:26:23.386227+00:00
1121565,Columbus: Abedallah Shelbayh vs Mitchell Krueger,atp,Columbus,challenger_other,in_play,6.4,True,4-2,0x4a11d9c10077cc0e47bb58894648554c99027c00e48e6cc550d707ac99999f85,tennis_set_handicap,Columbus: Abedallah Shelbayh vs Mitchell Krueger Set Handicap +/-1.5,1,0.01,5,True,sports_fees_v3,0.05,1,True,0.15,True,50,4.5,1000,1000,35.303031000000004,0,0,1791051600042,0.660,0.01,5,,,0.0,0.0,0.0,0.0,0.0,,0.0,,,,,,2026-10-03T18:26:23.386227+00:00
1121565,Columbus: Abedallah Shelbayh vs Mitchell Krueger,atp,Columbus,challenger_other,in_play,6.4,True,4-2,0xf17597b2d8ba665399a100a4195ec7c9cc7c9216c76b7ce076331a4cabe529b0,tennis_game_handicap,Columbus: Abedallah Shelbayh vs Mitchell Krueger Game Spread +/-1.5,1,0.01,5,True,sports_fees_v3,0.05,1,True,0.15,True,50,4.5,1000,1000,0.0,0,0,1791051600043,,0.01,5,,,0.0,0.0,0.0,0.0,0.0,,0.0,,,,,,2026-10-03T18:26:23.386227+00:00
1120915,W35 Reims: Salma Djoubri vs Britt Du Pree,itf,W35 Reims,itf,in_play,266.4,,,0x2e9de8de9ae34f07292940111b552e698636f4d7a6f86f7388b4dd286e16f692,tennis_completed_match,Completed Match,1,0.001,5,True,sports_fees_v3,0.05,1,True,0.15,True,50,4.5,1000,1000,0.0,5,0,1791049863976,,0.001,5,0.99,,200.0,0.0,198.0,0.0,0.0,,257.9997,,,,,,2026-10-03T18:26:23.386227+00:00
1120915,W35 Reims: Salma Djoubri vs Britt Du Pree,itf,W35 Reims,itf,in_play,266.4,,,0x002965ed8a3db4eb3e0087fe3ed91bf07c9e52494bc8cbcd173330316147d400,tennis_set_winner,W35 Reims: Salma Djoubri vs Britt Du Pree Set 2 Winner,1,0.001,5,True,sports_fees_v3,0.05,1,True,0.15,True,50,4.5,1000,1000,0.0,0,5,1791051942387,,0.001,5,,0.009,0.0,30.8,0.0,30.5228,0.2772,,101346.781,,,,,,2026-10-03T18:26:23.386227+00:00
1120915,W35 Reims: Salma Djoubri vs Britt Du Pree,itf,W35 Reims,itf,in_play,266.4,,,0xb121fbc5f8fb471dc772ca0b3e7d9d3941c5e1427906c849ccfe0947d6f6759d,tennis_set_totals,W35 Reims: Salma Djoubri vs Britt Du Pree Total Sets: O/U 2.5,1,0.001,5,True,sports_fees_v3,0.05,1,True,0.15,True,50,4.5,1000,1000,0.0,0,2,1791049863976,,0.001,5,,0.01,0.0,3500.0,0.0,3465.0,35.0,,1080.0,,,,,,2026-10-03T18:26:23.386227+00:00
1120915,W35 Reims: Salma Djoubri vs Britt Du Pree,itf,W35 Reims,itf,in_play,266.4,,,0x5e4e7e7dba1346483f780c7bc93f89df723f7cfade23b6f4761a7e01aaeda580,tennis_set_games_totals,W35 Reims: Salma Djoubri vs Britt Du Pree Set 2 O/U 8.5,1,0.001,5,True,sports_fees_v3,0.05,1,True,0.15,True,50,4.5,1000,1000,0.0,0,2,1791049863485,,0.001,5,,0.01,0.0,3505.0,0.0,3469.95,35.050000000000004,,1080.05,,,,,,2026-10-03T18:26:23.386227+00:00
1120915,W35 Reims: Salma Djoubri vs Britt Du Pree,itf,W35 Reims,itf,in_play,266.4,,,0x690c3530f6dd5857daef2c075fb9af6a7ed6dae464546df971f93fe0ead8a2bf,tennis_set_games_totals,W35 Reims: Salma Djoubri vs Britt Du Pree Set 2 O/U 9.5,1,0.001,5,True,sports_fees_v3,0.05,1,True,0.15,True,50,4.5,1000,1000,0.0,0,2,1791049863485,,0.001,5,,0.01,0.0,3505.0,0.0,3469.95,35.050000000000004,,1080.05,,,,,,2026-10-03T18:26:23.386227+00:00
1120915,W35 Reims: Salma Djoubri vs Britt Du Pree,itf,W35 Reims,itf,in_play,266.4,,,0x4bff858b58fdd41d0f41fa605799e1ed782d512f3b2bbcb184cbcd14f10ed6f2,tennis_set_games_totals,W35 Reims: Salma Djoubri vs Britt Du Pree Set 2 O/U 10.5,1,0.001,5,True,sports_fees_v3,0.05,1,True,0.15,True,50,4.5,1000,1000,0.0,0,2,1791049863485,,0.001,5,,0.01,0.0,3505.0,0.0,3469.95,35.050000000000004,,1080.05,,,,,,2026-10-03T18:26:23.386227+00:00
1120915,W35 Reims: Salma Djoubri vs Britt Du Pree,itf,W35 Reims,itf,in_play,266.4,,,0x9a6089ad19d1d56401cd92d227ea0f4e2a509707287c6c7540ba56a23904fbc7,tennis_match_totals,W35 Reims: Salma Djoubri vs Britt Du Pree Match O/U 21.5,1,0.001,5,True,sports_fees_v3,0.05,1,True,0.15,True,50,4.5,1000,1000,0.0,0,2,1791049863976,,0.001,5,,0.01,0.0,3500.0,0.0,3465.0,35.0,,1080.0,,,,,,2026-10-03T18:26:23.386227+00:00
1120915,W35 Reims: Salma Djoubri vs Britt Du Pree,itf,W35 Reims,itf,in_play,266.4,,,0x652acb5fcade9e8bda4ab476dbff6e9828f40c7a982281f1844c2f492303b0c1,tennis_match_totals,W35 Reims: Salma Djoubri vs Britt Du Pree Match O/U 22.5,1,0.001,5,True,sports_fees_v3,0.05,1,True,0.15,True,50,4.5,1000,1000,0.0,0,2,1791050771321,,0.001,5,,0.01,0.0,3500.0,0.0,3465.0,35.0,,1080.0,,,,,,2026-10-03T18:26:23.386227+00:00
1120915,W35 Reims: Salma Djoubri vs Britt Du Pree,itf,W35 Reims,itf,in_play,266.4,,,0xc7911e3b167dc8b8a9b37624dd7005d14e23c46417c9bc06ab9190e06ddf88e1,tennis_match_totals,W35 Reims: Salma Djoubri vs Britt Du Pree Match O/U 23.5,1,0.001,5,True,sports_fees_v3,0.05,1,True,0.15,True,50,4.5,1000,1000,0.0,0,2,1791050771457,,0.001,5,,0.01,0.0,3500.0,0.0,3465.0,35.0,,1080.0,,,,,,2026-10-03T18:26:23.386227+00:00
1120915,W35 Reims: Salma Djoubri vs Britt Du Pree,itf,W35 Reims,itf,in_play,266.4,,,0x3f65b00754321ed80e3f42106cb647468202e60b2f145af45679d8d6fd8672d8,tennis_set_handicap,W35 Reims: Salma Djoubri vs Britt Du Pree Set Handicap +/-1.5,1,0.001,5,True,sports_fees_v3,0.05,1,True,0.15,True,50,4.5,1000,1000,0.0,5,0,1791051960304,,0.001,5,0.991,,77.0,0.0,76.307,0.0,0.0,,2656.674,,,,,,2026-10-03T18:26:23.386227+00:00
1125317,China Open: Daniil Medvedev vs Francisco Cerundolo,atp,China Open,tour,pre_match,-843.6,,,0x3dd5f8666768f8dcc436d2c6edf6578091763eaa17e4a4127b5d424eead504e5,tennis_completed_match,Completed Match,1,0.01,5,True,sports_fees_v3,0.05,1,True,0.15,True,50,4.5,1000,1000,0.0,4,2,1791051053586,,0.01,5,0.08,0.96,15.0,5.0,1.2,0.20000000000000018,4.8,88.0,432.99969999999996,0.52,0.0,0.0,0.0,0.0,2026-10-03T18:26:23.386227+00:00
1125317,China Open: Daniil Medvedev vs Francisco Cerundolo,atp,China Open,tour,pre_match,-843.6,,,0x65e4b0f4341827f4033d584c02e9063d8c53ad0dcb8c4be36f7815cf1e908040,tennis_first_set_winner,China Open: Daniil Medvedev vs Francisco Cerundolo Set 1 Winner,1,0.01,5,True,sports_fees_v3,0.05,1,True,0.15,True,50,4.5,1000,1000,0.0,8,17,1791051935374,,0.01,5,0.62,0.65,1450.0,2475.0,899.0,866.25,1608.75,3.0000000000000027,32490.566400000003,0.635,1450.0,2475.0,1450.0,19300.57,2026-10-03T18:26:23.386227+00:00
1125317,China Open: Daniil Medvedev vs Francisco Cerundolo,atp,China Open,tour,pre_match,-843.6,,,0x9cd34272ecb040fec78474c5a1ff7e841b065bf9d42ad8199ef070f769d80f4f,tennis_set_winner,China Open: Daniil Medvedev vs Francisco Cerundolo Set 2 Winner,1,0.01,5,True,sports_fees_v3,0.05,1,True,0.15,True,50,4.5,1000,1000,0.0,8,6,1791051988000,,0.01,5,0.5,0.68,151.5,8.0,75.75,2.5599999999999996,5.44,18.000000000000004,1683.8500000000001,0.5900000000000001,0.0,0.0,0.0,0.0,2026-10-03T18:26:23.386227+00:00
1125317,China Open: Daniil Medvedev vs Francisco Cerundolo,atp,China Open,tour,pre_match,-843.6,,,0x1ccaa00885d5ca3987c25663ba4b347635706a7e5bfdacef34e839886851d8e2,tennis_set_totals,China Open: Daniil Medvedev vs Francisco Cerundolo Total Sets: O/U 2.5,1,0.01,5,True,sports_fees_v3,0.05,1,True,0.15,True,50,4.5,1000,1000,0.0,15,15,1791051988002,,0.01,5,0.37,0.41,3318.0,1010.0,1227.66,595.9000000000001,414.09999999999997,3.9999999999999982,17383.598599999998,0.39,3318.0,1010.0,21599.5,1030.0,2026-10-03T18:26:23.386227+00:00
1125317,China Open: Daniil Medvedev vs Francisco Cerundolo,atp,China Open,tour,pre_match,-843.6,,,0xccdbbbc4454f41b24d4a0274dca8489fe7b617a44cbedf04493ded8317a12f74,tennis_first_set_totals,China Open: Daniil Medvedev vs Francisco Cerundolo Set 1 O/U 8.5,1,0.01,5,True,sports_fees_v3,0.05,1,True,0.15,True,50,4.5,1000,1000,0.0,3,4,1791050742560,,0.01,5,0.74,0.77,100.0,800.0,74.0,184.0,616.0,3.0000000000000027,2211.5199,0.755,100.0,800.0,100.0,2072.81,2026-10-03T18:26:23.386227+00:00
1125317,China Open: Daniil Medvedev vs Francisco Cerundolo,atp,China Open,tour,pre_match,-843.6,,,0x0f563f94d22fc5bfeaf75cf8db03934a6ccf25795d30f219b2cb3a1145cc6e8a,tennis_first_set_totals,China Open: Daniil Medvedev vs Francisco Cerundolo Set 1 O/U 9.5,1,0.01,5,True,sports_fees_v3,0.05,1,True,0.15,True,50,4.5,1000,1000,0.0,3,4,1791051966196,,0.01,5,0.48,0.6,5.0,5.0,2.4,2.0,3.0,12.0,519.34,0.54,0.0,0.0,0.0,0.0,2026-10-03T18:26:23.386227+00:00
1125317,China Open: Daniil Medvedev vs Francisco Cerundolo,atp,China Open,tour,pre_match,-843.6,,,0x9ee1f7b7d66abcf6a20a798661e4091f57dac909f04a6fcaedf8da9050d470ea,tennis_first_set_totals,China Open: Daniil Medvedev vs Francisco Cerundolo Set 1 O/U 10.5,1,0.01,5,True,sports_fees_v3,0.05,1,True,0.15,True,50,4.5,1000,1000,0.0,5,4,1791051988001,,0.01,5,0.25,0.29,800.0,100.0,200.0,71.0,28.999999999999996,3.9999999999999982,1307.1684,0.27,800.0,100.0,3130.91,100.0,2026-10-03T18:26:23.386227+00:00
1125317,China Open: Daniil Medvedev vs Francisco Cerundolo,atp,China Open,tour,pre_match,-843.6,,,0xdd689f2a64001448ed1b75ea508aa21b3d9b3cf8f4bcee8cb1451d61d798b972,tennis_set_games_totals,China Open: Daniil Medvedev vs Francisco Cerundolo Set 2 O/U 8.5,1,0.01,5,True,sports_fees_v3,0.05,1,True,0.15,True,50,4.5,1000,1000,0.0,2,3,1791051515870,,0.01,5,0.02,0.97,10.0,10.0,0.2,0.30000000000000027,9.7,95.0,509.90000000000003,0.495,0.0,0.0,0.0,0.0,2026-10-03T18:26:23.386227+00:00
1125317,China Open: Daniil Medvedev vs Francisco Cerundolo,atp,China Open,tour,pre_match,-843.6,,,0xe6b58834ba46a7b5623fd7367062c14c5cd3cc8b2e48a0d5395ff70406765266,tennis_set_games_totals,China Open: Daniil Medvedev vs Francisco Cerundolo Set 2 O/U 9.5,1,0.01,5,True,sports_fees_v3,0.05,1,True,0.15,True,50,4.5,1000,1000,0.0,2,3,1791051515867,,0.01,5,0.02,0.97,10.0,10.0,0.2,0.30000000000000027,9.7,95.0,509.90000000000003,0.495,0.0,0.0,0.0,0.0,2026-10-03T18:26:23.386227+00:00
1125317,China Open: Daniil Medvedev vs Francisco Cerundolo,atp,China Open,tour,pre_match,-843.6,,,0xae2b332e6b3b3edcbac2522168c18342df22933c1215f84ceb2a32db8bd58e50,tennis_set_games_totals,China Open: Daniil Medvedev vs Francisco Cerundolo Set 2 O/U 10.5,1,0.01,5,True,sports_fees_v3,0.05,1,True,0.15,True,50,4.5,1000,1000,0.0,2,3,1791051515866,,0.01,5,0.02,0.97,10.0,10.0,0.2,0.30000000000000027,9.7,95.0,509.90000000000003,0.495,0.0,0.0,0.0,0.0,2026-10-03T18:26:23.386227+00:00
1125317,China Open: Daniil Medvedev vs Francisco Cerundolo,atp,China Open,tour,pre_match,-843.6,,,0xfdb136fb3b8712ac63e2af6ab7a0dfa6fdb463506b38d193b064504d11c267bf,tennis_match_totals,China Open: Daniil Medvedev vs Francisco Cerundolo Match O/U 21.5,1,0.01,5,True,sports_fees_v3,0.05,1,True,0.15,True,50,4.5,1000,1000,0.0,9,9,1791051770610,,0.01,5,0.53,0.56,1210.0,3715.54,641.3000000000001,1634.8375999999998,2080.7024,3.0000000000000027,7700.352,0.545,1210.0,3715.54,3486.08,9075.89,2026-10-03T18:26:23.386227+00:00
1125317,China Open: Daniil Medvedev vs Francisco Cerundolo,atp,China Open,tour,pre_match,-843.6,,,0x8dbb338f3b5eda544e3b92ec5d4ec07b8de42b4593fd5314077597e0c50cefb6,tennis_match_totals,China Open: Daniil Medvedev vs Francisco Cerundolo Match O/U 22.5,1,0.01,5,True,sports_fees_v3,0.05,1,True,0.15,True,50,4.5,1000,1000,0.0,8,11,1791051988002,,0.01,5,0.46,0.48,1284.0,1200.0,590.64,624.0,576.0,1.9999999999999962,8151.2881,0.47,4852.07,2210.0,8851.630000000001,3230.0,2026-10-03T18:26:23.386227+00:00
1125317,China Open: Daniil Medvedev vs Francisco Cerundolo,atp,China Open,tour,pre_match,-843.6,,,0x72d5127edc5c0597c992d122c878768a097054c5253ac544f0bef7ac933ad2f4,tennis_match_totals,China Open: Daniil Medvedev vs Francisco Cerundolo Match O/U 23.5,1,0.01,5,True,sports_fees_v3,0.05,1,True,0.15,True,50,4.5,1000,1000,0.0,6,7,1791051988095,,0.01,5,0.4,0.44,1907.56,26.79,763.024,15.002400000000002,11.7876,3.9999999999999982,1475.5119,0.42000000000000004,1907.56,26.79,2013.56,31.79,2026-10-03T18:26:23.386227+00:00
1125317,China Open: Daniil Medvedev vs Francisco Cerundolo,atp,China Open,tour,pre_match,-843.6,,,0x3f9ef2df54aa56b237536d84539ab4130096e90b45770b4d931515eb3170ad22,tennis_set_handicap,China Open: Daniil Medvedev vs Francisco Cerundolo Set Handicap +/-1.5,1,0.01,5,True,sports_fees_v3,0.05,1,True,0.15,True,50,4.5,1000,1000,0.0,17,16,1791051796877,,0.01,5,0.44,0.46,1724.0,200.0,758.5600000000001,108.0,92.0,2.0000000000000018,17606.1886,0.45,10495.35,1210.0,17985.35,6725.0,2026-10-03T18:26:23.386227+00:00
1125317,China Open: Daniil Medvedev vs Francisco Cerundolo,atp,China Open,tour,pre_match,-843.6,,,0x06974bc2bd1cea75aea52a15538aa05441950460ea88b56a107debc10e26d66b,tennis_game_handicap,China Open: Daniil Medvedev vs Francisco Cerundolo Game Spread +/-3.5,1,0.01,5,True,sports_fees_v3,0.05,1,True,0.15,True,50,4.5,1000,1000,0.0,9,7,1791051988568,,0.01,5,0.49,0.51,1000.0,1000.0,490.0,490.0,510.0,2.0000000000000018,10452.270100000002,0.5,5944.59,3467.23,9677.08,8833.44,2026-10-03T18:26:23.386227+00:00
1125316,China Open: Alexander Zverev vs Novak Djokovic,atp,China Open,tour,pre_match,-993.6,,,0x3c0fd394e1b87db07d4e5fb297a3f70d30bc569922efc9cd79dd17e0eb809123,tennis_completed_match,Completed Match,1,0.01,5,True,sports_fees_v3,0.05,1,True,0.15,True,50,4.5,1000,1000,0.0,4,2,1791051054049,,0.01,5,0.08,0.96,15.0,5.0,1.2,0.20000000000000018,4.8,88.0,432.99969999999996,0.52,0.0,0.0,0.0,0.0,2026-10-03T18:26:23.386227+00:00
1125316,China Open: Alexander Zverev vs Novak Djokovic,atp,China Open,tour,pre_match,-993.6,,,0x809b7dc65febbedbd795ee2630da4ea8c2715551914e338b574075d3c7da4b76,tennis_first_set_winner,China Open: Alexander Zverev vs Novak Djokovic Set 1 Winner,1,0.01,5,True,sports_fees_v3,0.05,1,True,0.15,True,50,4.5,1000,1000,0.0,10,16,1791051988572,,0.01,5,0.7,0.72,100.0,1206.0,70.0,337.68,868.3199999999999,2.0000000000000018,33017.248,0.71,1450.0,9161.0,1450.0,22955.12,2026-10-03T18:26:23.386227+00:00
1125316,China Open: Alexander Zverev vs Novak Djokovic,atp,China Open,tour,pre_match,-993.6,,,0xf4dec8059e8473ba391b644117baa244df76b1189aeb779217f15cf752e6887e,tennis_set_winner,China Open: Alexander Zverev vs Novak Djokovic Set 2 Winner,1,0.01,5,True,sports_fees_v3,0.05,1,True,0.15,True,50,4.5,1000,1000,0.0,5,5,1791051989000,,0.01,5,0.51,0.72,5.0,10.0,2.55,2.8000000000000003,7.199999999999999,20.999999999999996,2007.328,0.615,0.0,0.0,0.0,0.0,2026-10-03T18:26:23.386227+00:00
1125316,China Open: Alexander Zverev vs Novak Djokovic,atp,China Open,tour,pre_match,-993.6,,,0x08fa12a1aeae9d008cecbfdcb99211832263cf6d38b7d0ec4c3cfed5df0a8d33,tennis_set_totals,China Open: Alexander Zverev vs Novak Djokovic Total Sets: O/U 2.5,1,0.01,5,True,sports_fees_v3,0.05,1,True,0.15,True,50,4.5,1000,1000,1.492536,15,18,1791051770779,0.330,0.01,5,0.33,0.34,99.0,100.0,32.67,65.99999999999999,34.0,1.0000000000000009,12879.024300000001,0.335,1559.0,1100.0,20748.4,1110.0,2026-10-03T18:26:23.386227+00:00
1125316,China Open: Alexander Zverev vs Novak Djokovic,atp,China Open,tour,pre_match,-993.6,,,0x74f1380eb05e6adfdd4f6a92221f4e1936d70e648d67299cd5b47b2f33c570bb,tennis_first_set_totals,China Open: Alexander Zverev vs Novak Djokovic Set 1 O/U 8.5,1,0.01,5,True,sports_fees_v3,0.05,1,True,0.15,True,50,4.5,1000,1000,0.0,3,4,1791051989001,,0.01,5,0.8,0.84,100.0,800.0,80.0,128.00000000000003,672.0,3.9999999999999925,2795.1355,0.8200000000000001,100.0,800.0,100.0,2596.63,2026-10-03T18:26:23.386227+00:00
1125316,China Open: Alexander Zverev vs Novak Djokovic,atp,China Open,tour,pre_match,-993.6,,,0xfe37c4f7f21d85a97b6c99e04fcba5510c106d7aa0e43d36fd66665eabd01159,tennis_first_set_totals,China Open: Alexander Zverev vs Novak Djokovic Set 1 O/U 9.5,1,0.01,5,True,sports_fees_v3,0.05,1,True,0.15,True,50,4.5,1000,1000,0.0,4,5,1791051989000,,0.01,5,0.54,0.65,5.0,5.0,2.7,1.75,3.25,10.999999999999998,883.61,0.595,0.0,0.0,0.0,0.0,2026-10-03T18:26:23.386227+00:00
1125316,China Open: Alexander Zverev vs Novak Djokovic,atp,China Open,tour,pre_match,-993.6,,,0x5785f79f9fe600aa0f0e28cb1c61e0aff1d676ec1b2a95f5daef9651ea56ca8d,tennis_first_set_totals,China Open: Alexander Zverev vs Novak Djokovic Set 1 O/U 10.5,1,0.01,5,True,sports_fees_v3,0.05,1,True,0.15,True,50,4.5,1000,1000,0.0,4,3,1791051989003,,0.01,5,0.32,0.36,800.0,100.0,256.0,64.0,36.0,3.9999999999999982,1375.3558,0.33999999999999997,800.0,100.0,2630.1800000000003,100.0,2026-10-03T18:26:23.386227+00:00
1125316,China Open: Alexander Zverev vs Novak Djokovic,atp,China Open,tour,pre_match,-993.6,,,0x097ec7da7ac27b04e4dbea6e2a81e804b68591d439c2a4c203606072090b7020,tennis_set_games_totals,China Open: Alexander Zverev vs Novak Djokovic Set 2 O/U 8.5,1,0.01,5,True,sports_fees_v3,0.05,1,True,0.15,True,50,4.5,1000,1000,0.0,2,3,1791051515872,,0.01,5,0.02,0.97,10.0,10.0,0.2,0.30000000000000027,9.7,95.0,509.90000000000003,0.495,0.0,0.0,0.0,0.0,2026-10-03T18:26:23.386227+00:00
1125316,China Open: Alexander Zverev vs Novak Djokovic,atp,China Open,tour,pre_match,-993.6,,,0x448ae72aaae21e4c9fe00bbec083eef3f8932bef2017db3e057b6d95900d9db6,tennis_set_games_totals,China Open: Alexander Zverev vs Novak Djokovic Set 2 O/U 9.5,1,0.01,5,True,sports_fees_v3,0.05,1,True,0.15,True,50,4.5,1000,1000,0.0,2,3,1791051515869,,0.01,5,0.02,0.97,10.0,10.0,0.2,0.30000000000000027,9.7,95.0,509.90000000000003,0.495,0.0,0.0,0.0,0.0,2026-10-03T18:26:23.386227+00:00
1125316,China Open: Alexander Zverev vs Novak Djokovic,atp,China Open,tour,pre_match,-993.6,,,0xe45ccadad6e698c35768ec5da888269ca5533bb77c3f1e329f36146c554879f9,tennis_set_games_totals,China Open: Alexander Zverev vs Novak Djokovic Set 2 O/U 10.5,1,0.01,5,True,sports_fees_v3,0.05,1,True,0.15,True,50,4.5,1000,1000,0.0,2,3,1791051515865,,0.01,5,0.02,0.97,10.0,10.0,0.2,0.30000000000000027,9.7,95.0,509.90000000000003,0.495,0.0,0.0,0.0,0.0,2026-10-03T18:26:23.386227+00:00
1125316,China Open: Alexander Zverev vs Novak Djokovic,atp,China Open,tour,pre_match,-993.6,,,0x3c2321d33f4b3ab0b2221b300a257c4cfc5e4a56c92dc101d8e5a2fb30e50c7f,tennis_match_totals,China Open: Alexander Zverev vs Novak Djokovic Match O/U 21.5,1,0.01,5,True,sports_fees_v3,0.05,1,True,0.15,True,50,4.5,1000,1000,0.0,9,9,1791051770560,,0.01,5,0.55,0.58,1205.0,1998.0,662.75,839.1600000000001,1158.84,2.9999999999999916,6813.801399999999,0.565,1205.0,1998.0,3225.0,7340.85,2026-10-03T18:26:23.386227+00:00
1125316,China Open: Alexander Zverev vs Novak Djokovic,atp,China Open,tour,pre_match,-993.6,,,0x994dba9296e5b7d330c78e1ec4f0f4576531a95d97f97f9462c8d0443a8c50a7,tennis_match_totals,China Open: Alexander Zverev vs Novak Djokovic Match O/U 22.5,1,0.01,5,True,sports_fees_v3,0.05,1,True,0.15,True,50,4.5,1000,1000,0.0,9,9,1791051770602,,0.01,5,0.45,0.48,4233.75,1205.0,1905.1875,626.6,578.4,2.9999999999999973,6589.9252,0.46499999999999997,4233.75,1205.0,9692.79,3525.0,2026-10-03T18:26:23.386227+00:00
1125316,China Open: Alexander Zverev vs Novak Djokovic,atp,China Open,tour,pre_match,-993.6,,,0x1740e37cb3acf8f75def6b487ccbac22fe6f5893637aefe1a0a74042fa808723,tennis_match_totals,China Open: Alexander Zverev vs Novak Djokovic Match O/U 23.5,1,0.01,5,True,sports_fees_v3,0.05,1,True,0.15,True,50,4.5,1000,1000,0.0,6,6,1791051133188,,0.01,5,0.39,0.42,1216.76,25.86,474.5364,14.998800000000001,10.8612,2.9999999999999973,1080.4479000000001,0.405,1216.76,25.86,1327.76,30.86,2026-10-03T18:26:23.386227+00:00
1125316,China Open: Alexander Zverev vs Novak Djokovic,atp,China Open,tour,pre_match,-993.6,,,0xda8bb2540d1fc47df4b226ae53c940374c185eb2683d9df51422c7e5cf8eb8df,tennis_set_handicap,China Open: Alexander Zverev vs Novak Djokovic Set Handicap +/-1.5,1,0.01,5,True,sports_fees_v3,0.05,1,True,0.15,True,50,4.5,1000,1000,0.0,16,16,1791051770569,,0.01,5,0.51,0.53,200.0,1226.0,102.0,576.2199999999999,649.7800000000001,2.0000000000000018,18220.389,0.52,3134.0,8609.189999999999,11452.619999999999,14212.189999999999,2026-10-03T18:26:23.386227+00:00
1125316,China Open: Alexander Zverev vs Novak Djokovic,atp,China Open,tour,pre_match,-993.6,,,0xbfd6da41db10215481e34fb8658d1de8bffc54af046c9b133bb637cb7c5b2a09,tennis_game_handicap,China Open: Alexander Zverev vs Novak Djokovic Game Spread +/-3.5,1,0.01,5,True,sports_fees_v3,0.05,1,True,0.15,True,50,4.5,1000,1000,0.0,9,6,1791051959654,0.460,0.01,5,0.51,0.54,1000.0,2614.74,510.0,1202.7803999999999,1411.9596,3.0000000000000027,9213.6586,0.525,1000.0,2614.74,5529.6,8668.04,2026-10-03T18:26:23.386227+00:00
1125314,Japan Open Tennis Championships: Jiri Lehecka vs Adolfo Vallejo,atp,Japan Open Tennis Championships,tour,pre_match,-843.6,,,0xd80293a5beca29fc052eaa327ffc4e4c41d86630df80ee531a90b22256f94746,tennis_completed_match,Completed Match,1,0.01,5,True,sports_fees_v3,0.05,1,True,0.15,True,50,4.5,1000,1000,0.0,4,3,1791051540979,,0.01,5,0.08,0.96,15.0,5.0,1.2,0.20000000000000018,4.8,88.0,677.0197,0.52,0.0,0.0,0.0,0.0,2026-10-03T18:26:23.386227+00:00
1125314,Japan Open Tennis Championships: Jiri Lehecka vs Adolfo Vallejo,atp,Japan Open Tennis Championships,tour,pre_match,-843.6,,,0xdc0d6fa460d5af7a3dc7fe50c43398cfa2e52eb953cd4749b8ef51a3180a094d,tennis_first_set_winner,Japan Open Tennis Championships: Jiri Lehecka vs Adolfo Vallejo Set 1 Winner,1,0.01,5,True,sports_fees_v3,0.05,1,True,0.15,True,50,4.5,1000,1000,0.0,6,16,1791051988570,,0.01,5,0.64,0.67,2000.0,1998.0,1280.0,659.3399999999999,1338.66,3.0000000000000027,42447.5114,0.655,2000.0,1998.0,2000.0,31560.0,2026-10-03T18:26:23.386227+00:00
1125314,Japan Open Tennis Championships: Jiri Lehecka vs Adolfo Vallejo,atp,Japan Open Tennis Championships,tour,pre_match,-843.6,,,0x0c1efa1457aa34e41f1235aaf0677f7ba293ceb5e436ed402231c276689c0b5d,tennis_set_winner,Japan Open Tennis Championships: Jiri Lehecka vs Adolfo Vallejo Set 2 Winner,1,0.01,5,True,sports_fees_v3,0.05,1,True,0.15,True,50,4.5,1000,1000,0.0,8,5,1791051988004,,0.01,5,0.5,0.7,307.0,10.0,153.5,3.0000000000000004,7.0,19.999999999999996,1962.4341,0.6,0.0,0.0,0.0,0.0,2026-10-03T18:26:23.386227+00:00
1125314,Japan Open Tennis Championships: Jiri Lehecka vs Adolfo Vallejo,atp,Japan Open Tennis Championships,tour,pre_match,-843.6,,,0xf2f7878d888e671bb5f3478c1a9121060ab395599d13fe1781885ae6e2d7edef,tennis_set_totals,Japan Open Tennis Championships: Jiri Lehecka vs Adolfo Vallejo Total Sets: O/U 2.5,1,0.01,5,True,sports_fees_v3,0.05,1,True,0.15,True,50,4.5,1000,1000,0.0,15,18,1791051892148,,0.01,5,0.34,0.36,105.0,1000.0,35.7,640.0,360.0,1.9999999999999962,24266.8175,0.35,1112.0,1010.0,30870.77,1020.0,2026-10-03T18:26:23.386227+00:00
1125314,Japan Open Tennis Championships: Jiri Lehecka vs Adolfo Vallejo,atp,Japan Open Tennis Championships,tour,pre_match,-843.6,,,0x11008d80f843a3a4a20f7b5953f40ffc686ed75f147eba6bc77a81530261e53e,tennis_first_set_totals,Japan Open Tennis Championships: Jiri Lehecka vs Adolfo Vallejo Set 1 O/U 8.5,1,0.01,5,True,sports_fees_v3,0.05,1,True,0.15,True,50,4.5,1000,1000,0.0,4,5,1791051988000,,0.01,5,0.77,0.81,100.0,800.0,77.0,151.99999999999994,648.0,4.0000000000000036,3812.1847999999995,0.79,100.0,800.0,100.0,3931.14,2026-10-03T18:26:23.386227+00:00
1125314,Japan Open Tennis Championships: Jiri Lehecka vs Adolfo Vallejo,atp,Japan Open Tennis Championships,tour,pre_match,-843.6,,,0xb6203148fe90c32d8d320cb425464c10d2cf3c9665e4b7f6faa7d84eb07012b4,tennis_first_set_totals,Japan Open Tennis Championships: Jiri Lehecka vs Adolfo Vallejo Set 1 O/U 9.5,1,0.01,5,True,sports_fees_v3,0.05,1,True,0.15,True,50,4.5,1000,1000,0.0,3,4,1791051966196,,0.01,5,0.47,0.59,5.0,5.0,2.3499999999999996,2.0500000000000003,2.9499999999999997,12.0,518.35,0.53,0.0,0.0,0.0,0.0,2026-10-03T18:26:23.386227+00:00
1125314,Japan Open Tennis Championships: Jiri Lehecka vs Adolfo Vallejo,atp,Japan Open Tennis Championships,tour,pre_match,-843.6,,,0xce76258ac68a18acf82d5b3ac7c32fbc614e61f03672d96f7c5a00d352b7359a,tennis_first_set_totals,Japan Open Tennis Championships: Jiri Lehecka vs Adolfo Vallejo Set 1 O/U 10.5,1,0.01,5,True,sports_fees_v3,0.05,1,True,0.15,True,50,4.5,1000,1000,0.0,5,4,1791051988002,,0.01,5,0.27,0.31,800.0,100.0,216.0,69.0,31.0,3.9999999999999982,1899.5762,0.29000000000000004,800.0,100.0,5160.87,105.0,2026-10-03T18:26:23.386227+00:00
1125314,Japan Open Tennis Championships: Jiri Lehecka vs Adolfo Vallejo,atp,Japan Open Tennis Championships,tour,pre_match,-843.6,,,0x86c404a98168d4f66ca06d4e97932b4c97cc7fd449685a2172f924397b63b55d,tennis_set_games_totals,Japan Open Tennis Championships: Jiri Lehecka vs Adolfo Vallejo Set 2 O/U 8.5,1,0.01,5,True,sports_fees_v3,0.05,1,True,0.15,True,50,4.5,1000,1000,0.0,2,3,1791051515525,,0.01,5,0.02,0.97,10.0,10.0,0.2,0.30000000000000027,9.7,95.0,509.90000000000003,0.495,0.0,0.0,0.0,0.0,2026-10-03T18:26:23.386227+00:00
1125314,Japan Open Tennis Championships: Jiri Lehecka vs Adolfo Vallejo,atp,Japan Open Tennis Championships,tour,pre_match,-843.6,,,0x16399e51a3fe45f0459754d0d21c5cb5cbd24767f15803257c5888b90ca4bb3b,tennis_set_games_totals,Japan Open Tennis Championships: Jiri Lehecka vs Adolfo Vallejo Set 2 O/U 9.5,1,0.01,5,True,sports_fees_v3,0.05,1,True,0.15,True,50,4.5,1000,1000,0.0,1,3,1791051515522,,0.01,5,0.01,0.97,10.0,10.0,0.1,0.30000000000000027,9.7,96.0,509.70000000000005,0.49,0.0,0.0,0.0,0.0,2026-10-03T18:26:23.386227+00:00
1125314,Japan Open Tennis Championships: Jiri Lehecka vs Adolfo Vallejo,atp,Japan Open Tennis Championships,tour,pre_match,-843.6,,,0x3b865d766fcdb7adb05447c71fbb321c3faf465cfc57c7911a87067f32b6eb0a,tennis_set_games_totals,Japan Open Tennis Championships: Jiri Lehecka vs Adolfo Vallejo Set 2 O/U 10.5,1,0.01,5,True,sports_fees_v3,0.05,1,True,0.15,True,50,4.5,1000,1000,0.0,2,3,1791051515530,,0.01,5,0.02,0.97,10.0,10.0,0.2,0.30000000000000027,9.7,95.0,509.90000000000003,0.495,0.0,0.0,0.0,0.0,2026-10-03T18:26:23.386227+00:00
1125314,Japan Open Tennis Championships: Jiri Lehecka vs Adolfo Vallejo,atp,Japan Open Tennis Championships,tour,pre_match,-843.6,,,0xdb61482143b8ad1d8d13537cbacc4caeff3728816b78ffb3e4097c9046983691,tennis_match_totals,Japan Open Tennis Championships: Jiri Lehecka vs Adolfo Vallejo Match O/U 21.5,1,0.01,5,True,sports_fees_v3,0.05,1,True,0.15,True,50,4.5,1000,1000,0.0,10,10,1791051774080,,0.01,5,0.51,0.53,1249.0,1285.0,636.99,603.9499999999999,681.0500000000001,2.0000000000000018,9124.2767,0.52,2379.0,5466.88,3813.0,11923.41,2026-10-03T18:26:23.386227+00:00
1125314,Japan Open Tennis Championships: Jiri Lehecka vs Adolfo Vallejo,atp,Japan Open Tennis Championships,tour,pre_match,-843.6,,,0x77dc62533ef0a0eb26df8eaf45db629a7a6c05e765238cf1702fa22b736c71b2,tennis_match_totals,Japan Open Tennis Championships: Jiri Lehecka vs Adolfo Vallejo Match O/U 22.5,1,0.01,5,True,sports_fees_v3,0.05,1,True,0.15,True,50,4.5,1000,1000,0.0,10,10,1791051770568,,0.01,5,0.43,0.45,1291.0,1000.0,555.13,550.0,450.0,2.0000000000000018,7083.466899999999,0.44,5327.139999999999,2010.0,12333.94,3025.0,2026-10-03T18:26:23.386227+00:00
1125314,Japan Open Tennis Championships: Jiri Lehecka vs Adolfo Vallejo,atp,Japan Open Tennis Championships,tour,pre_match,-843.6,,,0x129a1f54b50756c35d8a91f2bcc08b15715f1e9e964ab33b57940a00f8a29884,tennis_match_totals,Japan Open Tennis Championships: Jiri Lehecka vs Adolfo Vallejo Match O/U 23.5,1,0.01,5,True,sports_fees_v3,0.05,1,True,0.15,True,50,4.5,1000,1000,0.0,6,6,1791051988005,,0.01,5,0.36,0.45,5.0,5.0,1.7999999999999998,2.75,2.25,9.000000000000002,1063.5581,0.405,0.0,0.0,5.0,5.0,2026-10-03T18:26:23.386227+00:00
1125314,Japan Open Tennis Championships: Jiri Lehecka vs Adolfo Vallejo,atp,Japan Open Tennis Championships,tour,pre_match,-843.6,,,0xfeb5c89c66efec0e869ccefe9278245ca4407cc022f788b534c3d1b85f571fef,tennis_set_handicap,Japan Open Tennis Championships: Jiri Lehecka vs Adolfo Vallejo Set Handicap +/-1.5,1,0.01,5,True,sports_fees_v3,0.05,1,True,0.15,True,50,4.5,1000,1000,0.0,14,13,1791051770523,,0.01,5,0.48,0.5,1053.0,438.0,505.44,219.0,219.0,2.0000000000000018,30419.1432,0.49,9192.0,7551.0,22416.04,19446.34,2026-10-03T18:26:23.386227+00:00
1125314,Japan Open Tennis Championships: Jiri Lehecka vs Adolfo Vallejo,atp,Japan Open Tennis Championships,tour,pre_match,-843.6,,,0x98c4c1116582ae1693dc5d89a081870ef0506ee23e311b82819b3b0caf3c324b,tennis_game_handicap,Japan Open Tennis Championships: Jiri Lehecka vs Adolfo Vallejo Game Spread +/-3.5,1,0.01,5,True,sports_fees_v3,0.05,1,True,0.15,True,50,4.5,1000,1000,0.0,8,7,1791051988001,,0.01,5,0.5,0.52,1000.0,1000.0,500.0,480.0,520.0,2.0000000000000018,14536.9551,0.51,9823.66,3470.95,12605.66,12493.279999999999,2026-10-03T18:26:23.386227+00:00
1125085,China Open: Alina Charaeva vs Sonay Kartal,wta,China Open,tour,pre_match,-513.6,,,0xd35933fe12ca1bc921bb86662bb638d0fdc467a62b59153d583d35b59e3f5314,tennis_completed_match,Completed Match,1,0.01,5,True,sports_fees_v3,0.05,1,True,0.15,True,50,4.5,1000,1000,0.0,7,2,1791047454542,,0.01,5,0.11,0.96,5.0,25.0,0.55,1.0000000000000009,24.0,85.0,51.0697,0.535,0.0,0.0,0.0,0.0,2026-10-03T18:26:23.386227+00:00
1125085,China Open: Alina Charaeva vs Sonay Kartal,wta,China Open,tour,pre_match,-513.6,,,0x43abc072761882acdddedc1b58ef5ad926441e60624be4c3104baa7b55f550da,tennis_first_set_winner,China Open: Alina Charaeva vs Sonay Kartal Set 1 Winner,1,0.01,5,True,sports_fees_v3,0.05,1,True,0.15,True,50,4.5,1000,1000,0.0,3,4,1791051153193,,0.01,5,0.03,0.96,25.07,16.05,0.7521,0.6420000000000006,15.408,93.0,1855.84,0.495,0.0,0.0,0.0,0.0,2026-10-03T18:26:23.386227+00:00
1125085,China Open: Alina Charaeva vs Sonay Kartal,wta,China Open,tour,pre_match,-513.6,,,0xfb65fc02507755c4c470dec6477b50f43e5d39b982cf27b037876b3109aae11f,tennis_set_winner,China Open: Alina Charaeva vs Sonay Kartal Set 2 Winner,1,0.01,5,True,sports_fees_v3,0.05,1,True,0.15,True,50,4.5,1000,1000,0.0,2,3,1791051634993,,0.01,5,0.02,0.97,1500.0,50.0,30.0,1.5000000000000013,48.5,95.0,1558.5,0.495,0.0,0.0,0.0,0.0,2026-10-03T18:26:23.386227+00:00
1125085,China Open: Alina Charaeva vs Sonay Kartal,wta,China Open,tour,pre_match,-513.6,,,0xcf2f3432f64d7f607f5082344e80c0cd8244891c3fa17529d12d77a8ff02b258,tennis_set_totals,China Open: Alina Charaeva vs Sonay Kartal Total Sets: O/U 2.5,1,0.01,5,True,sports_fees_v3,0.05,1,True,0.15,True,50,4.5,1000,1000,0.0,3,5,1791051775272,,0.01,5,0.03,0.95,25.07,11.4,0.7521,0.5700000000000005,10.83,92.0,1106.7752,0.49,0.0,0.0,0.0,0.0,2026-10-03T18:26:23.386227+00:00
1125085,China Open: Alina Charaeva vs Sonay Kartal,wta,China Open,tour,pre_match,-513.6,,,0x17f5abed6f569e50026ee1de7dda0780f710483e495fd3846e6bb48333c08b54,tennis_first_set_totals,China Open: Alina Charaeva vs Sonay Kartal Set 1 O/U 8.5,1,0.01,5,True,sports_fees_v3,0.05,1,True,0.15,True,50,4.5,1000,1000,0.0,1,2,1791045892588,,0.01,5,0.01,0.98,10.0,500.0,0.1,10.000000000000009,490.0,97.0,500.0,0.495,0.0,0.0,0.0,0.0,2026-10-03T18:26:23.386227+00:00
1125085,China Open: Alina Charaeva vs Sonay Kartal,wta,China Open,tour,pre_match,-513.6,,,0x413c721c5f2d5e28696e1fe59f63fa4ce9997cea55c4c09e17a2b410681ad58f,tennis_first_set_totals,China Open: Alina Charaeva vs Sonay Kartal Set 1 O/U 9.5,1,0.01,5,True,sports_fees_v3,0.05,1,True,0.15,True,50,4.5,1000,1000,0.0,1,2,1791045892538,,0.01,5,0.01,0.98,10.0,500.0,0.1,10.000000000000009,490.0,97.0,500.0,0.495,0.0,0.0,0.0,0.0,2026-10-03T18:26:23.386227+00:00
1125085,China Open: Alina Charaeva vs Sonay Kartal,wta,China Open,tour,pre_match,-513.6,,,0x12ac5b2def74fb1b313d24cebd1466c69852dce9dd5ca8c60b5e35f3f8e45070,tennis_first_set_totals,China Open: Alina Charaeva vs Sonay Kartal Set 1 O/U 10.5,1,0.01,5,True,sports_fees_v3,0.05,1,True,0.15,True,50,4.5,1000,1000,0.0,1,2,1791045892654,,0.01,5,0.01,0.98,10.0,500.0,0.1,10.000000000000009,490.0,97.0,500.0,0.495,0.0,0.0,0.0,0.0,2026-10-03T18:26:23.386227+00:00
1125085,China Open: Alina Charaeva vs Sonay Kartal,wta,China Open,tour,pre_match,-513.6,,,0xf4757f71d867fb893fca87af2452d1e3944814c0685d2973622bc2846b07bd89,tennis_set_games_totals,China Open: Alina Charaeva vs Sonay Kartal Set 2 O/U 8.5,1,0.01,5,True,sports_fees_v3,0.05,1,True,0.15,True,50,4.5,1000,1000,0.0,1,2,1791045920023,,0.01,5,0.01,0.98,10.0,500.0,0.1,10.000000000000009,490.0,97.0,500.0,0.495,0.0,0.0,0.0,0.0,2026-10-03T18:26:23.386227+00:00
1125085,China Open: Alina Charaeva vs Sonay Kartal,wta,China Open,tour,pre_match,-513.6,,,0x771ba59b1212dac1b5283609eeee695f96b114eb4edf6295e1b55468671c10b7,tennis_set_games_totals,China Open: Alina Charaeva vs Sonay Kartal Set 2 O/U 9.5,1,0.01,5,True,sports_fees_v3,0.05,1,True,0.15,True,50,4.5,1000,1000,0.0,1,2,1791045893219,,0.01,5,0.01,0.98,10.0,500.0,0.1,10.000000000000009,490.0,97.0,500.0,0.495,0.0,0.0,0.0,0.0,2026-10-03T18:26:23.386227+00:00
1125085,China Open: Alina Charaeva vs Sonay Kartal,wta,China Open,tour,pre_match,-513.6,,,0x791c21c36a4680cb2bd6c167adae0eda9068f94d441eb5e230e8ccaf0b98c115,tennis_set_games_totals,China Open: Alina Charaeva vs Sonay Kartal Set 2 O/U 10.5,1,0.01,5,True,sports_fees_v3,0.05,1,True,0.15,True,50,4.5,1000,1000,0.0,1,2,1791045892994,,0.01,5,0.01,0.98,10.0,500.0,0.1,10.000000000000009,490.0,97.0,500.0,0.495,0.0,0.0,0.0,0.0,2026-10-03T18:26:23.386227+00:00
1125085,China Open: Alina Charaeva vs Sonay Kartal,wta,China Open,tour,pre_match,-513.6,,,0x355ca55ddecb24e39e3ee696a8f6dd9514f0f07854bcb81482bcd2d6b6ec83cf,tennis_match_totals,China Open: Alina Charaeva vs Sonay Kartal Match O/U 21.5,1,0.01,5,True,sports_fees_v3,0.05,1,True,0.15,True,50,4.5,1000,1000,0.0,2,3,1791049289391,,0.01,5,0.02,0.97,5.0,25.07,0.1,0.7521000000000007,24.317899999999998,95.0,571.4699999999999,0.495,0.0,0.0,0.0,0.0,2026-10-03T18:26:23.386227+00:00
1125085,China Open: Alina Charaeva vs Sonay Kartal,wta,China Open,tour,pre_match,-513.6,,,0x10a91b7dd0aea9518bb3b623fcbbc6f02b6bacb5cebc63a910c69e71a6022c6b,tennis_match_totals,China Open: Alina Charaeva vs Sonay Kartal Match O/U 22.5,1,0.01,5,True,sports_fees_v3,0.05,1,True,0.15,True,50,4.5,1000,1000,0.0,2,3,1791049289587,,0.01,5,0.02,0.97,5.0,25.07,0.1,0.7521000000000007,24.317899999999998,95.0,571.4699999999999,0.495,0.0,0.0,0.0,0.0,2026-10-03T18:26:23.386227+00:00
1125085,China Open: Alina Charaeva vs Sonay Kartal,wta,China Open,tour,pre_match,-513.6,,,0x547781dbc8f7a208f8793bd4b15d21e7ee0ab126643a1905e25e2d5d6152a260,tennis_match_totals,China Open: Alina Charaeva vs Sonay Kartal Match O/U 23.5,1,0.01,5,True,sports_fees_v3,0.05,1,True,0.15,True,50,4.5,1000,1000,0.0,2,3,1791049289592,,0.01,5,0.02,0.97,5.0,25.07,0.1,0.7521000000000007,24.317899999999998,95.0,569.8901,0.495,0.0,0.0,0.0,0.0,2026-10-03T18:26:23.386227+00:00
1125085,China Open: Alina Charaeva vs Sonay Kartal,wta,China Open,tour,pre_match,-513.6,,,0x96686dd576fb0e485077e28f203579c44431938fed0686988abe90277e918206,tennis_set_handicap,China Open: Alina Charaeva vs Sonay Kartal Set Handicap +/-1.5,1,0.01,5,True,sports_fees_v3,0.05,1,True,0.15,True,50,4.5,1000,1000,0.0,3,3,1791046415061,,0.01,5,0.03,0.97,25.07,25.07,0.7521,0.7521000000000007,24.317899999999998,94.0,162.85,0.5,0.0,0.0,0.0,0.0,2026-10-03T18:26:23.386227+00:00
1123841,China Open: Alex de Minaur vs Andrey Rublev,atp,China Open,tour,pre_match,-723.6,,,0x840c13bed9fb377aa75a11bf67879898a771dbbac44f6e279822dae88e39a3c5,tennis_completed_match,Completed Match,1,0.01,5,True,sports_fees_v3,0.05,1,True,0.15,True,50,4.5,1000,1000,0.0,5,2,1791046287890,,0.01,5,0.1,0.96,50.0,25.0,5.0,1.0000000000000009,24.0,86.0,47.2997,0.53,0.0,0.0,0.0,0.0,2026-10-03T18:26:23.386227+00:00
1123841,China Open: Alex de Minaur vs Andrey Rublev,atp,China Open,tour,pre_match,-723.6,,,0x25bbdf9ac146e57ece58e0a7ae30557b4b49f557ae657333c360d3d2af91f7cf,tennis_first_set_winner,China Open: Alex de Minaur vs Andrey Rublev Set 1 Winner,1,0.01,5,True,sports_fees_v3,0.05,1,True,0.15,True,50,4.5,1000,1000,0.0,16,17,1791051967634,,0.01,5,0.52,0.54,200.0,2582.0,104.0,1187.7199999999998,1394.2800000000002,2.0000000000000018,40559.8895,0.53,2200.0,12601.0,17619.260000000002,26345.78,2026-10-03T18:26:23.386227+00:00
1123841,China Open: Alex de Minaur vs Andrey Rublev,atp,China Open,tour,pre_match,-723.6,,,0xfbc5cd11e91d151902b0d6af26b460d64b1979f073e4aecfad7a76cc7845a272,tennis_set_winner,China Open: Alex de Minaur vs Andrey Rublev Set 2 Winner,1,0.01,5,True,sports_fees_v3,0.05,1,True,0.15,True,50,4.5,1000,1000,0.0,9,10,1791051988001,,0.01,5,0.5,0.57,10.0,11.0,5.0,4.73,6.27,6.999999999999995,6018.249,0.5349999999999999,0.0,0.0,1068.81,73.55,2026-10-03T18:26:23.386227+00:00
1123841,China Open: Alex de Minaur vs Andrey Rublev,atp,China Open,tour,pre_match,-723.6,,,0xb456d22497b79e09ffb8f293d4c04f6c72593ab44fd8bacce833d07fd49a7593,tennis_set_totals,China Open: Alex de Minaur vs Andrey Rublev Total Sets: O/U 2.5,1,0.01,5,True,sports_fees_v3,0.05,1,True,0.15,True,50,4.5,1000,1000,158.15173399999998,16,14,1791051642990,0.580,0.01,5,0.41,0.42,117.34,1395.99,48.1094,809.6742000000002,586.3158,1.0000000000000009,26351.1618,0.415,267.1,1400.99,21030.230000000003,1420.99,2026-10-03T18:26:23.386227+00:00
1123841,China Open: Alex de Minaur vs Andrey Rublev,atp,China Open,tour,pre_match,-723.6,,,0x64179279b6146cc61c35fed0d30ee27abf2efdbfa6defe774045e5d369aa5e9d,tennis_first_set_totals,China Open: Alex de Minaur vs Andrey Rublev Set 1 O/U 8.5,1,0.01,5,True,sports_fees_v3,0.05,1,True,0.15,True,50,4.5,1000,1000,0.0,10,10,1791051879732,,0.01,5,0.8,0.83,100.0,200.0,80.0,34.00000000000001,166.0,2.9999999999999916,12203.2066,0.815,100.0,200.0,100.0,5722.28,2026-10-03T18:26:23.386227+00:00
1123841,China Open: Alex de Minaur vs Andrey Rublev,atp,China Open,tour,pre_match,-723.6,,,0x136ceb2cb19f24533c59e9aad0e2e851dae8590868a5062aa67088359acad5be,tennis_first_set_totals,China Open: Alex de Minaur vs Andrey Rublev Set 1 O/U 9.5,1,0.01,5,True,sports_fees_v3,0.05,1,True,0.15,True,50,4.5,1000,1000,0.0,8,9,1791051988002,,0.01,5,0.52,0.63,5.0,5.0,2.6,1.85,3.15,10.999999999999998,2946.7454,0.575,0.0,0.0,0.0,0.0,2026-10-03T18:26:23.386227+00:00
1123841,China Open: Alex de Minaur vs Andrey Rublev,atp,China Open,tour,pre_match,-723.6,,,0x63af1b03d23e9e8383065483d602e667c72f0ce001e40ee719c5d16467d4f610,tennis_first_set_totals,China Open: Alex de Minaur vs Andrey Rublev Set 1 O/U 10.5,1,0.01,5,True,sports_fees_v3,0.05,1,True,0.15,True,50,4.5,1000,1000,0.0,9,11,1791051988000,,0.01,5,0.29,0.33,800.0,100.0,231.99999999999997,67.0,33.0,4.0000000000000036,3502.5623000000005,0.31,800.0,100.0,4899.97,105.0,2026-10-03T18:26:23.386227+00:00
1123841,China Open: Alex de Minaur vs Andrey Rublev,atp,China Open,tour,pre_match,-723.6,,,0xd23e0c9d2e9fae3aade43c4eafe1cdb550eba5f58b6a136c8512e04b845892fa,tennis_set_games_totals,China Open: Alex de Minaur vs Andrey Rublev Set 2 O/U 8.5,1,0.01,5,True,sports_fees_v3,0.05,1,True,0.15,True,50,4.5,1000,1000,0.0,2,3,1791051515546,,0.01,5,0.02,0.97,10.0,10.0,0.2,0.30000000000000027,9.7,95.0,509.90000000000003,0.495,0.0,0.0,0.0,0.0,2026-10-03T18:26:23.386227+00:00
1123841,China Open: Alex de Minaur vs Andrey Rublev,atp,China Open,tour,pre_match,-723.6,,,0x5bc091e85fba424661b6c524720a4318c99e044d6eba3d202c3c4b283de3f7f6,tennis_set_games_totals,China Open: Alex de Minaur vs Andrey Rublev Set 2 O/U 9.5,1,0.01,5,True,sports_fees_v3,0.05,1,True,0.15,True,50,4.5,1000,1000,0.0,2,3,1791051515550,,0.01,5,0.02,0.97,10.0,10.0,0.2,0.30000000000000027,9.7,95.0,509.90000000000003,0.495,0.0,0.0,0.0,0.0,2026-10-03T18:26:23.386227+00:00
1123841,China Open: Alex de Minaur vs Andrey Rublev,atp,China Open,tour,pre_match,-723.6,,,0xd08424f2a30be7e3880289862824f111d8d4caedbe18e55543a4bf6d8c6172cf,tennis_set_games_totals,China Open: Alex de Minaur vs Andrey Rublev Set 2 O/U 10.5,1,0.01,5,True,sports_fees_v3,0.05,1,True,0.15,True,50,4.5,1000,1000,0.0,2,3,1791051515543,,0.01,5,0.02,0.97,10.0,10.0,0.2,0.30000000000000027,9.7,95.0,509.90000000000003,0.495,0.0,0.0,0.0,0.0,2026-10-03T18:26:23.386227+00:00
1123841,China Open: Alex de Minaur vs Andrey Rublev,atp,China Open,tour,pre_match,-723.6,,,0x25b493801077e838d57ba51ef44964da25fd13afe5904b756fe879d5361499e1,tennis_match_totals,China Open: Alex de Minaur vs Andrey Rublev Match O/U 21.5,1,0.01,5,True,sports_fees_v3,0.05,1,True,0.15,True,50,4.5,1000,1000,20.0,14,13,1791051880027,0.390,0.01,5,0.58,0.61,1100.0,4791.42,638.0,1868.6538,2922.7662,3.0000000000000027,12265.313900000001,0.595,1100.0,4791.42,1120.0,13606.79,2026-10-03T18:26:23.386227+00:00
1123841,China Open: Alex de Minaur vs Andrey Rublev,atp,China Open,tour,pre_match,-723.6,,,0x06e879c2d768c5fd46f0c6174f48243a574ea58699c3c31074fe9469ffdec7d4,tennis_match_totals,China Open: Alex de Minaur vs Andrey Rublev Match O/U 22.5,1,0.01,5,True,sports_fees_v3,0.05,1,True,0.15,True,50,4.5,1000,1000,0.0,9,14,1791051880339,,0.01,5,0.49,0.51,2056.49,1423.99,1007.6800999999999,697.7551,726.2349,2.0000000000000018,12610.2543,0.5,4403.4,3106.1099999999997,11820.31,9718.02,2026-10-03T18:26:23.386227+00:00
1123841,China Open: Alex de Minaur vs Andrey Rublev,atp,China Open,tour,pre_match,-723.6,,,0xbc21953acd1ac9ebdcac28e01f7cfd361be37d659179634aa36ad62a32c8e0f2,tennis_match_totals,China Open: Alex de Minaur vs Andrey Rublev Match O/U 23.5,1,0.01,5,True,sports_fees_v3,0.05,1,True,0.15,True,50,4.5,1000,1000,0.0,10,14,1791051879431,,0.01,5,0.43,0.45,2600.6,1200.0,1118.258,660.0,540.0,2.0000000000000018,8381.6243,0.44,4708.799999999999,2205.0,12476.07,3225.0,2026-10-03T18:26:23.386227+00:00
1123841,China Open: Alex de Minaur vs Andrey Rublev,atp,China Open,tour,pre_match,-723.6,,,0x31454798123792081915ef32a0ba96e2de80d206bd642e3298a503ee05bb2817,tennis_set_handicap,China Open: Alex de Minaur vs Andrey Rublev Set Handicap +/-1.5,1,0.01,5,True,sports_fees_v3,0.05,1,True,0.15,True,50,4.5,1000,1000,0.0,18,17,1791051988566,,0.01,5,0.32,0.34,750.6,105.0,240.192,69.3,35.7,2.0000000000000018,23824.105,0.33,15820.9,1105.0,35656.14,1120.0,2026-10-03T18:26:23.386227+00:00
1123841,China Open: Alex de Minaur vs Andrey Rublev,atp,China Open,tour,pre_match,-723.6,,,0x9cfc3cba926da651f5ad95e7b8c0e01aac0c6c20d082b52c4c4c74e68fffd7e5,tennis_game_handicap,China Open: Alex de Minaur vs Andrey Rublev Game Spread +/-1.5,1,0.01,5,True,sports_fees_v3,0.05,1,True,0.15,True,50,4.5,1000,1000,300.0,11,12,1791051977733,0.480,0.01,5,0.47,0.48,1100.0,300.0,517.0,156.0,144.0,1.0000000000000009,21954.1861,0.475,5103.8099999999995,1300.0,12932.789999999999,9403.46,2026-10-03T18:26:23.386227+00:00
1123840,Japan Open Tennis Championships: Carlos Alcaraz vs Denis Shapovalov,atp,Japan Open Tennis Championships,tour,pre_match,-573.6,,,0xf065f52868cc53e2b705d4147b68588789565917f16a3fb62c83e233c029f17b,tennis_completed_match,Completed Match,1,0.01,5,True,sports_fees_v3,0.05,1,True,0.15,True,50,4.5,1000,1000,0.0,7,2,1791047460764,,0.01,5,0.11,0.96,5.0,25.0,0.55,1.0000000000000009,24.0,85.0,51.0697,0.535,0.0,0.0,0.0,0.0,2026-10-03T18:26:23.386227+00:00
1123840,Japan Open Tennis Championships: Carlos Alcaraz vs Denis Shapovalov,atp,Japan Open Tennis Championships,tour,pre_match,-573.6,,,0x303e492f2697e2a2bdcf5d835773173bed1f0a66dc60af7652cbd5e416d368cc,tennis_first_set_winner,Japan Open Tennis Championships: Carlos Alcaraz vs Denis Shapovalov Set 1 Winner,1,0.01,5,True,sports_fees_v3,0.05,1,True,0.15,True,50,4.5,1000,1000,0.0,11,12,1791051974075,,0.01,5,0.78,0.81,100.0,4904.0,78.0,931.7599999999998,3972.2400000000002,3.0000000000000027,67284.0195,0.795,100.0,4904.0,2276.0,40193.64,2026-10-03T18:26:23.386227+00:00
1123840,Japan Open Tennis Championships: Carlos Alcaraz vs Denis Shapovalov,atp,Japan Open Tennis Championships,tour,pre_match,-573.6,,,0xb89c0b293d8e7f06b3da671539257514000e35bde13bb222b97f9b74e4c5733c,tennis_set_winner,Japan Open Tennis Championships: Carlos Alcaraz vs Denis Shapovalov Set 2 Winner,1,0.01,5,True,sports_fees_v3,0.05,1,True,0.15,True,50,4.5,1000,1000,0.0,10,9,1791051990545,,0.01,5,0.76,0.83,5.0,65.0,3.8,11.050000000000002,53.949999999999996,6.999999999999995,3705.7934,0.7949999999999999,0.0,0.0,93.0,184.54000000000002,2026-10-03T18:26:23.386227+00:00
1123840,Japan Open Tennis Championships: Carlos Alcaraz vs Denis Shapovalov,atp,Japan Open Tennis Championships,tour,pre_match,-573.6,,,0x2ed776b96ad63f41be21ecaa888fb794b1a23dd626c082ae4c257d1118c52be9,tennis_set_totals,Japan Open Tennis Championships: Carlos Alcaraz vs Denis Shapovalov Total Sets: O/U 2.5,1,0.01,5,True,sports_fees_v3,0.05,1,True,0.15,True,50,4.5,1000,1000,0.0,15,14,1791051019145,,0.01,5,0.26,0.28,704.0,105.0,183.04000000000002,75.6,29.400000000000002,2.0000000000000018,24309.709600000002,0.27,5668.0,1395.0,30006.41,1410.0,2026-10-03T18:26:23.386227+00:00
1123840,Japan Open Tennis Championships: Carlos Alcaraz vs Denis Shapovalov,atp,Japan Open Tennis Championships,tour,pre_match,-573.6,,,0xa4e22877803031b24da97426c7a17a5d98246e4844a9b1af067aac43543a8ee8,tennis_first_set_totals,Japan Open Tennis Championships: Carlos Alcaraz vs Denis Shapovalov Set 1 O/U 8.5,1,0.01,5,True,sports_fees_v3,0.05,1,True,0.15,True,50,4.5,1000,1000,0.0,8,8,1791051923724,,0.01,5,0.67,0.7,100.0,800.0,67.0,240.00000000000003,560.0,2.9999999999999916,4671.0912,0.685,100.0,800.0,100.0,3378.9,2026-10-03T18:26:23.386227+00:00
1123840,Japan Open Tennis Championships: Carlos Alcaraz vs Denis Shapovalov,atp,Japan Open Tennis Championships,tour,pre_match,-573.6,,,0x1bc6ab4246763517d508aae255349cf9b39627d86b1a385d642a9a52d2463816,tennis_first_set_totals,Japan Open Tennis Championships: Carlos Alcaraz vs Denis Shapovalov Set 1 O/U 9.5,1,0.01,5,True,sports_fees_v3,0.05,1,True,0.15,True,50,4.5,1000,1000,0.0,6,6,1791051980002,,0.01,5,0.4,0.51,5.0,5.0,2.0,2.45,2.55,10.999999999999998,2511.839,0.455,0.0,0.0,0.0,0.0,2026-10-03T18:26:23.386227+00:00
1123840,Japan Open Tennis Championships: Carlos Alcaraz vs Denis Shapovalov,atp,Japan Open Tennis Championships,tour,pre_match,-573.6,,,0x3ff72290d1c1f470ef5a332e0c12341124592301259eb920235c99ca57c174ce,tennis_first_set_totals,Japan Open Tennis Championships: Carlos Alcaraz vs Denis Shapovalov Set 1 O/U 10.5,1,0.01,5,True,sports_fees_v3,0.05,1,True,0.15,True,50,4.5,1000,1000,0.0,8,9,1791051980002,,0.01,5,0.19,0.23,800.0,100.0,152.0,77.0,23.0,4.000000000000001,2282.3471,0.21000000000000002,0.0,100.0,1877.91,100.0,2026-10-03T18:26:23.386227+00:00
1123840,Japan Open Tennis Championships: Carlos Alcaraz vs Denis Shapovalov,atp,Japan Open Tennis Championships,tour,pre_match,-573.6,,,0xce2974f098abfdbfac895f589cde02ab07874fe7dffc27760b01ad511511836a,tennis_set_games_totals,Japan Open Tennis Championships: Carlos Alcaraz vs Denis Shapovalov Set 2 O/U 8.5,1,0.01,5,True,sports_fees_v3,0.05,1,True,0.15,True,50,4.5,1000,1000,0.0,1,3,1791051515544,,0.01,5,0.01,0.97,10.0,10.0,0.1,0.30000000000000027,9.7,96.0,509.70000000000005,0.49,0.0,0.0,0.0,0.0,2026-10-03T18:26:23.386227+00:00
1123840,Japan Open Tennis Championships: Carlos Alcaraz vs Denis Shapovalov,atp,Japan Open Tennis Championships,tour,pre_match,-573.6,,,0xcfb4d57e6fa4ff06d1709230cdc9b521c4cd51dcedbf4a954d43157e8c934eb0,tennis_set_games_totals,Japan Open Tennis Championships: Carlos Alcaraz vs Denis Shapovalov Set 2 O/U 9.5,1,0.01,5,True,sports_fees_v3,0.05,1,True,0.15,True,50,4.5,1000,1000,0.0,2,3,1791051515548,,0.01,5,0.02,0.97,10.0,10.0,0.2,0.30000000000000027,9.7,95.0,509.90000000000003,0.495,0.0,0.0,0.0,0.0,2026-10-03T18:26:23.386227+00:00
1123840,Japan Open Tennis Championships: Carlos Alcaraz vs Denis Shapovalov,atp,Japan Open Tennis Championships,tour,pre_match,-573.6,,,0x563d6aeac2b5ad2783018a8e5d495666566a5da0cce2dfefb37a2181b90a7635,tennis_set_games_totals,Japan Open Tennis Championships: Carlos Alcaraz vs Denis Shapovalov Set 2 O/U 10.5,1,0.01,5,True,sports_fees_v3,0.05,1,True,0.15,True,50,4.5,1000,1000,0.0,2,3,1791051515547,,0.01,5,0.02,0.97,10.0,10.0,0.2,0.30000000000000027,9.7,95.0,509.90000000000003,0.495,0.0,0.0,0.0,0.0,2026-10-03T18:26:23.386227+00:00
1123840,Japan Open Tennis Championships: Carlos Alcaraz vs Denis Shapovalov,atp,Japan Open Tennis Championships,tour,pre_match,-573.6,,,0x75c41d53fecdb30bb91147eb3945662245e3d087029f6a79308a78aa6af87d12,tennis_match_totals,Japan Open Tennis Championships: Carlos Alcaraz vs Denis Shapovalov Match O/U 21.5,1,0.01,5,True,sports_fees_v3,0.05,1,True,0.15,True,50,4.5,1000,1000,56.451613,11,9,1791051980120,0.380,0.01,5,0.38,0.43,115.0,26.32,43.7,15.002400000000002,11.3176,4.999999999999999,2519.5632,0.405,0.0,0.0,330.45,31.32,2026-10-03T18:26:23.386227+00:00
1123840,Japan Open Tennis Championships: Carlos Alcaraz vs Denis Shapovalov,atp,Japan Open Tennis Championships,tour,pre_match,-573.6,,,0x26a58711ed01318bc1ff62a27b5387e7030983bbf1501e2351b0490b48c04a6c,tennis_match_totals,Japan Open Tennis Championships: Carlos Alcaraz vs Denis Shapovalov Match O/U 22.5,1,0.01,5,True,sports_fees_v3,0.05,1,True,0.15,True,50,4.5,1000,1000,0.0,8,8,1791051980089,,0.01,5,0.29,0.39,600.0,24.0,174.0,14.64,9.36,10.000000000000004,2268.8369000000002,0.33999999999999997,0.0,0.0,600.0,0.0,2026-10-03T18:26:23.386227+00:00
1123840,Japan Open Tennis Championships: Carlos Alcaraz vs Denis Shapovalov,atp,Japan Open Tennis Championships,tour,pre_match,-573.6,,,0x4c9168cff6c333d42780ca0d2c6667bd386fcfaf1f7738a2c22971f97613f882,tennis_match_totals,Japan Open Tennis Championships: Carlos Alcaraz vs Denis Shapovalov Match O/U 23.5,1,0.01,5,True,sports_fees_v3,0.05,1,True,0.15,True,50,4.5,1000,1000,0.0,7,11,1791051980000,,0.01,5,0.25,0.35,600.0,23.08,150.0,15.001999999999999,8.078,9.999999999999998,6171.479600000001,0.3,0.0,0.0,600.0,23.08,2026-10-03T18:26:23.386227+00:00
1123840,Japan Open Tennis Championships: Carlos Alcaraz vs Denis Shapovalov,atp,Japan Open Tennis Championships,tour,pre_match,-573.6,,,0x6cb0b7b9a5abc2e4e4aa6e11e65ca4cf3dc7e1cf341bf37084667edeb6d59cc9,tennis_set_handicap,Japan Open Tennis Championships: Carlos Alcaraz vs Denis Shapovalov Set Handicap +/-1.5,1,0.01,5,True,sports_fees_v3,0.05,1,True,0.15,True,50,4.5,1000,1000,0.0,18,15,1791051077805,,0.01,5,0.65,0.67,441.31,460.0,286.8515,151.79999999999998,308.20000000000005,2.0000000000000018,46554.672999999995,0.66,1441.31,12391.25,1456.31,24462.47,2026-10-03T18:26:23.386227+00:00
1123840,Japan Open Tennis Championships: Carlos Alcaraz vs Denis Shapovalov,atp,Japan Open Tennis Championships,tour,pre_match,-573.6,,,0x49fce105a4cb5a27cd99d9026ad62c13ae65984b67e96b30bb8dbbe4ca23b049,tennis_game_handicap,Japan Open Tennis Championships: Carlos Alcaraz vs Denis Shapovalov Game Spread +/-5.5,1,0.01,5,True,sports_fees_v3,0.05,1,True,0.15,True,50,4.5,1000,1000,0.0,8,11,1791051992119,0.430,0.01,5,0.42,0.45,2066.32,1000.0,867.8544,550.0,450.0,3.0000000000000027,10417.734499999999,0.435,2066.32,1000.0,14917.32,3005.0,2026-10-03T18:26:23.386227+00:00
1119916,China Open: Hubert Hurkacz vs Karen Khachanov,atp,China Open,tour,pre_match,-633.6,,,0x281d6cd82c12ec6eb6a24a2507c08776d3f638f1c86c349906944a99ce0b3d41,tennis_completed_match,Completed Match,1,0.01,5,True,sports_fees_v3,0.05,1,True,0.15,True,50,4.5,1000,1000,0.0,7,3,1791047464248,,0.01,5,0.09,0.96,50.0,25.0,4.5,1.0000000000000009,24.0,87.0,299.31969999999995,0.525,0.0,0.0,0.0,0.0,2026-10-03T18:26:23.386227+00:00
1119916,China Open: Hubert Hurkacz vs Karen Khachanov,atp,China Open,tour,pre_match,-633.6,,,0x5a050af258e3f49d8131df658335e110fbe9f6a287c2fd930cd2227386951c9d,tennis_first_set_winner,China Open: Hubert Hurkacz vs Karen Khachanov Set 1 Winner,1,0.01,5,True,sports_fees_v3,0.05,1,True,0.15,True,50,4.5,1000,1000,2.222223,18,19,1791051935377,0.550,0.01,5,0.44,0.45,1278.0,197.77,562.32,108.77350000000001,88.99650000000001,1.0000000000000009,58704.140100000004,0.445,20638.0,2197.77,58088.84,6451.8,2026-10-03T18:26:23.386227+00:00
1119916,China Open: Hubert Hurkacz vs Karen Khachanov,atp,China Open,tour,pre_match,-633.6,,,0x6e6e06d372ab17f18ac7e12fe1f4f6b8b0ea51cfd50ae895e558baf51e37463a,tennis_set_winner,China Open: Hubert Hurkacz vs Karen Khachanov Set 2 Winner,1,0.01,5,True,sports_fees_v3,0.05,1,True,0.15,True,50,4.5,1000,1000,0.0,13,9,1791051987000,,0.01,5,0.42,0.5,15.0,1200.19,6.3,600.095,600.095,8.000000000000002,6247.28,0.45999999999999996,0.0,0.0,94.6,2588.19,2026-10-03T18:26:23.386227+00:00
1119916,China Open: Hubert Hurkacz vs Karen Khachanov,atp,China Open,tour,pre_match,-633.6,,,0xc635242ae14e8638a0cd7066fb0a39f52fc407910b2e7eb4b4c0803c20083314,tennis_set_totals,China Open: Hubert Hurkacz vs Karen Khachanov Total Sets: O/U 2.5,1,0.01,5,True,sports_fees_v3,0.05,1,True,0.15,True,50,4.5,1000,1000,4.878049,17,19,1791051988573,0.590,0.01,5,0.38,0.41,10657.3,1569.12,4049.774,925.7808000000001,643.3391999999999,2.9999999999999973,43913.0172,0.395,10657.3,1569.12,66234.54000000001,1584.12,2026-10-03T18:26:23.386227+00:00
1119916,China Open: Hubert Hurkacz vs Karen Khachanov,atp,China Open,tour,pre_match,-633.6,,,0xc93ae4e202fc04e0037c4d2f658a4c942a55cca764aceca657fa771ff390ef39,tennis_first_set_totals,China Open: Hubert Hurkacz vs Karen Khachanov Set 1 O/U 8.5,1,0.01,5,True,sports_fees_v3,0.05,1,True,0.15,True,50,4.5,1000,1000,182.683334,6,2,1791051987000,0.700,0.01,5,0.37,0.98,700.0,500.0,259.0,10.000000000000009,490.0,61.0,1298.9986,0.675,0.0,0.0,0.0,0.0,2026-10-03T18:26:23.386227+00:00
1119916,China Open: Hubert Hurkacz vs Karen Khachanov,atp,China Open,tour,pre_match,-633.6,,,0x35ae4fc96e7ba230851d300b45078f3b1133fb856da8186673c5e65770f297e3,tennis_first_set_totals,China Open: Hubert Hurkacz vs Karen Khachanov Set 1 O/U 9.5,1,0.01,5,True,sports_fees_v3,0.05,1,True,0.15,True,50,4.5,1000,1000,0.0,6,2,1791051987002,,0.01,5,0.37,0.98,700.0,500.0,259.0,10.000000000000009,490.0,61.0,1397.9986,0.675,0.0,0.0,0.0,0.0,2026-10-03T18:26:23.386227+00:00
1119916,China Open: Hubert Hurkacz vs Karen Khachanov,atp,China Open,tour,pre_match,-633.6,,,0x17f5a6a7745914a5c1581437c70fdaf6df763c4d0030ca6ef5c0a7f2d855b39a,tennis_first_set_totals,China Open: Hubert Hurkacz vs Karen Khachanov Set 1 O/U 10.5,1,0.01,5,True,sports_fees_v3,0.05,1,True,0.15,True,50,4.5,1000,1000,900.6445870000001,12,15,1791051935092,0.390,0.01,5,0.39,0.43,200.0,100.0,78.0,57.00000000000001,43.0,3.9999999999999982,3436.6486,0.41000000000000003,200.0,100.0,1229.9099999999999,110.0,2026-10-03T18:26:23.386227+00:00
1119916,China Open: Hubert Hurkacz vs Karen Khachanov,atp,China Open,tour,pre_match,-633.6,,,0x7261c5ddf3f290df282d76c3550c5cb35cce7a42d911171fed2ee9c252677d33,tennis_set_games_totals,China Open: Hubert Hurkacz vs Karen Khachanov Set 2 O/U 8.5,1,0.01,5,True,sports_fees_v3,0.05,1,True,0.15,True,50,4.5,1000,1000,0.0,2,3,1791051515511,,0.01,5,0.02,0.97,10.0,10.0,0.2,0.30000000000000027,9.7,95.0,509.90000000000003,0.495,0.0,0.0,0.0,0.0,2026-10-03T18:26:23.386227+00:00
1119916,China Open: Hubert Hurkacz vs Karen Khachanov,atp,China Open,tour,pre_match,-633.6,,,0x326e560d65551663d465b893d2db2b67f2d30d173693d753d3459478eb463829,tennis_set_games_totals,China Open: Hubert Hurkacz vs Karen Khachanov Set 2 O/U 9.5,1,0.01,5,True,sports_fees_v3,0.05,1,True,0.15,True,50,4.5,1000,1000,0.0,2,3,1791051516051,,0.01,5,0.02,0.97,10.0,10.0,0.2,0.30000000000000027,9.7,95.0,608.9,0.495,0.0,0.0,0.0,0.0,2026-10-03T18:26:23.386227+00:00
1119916,China Open: Hubert Hurkacz vs Karen Khachanov,atp,China Open,tour,pre_match,-633.6,,,0xbda2ec87cf2640ad3695d36edbc80f30260b797e2cdd10f3bbbe4f1bb5467e28,tennis_set_games_totals,China Open: Hubert Hurkacz vs Karen Khachanov Set 2 O/U 10.5,1,0.01,5,True,sports_fees_v3,0.05,1,True,0.15,True,50,4.5,1000,1000,0.0,2,3,1791051516051,,0.01,5,0.02,0.97,10.0,10.0,0.2,0.30000000000000027,9.7,95.0,608.9,0.495,0.0,0.0,0.0,0.0,2026-10-03T18:26:23.386227+00:00
1119916,China Open: Hubert Hurkacz vs Karen Khachanov,atp,China Open,tour,pre_match,-633.6,,,0x829a113283ab8a0bf2b1dcf38f70c2da7d7382043e14dc3f15f7a43f893d5897,tennis_match_totals,China Open: Hubert Hurkacz vs Karen Khachanov Match O/U 21.5,1,0.01,5,True,sports_fees_v3,0.05,1,True,0.15,True,50,4.5,1000,1000,0.0,7,5,1791051967695,,0.01,5,0.59,0.8,8.0,25.0,4.72,4.999999999999999,20.0,21.000000000000007,915.4584,0.6950000000000001,0.0,0.0,0.0,0.0,2026-10-03T18:26:23.386227+00:00
1119916,China Open: Hubert Hurkacz vs Karen Khachanov,atp,China Open,tour,pre_match,-633.6,,,0xc124fb64a2e77891c5172d8cd16bf4c84b1d7b7fe758df30a7f79aa51d0a0641,tennis_match_totals,China Open: Hubert Hurkacz vs Karen Khachanov Match O/U 22.5,1,0.01,5,True,sports_fees_v3,0.05,1,True,0.15,True,50,4.5,1000,1000,51.666667,20,19,1791051967694,0.400,0.01,5,0.6,0.61,5.0,8749.53,3.0,3412.3167000000003,5337.2133,1.0000000000000009,19624.564,0.605,1105.0,20278.989999999998,1120.0,24648.989999999998,2026-10-03T18:26:23.386227+00:00
1119916,China Open: Hubert Hurkacz vs Karen Khachanov,atp,China Open,tour,pre_match,-633.6,,,0x59f48d532b63824ecd5ba0b7f45d109b1d863e00075cc8a0092eba8305ed456d,tennis_match_totals,China Open: Hubert Hurkacz vs Karen Khachanov Match O/U 23.5,1,0.01,5,True,sports_fees_v3,0.05,1,True,0.15,True,50,4.5,1000,1000,65.217844,14,18,1791051967695,0.500,0.01,5,0.48,0.5,6605.66,1495.69,3170.7167999999997,747.845,747.845,2.0000000000000018,16401.6668,0.49,13589.689999999999,3790.4700000000003,17353.69,11591.400000000001,2026-10-03T18:26:23.386227+00:00
1119916,China Open: Hubert Hurkacz vs Karen Khachanov,atp,China Open,tour,pre_match,-633.6,,,0x3ebbe660579d8e9cffccf3eca7b4d94c0dc00d7ac4e1dc87fad6f2904153587c,tennis_set_handicap,China Open: Hubert Hurkacz vs Karen Khachanov Set Handicap +/-1.5,1,0.01,5,True,sports_fees_v3,0.05,1,True,0.15,True,50,4.5,1000,1000,50.0,18,19,1791051935376,0.350,0.01,5,0.35,0.36,1222.0,100.0,427.7,64.0,36.0,1.0000000000000009,35429.7039,0.355,17818.76,390.0,54889.57,405.0,2026-10-03T18:26:23.386227+00:00
1119916,China Open: Hubert Hurkacz vs Karen Khachanov,atp,China Open,tour,pre_match,-633.6,,,0xba4f71f126e15cad0ed3893e9d36df640269e5ec8d49bf5a8f5c0ba0250a099c,tennis_game_handicap,China Open: Hubert Hurkacz vs Karen Khachanov Game Spread +/-1.5,1,0.01,5,True,sports_fees_v3,0.05,1,True,0.15,True,50,4.5,1000,1000,0.0,12,14,1791051935378,,0.01,5,0.49,0.52,1078.85,11432.36,528.6365,5487.5328,5944.827200000001,3.0000000000000027,16116.426,0.505,1078.85,11432.36,13673.94,13986.51,2026-10-03T18:26:23.386227+00:00
1119915,Japan Open Tennis Championships: Valentin Vacherot vs Arthur Fils,atp,Japan Open Tennis Championships,tour,pre_match,-753.6,,,0x421c975b2262714ec108999d6e7f60c73afd1359973b98559ce98b8ad297956a,tennis_completed_match,Completed Match,1,0.01,5,True,sports_fees_v3,0.05,1,True,0.15,True,50,4.5,1000,1000,0.0,6,3,1791045227193,,0.01,5,0.09,0.96,50.0,25.0,4.5,1.0000000000000009,24.0,87.0,296.31969999999995,0.525,0.0,0.0,0.0,0.0,2026-10-03T18:26:23.386227+00:00
1119915,Japan Open Tennis Championships: Valentin Vacherot vs Arthur Fils,atp,Japan Open Tennis Championships,tour,pre_match,-753.6,,,0xbee0e62e3d59814739e0e2b10aa5bfa75076baa2c5d5f2bf4ba7aa25d142e32b,tennis_first_set_winner,Japan Open Tennis Championships: Valentin Vacherot vs Arthur Fils Set 1 Winner,1,0.01,5,True,sports_fees_v3,0.05,1,True,0.15,True,50,4.5,1000,1000,0.0,13,13,1791051988573,,0.01,5,0.28,0.3,6543.0,100.0,1832.0400000000002,70.0,30.0,1.9999999999999962,31421.8146,0.29000000000000004,30669.0,2100.0,67051.85,2105.0,2026-10-03T18:26:23.386227+00:00
1119915,Japan Open Tennis Championships: Valentin Vacherot vs Arthur Fils,atp,Japan Open Tennis Championships,tour,pre_match,-753.6,,,0x66d9a547e149c3bb06f7c6174453b2bbcd1db59aeb61d019c2e214a418cf501f,tennis_set_winner,Japan Open Tennis Championships: Valentin Vacherot vs Arthur Fils Set 2 Winner,1,0.01,5,True,sports_fees_v3,0.05,1,True,0.15,True,50,4.5,1000,1000,0.0,8,11,1791051988002,,0.01,5,0.24,0.31,30.0,5.0,7.199999999999999,3.4499999999999997,1.55,7.000000000000001,5014.9168,0.275,0.0,0.0,730.0,10.0,2026-10-03T18:26:23.386227+00:00
1119915,Japan Open Tennis Championships: Valentin Vacherot vs Arthur Fils,atp,Japan Open Tennis Championships,tour,pre_match,-753.6,,,0x03c1b220c3a92b87f2f819ccbb599b0f440c2645e66f149fbeb5da86828ea0d3,tennis_set_totals,Japan Open Tennis Championships: Valentin Vacherot vs Arthur Fils Total Sets: O/U 2.5,1,0.01,5,True,sports_fees_v3,0.05,1,True,0.15,True,50,4.5,1000,1000,0.0,13,18,1791050844603,,0.01,5,0.33,0.34,2774.82,100.0,915.6906000000001,65.99999999999999,34.0,1.0000000000000009,35565.3114,0.335,20761.82,1100.0,72649.82,2853.12,2026-10-03T18:26:23.386227+00:00
1119915,Japan Open Tennis Championships: Valentin Vacherot vs Arthur Fils,atp,Japan Open Tennis Championships,tour,pre_match,-753.6,,,0x5a510bdcb40e34b4b9672322f1adf27731f5ab69622d023c04f6cf1e3912ba80,tennis_first_set_totals,Japan Open Tennis Championships: Valentin Vacherot vs Arthur Fils Set 1 O/U 8.5,1,0.01,5,True,sports_fees_v3,0.05,1,True,0.15,True,50,4.5,1000,1000,0.0,8,6,1791051988000,,0.01,5,0.79,0.83,100.0,800.0,79.0,136.00000000000003,664.0,3.9999999999999925,9726.906,0.81,100.0,800.0,100.0,9199.39,2026-10-03T18:26:23.386227+00:00
1119915,Japan Open Tennis Championships: Valentin Vacherot vs Arthur Fils,atp,Japan Open Tennis Championships,tour,pre_match,-753.6,,,0x31a7bc58efa7a84a240cd66f19036a0aa07a0729e3301f3fba647c769fe5a53d,tennis_first_set_totals,Japan Open Tennis Championships: Valentin Vacherot vs Arthur Fils Set 1 O/U 9.5,1,0.01,5,True,sports_fees_v3,0.05,1,True,0.15,True,50,4.5,1000,1000,0.0,5,7,1791051988002,,0.01,5,0.49,0.59,600.0,600.0,294.0,246.00000000000003,354.0,9.999999999999998,2826.8999999999996,0.54,0.0,0.0,0.0,600.0,2026-10-03T18:26:23.386227+00:00
1119915,Japan Open Tennis Championships: Valentin Vacherot vs Arthur Fils,atp,Japan Open Tennis Championships,tour,pre_match,-753.6,,,0xe2cfa02c7699b33bf1472627ba28a9b2c2f6ea90219abfbb4d9f64ea698a74b0,tennis_first_set_totals,Japan Open Tennis Championships: Valentin Vacherot vs Arthur Fils Set 1 O/U 10.5,1,0.01,5,True,sports_fees_v3,0.05,1,True,0.15,True,50,4.5,1000,1000,0.0,8,9,1791050843909,,0.01,5,0.3,0.33,616.66,100.0,184.998,67.0,33.0,3.0000000000000027,4650.349200000001,0.315,616.66,100.0,7531.23,105.0,2026-10-03T18:26:23.386227+00:00
1119915,Japan Open Tennis Championships: Valentin Vacherot vs Arthur Fils,atp,Japan Open Tennis Championships,tour,pre_match,-753.6,,,0xdf41841ea4e3dcbb1b09972c674cd60d86d9090bf89b8a1a8a064d1c0d75a522,tennis_set_games_totals,Japan Open Tennis Championships: Valentin Vacherot vs Arthur Fils Set 2 O/U 8.5,1,0.01,5,True,sports_fees_v3,0.05,1,True,0.15,True,50,4.5,1000,1000,0.0,2,3,1791051515513,,0.01,5,0.02,0.97,10.0,10.0,0.2,0.30000000000000027,9.7,95.0,509.90000000000003,0.495,0.0,0.0,0.0,0.0,2026-10-03T18:26:23.386227+00:00
1119915,Japan Open Tennis Championships: Valentin Vacherot vs Arthur Fils,atp,Japan Open Tennis Championships,tour,pre_match,-753.6,,,0xbf861802d4fa522448b544f2a67384aba00aed3df5f29d66ded09a9e161c10f9,tennis_set_games_totals,Japan Open Tennis Championships: Valentin Vacherot vs Arthur Fils Set 2 O/U 9.5,1,0.01,5,True,sports_fees_v3,0.05,1,True,0.15,True,50,4.5,1000,1000,0.0,2,3,1791051516041,,0.01,5,0.02,0.97,10.0,10.0,0.2,0.30000000000000027,9.7,95.0,673.5799999999999,0.495,0.0,0.0,0.0,0.0,2026-10-03T18:26:23.386227+00:00
1119915,Japan Open Tennis Championships: Valentin Vacherot vs Arthur Fils,atp,Japan Open Tennis Championships,tour,pre_match,-753.6,,,0x52c3e3d20140e3eff2715330ac1940ceac65c7df0b51c911f19963ad8e863b77,tennis_set_games_totals,Japan Open Tennis Championships: Valentin Vacherot vs Arthur Fils Set 2 O/U 10.5,1,0.01,5,True,sports_fees_v3,0.05,1,True,0.15,True,50,4.5,1000,1000,0.0,2,3,1791051516043,,0.01,5,0.02,0.97,10.0,10.0,0.2,0.30000000000000027,9.7,95.0,673.5799999999999,0.495,0.0,0.0,0.0,0.0,2026-10-03T18:26:23.386227+00:00
1119915,Japan Open Tennis Championships: Valentin Vacherot vs Arthur Fils,atp,Japan Open Tennis Championships,tour,pre_match,-753.6,,,0x0a6e6e02033c12c5e8a69efd9e460e523c0f549927e045781ba8049335d40a3b,tennis_match_totals,Japan Open Tennis Championships: Valentin Vacherot vs Arthur Fils Match O/U 21.5,1,0.01,5,True,sports_fees_v3,0.05,1,True,0.15,True,50,4.5,1000,1000,0.0,10,14,1791050807300,,0.01,5,0.53,0.55,1200.0,1366.0,636.0,614.6999999999999,751.3000000000001,2.0000000000000018,13484.584299999999,0.54,2205.0,3637.0,4060.0,14739.46,2026-10-03T18:26:23.386227+00:00
1119915,Japan Open Tennis Championships: Valentin Vacherot vs Arthur Fils,atp,Japan Open Tennis Championships,tour,pre_match,-753.6,,,0x458ae12ea94bf4288e78dade7b2366dfbffea00fbd3cd75180eb6a178bbf56d2,tennis_match_totals,Japan Open Tennis Championships: Valentin Vacherot vs Arthur Fils Match O/U 22.5,1,0.01,5,True,sports_fees_v3,0.05,1,True,0.15,True,50,4.5,1000,1000,0.0,11,15,1791050843615,,0.01,5,0.44,0.45,1370.0,200.0,602.8,110.00000000000001,90.0,1.0000000000000009,13474.5994,0.445,6672.86,1200.0,20415.739999999998,3460.0,2026-10-03T18:26:23.386227+00:00
1119915,Japan Open Tennis Championships: Valentin Vacherot vs Arthur Fils,atp,Japan Open Tennis Championships,tour,pre_match,-753.6,,,0x4f8a500b92baf77298e755050253009885a86b89508ff76a84995bc78daadaf7,tennis_match_totals,Japan Open Tennis Championships: Valentin Vacherot vs Arthur Fils Match O/U 23.5,1,0.01,5,True,sports_fees_v3,0.05,1,True,0.15,True,50,4.5,1000,1000,0.0,9,10,1791051988165,,0.01,5,0.37,0.41,240.0,25.42,88.8,14.997800000000003,10.4222,3.9999999999999982,2938.8646999999996,0.39,240.0,25.42,2383.84,30.42,2026-10-03T18:26:23.386227+00:00
1119915,Japan Open Tennis Championships: Valentin Vacherot vs Arthur Fils,atp,Japan Open Tennis Championships,tour,pre_match,-753.6,,,0xf8e7a92547c22941d2bec1e1bd4bb146fe46eea1335759142eb6154db3899981,tennis_set_handicap,Japan Open Tennis Championships: Valentin Vacherot vs Arthur Fils Set Handicap +/-1.5,1,0.01,5,True,sports_fees_v3,0.05,1,True,0.15,True,50,4.5,1000,1000,600.0,15,16,1791050896298,0.430,0.01,5,0.55,0.56,264.0,1013.0,145.20000000000002,445.71999999999997,567.2800000000001,1.0000000000000009,59057.7368,0.555,797.33,16855.0,3812.33,48621.520000000004,2026-10-03T18:26:23.386227+00:00
1119915,Japan Open Tennis Championships: Valentin Vacherot vs Arthur Fils,atp,Japan Open Tennis Championships,tour,pre_match,-753.6,,,0xc9ec7bd95c242424f4e9bfd1d23942b71e167cf4392edfcbdfd30b7ccf0a9f2d,tennis_game_handicap,Japan Open Tennis Championships: Valentin Vacherot vs Arthur Fils Game Spread +/-3.5,1,0.01,5,True,sports_fees_v3,0.05,1,True,0.15,True,50,4.5,1000,1000,300.0,9,12,1791051959436,0.420,0.01,5,0.56,0.58,1300.0,1082.04,728.0000000000001,454.45680000000004,627.5831999999999,1.9999999999999907,16413.2251,0.5700000000000001,1300.0,16862.45,1300.0,19462.45,2026-10-03T18:26:23.386227+00:00
1119763,China Open: Nikola Bartunkova vs Aryna Sabalenka,wta,China Open,tour,pre_match,-513.6,,,0xad5a71d153e703750030dcd441606059083abe0f22dc83a412bc13188f9f818c,tennis_completed_match,Completed Match,1,0.01,5,True,sports_fees_v3,0.05,1,True,0.15,True,50,4.5,1000,1000,0.0,5,2,1791047457985,,0.01,5,0.08,0.96,15.0,25.0,1.2,1.0000000000000009,24.0,88.0,48.259699999999995,0.52,0.0,0.0,0.0,0.0,2026-10-03T18:26:23.386227+00:00
1119763,China Open: Nikola Bartunkova vs Aryna Sabalenka,wta,China Open,tour,pre_match,-513.6,,,0xf93e9d1f3bcc96bb2e428d3dc77903a6fac4a611b08530138cb225c58723f2a2,tennis_first_set_winner,China Open: Nikola Bartunkova vs Aryna Sabalenka Set 1 Winner,1,0.01,5,True,sports_fees_v3,0.05,1,True,0.15,True,50,4.5,1000,1000,38.461536,19,17,1791051959656,0.220,0.01,5,0.22,0.23,300.0,100.0,66.0,77.0,23.0,1.0000000000000009,19362.5137,0.225,5756.0,2100.0,41583.89,2276.0,2026-10-03T18:26:23.386227+00:00
1119763,China Open: Nikola Bartunkova vs Aryna Sabalenka,wta,China Open,tour,pre_match,-513.6,,,0xf941fe67b9fd95da4ed176f682062f035da24ebd9d1c3d7c3c65edbdd25e0436,tennis_set_winner,China Open: Nikola Bartunkova vs Aryna Sabalenka Set 2 Winner,1,0.01,5,True,sports_fees_v3,0.05,1,True,0.15,True,50,4.5,1000,1000,0.0,14,11,1791051979002,,0.01,5,0.16,0.5,20.0,1026.0,3.2,513.0,513.0,34.0,4336.3453,0.33,0.0,0.0,0.0,0.0,2026-10-03T18:26:23.386227+00:00
1119763,China Open: Nikola Bartunkova vs Aryna Sabalenka,wta,China Open,tour,pre_match,-513.6,,,0xc6fe49d4f8d51c006fc9a4049ec13b9c0c0d1528339d3b24fd1128240f84f810,tennis_set_totals,China Open: Nikola Bartunkova vs Aryna Sabalenka Total Sets: O/U 2.5,1,0.01,5,True,sports_fees_v3,0.05,1,True,0.15,True,50,4.5,1000,1000,0.0,21,21,1791051931414,,0.01,5,0.31,0.33,362.9,10.0,112.499,6.699999999999999,3.3000000000000003,2.0000000000000018,16705.1017,0.32,5067.9,1103.0,29178.52,1118.0,2026-10-03T18:26:23.386227+00:00
1119763,China Open: Nikola Bartunkova vs Aryna Sabalenka,wta,China Open,tour,pre_match,-513.6,,,0x8601fbad3361906a690ba07b089defe3df8d3c28175150a030bbeae7684fdbcc,tennis_first_set_totals,China Open: Nikola Bartunkova vs Aryna Sabalenka Set 1 O/U 8.5,1,0.01,5,True,sports_fees_v3,0.05,1,True,0.15,True,50,4.5,1000,1000,0.0,12,9,1791051979177,,0.01,5,0.67,0.7,100.0,600.0,67.0,180.00000000000003,420.0,2.9999999999999916,5255.4928,0.685,100.0,600.0,100.0,4386.27,2026-10-03T18:26:23.386227+00:00
1119763,China Open: Nikola Bartunkova vs Aryna Sabalenka,wta,China Open,tour,pre_match,-513.6,,,0xaf95638b3d2f015ba24bdf70078d7788bf5040ee0a7117ab04f3e7af1da726ad,tennis_first_set_totals,China Open: Nikola Bartunkova vs Aryna Sabalenka Set 1 O/U 9.5,1,0.01,5,True,sports_fees_v3,0.05,1,True,0.15,True,50,4.5,1000,1000,0.0,12,12,1791051979002,,0.01,5,0.36,0.47,5.0,5.0,1.7999999999999998,2.6500000000000004,2.3499999999999996,10.999999999999998,2821.9363,0.415,0.0,0.0,0.0,0.0,2026-10-03T18:26:23.386227+00:00
1119763,China Open: Nikola Bartunkova vs Aryna Sabalenka,wta,China Open,tour,pre_match,-513.6,,,0x81302ec14e2b26179ddb10b6dd34b090df8dcbc0bf670230c89249b13c60193e,tennis_first_set_totals,China Open: Nikola Bartunkova vs Aryna Sabalenka Set 1 O/U 10.5,1,0.01,5,True,sports_fees_v3,0.05,1,True,0.15,True,50,4.5,1000,1000,0.0,9,11,1791051979258,,0.01,5,0.2,0.24,800.0,100.0,160.0,76.0,24.0,3.9999999999999982,2660.1634,0.22,800.0,100.0,1945.36,105.0,2026-10-03T18:26:23.386227+00:00
1119763,China Open: Nikola Bartunkova vs Aryna Sabalenka,wta,China Open,tour,pre_match,-513.6,,,0x83bb16a39e3ae715905d3b57f63ed19ec7085e0159b80dacf9ae75c9fb31f460,tennis_set_games_totals,China Open: Nikola Bartunkova vs Aryna Sabalenka Set 2 O/U 8.5,1,0.01,5,True,sports_fees_v3,0.05,1,True,0.15,True,50,4.5,1000,1000,0.0,1,2,1791028201900,,0.01,5,0.01,0.98,10.0,500.0,0.1,10.000000000000009,490.0,97.0,500.0,0.495,0.0,0.0,0.0,0.0,2026-10-03T18:26:23.386227+00:00
1119763,China Open: Nikola Bartunkova vs Aryna Sabalenka,wta,China Open,tour,pre_match,-513.6,,,0xd4f40d0eb68c427bab346b0ac30347f9fcb87331922c9cc4e42db7e8e2b649d0,tennis_set_games_totals,China Open: Nikola Bartunkova vs Aryna Sabalenka Set 2 O/U 9.5,1,0.01,5,True,sports_fees_v3,0.05,1,True,0.15,True,50,4.5,1000,1000,0.0,1,2,1791028202126,,0.01,5,0.01,0.98,10.0,500.0,0.1,10.000000000000009,490.0,97.0,500.0,0.495,0.0,0.0,0.0,0.0,2026-10-03T18:26:23.386227+00:00
1119763,China Open: Nikola Bartunkova vs Aryna Sabalenka,wta,China Open,tour,pre_match,-513.6,,,0x59ab753d2e0ca52ad1c005d814bba4c76634fa1faff96bc14b2c0f8d21717cc4,tennis_set_games_totals,China Open: Nikola Bartunkova vs Aryna Sabalenka Set 2 O/U 10.5,1,0.01,5,True,sports_fees_v3,0.05,1,True,0.15,True,50,4.5,1000,1000,0.0,1,2,1791028201900,,0.01,5,0.01,0.98,10.0,500.0,0.1,10.000000000000009,490.0,97.0,500.0,0.495,0.0,0.0,0.0,0.0,2026-10-03T18:26:23.386227+00:00
1119763,China Open: Nikola Bartunkova vs Aryna Sabalenka,wta,China Open,tour,pre_match,-513.6,,,0x2c64477d6d8f088bb8ee2a8a75a3b0b10cb50a79d2bd84728fbd5f4f0733f16b,tennis_match_totals,China Open: Nikola Bartunkova vs Aryna Sabalenka Match O/U 21.5,1,0.01,5,True,sports_fees_v3,0.05,1,True,0.15,True,50,4.5,1000,1000,0.0,19,17,1791051921742,,0.01,5,0.42,0.44,53.64,5.0,22.5288,2.8000000000000003,2.2,2.0000000000000018,3729.4651000000003,0.43,2163.96,10.0,2178.96,25.0,2026-10-03T18:26:23.386227+00:00
1119763,China Open: Nikola Bartunkova vs Aryna Sabalenka,wta,China Open,tour,pre_match,-513.6,,,0xd7a8f1279bc601f9c8b4dbd3ce708879103057585c39001a79af9522646cc462,tennis_match_totals,China Open: Nikola Bartunkova vs Aryna Sabalenka Match O/U 22.5,1,0.01,5,True,sports_fees_v3,0.05,1,True,0.15,True,50,4.5,1000,1000,36.911765,13,15,1791051950117,0.320,0.01,5,0.33,0.46,84.0,9.0,27.720000000000002,4.86,4.140000000000001,13.0,2636.2551,0.395,0.0,0.0,0.0,0.0,2026-10-03T18:26:23.386227+00:00
1119763,China Open: Nikola Bartunkova vs Aryna Sabalenka,wta,China Open,tour,pre_match,-513.6,,,0x1f9cf1a1c28e34d1ec90d5e0658a810bfe25bcc00ede48c77965d5efaa383ffd,tennis_match_totals,China Open: Nikola Bartunkova vs Aryna Sabalenka Match O/U 23.5,1,0.01,5,True,sports_fees_v3,0.05,1,True,0.15,True,50,4.5,1000,1000,0.0,14,15,1791051979156,,0.01,5,0.29,0.39,240.0,24.0,69.6,14.64,9.36,10.000000000000004,2530.3283,0.33999999999999997,0.0,0.0,240.0,0.0,2026-10-03T18:26:23.386227+00:00
1119763,China Open: Nikola Bartunkova vs Aryna Sabalenka,wta,China Open,tour,pre_match,-513.6,,,0xd088bf2c869785fe88ae6d7e46356f494f49f3ab12eeffce7f9d265886874273,tennis_set_handicap,China Open: Nikola Bartunkova vs Aryna Sabalenka Set Handicap +/-1.5,1,0.01,5,True,sports_fees_v3,0.05,1,True,0.15,True,50,4.5,1000,1000,0.0,6,22,1791051459341,,0.01,5,0.06,0.07,200.0,105.0,12.0,97.64999999999999,7.3500000000000005,1.0000000000000009,6453.0538,0.065,7762.0,1105.0,130130.9,1110.0,2026-10-03T18:26:23.386227+00:00
1119763,China Open: Nikola Bartunkova vs Aryna Sabalenka,wta,China Open,tour,pre_match,-513.6,,,0x071ff7efe3ec5697005da7e0943145136f86ecdfa17a73814234c7b3995de02d,tennis_set_handicap,China Open: Nikola Bartunkova vs Aryna Sabalenka Set Handicap +/-1.5,1,0.01,5,True,sports_fees_v3,0.05,1,True,0.15,True,50,4.5,1000,1000,126.890715,21,22,1791051988573,0.370,0.01,5,0.61,0.63,200.0,592.01,122.0,219.0437,372.9663,2.0000000000000018,39372.5201,0.62,1205.0,15966.51,1220.0,25467.51,2026-10-03T18:26:23.386227+00:00
1119763,China Open: Nikola Bartunkova vs Aryna Sabalenka,wta,China Open,tour,pre_match,-513.6,,,0x4c57f1192831e964dced06bb368dc9416c8c58227b79c97df413208fbd2b3038,tennis_game_handicap,China Open: Nikola Bartunkova vs Aryna Sabalenka Game Spread +/-5.5,1,0.01,5,True,sports_fees_v3,0.05,1,True,0.15,True,50,4.5,1000,1000,50.0,16,14,1791051930987,0.570,0.01,5,0.43,0.44,25.0,1000.0,10.75,560.0,440.0,1.0000000000000009,7951.887500000001,0.435,125.0,1005.0,10984.59,1005.0,2026-10-03T18:26:23.386227+00:00
1119762,China Open: Sara Bejlek vs Naomi Osaka,wta,China Open,tour,pre_match,-993.6,,,0xa44108bff115e08370aff2a3b5363a35c3bfd904a78fbaf1866939fb7768cb77,tennis_completed_match,Completed Match,1,0.01,5,True,sports_fees_v3,0.05,1,True,0.15,True,50,4.5,1000,1000,0.0,4,2,1791045225395,,0.01,5,0.08,0.96,15.0,25.0,1.2,1.0000000000000009,24.0,88.0,45.259699999999995,0.52,0.0,0.0,0.0,0.0,2026-10-03T18:26:23.386227+00:00
1119762,China Open: Sara Bejlek vs Naomi Osaka,wta,China Open,tour,pre_match,-993.6,,,0x93dab33608a3d968b59766b6b70c194e8ff804e9f847bd0478843b5ddfa1adf1,tennis_first_set_winner,China Open: Sara Bejlek vs Naomi Osaka Set 1 Winner,1,0.01,5,True,sports_fees_v3,0.05,1,True,0.15,True,50,4.5,1000,1000,0.0,19,15,1791051988971,,0.01,5,0.31,0.32,2710.0,100.0,840.1,68.0,32.0,1.0000000000000009,14542.6323,0.315,8128.0,2105.0,29655.0,2110.0,2026-10-03T18:26:23.386227+00:00
1119762,China Open: Sara Bejlek vs Naomi Osaka,wta,China Open,tour,pre_match,-993.6,,,0xae703264e3d338e8e10ae5a97592f0bb725106b18a403e6e2f358267b456aa95,tennis_set_winner,China Open: Sara Bejlek vs Naomi Osaka Set 2 Winner,1,0.01,5,True,sports_fees_v3,0.05,1,True,0.15,True,50,4.5,1000,1000,0.0,13,9,1791051989002,,0.01,5,0.27,0.37,10.0,10.0,2.7,6.3,3.7,9.999999999999998,2453.908,0.32,0.0,0.0,10.0,10.0,2026-10-03T18:26:23.386227+00:00
1119762,China Open: Sara Bejlek vs Naomi Osaka,wta,China Open,tour,pre_match,-993.6,,,0x260cffdfc95a5d302a4858b3f9fbfd32c2b17fbfc954b00af0a174ee5a6d1e9e,tennis_set_totals,China Open: Sara Bejlek vs Naomi Osaka Total Sets: O/U 2.5,1,0.01,5,True,sports_fees_v3,0.05,1,True,0.15,True,50,4.5,1000,1000,0.0,18,18,1791051988572,,0.01,5,0.33,0.35,1128.39,100.0,372.36870000000005,65.0,35.0,1.9999999999999962,22166.720999999998,0.33999999999999997,12860.39,1340.62,41485.2,1355.62,2026-10-03T18:26:23.386227+00:00
1119762,China Open: Sara Bejlek vs Naomi Osaka,wta,China Open,tour,pre_match,-993.6,,,0xcb3d978a1aa921d0e8768cb16d3f8f6fb3ab3b687b1c975343ef4df4681e1d57,tennis_first_set_totals,China Open: Sara Bejlek vs Naomi Osaka Set 1 O/U 8.5,1,0.01,5,True,sports_fees_v3,0.05,1,True,0.15,True,50,4.5,1000,1000,0.0,7,8,1791051810631,,0.01,5,0.66,0.7,100.0,800.0,66.0,240.00000000000003,560.0,3.9999999999999925,2976.5981,0.6799999999999999,100.0,800.0,100.0,2851.9300000000003,2026-10-03T18:26:23.386227+00:00
1119762,China Open: Sara Bejlek vs Naomi Osaka,wta,China Open,tour,pre_match,-993.6,,,0x248766115685c19ff659fb24be7d2ad23debb666d507d7b8e7a3b9adc03afbc2,tennis_first_set_totals,China Open: Sara Bejlek vs Naomi Osaka Set 1 O/U 9.5,1,0.01,5,True,sports_fees_v3,0.05,1,True,0.15,True,50,4.5,1000,1000,0.0,7,9,1791051810598,,0.01,5,0.38,0.49,5.0,5.0,1.9,2.55,2.45,10.999999999999998,969.7402,0.435,0.0,0.0,0.0,0.0,2026-10-03T18:26:23.386227+00:00
1119762,China Open: Sara Bejlek vs Naomi Osaka,wta,China Open,tour,pre_match,-993.6,,,0x2c4b40d7680ad09b37fd0199b6cbfbeb029aae70b5d4e544c399272d65d60da4,tennis_first_set_totals,China Open: Sara Bejlek vs Naomi Osaka Set 1 O/U 10.5,1,0.01,5,True,sports_fees_v3,0.05,1,True,0.15,True,50,4.5,1000,1000,0.0,7,8,1791051989001,,0.01,5,0.2,0.24,800.0,100.0,160.0,76.0,24.0,3.9999999999999982,1268.5418,0.22,800.0,100.0,1813.3600000000001,100.0,2026-10-03T18:26:23.386227+00:00
1119762,China Open: Sara Bejlek vs Naomi Osaka,wta,China Open,tour,pre_match,-993.6,,,0x52e79fa185fcafb36092b356dd49ad0147787c5481aa514ea393c643cb5badda,tennis_set_games_totals,China Open: Sara Bejlek vs Naomi Osaka Set 2 O/U 8.5,1,0.01,5,True,sports_fees_v3,0.05,1,True,0.15,True,50,4.5,1000,1000,0.0,1,2,1791028202001,,0.01,5,0.01,0.98,10.0,500.0,0.1,10.000000000000009,490.0,97.0,500.0,0.495,0.0,0.0,0.0,0.0,2026-10-03T18:26:23.386227+00:00
1119762,China Open: Sara Bejlek vs Naomi Osaka,wta,China Open,tour,pre_match,-993.6,,,0x2fddb9605461a93018da308061bf2283f086ca837d4d2fa11fba41aa1d2fc850,tennis_set_games_totals,China Open: Sara Bejlek vs Naomi Osaka Set 2 O/U 9.5,1,0.01,5,True,sports_fees_v3,0.05,1,True,0.15,True,50,4.5,1000,1000,0.0,1,2,1791028202122,,0.01,5,0.01,0.98,10.0,500.0,0.1,10.000000000000009,490.0,97.0,500.0,0.495,0.0,0.0,0.0,0.0,2026-10-03T18:26:23.386227+00:00
1119762,China Open: Sara Bejlek vs Naomi Osaka,wta,China Open,tour,pre_match,-993.6,,,0x048a05a90410cfc569bdcf03bd027058b12c3667ba6eb6c5be2bba7bd110094c,tennis_set_games_totals,China Open: Sara Bejlek vs Naomi Osaka Set 2 O/U 10.5,1,0.01,5,True,sports_fees_v3,0.05,1,True,0.15,True,50,4.5,1000,1000,0.0,1,2,1791028202002,,0.01,5,0.01,0.98,10.0,500.0,0.1,10.000000000000009,490.0,97.0,500.0,0.495,0.0,0.0,0.0,0.0,2026-10-03T18:26:23.386227+00:00
1119762,China Open: Sara Bejlek vs Naomi Osaka,wta,China Open,tour,pre_match,-993.6,,,0x70d300583b7ed907f7cffbd59f2de770b811a853253cd5cf49693a1e9c02523b,tennis_match_totals,China Open: Sara Bejlek vs Naomi Osaka Match O/U 21.5,1,0.01,5,True,sports_fees_v3,0.05,1,True,0.15,True,50,4.5,1000,1000,0.0,13,15,1791051867487,,0.01,5,0.44,0.46,2049.39,1200.0,901.7316,648.0,552.0,2.0000000000000018,7903.1255,0.45,3455.96,2205.0,10023.88,5608.0,2026-10-03T18:26:23.386227+00:00
1119762,China Open: Sara Bejlek vs Naomi Osaka,wta,China Open,tour,pre_match,-993.6,,,0x7c85fc94d468d3b69b40c2e136c1716189907844c8861f9f269ed11bef22d758,tennis_match_totals,China Open: Sara Bejlek vs Naomi Osaka Match O/U 22.5,1,0.01,5,True,sports_fees_v3,0.05,1,True,0.15,True,50,4.5,1000,1000,0.0,12,8,1791051995054,,0.01,5,0.35,0.45,5.0,5.0,1.75,2.75,2.25,10.000000000000004,950.4275,0.4,0.0,0.0,0.0,5.0,2026-10-03T18:26:23.386227+00:00
1119762,China Open: Sara Bejlek vs Naomi Osaka,wta,China Open,tour,pre_match,-993.6,,,0xb089cf5279bc460a9a8dbc243e5561d24e9354779ea15bd63292d7a3bbc35c8e,tennis_match_totals,China Open: Sara Bejlek vs Naomi Osaka Match O/U 23.5,1,0.01,5,True,sports_fees_v3,0.05,1,True,0.15,True,50,4.5,1000,1000,0.0,9,12,1791051994977,,0.01,5,0.3,0.47,86.0,9.0,25.8,4.7700000000000005,4.2299999999999995,17.0,736.7318,0.385,0.0,0.0,0.0,0.0,2026-10-03T18:26:23.386227+00:00
1119762,China Open: Sara Bejlek vs Naomi Osaka,wta,China Open,tour,pre_match,-993.6,,,0x630a35d2d32216a28d3560e937193361d4efebb84feaf6e2e70053b53973464d,tennis_set_handicap,China Open: Sara Bejlek vs Naomi Osaka Set Handicap +/-1.5,1,0.01,5,True,sports_fees_v3,0.05,1,True,0.15,True,50,4.5,1000,1000,0.0,17,18,1791051988756,,0.01,5,0.5,0.52,438.0,448.0,219.0,215.04,232.96,2.0000000000000018,32097.5591,0.51,8841.0,8385.9,20524.61,24071.989999999998,2026-10-03T18:26:23.386227+00:00
1119762,China Open: Sara Bejlek vs Naomi Osaka,wta,China Open,tour,pre_match,-993.6,,,0x1d8203e094420207f1a17cde1e483549e92c62564f9993b548dd2b9e4d9bc547,tennis_game_handicap,China Open: Sara Bejlek vs Naomi Osaka Game Spread +/-4.5,1,0.01,5,True,sports_fees_v3,0.05,1,True,0.15,True,50,4.5,1000,1000,0.0,14,17,1791051914480,,0.01,5,0.47,0.49,50.0,1000.0,23.5,510.0,490.0,2.0000000000000018,8856.822,0.48,1360.09,2000.0,9179.15,3694.0,2026-10-03T18:26:23.386227+00:00
1118651,Japan Open Tennis Championships: Jaume Munar vs Kyrian Jacquet,atp,Japan Open Tennis Championships,tour,pre_match,-453.6,,,0x84adf7f8261875b3c365e02f3d1d02e6114786cb70bd6fc372b386d0d7b4fc9a,tennis_completed_match,Completed Match,1,0.01,5,True,sports_fees_v3,0.05,1,True,0.15,True,50,4.5,1000,1000,0.0,6,1,1791051855229,,0.01,5,0.1,0.96,10.0,25.0,1.0,1.0000000000000009,24.0,86.0,44.139700000000005,0.53,0.0,0.0,0.0,0.0,2026-10-03T18:26:23.386227+00:00
1118651,Japan Open Tennis Championships: Jaume Munar vs Kyrian Jacquet,atp,Japan Open Tennis Championships,tour,pre_match,-453.6,,,0xba376000601c651935a116e8aca06fb55b022e95a5b18e4eb16c57723a3d2bfc,tennis_first_set_winner,Japan Open Tennis Championships: Jaume Munar vs Kyrian Jacquet Set 1 Winner,1,0.01,5,True,sports_fees_v3,0.05,1,True,0.15,True,50,4.5,1000,1000,103.448276,14,17,1791051959441,0.420,0.01,5,0.54,0.55,2300.0,100.0,1242.0,44.99999999999999,55.00000000000001,1.0000000000000009,74758.2865,0.545,4300.0,3041.0,23767.0,50197.03,2026-10-03T18:26:23.386227+00:00
1118651,Japan Open Tennis Championships: Jaume Munar vs Kyrian Jacquet,atp,Japan Open Tennis Championships,tour,pre_match,-453.6,,,0x8a24bdffc40a02f1c9a3f4d2431cfdff9f03f47dce09b49c3148a13c9bec8829,tennis_set_winner,Japan Open Tennis Championships: Jaume Munar vs Kyrian Jacquet Set 2 Winner,1,0.01,5,True,sports_fees_v3,0.05,1,True,0.15,True,50,4.5,1000,1000,0.0,6,9,1791051977004,,0.01,5,0.5,0.6,1173.7,15.0,586.85,6.0,9.0,9.999999999999998,8963.3189,0.55,0.0,0.0,1173.7,15.0,2026-10-03T18:26:23.386227+00:00
1118651,Japan Open Tennis Championships: Jaume Munar vs Kyrian Jacquet,atp,Japan Open Tennis Championships,tour,pre_match,-453.6,,,0x0ad84fb775502105ac46f122cf5791d89cb9cda48f55b532b8d905f8499edcb0,tennis_set_totals,Japan Open Tennis Championships: Jaume Munar vs Kyrian Jacquet Total Sets: O/U 2.5,1,0.01,5,True,sports_fees_v3,0.05,1,True,0.15,True,50,4.5,1000,1000,2.439025,16,15,1791051557064,0.590,0.01,5,0.39,0.41,6508.3,97.56,2538.237,57.56040000000001,39.9996,1.9999999999999962,42247.1921,0.4,30572.309999999998,1097.56,56853.31,1117.56,2026-10-03T18:26:23.386227+00:00
1118651,Japan Open Tennis Championships: Jaume Munar vs Kyrian Jacquet,atp,Japan Open Tennis Championships,tour,pre_match,-453.6,,,0x7970263c3571488c7cd29af580f6fb6365fce4519c4ad0a6c2883223f6e2eeb6,tennis_first_set_totals,Japan Open Tennis Championships: Jaume Munar vs Kyrian Jacquet Set 1 O/U 8.5,1,0.01,5,True,sports_fees_v3,0.05,1,True,0.15,True,50,4.5,1000,1000,0.0,9,10,1791051485146,,0.01,5,0.77,0.79,130.0,200.0,100.10000000000001,41.99999999999999,158.0,2.0000000000000018,9037.9796,0.78,130.0,800.0,130.0,7685.53,2026-10-03T18:26:23.386227+00:00
1118651,Japan Open Tennis Championships: Jaume Munar vs Kyrian Jacquet,atp,Japan Open Tennis Championships,tour,pre_match,-453.6,,,0x05d35b3341fd748d1c8f0f2bb2ba1299a2df6953f04c74ba61eb0616adaf23f8,tennis_first_set_totals,Japan Open Tennis Championships: Jaume Munar vs Kyrian Jacquet Set 1 O/U 9.5,1,0.01,5,True,sports_fees_v3,0.05,1,True,0.15,True,50,4.5,1000,1000,0.0,9,9,1791051977001,,0.01,5,0.49,0.6,605.0,600.0,296.45,240.0,360.0,10.999999999999998,3178.4404000000004,0.5449999999999999,0.0,0.0,0.0,0.0,2026-10-03T18:26:23.386227+00:00
1118651,Japan Open Tennis Championships: Jaume Munar vs Kyrian Jacquet,atp,Japan Open Tennis Championships,tour,pre_match,-453.6,,,0x176f6b6cc7eba8f43ef1b6429bef418290231bd30f65ff1683ff1f93731cebc1,tennis_first_set_totals,Japan Open Tennis Championships: Jaume Munar vs Kyrian Jacquet Set 1 O/U 10.5,1,0.01,5,True,sports_fees_v3,0.05,1,True,0.15,True,50,4.5,1000,1000,0.0,8,11,1791051977002,,0.01,5,0.27,0.31,800.0,100.0,216.0,69.0,31.0,3.9999999999999982,5386.5061,0.29000000000000004,800.0,100.0,10767.65,100.0,2026-10-03T18:26:23.386227+00:00
1118651,Japan Open Tennis Championships: Jaume Munar vs Kyrian Jacquet,atp,Japan Open Tennis Championships,tour,pre_match,-453.6,,,0x605fa21246d1bd22f312cab3ffbdb2e8a10d0c429dc04ee73ae06071cbcfdb44,tennis_set_games_totals,Japan Open Tennis Championships: Jaume Munar vs Kyrian Jacquet Set 2 O/U 8.5,1,0.01,5,True,sports_fees_v3,0.05,1,True,0.15,True,50,4.5,1000,1000,0.0,0,1,1791050840732,,0.01,5,,0.98,0.0,500.0,0.0,10.000000000000009,490.0,,490.0,,,,,,2026-10-03T18:26:23.386227+00:00
1118651,Japan Open Tennis Championships: Jaume Munar vs Kyrian Jacquet,atp,Japan Open Tennis Championships,tour,pre_match,-453.6,,,0x49a24dff5a16d451b1f61176e6b2aee92e6f617ca650e972363438d024502500,tennis_set_games_totals,Japan Open Tennis Championships: Jaume Munar vs Kyrian Jacquet Set 2 O/U 9.5,1,0.01,5,True,sports_fees_v3,0.05,1,True,0.15,True,50,4.5,1000,1000,0.0,0,1,1791050840701,,0.01,5,,0.98,0.0,560.0,0.0,11.20000000000001,548.8,,548.8,,,,,,2026-10-03T18:26:23.386227+00:00
1118651,Japan Open Tennis Championships: Jaume Munar vs Kyrian Jacquet,atp,Japan Open Tennis Championships,tour,pre_match,-453.6,,,0x0595c5255a932a10c117df3b47345e97e8b7d355d61b97f9f3adc50f0ab8d099,tennis_set_games_totals,Japan Open Tennis Championships: Jaume Munar vs Kyrian Jacquet Set 2 O/U 10.5,1,0.01,5,True,sports_fees_v3,0.05,1,True,0.15,True,50,4.5,1000,1000,0.0,0,1,1791050840750,,0.01,5,,0.98,0.0,560.0,0.0,11.20000000000001,548.8,,548.8,,,,,,2026-10-03T18:26:23.386227+00:00
1118651,Japan Open Tennis Championships: Jaume Munar vs Kyrian Jacquet,atp,Japan Open Tennis Championships,tour,pre_match,-453.6,,,0x6fb910aadde1bcfb7f51130778dc8fa5c92bb9c1417574db2f2d1eb5c87df0ba,tennis_match_totals,Japan Open Tennis Championships: Jaume Munar vs Kyrian Jacquet Match O/U 21.5,1,0.01,5,True,sports_fees_v3,0.05,1,True,0.15,True,50,4.5,1000,1000,33.898304,14,14,1791051995295,0.410,0.01,5,0.57,0.58,100.0,1422.0,56.99999999999999,597.24,824.76,1.0000000000000009,16211.5376,0.575,1100.0,8320.68,1120.0,20396.22,2026-10-03T18:26:23.386227+00:00
1118651,Japan Open Tennis Championships: Jaume Munar vs Kyrian Jacquet,atp,Japan Open Tennis Championships,tour,pre_match,-453.6,,,0x7151f109e6ff85c3fd9f2036bf2b13af8106ef5f1ec529f35810b9f38656e360,tennis_match_totals,Japan Open Tennis Championships: Jaume Munar vs Kyrian Jacquet Match O/U 22.5,1,0.01,5,True,sports_fees_v3,0.05,1,True,0.15,True,50,4.5,1000,1000,10.0,10,14,1791051486296,0.500,0.01,5,0.49,0.5,382.58,415.0,187.46419999999998,207.5,207.5,1.0000000000000009,20969.6017,0.495,3122.08,7254.94,18602.54,18877.04,2026-10-03T18:26:23.386227+00:00
1118651,Japan Open Tennis Championships: Jaume Munar vs Kyrian Jacquet,atp,Japan Open Tennis Championships,tour,pre_match,-453.6,,,0x8d1432cfa9f17a29d6be3a5e2552fc6be72b97b23e13a3875c1a727b741ef8d4,tennis_match_totals,Japan Open Tennis Championships: Jaume Munar vs Kyrian Jacquet Match O/U 23.5,1,0.01,5,True,sports_fees_v3,0.05,1,True,0.15,True,50,4.5,1000,1000,0.0,11,15,1791051486605,,0.01,5,0.43,0.44,1659.0,100.0,713.37,56.00000000000001,44.0,1.0000000000000009,13052.0066,0.435,8972.29,1100.0,22912.35,3120.0,2026-10-03T18:26:23.386227+00:00
1118651,Japan Open Tennis Championships: Jaume Munar vs Kyrian Jacquet,atp,Japan Open Tennis Championships,tour,pre_match,-453.6,,,0xd170fc585939d7ac84fefb808aea8a1f3da4e6f949212608255f4419f9ace2f2,tennis_set_handicap,Japan Open Tennis Championships: Jaume Munar vs Kyrian Jacquet Set Handicap +/-1.5,1,0.01,5,True,sports_fees_v3,0.05,1,True,0.15,True,50,4.5,1000,1000,0.0,15,16,1791051959869,,0.01,5,0.35,0.37,5060.0,385.7,1771.0,242.99099999999999,142.709,2.0000000000000018,35995.3518,0.36,32825.92,1385.7,63957.92,1400.7,2026-10-03T18:26:23.386227+00:00
1118651,Japan Open Tennis Championships: Jaume Munar vs Kyrian Jacquet,atp,Japan Open Tennis Championships,tour,pre_match,-453.6,,,0x337f1a21bfba92c291f015602127be3302b61e9a5a7488984525bf9caf4b1ba9,tennis_game_handicap,Japan Open Tennis Championships: Jaume Munar vs Kyrian Jacquet Game Spread +/-2.5,1,0.01,5,True,sports_fees_v3,0.05,1,True,0.15,True,50,4.5,1000,1000,12.703704,10,9,1791051959564,0.460,0.01,5,0.47,0.49,1000.0,1000.0,470.0,510.0,490.0,2.0000000000000018,17896.9475,0.48,6522.27,2000.0,22572.98,11693.380000000001,2026-10-03T18:26:23.386227+00:00
1118486,China Open: Polina Kudermetova vs Mirra Andreeva,wta,China Open,tour,pre_match,-633.6,,,0xb94255bb5b9f8eab0d015a6e7254fbbaec7843a70862f6d014016fda08b524a1,tennis_completed_match,Completed Match,1,0.01,5,True,sports_fees_v3,0.05,1,True,0.15,True,50,4.5,1000,1000,0.0,6,1,1791047464016,,0.01,5,0.09,0.96,50.0,25.0,4.5,1.0000000000000009,24.0,87.0,40.5197,0.525,0.0,0.0,0.0,0.0,2026-10-03T18:26:23.386227+00:00
1118486,China Open: Polina Kudermetova vs Mirra Andreeva,wta,China Open,tour,pre_match,-633.6,,,0x378c3fdee922c7472527c67cadfd45e42fe4b25521e64ca553a6e15a5537d68a,tennis_first_set_winner,China Open: Polina Kudermetova vs Mirra Andreeva Set 1 Winner,1,0.01,5,True,sports_fees_v3,0.05,1,True,0.15,True,50,4.5,1000,1000,0.0,13,15,1791051988573,,0.01,5,0.14,0.16,4535.0,1200.0,634.9000000000001,1008.0,192.0,1.9999999999999991,12470.7148,0.15000000000000002,4535.0,1200.0,44737.54,1332.0,2026-10-03T18:26:23.386227+00:00
1118486,China Open: Polina Kudermetova vs Mirra Andreeva,wta,China Open,tour,pre_match,-633.6,,,0x0e8378578558cd2aa929c146d125d1d97f5da825b5572144746e269e790f04d3,tennis_set_winner,China Open: Polina Kudermetova vs Mirra Andreeva Set 2 Winner,1,0.01,5,True,sports_fees_v3,0.05,1,True,0.15,True,50,4.5,1000,1000,0.0,9,9,1791051999816,,0.01,5,0.12,0.5,34.0,900.0,4.08,450.0,450.0,38.0,3408.5447,0.31,0.0,0.0,0.0,0.0,2026-10-03T18:26:23.386227+00:00
1118486,China Open: Polina Kudermetova vs Mirra Andreeva,wta,China Open,tour,pre_match,-633.6,,,0x82e16b722880b674f098787ebf1f088b1b3e10941b51f157ddd9ee596f4e84aa,tennis_set_totals,China Open: Polina Kudermetova vs Mirra Andreeva Total Sets: O/U 2.5,1,0.01,5,True,sports_fees_v3,0.05,1,True,0.15,True,50,4.5,1000,1000,0.0,15,16,1791051534508,,0.01,5,0.2,0.22,326.5,105.0,65.3,81.9,23.1,1.9999999999999991,10135.617,0.21000000000000002,326.5,1259.0,26453.23,1274.0,2026-10-03T18:26:23.386227+00:00
1118486,China Open: Polina Kudermetova vs Mirra Andreeva,wta,China Open,tour,pre_match,-633.6,,,0xe55995aa3353817c14f1060f07b26ac37d2ab7de3d9f9026c0be91b0b72511f9,tennis_first_set_totals,China Open: Polina Kudermetova vs Mirra Andreeva Set 1 O/U 8.5,1,0.01,5,True,sports_fees_v3,0.05,1,True,0.15,True,50,4.5,1000,1000,172.407072,11,11,1791051987090,0.550,0.01,5,0.53,0.57,200.0,800.0,106.0,344.00000000000006,455.99999999999994,3.9999999999999925,4068.6597999999994,0.55,200.0,800.0,248.65,3177.33,2026-10-03T18:26:23.386227+00:00
1118486,China Open: Polina Kudermetova vs Mirra Andreeva,wta,China Open,tour,pre_match,-633.6,,,0x1b6144be05041a1de266649bcdd0f49e68992be38e2189500de5e74b7a695143,tennis_first_set_totals,China Open: Polina Kudermetova vs Mirra Andreeva Set 1 O/U 9.5,1,0.01,5,True,sports_fees_v3,0.05,1,True,0.15,True,50,4.5,1000,1000,0.0,6,6,1791050911856,,0.01,5,0.29,0.38,600.0,5.0,174.0,3.1,1.9,9.000000000000002,1186.1994,0.33499999999999996,0.0,0.0,600.0,5.0,2026-10-03T18:26:23.386227+00:00
1118486,China Open: Polina Kudermetova vs Mirra Andreeva,wta,China Open,tour,pre_match,-633.6,,,0x46ee6b6f1849114428d4d0faad6f09075b1262b1b68f4804d66a3fb0108bf5d9,tennis_first_set_totals,China Open: Polina Kudermetova vs Mirra Andreeva Set 1 O/U 10.5,1,0.01,5,True,sports_fees_v3,0.05,1,True,0.15,True,50,4.5,1000,1000,5.0,5,8,1791051857823,0.800,0.01,5,0.14,0.17,100.0,100.0,14.000000000000002,83.0,17.0,3.0,1946.6219,0.15500000000000003,100.0,100.0,2427.09,100.0,2026-10-03T18:26:23.386227+00:00
1118486,China Open: Polina Kudermetova vs Mirra Andreeva,wta,China Open,tour,pre_match,-633.6,,,0x5206dce07ff4f4b75fa4f8c59f2b8ec48c74b20d6a7800c509800d4f5eef122e,tennis_set_games_totals,China Open: Polina Kudermetova vs Mirra Andreeva Set 2 O/U 8.5,1,0.01,5,True,sports_fees_v3,0.05,1,True,0.15,True,50,4.5,1000,1000,0.0,0,1,1791028202007,,0.01,5,,0.98,0.0,500.0,0.0,10.000000000000009,490.0,,490.0,,,,,,2026-10-03T18:26:23.386227+00:00
1118486,China Open: Polina Kudermetova vs Mirra Andreeva,wta,China Open,tour,pre_match,-633.6,,,0x1e788831fe1ecacf8637b4eaab870f4108f1527eb9571d6f653369b10e77862b,tennis_set_games_totals,China Open: Polina Kudermetova vs Mirra Andreeva Set 2 O/U 9.5,1,0.01,5,True,sports_fees_v3,0.05,1,True,0.15,True,50,4.5,1000,1000,0.0,0,1,1791028201897,,0.01,5,,0.98,0.0,500.0,0.0,10.000000000000009,490.0,,490.0,,,,,,2026-10-03T18:26:23.386227+00:00
1118486,China Open: Polina Kudermetova vs Mirra Andreeva,wta,China Open,tour,pre_match,-633.6,,,0x32f34ad7f2b6635bd94d3b43cd2b0f8b74c4f4f22368a8fa3942e0389fcd6322,tennis_set_games_totals,China Open: Polina Kudermetova vs Mirra Andreeva Set 2 O/U 10.5,1,0.01,5,True,sports_fees_v3,0.05,1,True,0.15,True,50,4.5,1000,1000,0.0,0,1,1791028202121,,0.01,5,,0.98,0.0,500.0,0.0,10.000000000000009,490.0,,490.0,,,,,,2026-10-03T18:26:23.386227+00:00
1118486,China Open: Polina Kudermetova vs Mirra Andreeva,wta,China Open,tour,pre_match,-633.6,,,0x474907c47b2f5fa59313f86b28c6ff20389e3154290a3def1ef5aa663599285d,tennis_match_totals,China Open: Polina Kudermetova vs Mirra Andreeva Match O/U 21.5,1,0.01,5,True,sports_fees_v3,0.05,1,True,0.15,True,50,4.5,1000,1000,15.78947,13,14,1791051987000,0.240,0.01,5,0.25,0.36,100.0,7.0,25.0,4.48,2.52,10.999999999999998,2597.1499,0.305,0.0,0.0,0.0,0.0,2026-10-03T18:26:23.386227+00:00
1118486,China Open: Polina Kudermetova vs Mirra Andreeva,wta,China Open,tour,pre_match,-633.6,,,0xca1bf3311afcad36e00edf18a7e4c5b3d0bff68c5f5d7475b18ec035544d06d2,tennis_match_totals,China Open: Polina Kudermetova vs Mirra Andreeva Match O/U 22.5,1,0.01,5,True,sports_fees_v3,0.05,1,True,0.15,True,50,4.5,1000,1000,0.0,6,10,1791051987003,,0.01,5,0.17,0.47,240.0,7.0,40.800000000000004,3.71,3.29,29.999999999999993,2341.3853,0.32,0.0,0.0,0.0,0.0,2026-10-03T18:26:23.386227+00:00
1118486,China Open: Polina Kudermetova vs Mirra Andreeva,wta,China Open,tour,pre_match,-633.6,,,0x20e7273b4412cc68a22166d65b93cd8d0f54a258591a9779387e8360549567ca,tennis_match_totals,China Open: Polina Kudermetova vs Mirra Andreeva Match O/U 23.5,1,0.01,5,True,sports_fees_v3,0.05,1,True,0.15,True,50,4.5,1000,1000,0.0,5,5,1791051713311,,0.01,5,0.11,0.32,100.06,88.0,11.0066,59.839999999999996,28.16,21.000000000000004,611.8765999999999,0.215,0.0,0.0,0.0,0.0,2026-10-03T18:26:23.386227+00:00
1118486,China Open: Polina Kudermetova vs Mirra Andreeva,wta,China Open,tour,pre_match,-633.6,,,0xeb67a2b14a2fd01e82d3d883d760a39a7e6289acd957c5f96934c6581ae89107,tennis_set_handicap,China Open: Polina Kudermetova vs Mirra Andreeva Set Handicap +/-1.5,1,0.01,5,True,sports_fees_v3,0.05,1,True,0.15,True,50,4.5,1000,1000,0.0,4,17,1791051534492,,0.01,5,0.04,0.07,6.41,100.0,0.2564,93.0,7.000000000000001,3.0000000000000004,1393.4228999999998,0.05500000000000001,6.41,100.0,405.23,105.0,2026-10-03T18:26:23.386227+00:00
1118486,China Open: Polina Kudermetova vs Mirra Andreeva,wta,China Open,tour,pre_match,-633.6,,,0x2070515fb3b3f21bb09b4025b1b5b62f25f844dd838b487c1e75a6f91db6d102,tennis_set_handicap,China Open: Polina Kudermetova vs Mirra Andreeva Set Handicap +/-1.5,1,0.01,5,True,sports_fees_v3,0.05,1,True,0.15,True,50,4.5,1000,1000,0.0,20,17,1791051959443,,0.01,5,0.74,0.76,105.0,156.19,77.7,37.4856,118.70439999999999,2.0000000000000018,57353.412200000006,0.75,1105.0,2999.19,1120.0,30139.58,2026-10-03T18:26:23.386227+00:00
1118486,China Open: Polina Kudermetova vs Mirra Andreeva,wta,China Open,tour,pre_match,-633.6,,,0x2d53a5ee1dacc6a722299bf4659550e3913e2ba9d58074f8ee14609f11b57b4b,tennis_game_handicap,China Open: Polina Kudermetova vs Mirra Andreeva Game Spread +/-6.5,1,0.01,5,True,sports_fees_v3,0.05,1,True,0.15,True,50,4.5,1000,1000,98.076924,14,18,1791051900092,0.480,0.01,5,0.49,0.5,99.0,263.72,48.51,131.86,131.86,1.0000000000000009,15642.243599999998,0.495,1789.29,2684.8199999999997,10809.99,10322.0,2026-10-03T18:26:23.386227+00:00
1118485,China Open: Karolina Muchova vs Liudmila Samsonova,wta,China Open,tour,pre_match,-1083.6,,,0x9855599c3d4af6fad4d5bdebd42656eb622bcdaa019a1feb2a9667cbf7ddf4f7,tennis_completed_match,Completed Match,1,0.01,5,True,sports_fees_v3,0.05,1,True,0.15,True,50,4.5,1000,1000,0.0,4,1,1791045202660,,0.01,5,0.08,0.96,15.0,25.0,1.2,1.0000000000000009,24.0,88.0,33.7997,0.52,0.0,0.0,0.0,0.0,2026-10-03T18:26:23.386227+00:00
1118485,China Open: Karolina Muchova vs Liudmila Samsonova,wta,China Open,tour,pre_match,-1083.6,,,0x085758cc296e0d9df266216f461404abc9311416f4c03e25ee6196a4fcca682c,tennis_first_set_winner,China Open: Karolina Muchova vs Liudmila Samsonova Set 1 Winner,1,0.01,5,True,sports_fees_v3,0.05,1,True,0.15,True,50,4.5,1000,1000,0.0,15,18,1791051935378,,0.01,5,0.69,0.71,100.0,3350.0,69.0,971.5000000000001,2378.5,2.0000000000000018,46791.857599999996,0.7,2100.0,15262.0,2105.0,39125.729999999996,2026-10-03T18:26:23.386227+00:00
1118485,China Open: Karolina Muchova vs Liudmila Samsonova,wta,China Open,tour,pre_match,-1083.6,,,0xfde518831437d0ac606470aa4de07a8d24e2ac0f195b61f933f980dec9bae77c,tennis_set_winner,China Open: Karolina Muchova vs Liudmila Samsonova Set 2 Winner,1,0.01,5,True,sports_fees_v3,0.05,1,True,0.15,True,50,4.5,1000,1000,0.0,9,12,1791051990001,,0.01,5,0.66,0.77,93.0,12.0,61.38,2.76,9.24,10.999999999999998,4213.5199999999995,0.7150000000000001,0.0,0.0,0.0,0.0,2026-10-03T18:26:23.386227+00:00
1118485,China Open: Karolina Muchova vs Liudmila Samsonova,wta,China Open,tour,pre_match,-1083.6,,,0x7a88e7f2602bd38ee42ef2b3874f8ccfd489083556822414191f451b7fe384ba,tennis_set_totals,China Open: Karolina Muchova vs Liudmila Samsonova Total Sets: O/U 2.5,1,0.01,5,True,sports_fees_v3,0.05,1,True,0.15,True,50,4.5,1000,1000,0.0,19,16,1791051960592,,0.01,5,0.31,0.33,1597.0,100.0,495.07,67.0,33.0,2.0000000000000018,16330.759100000001,0.32,16766.36,1195.0,35380.36,1210.0,2026-10-03T18:26:23.386227+00:00
1118485,China Open: Karolina Muchova vs Liudmila Samsonova,wta,China Open,tour,pre_match,-1083.6,,,0x95bae89acff5fb7f2a0b0f5e3be1ce9dfa3c2dbf3d593b6656d99b3d527776d6,tennis_first_set_totals,China Open: Karolina Muchova vs Liudmila Samsonova Set 1 O/U 8.5,1,0.01,5,True,sports_fees_v3,0.05,1,True,0.15,True,50,4.5,1000,1000,3.448276,5,8,1791050771253,0.710,0.01,5,0.69,0.72,100.0,38.0,69.0,10.64,27.36,3.0000000000000027,2955.2074000000002,0.705,100.0,38.0,100.0,2733.16,2026-10-03T18:26:23.386227+00:00
1118485,China Open: Karolina Muchova vs Liudmila Samsonova,wta,China Open,tour,pre_match,-1083.6,,,0x7628e297bdde587732f447a8cf2ad2c3522aaf48053317f9687d01f5e41ca40d,tennis_first_set_totals,China Open: Karolina Muchova vs Liudmila Samsonova Set 1 O/U 9.5,1,0.01,5,True,sports_fees_v3,0.05,1,True,0.15,True,50,4.5,1000,1000,0.0,7,6,1791051990003,,0.01,5,0.39,0.51,5.0,5.0,1.9500000000000002,2.45,2.55,12.0,978.6688999999999,0.45,0.0,0.0,0.0,0.0,2026-10-03T18:26:23.386227+00:00
1118485,China Open: Karolina Muchova vs Liudmila Samsonova,wta,China Open,tour,pre_match,-1083.6,,,0xca080a3952c3a3d6b872549eb6a8339a2f14e1d1a16c9fe8ca525a7ef0def401,tennis_first_set_totals,China Open: Karolina Muchova vs Liudmila Samsonova Set 1 O/U 10.5,1,0.01,5,True,sports_fees_v3,0.05,1,True,0.15,True,50,4.5,1000,1000,0.0,6,7,1791051990000,,0.01,5,0.21,0.24,800.0,5.0,168.0,3.8,1.2,3.0,1133.0289,0.22499999999999998,800.0,5.0,1781.45,105.0,2026-10-03T18:26:23.386227+00:00
1118485,China Open: Karolina Muchova vs Liudmila Samsonova,wta,China Open,tour,pre_match,-1083.6,,,0xaa59fad8c24567d718c16986f38e026c5fffc998d9c39566abdb962075bb17ce,tennis_set_games_totals,China Open: Karolina Muchova vs Liudmila Samsonova Set 2 O/U 8.5,1,0.01,5,True,sports_fees_v3,0.05,1,True,0.15,True,50,4.5,1000,1000,0.0,0,1,1791028202124,,0.01,5,,0.98,0.0,500.0,0.0,10.000000000000009,490.0,,490.0,,,,,,2026-10-03T18:26:23.386227+00:00
1118485,China Open: Karolina Muchova vs Liudmila Samsonova,wta,China Open,tour,pre_match,-1083.6,,,0x4cc2891f3d32166311ee8aea3600c0addd057ba583feaff26779d0fc0655da63,tennis_set_games_totals,China Open: Karolina Muchova vs Liudmila Samsonova Set 2 O/U 9.5,1,0.01,5,True,sports_fees_v3,0.05,1,True,0.15,True,50,4.5,1000,1000,0.0,0,1,1791028201891,,0.01,5,,0.98,0.0,500.0,0.0,10.000000000000009,490.0,,490.0,,,,,,2026-10-03T18:26:23.386227+00:00
1118485,China Open: Karolina Muchova vs Liudmila Samsonova,wta,China Open,tour,pre_match,-1083.6,,,0x69e4f272b43ade820ae0dc0620a88d92dbd85ae4e631f2b49fc902fca6aa3493,tennis_set_games_totals,China Open: Karolina Muchova vs Liudmila Samsonova Set 2 O/U 10.5,1,0.01,5,True,sports_fees_v3,0.05,1,True,0.15,True,50,4.5,1000,1000,0.0,0,1,1791028202009,,0.01,5,,0.98,0.0,500.0,0.0,10.000000000000009,490.0,,490.0,,,,,,2026-10-03T18:26:23.386227+00:00
1118485,China Open: Karolina Muchova vs Liudmila Samsonova,wta,China Open,tour,pre_match,-1083.6,,,0xc1bd5e827839740207e84b835afe551b5404c23838d44950e9e913bc59664ec7,tennis_match_totals,China Open: Karolina Muchova vs Liudmila Samsonova Match O/U 21.5,1,0.01,5,True,sports_fees_v3,0.05,1,True,0.15,True,50,4.5,1000,1000,43.535084999999995,14,16,1791051165090,0.550,0.01,5,0.44,0.45,1289.0,200.0,567.16,110.00000000000001,90.0,1.0000000000000009,7412.166799999999,0.445,6040.35,1200.0,11235.720000000001,3220.0,2026-10-03T18:26:23.386227+00:00
1118485,China Open: Karolina Muchova vs Liudmila Samsonova,wta,China Open,tour,pre_match,-1083.6,,,0x52c734dee14207ef48703667b11db68ab6a41db225d9bfe7c0c7f822a8437946,tennis_match_totals,China Open: Karolina Muchova vs Liudmila Samsonova Match O/U 22.5,1,0.01,5,True,sports_fees_v3,0.05,1,True,0.15,True,50,4.5,1000,1000,0.0,11,11,1791051165109,,0.01,5,0.35,0.44,5.0,5.0,1.75,2.8000000000000003,2.2,9.000000000000002,919.9003,0.395,0.0,0.0,5.0,5.0,2026-10-03T18:26:23.386227+00:00
1118485,China Open: Karolina Muchova vs Liudmila Samsonova,wta,China Open,tour,pre_match,-1083.6,,,0x52f3982f7b42141d5976ad9d39cd6f0a8ba625655fb5be59deb73ff52499a075,tennis_match_totals,China Open: Karolina Muchova vs Liudmila Samsonova Match O/U 23.5,1,0.01,5,True,sports_fees_v3,0.05,1,True,0.15,True,50,4.5,1000,1000,0.0,10,12,1791051990001,,0.01,5,0.28,0.46,86.0,9.0,24.080000000000002,4.86,4.140000000000001,18.0,758.351,0.37,0.0,0.0,0.0,0.0,2026-10-03T18:26:23.386227+00:00
1118485,China Open: Karolina Muchova vs Liudmila Samsonova,wta,China Open,tour,pre_match,-1083.6,,,0x1a5a069741698dfecdd99e26290d164eb4048ff247b65c25fdb8229f7fe48935,tennis_set_handicap,China Open: Karolina Muchova vs Liudmila Samsonova Set Handicap +/-1.5,1,0.01,5,True,sports_fees_v3,0.05,1,True,0.15,True,50,4.5,1000,1000,35.714286,17,17,1791050745685,0.440,0.01,5,0.54,0.56,200.0,1045.28,108.0,459.92319999999995,585.3568,2.0000000000000018,28286.537,0.55,1210.0,9243.28,10225.0,21044.02,2026-10-03T18:26:23.386227+00:00
1118485,China Open: Karolina Muchova vs Liudmila Samsonova,wta,China Open,tour,pre_match,-1083.6,,,0x086fcbe32be594395d94abce0616b8aab0ada771285cf7d6049d65b9d5092a79,tennis_set_handicap,China Open: Karolina Muchova vs Liudmila Samsonova Set Handicap +/-1.5,1,0.01,5,True,sports_fees_v3,0.05,1,True,0.15,True,50,4.5,1000,1000,1.136358,12,16,1791051519692,0.120,0.01,5,0.12,0.14,991.86,105.0,119.0232,90.3,14.700000000000001,2.0000000000000018,8385.954399999999,0.13,27011.86,1105.0,76707.75,1115.0,2026-10-03T18:26:23.386227+00:00
1118485,China Open: Karolina Muchova vs Liudmila Samsonova,wta,China Open,tour,pre_match,-1083.6,,,0x065a24df7f891dc296e388e7d7a363aaf8ecbacf0f437f92a8ccefb9a3c770f5,tennis_game_handicap,China Open: Karolina Muchova vs Liudmila Samsonova Game Spread +/-4.5,1,0.01,5,True,sports_fees_v3,0.05,1,True,0.15,True,50,4.5,1000,1000,0.0,14,17,1791051916345,,0.01,5,0.48,0.5,50.0,1090.33,24.0,545.165,545.165,2.0000000000000018,10593.706,0.49,1395.98,5434.73,8318.0,7828.67,2026-10-03T18:26:23.386227+00:00
1118484,China Open: Daria Snigur vs Taylah Preston,wta,China Open,tour,pre_match,-693.6,,,0xb77d900476e9096179d2d6eed354dd0f2bc145cd0d1045aec3f4d103270236af,tennis_completed_match,Completed Match,1,0.01,5,True,sports_fees_v3,0.05,1,True,0.15,True,50,4.5,1000,1000,0.0,4,1,1791047224640,,0.01,5,0.08,0.96,15.0,19.0,1.2,0.7600000000000007,18.24,88.0,27.2597,0.52,0.0,0.0,0.0,0.0,2026-10-03T18:26:23.386227+00:00
1118484,China Open: Daria Snigur vs Taylah Preston,wta,China Open,tour,pre_match,-693.6,,,0xb51d355fd2dc4723112c3f5d4a9331c2920cb8311d3bb6892d552a9b7ec70951,tennis_first_set_winner,China Open: Daria Snigur vs Taylah Preston Set 1 Winner,1,0.01,5,True,sports_fees_v3,0.05,1,True,0.15,True,50,4.5,1000,1000,0.0,14,18,1791051991257,,0.01,5,0.57,0.59,100.0,2590.0,56.99999999999999,1061.9,1528.1,2.0000000000000018,39739.763699999996,0.58,2100.0,12679.0,2105.0,25219.0,2026-10-03T18:26:23.386227+00:00
1118484,China Open: Daria Snigur vs Taylah Preston,wta,China Open,tour,pre_match,-693.6,,,0xd6a5f16ed13c2e65f3db25aec692f01d422f5cb631985816414d3202ec13ed70,tennis_set_winner,China Open: Daria Snigur vs Taylah Preston Set 2 Winner,1,0.01,5,True,sports_fees_v3,0.05,1,True,0.15,True,50,4.5,1000,1000,0.0,10,11,1791051988001,,0.01,5,0.54,0.63,176.0,15.0,95.04,5.55,9.45,8.999999999999996,7395.0905999999995,0.585,0.0,0.0,176.0,15.0,2026-10-03T18:26:23.386227+00:00
1118484,China Open: Daria Snigur vs Taylah Preston,wta,China Open,tour,pre_match,-693.6,,,0x1ac7023020483d61c62f25933a44b42fbf559657637f9a401cdab8d9d1a7af51,tennis_set_totals,China Open: Daria Snigur vs Taylah Preston Total Sets: O/U 2.5,1,0.01,5,True,sports_fees_v3,0.05,1,True,0.15,True,50,4.5,1000,1000,0.0,16,17,1791051518116,,0.01,5,0.38,0.4,1456.6,100.0,553.5079999999999,60.0,40.0,2.0000000000000018,21824.9008,0.39,11892.640000000001,1174.0,30812.39,1194.0,2026-10-03T18:26:23.386227+00:00
1118484,China Open: Daria Snigur vs Taylah Preston,wta,China Open,tour,pre_match,-693.6,,,0x7b7c2e0b842aaa5d4b5fde934e09683fe8c8f0cd0f4f4445fafae83cd7bd0fca,tennis_first_set_totals,China Open: Daria Snigur vs Taylah Preston Set 1 O/U 8.5,1,0.01,5,True,sports_fees_v3,0.05,1,True,0.15,True,50,4.5,1000,1000,0.0,8,9,1791051988001,,0.01,5,0.66,0.7,100.0,800.0,66.0,240.00000000000003,560.0,3.9999999999999925,4347.314,0.6799999999999999,100.0,800.0,105.0,1481.1100000000001,2026-10-03T18:26:23.386227+00:00
1118484,China Open: Daria Snigur vs Taylah Preston,wta,China Open,tour,pre_match,-693.6,,,0x7758c9cdbfde84a284d1689e36ec527b2da4fadb113fd7ce7b12ae3313c897be,tennis_first_set_totals,China Open: Daria Snigur vs Taylah Preston Set 1 O/U 9.5,1,0.01,5,True,sports_fees_v3,0.05,1,True,0.15,True,50,4.5,1000,1000,0.0,8,7,1791051988000,,0.01,5,0.42,0.52,600.0,5.0,252.0,2.4,2.6,10.000000000000004,2377.4692,0.47,0.0,0.0,600.0,5.0,2026-10-03T18:26:23.386227+00:00
1118484,China Open: Daria Snigur vs Taylah Preston,wta,China Open,tour,pre_match,-693.6,,,0xf7224b913baefda2ef305fe3c4a2d3a5197ae584ab4a230970f135fc5b1a52be,tennis_first_set_totals,China Open: Daria Snigur vs Taylah Preston Set 1 O/U 10.5,1,0.01,5,True,sports_fees_v3,0.05,1,True,0.15,True,50,4.5,1000,1000,0.0,8,9,1791050771542,,0.01,5,0.21,0.24,200.0,100.0,42.0,76.0,24.0,3.0,2346.1813,0.22499999999999998,200.0,100.0,2439.13,100.0,2026-10-03T18:26:23.386227+00:00
1118484,China Open: Daria Snigur vs Taylah Preston,wta,China Open,tour,pre_match,-693.6,,,0x3af8000ad07815e856fd3a7117797b231a293d6f8aac8fe7e059c00bc3938cec,tennis_set_games_totals,China Open: Daria Snigur vs Taylah Preston Set 2 O/U 8.5,1,0.01,5,True,sports_fees_v3,0.05,1,True,0.15,True,50,4.5,1000,1000,0.0,0,1,1791028201894,,0.01,5,,0.98,0.0,500.0,0.0,10.000000000000009,490.0,,490.0,,,,,,2026-10-03T18:26:23.386227+00:00
1118484,China Open: Daria Snigur vs Taylah Preston,wta,China Open,tour,pre_match,-693.6,,,0x21fd82d50ba0c922167a2775324525d8c20b53afa3279b7094a87b0fc64fe477,tennis_set_games_totals,China Open: Daria Snigur vs Taylah Preston Set 2 O/U 9.5,1,0.01,5,True,sports_fees_v3,0.05,1,True,0.15,True,50,4.5,1000,1000,0.0,0,1,1791028202120,,0.01,5,,0.98,0.0,500.0,0.0,10.000000000000009,490.0,,490.0,,,,,,2026-10-03T18:26:23.386227+00:00
1118484,China Open: Daria Snigur vs Taylah Preston,wta,China Open,tour,pre_match,-693.6,,,0xecfadb08bbf92c4ca934556bd621113be24cdc55d576e7bcef6b6faaf28a47a6,tennis_set_games_totals,China Open: Daria Snigur vs Taylah Preston Set 2 O/U 10.5,1,0.01,5,True,sports_fees_v3,0.05,1,True,0.15,True,50,4.5,1000,1000,0.0,0,1,1791028202006,,0.01,5,,0.98,0.0,500.0,0.0,10.000000000000009,490.0,,490.0,,,,,,2026-10-03T18:26:23.386227+00:00
1118484,China Open: Daria Snigur vs Taylah Preston,wta,China Open,tour,pre_match,-693.6,,,0xda1881f57230fc00f228db6949dc305b09e0c8f0a7f2646302006e6a10fff8c9,tennis_match_totals,China Open: Daria Snigur vs Taylah Preston Match O/U 21.5,1,0.01,5,True,sports_fees_v3,0.05,1,True,0.15,True,50,4.5,1000,1000,29.8,15,16,1791051960304,0.500,0.01,5,0.49,0.5,1231.0,230.0,603.1899999999999,115.0,115.0,1.0000000000000009,14392.414700000001,0.495,6452.43,4916.88,12125.93,11265.83,2026-10-03T18:26:23.386227+00:00
1118484,China Open: Daria Snigur vs Taylah Preston,wta,China Open,tour,pre_match,-693.6,,,0x9ee021d4a4a473e62ab0596e6f7cdd037c1b7f23a955e7893a7e5173430a92d4,tennis_match_totals,China Open: Daria Snigur vs Taylah Preston Match O/U 22.5,1,0.01,5,True,sports_fees_v3,0.05,1,True,0.15,True,50,4.5,1000,1000,0.0,13,17,1791051052610,,0.01,5,0.43,0.44,1284.0,100.0,552.12,56.00000000000001,44.0,1.0000000000000009,9392.5078,0.435,6597.89,1100.0,13572.51,3120.0,2026-10-03T18:26:23.386227+00:00
1118484,China Open: Daria Snigur vs Taylah Preston,wta,China Open,tour,pre_match,-693.6,,,0xa541abb3b2020f9a752e1218ed9b2acd4524ef321870bb5266ea375178842198,tennis_match_totals,China Open: Daria Snigur vs Taylah Preston Match O/U 23.5,1,0.01,5,True,sports_fees_v3,0.05,1,True,0.15,True,50,4.5,1000,1000,0.0,9,14,1791051988001,,0.01,5,0.35,0.44,845.0,5.0,295.75,2.8000000000000003,2.2,9.000000000000002,2719.2957,0.395,0.0,0.0,845.0,5.0,2026-10-03T18:26:23.386227+00:00
1118484,China Open: Daria Snigur vs Taylah Preston,wta,China Open,tour,pre_match,-693.6,,,0x04b0e6b9dfeb945329beba94628a284c4ee2f25eaa3365f7c879ad664acb2ed7,tennis_set_handicap,China Open: Daria Snigur vs Taylah Preston Set Handicap +/-1.5,1,0.01,5,True,sports_fees_v3,0.05,1,True,0.15,True,50,4.5,1000,1000,0.0,19,21,1791051669015,,0.01,5,0.38,0.4,632.0,110.0,240.16,66.0,44.0,2.0000000000000018,23521.2261,0.39,4086.3,1174.0,25735.78,1189.0,2026-10-03T18:26:23.386227+00:00
1118484,China Open: Daria Snigur vs Taylah Preston,wta,China Open,tour,pre_match,-693.6,,,0x47a4a10dd2d346f6b2dd8e2ac1baac0a60ad7004caeb8ee71b52b8ac0b049ab4,tennis_game_handicap,China Open: Daria Snigur vs Taylah Preston Game Spread +/-3.5,1,0.01,5,True,sports_fees_v3,0.05,1,True,0.15,True,50,4.5,1000,1000,0.0,10,17,1791051882564,,0.01,5,0.44,0.47,2053.31,1000.0,903.4564,530.0,470.0,2.9999999999999973,11531.113,0.45499999999999996,2053.31,1000.0,12235.64,3005.0,2026-10-03T18:26:23.386227+00:00
1118483,China Open: Ekaterina Alexandrova vs Diana Shnaider,wta,China Open,tour,pre_match,-603.6,,,0x3a6fd3753cb6ab89afd6b4406931ba587ede0a156a0a374c03d059d50a9a3771,tennis_completed_match,Completed Match,1,0.01,5,True,sports_fees_v3,0.05,1,True,0.15,True,50,4.5,1000,1000,0.0,5,1,1791047462996,,0.01,5,0.08,0.96,15.0,25.0,1.2,1.0000000000000009,24.0,88.0,36.7997,0.52,0.0,0.0,0.0,0.0,2026-10-03T18:26:23.386227+00:00
1118483,China Open: Ekaterina Alexandrova vs Diana Shnaider,wta,China Open,tour,pre_match,-603.6,,,0xe14125e94c2dac877f47a2b50d68186245c1e03672598b3d9754360fd5d08f08,tennis_first_set_winner,China Open: Ekaterina Alexandrova vs Diana Shnaider Set 1 Winner,1,0.01,5,True,sports_fees_v3,0.05,1,True,0.15,True,50,4.5,1000,1000,0.0,19,16,1791051959443,,0.01,5,0.37,0.39,3232.0,100.0,1195.84,61.0,39.0,2.0000000000000018,25980.8513,0.38,13830.0,2100.0,26075.0,2198.0,2026-10-03T18:26:23.386227+00:00
1118483,China Open: Ekaterina Alexandrova vs Diana Shnaider,wta,China Open,tour,pre_match,-603.6,,,0xdaaa2aa8ee121789f8f06d0666b51d9ca317cbedeec499e78f6aea8ab1373649,tennis_set_winner,China Open: Ekaterina Alexandrova vs Diana Shnaider Set 2 Winner,1,0.01,5,True,sports_fees_v3,0.05,1,True,0.15,True,50,4.5,1000,1000,0.0,11,11,1791051980003,,0.01,5,0.32,0.44,20.0,11.0,6.4,6.16,4.84,12.0,5723.2825,0.38,0.0,0.0,0.0,0.0,2026-10-03T18:26:23.386227+00:00
1118483,China Open: Ekaterina Alexandrova vs Diana Shnaider,wta,China Open,tour,pre_match,-603.6,,,0x6f0419fc5c49f98e42295449f4d1c8092df70a4a0bf49c48ec88017510b3e92e,tennis_set_totals,China Open: Ekaterina Alexandrova vs Diana Shnaider Total Sets: O/U 2.5,1,0.01,5,True,sports_fees_v3,0.05,1,True,0.15,True,50,4.5,1000,1000,11.0,19,18,1791051518082,0.600,0.01,5,0.38,0.4,1451.6,100.0,551.608,60.0,40.0,2.0000000000000018,21449.2037,0.39,11877.11,1175.59,29006.58,1195.59,2026-10-03T18:26:23.386227+00:00
1118483,China Open: Ekaterina Alexandrova vs Diana Shnaider,wta,China Open,tour,pre_match,-603.6,,,0x154dc6a6f7648abe4bbcf9f0b596737d0b63b6c2944f68728f49f68b0a8f03d7,tennis_first_set_totals,China Open: Ekaterina Alexandrova vs Diana Shnaider Set 1 O/U 8.5,1,0.01,5,True,sports_fees_v3,0.05,1,True,0.15,True,50,4.5,1000,1000,0.0,11,10,1791051980001,,0.01,5,0.68,0.72,100.0,800.0,68.0,224.00000000000003,576.0,3.9999999999999925,5940.2339,0.7,100.0,800.0,100.0,3653.24,2026-10-03T18:26:23.386227+00:00
1118483,China Open: Ekaterina Alexandrova vs Diana Shnaider,wta,China Open,tour,pre_match,-603.6,,,0xac453349d5c5a0c4fccaa8157ad2f466c93e6b74e861fc0794b90281ffbade25,tennis_first_set_totals,China Open: Ekaterina Alexandrova vs Diana Shnaider Set 1 O/U 9.5,1,0.01,5,True,sports_fees_v3,0.05,1,True,0.15,True,50,4.5,1000,1000,0.0,11,12,1791051980003,,0.01,5,0.4,0.5,605.0,600.0,242.0,300.0,300.0,9.999999999999998,2794.9114,0.45,0.0,0.0,605.0,600.0,2026-10-03T18:26:23.386227+00:00
1118483,China Open: Ekaterina Alexandrova vs Diana Shnaider,wta,China Open,tour,pre_match,-603.6,,,0xa5da5f599bcf373cc49ea432a44438f80e12c15f8983af01f99e911b8ac5572c,tennis_first_set_totals,China Open: Ekaterina Alexandrova vs Diana Shnaider Set 1 O/U 10.5,1,0.01,5,True,sports_fees_v3,0.05,1,True,0.15,True,50,4.5,1000,1000,0.0,10,11,1791051859452,,0.01,5,0.22,0.25,600.0,100.0,132.0,75.0,25.0,3.0,2727.2288,0.235,600.0,100.0,1806.21,100.0,2026-10-03T18:26:23.386227+00:00
1118483,China Open: Ekaterina Alexandrova vs Diana Shnaider,wta,China Open,tour,pre_match,-603.6,,,0xa8d62fc53abc5c2966e2b0184880d4e9665d6f6563e528378bbecb27443ab08f,tennis_set_games_totals,China Open: Ekaterina Alexandrova vs Diana Shnaider Set 2 O/U 8.5,1,0.01,5,True,sports_fees_v3,0.05,1,True,0.15,True,50,4.5,1000,1000,0.0,0,1,1791028202001,,0.01,5,,0.98,0.0,500.0,0.0,10.000000000000009,490.0,,490.0,,,,,,2026-10-03T18:26:23.386227+00:00
1118483,China Open: Ekaterina Alexandrova vs Diana Shnaider,wta,China Open,tour,pre_match,-603.6,,,0xfb183a895863cfbfc50d8367cac66950cc0fc0e590919895e9300afc1c0a85f4,tennis_set_games_totals,China Open: Ekaterina Alexandrova vs Diana Shnaider Set 2 O/U 9.5,1,0.01,5,True,sports_fees_v3,0.05,1,True,0.15,True,50,4.5,1000,1000,0.0,0,1,1791050771635,,0.01,5,,0.98,0.0,500.0,0.0,10.000000000000009,490.0,,490.0,,,,,,2026-10-03T18:26:23.386227+00:00
1118483,China Open: Ekaterina Alexandrova vs Diana Shnaider,wta,China Open,tour,pre_match,-603.6,,,0xd1b60c33005d8f14ecdb17f8661be7d5176156e4f575b291c6a865cb73dcdad1,tennis_set_games_totals,China Open: Ekaterina Alexandrova vs Diana Shnaider Set 2 O/U 10.5,1,0.01,5,True,sports_fees_v3,0.05,1,True,0.15,True,50,4.5,1000,1000,0.0,0,1,1791050771289,,0.01,5,,0.98,0.0,500.0,0.0,10.000000000000009,490.0,,490.0,,,,,,2026-10-03T18:26:23.386227+00:00
1118483,China Open: Ekaterina Alexandrova vs Diana Shnaider,wta,China Open,tour,pre_match,-603.6,,,0x42b3bb0cd3559bd7f9b9f4c92745cc36fe71e94dab3077bccefc6bd61cf1a1c2,tennis_match_totals,China Open: Ekaterina Alexandrova vs Diana Shnaider Match O/U 21.5,1,0.01,5,True,sports_fees_v3,0.05,1,True,0.15,True,50,4.5,1000,1000,0.0,16,18,1791051859780,,0.01,5,0.49,0.52,1718.6,4738.41,842.1139999999999,2274.4368,2463.9732,3.0000000000000027,13528.566900000002,0.505,1718.6,4738.41,7917.030000000001,12175.66,2026-10-03T18:26:23.386227+00:00
1118483,China Open: Ekaterina Alexandrova vs Diana Shnaider,wta,China Open,tour,pre_match,-603.6,,,0x4d553ebe6a7fcbade217755a158c975fa217b553cf50d8a51c6dfde6e1b8cfdd,tennis_match_totals,China Open: Ekaterina Alexandrova vs Diana Shnaider Match O/U 22.5,1,0.01,5,True,sports_fees_v3,0.05,1,True,0.15,True,50,4.5,1000,1000,0.0,17,18,1791051860275,,0.01,5,0.44,0.45,1200.0,200.0,528.0,110.00000000000001,90.0,1.0000000000000009,9260.6597,0.445,5761.69,1200.0,11313.189999999999,3460.0,2026-10-03T18:26:23.386227+00:00
1118483,China Open: Ekaterina Alexandrova vs Diana Shnaider,wta,China Open,tour,pre_match,-603.6,,,0xd31126f387a0a6ff6c92376d15ccc8584d91e1365070a5b1985c32a4a54cf9ef,tennis_match_totals,China Open: Ekaterina Alexandrova vs Diana Shnaider Match O/U 23.5,1,0.01,5,True,sports_fees_v3,0.05,1,True,0.15,True,50,4.5,1000,1000,32.203389,12,13,1791051980003,0.410,0.01,5,0.35,0.44,100.0,5.0,35.0,2.8000000000000003,2.2,9.000000000000002,3195.3193,0.395,0.0,0.0,100.0,5.0,2026-10-03T18:26:23.386227+00:00
1118483,China Open: Ekaterina Alexandrova vs Diana Shnaider,wta,China Open,tour,pre_match,-603.6,,,0x9bcfc9b863ed80faacdc2029844b908c91206f40bad63819f91da45ab08db4ca,tennis_set_handicap,China Open: Ekaterina Alexandrova vs Diana Shnaider Set Handicap +/-1.5,1,0.01,5,True,sports_fees_v3,0.05,1,True,0.15,True,50,4.5,1000,1000,89.473683,20,19,1791050504119,0.430,0.01,5,0.42,0.44,782.2,105.0,328.524,58.800000000000004,46.2,2.0000000000000018,25873.4813,0.43,9797.1,1173.0,26481.77,3188.0,2026-10-03T18:26:23.386227+00:00
1118483,China Open: Ekaterina Alexandrova vs Diana Shnaider,wta,China Open,tour,pre_match,-603.6,,,0x21423eda5f42c1c18e8b363f188f5cf337a7fc8de345c4d7cdeab2d4691bbf0b,tennis_game_handicap,China Open: Ekaterina Alexandrova vs Diana Shnaider Game Spread +/-2.5,1,0.01,5,True,sports_fees_v3,0.05,1,True,0.15,True,50,4.5,1000,1000,0.0,9,17,1791051988573,,0.01,5,0.56,0.58,1000.0,1119.0,560.0,469.98,649.02,1.9999999999999907,13185.7001,0.5700000000000001,1000.0,3379.98,1000.0,12438.78,2026-10-03T18:26:23.386227+00:00
1118482,China Open: Linda Noskova vs Viktorija Golubic,wta,China Open,tour,pre_match,-723.6,,,0x124c8b4c71fee1e916b0f6e9491d9f89c014748ec9eaec255343f56963193282,tennis_completed_match,Completed Match,1,0.01,5,True,sports_fees_v3,0.05,1,True,0.15,True,50,4.5,1000,1000,0.0,4,1,1791045199600,,0.01,5,0.08,0.96,15.0,25.0,1.2,1.0000000000000009,24.0,88.0,32.4497,0.52,0.0,0.0,0.0,0.0,2026-10-03T18:26:23.386227+00:00
1118482,China Open: Linda Noskova vs Viktorija Golubic,wta,China Open,tour,pre_match,-723.6,,,0x996f434f5ad03df5087fc086d6f07c99f97ec02c8728272cf22b29772d43b8b8,tennis_first_set_winner,China Open: Linda Noskova vs Viktorija Golubic Set 1 Winner,1,0.01,5,True,sports_fees_v3,0.05,1,True,0.15,True,50,4.5,1000,1000,0.0,14,14,1791052001963,,0.01,5,0.8,0.82,105.0,3482.0,84.0,626.7600000000002,2855.24,1.9999999999999907,69216.04759999999,0.81,1805.0,24622.0,1981.0,51541.5,2026-10-03T18:26:23.386227+00:00
1118482,China Open: Linda Noskova vs Viktorija Golubic,wta,China Open,tour,pre_match,-723.6,,,0xeab94b22aeb633275b00f2862850ebb67b42add104ecfa58510cd4ca24c6bd06,tennis_set_winner,China Open: Linda Noskova vs Viktorija Golubic Set 2 Winner,1,0.01,5,True,sports_fees_v3,0.05,1,True,0.15,True,50,4.5,1000,1000,0.0,10,7,1791051988000,,0.01,5,0.75,0.91,88.0,17.0,66.0,1.5299999999999994,15.47,16.000000000000004,4331.3602,0.8300000000000001,0.0,0.0,0.0,0.0,2026-10-03T18:26:23.386227+00:00
1118482,China Open: Linda Noskova vs Viktorija Golubic,wta,China Open,tour,pre_match,-723.6,,,0x99c3dfab205c92316548c3b65d473f4a19446fe433420fa4acba72a0c4e4ccaa,tennis_set_totals,China Open: Linda Noskova vs Viktorija Golubic Total Sets: O/U 2.5,1,0.01,5,True,sports_fees_v3,0.05,1,True,0.15,True,50,4.5,1000,1000,0.0,17,16,1791051518045,,0.01,5,0.25,0.27,1786.2,100.0,446.55,73.0,27.0,2.0000000000000018,12908.5758,0.26,1786.2,1325.14,29090.71,1340.14,2026-10-03T18:26:23.386227+00:00
1118482,China Open: Linda Noskova vs Viktorija Golubic,wta,China Open,tour,pre_match,-723.6,,,0x11c5fb8596bc95304b5b95443ed2be05d5d8cbcae96e71355c1b583345a13372,tennis_first_set_totals,China Open: Linda Noskova vs Viktorija Golubic Set 1 O/U 8.5,1,0.01,5,True,sports_fees_v3,0.05,1,True,0.15,True,50,4.5,1000,1000,0.0,8,12,1791050771335,,0.01,5,0.62,0.65,100.0,600.0,62.0,210.0,390.0,3.0000000000000027,4498.4048999999995,0.635,100.0,600.0,100.0,1998.35,2026-10-03T18:26:23.386227+00:00
1118482,China Open: Linda Noskova vs Viktorija Golubic,wta,China Open,tour,pre_match,-723.6,,,0x5f940157c4603fbcfceb411a877b27e5437f210405aee7a380b6fbaf1d53d5e0,tennis_first_set_totals,China Open: Linda Noskova vs Viktorija Golubic Set 1 O/U 9.5,1,0.01,5,True,sports_fees_v3,0.05,1,True,0.15,True,50,4.5,1000,1000,0.0,7,7,1791051988000,,0.01,5,0.33,0.44,600.0,5.0,198.0,2.8000000000000003,2.2,10.999999999999998,2153.8208,0.385,0.0,0.0,0.0,0.0,2026-10-03T18:26:23.386227+00:00
1118482,China Open: Linda Noskova vs Viktorija Golubic,wta,China Open,tour,pre_match,-723.6,,,0x96268763d441c64394885d6d24e359fc27e5157f05b08aac6df6dd53299b4267,tennis_first_set_totals,China Open: Linda Noskova vs Viktorija Golubic Set 1 O/U 10.5,1,0.01,5,True,sports_fees_v3,0.05,1,True,0.15,True,50,4.5,1000,1000,0.0,5,9,1791051988000,,0.01,5,0.17,0.21,200.0,100.0,34.0,79.0,21.0,3.9999999999999982,2234.0589,0.19,200.0,100.0,2016.85,100.0,2026-10-03T18:26:23.386227+00:00
1118482,China Open: Linda Noskova vs Viktorija Golubic,wta,China Open,tour,pre_match,-723.6,,,0xdd71f4bb6d5544906ea711adbc207ccbdbff84fd08470d0bf406c034deb79329,tennis_set_games_totals,China Open: Linda Noskova vs Viktorija Golubic Set 2 O/U 8.5,1,0.01,5,True,sports_fees_v3,0.05,1,True,0.15,True,50,4.5,1000,1000,0.0,0,1,1791028202123,,0.01,5,,0.98,0.0,500.0,0.0,10.000000000000009,490.0,,490.0,,,,,,2026-10-03T18:26:23.386227+00:00
1118482,China Open: Linda Noskova vs Viktorija Golubic,wta,China Open,tour,pre_match,-723.6,,,0xc98531d841d6675dd1b38413c72231369810253e8b55b450ac9105d07603df99,tennis_set_games_totals,China Open: Linda Noskova vs Viktorija Golubic Set 2 O/U 9.5,1,0.01,5,True,sports_fees_v3,0.05,1,True,0.15,True,50,4.5,1000,1000,0.0,0,1,1791028201999,,0.01,5,,0.98,0.0,500.0,0.0,10.000000000000009,490.0,,490.0,,,,,,2026-10-03T18:26:23.386227+00:00
1118482,China Open: Linda Noskova vs Viktorija Golubic,wta,China Open,tour,pre_match,-723.6,,,0xc2bb61527a96cdf39f3ef980bc8b36273091e007cbd42c184846c9c4aa03f7fe,tennis_set_games_totals,China Open: Linda Noskova vs Viktorija Golubic Set 2 O/U 10.5,1,0.01,5,True,sports_fees_v3,0.05,1,True,0.15,True,50,4.5,1000,1000,0.0,0,1,1791028202125,,0.01,5,,0.98,0.0,500.0,0.0,10.000000000000009,490.0,,490.0,,,,,,2026-10-03T18:26:23.386227+00:00
1118482,China Open: Linda Noskova vs Viktorija Golubic,wta,China Open,tour,pre_match,-723.6,,,0xebb013a2e0ff73d2b945af8bdfad65d0ff1e4950c7b4719fd586d3177781118e,tennis_match_totals,China Open: Linda Noskova vs Viktorija Golubic Match O/U 21.5,1,0.01,5,True,sports_fees_v3,0.05,1,True,0.15,True,50,4.5,1000,1000,7.894737,11,13,1791051988005,0.240,0.01,5,0.34,0.41,84.0,5.0,28.560000000000002,2.95,2.05,6.999999999999995,3075.3367,0.375,0.0,0.0,684.0,5.0,2026-10-03T18:26:23.386227+00:00
1118482,China Open: Linda Noskova vs Viktorija Golubic,wta,China Open,tour,pre_match,-723.6,,,0x60149961f3755f8b49de341ac95b7a4a298dab42477923b39e0a5a28c366f83d,tennis_match_totals,China Open: Linda Noskova vs Viktorija Golubic Match O/U 22.5,1,0.01,5,True,sports_fees_v3,0.05,1,True,0.15,True,50,4.5,1000,1000,7.407405,15,14,1791051988002,0.190,0.01,5,0.3,0.41,100.0,8.0,30.0,4.720000000000001,3.28,10.999999999999998,2761.6393,0.355,0.0,0.0,0.0,0.0,2026-10-03T18:26:23.386227+00:00
1118482,China Open: Linda Noskova vs Viktorija Golubic,wta,China Open,tour,pre_match,-723.6,,,0x766e95b67cb2b516753f2f3ef4e0ce6239913bc3ad80869faa559f3fb9e2b9e9,tennis_match_totals,China Open: Linda Noskova vs Viktorija Golubic Match O/U 23.5,1,0.01,5,True,sports_fees_v3,0.05,1,True,0.15,True,50,4.5,1000,1000,0.0,10,10,1791051988003,,0.01,5,0.26,0.38,605.0,8.0,157.3,4.96,3.04,12.0,2407.5267,0.32,0.0,0.0,0.0,0.0,2026-10-03T18:26:23.386227+00:00
1118482,China Open: Linda Noskova vs Viktorija Golubic,wta,China Open,tour,pre_match,-723.6,,,0x18468724c8670c31a4dfdacafcf428ee315af2d985ebbbe16cd41d0f2fd580d8,tennis_set_handicap,China Open: Linda Noskova vs Viktorija Golubic Set Handicap +/-1.5,1,0.01,5,True,sports_fees_v3,0.05,1,True,0.15,True,50,4.5,1000,1000,254.83097999999998,18,17,1791051192799,0.320,0.01,5,0.66,0.68,333.61,76.77,220.1826,24.566399999999994,52.2036,2.0000000000000018,38853.7979,0.67,1343.6100000000001,3331.77,1358.6100000000001,27192.67,2026-10-03T18:26:23.386227+00:00
1118482,China Open: Linda Noskova vs Viktorija Golubic,wta,China Open,tour,pre_match,-723.6,,,0xe6bf46a584f0624fc5e3210bf1e4b1f29e562a5334b8169843d58aa9412693ba,tennis_game_handicap,China Open: Linda Noskova vs Viktorija Golubic Game Spread +/-5.5,1,0.01,5,True,sports_fees_v3,0.05,1,True,0.15,True,50,4.5,1000,1000,0.0,13,10,1791051192955,,0.01,5,0.5,0.52,1039.74,3991.41,519.87,1915.8767999999998,2075.5332,2.0000000000000018,12150.781500000001,0.51,2131.58,10793.0,8158.55,13335.45,2026-10-03T18:26:23.386227+00:00
1118481,China Open: Sinja Kraus vs Dayana Yastremska,wta,China Open,tour,pre_match,-513.6,,,0x3995a51d4ca13218ccddc91a93e2b53d5c4cf981ff679212af76ead8bea2c27e,tennis_completed_match,Completed Match,1,0.01,5,True,sports_fees_v3,0.05,1,True,0.15,True,50,4.5,1000,1000,0.0,5,1,1791047457756,,0.01,5,0.08,0.96,15.0,25.0,1.2,1.0000000000000009,24.0,88.0,36.0197,0.52,0.0,0.0,0.0,0.0,2026-10-03T18:26:23.386227+00:00
1118481,China Open: Sinja Kraus vs Dayana Yastremska,wta,China Open,tour,pre_match,-513.6,,,0x7051990e8d930303f7f84c8f212d844ec97bc7397a74a5b5a78c30d0abe025ff,tennis_first_set_winner,China Open: Sinja Kraus vs Dayana Yastremska Set 1 Winner,1,0.01,5,True,sports_fees_v3,0.05,1,True,0.15,True,50,4.5,1000,1000,0.0,18,15,1791052000955,,0.01,5,0.32,0.34,2494.0,105.0,798.08,69.3,35.7,2.0000000000000018,21716.5619,0.33,8070.0,2105.0,34827.62,2198.0,2026-10-03T18:26:23.386227+00:00
1118481,China Open: Sinja Kraus vs Dayana Yastremska,wta,China Open,tour,pre_match,-513.6,,,0x3d03b7b3cde787bec21c4fec88cbfff2228539d58d4a620b8e911aca70548377,tennis_set_winner,China Open: Sinja Kraus vs Dayana Yastremska Set 2 Winner,1,0.01,5,True,sports_fees_v3,0.05,1,True,0.15,True,50,4.5,1000,1000,0.0,13,12,1791051979001,,0.01,5,0.28,0.5,5.0,600.0,1.4000000000000001,300.0,300.0,21.999999999999996,4530.9906,0.39,0.0,0.0,0.0,0.0,2026-10-03T18:26:23.386227+00:00
1118481,China Open: Sinja Kraus vs Dayana Yastremska,wta,China Open,tour,pre_match,-513.6,,,0x9112057df5fcf75785d4a26c4a9893bcbc5f8032b4cdf60fc933f5249497ceb2,tennis_set_totals,China Open: Sinja Kraus vs Dayana Yastremska Total Sets: O/U 2.5,1,0.01,5,True,sports_fees_v3,0.05,1,True,0.15,True,50,4.5,1000,1000,20.955881,18,18,1791051719164,0.320,0.01,5,0.33,0.35,199.6,105.0,65.868,68.25,36.75,1.9999999999999962,22134.1542,0.33999999999999997,4842.900000000001,1193.0,34685.880000000005,1208.0,2026-10-03T18:26:23.386227+00:00
1118481,China Open: Sinja Kraus vs Dayana Yastremska,wta,China Open,tour,pre_match,-513.6,,,0x1d182b0926fc72d7eb217ab0fb7c0a87ff6fc5983bbf59fef0b766f92ac22d03,tennis_first_set_totals,China Open: Sinja Kraus vs Dayana Yastremska Set 1 O/U 8.5,1,0.01,5,True,sports_fees_v3,0.05,1,True,0.15,True,50,4.5,1000,1000,0.0,9,8,1791051979004,,0.01,5,0.65,0.69,100.0,800.0,65.0,248.00000000000006,552.0,3.9999999999999925,4665.569799999999,0.6699999999999999,100.0,800.0,100.0,3422.45,2026-10-03T18:26:23.386227+00:00
1118481,China Open: Sinja Kraus vs Dayana Yastremska,wta,China Open,tour,pre_match,-513.6,,,0x50dda7028bc97b25c8c7b72f80ebcf40d4636a705e22d9d0a1bff67ceedbec89,tennis_first_set_totals,China Open: Sinja Kraus vs Dayana Yastremska Set 1 O/U 9.5,1,0.01,5,True,sports_fees_v3,0.05,1,True,0.15,True,50,4.5,1000,1000,0.0,8,10,1791051979004,,0.01,5,0.38,0.48,600.0,5.0,228.0,2.6,2.4,9.999999999999998,2343.3988,0.43,0.0,0.0,600.0,5.0,2026-10-03T18:26:23.386227+00:00
1118481,China Open: Sinja Kraus vs Dayana Yastremska,wta,China Open,tour,pre_match,-513.6,,,0xc2e8fb22a250d3597b41824acfe523f433bf016cc7f8a1e1935c94d95fba5b62,tennis_first_set_totals,China Open: Sinja Kraus vs Dayana Yastremska Set 1 O/U 10.5,1,0.01,5,True,sports_fees_v3,0.05,1,True,0.15,True,50,4.5,1000,1000,0.0,7,9,1791051979004,,0.01,5,0.19,0.23,800.0,100.0,152.0,77.0,23.0,4.000000000000001,2377.0458,0.21000000000000002,0.0,100.0,2093.25,100.0,2026-10-03T18:26:23.386227+00:00
1118481,China Open: Sinja Kraus vs Dayana Yastremska,wta,China Open,tour,pre_match,-513.6,,,0x1238c2e0a7195a6d266dad3656284c74bf5b3078629ba995cb28a26084e587f7,tennis_set_games_totals,China Open: Sinja Kraus vs Dayana Yastremska Set 2 O/U 8.5,1,0.01,5,True,sports_fees_v3,0.05,1,True,0.15,True,50,4.5,1000,1000,0.0,0,1,1791028201898,,0.01,5,,0.98,0.0,500.0,0.0,10.000000000000009,490.0,,490.0,,,,,,2026-10-03T18:26:23.386227+00:00
1118481,China Open: Sinja Kraus vs Dayana Yastremska,wta,China Open,tour,pre_match,-513.6,,,0xea4e17ed4eeb0ed8b5363159ca41178cc0228a9cb38c4e77253fd26a890d5f7e,tennis_set_games_totals,China Open: Sinja Kraus vs Dayana Yastremska Set 2 O/U 9.5,1,0.01,5,True,sports_fees_v3,0.05,1,True,0.15,True,50,4.5,1000,1000,0.0,0,1,1791036517505,,0.01,5,,0.98,0.0,500.0,0.0,10.000000000000009,490.0,,490.0,,,,,,2026-10-03T18:26:23.386227+00:00
1118481,China Open: Sinja Kraus vs Dayana Yastremska,wta,China Open,tour,pre_match,-513.6,,,0xacb5f4661b1191c4ae78c80e82592c13b3204bb813065ba697760616470da8b3,tennis_set_games_totals,China Open: Sinja Kraus vs Dayana Yastremska Set 2 O/U 10.5,1,0.01,5,True,sports_fees_v3,0.05,1,True,0.15,True,50,4.5,1000,1000,0.0,0,1,1791036517668,,0.01,5,,0.98,0.0,500.0,0.0,10.000000000000009,490.0,,490.0,,,,,,2026-10-03T18:26:23.386227+00:00
1118481,China Open: Sinja Kraus vs Dayana Yastremska,wta,China Open,tour,pre_match,-513.6,,,0xf2a877636bb1be01e4fc5057254b34278cd90c9353c6248ecec888d239715029,tennis_match_totals,China Open: Sinja Kraus vs Dayana Yastremska Match O/U 21.5,1,0.01,5,True,sports_fees_v3,0.05,1,True,0.15,True,50,4.5,1000,1000,15.624386,15,18,1791051862576,0.560,0.01,5,0.43,0.44,13.87,1100.0,5.964099999999999,616.0000000000001,484.0,1.0000000000000009,8280.2607,0.435,4068.35,1105.0,11586.39,1213.0,2026-10-03T18:26:23.386227+00:00
1118481,China Open: Sinja Kraus vs Dayana Yastremska,wta,China Open,tour,pre_match,-513.6,,,0x17484670c25c0a4e053eb6805dde6c3a2d06dee90f8c6aa5693c517eef96b45d,tennis_match_totals,China Open: Sinja Kraus vs Dayana Yastremska Match O/U 22.5,1,0.01,5,True,sports_fees_v3,0.05,1,True,0.15,True,50,4.5,1000,1000,31.507937,14,14,1791051935001,0.370,0.01,5,0.35,0.43,54.0,5.0,18.9,2.8500000000000005,2.15,8.000000000000002,2818.7702,0.39,0.0,0.0,654.0,5.0,2026-10-03T18:26:23.386227+00:00
1118481,China Open: Sinja Kraus vs Dayana Yastremska,wta,China Open,tour,pre_match,-513.6,,,0xee36b9e544d9d9c8d26fe47c13329c39fc1d2af8c80f6b6795de6fa8515991c0,tennis_match_totals,China Open: Sinja Kraus vs Dayana Yastremska Match O/U 23.5,1,0.01,5,True,sports_fees_v3,0.05,1,True,0.15,True,50,4.5,1000,1000,0.0,12,16,1791051979000,,0.01,5,0.32,0.44,600.0,8.0,192.0,4.48,3.52,12.0,2567.5519,0.38,0.0,0.0,0.0,0.0,2026-10-03T18:26:23.386227+00:00
1118481,China Open: Sinja Kraus vs Dayana Yastremska,wta,China Open,tour,pre_match,-513.6,,,0x47aa497e8042f36323f3d1a3dfd44e31f5530509739dc2e6b0cebabaccbe5601,tennis_set_handicap,China Open: Sinja Kraus vs Dayana Yastremska Set Handicap +/-1.5,1,0.01,5,True,sports_fees_v3,0.05,1,True,0.15,True,50,4.5,1000,1000,31.992753999999998,18,20,1791051698862,0.520,0.01,5,0.5,0.51,538.0,100.0,269.0,49.0,51.0,1.0000000000000009,31019.8546,0.505,7932.0,1338.2,18816.63,17248.81,2026-10-03T18:26:23.386227+00:00
1118481,China Open: Sinja Kraus vs Dayana Yastremska,wta,China Open,tour,pre_match,-513.6,,,0x672c3d561c1a4b0bd0817da35ffa08399cb479d8ca6ae2fd0c39c9e4b1632778,tennis_game_handicap,China Open: Sinja Kraus vs Dayana Yastremska Game Spread +/-3.5,1,0.01,5,True,sports_fees_v3,0.05,1,True,0.15,True,50,4.5,1000,1000,0.0,8,13,1791050472676,,0.01,5,0.57,0.59,1000.0,1121.9,570.0,459.9790000000001,661.921,2.0000000000000018,9839.7581,0.58,1000.0,4465.85,1000.0,10724.82,2026-10-03T18:26:23.386227+00:00
1124556,W35 Wagga Wagga: Shante Lai vs Madison Schwarz,itf,W35 Wagga Wagga,itf,pre_match,-393.6,,,0x984da56a1947c01c67332d69bc06c387a7ea56bb2887c4115452876dec980a7b,tennis_first_set_winner,W35 Wagga Wagga: Shante Lai vs Madison Schwarz Set 1 Winner,1,0.01,5,True,sports_fees_v3,0.05,1,True,0.15,True,50,4.5,1000,1000,0.0,3,3,1791039533936,,0.01,5,0.03,0.97,22.28,22.28,0.6684,0.6684000000000007,21.6116,94.0,1564.2899999999997,0.5,0.0,0.0,0.0,0.0,2026-10-03T18:26:23.386227+00:00
1124463,M25 Luan: Nick Beamish vs Tomohiro Masabayashi,itf,M25 Luan,itf,pre_match,-603.6,,,0x551f3bfc30b65ba863540b75574f6f3b5e5465ad3eadb5cacc8552a866f37ddb,tennis_match_totals,M25 Luan: Nick Beamish vs Tomohiro Masabayashi Match O/U 21.5,1,0.01,5,True,sports_fees_v3,0.05,1,True,0.15,True,50,4.5,1000,1000,0.0,2,3,1791042365657,,0.01,5,0.02,0.97,10.0,22.28,0.2,0.6684000000000007,21.6116,95.0,573.9001999999999,0.495,0.0,0.0,0.0,0.0,2026-10-03T18:26:23.386227+00:00
1124493,M15 Sibenik: Nikita Mashtakov vs Noah Lopez,itf,M15 Sibenik,itf,pre_match,-873.6,,,0xc172133eb4f56ec56082ce665ba07a6af3870f726663f5504e94d95382762836,tennis_set_games_totals,M15 Sibenik: Nikita Mashtakov vs Noah Lopez Set 2 O/U 9.5,1,0.01,5,True,sports_fees_v3,0.05,1,True,0.15,True,50,4.5,1000,1000,0.0,1,2,1791039079121,,0.01,5,0.01,0.98,20.0,500.0,0.2,10.000000000000009,490.0,97.0,510.0,0.495,0.0,0.0,0.0,0.0,2026-10-03T18:26:23.386227+00:00
1124491,M25 Luan: Maxim Shin vs SHIXUN ZHU,itf,M25 Luan,itf,pre_match,-813.6,,,0x11a15efba63f44ef20d8873e6d2fdd731b30bbbe5d7d7c7037f610d3f5d645bd,tennis_match_totals,M25 Luan: Maxim Shin vs SHIXUN ZHU Match O/U 21.5,1,0.01,5,True,sports_fees_v3,0.05,1,True,0.15,True,50,4.5,1000,1000,0.0,2,3,1791043119096,,0.01,5,0.02,0.97,10.0,25.07,0.2,0.7521000000000007,24.317899999999998,95.0,581.4001999999999,0.495,0.0,0.0,0.0,0.0,2026-10-03T18:26:23.386227+00:00
1124556,W35 Wagga Wagga: Shante Lai vs Madison Schwarz,itf,W35 Wagga Wagga,itf,pre_match,-393.6,,,0xa7018aad4b08cf5b3884ede3a839504cd2f9344d2130859cd2b994ecd3ab8b65,tennis_set_winner,W35 Wagga Wagga: Shante Lai vs Madison Schwarz Set 2 Winner,1,0.01,5,True,sports_fees_v3,0.05,1,True,0.15,True,50,4.5,1000,1000,0.0,1,1,1791039171661,,0.01,5,0.01,0.99,30.0,30.0,0.3,0.30000000000000027,29.7,98.0,30.0,0.5,0.0,0.0,0.0,0.0,2026-10-03T18:26:23.386227+00:00
1124563,W15 Maanshan: Hao Liang vs Jiumeng Liu,itf,W15 Maanshan,itf,pre_match,-423.6,,,0x4687f66dd73364dd96a2ae99e4df2b7d8116b5ecf8aa043c0006a14b99bb3a87,tennis_match_totals,W15 Maanshan: Hao Liang vs Jiumeng Liu Match O/U 23.5,1,0.01,5,True,sports_fees_v3,0.05,1,True,0.15,True,50,4.5,1000,1000,0.0,2,3,1791043118544,,0.01,5,0.02,0.97,10.0,25.07,0.2,0.7521000000000007,24.317899999999998,95.0,581.4400999999999,0.495,0.0,0.0,0.0,0.0,2026-10-03T18:26:23.386227+00:00
1124581,W15 Maanshan: Jiarui Sun vs Yinuo Pan,itf,W15 Maanshan,itf,pre_match,-543.6,,,0xefc5acdba5c4a3e00a6218d13408ed9143fb8c430f8b138de7c50f1377ddff71,tennis_set_handicap,W15 Maanshan: Jiarui Sun vs Yinuo Pan Set Handicap +/-1.5,1,0.01,5,True,sports_fees_v3,0.05,1,True,0.15,True,50,4.5,1000,1000,0.0,3,3,1791039044366,,0.01,5,0.03,0.97,22.28,22.28,0.6684,0.6684000000000007,21.6116,94.0,164.29,0.5,0.0,0.0,0.0,0.0,2026-10-03T18:26:23.386227+00:00
1125322,Wuning 3: Alibek Kachmazov vs Yan Lang Chen,atp,Wuning 3,challenger_other,pre_match,-453.6,,,0x92239923dc16b0141f633244ec052b2e23dbe4b23f6255f578357ec20853fd39,tennis_completed_match,Completed Match,1,0.01,5,True,sports_fees_v3,0.05,1,True,0.15,True,50,4.5,1000,1000,0.0,6,2,1791051433917,,0.01,5,0.09,0.96,10.0,5.0,0.8999999999999999,0.20000000000000018,4.8,87.0,27.7197,0.525,0.0,0.0,0.0,0.0,2026-10-03T18:26:23.386227+00:00
1124577,W15 Maanshan: Ha Eum Lee vs Xi Luo,itf,W15 Maanshan,itf,pre_match,-483.6,,,0x4286ea9ba349e6561a8676841f64d9aa65aa588dcd2f37eab43c796cf85ed8bd,tennis_first_set_totals,W15 Maanshan: Ha Eum Lee vs Xi Luo Set 1 O/U 10.5,1,0.01,5,True,sports_fees_v3,0.05,1,True,0.15,True,50,4.5,1000,1000,0.0,2,2,1791049762621,,0.01,5,0.02,0.98,300.0,500.0,6.0,10.000000000000009,490.0,96.0,526.0,0.5,0.0,0.0,0.0,0.0,2026-10-03T18:26:23.386227+00:00
1124484,M25 Darwin: Andre Filep vs Mitchell Ayton,itf,M25 Darwin,itf,pre_match,-723.6,,,0x174528e7fcb8fbb13d6e73de567d9cca166005370f98f20b91e10733c880c3de,tennis_match_totals,M25 Darwin: Andre Filep vs Mitchell Ayton Match O/U 21.5,1,0.01,5,True,sports_fees_v3,0.05,1,True,0.15,True,50,4.5,1000,1000,0.0,2,3,1791043119641,,0.01,5,0.02,0.97,10.0,25.07,0.2,0.7521000000000007,24.317899999999998,95.0,581.4001999999999,0.495,0.0,0.0,0.0,0.0,2026-10-03T18:26:23.386227+00:00
1124569,W35 Wagga Wagga: Zali ilitch vs Catherine Aulia,itf,W35 Wagga Wagga,itf,pre_match,-453.6,,,0xb7d253de3b7fc35b0e103328156db0856e4596d8680c577e6b8400a08e7f9236,tennis_set_handicap,W35 Wagga Wagga: Zali ilitch vs Catherine Aulia Set Handicap +/-1.5,1,0.01,5,True,sports_fees_v3,0.05,1,True,0.15,True,50,4.5,1000,1000,0.0,3,3,1791049766819,,0.01,5,0.03,0.97,25.07,25.07,0.7521,0.7521000000000007,24.317899999999998,94.0,169.86,0.5,0.0,0.0,0.0,0.0,2026-10-03T18:26:23.386227+00:00
1124553,W35 Wagga Wagga: Zoe Theodorakopoulos vs Bianca Compuesto,itf,W35 Wagga Wagga,itf,pre_match,-333.6,,,0x6286a5c19088e5029d7f659cf1acd70ed942e80b5848656e571d133dea27d191,tennis_set_handicap,W35 Wagga Wagga: Zoe Theodorakopoulos vs Bianca Compuesto Set Handicap +/-1.5,1,0.01,5,True,sports_fees_v3,0.05,1,True,0.15,True,50,4.5,1000,1000,0.0,3,3,1791048808977,,0.01,5,0.03,0.97,25.07,24.9,0.7521,0.7470000000000007,24.153,94.0,167.44799999999998,0.5,0.0,0.0,0.0,0.0,2026-10-03T18:26:23.386227+00:00
1124474,M25 Luan: Matthew Shearer vs Dingzheng Nima,itf,M25 Luan,itf,pre_match,-663.6,,,0x95dd6ce0a1a8cd8b514c3245cc1fbd0a42a6fed111428c175b08829652c564a8,tennis_completed_match,Completed Match,1,0.01,5,True,sports_fees_v3,0.05,1,True,0.15,True,50,4.5,1000,1000,0.0,6,1,1791047466190,,0.01,5,0.08,0.99,15.0,20.0,1.2,0.20000000000000018,19.8,91.0,36.1997,0.535,0.0,0.0,0.0,0.0,2026-10-03T18:26:23.386227+00:00
1124567,W35 Wagga Wagga: Jessica Nolan vs Sara Mickoska,itf,W35 Wagga Wagga,itf,pre_match,-453.6,,,0x469ba8b8033dbae30b6327bbda3c6b962cb31cb26e311574d4d8ed331850018b,tennis_first_set_totals,W35 Wagga Wagga: Jessica Nolan vs Sara Mickoska Set 1 O/U 9.5,1,0.01,5,True,sports_fees_v3,0.05,1,True,0.15,True,50,4.5,1000,1000,0.0,1,2,1791039271605,,0.01,5,0.01,0.98,20.0,500.0,0.2,10.000000000000009,490.0,97.0,510.0,0.495,0.0,0.0,0.0,0.0,2026-10-03T18:26:23.386227+00:00
1124448,M25 Luan: Lleyton Richards vs Jiaqi Gu,itf,M25 Luan,itf,pre_match,-453.6,,,0x0e3f598e1715da171b46e75ff6d4facbf0a44ce92e5880ff08aac276576e3875,tennis_first_set_totals,M25 Luan: Lleyton Richards vs Jiaqi Gu Set 1 O/U 9.5,1,0.01,5,True,sports_fees_v3,0.05,1,True,0.15,True,50,4.5,1000,1000,0.0,1,2,1791039030532,,0.01,5,0.01,0.98,20.0,500.0,0.2,10.000000000000009,490.0,97.0,510.0,0.495,0.0,0.0,0.0,0.0,2026-10-03T18:26:23.386227+00:00
1124571,W35 Wagga Wagga: Mio Mushika vs Naho Sato,itf,W35 Wagga Wagga,itf,pre_match,-483.6,,,0xea774125c8d1b2b24a85cde7739cf7a82bf184d5d15420c3f896d2ff479c4cbe,tennis_set_games_totals,W35 Wagga Wagga: Mio Mushika vs Naho Sato Set 2 O/U 9.5,1,0.01,5,True,sports_fees_v3,0.05,1,True,0.15,True,50,4.5,1000,1000,0.0,1,2,1791039302944,,0.01,5,0.01,0.98,20.0,500.0,0.2,10.000000000000009,490.0,97.0,510.0,0.495,0.0,0.0,0.0,0.0,2026-10-03T18:26:23.386227+00:00
1124567,W35 Wagga Wagga: Jessica Nolan vs Sara Mickoska,itf,W35 Wagga Wagga,itf,pre_match,-453.6,,,0xe740a3a97095058066a78d8c2ec65ca667538902e3affca6ad218fedc4f6f0bd,tennis_match_totals,W35 Wagga Wagga: Jessica Nolan vs Sara Mickoska Match O/U 21.5,1,0.01,5,True,sports_fees_v3,0.05,1,True,0.15,True,50,4.5,1000,1000,0.0,2,3,1791043117159,,0.01,5,0.02,0.97,10.0,22.28,0.2,0.6684000000000007,21.6116,95.0,573.5302999999999,0.495,0.0,0.0,0.0,0.0,2026-10-03T18:26:23.386227+00:00
1124460,M25 Luan: Thomas Linley vs Tin Chen,itf,M25 Luan,itf,pre_match,-603.6,,,0xec13f3276bda54f1f1f107fb7115d92f1c087373f8210133cc44ee50a142a6ce,tennis_set_handicap,M25 Luan: Thomas Linley vs Tin Chen Set Handicap +/-1.5,1,0.01,5,True,sports_fees_v3,0.05,1,True,0.15,True,50,4.5,1000,1000,0.0,3,3,1791039941868,,0.01,5,0.03,0.97,25.07,25.07,0.7521,0.7521000000000007,24.317899999999998,94.0,162.0,0.5,0.0,0.0,0.0,0.0,2026-10-03T18:26:23.386227+00:00
1123842,Jingshan: Mattia Bellucci vs Lloyd Harris,atp,Jingshan,challenger_other,pre_match,-513.6,,,0xa80b26a818d3a367ae3652077188fe3b042e9600ba810d65f587f8e736450bf6,tennis_match_totals,Jingshan: Mattia Bellucci vs Lloyd Harris Match O/U 22.5,1,0.01,5,True,sports_fees_v3,0.05,1,True,0.15,True,50,4.5,1000,1000,0.0,12,12,1791051916665,,0.01,5,0.52,0.55,210.0,827.0,109.2,372.15,454.85,3.0000000000000027,4802.177299999999,0.535,210.0,827.0,2625.0,4988.2,2026-10-03T18:26:23.386227+00:00
1124586,W15 Monastir: Ekaterina Dotsenko vs Sophia Biolay,itf,W15 Monastir,itf,pre_match,-873.6,,,0x5ad323013685567bdbe98bc033e8ad3b6946ceeba8532933577e81b4f8ecce9a,tennis_set_totals,W15 Monastir: Ekaterina Dotsenko vs Sophia Biolay Total Sets: O/U 2.5,1,0.01,5,True,sports_fees_v3,0.05,1,True,0.15,True,50,4.5,1000,1000,0.0,3,3,1791043789986,,0.01,5,0.03,0.97,25.07,25.07,0.7521,0.7521000000000007,24.317899999999998,94.0,1091.8400000000001,0.5,0.0,0.0,0.0,0.0,2026-10-03T18:26:23.386227+00:00
1123683,China Open (Doubles): Arends/Pel vs Bublik/Shang,atp-doubles,China Open,doubles,pre_match,-783.6,,,0xa4080502c6ab77ee4ae820ae91f6344e2630126855267a13da3207ec0907a5f7,tennis_match_totals,China Open (Doubles): Arends/Pel vs Bublik/Shang Match O/U 22.5,1,0.01,5,True,sports_fees_v3,0.05,1,True,0.15,True,50,4.5,1000,1000,0.0,2,3,1791029444996,,0.01,5,0.02,0.97,5.0,25.07,0.1,0.7521000000000007,24.317899999999998,95.0,569.8901999999999,0.495,0.0,0.0,0.0,0.0,2026-10-03T18:26:23.386227+00:00
1123682,Japan Open Tennis Championships (Doubles): Hijikata/Uesugi vs Arribage/Olivetti,atp-doubles,Japan Open Tennis Championships,doubles,pre_match,-663.6,,,0x3a6f67793049367e2d655cb927f08f5f9157c04fc45d725cf5694401b85911ce,tennis_first_set_totals,Japan Open Tennis Championships (Doubles): Hijikata/Uesugi vs Arribage/Olivetti Set 1 O/U 10.5,1,0.01,5,True,sports_fees_v3,0.05,1,True,0.15,True,50,4.5,1000,1000,0.0,1,2,1791024351319,,0.01,5,0.01,0.98,10.0,500.0,0.1,10.000000000000009,490.0,97.0,500.0,0.495,0.0,0.0,0.0,0.0,2026-10-03T18:26:23.386227+00:00
1124578,W15 Maanshan: Yu Yang Jin vs Junjie Sun,itf,W15 Maanshan,itf,pre_match,-543.6,,,0x55b23d6c8fda9f92f5926679577d48a89c960b0dc24f88d21cb0526ce9829842,tennis_first_set_totals,W15 Maanshan: Yu Yang Jin vs Junjie Sun Set 1 O/U 9.5,1,0.01,5,True,sports_fees_v3,0.05,1,True,0.15,True,50,4.5,1000,1000,0.0,1,2,1791038741556,,0.01,5,0.01,0.98,20.0,500.0,0.2,10.000000000000009,490.0,97.0,510.0,0.495,0.0,0.0,0.0,0.0,2026-10-03T18:26:23.386227+00:00
1124577,W15 Maanshan: Ha Eum Lee vs Xi Luo,itf,W15 Maanshan,itf,pre_match,-483.6,,,0x1b2065743c9c7373f0b20dc75331eccf0cf05e42f2f934e2888d7ae9c320a7e0,tennis_set_totals,W15 Maanshan: Ha Eum Lee vs Xi Luo Total Sets: O/U 2.5,1,0.01,5,True,sports_fees_v3,0.05,1,True,0.15,True,50,4.5,1000,1000,0.0,15,14,1791052004514,,0.01,5,0.34,0.4,610.0,255.0,207.4,153.0,102.0,6.0,3977.0297,0.37,0.0,0.0,931.4300000000001,255.0,2026-10-03T18:26:23.386227+00:00
1124485,M25 Darwin: Tristan McIntosh vs Nicholas Jovanovski,itf,M25 Darwin,itf,pre_match,-723.6,,,0x511837895e5f9ac8f8e10c6b086beea7f67dec7ff697f4efaae6b9f8a8e23829,tennis_set_handicap,M25 Darwin: Tristan McIntosh vs Nicholas Jovanovski Set Handicap +/-1.5,1,0.01,5,True,sports_fees_v3,0.05,1,True,0.15,True,50,4.5,1000,1000,0.0,3,3,1791039172154,,0.01,5,0.03,0.97,22.28,22.28,0.6684,0.6684000000000007,21.6116,94.0,164.33999999999997,0.5,0.0,0.0,0.0,0.0,2026-10-03T18:26:23.386227+00:00
1124477,M25 Darwin: Kuma Ito vs Jason Daly,itf,M25 Darwin,itf,pre_match,-663.6,,,0xf6c35287ecc3d3e400d0cfd1a7d0881e46e56abe5703675fe36797bdee1b4774,tennis_set_handicap,M25 Darwin: Kuma Ito vs Jason Daly Set Handicap +/-1.5,1,0.01,5,True,sports_fees_v3,0.05,1,True,0.15,True,50,4.5,1000,1000,0.0,3,3,1791039049413,,0.01,5,0.03,0.97,25.07,25.07,0.7521,0.7521000000000007,24.317899999999998,94.0,169.68,0.5,0.0,0.0,0.0,0.0,2026-10-03T18:26:23.386227+00:00
1125315,Porto 2: Henrique Rocha vs Inaki Montes,atp,Porto 2,challenger_other,pre_match,-933.6,,,0xabc36fe99634e71d07fb1a8b076000ba48fe6791872bdb1e2e9d03231bb74139,tennis_match_totals,Porto 2: Henrique Rocha vs Inaki Montes Match O/U 23.5,1,0.01,5,True,sports_fees_v3,0.05,1,True,0.15,True,50,4.5,1000,1000,0.0,2,3,1791050533734,,0.01,5,0.31,0.52,16.0,10.0,4.96,4.8,5.2,21.000000000000004,524.7328,0.41500000000000004,0.0,0.0,0.0,0.0,2026-10-03T18:26:23.386227+00:00
1124473,M25 Luan: Yingjie Tang vs Zihao Liu,itf,M25 Luan,itf,pre_match,-663.6,,,0xcac15cfcac5957b0eacd141acf1619f2b15926949e30c94d681a8e41ecffc2b1,tennis_set_games_totals,M25 Luan: Yingjie Tang vs Zihao Liu Set 2 O/U 8.5,1,0.01,5,True,sports_fees_v3,0.05,1,True,0.15,True,50,4.5,1000,1000,0.0,1,2,1791038983623,,0.01,5,0.01,0.98,20.0,500.0,0.2,10.000000000000009,490.0,97.0,510.0,0.495,0.0,0.0,0.0,0.0,2026-10-03T18:26:23.386227+00:00
1124443,M25 Luan: James Van Herzeele vs Hengyu Lu,itf,M25 Luan,itf,pre_match,-453.6,,,0x57fee9ee424d70ddb6a1eaa8d3477d28456122d958abda9ba78ff1d05794c606,tennis_first_set_totals,M25 Luan: James Van Herzeele vs Hengyu Lu Set 1 O/U 8.5,1,0.01,5,True,sports_fees_v3,0.05,1,True,0.15,True,50,4.5,1000,1000,0.0,1,2,1791039048440,,0.01,5,0.01,0.98,20.0,500.0,0.2,10.000000000000009,490.0,97.0,510.0,0.495,0.0,0.0,0.0,0.0,2026-10-03T18:26:23.386227+00:00
1124572,W15 Maanshan: aoyi li vs Jiayue Pan,itf,W15 Maanshan,itf,pre_match,-483.6,,,0x926f07f3e38d9cd2588a66e68a2b7de1cf495dc3549810f1a0e845d26af5b969,tennis_set_winner,W15 Maanshan: aoyi li vs Jiayue Pan Set 2 Winner,1,0.01,5,True,sports_fees_v3,0.05,1,True,0.15,True,50,4.5,1000,1000,0.0,2,2,1791039327111,,0.01,5,0.02,0.98,1500.0,1500.0,30.0,30.00000000000003,1470.0,96.0,1520.0,0.5,0.0,0.0,0.0,0.0,2026-10-03T18:26:23.386227+00:00
1122152,"W100 Templeton, CA: Madison Brengle vs Julieta Pareja",itf,"W100 Templeton, CA",itf,pre_match,-333.6,,,0xa773a5404c59077e03477a2d31481c1029fd9efc270172b1159f591f77cdd767,tennis_set_totals,"W100 Templeton, CA: Madison Brengle vs Julieta Pareja Total Sets: O/U 2.5",1,0.01,5,True,sports_fees_v3,0.05,1,True,0.15,True,50,4.5,1000,1000,0.0,16,16,1791051991971,,0.01,5,0.32,0.36,755.5,5.0,241.76,3.2,1.7999999999999998,3.9999999999999982,5504.4793,0.33999999999999997,755.5,5.0,3716.44,405.0,2026-10-03T18:26:23.386227+00:00
1124575,W15 Maanshan: Wanbing Wang vs Francesca Franchi,itf,W15 Maanshan,itf,pre_match,-483.6,,,0x5a17c46c24c7b29a397d304593ffc80f68b42b0c215caaf9ff82accb174d1a24,tennis_set_totals,W15 Maanshan: Wanbing Wang vs Francesca Franchi Total Sets: O/U 2.5,1,0.01,5,True,sports_fees_v3,0.05,1,True,0.15,True,50,4.5,1000,1000,0.0,3,3,1791043116175,,0.01,5,0.03,0.97,25.07,25.07,0.7521,0.7521000000000007,24.317899999999998,94.0,1091.8400000000001,0.5,0.0,0.0,0.0,0.0,2026-10-03T18:26:23.386227+00:00
1124468,M25 Luan: Stefan Cizelj-Zivkovic vs Shaoyun Liu,itf,M25 Luan,itf,pre_match,-663.6,,,0xfaf389ce3b3648556ac67c275532d3221063f1a8680fb1ea504716761afcdaa4,tennis_match_totals,M25 Luan: Stefan Cizelj-Zivkovic vs Shaoyun Liu Match O/U 21.5,1,0.01,5,True,sports_fees_v3,0.05,1,True,0.15,True,50,4.5,1000,1000,0.0,4,6,1791051527772,,0.01,5,0.04,0.94,14.18,8.51,0.5672,0.5106000000000004,7.9994,89.99999999999999,1339.4998,0.49,0.0,0.0,0.0,0.0,2026-10-03T18:26:23.386227+00:00
1124484,M25 Darwin: Andre Filep vs Mitchell Ayton,itf,M25 Darwin,itf,pre_match,-723.6,,,0xf06eb39d5f3d05528691dd04dbcfbed5837b6040087aebfe15829cbb7b0e0dcb,tennis_set_games_totals,M25 Darwin: Andre Filep vs Mitchell Ayton Set 2 O/U 8.5,1,0.01,5,True,sports_fees_v3,0.05,1,True,0.15,True,50,4.5,1000,1000,0.0,1,2,1791039055998,,0.01,5,0.01,0.98,20.0,500.0,0.2,10.000000000000009,490.0,97.0,510.0,0.495,0.0,0.0,0.0,0.0,2026-10-03T18:26:23.386227+00:00
1124587,W75 Quinta do Lago: Lisa Pigato vs Eva Vedder,itf,W75 Quinta do Lago,itf,pre_match,-903.6,,,0xbd54e5fa5c3e9df995cffc69c0cb6aa33c46f4fa8b2968764d8ed88852c07de3,tennis_match_totals,W75 Quinta do Lago: Lisa Pigato vs Eva Vedder Match O/U 22.5,1,0.01,5,True,sports_fees_v3,0.05,1,True,0.15,True,50,4.5,1000,1000,0.0,3,5,1791049374215,,0.01,5,0.31,0.52,16.0,10.0,4.96,4.8,5.2,21.000000000000004,843.3405,0.41500000000000004,0.0,0.0,0.0,0.0,2026-10-03T18:26:23.386227+00:00
1124563,W15 Maanshan: Hao Liang vs Jiumeng Liu,itf,W15 Maanshan,itf,pre_match,-423.6,,,0xc9bb3141facadefd6ed4f1cbbbc5566c51e86a59b1e29c6f0595703a070a492f,tennis_first_set_winner,W15 Maanshan: Hao Liang vs Jiumeng Liu Set 1 Winner,1,0.01,5,True,sports_fees_v3,0.05,1,True,0.15,True,50,4.5,1000,1000,0.0,3,3,1791039239127,,0.01,5,0.03,0.97,25.07,25.07,0.7521,0.7521000000000007,24.317899999999998,94.0,1569.88,0.5,0.0,0.0,0.0,0.0,2026-10-03T18:26:23.386227+00:00
1124577,W15 Maanshan: Ha Eum Lee vs Xi Luo,itf,W15 Maanshan,itf,pre_match,-483.6,,,0x7ea9bca1fda26cbbdaaf7babf3c9b587a5edec1cab52f25f93ab77fd5b90f0ce,tennis_match_totals,W15 Maanshan: Ha Eum Lee vs Xi Luo Match O/U 23.5,1,0.01,5,True,sports_fees_v3,0.05,1,True,0.15,True,50,4.5,1000,1000,0.0,2,3,1791043793689,,0.01,5,0.02,0.97,10.0,25.07,0.2,0.7521000000000007,24.317899999999998,95.0,581.4001999999999,0.495,0.0,0.0,0.0,0.0,2026-10-03T18:26:23.386227+00:00
1124446,M25 Luan: Thomas Patton vs Junlin Chen,itf,M25 Luan,itf,pre_match,-453.6,,,0x38c04cda01b3f4c35b2d6e47fd5dc15698bba883b5c08f7222e70ec5d6a12249,tennis_set_handicap,M25 Luan: Thomas Patton vs Junlin Chen Set Handicap +/-1.5,1,0.01,5,True,sports_fees_v3,0.05,1,True,0.15,True,50,4.5,1000,1000,0.0,3,3,1791045586000,,0.01,5,0.03,0.97,24.43,24.43,0.7329,0.7329000000000007,23.6971,94.0,438.33000000000004,0.5,0.0,0.0,0.0,0.0,2026-10-03T18:26:23.386227+00:00
1124570,W35 Wagga Wagga: Chiara Di Tommaso vs Sarah Munroe,itf,W35 Wagga Wagga,itf,pre_match,-453.6,,,0x6deedeebbdfdd7eb9171a025bd96f021233fc46bbfac8f7177e0ae602423ee7f,tennis_first_set_totals,W35 Wagga Wagga: Chiara Di Tommaso vs Sarah Munroe Set 1 O/U 8.5,1,0.01,5,True,sports_fees_v3,0.05,1,True,0.15,True,50,4.5,1000,1000,0.0,1,2,1791039298603,,0.01,5,0.01,0.98,20.0,500.0,0.2,10.000000000000009,490.0,97.0,510.0,0.495,0.0,0.0,0.0,0.0,2026-10-03T18:26:23.386227+00:00
1124462,M25 Luan: Xiuyuan Ye vs LIANGXUAN LIU,itf,M25 Luan,itf,pre_match,-603.6,,,0xefb3891c272fbe7647d2c60c687820c44e8a2d126314a34acb9c085d5e668603,tennis_completed_match,Completed Match,1,0.01,5,True,sports_fees_v3,0.05,1,True,0.15,True,50,4.5,1000,1000,0.0,6,1,1791047462269,,0.01,5,0.08,0.99,15.0,20.0,1.2,0.20000000000000018,19.8,91.0,34.2397,0.535,0.0,0.0,0.0,0.0,2026-10-03T18:26:23.386227+00:00
1124580,W15 Maanshan: Chuyi Yang vs Chenhan Xiang,itf,W15 Maanshan,itf,pre_match,-543.6,,,0xb71e8bebed69c793645d16d25974fbedbe4981fbe28e02d104ded35e17447ff2,tennis_match_totals,W15 Maanshan: Chuyi Yang vs Chenhan Xiang Match O/U 22.5,1,0.01,5,True,sports_fees_v3,0.05,1,True,0.15,True,50,4.5,1000,1000,0.0,2,3,1791044303580,,0.01,5,0.02,0.97,10.0,22.28,0.2,0.6684000000000007,21.6116,95.0,573.8904,0.495,0.0,0.0,0.0,0.0,2026-10-03T18:26:23.386227+00:00
1124479,M25 Darwin: Radu Cojocaru vs Jayden Tzirtis,itf,M25 Darwin,itf,pre_match,-663.6,,,0x2f2b5afdcaafd5b2ab4be78dcc86667e07928a9b1ced2500e14ec990550e9349,tennis_completed_match,Completed Match,1,0.01,5,True,sports_fees_v3,0.05,1,True,0.15,True,50,4.5,1000,1000,0.0,5,1,1791050105302,,0.01,5,0.08,0.99,15.0,20.0,1.2,0.20000000000000018,19.8,91.0,32.0197,0.535,0.0,0.0,0.0,0.0,2026-10-03T18:26:23.386227+00:00
1123682,Japan Open Tennis Championships (Doubles): Hijikata/Uesugi vs Arribage/Olivetti,atp-doubles,Japan Open Tennis Championships,doubles,pre_match,-663.6,,,0x388e705e46a258fb5532e3b8fcaa07be03be6de6894c3c0f5a2e31dc89904b79,tennis_set_handicap,Japan Open Tennis Championships (Doubles): Hijikata/Uesugi vs Arribage/Olivetti Set Handicap +/-1.5,1,0.01,5,True,sports_fees_v3,0.05,1,True,0.15,True,50,4.5,1000,1000,0.0,4,4,1791051350896,,0.01,5,0.34,0.55,14.0,11.0,4.760000000000001,4.949999999999999,6.050000000000001,21.000000000000004,163.48899999999998,0.44500000000000006,0.0,0.0,0.0,0.0,2026-10-03T18:26:23.386227+00:00
1124556,W35 Wagga Wagga: Shante Lai vs Madison Schwarz,itf,W35 Wagga Wagga,itf,pre_match,-393.6,,,0xc99e78e5f19ce56e926f24feb1b494c8659f091c001fe30fb6c57083f4e0bce0,tennis_set_handicap,W35 Wagga Wagga: Shante Lai vs Madison Schwarz Set Handicap +/-1.5,1,0.01,5,True,sports_fees_v3,0.05,1,True,0.15,True,50,4.5,1000,1000,0.0,3,3,1791039533028,,0.01,5,0.03,0.97,22.28,22.28,0.6684,0.6684000000000007,21.6116,94.0,164.29,0.5,0.0,0.0,0.0,0.0,2026-10-03T18:26:23.386227+00:00
1124564,W15 Maanshan: Qige Yi vs Wei Zheng,itf,W15 Maanshan,itf,pre_match,-423.6,,,0x5e078574656266fd410c18ed2887d09695d40c2139f6da56ddd9b7175aebc95e,tennis_match_totals,W15 Maanshan: Qige Yi vs Wei Zheng Match O/U 21.5,1,0.01,5,True,sports_fees_v3,0.05,1,True,0.15,True,50,4.5,1000,1000,0.0,2,3,1791043118538,,0.01,5,0.02,0.97,10.0,25.07,0.2,0.7521000000000007,24.317899999999998,95.0,581.4400999999999,0.495,0.0,0.0,0.0,0.0,2026-10-03T18:26:23.386227+00:00
1124563,W15 Maanshan: Hao Liang vs Jiumeng Liu,itf,W15 Maanshan,itf,pre_match,-423.6,,,0x178f0daec2550e0ed38e631fd7349a61d77eee2935579bc7eb15b9cd84eb9a79,tennis_set_games_totals,W15 Maanshan: Hao Liang vs Jiumeng Liu Set 2 O/U 10.5,1,0.01,5,True,sports_fees_v3,0.05,1,True,0.15,True,50,4.5,1000,1000,0.0,1,2,1791039246911,,0.01,5,0.01,0.98,20.0,500.0,0.2,10.000000000000009,490.0,97.0,510.0,0.495,0.0,0.0,0.0,0.0,2026-10-03T18:26:23.386227+00:00
1125319,Mouilleron-Le-Captif: Sascha Gueymard-Wayenburg vs Clement Chidekh,atp,Mouilleron-Le-Captif,challenger_other,pre_match,-1113.6,,,0x8cb80854600c2d25c1d9ffb13d5aa72baa4add1c49220c845e3ed8db6b59a223,tennis_set_games_totals,Mouilleron-Le-Captif: Sascha Gueymard-Wayenburg vs Clement Chidekh Set 2 O/U 8.5,1,0.01,5,True,sports_fees_v3,0.05,1,True,0.15,True,50,4.5,1000,1000,0.0,2,3,1791051515500,,0.01,5,0.02,0.97,10.0,10.0,0.2,0.30000000000000027,9.7,95.0,509.90000000000003,0.495,0.0,0.0,0.0,0.0,2026-10-03T18:26:23.386227+00:00
1124575,W15 Maanshan: Wanbing Wang vs Francesca Franchi,itf,W15 Maanshan,itf,pre_match,-483.6,,,0x560a43ed8f95d1b170c594f644b5e057d3ea0170212c06fedd6e7f8e7cac1b5a,tennis_set_games_totals,W15 Maanshan: Wanbing Wang vs Francesca Franchi Set 2 O/U 10.5,1,0.01,5,True,sports_fees_v3,0.05,1,True,0.15,True,50,4.5,1000,1000,0.0,1,2,1791038792156,,0.01,5,0.01,0.98,20.0,500.0,0.2,10.000000000000009,490.0,97.0,510.0,0.495,0.0,0.0,0.0,0.0,2026-10-03T18:26:23.386227+00:00
1124572,W15 Maanshan: aoyi li vs Jiayue Pan,itf,W15 Maanshan,itf,pre_match,-483.6,,,0x8435a87561689f774ef1c13c524e079611774eb2a10a5deaadae87e2ce629681,tennis_set_totals,W15 Maanshan: aoyi li vs Jiayue Pan Total Sets: O/U 2.5,1,0.01,5,True,sports_fees_v3,0.05,1,True,0.15,True,50,4.5,1000,1000,0.0,3,3,1791042363484,,0.01,5,0.03,0.97,25.07,25.07,0.7521,0.7521000000000007,24.317899999999998,94.0,1091.8400000000001,0.5,0.0,0.0,0.0,0.0,2026-10-03T18:26:23.386227+00:00
1124557,W35 Wagga Wagga: Eva Lozitskaya vs Kirra Bond-Scott,itf,W35 Wagga Wagga,itf,pre_match,-393.6,,,0xf9a1213725166ac536a7961533647e3576d1732c1c943fd2f529601aee5ebace,tennis_set_games_totals,W35 Wagga Wagga: Eva Lozitskaya vs Kirra Bond-Scott Set 2 O/U 8.5,1,0.01,5,True,sports_fees_v3,0.05,1,True,0.15,True,50,4.5,1000,1000,0.0,1,2,1791039222621,,0.01,5,0.01,0.98,20.0,500.0,0.2,10.000000000000009,490.0,97.0,510.0,0.495,0.0,0.0,0.0,0.0,2026-10-03T18:26:23.386227+00:00
1123694,Jingshan: Jessica Bouzas Maneiro vs Alexandra Shubladze,wta,Jingshan,challenger_other,pre_match,-603.6,,,0xd3002bc07e1cbafcb8a6e93a28834e137b524384d49b0fc8f34e1262c52a9596,tennis_match_totals,Jingshan: Jessica Bouzas Maneiro vs Alexandra Shubladze Match O/U 22.5,1,0.01,5,True,sports_fees_v3,0.05,1,True,0.15,True,50,4.5,1000,1000,0.0,3,4,1791045805847,,0.01,5,0.3,0.51,16.0,10.0,4.8,4.9,5.1,21.000000000000004,552.49,0.405,0.0,0.0,0.0,0.0,2026-10-03T18:26:23.386227+00:00
1124485,M25 Darwin: Tristan McIntosh vs Nicholas Jovanovski,itf,M25 Darwin,itf,pre_match,-723.6,,,0x9148eeba44ad462be85e945ebaa46019ef3ffdbb429dc5a0c55aeb9b5d0b1964,tennis_match_totals,M25 Darwin: Tristan McIntosh vs Nicholas Jovanovski Match O/U 22.5,1,0.01,5,True,sports_fees_v3,0.05,1,True,0.15,True,50,4.5,1000,1000,0.0,2,3,1791045653490,,0.01,5,0.02,0.97,10.0,22.28,0.2,0.6684000000000007,21.6116,95.0,573.5400999999999,0.495,0.0,0.0,0.0,0.0,2026-10-03T18:26:23.386227+00:00
1124582,W15 Maanshan: JiaQi Yang vs Zi Ye Zhang,itf,W15 Maanshan,itf,pre_match,-543.6,,,0xe878a8411f2f81f95ccae9d33615ab8bac9647e1ea663564d869d09d566c11c3,tennis_first_set_totals,W15 Maanshan: JiaQi Yang vs Zi Ye Zhang Set 1 O/U 10.5,1,0.01,5,True,sports_fees_v3,0.05,1,True,0.15,True,50,4.5,1000,1000,0.0,1,2,1791038733016,,0.01,5,0.01,0.98,20.0,500.0,0.2,10.000000000000009,490.0,97.0,510.0,0.495,0.0,0.0,0.0,0.0,2026-10-03T18:26:23.386227+00:00
1124555,W35 Wagga Wagga: Jasmine Adams vs Jemma Carbis,itf,W35 Wagga Wagga,itf,pre_match,-333.6,,,0x60a64eafc7cd16638fdbdff22364542ba07b7c0843d8a50cc63c04b3406c4904,tennis_set_winner,W35 Wagga Wagga: Jasmine Adams vs Jemma Carbis Set 2 Winner,1,0.01,5,True,sports_fees_v3,0.05,1,True,0.15,True,50,4.5,1000,1000,0.0,2,2,1791039176129,,0.01,5,0.02,0.98,1500.0,1500.0,30.0,30.00000000000003,1470.0,96.0,1520.0,0.5,0.0,0.0,0.0,0.0,2026-10-03T18:26:23.386227+00:00
1121606,China Open (Doubles): Mertens/Shnaider vs Lumsden/Panova,wta-doubles,China Open,doubles,pre_match,-453.6,,,0xf157988d09358e047575d8fb25016c33d5b6c199f5afef755e8f3234b48387fd,tennis_match_totals,China Open (Doubles): Mertens/Shnaider vs Lumsden/Panova Match O/U 22.5,1,0.01,5,True,sports_fees_v3,0.05,1,True,0.15,True,50,4.5,1000,1000,0.0,2,3,1791050771266,,0.01,5,0.02,0.97,5.0,26.27,0.1,0.7881000000000007,25.4819,95.0,623.8202,0.495,0.0,0.0,0.0,0.0,2026-10-03T18:26:23.386227+00:00
1124579,W15 Maanshan: chengwei Han vs Jasmine Lin,itf,W15 Maanshan,itf,pre_match,-543.6,,,0x1cedc985eba5959874223ddd75a43708162d6ed0995acc053734f3ca1a978196,tennis_first_set_totals,W15 Maanshan: chengwei Han vs Jasmine Lin Set 1 O/U 10.5,1,0.01,5,True,sports_fees_v3,0.05,1,True,0.15,True,50,4.5,1000,1000,0.0,1,2,1791038745377,,0.01,5,0.01,0.98,20.0,500.0,0.2,10.000000000000009,490.0,97.0,510.0,0.495,0.0,0.0,0.0,0.0,2026-10-03T18:26:23.386227+00:00
1124474,M25 Luan: Matthew Shearer vs Dingzheng Nima,itf,M25 Luan,itf,pre_match,-663.6,,,0x316f775064903b166596e7dbf6d11eafd106faf48e7a81686b056d7c49384d04,tennis_set_games_totals,M25 Luan: Matthew Shearer vs Dingzheng Nima Set 2 O/U 9.5,1,0.01,5,True,sports_fees_v3,0.05,1,True,0.15,True,50,4.5,1000,1000,0.0,1,2,1791038982602,,0.01,5,0.01,0.98,20.0,500.0,0.2,10.000000000000009,490.0,97.0,510.0,0.495,0.0,0.0,0.0,0.0,2026-10-03T18:26:23.386227+00:00
1124467,M25 Darwin: Casey Hoole vs Hayden Jones,itf,M25 Darwin,itf,pre_match,-663.6,,,0x96b39018fe3ac8bb5e00d9b1975de959c0f1734edced6f70d1027db83e55d2c3,tennis_set_winner,M25 Darwin: Casey Hoole vs Hayden Jones Set 2 Winner,1,0.01,5,True,sports_fees_v3,0.05,1,True,0.15,True,50,4.5,1000,1000,0.0,2,2,1791039008368,,0.01,5,0.02,0.98,1500.0,1500.0,30.0,30.00000000000003,1470.0,96.0,1530.0,0.5,0.0,0.0,0.0,0.0,2026-10-03T18:26:23.386227+00:00
1124462,M25 Luan: Xiuyuan Ye vs LIANGXUAN LIU,itf,M25 Luan,itf,pre_match,-603.6,,,0x2fc4da1c0668ca720546b973ce24bc995b96e28a1ec00b087df65d6376e9106f,tennis_match_totals,M25 Luan: Xiuyuan Ye vs LIANGXUAN LIU Match O/U 23.5,1,0.01,5,True,sports_fees_v3,0.05,1,True,0.15,True,50,4.5,1000,1000,0.0,2,3,1791050492697,,0.01,5,0.02,0.97,8.38,25.07,0.16760000000000003,0.7521000000000007,24.317899999999998,95.0,581.3676999999999,0.495,0.0,0.0,0.0,0.0,2026-10-03T18:26:23.386227+00:00
1124464,M25 Luan: Kazuma Kawachi vs Sheng Tang,itf,M25 Luan,itf,pre_match,-603.6,,,0xf4083e889d796eae34942bf2cdc03f080bb4142f482aae426c6a324f00474283,tennis_first_set_winner,M25 Luan: Kazuma Kawachi vs Sheng Tang Set 1 Winner,1,0.01,5,True,sports_fees_v3,0.05,1,True,0.15,True,50,4.5,1000,1000,0.0,3,3,1791043837416,,0.01,5,0.03,0.97,25.07,24.89,0.7521,0.7467000000000007,24.1433,94.0,1570.2098999999998,0.5,0.0,0.0,0.0,0.0,2026-10-03T18:26:23.386227+00:00
1124551,W35 Wagga Wagga: Megan Markov vs Chloe Schwarz,itf,W35 Wagga Wagga,itf,pre_match,-333.6,,,0x7feb1c3fe90b38c6929e86aee6ac0f17e3a67f593ba9d036a2319c8d59c368b7,tennis_set_winner,W35 Wagga Wagga: Megan Markov vs Chloe Schwarz Set 2 Winner,1,0.01,5,True,sports_fees_v3,0.05,1,True,0.15,True,50,4.5,1000,1000,0.0,1,1,1791039106197,,0.01,5,0.01,0.99,20.0,20.0,0.2,0.20000000000000018,19.8,98.0,20.0,0.5,0.0,0.0,0.0,0.0,2026-10-03T18:26:23.386227+00:00
1124464,M25 Luan: Kazuma Kawachi vs Sheng Tang,itf,M25 Luan,itf,pre_match,-603.6,,,0x1e28ac0e422da30a21b6aadf6dd672f0b373a986c128415487b12219a0e8ba1b,tennis_match_totals,M25 Luan: Kazuma Kawachi vs Sheng Tang Match O/U 22.5,1,0.01,5,True,sports_fees_v3,0.05,1,True,0.15,True,50,4.5,1000,1000,0.0,2,3,1791043120878,,0.01,5,0.02,0.97,10.0,25.07,0.2,0.7521000000000007,24.317899999999998,95.0,581.4001,0.495,0.0,0.0,0.0,0.0,2026-10-03T18:26:23.386227+00:00
1124474,M25 Luan: Matthew Shearer vs Dingzheng Nima,itf,M25 Luan,itf,pre_match,-663.6,,,0x0df9f79547efa4668246f27af3c5212d74980781bce1d5d0b7661c6e997ce256,tennis_first_set_winner,M25 Luan: Matthew Shearer vs Dingzheng Nima Set 1 Winner,1,0.01,5,True,sports_fees_v3,0.05,1,True,0.15,True,50,4.5,1000,1000,0.0,2,2,1791039522579,,0.01,5,0.02,0.98,10.0,10.0,0.2,0.20000000000000018,9.8,96.0,118.0,0.5,0.0,0.0,0.0,0.0,2026-10-03T18:26:23.386227+00:00
1122151,"W100 Templeton, CA: Tatjana Maria vs Ella McDonald",itf,"W100 Templeton, CA",itf,pre_match,-333.6,,,0xe30e968a994bbabaf32310f94d1d55b6245ad05672b016fd79637af33b279757,tennis_match_totals,"W100 Templeton, CA: Tatjana Maria vs Ella McDonald Match O/U 23.5",1,0.01,5,True,sports_fees_v3,0.05,1,True,0.15,True,50,4.5,1000,1000,0.0,3,4,1791050979844,,0.01,5,0.17,0.38,29.0,8.0,4.930000000000001,4.96,3.04,21.0,558.13,0.275,0.0,0.0,0.0,0.0,2026-10-03T18:26:23.386227+00:00
1124459,M25 Luan: Xiao-Feng Zhou vs Yuichiro Inui,itf,M25 Luan,itf,pre_match,-603.6,,,0x5bb32ef4bc72f412348bfd8fd912967d7c82de7c98068ad489ae8a27f5732efe,tennis_match_totals,M25 Luan: Xiao-Feng Zhou vs Yuichiro Inui Match O/U 23.5,1,0.01,5,True,sports_fees_v3,0.05,1,True,0.15,True,50,4.5,1000,1000,0.0,2,3,1791042365899,,0.01,5,0.02,0.97,10.0,25.07,0.2,0.7521000000000007,24.317899999999998,95.0,581.4001999999999,0.495,0.0,0.0,0.0,0.0,2026-10-03T18:26:23.386227+00:00
1124487,M25 Darwin: Darcy Nicholls vs Adrian Correa,itf,M25 Darwin,itf,pre_match,-723.6,,,0x057f5f272c78f9cc64051fa2c92de652694f01f6c05308791348f0532b83ffb1,tennis_match_totals,M25 Darwin: Darcy Nicholls vs Adrian Correa Match O/U 23.5,1,0.01,5,True,sports_fees_v3,0.05,1,True,0.15,True,50,4.5,1000,1000,0.0,2,2,1791039164490,,0.01,5,0.02,0.98,10.0,10.0,0.2,0.20000000000000018,9.8,96.0,105.99999999999999,0.5,0.0,0.0,0.0,0.0,2026-10-03T18:26:23.386227+00:00
1124555,W35 Wagga Wagga: Jasmine Adams vs Jemma Carbis,itf,W35 Wagga Wagga,itf,pre_match,-333.6,,,0xf984786098e86305b1663627f8f3abdc6376680629f56bba0733d7453abee7f5,tennis_first_set_totals,W35 Wagga Wagga: Jasmine Adams vs Jemma Carbis Set 1 O/U 8.5,1,0.01,5,True,sports_fees_v3,0.05,1,True,0.15,True,50,4.5,1000,1000,0.0,1,1,1791039198371,,0.01,5,0.01,0.99,20.0,20.0,0.2,0.20000000000000018,19.8,98.0,20.0,0.5,0.0,0.0,0.0,0.0,2026-10-03T18:26:23.386227+00:00
1124469,M25 Luan: TZU-YUAN TSENG vs Lingxi Zhao,itf,M25 Luan,itf,pre_match,-663.6,,,0x9e3c3e5b2d0c3ca35a4f836f3f2dfcdf776bd6e0662cd658f008132c3ddec6a7,tennis_set_handicap,M25 Luan: TZU-YUAN TSENG vs Lingxi Zhao Set Handicap +/-1.5,1,0.01,5,True,sports_fees_v3,0.05,1,True,0.15,True,50,4.5,1000,1000,0.0,3,3,1791039414227,,0.01,5,0.03,0.97,25.07,25.07,0.7521,0.7521000000000007,24.317899999999998,94.0,169.84,0.5,0.0,0.0,0.0,0.0,2026-10-03T18:26:23.386227+00:00
1124572,W15 Maanshan: aoyi li vs Jiayue Pan,itf,W15 Maanshan,itf,pre_match,-483.6,,,0xe819a21d4142f2ed014eff5cf62725a291f879390541f3fc773b18f29bd66762,tennis_set_games_totals,W15 Maanshan: aoyi li vs Jiayue Pan Set 2 O/U 8.5,1,0.01,5,True,sports_fees_v3,0.05,1,True,0.15,True,50,4.5,1000,1000,0.0,1,2,1791038705503,,0.01,5,0.01,0.98,20.0,500.0,0.2,10.000000000000009,490.0,97.0,510.0,0.495,0.0,0.0,0.0,0.0,2026-10-03T18:26:23.386227+00:00
1123321,M15 Luan: Nino Ehrenschneider vs Isaac Becroft,itf,M15 Luan,itf,pre_match,-453.6,,,0xf7f67c5c382acfc4e75d35f475d2f8811c06f50705aabd45762d413326a328bc,tennis_match_totals,M15 Luan: Nino Ehrenschneider vs Isaac Becroft Match O/U 21.5,1,0.01,5,True,sports_fees_v3,0.05,1,True,0.15,True,50,4.5,1000,1000,0.0,8,11,1791051977002,,0.01,5,0.48,0.55,255.0,255.0,122.39999999999999,114.74999999999999,140.25,7.000000000000006,2041.2421,0.515,0.0,0.0,505.0,505.0,2026-10-03T18:26:23.386227+00:00
1124479,M25 Darwin: Radu Cojocaru vs Jayden Tzirtis,itf,M25 Darwin,itf,pre_match,-663.6,,,0x58fd0ed19ad903b4dbe01709240ef42cab7c92d315f9a058ddeb69f94a56c695,tennis_set_handicap,M25 Darwin: Radu Cojocaru vs Jayden Tzirtis Set Handicap +/-1.5,1,0.01,5,True,sports_fees_v3,0.05,1,True,0.15,True,50,4.5,1000,1000,0.0,3,3,1791039088809,,0.01,5,0.03,0.97,25.07,25.07,0.7521,0.7521000000000007,24.317899999999998,94.0,169.84,0.5,0.0,0.0,0.0,0.0,2026-10-03T18:26:23.386227+00:00
1124565,W15 Maanshan: Kunwei Wang vs Sin Yu Che,itf,W15 Maanshan,itf,pre_match,-423.6,,,0x647b269527c18e1e46fc96db705e4f8d0974af6c2c4379f34c9b6b575725e782,tennis_match_totals,W15 Maanshan: Kunwei Wang vs Sin Yu Che Match O/U 22.5,1,0.01,5,True,sports_fees_v3,0.05,1,True,0.15,True,50,4.5,1000,1000,0.0,2,3,1791043117657,,0.01,5,0.02,0.97,10.0,25.07,0.2,0.7521000000000007,24.317899999999998,95.0,580.0500999999999,0.495,0.0,0.0,0.0,0.0,2026-10-03T18:26:23.386227+00:00
1125318,Bari: Juan Martin vs Samuele Pieri,atp,Bari,challenger_other,pre_match,-873.6,,,0xcc0c00d086571bb9acb8fd51d8b2a338381682bc4ac58928c4e5f90d455a4238,tennis_first_set_totals,Bari: Juan Martin vs Samuele Pieri Set 1 O/U 8.5,1,0.01,5,True,sports_fees_v3,0.05,1,True,0.15,True,50,4.5,1000,1000,0.0,3,4,1791051988004,,0.01,5,0.68,0.72,100.0,800.0,68.0,224.00000000000003,576.0,3.9999999999999925,1702.1609999999998,0.7,100.0,800.0,100.0,1532.65,2026-10-03T18:26:23.386227+00:00
1123694,Jingshan: Jessica Bouzas Maneiro vs Alexandra Shubladze,wta,Jingshan,challenger_other,pre_match,-603.6,,,0x81b867bb965f1b33b932af9a7872e9357faa3ee459680a9d21667541f023c4b4,tennis_match_totals,Jingshan: Jessica Bouzas Maneiro vs Alexandra Shubladze Match O/U 23.5,1,0.01,5,True,sports_fees_v3,0.05,1,True,0.15,True,50,4.5,1000,1000,0.0,3,4,1791045523268,,0.01,5,0.26,0.47,19.0,9.0,4.94,4.7700000000000005,4.2299999999999995,20.999999999999996,553.5699000000001,0.365,0.0,0.0,0.0,0.0,2026-10-03T18:26:23.386227+00:00
1124566,W35 Wagga Wagga: Marfa Solovei vs Trusha Jani,itf,W35 Wagga Wagga,itf,pre_match,-453.6,,,0x8b16f30dca80e9c21c74737542a3d1982336147da02f3a2b41c6a38dd9276e79,tennis_first_set_totals,W35 Wagga Wagga: Marfa Solovei vs Trusha Jani Set 1 O/U 8.5,1,0.01,5,True,sports_fees_v3,0.05,1,True,0.15,True,50,4.5,1000,1000,0.0,1,2,1791039271946,,0.01,5,0.01,0.98,20.0,500.0,0.2,10.000000000000009,490.0,97.0,510.0,0.495,0.0,0.0,0.0,0.0,2026-10-03T18:26:23.386227+00:00
1124449,M25 Luan: Siu Chi Nicholas Cheng vs Xing Dao Chen,itf,M25 Luan,itf,pre_match,-453.6,,,0xe8c67a2b78398e0e8c32d3d7b6172d7179e34ad086106d503f4573229f580169,tennis_first_set_winner,M25 Luan: Siu Chi Nicholas Cheng vs Xing Dao Chen Set 1 Winner,1,0.01,5,True,sports_fees_v3,0.05,1,True,0.15,True,50,4.5,1000,1000,0.0,3,3,1791040074919,,0.01,5,0.03,0.97,25.07,25.07,0.7521,0.7521000000000007,24.317899999999998,94.0,1569.84,0.5,0.0,0.0,0.0,0.0,2026-10-03T18:26:23.386227+00:00
1124470,M25 Luan: Cuihaozhe Guo vs Yua Taka,itf,M25 Luan,itf,pre_match,-663.6,,,0x67b4046a9c13af85c0c5ee783d4d92f635aa3fc2bf6a1bc5c4c8e0bd658b87c7,tennis_set_games_totals,M25 Luan: Cuihaozhe Guo vs Yua Taka Set 2 O/U 10.5,1,0.01,5,True,sports_fees_v3,0.05,1,True,0.15,True,50,4.5,1000,1000,0.0,1,2,1791038983118,,0.01,5,0.01,0.98,20.0,500.0,0.2,10.000000000000009,490.0,97.0,510.0,0.495,0.0,0.0,0.0,0.0,2026-10-03T18:26:23.386227+00:00
1124584,W15 Varna: Sonja Zhenikhova vs Giulia Safina Popa,itf,W15 Varna,itf,pre_match,-753.6,,,0x1ac4a3e1071eb4758dfb89243ad37beeca19759be591bc938abfcb87c6db44d6,tennis_first_set_totals,W15 Varna: Sonja Zhenikhova vs Giulia Safina Popa Set 1 O/U 10.5,1,0.01,5,True,sports_fees_v3,0.05,1,True,0.15,True,50,4.5,1000,1000,0.0,1,3,1791050178136,,0.01,5,0.01,0.97,20.0,200.0,0.2,6.000000000000005,194.0,96.0,2874.0,0.49,0.0,0.0,0.0,0.0,2026-10-03T18:26:23.386227+00:00
1121606,China Open (Doubles): Mertens/Shnaider vs Lumsden/Panova,wta-doubles,China Open,doubles,pre_match,-453.6,,,0xea5c4f4215bb62268874f3a46e9679943aaad39282a870687f4fed9d45ef7e18,tennis_first_set_totals,China Open (Doubles): Mertens/Shnaider vs Lumsden/Panova Set 1 O/U 8.5,1,0.01,5,True,sports_fees_v3,0.05,1,True,0.15,True,50,4.5,1000,1000,0.0,1,2,1791028202123,,0.01,5,0.01,0.98,10.0,500.0,0.1,10.000000000000009,490.0,97.0,500.0,0.495,0.0,0.0,0.0,0.0,2026-10-03T18:26:23.386227+00:00
1124461,M25 Luan: Anthony Susanto vs Zijiang Yang,itf,M25 Luan,itf,pre_match,-603.6,,,0x2ff2ed7d61ca4b5d8b25e92c17ffdd710aec8d6e8e8dc9b17049ae1884f9283e,tennis_match_totals,M25 Luan: Anthony Susanto vs Zijiang Yang Match O/U 23.5,1,0.01,5,True,sports_fees_v3,0.05,1,True,0.15,True,50,4.5,1000,1000,0.0,2,3,1791043122042,,0.01,5,0.02,0.97,10.0,25.07,0.2,0.7521000000000007,24.317899999999998,95.0,581.4001999999999,0.495,0.0,0.0,0.0,0.0,2026-10-03T18:26:23.386227+00:00
1124555,W35 Wagga Wagga: Jasmine Adams vs Jemma Carbis,itf,W35 Wagga Wagga,itf,pre_match,-333.6,,,0xaba048d4ae7388f447519f01dd802f49a51ce801cc21594a0ed06ab76ed1d936,tennis_completed_match,Completed Match,1,0.01,5,True,sports_fees_v3,0.05,1,True,0.15,True,50,4.5,1000,1000,700.0,7,1,1791051423729,0.980,0.01,5,0.21,0.99,10.0,20.0,2.1,0.20000000000000018,19.8,78.0,32.2997,0.6,0.0,0.0,0.0,0.0,2026-10-03T18:26:23.386227+00:00
1125327,Wuning 3: Blake Bayldon vs Taisei Ichikawa,atp,Wuning 3,challenger_other,pre_match,-693.6,,,0x7a209ce6e62b7302601699529c6ede9cf04653466f5717a5be4524c713f7af2a,tennis_completed_match,Completed Match,1,0.01,5,True,sports_fees_v3,0.05,1,True,0.15,True,50,4.5,1000,1000,0.0,4,3,1791051314842,,0.01,5,0.08,0.96,15.0,25.0,1.2,1.0000000000000009,24.0,88.0,696.2196999999999,0.52,0.0,0.0,0.0,0.0,2026-10-03T18:26:23.386227+00:00
1124559,W35 Wagga Wagga: Christina Dodaj vs Elizabeth Nad,itf,W35 Wagga Wagga,itf,pre_match,-393.6,,,0xeed875cc808e5972f76ec71158983076a69f6ca5ee2ff044c67cc5f83c338a8d,tennis_set_handicap,W35 Wagga Wagga: Christina Dodaj vs Elizabeth Nad Set Handicap +/-1.5,1,0.01,5,True,sports_fees_v3,0.05,1,True,0.15,True,50,4.5,1000,1000,0.0,3,3,1791040074912,,0.01,5,0.03,0.97,25.07,25.07,0.7521,0.7521000000000007,24.317899999999998,94.0,169.84,0.5,0.0,0.0,0.0,0.0,2026-10-03T18:26:23.386227+00:00
1124562,W15 Maanshan: Xiaochuan Nie vs Egyptia Green,itf,W15 Maanshan,itf,pre_match,-423.6,,,0xa2293eca12d4dc180a24a9f3bccbe0eec2d68308b2bc1380ccaa5259b11b74de,tennis_first_set_totals,W15 Maanshan: Xiaochuan Nie vs Egyptia Green Set 1 O/U 10.5,1,0.01,5,True,sports_fees_v3,0.05,1,True,0.15,True,50,4.5,1000,1000,0.0,1,2,1791050071862,,0.01,5,0.01,0.98,20.0,500.0,0.2,10.000000000000009,490.0,97.0,510.0,0.495,0.0,0.0,0.0,0.0,2026-10-03T18:26:23.386227+00:00
1124552,W35 Wagga Wagga: Shiho Shibata vs Olivia Quigley,itf,W35 Wagga Wagga,itf,pre_match,-333.6,,,0x2275d6e79680532f5244eb4b878e30cd5beb445a85698c7fd4f27297e38919eb,tennis_first_set_totals,W35 Wagga Wagga: Shiho Shibata vs Olivia Quigley Set 1 O/U 9.5,1,0.01,5,True,sports_fees_v3,0.05,1,True,0.15,True,50,4.5,1000,1000,0.0,1,2,1791039146016,,0.01,5,0.01,0.98,20.0,500.0,0.2,10.000000000000009,490.0,97.0,510.0,0.495,0.0,0.0,0.0,0.0,2026-10-03T18:26:23.386227+00:00
1125318,Bari: Juan Martin vs Samuele Pieri,atp,Bari,challenger_other,pre_match,-873.6,,,0x5a504750b620136e66daece8b68f9811dc68f79072a8f27406abd546d48cbb7d,tennis_set_games_totals,Bari: Juan Martin vs Samuele Pieri Set 2 O/U 8.5,1,0.01,5,True,sports_fees_v3,0.05,1,True,0.15,True,50,4.5,1000,1000,0.0,1,3,1791051515863,,0.01,5,0.01,0.97,10.0,10.0,0.1,0.30000000000000027,9.7,96.0,509.70000000000005,0.49,0.0,0.0,0.0,0.0,2026-10-03T18:26:23.386227+00:00
1122151,"W100 Templeton, CA: Tatjana Maria vs Ella McDonald",itf,"W100 Templeton, CA",itf,pre_match,-333.6,,,0xb9643d63d5244a9b7750bd0faabe654b8f302667e4f2a5fee81ede5c283e1c30,tennis_set_totals,"W100 Templeton, CA: Tatjana Maria vs Ella McDonald Total Sets: O/U 2.5",1,0.01,5,True,sports_fees_v3,0.05,1,True,0.15,True,50,4.5,1000,1000,0.0,16,13,1791051968002,,0.01,5,0.27,0.31,172.5,405.0,46.575,279.45,125.55,3.9999999999999982,5303.292100000001,0.29000000000000004,172.5,405.0,2563.75,405.0,2026-10-03T18:26:23.386227+00:00
1124555,W35 Wagga Wagga: Jasmine Adams vs Jemma Carbis,itf,W35 Wagga Wagga,itf,pre_match,-333.6,,,0xbd63403f209235e9c72762a6204a8161360a5bd30b133cfcbfc8b959d4705d28,tennis_set_handicap,W35 Wagga Wagga: Jasmine Adams vs Jemma Carbis Set Handicap +/-1.5,1,0.01,5,True,sports_fees_v3,0.05,1,True,0.15,True,50,4.5,1000,1000,0.0,3,3,1791045464309,,0.01,5,0.03,0.97,25.07,25.07,0.7521,0.7521000000000007,24.317899999999998,94.0,169.84,0.5,0.0,0.0,0.0,0.0,2026-10-03T18:26:23.386227+00:00
1124446,M25 Luan: Thomas Patton vs Junlin Chen,itf,M25 Luan,itf,pre_match,-453.6,,,0x2e24edcd63c27d4df620c294aa516b21c4c157c75b9885ebcb04973ca7df1058,tennis_first_set_totals,M25 Luan: Thomas Patton vs Junlin Chen Set 1 O/U 10.5,1,0.01,5,True,sports_fees_v3,0.05,1,True,0.15,True,50,4.5,1000,1000,0.0,1,2,1791051911414,,0.01,5,0.01,0.98,20.0,500.0,0.2,10.000000000000009,490.0,97.0,510.0,0.495,0.0,0.0,0.0,0.0,2026-10-03T18:26:23.386227+00:00
1125315,Porto 2: Henrique Rocha vs Inaki Montes,atp,Porto 2,challenger_other,pre_match,-933.6,,,0x99e8871125fa14ab5fc0c8b3a800e21bfe2c22c2ed3f4401966bb0eb5926746c,tennis_match_totals,Porto 2: Henrique Rocha vs Inaki Montes Match O/U 21.5,1,0.01,5,True,sports_fees_v3,0.05,1,True,0.15,True,50,4.5,1000,1000,0.0,10,10,1791051732379,,0.01,5,0.51,0.53,200.0,200.0,102.0,94.0,106.0,2.0000000000000018,1770.8953999999999,0.52,230.0,815.0,886.41,1260.79,2026-10-03T18:26:23.386227+00:00
1124560,W35 Wagga Wagga: Eloise Swarbrick vs Ameerah Khan,itf,W35 Wagga Wagga,itf,pre_match,-393.6,,,0x13009c04fc63ac52f7d3bd355e3dde96364ce2f8b28aa58a14f10e5d74d925a4,tennis_first_set_winner,W35 Wagga Wagga: Eloise Swarbrick vs Ameerah Khan Set 1 Winner,1,0.01,5,True,sports_fees_v3,0.05,1,True,0.15,True,50,4.5,1000,1000,0.0,3,3,1791039260342,,0.01,5,0.03,0.97,25.07,25.07,0.7521,0.7521000000000007,24.317899999999998,94.0,1569.88,0.5,0.0,0.0,0.0,0.0,2026-10-03T18:26:23.386227+00:00
1124449,M25 Luan: Siu Chi Nicholas Cheng vs Xing Dao Chen,itf,M25 Luan,itf,pre_match,-453.6,,,0x3f2236afe977632ecd3d9001ddd9efccbb000662334478409de7390050330ad2,tennis_match_totals,M25 Luan: Siu Chi Nicholas Cheng vs Xing Dao Chen Match O/U 22.5,1,0.01,5,True,sports_fees_v3,0.05,1,True,0.15,True,50,4.5,1000,1000,0.0,2,3,1791043122553,,0.01,5,0.02,0.97,10.0,25.07,0.2,0.7521000000000007,24.317899999999998,95.0,581.4001999999999,0.495,0.0,0.0,0.0,0.0,2026-10-03T18:26:23.386227+00:00
1123694,Jingshan: Jessica Bouzas Maneiro vs Alexandra Shubladze,wta,Jingshan,challenger_other,pre_match,-603.6,,,0xba6a1157a53889dd89a1fb2df72ce9c6c9adba452a6c86292fa4b4785b653a61,tennis_game_handicap,Jingshan: Jessica Bouzas Maneiro vs Alexandra Shubladze Game Spread +/-3.5,1,0.01,5,True,sports_fees_v3,0.05,1,True,0.15,True,50,4.5,1000,1000,0.0,11,15,1791051852408,,0.01,5,0.47,0.5,1000.0,1109.07,470.0,554.535,554.535,3.0000000000000027,7830.4656,0.485,1000.0,1109.07,6011.01,5431.51,2026-10-03T18:26:23.386227+00:00
1124481,M25 Darwin: Simon Swenson vs Luka Cowles,itf,M25 Darwin,itf,pre_match,-663.6,,,0x7521d6988b527047919e1ba43391596b678aeb6816330d7f9f4e93cb7d66ebd0,tennis_match_totals,M25 Darwin: Simon Swenson vs Luka Cowles Match O/U 22.5,1,0.01,5,True,sports_fees_v3,0.05,1,True,0.15,True,50,4.5,1000,1000,0.0,2,3,1791045593610,,0.01,5,0.02,0.97,10.0,25.07,0.2,0.7521000000000007,24.317899999999998,95.0,581.4001999999999,0.495,0.0,0.0,0.0,0.0,2026-10-03T18:26:23.386227+00:00
1124463,M25 Luan: Nick Beamish vs Tomohiro Masabayashi,itf,M25 Luan,itf,pre_match,-603.6,,,0x7e35ce4ad897b01d137d6816f1b781a33e380ec723b6236c730fe5b905210337,tennis_set_handicap,M25 Luan: Nick Beamish vs Tomohiro Masabayashi Set Handicap +/-1.5,1,0.01,5,True,sports_fees_v3,0.05,1,True,0.15,True,50,4.5,1000,1000,0.0,3,3,1791039317642,,0.01,5,0.03,0.97,22.28,22.28,0.6684,0.6684000000000007,21.6116,94.0,164.29,0.5,0.0,0.0,0.0,0.0,2026-10-03T18:26:23.386227+00:00
1124583,W15 Maanshan: Ying Xue vs Alisa Piliptsevich,itf,W15 Maanshan,itf,pre_match,-573.6,,,0x4112c974e78f7101b570937430f8db8322b9170f0493f7a08cd002c6c5c66b36,tennis_match_totals,W15 Maanshan: Ying Xue vs Alisa Piliptsevich Match O/U 21.5,1,0.01,5,True,sports_fees_v3,0.05,1,True,0.15,True,50,4.5,1000,1000,0.0,2,3,1791043793679,,0.01,5,0.02,0.97,10.0,25.07,0.2,0.7521000000000007,24.317899999999998,95.0,581.4001999999999,0.495,0.0,0.0,0.0,0.0,2026-10-03T18:26:23.386227+00:00
1124551,W35 Wagga Wagga: Megan Markov vs Chloe Schwarz,itf,W35 Wagga Wagga,itf,pre_match,-333.6,,,0xefda78dc3e9998c80bbb2eee6a9a2199526f5ec62ac7ce4acbad911601afb3ac,tennis_set_games_totals,W35 Wagga Wagga: Megan Markov vs Chloe Schwarz Set 2 O/U 8.5,1,0.01,5,True,sports_fees_v3,0.05,1,True,0.15,True,50,4.5,1000,1000,0.0,1,2,1791039079658,,0.01,5,0.01,0.98,20.0,500.0,0.2,10.000000000000009,490.0,97.0,510.0,0.495,0.0,0.0,0.0,0.0,2026-10-03T18:26:23.386227+00:00
1124493,M15 Sibenik: Nikita Mashtakov vs Noah Lopez,itf,M15 Sibenik,itf,pre_match,-873.6,,,0x6fb4765d9122bf817f2cf21ba5fe83fd694a154192e64d011b81ae86d0c779bc,tennis_set_totals,M15 Sibenik: Nikita Mashtakov vs Noah Lopez Total Sets: O/U 2.5,1,0.01,5,True,sports_fees_v3,0.05,1,True,0.15,True,50,4.5,1000,1000,0.0,13,10,1791051996431,,0.01,5,0.3,0.36,605.0,205.0,181.5,131.2,73.8,6.0,2661.7894,0.32999999999999996,0.0,0.0,805.0,205.0,2026-10-03T18:26:23.386227+00:00
1124466,M25 Luan: Vladimir Osminkin vs Chen-Yu Lu,itf,M25 Luan,itf,pre_match,-633.6,,,0x3eb4c8ce789e09dc97b192d5036401e7191bbc79ee4f9fa9606fb012d91913dc,tennis_first_set_winner,M25 Luan: Vladimir Osminkin vs Chen-Yu Lu Set 1 Winner,1,0.01,5,True,sports_fees_v3,0.05,1,True,0.15,True,50,4.5,1000,1000,0.0,3,3,1791040074229,,0.01,5,0.03,0.97,25.07,25.07,0.7521,0.7521000000000007,24.317899999999998,94.0,1569.84,0.5,0.0,0.0,0.0,0.0,2026-10-03T18:26:23.386227+00:00
1124573,W15 Maanshan: Yu Hang Zhou vs Ziqian Zhu,itf,W15 Maanshan,itf,pre_match,-483.6,,,0xf5538ab9cf6ac79c0153a8bfa0977a16da861384298ddf4d81856d52abf00f18,tennis_set_handicap,W15 Maanshan: Yu Hang Zhou vs Ziqian Zhu Set Handicap +/-1.5,1,0.01,5,True,sports_fees_v3,0.05,1,True,0.15,True,50,4.5,1000,1000,0.0,3,3,1791039587984,,0.01,5,0.03,0.97,25.07,25.07,0.7521,0.7521000000000007,24.317899999999998,94.0,169.84,0.5,0.0,0.0,0.0,0.0,2026-10-03T18:26:23.386227+00:00
1124475,M25 Luan: Jake Dembo vs Yeongseok Jeong,itf,M25 Luan,itf,pre_match,-663.6,,,0x444fcfceb39ae214dd4aba465a4929a442282c4921b545823d73bef00801a757,tennis_match_totals,M25 Luan: Jake Dembo vs Yeongseok Jeong Match O/U 23.5,1,0.01,5,True,sports_fees_v3,0.05,1,True,0.15,True,50,4.5,1000,1000,0.0,2,2,1791039046700,,0.01,5,0.02,0.98,10.0,10.0,0.2,0.20000000000000018,9.8,96.0,105.99999999999999,0.5,0.0,0.0,0.0,0.0,2026-10-03T18:26:23.386227+00:00
1124464,M25 Luan: Kazuma Kawachi vs Sheng Tang,itf,M25 Luan,itf,pre_match,-603.6,,,0xfd8353353d177b6491c9b06513b41aea37c3734122a30c4a66b2a7e548b8a193,tennis_set_games_totals,M25 Luan: Kazuma Kawachi vs Sheng Tang Set 2 O/U 10.5,1,0.01,5,True,sports_fees_v3,0.05,1,True,0.15,True,50,4.5,1000,1000,0.0,1,2,1791039027424,,0.01,5,0.01,0.98,20.0,500.0,0.2,10.000000000000009,490.0,97.0,510.0,0.495,0.0,0.0,0.0,0.0,2026-10-03T18:26:23.386227+00:00
1124476,M25 Darwin: Andres Alberto Sebastian Riffo Luco vs Eric Padgham,itf,M25 Darwin,itf,pre_match,-663.6,,,0x95b3f745b2fef8f3be8fb2a28e8c675caa42a87ebcbe94558f474b96234a82b8,tennis_set_games_totals,M25 Darwin: Andres Alberto Sebastian Riffo Luco vs Eric Padgham Set 2 O/U 9.5,1,0.01,5,True,sports_fees_v3,0.05,1,True,0.15,True,50,4.5,1000,1000,0.0,1,1,1791039005337,,0.01,5,0.01,0.99,20.0,20.0,0.2,0.20000000000000018,19.8,98.0,20.0,0.5,0.0,0.0,0.0,0.0,2026-10-03T18:26:23.386227+00:00
1124568,W35 Wagga Wagga: Maahi Shah vs Nana Onozawa,itf,W35 Wagga Wagga,itf,pre_match,-453.6,,,0x59178c878714c4eb295f2f3d5d3d23efcb91debd7387831edc110f641ba9e242,tennis_set_games_totals,W35 Wagga Wagga: Maahi Shah vs Nana Onozawa Set 2 O/U 9.5,1,0.01,5,True,sports_fees_v3,0.05,1,True,0.15,True,50,4.5,1000,1000,0.0,0,2,1791039272678,,0.01,5,,0.98,0.0,500.0,0.0,10.000000000000009,490.0,,509.8,,,,,,2026-10-03T18:26:23.386227+00:00
1124570,W35 Wagga Wagga: Chiara Di Tommaso vs Sarah Munroe,itf,W35 Wagga Wagga,itf,pre_match,-453.6,,,0xe07a1a6dc682d01c3c2e0084fb0ea26699c716407a72c3b892d25c767d4b07f8,tennis_completed_match,Completed Match,1,0.01,5,True,sports_fees_v3,0.05,1,True,0.15,True,50,4.5,1000,1000,0.0,8,1,1791051406394,,0.01,5,0.21,0.99,10.0,20.0,2.1,0.20000000000000018,19.8,78.0,39.2997,0.6,0.0,0.0,0.0,0.0,2026-10-03T18:26:23.386227+00:00
1124446,M25 Luan: Thomas Patton vs Junlin Chen,itf,M25 Luan,itf,pre_match,-453.6,,,0x3c6e1ad45babbe803a0a004fec348abc15af8f7ea82faa8493c42bccf6d9bc46,tennis_set_games_totals,M25 Luan: Thomas Patton vs Junlin Chen Set 2 O/U 9.5,1,0.01,5,True,sports_fees_v3,0.05,1,True,0.15,True,50,4.5,1000,1000,0.0,1,2,1791039053244,,0.01,5,0.01,0.98,20.0,500.0,0.2,10.000000000000009,490.0,97.0,510.0,0.495,0.0,0.0,0.0,0.0,2026-10-03T18:26:23.386227+00:00
1124578,W15 Maanshan: Yu Yang Jin vs Junjie Sun,itf,W15 Maanshan,itf,pre_match,-543.6,,,0xe4334118e018d7b13634710d21745443bf0b283ca54de82587bef5001719b24f,tennis_set_games_totals,W15 Maanshan: Yu Yang Jin vs Junjie Sun Set 2 O/U 10.5,1,0.01,5,True,sports_fees_v3,0.05,1,True,0.15,True,50,4.5,1000,1000,0.0,1,2,1791038721651,,0.01,5,0.01,0.98,20.0,500.0,0.2,10.000000000000009,490.0,97.0,510.0,0.495,0.0,0.0,0.0,0.0,2026-10-03T18:26:23.386227+00:00
1124582,W15 Maanshan: JiaQi Yang vs Zi Ye Zhang,itf,W15 Maanshan,itf,pre_match,-543.6,,,0x6f0c98bfd462a8455f004ae61b36354b3164da918d1a08362f2a29ee9c6643a3,tennis_set_handicap,W15 Maanshan: JiaQi Yang vs Zi Ye Zhang Set Handicap +/-1.5,1,0.01,5,True,sports_fees_v3,0.05,1,True,0.15,True,50,4.5,1000,1000,0.0,3,3,1791039098725,,0.01,5,0.03,0.97,25.07,25.07,0.7521,0.7521000000000007,24.317899999999998,94.0,169.84,0.5,0.0,0.0,0.0,0.0,2026-10-03T18:26:23.386227+00:00
1124559,W35 Wagga Wagga: Christina Dodaj vs Elizabeth Nad,itf,W35 Wagga Wagga,itf,pre_match,-393.6,,,0xf239a77caf4daec358481aef5ab12f1a292e4b2297cbba9d44c89cae9fcddb29,tennis_completed_match,Completed Match,1,0.01,5,True,sports_fees_v3,0.05,1,True,0.15,True,50,4.5,1000,1000,0.0,8,1,1791051407224,,0.01,5,0.21,0.99,10.0,20.0,2.1,0.20000000000000018,19.8,78.0,39.2997,0.6,0.0,0.0,0.0,0.0,2026-10-03T18:26:23.386227+00:00
1123842,Jingshan: Mattia Bellucci vs Lloyd Harris,atp,Jingshan,challenger_other,pre_match,-513.6,,,0xe9aab59cb8b1fca79148365ed5f83ec8b37274594bec177e184148531f152096,tennis_set_games_totals,Jingshan: Mattia Bellucci vs Lloyd Harris Set 2 O/U 10.5,1,0.01,5,True,sports_fees_v3,0.05,1,True,0.15,True,50,4.5,1000,1000,0.0,2,3,1791051515528,,0.01,5,0.02,0.97,10.0,10.0,0.2,0.30000000000000027,9.7,95.0,509.90000000000003,0.495,0.0,0.0,0.0,0.0,2026-10-03T18:26:23.386227+00:00
1124564,W15 Maanshan: Qige Yi vs Wei Zheng,itf,W15 Maanshan,itf,pre_match,-423.6,,,0x59b852e9626a82d2ab0003385bfb922f6749890cdd6accf218f3db6af6bdc793,tennis_set_games_totals,W15 Maanshan: Qige Yi vs Wei Zheng Set 2 O/U 10.5,1,0.01,5,True,sports_fees_v3,0.05,1,True,0.15,True,50,4.5,1000,1000,0.0,1,2,1791039247288,,0.01,5,0.01,0.98,20.0,500.0,0.2,10.000000000000009,490.0,97.0,510.0,0.495,0.0,0.0,0.0,0.0,2026-10-03T18:26:23.386227+00:00
1124560,W35 Wagga Wagga: Eloise Swarbrick vs Ameerah Khan,itf,W35 Wagga Wagga,itf,pre_match,-393.6,,,0xe19e844ad85b10cf5b0dcdd583d27b831b16258335aeec8070544cd54ef28e17,tennis_set_totals,W35 Wagga Wagga: Eloise Swarbrick vs Ameerah Khan Total Sets: O/U 2.5,1,0.01,5,True,sports_fees_v3,0.05,1,True,0.15,True,50,4.5,1000,1000,0.0,3,3,1791042363709,,0.01,5,0.03,0.97,25.07,25.07,0.7521,0.7521000000000007,24.317899999999998,94.0,1091.44,0.5,0.0,0.0,0.0,0.0,2026-10-03T18:26:23.386227+00:00
1124560,W35 Wagga Wagga: Eloise Swarbrick vs Ameerah Khan,itf,W35 Wagga Wagga,itf,pre_match,-393.6,,,0x5fe30a8c43f6d0106cb3cdedddd0a4078da2fca3910a3a37965e7cc3c55a9eb9,tennis_match_totals,W35 Wagga Wagga: Eloise Swarbrick vs Ameerah Khan Match O/U 22.5,1,0.01,5,True,sports_fees_v3,0.05,1,True,0.15,True,50,4.5,1000,1000,0.0,2,3,1791042363716,,0.01,5,0.02,0.97,10.0,25.07,0.2,0.7521000000000007,24.317899999999998,95.0,581.4400999999999,0.495,0.0,0.0,0.0,0.0,2026-10-03T18:26:23.386227+00:00
1124446,M25 Luan: Thomas Patton vs Junlin Chen,itf,M25 Luan,itf,pre_match,-453.6,,,0x98ee55b51472f8ece46a9158cf31cd47070cc80f871da54d7a80eb0a7287c1d0,tennis_completed_match,Completed Match,1,0.01,5,True,sports_fees_v3,0.05,1,True,0.15,True,50,4.5,1000,1000,0.0,7,1,1791051405469,,0.01,5,0.21,0.99,10.0,20.0,2.1,0.20000000000000018,19.8,78.0,35.1197,0.6,0.0,0.0,0.0,0.0,2026-10-03T18:26:23.386227+00:00
1124561,W15 Maanshan: Qianyu Dong vs YiHan Li,itf,W15 Maanshan,itf,pre_match,-423.6,,,0xfcf48d4a7797cf7e4f82bfa824cdd69822f9eeeaf291be333a7789c9c91b2a77,tennis_set_totals,W15 Maanshan: Qianyu Dong vs YiHan Li Total Sets: O/U 2.5,1,0.01,5,True,sports_fees_v3,0.05,1,True,0.15,True,50,4.5,1000,1000,0.0,3,4,1791047533557,,0.01,5,0.03,0.96,25.07,16.98,0.7521,0.6792000000000006,16.3008,93.0,1360.0503,0.495,0.0,0.0,0.0,0.0,2026-10-03T18:26:23.386227+00:00
1125315,Porto 2: Henrique Rocha vs Inaki Montes,atp,Porto 2,challenger_other,pre_match,-933.6,,,0xee7e1b4351afe4b4d77f9bd7a23998ab01282f011dd68de3b2af5aef14d99727,tennis_match_totals,Porto 2: Henrique Rocha vs Inaki Montes Match O/U 22.5,1,0.01,5,True,sports_fees_v3,0.05,1,True,0.15,True,50,4.5,1000,1000,0.0,9,9,1791051760605,,0.01,5,0.44,0.47,816.0,210.0,359.04,111.30000000000001,98.69999999999999,2.9999999999999973,1400.0045,0.45499999999999996,816.0,210.0,1602.13,225.0,2026-10-03T18:26:23.386227+00:00
1124487,M25 Darwin: Darcy Nicholls vs Adrian Correa,itf,M25 Darwin,itf,pre_match,-723.6,,,0xabf74ac8a658f0a174b9b75dc4f7736fb4eeaae8278119442724a7b496ece71d,tennis_match_totals,M25 Darwin: Darcy Nicholls vs Adrian Correa Match O/U 22.5,1,0.01,5,True,sports_fees_v3,0.05,1,True,0.15,True,50,4.5,1000,1000,0.0,2,3,1791045860648,,0.01,5,0.02,0.97,10.0,22.28,0.2,0.6684000000000007,21.6116,95.0,573.9402,0.495,0.0,0.0,0.0,0.0,2026-10-03T18:26:23.386227+00:00
1124473,M25 Luan: Yingjie Tang vs Zihao Liu,itf,M25 Luan,itf,pre_match,-663.6,,,0xb96ef457590e0d5a6aac6b0cbd6bc37cb1973a04fea3ce91d281491567d06268,tennis_match_totals,M25 Luan: Yingjie Tang vs Zihao Liu Match O/U 21.5,1,0.01,5,True,sports_fees_v3,0.05,1,True,0.15,True,50,4.5,1000,1000,0.0,3,7,1791050911796,,0.01,5,0.03,0.93,25.43,7.18,0.7628999999999999,0.5025999999999996,6.6774000000000004,90.0,1058.8899000000001,0.48000000000000004,0.0,0.0,0.0,0.0,2026-10-03T18:26:23.386227+00:00
1125319,Mouilleron-Le-Captif: Sascha Gueymard-Wayenburg vs Clement Chidekh,atp,Mouilleron-Le-Captif,challenger_other,pre_match,-1113.6,,,0xb11658b1bf00119447ab5dd8591c09d3e23bb19c071986a362a9e606ecd15011,tennis_set_totals,Mouilleron-Le-Captif: Sascha Gueymard-Wayenburg vs Clement Chidekh Total Sets: O/U 2.5,1,0.01,5,True,sports_fees_v3,0.05,1,True,0.15,True,50,4.5,1000,1000,0.0,16,17,1791052001009,,0.01,5,0.4,0.44,1070.0,110.0,428.0,61.60000000000001,48.4,3.9999999999999982,6120.7557,0.42000000000000004,1070.0,110.0,3101.41,125.0,2026-10-03T18:26:23.386227+00:00
1124444,M25 Luan: Markus Malaszszak vs Yutong Du,itf,M25 Luan,itf,pre_match,-453.6,,,0x6ac9c870b8c43ee079553630d20282fc8748b991af6d12ca3d11f6e5941bdd11,tennis_set_games_totals,M25 Luan: Markus Malaszszak vs Yutong Du Set 2 O/U 10.5,1,0.01,5,True,sports_fees_v3,0.05,1,True,0.15,True,50,4.5,1000,1000,0.0,1,2,1791039040680,,0.01,5,0.01,0.98,20.0,500.0,0.2,10.000000000000009,490.0,97.0,510.0,0.495,0.0,0.0,0.0,0.0,2026-10-03T18:26:23.386227+00:00
1124572,W15 Maanshan: aoyi li vs Jiayue Pan,itf,W15 Maanshan,itf,pre_match,-483.6,,,0x13516c249f36770a4731993f6e7753543830df1d2cb0ce9ebc2ef7b74081d2e1,tennis_first_set_totals,W15 Maanshan: aoyi li vs Jiayue Pan Set 1 O/U 10.5,1,0.01,5,True,sports_fees_v3,0.05,1,True,0.15,True,50,4.5,1000,1000,0.0,1,2,1791038706367,,0.01,5,0.01,0.98,20.0,500.0,0.2,10.000000000000009,490.0,97.0,510.0,0.495,0.0,0.0,0.0,0.0,2026-10-03T18:26:23.386227+00:00
1124469,M25 Luan: TZU-YUAN TSENG vs Lingxi Zhao,itf,M25 Luan,itf,pre_match,-663.6,,,0x4f6c96ff582f6be18dbcb3acb74717253b55461b031e0dc76d18fa7c0d2d08f0,tennis_first_set_winner,M25 Luan: TZU-YUAN TSENG vs Lingxi Zhao Set 1 Winner,1,0.01,5,True,sports_fees_v3,0.05,1,True,0.15,True,50,4.5,1000,1000,0.0,3,3,1791039412577,,0.01,5,0.03,0.97,25.07,25.07,0.7521,0.7521000000000007,24.317899999999998,94.0,1569.84,0.5,0.0,0.0,0.0,0.0,2026-10-03T18:26:23.386227+00:00
1124485,M25 Darwin: Tristan McIntosh vs Nicholas Jovanovski,itf,M25 Darwin,itf,pre_match,-723.6,,,0xb26b4d3de4ba7171bda4932954a2c76f5e47f4a12740fb871a7f041f3212fa38,tennis_first_set_totals,M25 Darwin: Tristan McIntosh vs Nicholas Jovanovski Set 1 O/U 10.5,1,0.01,5,True,sports_fees_v3,0.05,1,True,0.15,True,50,4.5,1000,1000,0.0,1,2,1791039053909,,0.01,5,0.01,0.98,20.0,500.0,0.2,10.000000000000009,490.0,97.0,510.0,0.495,0.0,0.0,0.0,0.0,2026-10-03T18:26:23.386227+00:00
1124460,M25 Luan: Thomas Linley vs Tin Chen,itf,M25 Luan,itf,pre_match,-603.6,,,0x9e2c057aff581033e38b13fe1fcc4726a4e0c981fac3e558ba0cd0d758670257,tennis_first_set_totals,M25 Luan: Thomas Linley vs Tin Chen Set 1 O/U 9.5,1,0.01,5,True,sports_fees_v3,0.05,1,True,0.15,True,50,4.5,1000,1000,0.0,1,1,1791039113565,,0.01,5,0.01,0.99,20.0,20.0,0.2,0.20000000000000018,19.8,98.0,20.0,0.5,0.0,0.0,0.0,0.0,2026-10-03T18:26:23.386227+00:00
1123842,Jingshan: Mattia Bellucci vs Lloyd Harris,atp,Jingshan,challenger_other,pre_match,-513.6,,,0x570b4ae0dcaa2f3c7103d04a3a110f56c822426c312d2ab6f9b5ad8c20ebe8f0,tennis_first_set_winner,Jingshan: Mattia Bellucci vs Lloyd Harris Set 1 Winner,1,0.01,5,True,sports_fees_v3,0.05,1,True,0.15,True,50,4.5,1000,1000,0.0,21,18,1791051535188,,0.01,5,0.46,0.48,972.0,200.0,447.12,104.0,96.0,1.9999999999999962,13405.7712,0.47,2430.0,324.0,7380.0,5629.0,2026-10-03T18:26:23.386227+00:00
1124565,W15 Maanshan: Kunwei Wang vs Sin Yu Che,itf,W15 Maanshan,itf,pre_match,-423.6,,,0x8d511bab756e4db4babb942769fc94fd66b37f4c0ea8e7f4aaeb551eacdedd84,tennis_set_games_totals,W15 Maanshan: Kunwei Wang vs Sin Yu Che Set 2 O/U 8.5,1,0.01,5,True,sports_fees_v3,0.05,1,True,0.15,True,50,4.5,1000,1000,0.0,1,2,1791039298004,,0.01,5,0.01,0.98,20.0,500.0,0.2,10.000000000000009,490.0,97.0,510.0,0.495,0.0,0.0,0.0,0.0,2026-10-03T18:26:23.386227+00:00
1124555,W35 Wagga Wagga: Jasmine Adams vs Jemma Carbis,itf,W35 Wagga Wagga,itf,pre_match,-333.6,,,0xa9257386d16ab358894b01bac8f2917aee44040cf3803aa3161e0d3cc6cf5119,tennis_match_totals,W35 Wagga Wagga: Jasmine Adams vs Jemma Carbis Match O/U 23.5,1,0.01,5,True,sports_fees_v3,0.05,1,True,0.15,True,50,4.5,1000,1000,0.0,2,3,1791050519354,,0.01,5,0.02,0.97,10.0,25.07,0.2,0.7521000000000007,24.317899999999998,95.0,559.8402,0.495,0.0,0.0,0.0,0.0,2026-10-03T18:26:23.386227+00:00
1124453,M25 Luan: Zhenxiong Dong vs Yile Li,itf,M25 Luan,itf,pre_match,-513.6,,,0x9f42cc397ce0996dfc14be2d16a61bce4e8cbf7cf5c8891245eacfee02a0510f,tennis_match_totals,M25 Luan: Zhenxiong Dong vs Yile Li Match O/U 22.5,1,0.01,5,True,sports_fees_v3,0.05,1,True,0.15,True,50,4.5,1000,1000,0.0,2,3,1791042366838,,0.01,5,0.02,0.97,10.0,22.28,0.2,0.6684000000000007,21.6116,95.0,573.8904,0.495,0.0,0.0,0.0,0.0,2026-10-03T18:26:23.386227+00:00
1124477,M25 Darwin: Kuma Ito vs Jason Daly,itf,M25 Darwin,itf,pre_match,-663.6,,,0x16e90bf264620665b163d34dd2a8985f4c72fb9de59501e1c2cd3d2dd51dd5d4,tennis_set_games_totals,M25 Darwin: Kuma Ito vs Jason Daly Set 2 O/U 8.5,1,0.01,5,True,sports_fees_v3,0.05,1,True,0.15,True,50,4.5,1000,1000,0.0,1,2,1791039029532,,0.01,5,0.01,0.98,20.0,500.0,0.2,10.000000000000009,490.0,97.0,510.0,0.495,0.0,0.0,0.0,0.0,2026-10-03T18:26:23.386227+00:00
1125326,Wuning 3: Keisuke Saitoh vs Zicong Wang,atp,Wuning 3,challenger_other,pre_match,-693.6,,,0xd0b18e02b3f9b7f1b0732f54d14d104251b16cfd945e19e171f0d23b4db5c7dc,tennis_completed_match,Completed Match,1,0.01,5,True,sports_fees_v3,0.05,1,True,0.15,True,50,4.5,1000,1000,0.0,5,3,1791050715861,,0.01,5,0.08,0.96,15.0,5.0,1.2,0.20000000000000018,4.8,88.0,680.0197,0.52,0.0,0.0,0.0,0.0,2026-10-03T18:26:23.386227+00:00
1124472,M25 Luan: Lin Hao-Yu vs Yue Xia,itf,M25 Luan,itf,pre_match,-663.6,,,0xbd8c3d77cc0cdcc6fa8dcd5f451154a5c93424a449fd2cbf874aef59f9cd12e6,tennis_match_totals,M25 Luan: Lin Hao-Yu vs Yue Xia Match O/U 21.5,1,0.01,5,True,sports_fees_v3,0.05,1,True,0.15,True,50,4.5,1000,1000,0.0,2,3,1791046230475,,0.01,5,0.02,0.97,8.0,26.24,0.16,0.7872000000000007,25.452799999999996,95.0,576.1202,0.495,0.0,0.0,0.0,0.0,2026-10-03T18:26:23.386227+00:00
1125319,Mouilleron-Le-Captif: Sascha Gueymard-Wayenburg vs Clement Chidekh,atp,Mouilleron-Le-Captif,challenger_other,pre_match,-1113.6,,,0xdf2caf76f372bb417e7789150da052f8b2113cb108b6a14b58545c3a16979a1f,tennis_match_totals,Mouilleron-Le-Captif: Sascha Gueymard-Wayenburg vs Clement Chidekh Match O/U 22.5,1,0.01,5,True,sports_fees_v3,0.05,1,True,0.15,True,50,4.5,1000,1000,0.0,7,9,1791051359887,,0.01,5,0.5,0.53,215.0,815.0,107.5,383.04999999999995,431.95000000000005,3.0000000000000027,1563.8112,0.515,215.0,815.0,586.74,1210.47,2026-10-03T18:26:23.386227+00:00
1124486,M25 Darwin: Nikolas Baker vs Aidan Chan,itf,M25 Darwin,itf,pre_match,-723.6,,,0xcfc2ff1330c70b76cb623832e89d860aaf4f4c016082cb3dd391c7b820164f84,tennis_first_set_totals,M25 Darwin: Nikolas Baker vs Aidan Chan Set 1 O/U 10.5,1,0.01,5,True,sports_fees_v3,0.05,1,True,0.15,True,50,4.5,1000,1000,0.0,1,2,1791039054526,,0.01,5,0.01,0.98,20.0,500.0,0.2,10.000000000000009,490.0,97.0,510.0,0.495,0.0,0.0,0.0,0.0,2026-10-03T18:26:23.386227+00:00
1124476,M25 Darwin: Andres Alberto Sebastian Riffo Luco vs Eric Padgham,itf,M25 Darwin,itf,pre_match,-663.6,,,0xd645512a6e9211f211695a976cac459b6acc42e3dcc5b1855c5ab6a9f3651728,tennis_first_set_totals,M25 Darwin: Andres Alberto Sebastian Riffo Luco vs Eric Padgham Set 1 O/U 8.5,1,0.01,5,True,sports_fees_v3,0.05,1,True,0.15,True,50,4.5,1000,1000,0.0,1,1,1791038984410,,0.01,5,0.01,0.99,20.0,20.0,0.2,0.20000000000000018,19.8,98.0,20.0,0.5,0.0,0.0,0.0,0.0,2026-10-03T18:26:23.386227+00:00
1124444,M25 Luan: Markus Malaszszak vs Yutong Du,itf,M25 Luan,itf,pre_match,-453.6,,,0x03e15e9eae6256b32bf7640d313bcc8197627631cc289d49799d7ae821d4325a,tennis_match_totals,M25 Luan: Markus Malaszszak vs Yutong Du Match O/U 21.5,1,0.01,5,True,sports_fees_v3,0.05,1,True,0.15,True,50,4.5,1000,1000,0.0,2,3,1791043123142,,0.01,5,0.02,0.97,10.0,25.07,0.2,0.7521000000000007,24.317899999999998,95.0,581.4001999999999,0.495,0.0,0.0,0.0,0.0,2026-10-03T18:26:23.386227+00:00
1124564,W15 Maanshan: Qige Yi vs Wei Zheng,itf,W15 Maanshan,itf,pre_match,-423.6,,,0x096d47bf5b270f551fb4e509e0d09519ed242aa61439c3b1b5b6d1b139a77bcf,tennis_first_set_totals,W15 Maanshan: Qige Yi vs Wei Zheng Set 1 O/U 10.5,1,0.01,5,True,sports_fees_v3,0.05,1,True,0.15,True,50,4.5,1000,1000,0.0,1,2,1791039248284,,0.01,5,0.01,0.98,20.0,500.0,0.2,10.000000000000009,490.0,97.0,510.0,0.495,0.0,0.0,0.0,0.0,2026-10-03T18:26:23.386227+00:00
1124554,W35 Wagga Wagga: Dyan Jayasena vs Ai Maruyama,itf,W35 Wagga Wagga,itf,pre_match,-333.6,,,0x3e9f825b06e93cbc7486738cc3111c764b21d0a89303dccd3abcdd8d0aa51d32,tennis_set_games_totals,W35 Wagga Wagga: Dyan Jayasena vs Ai Maruyama Set 2 O/U 10.5,1,0.01,5,True,sports_fees_v3,0.05,1,True,0.15,True,50,4.5,1000,1000,0.0,1,1,1791039173170,,0.01,5,0.01,0.99,20.0,20.0,0.2,0.20000000000000018,19.8,98.0,20.0,0.5,0.0,0.0,0.0,0.0,2026-10-03T18:26:23.386227+00:00
1124456,M25 Luan: Teerapat Khantiweerawat vs Jordan Chiu,itf,M25 Luan,itf,pre_match,-513.6,,,0x4966666ee3e214fd724ded8280667bde9769a884f385f2543e304586a5cc2c3a,tennis_set_handicap,M25 Luan: Teerapat Khantiweerawat vs Jordan Chiu Set Handicap +/-1.5,1,0.01,5,True,sports_fees_v3,0.05,1,True,0.15,True,50,4.5,1000,1000,0.0,3,3,1791046222163,,0.01,5,0.03,0.97,25.07,25.07,0.7521,0.7521000000000007,24.317899999999998,94.0,169.84,0.5,0.0,0.0,0.0,0.0,2026-10-03T18:26:23.386227+00:00
1124444,M25 Luan: Markus Malaszszak vs Yutong Du,itf,M25 Luan,itf,pre_match,-453.6,,,0x221ed77b01a35b6e8d269068429098bc03e49ece103d004e7f445b44a37f286d,tennis_first_set_totals,M25 Luan: Markus Malaszszak vs Yutong Du Set 1 O/U 10.5,1,0.01,5,True,sports_fees_v3,0.05,1,True,0.15,True,50,4.5,1000,1000,0.0,1,2,1791039038365,,0.01,5,0.01,0.98,20.0,500.0,0.2,10.000000000000009,490.0,97.0,510.0,0.495,0.0,0.0,0.0,0.0,2026-10-03T18:26:23.386227+00:00
1124459,M25 Luan: Xiao-Feng Zhou vs Yuichiro Inui,itf,M25 Luan,itf,pre_match,-603.6,,,0x5dcb1ee7247b67bbaa71e5d43c0080900f82743f011bad60aa94af638496a836,tennis_set_winner,M25 Luan: Xiao-Feng Zhou vs Yuichiro Inui Set 2 Winner,1,0.01,5,True,sports_fees_v3,0.05,1,True,0.15,True,50,4.5,1000,1000,0.0,1,1,1791039113213,,0.01,5,0.01,0.99,30.0,30.0,0.3,0.30000000000000027,29.7,98.0,30.0,0.5,0.0,0.0,0.0,0.0,2026-10-03T18:26:23.386227+00:00
1124476,M25 Darwin: Andres Alberto Sebastian Riffo Luco vs Eric Padgham,itf,M25 Darwin,itf,pre_match,-663.6,,,0xa0bd019306c89bee756615427164653386faf009d2e99c877c6225924a003eb4,tennis_first_set_winner,M25 Darwin: Andres Alberto Sebastian Riffo Luco vs Eric Padgham Set 1 Winner,1,0.01,5,True,sports_fees_v3,0.05,1,True,0.15,True,50,4.5,1000,1000,0.0,3,3,1791045464309,,0.01,5,0.03,0.97,25.07,25.07,0.7521,0.7521000000000007,24.317899999999998,94.0,1569.84,0.5,0.0,0.0,0.0,0.0,2026-10-03T18:26:23.386227+00:00
1124580,W15 Maanshan: Chuyi Yang vs Chenhan Xiang,itf,W15 Maanshan,itf,pre_match,-543.6,,,0xcf014ef7138a8aaeb2930eb3f619b4dbea607b90abcb68bbdf116bfde4bcaad2,tennis_completed_match,Completed Match,1,0.01,5,True,sports_fees_v3,0.05,1,True,0.15,True,50,4.5,1000,1000,0.0,6,2,1791051454250,,0.01,5,0.08,0.96,15.0,5.0,1.2,0.20000000000000018,4.8,88.0,40.999700000000004,0.52,0.0,0.0,0.0,0.0,2026-10-03T18:26:23.386227+00:00
1124553,W35 Wagga Wagga: Zoe Theodorakopoulos vs Bianca Compuesto,itf,W35 Wagga Wagga,itf,pre_match,-333.6,,,0x3735bf56c4b2c62ddf506fc15ffdd76dd2afa5e232dcdb858f7a75c11354bcb0,tennis_match_totals,W35 Wagga Wagga: Zoe Theodorakopoulos vs Bianca Compuesto Match O/U 23.5,1,0.01,5,True,sports_fees_v3,0.05,1,True,0.15,True,50,4.5,1000,1000,0.0,2,3,1791050519354,,0.01,5,0.02,0.97,10.0,25.07,0.2,0.7521000000000007,24.317899999999998,95.0,559.4302,0.495,0.0,0.0,0.0,0.0,2026-10-03T18:26:23.386227+00:00
1124579,W15 Maanshan: chengwei Han vs Jasmine Lin,itf,W15 Maanshan,itf,pre_match,-543.6,,,0x03ee92d3d1025f1c4594aa037ed69e0465287a4e011409af1d5e3834caf37869,tennis_match_totals,W15 Maanshan: chengwei Han vs Jasmine Lin Match O/U 22.5,1,0.01,5,True,sports_fees_v3,0.05,1,True,0.15,True,50,4.5,1000,1000,0.0,2,3,1791042362763,,0.01,5,0.02,0.97,10.0,22.28,0.2,0.6684000000000007,21.6116,95.0,573.8904,0.495,0.0,0.0,0.0,0.0,2026-10-03T18:26:23.386227+00:00
1124558,W35 Wagga Wagga: Joellah Wan vs Mia Princip,itf,W35 Wagga Wagga,itf,pre_match,-393.6,,,0x168024f983b613230e55706129c4dc59a9286574b895cb86d852c596bcc56150,tennis_set_handicap,W35 Wagga Wagga: Joellah Wan vs Mia Princip Set Handicap +/-1.5,1,0.01,5,True,sports_fees_v3,0.05,1,True,0.15,True,50,4.5,1000,1000,0.0,3,3,1791039407719,,0.01,5,0.03,0.97,25.07,25.07,0.7521,0.7521000000000007,24.317899999999998,94.0,169.8801,0.5,0.0,0.0,0.0,0.0,2026-10-03T18:26:23.386227+00:00
1124562,W15 Maanshan: Xiaochuan Nie vs Egyptia Green,itf,W15 Maanshan,itf,pre_match,-423.6,,,0x8b8f139d677b729d1fe51dde8093be975deef90314004ba41376fdecee9f8766,tennis_completed_match,Completed Match,1,0.01,5,True,sports_fees_v3,0.05,1,True,0.15,True,50,4.5,1000,1000,0.0,8,1,1791051423893,,0.01,5,0.21,0.99,10.0,20.0,2.1,0.20000000000000018,19.8,78.0,39.2997,0.6,0.0,0.0,0.0,0.0,2026-10-03T18:26:23.386227+00:00
1124555,W35 Wagga Wagga: Jasmine Adams vs Jemma Carbis,itf,W35 Wagga Wagga,itf,pre_match,-333.6,,,0x80432ffe79017567ee99829ee18350c43759559dd1481bf362522e8ca8053015,tennis_match_totals,W35 Wagga Wagga: Jasmine Adams vs Jemma Carbis Match O/U 21.5,1,0.01,5,True,sports_fees_v3,0.05,1,True,0.15,True,50,4.5,1000,1000,0.0,2,3,1791050519354,,0.01,5,0.02,0.97,10.0,25.07,0.2,0.7521000000000007,24.317899999999998,95.0,559.8402,0.495,0.0,0.0,0.0,0.0,2026-10-03T18:26:23.386227+00:00
1124558,W35 Wagga Wagga: Joellah Wan vs Mia Princip,itf,W35 Wagga Wagga,itf,pre_match,-393.6,,,0xfd0f34e05eaea04c5991b73540dc9805e25100218934b99ceda15b353a2275cd,tennis_match_totals,W35 Wagga Wagga: Joellah Wan vs Mia Princip Match O/U 22.5,1,0.01,5,True,sports_fees_v3,0.05,1,True,0.15,True,50,4.5,1000,1000,0.0,2,3,1791042363978,,0.01,5,0.02,0.97,10.0,25.07,0.2,0.7521000000000007,24.317899999999998,95.0,581.4400999999999,0.495,0.0,0.0,0.0,0.0,2026-10-03T18:26:23.386227+00:00
1124493,M15 Sibenik: Nikita Mashtakov vs Noah Lopez,itf,M15 Sibenik,itf,pre_match,-873.6,,,0x928f4eda9e0c2c08f3e19e541056bededa3b310d2f6084b362b251bc0e24a884,tennis_set_handicap,M15 Sibenik: Nikita Mashtakov vs Noah Lopez Set Handicap +/-1.5,1,0.01,5,True,sports_fees_v3,0.05,1,True,0.15,True,50,4.5,1000,1000,0.0,15,15,1791051996758,,0.01,5,0.51,0.56,205.0,600.0,104.55,263.99999999999994,336.00000000000006,5.000000000000004,2576.2501,0.535,0.0,0.0,925.0,600.0,2026-10-03T18:26:23.386227+00:00
1124572,W15 Maanshan: aoyi li vs Jiayue Pan,itf,W15 Maanshan,itf,pre_match,-483.6,,,0x623f8c56b6f645e92f63efef4e3d3e329acc4a6e18d08485093a54af77d97658,tennis_match_totals,W15 Maanshan: aoyi li vs Jiayue Pan Match O/U 23.5,1,0.01,5,True,sports_fees_v3,0.05,1,True,0.15,True,50,4.5,1000,1000,0.0,2,3,1791042363487,,0.01,5,0.02,0.97,10.0,25.07,0.2,0.7521000000000007,24.317899999999998,95.0,581.4001999999999,0.495,0.0,0.0,0.0,0.0,2026-10-03T18:26:23.386227+00:00
1124477,M25 Darwin: Kuma Ito vs Jason Daly,itf,M25 Darwin,itf,pre_match,-663.6,,,0xacdc0059b7f907a8cece75818d879eef3a6cae90df2d33d390da956575ae6fae,tennis_match_totals,M25 Darwin: Kuma Ito vs Jason Daly Match O/U 21.5,1,0.01,5,True,sports_fees_v3,0.05,1,True,0.15,True,50,4.5,1000,1000,0.0,2,3,1791042365111,,0.01,5,0.02,0.97,10.0,25.07,0.2,0.7521000000000007,24.317899999999998,95.0,581.4001999999999,0.495,0.0,0.0,0.0,0.0,2026-10-03T18:26:23.386227+00:00
1124577,W15 Maanshan: Ha Eum Lee vs Xi Luo,itf,W15 Maanshan,itf,pre_match,-483.6,,,0xd30ba740f469766bc3931c7d236ece82cde690f152dec13833443b7853ce82b2,tennis_set_winner,W15 Maanshan: Ha Eum Lee vs Xi Luo Set 2 Winner,1,0.01,5,True,sports_fees_v3,0.05,1,True,0.15,True,50,4.5,1000,1000,0.0,2,2,1791038718365,,0.01,5,0.02,0.98,1500.0,1500.0,30.0,30.00000000000003,1470.0,96.0,1530.0,0.5,0.0,0.0,0.0,0.0,2026-10-03T18:26:23.386227+00:00
1121606,China Open (Doubles): Mertens/Shnaider vs Lumsden/Panova,wta-doubles,China Open,doubles,pre_match,-453.6,,,0xe1a8b4097aba5fbdd85ca799df7f1b70df22caa306f823c779ff7323871896ad,tennis_set_winner,China Open (Doubles): Mertens/Shnaider vs Lumsden/Panova Set 2 Winner,1,0.01,5,True,sports_fees_v3,0.05,1,True,0.15,True,50,4.5,1000,1000,0.0,2,2,1791018967310,,0.01,5,0.02,0.98,1500.0,1500.0,30.0,30.00000000000003,1470.0,96.0,1510.0,0.5,0.0,0.0,0.0,0.0,2026-10-03T18:26:23.386227+00:00
1124583,W15 Maanshan: Ying Xue vs Alisa Piliptsevich,itf,W15 Maanshan,itf,pre_match,-573.6,,,0xd97363ed29e2757eee2fca2e4ce69b5719faff5bb2b2da3625d7bcd4bcfbf4f9,tennis_match_totals,W15 Maanshan: Ying Xue vs Alisa Piliptsevich Match O/U 22.5,1,0.01,5,True,sports_fees_v3,0.05,1,True,0.15,True,50,4.5,1000,1000,0.0,2,3,1791043793680,,0.01,5,0.02,0.97,10.0,25.07,0.2,0.7521000000000007,24.317899999999998,95.0,581.4001999999999,0.495,0.0,0.0,0.0,0.0,2026-10-03T18:26:23.386227+00:00
1124448,M25 Luan: Lleyton Richards vs Jiaqi Gu,itf,M25 Luan,itf,pre_match,-453.6,,,0x459893eeecda1ed24517d6080248dd8ba0302300d5b0d72a9e0efc6c5d4227bc,tennis_set_games_totals,M25 Luan: Lleyton Richards vs Jiaqi Gu Set 2 O/U 8.5,1,0.01,5,True,sports_fees_v3,0.05,1,True,0.15,True,50,4.5,1000,1000,0.0,1,2,1791039045421,,0.01,5,0.01,0.98,20.0,500.0,0.2,10.000000000000009,490.0,97.0,510.0,0.495,0.0,0.0,0.0,0.0,2026-10-03T18:26:23.386227+00:00
1123682,Japan Open Tennis Championships (Doubles): Hijikata/Uesugi vs Arribage/Olivetti,atp-doubles,Japan Open Tennis Championships,doubles,pre_match,-663.6,,,0x637e0c90eb1139895a9703bc1f5772d670b83013cc37407fcc55dc9a606cd721,tennis_set_totals,Japan Open Tennis Championships (Doubles): Hijikata/Uesugi vs Arribage/Olivetti Total Sets: O/U 2.5,1,0.01,5,True,sports_fees_v3,0.05,1,True,0.15,True,50,4.5,1000,1000,0.0,4,4,1791051351376,,0.01,5,0.29,0.5,17.0,10.0,4.93,5.0,5.0,21.000000000000004,1065.9401,0.395,0.0,0.0,0.0,0.0,2026-10-03T18:26:23.386227+00:00
1124457,M25 Luan: MINGLIANG YUE vs Ye Hongyu,itf,M25 Luan,itf,pre_match,-513.6,,,0x3a6278d7624b2d5a43edda8436c048168a7091d1b345cd683a2e8f431901f242,tennis_first_set_totals,M25 Luan: MINGLIANG YUE vs Ye Hongyu Set 1 O/U 10.5,1,0.01,5,True,sports_fees_v3,0.05,1,True,0.15,True,50,4.5,1000,1000,0.0,2,2,1791050201679,,0.01,5,0.02,0.98,300.0,500.0,6.0,10.000000000000009,490.0,96.0,526.0,0.5,0.0,0.0,0.0,0.0,2026-10-03T18:26:23.386227+00:00
1124580,W15 Maanshan: Chuyi Yang vs Chenhan Xiang,itf,W15 Maanshan,itf,pre_match,-543.6,,,0x35b92f642e8941c2ab58fa2c24f5ac2433a6d47e88b011bda42098b100fcfe33,tennis_first_set_winner,W15 Maanshan: Chuyi Yang vs Chenhan Xiang Set 1 Winner,1,0.01,5,True,sports_fees_v3,0.05,1,True,0.15,True,50,4.5,1000,1000,0.0,3,3,1791039039108,,0.01,5,0.03,0.97,22.28,22.28,0.6684,0.6684000000000007,21.6116,94.0,1564.2899999999997,0.5,0.0,0.0,0.0,0.0,2026-10-03T18:26:23.386227+00:00
1124491,M25 Luan: Maxim Shin vs SHIXUN ZHU,itf,M25 Luan,itf,pre_match,-813.6,,,0x7588a73a903ce2f3e61e20bc10f302bf5f3d698affc088efa6d9d0dab0302a35,tennis_first_set_totals,M25 Luan: Maxim Shin vs SHIXUN ZHU Set 1 O/U 10.5,1,0.01,5,True,sports_fees_v3,0.05,1,True,0.15,True,50,4.5,1000,1000,0.0,1,2,1791039170270,,0.01,5,0.01,0.98,20.0,500.0,0.2,10.000000000000009,490.0,97.0,510.0,0.495,0.0,0.0,0.0,0.0,2026-10-03T18:26:23.386227+00:00
1124574,W15 Maanshan: Xuanhan Wang vs Yihan Liu,itf,W15 Maanshan,itf,pre_match,-483.6,,,0xdb3b4ee6d169cd602cf6b3b3ccb6a71daaaa10a45197e3109e78444772d0e518,tennis_set_winner,W15 Maanshan: Xuanhan Wang vs Yihan Liu Set 2 Winner,1,0.01,5,True,sports_fees_v3,0.05,1,True,0.15,True,50,4.5,1000,1000,0.0,2,2,1791038736134,,0.01,5,0.02,0.98,1500.0,1500.0,30.0,30.00000000000003,1470.0,96.0,1530.0,0.5,0.0,0.0,0.0,0.0,2026-10-03T18:26:23.386227+00:00
1125329,Wuning 3: Ryuki Matsuda vs Sergey Betov,atp,Wuning 3,challenger_other,pre_match,-813.6,,,0xe11fb08f1ece00c85e1843c891b950ce14081f35bc7df840103de049102a9628,tennis_completed_match,Completed Match,1,0.01,5,True,sports_fees_v3,0.05,1,True,0.15,True,50,4.5,1000,1000,0.0,5,3,1791050179896,,0.01,5,0.09,0.96,50.0,5.0,4.5,0.20000000000000018,4.8,87.0,681.5197,0.525,0.0,0.0,0.0,0.0,2026-10-03T18:26:23.386227+00:00
1124491,M25 Luan: Maxim Shin vs SHIXUN ZHU,itf,M25 Luan,itf,pre_match,-813.6,,,0x5fe588a625d74821942f621134a2b44d6867f5d32a2056b628f7785b77afda6b,tennis_first_set_winner,M25 Luan: Maxim Shin vs SHIXUN ZHU Set 1 Winner,1,0.01,5,True,sports_fees_v3,0.05,1,True,0.15,True,50,4.5,1000,1000,0.0,3,3,1791040045528,,0.01,5,0.03,0.97,25.07,25.07,0.7521,0.7521000000000007,24.317899999999998,94.0,1569.84,0.5,0.0,0.0,0.0,0.0,2026-10-03T18:26:23.386227+00:00
1124587,W75 Quinta do Lago: Lisa Pigato vs Eva Vedder,itf,W75 Quinta do Lago,itf,pre_match,-903.6,,,0x6dd54d849b7e01a40649946276a4137e4605bdefd813130b839ae24600b787c7,tennis_set_handicap,W75 Quinta do Lago: Lisa Pigato vs Eva Vedder Set Handicap +/-1.5,1,0.01,5,True,sports_fees_v3,0.05,1,True,0.15,True,50,4.5,1000,1000,0.0,15,13,1791051988002,,0.01,5,0.2,0.25,105.0,200.0,21.0,150.0,50.0,4.999999999999999,1611.6988999999999,0.225,0.0,0.0,827.0,200.0,2026-10-03T18:26:23.386227+00:00
1122152,"W100 Templeton, CA: Madison Brengle vs Julieta Pareja",itf,"W100 Templeton, CA",itf,pre_match,-333.6,,,0x177a5f9cc1f93b696fe4f5dcae54d6815688028806ecde0f67b985c6b1c2b72b,tennis_first_set_totals,"W100 Templeton, CA: Madison Brengle vs Julieta Pareja Set 1 O/U 9.5",1,0.01,5,True,sports_fees_v3,0.05,1,True,0.15,True,50,4.5,1000,1000,0.0,2,3,1791050771339,,0.01,5,0.31,0.52,16.0,10.0,4.96,4.8,5.2,21.000000000000004,520.16,0.41500000000000004,0.0,0.0,0.0,0.0,2026-10-03T18:26:23.386227+00:00
1124585,W15 Sharm ElSheikh: Yuliya Hatouka vs Antonina Sushkova,itf,W15 Sharm ElSheikh,itf,pre_match,-753.6,,,0x1b44e2e79dde5f2e10bd90af3cabcf1a8d2ff552db2e8037da31a2b877d8526d,tennis_first_set_totals,W15 Sharm ElSheikh: Yuliya Hatouka vs Antonina Sushkova Set 1 O/U 10.5,1,0.01,5,True,sports_fees_v3,0.05,1,True,0.15,True,50,4.5,1000,1000,0.0,1,2,1791038768178,,0.01,5,0.01,0.98,20.0,500.0,0.2,10.000000000000009,490.0,97.0,510.0,0.495,0.0,0.0,0.0,0.0,2026-10-03T18:26:23.386227+00:00
1124574,W15 Maanshan: Xuanhan Wang vs Yihan Liu,itf,W15 Maanshan,itf,pre_match,-483.6,,,0x08e85e4dadd7036e0ce3be80dac99635e703e01120220edde37eb6a67e455bcf,tennis_match_totals,W15 Maanshan: Xuanhan Wang vs Yihan Liu Match O/U 23.5,1,0.01,5,True,sports_fees_v3,0.05,1,True,0.15,True,50,4.5,1000,1000,0.0,2,3,1791042363485,,0.01,5,0.02,0.97,10.0,25.07,0.2,0.7521000000000007,24.317899999999998,95.0,581.4001999999999,0.495,0.0,0.0,0.0,0.0,2026-10-03T18:26:23.386227+00:00
1124582,W15 Maanshan: JiaQi Yang vs Zi Ye Zhang,itf,W15 Maanshan,itf,pre_match,-543.6,,,0x24d7dd7a127aa9b32e4da09753da7dcd3e93fd20baa8bae082bdaea16df8c122,tennis_set_winner,W15 Maanshan: JiaQi Yang vs Zi Ye Zhang Set 2 Winner,1,0.01,5,True,sports_fees_v3,0.05,1,True,0.15,True,50,4.5,1000,1000,0.0,2,2,1791038743589,,0.01,5,0.02,0.98,1500.0,1500.0,30.0,30.00000000000003,1470.0,96.0,1530.0,0.5,0.0,0.0,0.0,0.0,2026-10-03T18:26:23.386227+00:00
1124453,M25 Luan: Zhenxiong Dong vs Yile Li,itf,M25 Luan,itf,pre_match,-513.6,,,0x912917af4ef4bca836aee17ed265fb51ec6df89bf375b7b96f1fd40804f73b63,tennis_set_games_totals,M25 Luan: Zhenxiong Dong vs Yile Li Set 2 O/U 8.5,1,0.01,5,True,sports_fees_v3,0.05,1,True,0.15,True,50,4.5,1000,1000,0.0,1,2,1791039021985,,0.01,5,0.01,0.98,20.0,500.0,0.2,10.000000000000009,490.0,97.0,510.0,0.495,0.0,0.0,0.0,0.0,2026-10-03T18:26:23.386227+00:00
1124462,M25 Luan: Xiuyuan Ye vs LIANGXUAN LIU,itf,M25 Luan,itf,pre_match,-603.6,,,0x152d0ab8363111495c93a6fb18ec5cf8e73bafa9d6cf4e4a7fc0f5746a01bc61,tennis_set_games_totals,M25 Luan: Xiuyuan Ye vs LIANGXUAN LIU Set 2 O/U 9.5,1,0.01,5,True,sports_fees_v3,0.05,1,True,0.15,True,50,4.5,1000,1000,0.0,1,2,1791039015891,,0.01,5,0.01,0.98,20.0,500.0,0.2,10.000000000000009,490.0,97.0,510.0,0.495,0.0,0.0,0.0,0.0,2026-10-03T18:26:23.386227+00:00
1124568,W35 Wagga Wagga: Maahi Shah vs Nana Onozawa,itf,W35 Wagga Wagga,itf,pre_match,-453.6,,,0x70be82306f951622f638a74487dee9379118b6a1d79a51fdd2af7ef45ae9ce48,tennis_first_set_totals,W35 Wagga Wagga: Maahi Shah vs Nana Onozawa Set 1 O/U 10.5,1,0.01,5,True,sports_fees_v3,0.05,1,True,0.15,True,50,4.5,1000,1000,0.0,1,2,1791039277261,,0.01,5,0.01,0.98,20.0,500.0,0.2,10.000000000000009,490.0,97.0,510.0,0.495,0.0,0.0,0.0,0.0,2026-10-03T18:26:23.386227+00:00
1124448,M25 Luan: Lleyton Richards vs Jiaqi Gu,itf,M25 Luan,itf,pre_match,-453.6,,,0x95b4a4e290cfb1e49d1e271b5f2713754da2cc523d5f27ee1282e40ba031a337,tennis_first_set_totals,M25 Luan: Lleyton Richards vs Jiaqi Gu Set 1 O/U 8.5,1,0.01,5,True,sports_fees_v3,0.05,1,True,0.15,True,50,4.5,1000,1000,0.0,1,2,1791039045476,,0.01,5,0.01,0.98,20.0,500.0,0.2,10.000000000000009,490.0,97.0,510.0,0.495,0.0,0.0,0.0,0.0,2026-10-03T18:26:23.386227+00:00
1124459,M25 Luan: Xiao-Feng Zhou vs Yuichiro Inui,itf,M25 Luan,itf,pre_match,-603.6,,,0xd4d858f4a38d99f2630ce10d9fe1ab4ad1e8f891b7c932f3ae315de98160b9c9,tennis_first_set_totals,M25 Luan: Xiao-Feng Zhou vs Yuichiro Inui Set 1 O/U 10.5,1,0.01,5,True,sports_fees_v3,0.05,1,True,0.15,True,50,4.5,1000,1000,0.0,1,2,1791038967666,,0.01,5,0.01,0.98,20.0,500.0,0.2,10.000000000000009,490.0,97.0,510.0,0.495,0.0,0.0,0.0,0.0,2026-10-03T18:26:23.386227+00:00
1124587,W75 Quinta do Lago: Lisa Pigato vs Eva Vedder,itf,W75 Quinta do Lago,itf,pre_match,-903.6,,,0xd42050c914e9106a3c38731b14c8893e5d068bcdd7e9beb38edb47a6b7c0d662,tennis_set_games_totals,W75 Quinta do Lago: Lisa Pigato vs Eva Vedder Set 2 O/U 10.5,1,0.01,5,True,sports_fees_v3,0.05,1,True,0.15,True,50,4.5,1000,1000,0.0,0,2,1791038745021,,0.01,5,,0.98,0.0,500.0,0.0,10.000000000000009,490.0,,509.8,,,,,,2026-10-03T18:26:23.386227+00:00
1124562,W15 Maanshan: Xiaochuan Nie vs Egyptia Green,itf,W15 Maanshan,itf,pre_match,-423.6,,,0x058ad62a6f48e9412a2a6e9ad38f6c88cc9b75fac824df5212ec932d8734b162,tennis_match_totals,W15 Maanshan: Xiaochuan Nie vs Egyptia Green Match O/U 23.5,1,0.01,5,True,sports_fees_v3,0.05,1,True,0.15,True,50,4.5,1000,1000,0.0,2,3,1791043118540,,0.01,5,0.02,0.97,10.0,22.28,0.2,0.6684000000000007,21.6116,95.0,573.8904,0.495,0.0,0.0,0.0,0.0,2026-10-03T18:26:23.386227+00:00
1124489,M15 Sharm ElSheikh: Paul Jubb vs Fares Zakaria,itf,M15 Sharm ElSheikh,itf,pre_match,-753.6,,,0x4de2fe2301391b768feb33f34af8f146eb9b77612a809882bc775350cc6c5308,tennis_first_set_winner,M15 Sharm ElSheikh: Paul Jubb vs Fares Zakaria Set 1 Winner,1,0.01,5,True,sports_fees_v3,0.05,1,True,0.15,True,50,4.5,1000,1000,0.0,5,5,1791045647273,,0.01,5,0.66,0.87,7.0,38.0,4.62,4.94,33.06,20.999999999999996,1892.9105,0.765,0.0,0.0,0.0,0.0,2026-10-03T18:26:23.386227+00:00
1124466,M25 Luan: Vladimir Osminkin vs Chen-Yu Lu,itf,M25 Luan,itf,pre_match,-633.6,,,0x4a17832e6880a24e737664ede2ccadf8c55e08e3403a8653a8fcc5d5974128dc,tennis_set_winner,M25 Luan: Vladimir Osminkin vs Chen-Yu Lu Set 2 Winner,1,0.01,5,True,sports_fees_v3,0.05,1,True,0.15,True,50,4.5,1000,1000,0.0,2,2,1791039001749,,0.01,5,0.02,0.98,1500.0,1500.0,30.0,30.00000000000003,1470.0,96.0,1530.0,0.5,0.0,0.0,0.0,0.0,2026-10-03T18:26:23.386227+00:00
1125319,Mouilleron-Le-Captif: Sascha Gueymard-Wayenburg vs Clement Chidekh,atp,Mouilleron-Le-Captif,challenger_other,pre_match,-1113.6,,,0xf4e895989aff4e73e2799fd0fc0054a97574b4e66354eca07d8713be86feb959,tennis_set_games_totals,Mouilleron-Le-Captif: Sascha Gueymard-Wayenburg vs Clement Chidekh Set 2 O/U 9.5,1,0.01,5,True,sports_fees_v3,0.05,1,True,0.15,True,50,4.5,1000,1000,0.0,2,3,1791051515499,,0.01,5,0.02,0.97,10.0,10.0,0.2,0.30000000000000027,9.7,95.0,509.90000000000003,0.495,0.0,0.0,0.0,0.0,2026-10-03T18:26:23.386227+00:00
1124551,W35 Wagga Wagga: Megan Markov vs Chloe Schwarz,itf,W35 Wagga Wagga,itf,pre_match,-333.6,,,0x74abcbec6d8c0ed4e1dbaaec69b072d5f741e9ece778047631218d8d4b76643c,tennis_first_set_totals,W35 Wagga Wagga: Megan Markov vs Chloe Schwarz Set 1 O/U 8.5,1,0.01,5,True,sports_fees_v3,0.05,1,True,0.15,True,50,4.5,1000,1000,0.0,1,2,1791039146342,,0.01,5,0.01,0.98,20.0,500.0,0.2,10.000000000000009,490.0,97.0,510.0,0.495,0.0,0.0,0.0,0.0,2026-10-03T18:26:23.386227+00:00
1124586,W15 Monastir: Ekaterina Dotsenko vs Sophia Biolay,itf,W15 Monastir,itf,pre_match,-873.6,,,0x763f966e7a9396219d14e38dcdaac33d6a4a81e680706c264f7cdb9bf7dc44c4,tennis_match_totals,W15 Monastir: Ekaterina Dotsenko vs Sophia Biolay Match O/U 21.5,1,0.01,5,True,sports_fees_v3,0.05,1,True,0.15,True,50,4.5,1000,1000,0.0,2,3,1791043793683,,0.01,5,0.02,0.97,10.0,25.07,0.2,0.7521000000000007,24.317899999999998,95.0,581.4001999999999,0.495,0.0,0.0,0.0,0.0,2026-10-03T18:26:23.386227+00:00
1124580,W15 Maanshan: Chuyi Yang vs Chenhan Xiang,itf,W15 Maanshan,itf,pre_match,-543.6,,,0xf7d9e9833f5fe5eef35f76cc7c3caefc58c0944d1507db6fcb52afd34dc0a13c,tennis_set_handicap,W15 Maanshan: Chuyi Yang vs Chenhan Xiang Set Handicap +/-1.5,1,0.01,5,True,sports_fees_v3,0.05,1,True,0.15,True,50,4.5,1000,1000,0.0,3,3,1791039194264,,0.01,5,0.03,0.97,22.28,22.28,0.6684,0.6684000000000007,21.6116,94.0,163.98,0.5,0.0,0.0,0.0,0.0,2026-10-03T18:26:23.386227+00:00
1124457,M25 Luan: MINGLIANG YUE vs Ye Hongyu,itf,M25 Luan,itf,pre_match,-513.6,,,0x8b224268ca4567ac75b8134feee9283dd148cf6a898a0a5a425443c52d55a0e2,tennis_set_totals,M25 Luan: MINGLIANG YUE vs Ye Hongyu Total Sets: O/U 2.5,1,0.01,5,True,sports_fees_v3,0.05,1,True,0.15,True,50,4.5,1000,1000,0.0,3,3,1791050688472,,0.01,5,0.03,0.97,25.07,25.07,0.7521,0.7521000000000007,24.317899999999998,94.0,1091.8400000000001,0.5,0.0,0.0,0.0,0.0,2026-10-03T18:26:23.386227+00:00
1121605,China Open (Doubles): Aoyama/Liang vs Danilina/Krawczyk,wta-doubles,China Open,doubles,pre_match,-453.6,,,0x7ae6609f3a8fa07611c4eccf0ac4d95240f4f3c4dd38250d645c6fcb36b1b69d,tennis_completed_match,Completed Match,1,0.01,5,True,sports_fees_v3,0.05,1,True,0.15,True,50,4.5,1000,1000,0.0,8,2,1791051434381,,0.01,5,0.1,0.97,10.0,33.0,1.0,0.9900000000000009,32.01,87.0,60.3897,0.535,0.0,0.0,0.0,0.0,2026-10-03T18:26:23.386227+00:00
1124554,W35 Wagga Wagga: Dyan Jayasena vs Ai Maruyama,itf,W35 Wagga Wagga,itf,pre_match,-333.6,,,0xe47f4bd2fc772220c194fb69437737a130900056e90fdd6b961637b3d9f96a06,tennis_set_winner,W35 Wagga Wagga: Dyan Jayasena vs Ai Maruyama Set 2 Winner,1,0.01,5,True,sports_fees_v3,0.05,1,True,0.15,True,50,4.5,1000,1000,0.0,2,2,1791039198071,,0.01,5,0.02,0.98,1500.0,1500.0,30.0,30.00000000000003,1470.0,96.0,1530.0,0.5,0.0,0.0,0.0,0.0,2026-10-03T18:26:23.386227+00:00
1124463,M25 Luan: Nick Beamish vs Tomohiro Masabayashi,itf,M25 Luan,itf,pre_match,-603.6,,,0x9d46dfc8707db8157cc14c85508a322e84000b156f19cabdc124b52bad1920a5,tennis_first_set_totals,M25 Luan: Nick Beamish vs Tomohiro Masabayashi Set 1 O/U 9.5,1,0.01,5,True,sports_fees_v3,0.05,1,True,0.15,True,50,4.5,1000,1000,0.0,1,2,1791038957995,,0.01,5,0.01,0.98,20.0,500.0,0.2,10.000000000000009,490.0,97.0,510.0,0.495,0.0,0.0,0.0,0.0,2026-10-03T18:26:23.386227+00:00
1124472,M25 Luan: Lin Hao-Yu vs Yue Xia,itf,M25 Luan,itf,pre_match,-663.6,,,0xabbe467a5fe6b788af8c5a001c11537f2664855f1c14f6c429ecaf1fe392f619,tennis_set_games_totals,M25 Luan: Lin Hao-Yu vs Yue Xia Set 2 O/U 10.5,1,0.01,5,True,sports_fees_v3,0.05,1,True,0.15,True,50,4.5,1000,1000,0.0,1,2,1791038981523,,0.01,5,0.01,0.98,20.0,500.0,0.2,10.000000000000009,490.0,97.0,510.0,0.495,0.0,0.0,0.0,0.0,2026-10-03T18:26:23.386227+00:00
1124560,W35 Wagga Wagga: Eloise Swarbrick vs Ameerah Khan,itf,W35 Wagga Wagga,itf,pre_match,-393.6,,,0xb2edb9a6355f73cb473827152692c99b1e928cb462420708c805f7b3f6476b3d,tennis_first_set_totals,W35 Wagga Wagga: Eloise Swarbrick vs Ameerah Khan Set 1 O/U 9.5,1,0.01,5,True,sports_fees_v3,0.05,1,True,0.15,True,50,4.5,1000,1000,0.0,1,2,1791039223798,,0.01,5,0.01,0.98,20.0,500.0,0.2,10.000000000000009,490.0,97.0,510.0,0.495,0.0,0.0,0.0,0.0,2026-10-03T18:26:23.386227+00:00
1125330,Wuning 3: Yuta Kikuchi vs Kosuke Ogura,atp,Wuning 3,challenger_other,pre_match,-813.6,,,0xf422120e8edfb312861dd43d69cea3d2d5c609cef2f69b41f55b07a166d876e5,tennis_completed_match,Completed Match,1,0.01,5,True,sports_fees_v3,0.05,1,True,0.15,True,50,4.5,1000,1000,0.0,6,3,1791050872779,,0.01,5,0.1,0.96,5.0,5.0,0.5,0.20000000000000018,4.8,86.0,682.8897,0.53,0.0,0.0,0.0,0.0,2026-10-03T18:26:23.386227+00:00
1124562,W15 Maanshan: Xiaochuan Nie vs Egyptia Green,itf,W15 Maanshan,itf,pre_match,-423.6,,,0xf4fa23aaff21c66ff361a326be384df954f2f51e0a8a28d6382c241d6c7bdd52,tennis_set_handicap,W15 Maanshan: Xiaochuan Nie vs Egyptia Green Set Handicap +/-1.5,1,0.01,5,True,sports_fees_v3,0.05,1,True,0.15,True,50,4.5,1000,1000,0.0,3,3,1791040581925,,0.01,5,0.03,0.97,22.28,22.28,0.6684,0.6684000000000007,21.6116,94.0,164.29,0.5,0.0,0.0,0.0,0.0,2026-10-03T18:26:23.386227+00:00
1124489,M15 Sharm ElSheikh: Paul Jubb vs Fares Zakaria,itf,M15 Sharm ElSheikh,itf,pre_match,-753.6,,,0xd7fec3ce083f01158d60ef282e85f51c6fc9b8d695f9730fb1fc34b2cecb0851,tennis_set_totals,M15 Sharm ElSheikh: Paul Jubb vs Fares Zakaria Total Sets: O/U 2.5,1,0.01,5,True,sports_fees_v3,0.05,1,True,0.15,True,50,4.5,1000,1000,0.0,5,5,1791045644147,,0.01,5,0.17,0.38,29.0,8.0,4.930000000000001,4.96,3.04,21.0,1370.28,0.275,0.0,0.0,0.0,0.0,2026-10-03T18:26:23.386227+00:00
1124450,M25 Luan: You Du vs Xin Zhou,itf,M25 Luan,itf,pre_match,-513.6,,,0x57176a2a5bb7db0d602571c2e91cecf8ad5143a17a1785759367932d25d9ba87,tennis_set_games_totals,M25 Luan: You Du vs Xin Zhou Set 2 O/U 10.5,1,0.01,5,True,sports_fees_v3,0.05,1,True,0.15,True,50,4.5,1000,1000,0.0,1,2,1791039111500,,0.01,5,0.01,0.98,20.0,500.0,0.2,10.000000000000009,490.0,97.0,510.0,0.495,0.0,0.0,0.0,0.0,2026-10-03T18:26:23.386227+00:00
1124553,W35 Wagga Wagga: Zoe Theodorakopoulos vs Bianca Compuesto,itf,W35 Wagga Wagga,itf,pre_match,-333.6,,,0xd413e9077b75f5d4398f38f965c8981d2a868bfea384d49ff7667bf04952fc73,tennis_set_games_totals,W35 Wagga Wagga: Zoe Theodorakopoulos vs Bianca Compuesto Set 2 O/U 8.5,1,0.01,5,True,sports_fees_v3,0.05,1,True,0.15,True,50,4.5,1000,1000,0.0,1,2,1791039201952,,0.01,5,0.01,0.98,20.0,500.0,0.2,10.000000000000009,490.0,97.0,510.0,0.495,0.0,0.0,0.0,0.0,2026-10-03T18:26:23.386227+00:00
1124453,M25 Luan: Zhenxiong Dong vs Yile Li,itf,M25 Luan,itf,pre_match,-513.6,,,0xdadfe8d4616a10bd36d6cebde97ab9d6a25767f3bddd7c7c353607d1ded84c07,tennis_set_games_totals,M25 Luan: Zhenxiong Dong vs Yile Li Set 2 O/U 10.5,1,0.01,5,True,sports_fees_v3,0.05,1,True,0.15,True,50,4.5,1000,1000,0.0,1,2,1791038969799,,0.01,5,0.01,0.98,20.0,500.0,0.2,10.000000000000009,490.0,97.0,510.0,0.495,0.0,0.0,0.0,0.0,2026-10-03T18:26:23.386227+00:00
1124466,M25 Luan: Vladimir Osminkin vs Chen-Yu Lu,itf,M25 Luan,itf,pre_match,-633.6,,,0xeb00f73e4810a07ac8ced916c8c20a6bce52810eb6fe1070e858908fc4ed2501,tennis_set_games_totals,M25 Luan: Vladimir Osminkin vs Chen-Yu Lu Set 2 O/U 10.5,1,0.01,5,True,sports_fees_v3,0.05,1,True,0.15,True,50,4.5,1000,1000,0.0,1,2,1791038958226,,0.01,5,0.01,0.98,20.0,500.0,0.2,10.000000000000009,490.0,97.0,510.0,0.495,0.0,0.0,0.0,0.0,2026-10-03T18:26:23.386227+00:00
1124581,W15 Maanshan: Jiarui Sun vs Yinuo Pan,itf,W15 Maanshan,itf,pre_match,-543.6,,,0xc5359ac55ee283195d658baae150113d88678445e64fe9894f5a3715846eb9ee,tennis_completed_match,Completed Match,1,0.01,5,True,sports_fees_v3,0.05,1,True,0.15,True,50,4.5,1000,1000,0.0,6,2,1791051454723,,0.01,5,0.08,0.96,15.0,5.0,1.2,0.20000000000000018,4.8,88.0,40.999700000000004,0.52,0.0,0.0,0.0,0.0,2026-10-03T18:26:23.386227+00:00
1124464,M25 Luan: Kazuma Kawachi vs Sheng Tang,itf,M25 Luan,itf,pre_match,-603.6,,,0x3bc60f5b78692e1820e94e8353f7c6f5c8d8d7b50de74f444ada459b6b5aa7a3,tennis_set_totals,M25 Luan: Kazuma Kawachi vs Sheng Tang Total Sets: O/U 2.5,1,0.01,5,True,sports_fees_v3,0.05,1,True,0.15,True,50,4.5,1000,1000,0.0,2,2,1791040054397,,0.01,5,0.02,0.98,10.0,10.0,0.2,0.20000000000000018,9.8,96.0,118.0,0.5,0.0,0.0,0.0,0.0,2026-10-03T18:26:23.386227+00:00
1124464,M25 Luan: Kazuma Kawachi vs Sheng Tang,itf,M25 Luan,itf,pre_match,-603.6,,,0x897b35677aa8ec592b3ef969a4f4a577f365df0a322791a2ebdfc6ccc14ca6f4,tennis_set_winner,M25 Luan: Kazuma Kawachi vs Sheng Tang Set 2 Winner,1,0.01,5,True,sports_fees_v3,0.05,1,True,0.15,True,50,4.5,1000,1000,0.0,2,2,1791038959378,,0.01,5,0.02,0.98,1500.0,1500.0,30.0,30.00000000000003,1470.0,96.0,1530.0,0.5,0.0,0.0,0.0,0.0,2026-10-03T18:26:23.386227+00:00
1123842,Jingshan: Mattia Bellucci vs Lloyd Harris,atp,Jingshan,challenger_other,pre_match,-513.6,,,0x600c2db84e58def3b765da20ae3628dedb7142ab865abcc9a02be7b7ba77d5d0,tennis_match_totals,Jingshan: Mattia Bellucci vs Lloyd Harris Match O/U 23.5,1,0.01,5,True,sports_fees_v3,0.05,1,True,0.15,True,50,4.5,1000,1000,0.0,11,12,1791051922041,,0.01,5,0.45,0.47,827.0,200.0,372.15000000000003,106.0,94.0,1.9999999999999962,4134.3935,0.45999999999999996,1718.3,210.0,5117.38,2679.0299999999997,2026-10-03T18:26:23.386227+00:00
1124461,M25 Luan: Anthony Susanto vs Zijiang Yang,itf,M25 Luan,itf,pre_match,-603.6,,,0x43dc2a61ecb4dc69c12fe9a40c983f82040acca8e010659945703cef8c5d8829,tennis_set_handicap,M25 Luan: Anthony Susanto vs Zijiang Yang Set Handicap +/-1.5,1,0.01,5,True,sports_fees_v3,0.05,1,True,0.15,True,50,4.5,1000,1000,0.0,3,3,1791039050314,,0.01,5,0.03,0.97,25.07,25.07,0.7521,0.7521000000000007,24.317899999999998,94.0,169.84,0.5,0.0,0.0,0.0,0.0,2026-10-03T18:26:23.386227+00:00
1124585,W15 Sharm ElSheikh: Yuliya Hatouka vs Antonina Sushkova,itf,W15 Sharm ElSheikh,itf,pre_match,-753.6,,,0x550765c9601a0bd19cc927cf503530cbe0542560422a9d2c1ddf6370025a1111,tennis_match_totals,W15 Sharm ElSheikh: Yuliya Hatouka vs Antonina Sushkova Match O/U 23.5,1,0.01,5,True,sports_fees_v3,0.05,1,True,0.15,True,50,4.5,1000,1000,0.0,2,3,1791043115569,,0.01,5,0.02,0.97,10.0,25.07,0.2,0.7521000000000007,24.317899999999998,95.0,581.4001999999999,0.495,0.0,0.0,0.0,0.0,2026-10-03T18:26:23.386227+00:00
1124444,M25 Luan: Markus Malaszszak vs Yutong Du,itf,M25 Luan,itf,pre_match,-453.6,,,0x99f0c66a91cf3aed87630374abd5d4fb075a191ad35319778461d90a30ed4b91,tennis_first_set_winner,M25 Luan: Markus Malaszszak vs Yutong Du Set 1 Winner,1,0.01,5,True,sports_fees_v3,0.05,1,True,0.15,True,50,4.5,1000,1000,0.0,3,3,1791050355937,,0.01,5,0.03,0.97,25.07,25.07,0.7521,0.7521000000000007,24.317899999999998,94.0,1569.84,0.5,0.0,0.0,0.0,0.0,2026-10-03T18:26:23.386227+00:00
1124473,M25 Luan: Yingjie Tang vs Zihao Liu,itf,M25 Luan,itf,pre_match,-663.6,,,0x3ada0c82c9abf0a175a6c5cd13c018ac2711988833948ad83efa056fce68401b,tennis_set_games_totals,M25 Luan: Yingjie Tang vs Zihao Liu Set 2 O/U 10.5,1,0.01,5,True,sports_fees_v3,0.05,1,True,0.15,True,50,4.5,1000,1000,0.0,1,1,1791038982538,,0.01,5,0.01,0.99,20.0,20.0,0.2,0.20000000000000018,19.8,98.0,20.0,0.5,0.0,0.0,0.0,0.0,2026-10-03T18:26:23.386227+00:00
1124566,W35 Wagga Wagga: Marfa Solovei vs Trusha Jani,itf,W35 Wagga Wagga,itf,pre_match,-453.6,,,0x95804c2f51dc4b804358ad502d5e5bdc4a4f13f7abfb19911915b5574b1e1409,tennis_set_games_totals,W35 Wagga Wagga: Marfa Solovei vs Trusha Jani Set 2 O/U 8.5,1,0.01,5,True,sports_fees_v3,0.05,1,True,0.15,True,50,4.5,1000,1000,0.0,1,2,1791039273706,,0.01,5,0.01,0.98,20.0,500.0,0.2,10.000000000000009,490.0,97.0,510.0,0.495,0.0,0.0,0.0,0.0,2026-10-03T18:26:23.386227+00:00
1124561,W15 Maanshan: Qianyu Dong vs YiHan Li,itf,W15 Maanshan,itf,pre_match,-423.6,,,0x54684e43d8b42d25fe0496249b8b3f767a7927536fcce661e5c9c8de9465c333,tennis_set_handicap,W15 Maanshan: Qianyu Dong vs YiHan Li Set Handicap +/-1.5,1,0.01,5,True,sports_fees_v3,0.05,1,True,0.15,True,50,4.5,1000,1000,0.0,3,3,1791048152724,,0.01,5,0.03,0.97,25.07,25.09,0.7521,0.7527000000000007,24.3373,94.0,167.61249999999998,0.5,0.0,0.0,0.0,0.0,2026-10-03T18:26:23.386227+00:00
1124556,W35 Wagga Wagga: Shante Lai vs Madison Schwarz,itf,W35 Wagga Wagga,itf,pre_match,-393.6,,,0x423b213f2c73365a68a9a518afbf9e50aeb976fd0fce76912eb50177fa238e53,tennis_set_totals,W35 Wagga Wagga: Shante Lai vs Madison Schwarz Total Sets: O/U 2.5,1,0.01,5,True,sports_fees_v3,0.05,1,True,0.15,True,50,4.5,1000,1000,0.0,2,2,1791039530424,,0.01,5,0.02,0.98,10.0,10.0,0.2,0.20000000000000018,9.8,96.0,105.99999999999999,0.5,0.0,0.0,0.0,0.0,2026-10-03T18:26:23.386227+00:00
1124445,M25 Luan: Boda Zheng vs Yuan Cheng Yang,itf,M25 Luan,itf,pre_match,-453.6,,,0xbedc245a3ffdab0d00552f487f15486d184a47aa3548d34268b10f3820834741,tennis_set_games_totals,M25 Luan: Boda Zheng vs Yuan Cheng Yang Set 2 O/U 9.5,1,0.01,5,True,sports_fees_v3,0.05,1,True,0.15,True,50,4.5,1000,1000,0.0,1,2,1791039046133,,0.01,5,0.01,0.98,20.0,500.0,0.2,10.000000000000009,490.0,97.0,510.0,0.495,0.0,0.0,0.0,0.0,2026-10-03T18:26:23.386227+00:00
1124463,M25 Luan: Nick Beamish vs Tomohiro Masabayashi,itf,M25 Luan,itf,pre_match,-603.6,,,0xa09b7b78e9e85e3f6caf349bd185dc4cf48bd07d3ea8ecb978ed6e982994685c,tennis_set_games_totals,M25 Luan: Nick Beamish vs Tomohiro Masabayashi Set 2 O/U 9.5,1,0.01,5,True,sports_fees_v3,0.05,1,True,0.15,True,50,4.5,1000,1000,0.0,1,2,1791039021167,,0.01,5,0.01,0.98,20.0,500.0,0.2,10.000000000000009,490.0,97.0,510.0,0.495,0.0,0.0,0.0,0.0,2026-10-03T18:26:23.386227+00:00
1125315,Porto 2: Henrique Rocha vs Inaki Montes,atp,Porto 2,challenger_other,pre_match,-933.6,,,0x7faff0cb337ce59dcb5932e98cc9ce4075fcb11d88e43164a6a46eb3699f54ba,tennis_set_totals,Porto 2: Henrique Rocha vs Inaki Montes Total Sets: O/U 2.5,1,0.01,5,True,sports_fees_v3,0.05,1,True,0.15,True,50,4.5,1000,1000,0.0,14,13,1791051547124,,0.01,5,0.38,0.41,714.0,105.0,271.32,61.95000000000001,43.05,2.9999999999999973,4447.7447,0.395,714.0,105.0,3041.04,120.0,2026-10-03T18:26:23.386227+00:00
1124572,W15 Maanshan: aoyi li vs Jiayue Pan,itf,W15 Maanshan,itf,pre_match,-483.6,,,0xcaf0a0889284053d1b0364d491b34e1ce72ea37ffe20ff7cae4549aec4eaa859,tennis_set_handicap,W15 Maanshan: aoyi li vs Jiayue Pan Set Handicap +/-1.5,1,0.01,5,True,sports_fees_v3,0.05,1,True,0.15,True,50,4.5,1000,1000,0.0,3,3,1791042300274,,0.01,5,0.03,0.97,25.07,25.07,0.7521,0.7521000000000007,24.317899999999998,94.0,169.84,0.5,0.0,0.0,0.0,0.0,2026-10-03T18:26:23.386227+00:00
1123683,China Open (Doubles): Arends/Pel vs Bublik/Shang,atp-doubles,China Open,doubles,pre_match,-783.6,,,0xc9618ba608afbb04f0d731cd25df21e379a2c4870d2ba9c08533416d209cd0f8,tennis_set_games_totals,China Open (Doubles): Arends/Pel vs Bublik/Shang Set 2 O/U 8.5,1,0.01,5,True,sports_fees_v3,0.05,1,True,0.15,True,50,4.5,1000,1000,0.0,1,2,1791024374679,,0.01,5,0.01,0.98,10.0,500.0,0.1,10.000000000000009,490.0,97.0,500.0,0.495,0.0,0.0,0.0,0.0,2026-10-03T18:26:23.386227+00:00
1125315,Porto 2: Henrique Rocha vs Inaki Montes,atp,Porto 2,challenger_other,pre_match,-933.6,,,0xc05679074af16b4f4208f913870ebcb4afad187672cb0e841735d03e161cdbb2,tennis_set_handicap,Porto 2: Henrique Rocha vs Inaki Montes Set Handicap +/-1.5,1,0.01,5,True,sports_fees_v3,0.05,1,True,0.15,True,50,4.5,1000,1000,0.0,16,18,1791051906216,,0.01,5,0.41,0.43,100.0,105.0,41.0,59.85000000000001,45.15,2.0000000000000018,3930.5311,0.42,1015.0,110.0,2671.21,125.0,2026-10-03T18:26:23.386227+00:00
1123682,Japan Open Tennis Championships (Doubles): Hijikata/Uesugi vs Arribage/Olivetti,atp-doubles,Japan Open Tennis Championships,doubles,pre_match,-663.6,,,0x1dcad9eafab22c652c32e4880d398e91bd53365948a8d89e207bf7fcf08aba56,tennis_set_winner,Japan Open Tennis Championships (Doubles): Hijikata/Uesugi vs Arribage/Olivetti Set 2 Winner,1,0.01,5,True,sports_fees_v3,0.05,1,True,0.15,True,50,4.5,1000,1000,0.0,2,2,1791040620646,,0.01,5,0.02,0.98,1500.0,1500.0,30.0,30.00000000000003,1470.0,96.0,1510.0,0.5,0.0,0.0,0.0,0.0,2026-10-03T18:26:23.386227+00:00
1124490,M25 Luan: Boris Butulija vs Yuqiao Song,itf,M25 Luan,itf,pre_match,-753.6,,,0xecf5e5476cac3ebd277643d8c808006ef5e9fdd46d32f967e5dc0970634d8eb4,tennis_first_set_totals,M25 Luan: Boris Butulija vs Yuqiao Song Set 1 O/U 9.5,1,0.01,5,True,sports_fees_v3,0.05,1,True,0.15,True,50,4.5,1000,1000,0.0,1,2,1791039106209,,0.01,5,0.01,0.98,20.0,500.0,0.2,10.000000000000009,490.0,97.0,510.0,0.495,0.0,0.0,0.0,0.0,2026-10-03T18:26:23.386227+00:00
1124558,W35 Wagga Wagga: Joellah Wan vs Mia Princip,itf,W35 Wagga Wagga,itf,pre_match,-393.6,,,0x12544b3bcaa337ff43288a5ba2cb79e5370486e8fea17db4300c2df8fcf4a26b,tennis_first_set_totals,W35 Wagga Wagga: Joellah Wan vs Mia Princip Set 1 O/U 10.5,1,0.01,5,True,sports_fees_v3,0.05,1,True,0.15,True,50,4.5,1000,1000,0.0,1,2,1791039197364,,0.01,5,0.01,0.98,20.0,500.0,0.2,10.000000000000009,490.0,97.0,510.0,0.495,0.0,0.0,0.0,0.0,2026-10-03T18:26:23.386227+00:00
1124486,M25 Darwin: Nikolas Baker vs Aidan Chan,itf,M25 Darwin,itf,pre_match,-723.6,,,0x8e813139c74996ede349a4adf60174643656f51c094e07ec86a2a729c93fceb2,tennis_match_totals,M25 Darwin: Nikolas Baker vs Aidan Chan Match O/U 23.5,1,0.01,5,True,sports_fees_v3,0.05,1,True,0.15,True,50,4.5,1000,1000,0.0,2,3,1791042364501,,0.01,5,0.02,0.97,10.0,25.07,0.2,0.7521000000000007,24.317899999999998,95.0,581.4001999999999,0.495,0.0,0.0,0.0,0.0,2026-10-03T18:26:23.386227+00:00
1124459,M25 Luan: Xiao-Feng Zhou vs Yuichiro Inui,itf,M25 Luan,itf,pre_match,-603.6,,,0x10524c9edd64fbb6d1e4591e80a15d05f1517adbe9fb2e4fa8e088a2ef7c421e,tennis_completed_match,Completed Match,1,0.01,5,True,sports_fees_v3,0.05,1,True,0.15,True,50,4.5,1000,1000,0.0,5,1,1791049277554,,0.01,5,0.08,0.99,15.0,20.0,1.2,0.20000000000000018,19.8,91.0,32.0197,0.535,0.0,0.0,0.0,0.0,2026-10-03T18:26:23.386227+00:00
1122151,"W100 Templeton, CA: Tatjana Maria vs Ella McDonald",itf,"W100 Templeton, CA",itf,pre_match,-333.6,,,0x6cc59a5e642ee14ac1c96f36f87e1841768b7413556c370d6eeac57d752764a4,tennis_completed_match,Completed Match,1,0.01,5,True,sports_fees_v3,0.05,1,True,0.15,True,50,4.5,1000,1000,900.0,8,2,1791051423722,0.970,0.01,5,0.21,0.98,10.0,50.0,2.1,1.0000000000000009,49.0,77.0,85.7997,0.595,0.0,0.0,0.0,0.0,2026-10-03T18:26:23.386227+00:00
1122152,"W100 Templeton, CA: Madison Brengle vs Julieta Pareja",itf,"W100 Templeton, CA",itf,pre_match,-333.6,,,0x1f3d8ec879b6c2016872e28eac7dfc4ffc81ccb36ee7a7e3b6f6bb0b05348be3,tennis_set_winner,"W100 Templeton, CA: Madison Brengle vs Julieta Pareja Set 2 Winner",1,0.01,5,True,sports_fees_v3,0.05,1,True,0.15,True,50,4.5,1000,1000,0.0,2,2,1790995523476,,0.01,5,0.02,0.98,1500.0,1500.0,30.0,30.00000000000003,1470.0,96.0,1530.0,0.5,0.0,0.0,0.0,0.0,2026-10-03T18:26:23.386227+00:00
1124475,M25 Luan: Jake Dembo vs Yeongseok Jeong,itf,M25 Luan,itf,pre_match,-663.6,,,0x49bf846ddfd3eaf7725094a6530d397c5c029078bad3ee293bef36ad08a7081f,tennis_set_totals,M25 Luan: Jake Dembo vs Yeongseok Jeong Total Sets: O/U 2.5,1,0.01,5,True,sports_fees_v3,0.05,1,True,0.15,True,50,4.5,1000,1000,0.0,2,2,1791039046700,,0.01,5,0.02,0.98,10.0,10.0,0.2,0.20000000000000018,9.8,96.0,105.99999999999999,0.5,0.0,0.0,0.0,0.0,2026-10-03T18:26:23.386227+00:00
1124563,W15 Maanshan: Hao Liang vs Jiumeng Liu,itf,W15 Maanshan,itf,pre_match,-423.6,,,0x4b1d05ba09460b08fc4dbfe2aef801d5a5c06238900857e07270acc389e3f985,tennis_set_games_totals,W15 Maanshan: Hao Liang vs Jiumeng Liu Set 2 O/U 8.5,1,0.01,5,True,sports_fees_v3,0.05,1,True,0.15,True,50,4.5,1000,1000,0.0,1,2,1791039247577,,0.01,5,0.01,0.98,20.0,500.0,0.2,10.000000000000009,490.0,97.0,510.0,0.495,0.0,0.0,0.0,0.0,2026-10-03T18:26:23.386227+00:00
1124578,W15 Maanshan: Yu Yang Jin vs Junjie Sun,itf,W15 Maanshan,itf,pre_match,-543.6,,,0x85c2387a2b09df0798569fb7874127fa3d50cbdda8a1fb265c3151afcc02a1d0,tennis_match_totals,W15 Maanshan: Yu Yang Jin vs Junjie Sun Match O/U 23.5,1,0.01,5,True,sports_fees_v3,0.05,1,True,0.15,True,50,4.5,1000,1000,0.0,2,3,1791042362759,,0.01,5,0.02,0.97,10.0,22.28,0.2,0.6684000000000007,21.6116,95.0,573.8904,0.495,0.0,0.0,0.0,0.0,2026-10-03T18:26:23.386227+00:00
1124553,W35 Wagga Wagga: Zoe Theodorakopoulos vs Bianca Compuesto,itf,W35 Wagga Wagga,itf,pre_match,-333.6,,,0xfaf488f24f1bb95c4ec24e932ac9bfd9c2a9d15ab3fcf63098fdfd18118c1442,tennis_set_totals,W35 Wagga Wagga: Zoe Theodorakopoulos vs Bianca Compuesto Total Sets: O/U 2.5,1,0.01,5,True,sports_fees_v3,0.05,1,True,0.15,True,50,4.5,1000,1000,0.0,3,3,1791050519354,,0.01,5,0.03,0.97,24.9,25.07,0.7469999999999999,0.7521000000000007,24.317899999999998,94.0,1069.852,0.5,0.0,0.0,0.0,0.0,2026-10-03T18:26:23.386227+00:00
1124472,M25 Luan: Lin Hao-Yu vs Yue Xia,itf,M25 Luan,itf,pre_match,-663.6,,,0xf82077fc4a266be72cecdbf63040cb2100399e34c2551fef2c874059c537492e,tennis_set_games_totals,M25 Luan: Lin Hao-Yu vs Yue Xia Set 2 O/U 8.5,1,0.01,5,True,sports_fees_v3,0.05,1,True,0.15,True,50,4.5,1000,1000,0.0,1,2,1791038983405,,0.01,5,0.01,0.98,20.0,500.0,0.2,10.000000000000009,490.0,97.0,510.0,0.495,0.0,0.0,0.0,0.0,2026-10-03T18:26:23.386227+00:00
1124481,M25 Darwin: Simon Swenson vs Luka Cowles,itf,M25 Darwin,itf,pre_match,-663.6,,,0xe32ba2d4a6f13a56770652fd8a059e2535f33151a17a09d1e21afcf831451cfe,tennis_match_totals,M25 Darwin: Simon Swenson vs Luka Cowles Match O/U 23.5,1,0.01,5,True,sports_fees_v3,0.05,1,True,0.15,True,50,4.5,1000,1000,0.0,2,3,1791045593608,,0.01,5,0.02,0.97,10.0,25.07,0.2,0.7521000000000007,24.317899999999998,95.0,581.4001999999999,0.495,0.0,0.0,0.0,0.0,2026-10-03T18:26:23.386227+00:00
1124575,W15 Maanshan: Wanbing Wang vs Francesca Franchi,itf,W15 Maanshan,itf,pre_match,-483.6,,,0xcce59e0c2f72ad6987763fd29a5ef2f3fcda3904aa9d96b03b73cdf9161dcf26,tennis_set_winner,W15 Maanshan: Wanbing Wang vs Francesca Franchi Set 2 Winner,1,0.01,5,True,sports_fees_v3,0.05,1,True,0.15,True,50,4.5,1000,1000,0.0,2,2,1791038701899,,0.01,5,0.02,0.98,1500.0,1500.0,30.0,30.00000000000003,1470.0,96.0,1530.0,0.5,0.0,0.0,0.0,0.0,2026-10-03T18:26:23.386227+00:00
1124459,M25 Luan: Xiao-Feng Zhou vs Yuichiro Inui,itf,M25 Luan,itf,pre_match,-603.6,,,0xf9f4ff224cadc996e3e0829447fb64a4fb33dc4d054b9916ecb04ca38e62d41d,tennis_match_totals,M25 Luan: Xiao-Feng Zhou vs Yuichiro Inui Match O/U 21.5,1,0.01,5,True,sports_fees_v3,0.05,1,True,0.15,True,50,4.5,1000,1000,0.0,2,3,1791042365894,,0.01,5,0.02,0.97,10.0,25.07,0.2,0.7521000000000007,24.317899999999998,95.0,581.4001999999999,0.495,0.0,0.0,0.0,0.0,2026-10-03T18:26:23.386227+00:00
1124464,M25 Luan: Kazuma Kawachi vs Sheng Tang,itf,M25 Luan,itf,pre_match,-603.6,,,0x3c732f4d12e593a71f4c7daf717b71a10c37187057b04cc8fe781377d5e41345,tennis_match_totals,M25 Luan: Kazuma Kawachi vs Sheng Tang Match O/U 21.5,1,0.01,5,True,sports_fees_v3,0.05,1,True,0.15,True,50,4.5,1000,1000,0.0,2,3,1791049716025,,0.01,5,0.02,0.97,10.0,25.79,0.2,0.7737000000000006,25.016299999999998,95.0,579.9700999999999,0.495,0.0,0.0,0.0,0.0,2026-10-03T18:26:23.386227+00:00
1124489,M15 Sharm ElSheikh: Paul Jubb vs Fares Zakaria,itf,M15 Sharm ElSheikh,itf,pre_match,-753.6,,,0xd624d32e1f408aa4fd7779f81b54162b939af62a5da37167424b4313755c6193,tennis_set_games_totals,M15 Sharm ElSheikh: Paul Jubb vs Fares Zakaria Set 2 O/U 10.5,1,0.01,5,True,sports_fees_v3,0.05,1,True,0.15,True,50,4.5,1000,1000,0.0,1,2,1791039080593,,0.01,5,0.01,0.98,20.0,500.0,0.2,10.000000000000009,490.0,97.0,510.0,0.495,0.0,0.0,0.0,0.0,2026-10-03T18:26:23.386227+00:00
1124463,M25 Luan: Nick Beamish vs Tomohiro Masabayashi,itf,M25 Luan,itf,pre_match,-603.6,,,0x0be7ee9569abead8e4a17cf464ed0acc82f5b0c378cf63da3930c2d105d486db,tennis_set_totals,M25 Luan: Nick Beamish vs Tomohiro Masabayashi Total Sets: O/U 2.5,1,0.01,5,True,sports_fees_v3,0.05,1,True,0.15,True,50,4.5,1000,1000,0.0,3,3,1791042365655,,0.01,5,0.03,0.97,22.28,22.28,0.6684,0.6684000000000007,21.6116,94.0,1084.29,0.5,0.0,0.0,0.0,0.0,2026-10-03T18:26:23.386227+00:00
1124585,W15 Sharm ElSheikh: Yuliya Hatouka vs Antonina Sushkova,itf,W15 Sharm ElSheikh,itf,pre_match,-753.6,,,0x3532f10319bff3d2f6631024e0486acefad50263f846288e1f1e73c1ae226ffe,tennis_set_games_totals,W15 Sharm ElSheikh: Yuliya Hatouka vs Antonina Sushkova Set 2 O/U 8.5,1,0.01,5,True,sports_fees_v3,0.05,1,True,0.15,True,50,4.5,1000,1000,0.0,1,2,1791038769518,,0.01,5,0.01,0.98,20.0,500.0,0.2,10.000000000000009,490.0,97.0,510.0,0.495,0.0,0.0,0.0,0.0,2026-10-03T18:26:23.386227+00:00
1124478,M25 Darwin: Tommy Camus vs Heimanarii Lai San,itf,M25 Darwin,itf,pre_match,-663.6,,,0xaafaabb0c4d59e5f74ddf0b3948fe34104d121cfdde891246e9f6c9293ee1496,tennis_match_totals,M25 Darwin: Tommy Camus vs Heimanarii Lai San Match O/U 22.5,1,0.01,5,True,sports_fees_v3,0.05,1,True,0.15,True,50,4.5,1000,1000,0.0,2,3,1791042365110,,0.01,5,0.02,0.97,10.0,22.28,0.2,0.6684000000000007,21.6116,95.0,573.8904,0.495,0.0,0.0,0.0,0.0,2026-10-03T18:26:23.386227+00:00
1123694,Jingshan: Jessica Bouzas Maneiro vs Alexandra Shubladze,wta,Jingshan,challenger_other,pre_match,-603.6,,,0x17c29c96f105e1ffb119a98c4712f36f135d2a7e273c517dc1857afdfdc049e8,tennis_set_games_totals,Jingshan: Jessica Bouzas Maneiro vs Alexandra Shubladze Set 2 O/U 9.5,1,0.01,5,True,sports_fees_v3,0.05,1,True,0.15,True,50,4.5,1000,1000,0.0,1,2,1791024317401,,0.01,5,0.01,0.98,10.0,500.0,0.1,10.000000000000009,490.0,97.0,500.0,0.495,0.0,0.0,0.0,0.0,2026-10-03T18:26:23.386227+00:00
1124568,W35 Wagga Wagga: Maahi Shah vs Nana Onozawa,itf,W35 Wagga Wagga,itf,pre_match,-453.6,,,0xadb3c6e8f6a1fe55482e0d6cc248c0eae036c29e14df93893a17a9fbd57dfe68,tennis_first_set_totals,W35 Wagga Wagga: Maahi Shah vs Nana Onozawa Set 1 O/U 9.5,1,0.01,5,True,sports_fees_v3,0.05,1,True,0.15,True,50,4.5,1000,1000,0.0,1,2,1791039274810,,0.01,5,0.01,0.98,20.0,500.0,0.2,10.000000000000009,490.0,97.0,510.0,0.495,0.0,0.0,0.0,0.0,2026-10-03T18:26:23.386227+00:00
1121606,China Open (Doubles): Mertens/Shnaider vs Lumsden/Panova,wta-doubles,China Open,doubles,pre_match,-453.6,,,0xae1b8e6863a0cebfa17689d43750e1ea753a33aa8823ca6709aa5cf2ef506777,tennis_match_totals,China Open (Doubles): Mertens/Shnaider vs Lumsden/Panova Match O/U 23.5,1,0.01,5,True,sports_fees_v3,0.05,1,True,0.15,True,50,4.5,1000,1000,0.0,2,3,1791050771224,,0.01,5,0.02,0.97,5.0,27.26,0.1,0.8178000000000007,26.4422,95.0,624.33,0.495,0.0,0.0,0.0,0.0,2026-10-03T18:26:23.386227+00:00
1124477,M25 Darwin: Kuma Ito vs Jason Daly,itf,M25 Darwin,itf,pre_match,-663.6,,,0x418a203bd36f325decca2fae6a530a894cf3faf8c731e84940cf05282803d5f9,tennis_match_totals,M25 Darwin: Kuma Ito vs Jason Daly Match O/U 23.5,1,0.01,5,True,sports_fees_v3,0.05,1,True,0.15,True,50,4.5,1000,1000,0.0,2,3,1791042365104,,0.01,5,0.02,0.97,10.0,25.07,0.2,0.7521000000000007,24.317899999999998,95.0,581.4001999999999,0.495,0.0,0.0,0.0,0.0,2026-10-03T18:26:23.386227+00:00
1124456,M25 Luan: Teerapat Khantiweerawat vs Jordan Chiu,itf,M25 Luan,itf,pre_match,-513.6,,,0xbd6cba1127a61d3d407767e4b7f8ae439a6686f5eae5a93885c59d3cd89d6a59,tennis_first_set_totals,M25 Luan: Teerapat Khantiweerawat vs Jordan Chiu Set 1 O/U 8.5,1,0.01,5,True,sports_fees_v3,0.05,1,True,0.15,True,50,4.5,1000,1000,0.0,1,2,1791038923243,,0.01,5,0.01,0.98,20.0,500.0,0.2,10.000000000000009,490.0,97.0,510.0,0.495,0.0,0.0,0.0,0.0,2026-10-03T18:26:23.386227+00:00
1124478,M25 Darwin: Tommy Camus vs Heimanarii Lai San,itf,M25 Darwin,itf,pre_match,-663.6,,,0x86844eab410c73192ee34d956efa259e8bce55d79ed6b533a9e036ffe62c60aa,tennis_set_totals,M25 Darwin: Tommy Camus vs Heimanarii Lai San Total Sets: O/U 2.5,1,0.01,5,True,sports_fees_v3,0.05,1,True,0.15,True,50,4.5,1000,1000,0.0,3,3,1791042365102,,0.01,5,0.03,0.97,22.28,22.28,0.6684,0.6684000000000007,21.6116,94.0,1084.29,0.5,0.0,0.0,0.0,0.0,2026-10-03T18:26:23.386227+00:00
1124457,M25 Luan: MINGLIANG YUE vs Ye Hongyu,itf,M25 Luan,itf,pre_match,-513.6,,,0x58f3563521e0d2766a665439cf9f0ecbaf1396a9894fd1e66e396218fa8a8609,tennis_completed_match,Completed Match,1,0.01,5,True,sports_fees_v3,0.05,1,True,0.15,True,50,4.5,1000,1000,0.0,5,1,1791049277552,,0.01,5,0.08,0.99,15.0,20.0,1.2,0.20000000000000018,19.8,91.0,32.0197,0.535,0.0,0.0,0.0,0.0,2026-10-03T18:26:23.386227+00:00
1124577,W15 Maanshan: Ha Eum Lee vs Xi Luo,itf,W15 Maanshan,itf,pre_match,-483.6,,,0xab387cf06a0918c2e66f73cb0e212465fd8a19ac691fbe85c25ba9121985b276,tennis_match_totals,W15 Maanshan: Ha Eum Lee vs Xi Luo Match O/U 21.5,1,0.01,5,True,sports_fees_v3,0.05,1,True,0.15,True,50,4.5,1000,1000,0.0,10,8,1791052002279,,0.01,5,0.44,0.49,600.0,255.0,264.0,130.05,124.95,4.999999999999999,1865.375,0.46499999999999997,0.0,0.0,659.53,755.0,2026-10-03T18:26:23.386227+00:00
1119751,China Open (Doubles): Melo/Zverev vs Cash/Glasspool,atp-doubles,China Open,doubles,pre_match,-453.6,,,0x008e7a1263d83da1e7b5bdb42c09cac1c5a3794695278f0979bff6c2807c7a0f,tennis_set_handicap,China Open (Doubles): Melo/Zverev vs Cash/Glasspool Set Handicap +/-1.5,1,0.01,5,True,sports_fees_v3,0.05,1,True,0.15,True,50,4.5,1000,1000,0.0,4,4,1791050367911,,0.01,5,0.35,0.56,14.0,11.0,4.8999999999999995,4.84,6.16,21.000000000000007,166.6602,0.455,0.0,0.0,0.0,0.0,2026-10-03T18:26:23.386227+00:00
1124564,W15 Maanshan: Qige Yi vs Wei Zheng,itf,W15 Maanshan,itf,pre_match,-423.6,,,0x0b1f3af8204ac2c1afd93f078cb568dfc4c324fda330c3931fd2d546cb5e0f4e,tennis_first_set_totals,W15 Maanshan: Qige Yi vs Wei Zheng Set 1 O/U 8.5,1,0.01,5,True,sports_fees_v3,0.05,1,True,0.15,True,50,4.5,1000,1000,0.0,1,2,1791039246912,,0.01,5,0.01,0.98,20.0,500.0,0.2,10.000000000000009,490.0,97.0,510.0,0.495,0.0,0.0,0.0,0.0,2026-10-03T18:26:23.386227+00:00
1124551,W35 Wagga Wagga: Megan Markov vs Chloe Schwarz,itf,W35 Wagga Wagga,itf,pre_match,-333.6,,,0x948ba5cf5501660c95ffba9d7443d4e98cd4896a148d0f4ccf7ee934a393ecf9,tennis_set_games_totals,W35 Wagga Wagga: Megan Markov vs Chloe Schwarz Set 2 O/U 9.5,1,0.01,5,True,sports_fees_v3,0.05,1,True,0.15,True,50,4.5,1000,1000,0.0,1,2,1791039079125,,0.01,5,0.01,0.98,20.0,500.0,0.2,10.000000000000009,490.0,97.0,510.0,0.495,0.0,0.0,0.0,0.0,2026-10-03T18:26:23.386227+00:00
1121606,China Open (Doubles): Mertens/Shnaider vs Lumsden/Panova,wta-doubles,China Open,doubles,pre_match,-453.6,,,0x7c63c423e262bbd4977e46695a158d914db07a4a4f7c63f4f9e9cb331d87e177,tennis_match_totals,China Open (Doubles): Mertens/Shnaider vs Lumsden/Panova Match O/U 21.5,1,0.01,5,True,sports_fees_v3,0.05,1,True,0.15,True,50,4.5,1000,1000,0.0,2,3,1791034109750,,0.01,5,0.02,0.97,5.0,24.6,0.1,0.7380000000000007,23.862000000000002,95.0,574.9800999999999,0.495,0.0,0.0,0.0,0.0,2026-10-03T18:26:23.386227+00:00
1124493,M15 Sibenik: Nikita Mashtakov vs Noah Lopez,itf,M15 Sibenik,itf,pre_match,-873.6,,,0x2c318be427d9ff0ad19f5ef26df64bb29d7221a2df5d97ca9acdf0e89a8673bc,tennis_first_set_totals,M15 Sibenik: Nikita Mashtakov vs Noah Lopez Set 1 O/U 9.5,1,0.01,5,True,sports_fees_v3,0.05,1,True,0.15,True,50,4.5,1000,1000,0.0,1,2,1791039146058,,0.01,5,0.01,0.98,20.0,500.0,0.2,10.000000000000009,490.0,97.0,510.0,0.495,0.0,0.0,0.0,0.0,2026-10-03T18:26:23.386227+00:00
1124479,M25 Darwin: Radu Cojocaru vs Jayden Tzirtis,itf,M25 Darwin,itf,pre_match,-663.6,,,0x45c512e2d5f3b28c8b5241763095e8323012c381f895b0ed9efb5b950252298d,tennis_first_set_totals,M25 Darwin: Radu Cojocaru vs Jayden Tzirtis Set 1 O/U 10.5,1,0.01,5,True,sports_fees_v3,0.05,1,True,0.15,True,50,4.5,1000,1000,0.0,1,2,1791039008964,,0.01,5,0.01,0.98,20.0,500.0,0.2,10.000000000000009,490.0,97.0,510.0,0.495,0.0,0.0,0.0,0.0,2026-10-03T18:26:23.386227+00:00
1124561,W15 Maanshan: Qianyu Dong vs YiHan Li,itf,W15 Maanshan,itf,pre_match,-423.6,,,0x832569d0430547f91fcd37980ab2ec89ccc9a70edd2fa72416b83cc7d8abba07,tennis_first_set_totals,W15 Maanshan: Qianyu Dong vs YiHan Li Set 1 O/U 8.5,1,0.01,5,True,sports_fees_v3,0.05,1,True,0.15,True,50,4.5,1000,1000,0.0,1,2,1791039225747,,0.01,5,0.01,0.98,20.0,500.0,0.2,10.000000000000009,490.0,97.0,510.0,0.495,0.0,0.0,0.0,0.0,2026-10-03T18:26:23.386227+00:00
1124569,W35 Wagga Wagga: Zali ilitch vs Catherine Aulia,itf,W35 Wagga Wagga,itf,pre_match,-453.6,,,0x53370f3446b42e6a5e9e04c7c7224e2d600a7a26f6490054ab377e795a538d3b,tennis_match_totals,W35 Wagga Wagga: Zali ilitch vs Catherine Aulia Match O/U 23.5,1,0.01,5,True,sports_fees_v3,0.05,1,True,0.15,True,50,4.5,1000,1000,0.0,2,3,1791043117165,,0.01,5,0.02,0.97,10.0,25.07,0.2,0.7521000000000007,24.317899999999998,95.0,581.4001999999999,0.495,0.0,0.0,0.0,0.0,2026-10-03T18:26:23.386227+00:00
1124493,M15 Sibenik: Nikita Mashtakov vs Noah Lopez,itf,M15 Sibenik,itf,pre_match,-873.6,,,0x4236ccedd73408bcf26bb0f19c38640e54d8032e5a2668ee7be55278991d77a2,tennis_set_handicap,M15 Sibenik: Nikita Mashtakov vs Noah Lopez Set Handicap +/-1.5,1,0.01,5,True,sports_fees_v3,0.05,1,True,0.15,True,50,4.5,1000,1000,0.0,10,7,1791051997212,,0.01,5,0.11,0.17,600.0,200.0,66.0,166.0,34.0,6.000000000000001,466.1399,0.14,0.0,0.0,800.0,200.0,2026-10-03T18:26:23.386227+00:00
1124555,W35 Wagga Wagga: Jasmine Adams vs Jemma Carbis,itf,W35 Wagga Wagga,itf,pre_match,-333.6,,,0xd12d6b29230c6a1fe36370b292fd47373e43c806e1ff68074418d3af248fd2e3,tennis_first_set_totals,W35 Wagga Wagga: Jasmine Adams vs Jemma Carbis Set 1 O/U 10.5,1,0.01,5,True,sports_fees_v3,0.05,1,True,0.15,True,50,4.5,1000,1000,0.0,1,2,1791039199157,,0.01,5,0.01,0.98,20.0,500.0,0.2,10.000000000000009,490.0,97.0,510.0,0.495,0.0,0.0,0.0,0.0,2026-10-03T18:26:23.386227+00:00
1124570,W35 Wagga Wagga: Chiara Di Tommaso vs Sarah Munroe,itf,W35 Wagga Wagga,itf,pre_match,-453.6,,,0x2dfca904c0c381367a8fb2be9dedfca93bf0c1a7d4cd53cb92a733a9c58fc330,tennis_set_games_totals,W35 Wagga Wagga: Chiara Di Tommaso vs Sarah Munroe Set 2 O/U 8.5,1,0.01,5,True,sports_fees_v3,0.05,1,True,0.15,True,50,4.5,1000,1000,0.0,1,2,1791039298775,,0.01,5,0.01,0.98,20.0,500.0,0.2,10.000000000000009,490.0,97.0,510.0,0.495,0.0,0.0,0.0,0.0,2026-10-03T18:26:23.386227+00:00
1124564,W15 Maanshan: Qige Yi vs Wei Zheng,itf,W15 Maanshan,itf,pre_match,-423.6,,,0x2910f4e41b260789a95fb2783aeb75c506f4be55101cd221f3a96b51f5978896,tennis_match_totals,W15 Maanshan: Qige Yi vs Wei Zheng Match O/U 22.5,1,0.01,5,True,sports_fees_v3,0.05,1,True,0.15,True,50,4.5,1000,1000,0.0,2,3,1791043118541,,0.01,5,0.02,0.97,10.0,25.07,0.2,0.7521000000000007,24.317899999999998,95.0,581.4400999999999,0.495,0.0,0.0,0.0,0.0,2026-10-03T18:26:23.386227+00:00
1124486,M25 Darwin: Nikolas Baker vs Aidan Chan,itf,M25 Darwin,itf,pre_match,-723.6,,,0x37ed17f2021b9a1b1797b22474cf621746feab35907a5d8aeb8fc7937d1f7b37,tennis_first_set_totals,M25 Darwin: Nikolas Baker vs Aidan Chan Set 1 O/U 9.5,1,0.01,5,True,sports_fees_v3,0.05,1,True,0.15,True,50,4.5,1000,1000,0.0,1,2,1791039078123,,0.01,5,0.01,0.98,20.0,500.0,0.2,10.000000000000009,490.0,97.0,510.0,0.495,0.0,0.0,0.0,0.0,2026-10-03T18:26:23.386227+00:00
1124560,W35 Wagga Wagga: Eloise Swarbrick vs Ameerah Khan,itf,W35 Wagga Wagga,itf,pre_match,-393.6,,,0xc93eb3701671d4cf6e7aee2aa7cc4f776de82fa3228d8fb9a2c1931d0249ffaa,tennis_set_games_totals,W35 Wagga Wagga: Eloise Swarbrick vs Ameerah Khan Set 2 O/U 8.5,1,0.01,5,True,sports_fees_v3,0.05,1,True,0.15,True,50,4.5,1000,1000,0.0,1,2,1791039225332,,0.01,5,0.01,0.98,20.0,500.0,0.2,10.000000000000009,490.0,97.0,510.0,0.495,0.0,0.0,0.0,0.0,2026-10-03T18:26:23.386227+00:00
1125318,Bari: Juan Martin vs Samuele Pieri,atp,Bari,challenger_other,pre_match,-873.6,,,0xe2f99f530436e7455ba7b7159b29687ca97c411c17ccffe2b5a6d3646c777701,tennis_completed_match,Completed Match,1,0.01,5,True,sports_fees_v3,0.05,1,True,0.15,True,50,4.5,1000,1000,0.0,4,3,1791051540996,,0.01,5,0.08,0.96,15.0,5.0,1.2,0.20000000000000018,4.8,88.0,677.0197,0.52,0.0,0.0,0.0,0.0,2026-10-03T18:26:23.386227+00:00
1124454,M25 Luan: Yuquan Jin vs Wen Bo Fan,itf,M25 Luan,itf,pre_match,-513.6,,,0xba5f34a500b36e202822c804a517196d579640298fa1245063c4157e193e51eb,tennis_set_handicap,M25 Luan: Yuquan Jin vs Wen Bo Fan Set Handicap +/-1.5,1,0.01,5,True,sports_fees_v3,0.05,1,True,0.15,True,50,4.5,1000,1000,0.0,3,3,1791042019635,,0.01,5,0.03,0.97,22.28,22.28,0.6684,0.6684000000000007,21.6116,94.0,164.29,0.5,0.0,0.0,0.0,0.0,2026-10-03T18:26:23.386227+00:00
1124569,W35 Wagga Wagga: Zali ilitch vs Catherine Aulia,itf,W35 Wagga Wagga,itf,pre_match,-453.6,,,0xe4ff22cb5877a0714916fc47a87207810cef6344caac11b6724f9401acb94151,tennis_first_set_totals,W35 Wagga Wagga: Zali ilitch vs Catherine Aulia Set 1 O/U 10.5,1,0.01,5,True,sports_fees_v3,0.05,1,True,0.15,True,50,4.5,1000,1000,0.0,1,2,1791039298348,,0.01,5,0.01,0.98,20.0,500.0,0.2,10.000000000000009,490.0,97.0,510.0,0.495,0.0,0.0,0.0,0.0,2026-10-03T18:26:23.386227+00:00
1124447,M25 Luan: Minghui Zhang vs Kazuki Nakajima,itf,M25 Luan,itf,pre_match,-453.6,,,0x98ae61544327f8dc59a6796f023e453fc1b3ce485923c024098ccac6111df52a,tennis_set_games_totals,M25 Luan: Minghui Zhang vs Kazuki Nakajima Set 2 O/U 8.5,1,0.01,5,True,sports_fees_v3,0.05,1,True,0.15,True,50,4.5,1000,1000,0.0,1,2,1791039056846,,0.01,5,0.01,0.98,20.0,500.0,0.2,10.000000000000009,490.0,97.0,510.0,0.495,0.0,0.0,0.0,0.0,2026-10-03T18:26:23.386227+00:00
1124468,M25 Luan: Stefan Cizelj-Zivkovic vs Shaoyun Liu,itf,M25 Luan,itf,pre_match,-663.6,,,0xdb4dbdabd5357270971d76489fe4419ef47998a91f5ee16b022f2386a3969d65,tennis_match_totals,M25 Luan: Stefan Cizelj-Zivkovic vs Shaoyun Liu Match O/U 23.5,1,0.01,5,True,sports_fees_v3,0.05,1,True,0.15,True,50,4.5,1000,1000,0.0,2,3,1791043121419,,0.01,5,0.02,0.97,10.0,22.28,0.2,0.6684000000000007,21.6116,95.0,573.8904,0.495,0.0,0.0,0.0,0.0,2026-10-03T18:26:23.386227+00:00
1119751,China Open (Doubles): Melo/Zverev vs Cash/Glasspool,atp-doubles,China Open,doubles,pre_match,-453.6,,,0x5785ba6663f5d93819cf067accd5f8f843fb4d2ddbaee1830b109e4f0fdbc07c,tennis_set_games_totals,China Open (Doubles): Melo/Zverev vs Cash/Glasspool Set 2 O/U 9.5,1,0.01,5,True,sports_fees_v3,0.05,1,True,0.15,True,50,4.5,1000,1000,0.0,1,2,1791047734326,,0.01,5,0.01,0.98,10.0,500.0,0.1,10.000000000000009,490.0,97.0,500.0,0.495,0.0,0.0,0.0,0.0,2026-10-03T18:26:23.386227+00:00
1124490,M25 Luan: Boris Butulija vs Yuqiao Song,itf,M25 Luan,itf,pre_match,-753.6,,,0x29ba49897124075bdc457863c022414f0f30ce741d9f764b11cdc8ca8c0c8257,tennis_set_games_totals,M25 Luan: Boris Butulija vs Yuqiao Song Set 2 O/U 9.5,1,0.01,5,True,sports_fees_v3,0.05,1,True,0.15,True,50,4.5,1000,1000,0.0,1,2,1791039170326,,0.01,5,0.01,0.98,20.0,500.0,0.2,10.000000000000009,490.0,97.0,510.0,0.495,0.0,0.0,0.0,0.0,2026-10-03T18:26:23.386227+00:00
1124448,M25 Luan: Lleyton Richards vs Jiaqi Gu,itf,M25 Luan,itf,pre_match,-453.6,,,0xc9c12a061a057f09713903fab5fdbfebde3b7f0458f950b2749018916094a961,tennis_match_totals,M25 Luan: Lleyton Richards vs Jiaqi Gu Match O/U 23.5,1,0.01,5,True,sports_fees_v3,0.05,1,True,0.15,True,50,4.5,1000,1000,0.0,2,3,1791043122552,,0.01,5,0.02,0.97,10.0,23.98,0.2,0.7194000000000007,23.2606,95.0,580.6002,0.495,0.0,0.0,0.0,0.0,2026-10-03T18:26:23.386227+00:00
1124466,M25 Luan: Vladimir Osminkin vs Chen-Yu Lu,itf,M25 Luan,itf,pre_match,-633.6,,,0xb0c0eda47d37b96064c0f6a32666ea3a3084d3eded2d0db9b63634b9216aa632,tennis_set_handicap,M25 Luan: Vladimir Osminkin vs Chen-Yu Lu Set Handicap +/-1.5,1,0.01,5,True,sports_fees_v3,0.05,1,True,0.15,True,50,4.5,1000,1000,0.0,2,2,1791040068747,,0.01,5,0.02,0.98,10.0,10.0,0.2,0.20000000000000018,9.8,96.0,118.0,0.5,0.0,0.0,0.0,0.0,2026-10-03T18:26:23.386227+00:00
1124574,W15 Maanshan: Xuanhan Wang vs Yihan Liu,itf,W15 Maanshan,itf,pre_match,-483.6,,,0x2cd1039f7f99eb25d843012f3f191271cabbf405f22cf068deed05d024279a11,tennis_set_handicap,W15 Maanshan: Xuanhan Wang vs Yihan Liu Set Handicap +/-1.5,1,0.01,5,True,sports_fees_v3,0.05,1,True,0.15,True,50,4.5,1000,1000,0.0,3,3,1791040045943,,0.01,5,0.03,0.97,25.07,25.07,0.7521,0.7521000000000007,24.317899999999998,94.0,169.84,0.5,0.0,0.0,0.0,0.0,2026-10-03T18:26:23.386227+00:00
1124579,W15 Maanshan: chengwei Han vs Jasmine Lin,itf,W15 Maanshan,itf,pre_match,-543.6,,,0x792c1f960c9289a02ae4f830eb291f8b334c21a04c0fedab3303956775bbe713,tennis_set_games_totals,W15 Maanshan: chengwei Han vs Jasmine Lin Set 2 O/U 9.5,1,0.01,5,True,sports_fees_v3,0.05,1,True,0.15,True,50,4.5,1000,1000,0.0,1,2,1791038721421,,0.01,5,0.01,0.98,20.0,500.0,0.2,10.000000000000009,490.0,97.0,510.0,0.495,0.0,0.0,0.0,0.0,2026-10-03T18:26:23.386227+00:00
1124558,W35 Wagga Wagga: Joellah Wan vs Mia Princip,itf,W35 Wagga Wagga,itf,pre_match,-393.6,,,0xc64fad08711c681bbf75d9411c981bc1f5a0a760d54ee52d4d60e25172577e4c,tennis_set_handicap,W35 Wagga Wagga: Joellah Wan vs Mia Princip Set Handicap +/-1.5,1,0.01,5,True,sports_fees_v3,0.05,1,True,0.15,True,50,4.5,1000,1000,0.0,3,3,1791039230013,,0.01,5,0.03,0.97,25.07,25.07,0.7521,0.7521000000000007,24.317899999999998,94.0,169.88,0.5,0.0,0.0,0.0,0.0,2026-10-03T18:26:23.386227+00:00
1123683,China Open (Doubles): Arends/Pel vs Bublik/Shang,atp-doubles,China Open,doubles,pre_match,-783.6,,,0x4fbc7e7efe3450400e62e61d1e87a4b422c04758fc112b9f3abe4b35ea2bf5fc,tennis_match_totals,China Open (Doubles): Arends/Pel vs Bublik/Shang Match O/U 21.5,1,0.01,5,True,sports_fees_v3,0.05,1,True,0.15,True,50,4.5,1000,1000,0.0,2,3,1791044022971,,0.01,5,0.02,0.97,5.0,25.07,0.1,0.7521000000000007,24.317899999999998,95.0,569.6999999999999,0.495,0.0,0.0,0.0,0.0,2026-10-03T18:26:23.386227+00:00
1124571,W35 Wagga Wagga: Mio Mushika vs Naho Sato,itf,W35 Wagga Wagga,itf,pre_match,-483.6,,,0x306b5ea24077b1dda884da37b4e5c6726f6fb14e12ce31d671cdd55134d50051,tennis_first_set_totals,W35 Wagga Wagga: Mio Mushika vs Naho Sato Set 1 O/U 8.5,1,0.01,5,True,sports_fees_v3,0.05,1,True,0.15,True,50,4.5,1000,1000,0.0,2,2,1791051525038,,0.01,5,0.02,0.98,300.0,500.0,6.0,10.000000000000009,490.0,96.0,526.0,0.5,0.0,0.0,0.0,0.0,2026-10-03T18:26:23.386227+00:00
1123683,China Open (Doubles): Arends/Pel vs Bublik/Shang,atp-doubles,China Open,doubles,pre_match,-783.6,,,0x7bff8368507a2a26b3518eae54a0767ce9ae4c1bd675fedc093633f432d2500b,tennis_set_games_totals,China Open (Doubles): Arends/Pel vs Bublik/Shang Set 2 O/U 10.5,1,0.01,5,True,sports_fees_v3,0.05,1,True,0.15,True,50,4.5,1000,1000,0.0,1,2,1791024355896,,0.01,5,0.01,0.98,10.0,500.0,0.1,10.000000000000009,490.0,97.0,500.0,0.495,0.0,0.0,0.0,0.0,2026-10-03T18:26:23.386227+00:00
1124478,M25 Darwin: Tommy Camus vs Heimanarii Lai San,itf,M25 Darwin,itf,pre_match,-663.6,,,0xb04167ed0238d3a3a07fd6b801355ec5e4fe880986fce7faab8ca2dc18216b6e,tennis_first_set_totals,M25 Darwin: Tommy Camus vs Heimanarii Lai San Set 1 O/U 8.5,1,0.01,5,True,sports_fees_v3,0.05,1,True,0.15,True,50,4.5,1000,1000,0.0,1,2,1791039007893,,0.01,5,0.01,0.98,20.0,500.0,0.2,10.000000000000009,490.0,97.0,510.0,0.495,0.0,0.0,0.0,0.0,2026-10-03T18:26:23.386227+00:00
1121606,China Open (Doubles): Mertens/Shnaider vs Lumsden/Panova,wta-doubles,China Open,doubles,pre_match,-453.6,,,0x03e0c58e140151d9c73edc9fda8449c5dd1a73ae12e950e09ceec1dd4f05686d,tennis_set_handicap,China Open (Doubles): Mertens/Shnaider vs Lumsden/Panova Set Handicap +/-1.5,1,0.01,5,True,sports_fees_v3,0.05,1,True,0.15,True,50,4.5,1000,1000,0.0,4,4,1791051493507,,0.01,5,0.04,0.23,6.57,6.0,0.26280000000000003,4.62,1.3800000000000001,19.0,178.0398,0.135,0.0,0.0,0.0,0.0,2026-10-03T18:26:23.386227+00:00
1124454,M25 Luan: Yuquan Jin vs Wen Bo Fan,itf,M25 Luan,itf,pre_match,-513.6,,,0x57602c99165d209f47d133f753b04fda0692328a7cd448711ba021f143b9ecb5,tennis_set_games_totals,M25 Luan: Yuquan Jin vs Wen Bo Fan Set 2 O/U 8.5,1,0.01,5,True,sports_fees_v3,0.05,1,True,0.15,True,50,4.5,1000,1000,0.0,1,2,1791038959716,,0.01,5,0.01,0.98,20.0,500.0,0.2,10.000000000000009,490.0,97.0,510.0,0.495,0.0,0.0,0.0,0.0,2026-10-03T18:26:23.386227+00:00
1124476,M25 Darwin: Andres Alberto Sebastian Riffo Luco vs Eric Padgham,itf,M25 Darwin,itf,pre_match,-663.6,,,0x93e3028770d0d916773a41f744ff67a5dbe22c8602ea5a47ed61f648c0caa899,tennis_set_handicap,M25 Darwin: Andres Alberto Sebastian Riffo Luco vs Eric Padgham Set Handicap +/-1.5,1,0.01,5,True,sports_fees_v3,0.05,1,True,0.15,True,50,4.5,1000,1000,0.0,3,3,1791039537302,,0.01,5,0.03,0.97,25.07,25.07,0.7521,0.7521000000000007,24.317899999999998,94.0,169.84,0.5,0.0,0.0,0.0,0.0,2026-10-03T18:26:23.386227+00:00
1122151,"W100 Templeton, CA: Tatjana Maria vs Ella McDonald",itf,"W100 Templeton, CA",itf,pre_match,-333.6,,,0x63688cbe48a95650f9080104218fafe8f29d651c260002274a269d1e2e50279f,tennis_first_set_totals,"W100 Templeton, CA: Tatjana Maria vs Ella McDonald Set 1 O/U 10.5",1,0.01,5,True,sports_fees_v3,0.05,1,True,0.15,True,50,4.5,1000,1000,0.0,1,2,1791049262121,,0.01,5,0.01,0.98,20.0,500.0,0.2,10.000000000000009,490.0,97.0,510.0,0.495,0.0,0.0,0.0,0.0,2026-10-03T18:26:23.386227+00:00
1124571,W35 Wagga Wagga: Mio Mushika vs Naho Sato,itf,W35 Wagga Wagga,itf,pre_match,-483.6,,,0xdffcb880cdf21b54eccf86c3a4f1920a4f7ffcfe56db068a6629e70027b78c96,tennis_match_totals,W35 Wagga Wagga: Mio Mushika vs Naho Sato Match O/U 22.5,1,0.01,5,True,sports_fees_v3,0.05,1,True,0.15,True,50,4.5,1000,1000,0.0,2,3,1791043116649,,0.01,5,0.02,0.97,10.0,25.07,0.2,0.7521000000000007,24.317899999999998,95.0,581.4400999999999,0.495,0.0,0.0,0.0,0.0,2026-10-03T18:26:23.386227+00:00
1123694,Jingshan: Jessica Bouzas Maneiro vs Alexandra Shubladze,wta,Jingshan,challenger_other,pre_match,-603.6,,,0x593de8bfdb512398e55c2683c5d369c07894d7e77e069e7e52ba153a5a1ca7c8,tennis_first_set_totals,Jingshan: Jessica Bouzas Maneiro vs Alexandra Shubladze Set 1 O/U 9.5,1,0.01,5,True,sports_fees_v3,0.05,1,True,0.15,True,50,4.5,1000,1000,0.0,4,5,1791047843000,,0.01,5,0.34,0.55,14.0,11.0,4.760000000000001,4.949999999999999,6.050000000000001,21.000000000000004,575.7402,0.44500000000000006,0.0,0.0,0.0,0.0,2026-10-03T18:26:23.386227+00:00
1124480,M25 Darwin: Ethan Matthews vs Archie Frost,itf,M25 Darwin,itf,pre_match,-663.6,,,0x5567c2f731f17dfedffec0cb2852acf7a68d68db9c31751c318df1f8e51882c7,tennis_match_totals,M25 Darwin: Ethan Matthews vs Archie Frost Match O/U 21.5,1,0.01,5,True,sports_fees_v3,0.05,1,True,0.15,True,50,4.5,1000,1000,0.0,2,3,1791039048117,,0.01,5,0.02,0.97,10.0,25.07,0.2,0.7521000000000007,24.317899999999998,95.0,552.0002,0.495,0.0,0.0,0.0,0.0,2026-10-03T18:26:23.386227+00:00
1125315,Porto 2: Henrique Rocha vs Inaki Montes,atp,Porto 2,challenger_other,pre_match,-933.6,,,0xf7f4c53309af735a807b5d76f00848444fcba0c0997cb121cc85a61ee099048d,tennis_first_set_totals,Porto 2: Henrique Rocha vs Inaki Montes Set 1 O/U 9.5,1,0.01,5,True,sports_fees_v3,0.05,1,True,0.15,True,50,4.5,1000,1000,0.0,2,3,1791050099895,,0.01,5,0.4,0.61,12.0,12.0,4.800000000000001,4.68,7.32,20.999999999999996,512.12,0.505,0.0,0.0,0.0,0.0,2026-10-03T18:26:23.386227+00:00
1124569,W35 Wagga Wagga: Zali ilitch vs Catherine Aulia,itf,W35 Wagga Wagga,itf,pre_match,-453.6,,,0xfcb879efa51faba695288009fdf9aa8464c099ac1a6be4bc00647814fad44f29,tennis_first_set_winner,W35 Wagga Wagga: Zali ilitch vs Catherine Aulia Set 1 Winner,1,0.01,5,True,sports_fees_v3,0.05,1,True,0.15,True,50,4.5,1000,1000,0.0,3,2,1791039306498,,0.01,5,0.03,0.98,25.07,1500.0,0.7521,30.00000000000003,1470.0,95.0,1537.6821,0.505,0.0,0.0,0.0,0.0,2026-10-03T18:26:23.386227+00:00
1124492,M15 Monastir: Kris van Wyk vs Tuncay Duran,itf,M15 Monastir,itf,pre_match,-873.6,,,0x548c9f4bc1f80ea373bed36adf6930a28cc73a4ad333107cefd3afd9f0463ccc,tennis_set_totals,M15 Monastir: Kris van Wyk vs Tuncay Duran Total Sets: O/U 2.5,1,0.01,5,True,sports_fees_v3,0.05,1,True,0.15,True,50,4.5,1000,1000,0.0,11,6,1791051988002,,0.01,5,0.21,0.26,5.0,205.0,1.05,151.7,53.300000000000004,5.000000000000002,1466.6998,0.235,0.0,0.0,805.0,205.0,2026-10-03T18:26:23.386227+00:00
1124466,M25 Luan: Vladimir Osminkin vs Chen-Yu Lu,itf,M25 Luan,itf,pre_match,-633.6,,,0xd5b3699eb4aa67c3ca22d8bdc248b14c511f9fcbd477a8c301cd38a2d63be927,tennis_match_totals,M25 Luan: Vladimir Osminkin vs Chen-Yu Lu Match O/U 21.5,1,0.01,5,True,sports_fees_v3,0.05,1,True,0.15,True,50,4.5,1000,1000,0.0,2,3,1791043121418,,0.01,5,0.02,0.97,10.0,25.07,0.2,0.7521000000000007,24.317899999999998,95.0,581.4001999999999,0.495,0.0,0.0,0.0,0.0,2026-10-03T18:26:23.386227+00:00
1124563,W15 Maanshan: Hao Liang vs Jiumeng Liu,itf,W15 Maanshan,itf,pre_match,-423.6,,,0x7b6178add8710399a3cea96f83d073b0cb2f0858b84929b81abbc31dbe854f60,tennis_first_set_totals,W15 Maanshan: Hao Liang vs Jiumeng Liu Set 1 O/U 8.5,1,0.01,5,True,sports_fees_v3,0.05,1,True,0.15,True,50,4.5,1000,1000,0.0,1,2,1791039224381,,0.01,5,0.01,0.98,20.0,500.0,0.2,10.000000000000009,490.0,97.0,510.0,0.495,0.0,0.0,0.0,0.0,2026-10-03T18:26:23.386227+00:00
1124482,M25 Luan: Carlos Trujillo Hoyos vs Ko Suzuki,itf,M25 Luan,itf,pre_match,-693.6,,,0x37b6b19ebaa47f00d357ac29c1190156c3773a4ac42b6615c056e36844e84f58,tennis_set_handicap,M25 Luan: Carlos Trujillo Hoyos vs Ko Suzuki Set Handicap +/-1.5,1,0.01,5,True,sports_fees_v3,0.05,1,True,0.15,True,50,4.5,1000,1000,0.0,3,2,1791040045432,,0.01,5,0.03,0.98,25.07,108.0,0.7521,2.160000000000002,105.84,95.0,145.5221,0.505,0.0,0.0,0.0,0.0,2026-10-03T18:26:23.386227+00:00
1124479,M25 Darwin: Radu Cojocaru vs Jayden Tzirtis,itf,M25 Darwin,itf,pre_match,-663.6,,,0xe0168042fd473506b8b2f76b1db05ef031c284dc3095558c118c5d41bd19a4e5,tennis_match_totals,M25 Darwin: Radu Cojocaru vs Jayden Tzirtis Match O/U 23.5,1,0.01,5,True,sports_fees_v3,0.05,1,True,0.15,True,50,4.5,1000,1000,0.0,2,3,1791042365110,,0.01,5,0.02,0.97,10.0,25.07,0.2,0.7521000000000007,24.317899999999998,95.0,580.0401999999999,0.495,0.0,0.0,0.0,0.0,2026-10-03T18:26:23.386227+00:00
1124460,M25 Luan: Thomas Linley vs Tin Chen,itf,M25 Luan,itf,pre_match,-603.6,,,0xa4d8c832ccc3691bf132620d50f41a755567933e089d62f4bc8c8197e79c437a,tennis_match_totals,M25 Luan: Thomas Linley vs Tin Chen Match O/U 21.5,1,0.01,5,True,sports_fees_v3,0.05,1,True,0.15,True,50,4.5,1000,1000,0.0,4,5,1791051527772,,0.01,5,0.05,0.95,11.25,10.03,0.5625,0.5015000000000004,9.5285,89.99999999999999,1914.2,0.5,0.0,0.0,0.0,0.0,2026-10-03T18:26:23.386227+00:00
1124483,M25 Darwin: Emmanuel Valsamis vs Michael Caspanello,itf,M25 Darwin,itf,pre_match,-723.6,,,0xfa8029cb77ed113b0554a1d94a03f5e4722c6f814e0489e04bbb03b6af6b94c7,tennis_completed_match,Completed Match,1,0.01,5,True,sports_fees_v3,0.05,1,True,0.15,True,50,4.5,1000,1000,0.0,5,1,1791047231310,,0.01,5,0.08,0.99,15.0,20.0,1.2,0.20000000000000018,19.8,91.0,33.1997,0.535,0.0,0.0,0.0,0.0,2026-10-03T18:26:23.386227+00:00
1124583,W15 Maanshan: Ying Xue vs Alisa Piliptsevich,itf,W15 Maanshan,itf,pre_match,-573.6,,,0xc8e7b06e41560ec222d5eca42fe788b56bbf10a43b6dde0d61d0f92c45b06901,tennis_set_games_totals,W15 Maanshan: Ying Xue vs Alisa Piliptsevich Set 2 O/U 10.5,1,0.01,5,True,sports_fees_v3,0.05,1,True,0.15,True,50,4.5,1000,1000,0.0,1,2,1791038767968,,0.01,5,0.01,0.98,20.0,500.0,0.2,10.000000000000009,490.0,97.0,510.0,0.495,0.0,0.0,0.0,0.0,2026-10-03T18:26:23.386227+00:00
1124552,W35 Wagga Wagga: Shiho Shibata vs Olivia Quigley,itf,W35 Wagga Wagga,itf,pre_match,-333.6,,,0xa41be08ff1221a72abee15168a91d4fb2f02224dc0f65e4af2c75409d365df6b,tennis_match_totals,W35 Wagga Wagga: Shiho Shibata vs Olivia Quigley Match O/U 23.5,1,0.01,5,True,sports_fees_v3,0.05,1,True,0.15,True,50,4.5,1000,1000,0.0,2,3,1791050506454,,0.01,5,0.02,0.97,10.0,25.07,0.2,0.7521000000000007,24.317899999999998,95.0,559.8402,0.495,0.0,0.0,0.0,0.0,2026-10-03T18:26:23.386227+00:00
1124443,M25 Luan: James Van Herzeele vs Hengyu Lu,itf,M25 Luan,itf,pre_match,-453.6,,,0x2275965aa036e43547cfb2dd0dc234893d68aa0c46072aa828dd64136a66de32,tennis_match_totals,M25 Luan: James Van Herzeele vs Hengyu Lu Match O/U 22.5,1,0.01,5,True,sports_fees_v3,0.05,1,True,0.15,True,50,4.5,1000,1000,0.0,2,3,1791042367114,,0.01,5,0.02,0.97,10.0,25.07,0.2,0.7521000000000007,24.317899999999998,95.0,581.4001999999999,0.495,0.0,0.0,0.0,0.0,2026-10-03T18:26:23.386227+00:00
1125318,Bari: Juan Martin vs Samuele Pieri,atp,Bari,challenger_other,pre_match,-873.6,,,0x696487461467558f084333c00e55c87b340db7f8f5db5cb681d3116f56181208,tennis_match_totals,Bari: Juan Martin vs Samuele Pieri Match O/U 23.5,1,0.01,5,True,sports_fees_v3,0.05,1,True,0.15,True,50,4.5,1000,1000,0.0,3,4,1791051401216,,0.01,5,0.28,0.49,17.0,9.0,4.760000000000001,4.59,4.41,20.999999999999996,549.8401,0.385,0.0,0.0,0.0,0.0,2026-10-03T18:26:23.386227+00:00
1122151,"W100 Templeton, CA: Tatjana Maria vs Ella McDonald",itf,"W100 Templeton, CA",itf,pre_match,-333.6,,,0x52de8bb43874985d970b2d0d0537f5fcbd29688e477e2299a94bb4c19453b1ef,tennis_first_set_totals,"W100 Templeton, CA: Tatjana Maria vs Ella McDonald Set 1 O/U 8.5",1,0.01,5,True,sports_fees_v3,0.05,1,True,0.15,True,50,4.5,1000,1000,0.0,3,4,1791050506454,,0.01,5,0.49,0.65,10.0,11.43,4.9,4.0005,7.4295,16.000000000000004,537.53,0.5700000000000001,0.0,0.0,0.0,0.0,2026-10-03T18:26:23.386227+00:00
1124454,M25 Luan: Yuquan Jin vs Wen Bo Fan,itf,M25 Luan,itf,pre_match,-513.6,,,0xb397d7b742bcab1e6688c8810ad80367e34162a2e30ed668e0ddcd6487c4d5b9,tennis_set_totals,M25 Luan: Yuquan Jin vs Wen Bo Fan Total Sets: O/U 2.5,1,0.01,5,True,sports_fees_v3,0.05,1,True,0.15,True,50,4.5,1000,1000,0.0,3,3,1791042365900,,0.01,5,0.03,0.97,22.28,22.28,0.6684,0.6684000000000007,21.6116,94.0,1084.29,0.5,0.0,0.0,0.0,0.0,2026-10-03T18:26:23.386227+00:00
1124444,M25 Luan: Markus Malaszszak vs Yutong Du,itf,M25 Luan,itf,pre_match,-453.6,,,0xd7315ad8e69e0c59abce1f6388ad3b0064dcf8b4eb64deab7335c7c587aacc12,tennis_set_winner,M25 Luan: Markus Malaszszak vs Yutong Du Set 2 Winner,1,0.01,5,True,sports_fees_v3,0.05,1,True,0.15,True,50,4.5,1000,1000,0.0,2,2,1791039047564,,0.01,5,0.02,0.98,1500.0,1500.0,30.0,30.00000000000003,1470.0,96.0,1530.0,0.5,0.0,0.0,0.0,0.0,2026-10-03T18:26:23.386227+00:00
1124484,M25 Darwin: Andre Filep vs Mitchell Ayton,itf,M25 Darwin,itf,pre_match,-723.6,,,0xe61ca7ca1cd9862bad2effcb339969758fdae06c54a1bdb239af311237968a97,tennis_first_set_winner,M25 Darwin: Andre Filep vs Mitchell Ayton Set 1 Winner,1,0.01,5,True,sports_fees_v3,0.05,1,True,0.15,True,50,4.5,1000,1000,0.0,2,2,1791040054147,,0.01,5,0.02,0.98,10.0,10.0,0.2,0.20000000000000018,9.8,96.0,118.0,0.5,0.0,0.0,0.0,0.0,2026-10-03T18:26:23.386227+00:00
1124460,M25 Luan: Thomas Linley vs Tin Chen,itf,M25 Luan,itf,pre_match,-603.6,,,0xce832446169c01164e2fcab364eb7807ec17ebbc40aee1b4c19fc63777687272,tennis_set_handicap,M25 Luan: Thomas Linley vs Tin Chen Set Handicap +/-1.5,1,0.01,5,True,sports_fees_v3,0.05,1,True,0.15,True,50,4.5,1000,1000,0.0,3,3,1791039942341,,0.01,5,0.03,0.97,25.07,25.07,0.7521,0.7521000000000007,24.317899999999998,94.0,169.84,0.5,0.0,0.0,0.0,0.0,2026-10-03T18:26:23.386227+00:00
1119751,China Open (Doubles): Melo/Zverev vs Cash/Glasspool,atp-doubles,China Open,doubles,pre_match,-453.6,,,0x4583c684205063a48de59371d009ebf217848bc6aa956d4d822f9d0e5a5938f5,tennis_first_set_totals,China Open (Doubles): Melo/Zverev vs Cash/Glasspool Set 1 O/U 8.5,1,0.01,5,True,sports_fees_v3,0.05,1,True,0.15,True,50,4.5,1000,1000,0.0,1,2,1791028202126,,0.01,5,0.01,0.98,10.0,500.0,0.1,10.000000000000009,490.0,97.0,500.0,0.495,0.0,0.0,0.0,0.0,2026-10-03T18:26:23.386227+00:00
1124491,M25 Luan: Maxim Shin vs SHIXUN ZHU,itf,M25 Luan,itf,pre_match,-813.6,,,0xc2993d7577bd942d06ca365df60064d2cb7a2194c57152f595e85050e7958120,tennis_set_games_totals,M25 Luan: Maxim Shin vs SHIXUN ZHU Set 2 O/U 10.5,1,0.01,5,True,sports_fees_v3,0.05,1,True,0.15,True,50,4.5,1000,1000,0.0,1,2,1791039080868,,0.01,5,0.01,0.98,20.0,500.0,0.2,10.000000000000009,490.0,97.0,510.0,0.495,0.0,0.0,0.0,0.0,2026-10-03T18:26:23.386227+00:00
1124462,M25 Luan: Xiuyuan Ye vs LIANGXUAN LIU,itf,M25 Luan,itf,pre_match,-603.6,,,0xa0a09a4b5afb9650ce44500479f9e549d9c2b70ad558351c5f75f6e81c3edf83,tennis_set_games_totals,M25 Luan: Xiuyuan Ye vs LIANGXUAN LIU Set 2 O/U 10.5,1,0.01,5,True,sports_fees_v3,0.05,1,True,0.15,True,50,4.5,1000,1000,0.0,1,2,1791039002068,,0.01,5,0.01,0.98,20.0,500.0,0.2,10.000000000000009,490.0,97.0,510.0,0.495,0.0,0.0,0.0,0.0,2026-10-03T18:26:23.386227+00:00
1124492,M15 Monastir: Kris van Wyk vs Tuncay Duran,itf,M15 Monastir,itf,pre_match,-873.6,,,0x53490e1d454a3f1bb286516004263a1efc52ef2f66233db373f62c780711965c,tennis_first_set_totals,M15 Monastir: Kris van Wyk vs Tuncay Duran Set 1 O/U 10.5,1,0.01,5,True,sports_fees_v3,0.05,1,True,0.15,True,50,4.5,1000,1000,0.0,1,3,1791051526253,,0.01,5,0.01,0.97,20.0,200.0,0.2,6.000000000000005,194.0,96.0,2874.0,0.49,0.0,0.0,0.0,0.0,2026-10-03T18:26:23.386227+00:00
1124571,W35 Wagga Wagga: Mio Mushika vs Naho Sato,itf,W35 Wagga Wagga,itf,pre_match,-483.6,,,0x320182f681c2f4f57fdcec1b0f9998a272e57e956ea345452803ae7bd62f2890,tennis_first_set_totals,W35 Wagga Wagga: Mio Mushika vs Naho Sato Set 1 O/U 10.5,1,0.01,5,True,sports_fees_v3,0.05,1,True,0.15,True,50,4.5,1000,1000,0.0,2,2,1791051525038,,0.01,5,0.02,0.98,300.0,500.0,6.0,10.000000000000009,490.0,96.0,526.0,0.5,0.0,0.0,0.0,0.0,2026-10-03T18:26:23.386227+00:00
1124457,M25 Luan: MINGLIANG YUE vs Ye Hongyu,itf,M25 Luan,itf,pre_match,-513.6,,,0x439b06a2a663baaecfffba04e84e3c6894092d49eba163227c7680a95111fd73,tennis_first_set_totals,M25 Luan: MINGLIANG YUE vs Ye Hongyu Set 1 O/U 8.5,1,0.01,5,True,sports_fees_v3,0.05,1,True,0.15,True,50,4.5,1000,1000,0.0,1,3,1791050860638,,0.01,5,0.01,0.97,20.0,200.0,0.2,6.000000000000005,194.0,96.0,2874.0,0.49,0.0,0.0,0.0,0.0,2026-10-03T18:26:23.386227+00:00
1124588,W35 Baza: Charo Esquiva Banuls vs Valentina Ivanov,itf,W35 Baza,itf,pre_match,-933.6,,,0x4e959a8e2262b6519cb14670ece2008f7ab33fc18e22408c3758e446306f8f97,tennis_set_winner,W35 Baza: Charo Esquiva Banuls vs Valentina Ivanov Set 2 Winner,1,0.01,5,True,sports_fees_v3,0.05,1,True,0.15,True,50,4.5,1000,1000,0.0,2,2,1791038769735,,0.01,5,0.02,0.98,1500.0,1500.0,30.0,30.00000000000003,1470.0,96.0,1530.0,0.5,0.0,0.0,0.0,0.0,2026-10-03T18:26:23.386227+00:00
1122530,Curitiba (Doubles): Kestelboim/Zormann vs Miguel/Ribeiro,atp-doubles,Curitiba,doubles,in_play,26.4,,,0x05660616e88842db6f09d9668da2e109a23259e7ecade9859d644944dbc25b43,tennis_completed_match,Completed Match,1,0.01,5,True,sports_fees_v3,0.05,1,True,0.15,True,50,4.5,1000,1000,0.0,3,0,1791050569107,,0.01,5,0.03,,55.55,0.0,1.6664999999999999,0.0,0.0,,4.9997,,,,,,2026-10-03T18:28:27.806597+00:00
1122530,Curitiba (Doubles): Kestelboim/Zormann vs Miguel/Ribeiro,atp-doubles,Curitiba,doubles,in_play,26.4,,,0x5772a36dd3f702025e81f44fc373d0b6322e0beac0666d073c126258e6d4d0ea,tennis_first_set_winner,Curitiba (Doubles): Kestelboim/Zormann vs Miguel/Ribeiro Set 1 Winner,1,0.01,5,True,sports_fees_v3,0.05,1,True,0.15,True,50,4.5,1000,1000,0.0,0,0,1791051603580,,0.01,5,,,0.0,0.0,0.0,0.0,0.0,,0.0,,,,,,2026-10-03T18:28:27.806597+00:00
1122530,Curitiba (Doubles): Kestelboim/Zormann vs Miguel/Ribeiro,atp-doubles,Curitiba,doubles,in_play,26.4,,,0xd09523ba64858e28da8750eb7d3035c7abbd02983152b848533ffa2a47ecc75b,tennis_set_winner,Curitiba (Doubles): Kestelboim/Zormann vs Miguel/Ribeiro Set 2 Winner,1,0.01,5,True,sports_fees_v3,0.05,1,True,0.15,True,50,4.5,1000,1000,0.0,0,0,1791050403939,,0.01,5,,,0.0,0.0,0.0,0.0,0.0,,0.0,,,,,,2026-10-03T18:28:27.806597+00:00
1122530,Curitiba (Doubles): Kestelboim/Zormann vs Miguel/Ribeiro,atp-doubles,Curitiba,doubles,in_play,26.4,,,0x495f0f86b2bb61eabcdc43e0653082b44dc7ad0622866a17f190bdb0e1d31d96,tennis_set_totals,Curitiba (Doubles): Kestelboim/Zormann vs Miguel/Ribeiro Total Sets: O/U 2.5,1,0.01,5,True,sports_fees_v3,0.05,1,True,0.15,True,50,4.5,1000,1000,0.0,0,0,1791051603580,,0.01,5,,,0.0,0.0,0.0,0.0,0.0,,0.0,,,,,,2026-10-03T18:28:27.806597+00:00
1122530,Curitiba (Doubles): Kestelboim/Zormann vs Miguel/Ribeiro,atp-doubles,Curitiba,doubles,in_play,26.4,,,0x85b72ffdca2e5352b2c26a3e1c1d088614d25272a6c4b5136cdc0c018d9348f7,tennis_first_set_totals,Curitiba (Doubles): Kestelboim/Zormann vs Miguel/Ribeiro Set 1 O/U 8.5,1,0.01,5,True,sports_fees_v3,0.05,1,True,0.15,True,50,4.5,1000,1000,0.0,0,0,1791050402239,,0.01,5,,,0.0,0.0,0.0,0.0,0.0,,0.0,,,,,,2026-10-03T18:28:27.806597+00:00
1122530,Curitiba (Doubles): Kestelboim/Zormann vs Miguel/Ribeiro,atp-doubles,Curitiba,doubles,in_play,26.4,,,0x41c3719af9a17ce5ab2b1f84467393d7febf71b6b021883fff006ec8de21b73a,tennis_first_set_totals,Curitiba (Doubles): Kestelboim/Zormann vs Miguel/Ribeiro Set 1 O/U 9.5,1,0.01,5,True,sports_fees_v3,0.05,1,True,0.15,True,50,4.5,1000,1000,0.0,0,0,1791050403013,,0.01,5,,,0.0,0.0,0.0,0.0,0.0,,0.0,,,,,,2026-10-03T18:28:27.806597+00:00
1122530,Curitiba (Doubles): Kestelboim/Zormann vs Miguel/Ribeiro,atp-doubles,Curitiba,doubles,in_play,26.4,,,0x36682c3ebc2bfa2db0957d2a471b3a87abfe57467eeea9023a950b8aec7981e2,tennis_first_set_totals,Curitiba (Doubles): Kestelboim/Zormann vs Miguel/Ribeiro Set 1 O/U 10.5,1,0.01,5,True,sports_fees_v3,0.05,1,True,0.15,True,50,4.5,1000,1000,0.0,0,0,1791050401749,,0.01,5,,,0.0,0.0,0.0,0.0,0.0,,0.0,,,,,,2026-10-03T18:28:27.806597+00:00
1122530,Curitiba (Doubles): Kestelboim/Zormann vs Miguel/Ribeiro,atp-doubles,Curitiba,doubles,in_play,26.4,,,0x5a5dbb6f265e89e2aaa740d99c4e8cb1fa40770a247d9ed6aa67fbb3afac8412,tennis_set_games_totals,Curitiba (Doubles): Kestelboim/Zormann vs Miguel/Ribeiro Set 2 O/U 8.5,1,0.01,5,True,sports_fees_v3,0.05,1,True,0.15,True,50,4.5,1000,1000,0.0,0,0,1791050400978,,0.01,5,,,0.0,0.0,0.0,0.0,0.0,,0.0,,,,,,2026-10-03T18:28:27.806597+00:00
1122530,Curitiba (Doubles): Kestelboim/Zormann vs Miguel/Ribeiro,atp-doubles,Curitiba,doubles,in_play,26.4,,,0x8529a43f80fe78ea28d45c66737a69343c1424a2c5d9fcaaf24f800bcb37c144,tennis_set_games_totals,Curitiba (Doubles): Kestelboim/Zormann vs Miguel/Ribeiro Set 2 O/U 9.5,1,0.01,5,True,sports_fees_v3,0.05,1,True,0.15,True,50,4.5,1000,1000,0.0,0,0,1791050403571,,0.01,5,,,0.0,0.0,0.0,0.0,0.0,,0.0,,,,,,2026-10-03T18:28:27.806597+00:00
1122530,Curitiba (Doubles): Kestelboim/Zormann vs Miguel/Ribeiro,atp-doubles,Curitiba,doubles,in_play,26.4,,,0x5112d0e82dc12ac78c30cb60f6d1c72c8bd5f6425f66acb298584f3745812046,tennis_set_games_totals,Curitiba (Doubles): Kestelboim/Zormann vs Miguel/Ribeiro Set 2 O/U 10.5,1,0.01,5,True,sports_fees_v3,0.05,1,True,0.15,True,50,4.5,1000,1000,0.0,0,0,1791050400213,,0.01,5,,,0.0,0.0,0.0,0.0,0.0,,0.0,,,,,,2026-10-03T18:28:27.806597+00:00
1122530,Curitiba (Doubles): Kestelboim/Zormann vs Miguel/Ribeiro,atp-doubles,Curitiba,doubles,in_play,26.4,,,0x2edfbf049c97511b12dcce0c9c409f06525a850503ce088050bac1143b629037,tennis_match_totals,Curitiba (Doubles): Kestelboim/Zormann vs Miguel/Ribeiro Match O/U 21.5,1,0.01,5,True,sports_fees_v3,0.05,1,True,0.15,True,50,4.5,1000,1000,0.0,0,0,1791051603580,,0.01,5,,,0.0,0.0,0.0,0.0,0.0,,0.0,,,,,,2026-10-03T18:28:27.806597+00:00
1122530,Curitiba (Doubles): Kestelboim/Zormann vs Miguel/Ribeiro,atp-doubles,Curitiba,doubles,in_play,26.4,,,0xa2f0f95765d7de8f4d979b80ac67d99bc2f7ce50de4293694f6fad9db8bdded0,tennis_match_totals,Curitiba (Doubles): Kestelboim/Zormann vs Miguel/Ribeiro Match O/U 22.5,1,0.01,5,True,sports_fees_v3,0.05,1,True,0.15,True,50,4.5,1000,1000,0.0,0,0,1791051603580,,0.01,5,,,0.0,0.0,0.0,0.0,0.0,,0.0,,,,,,2026-10-03T18:28:27.806597+00:00
1122530,Curitiba (Doubles): Kestelboim/Zormann vs Miguel/Ribeiro,atp-doubles,Curitiba,doubles,in_play,26.4,,,0x04bf648e18caea01050c5786c94d0e5c2f2c311043105f061f273c86116607f9,tennis_match_totals,Curitiba (Doubles): Kestelboim/Zormann vs Miguel/Ribeiro Match O/U 23.5,1,0.01,5,True,sports_fees_v3,0.05,1,True,0.15,True,50,4.5,1000,1000,0.0,0,0,1791051603580,,0.01,5,,,0.0,0.0,0.0,0.0,0.0,,0.0,,,,,,2026-10-03T18:28:27.806597+00:00
1122530,Curitiba (Doubles): Kestelboim/Zormann vs Miguel/Ribeiro,atp-doubles,Curitiba,doubles,in_play,26.4,,,0xc3b9dccef434da6d08a88e14b6d2cf65fe7bf93236735eb65a51667f21971628,tennis_set_handicap,Curitiba (Doubles): Kestelboim/Zormann vs Miguel/Ribeiro Set Handicap +/-1.5,1,0.01,5,True,sports_fees_v3,0.05,1,True,0.15,True,50,4.5,1000,1000,0.0,0,0,1791051603580,,0.01,5,,,0.0,0.0,0.0,0.0,0.0,,0.0,,,,,,2026-10-03T18:28:27.806597+00:00
1122530,Curitiba (Doubles): Kestelboim/Zormann vs Miguel/Ribeiro,atp-doubles,Curitiba,doubles,in_play,26.4,,,0xcb3101dcd6ac5ffcc7db9f5c535f6ba3ee46ca9e72b0ef0f04904c6113816508,tennis_set_handicap,Curitiba (Doubles): Kestelboim/Zormann vs Miguel/Ribeiro Set Handicap +/-1.5,1,0.01,5,True,sports_fees_v3,0.05,1,True,0.15,True,50,4.5,1000,1000,0.0,0,0,1791051603580,,0.01,5,,,0.0,0.0,0.0,0.0,0.0,,0.0,,,,,,2026-10-03T18:28:27.806597+00:00
1122149,"W15 Nashville, TN: Merna Refaat vs Rose Marie Nijkamp",itf,"W15 Nashville, TN",itf,in_play,26.4,,,0x89d7ec656c659d03a1b326706ebfb9e1dedcdab54e5089622ebb0acd5e01a269,tennis_completed_match,Completed Match,1,0.01,5,True,sports_fees_v3,0.05,1,True,0.15,True,50,4.5,1000,1000,560.0,3,0,1791050567010,0.970,0.01,5,0.03,,55.55,0.0,1.6664999999999999,0.0,0.0,,4.9997,,,,,,2026-10-03T18:28:27.806597+00:00
1122149,"W15 Nashville, TN: Merna Refaat vs Rose Marie Nijkamp",itf,"W15 Nashville, TN",itf,in_play,26.4,,,0x3a84b05c0e90c4614631d3bf46337ee8f5041f145d8a03a6ff234f9d78869320,tennis_first_set_winner,"W15 Nashville, TN: Merna Refaat vs Rose Marie Nijkamp Set 1 Winner",1,0.01,5,True,sports_fees_v3,0.05,1,True,0.15,True,50,4.5,1000,1000,0.0,0,0,1791051601458,,0.01,5,,,0.0,0.0,0.0,0.0,0.0,,0.0,,,,,,2026-10-03T18:28:27.806597+00:00
1122149,"W15 Nashville, TN: Merna Refaat vs Rose Marie Nijkamp",itf,"W15 Nashville, TN",itf,in_play,26.4,,,0x009c8cb05e7561b6c5237a8806ab893f510a2ef7dc5a3ed18c3a60ff82c5bfc3,tennis_set_winner,"W15 Nashville, TN: Merna Refaat vs Rose Marie Nijkamp Set 2 Winner",1,0.01,5,True,sports_fees_v3,0.05,1,True,0.15,True,50,4.5,1000,1000,0.0,0,0,1791050403830,,0.01,5,,,0.0,0.0,0.0,0.0,0.0,,0.0,,,,,,2026-10-03T18:28:27.806597+00:00
1122149,"W15 Nashville, TN: Merna Refaat vs Rose Marie Nijkamp",itf,"W15 Nashville, TN",itf,in_play,26.4,,,0x96182588dea819bb44bccd17fc0304db209a7c6db5e76efbd1d81429f8095c70,tennis_set_totals,"W15 Nashville, TN: Merna Refaat vs Rose Marie Nijkamp Total Sets: O/U 2.5",1,0.01,5,True,sports_fees_v3,0.05,1,True,0.15,True,50,4.5,1000,1000,0.0,0,0,1791051601458,,0.01,5,,,0.0,0.0,0.0,0.0,0.0,,0.0,,,,,,2026-10-03T18:28:27.806597+00:00
1122149,"W15 Nashville, TN: Merna Refaat vs Rose Marie Nijkamp",itf,"W15 Nashville, TN",itf,in_play,26.4,,,0xc93abda2b40c6bec3c19b4779f5fd029d065a85b295e350e67a06ebae107b361,tennis_first_set_totals,"W15 Nashville, TN: Merna Refaat vs Rose Marie Nijkamp Set 1 O/U 8.5",1,0.01,5,True,sports_fees_v3,0.05,1,True,0.15,True,50,4.5,1000,1000,0.0,0,0,1791050401883,,0.01,5,,,0.0,0.0,0.0,0.0,0.0,,0.0,,,,,,2026-10-03T18:28:27.806597+00:00
1122149,"W15 Nashville, TN: Merna Refaat vs Rose Marie Nijkamp",itf,"W15 Nashville, TN",itf,in_play,26.4,,,0x9d68e0250a9ec1016e49d61a0b8f92400a0596fd9acca707be03466048e23c43,tennis_first_set_totals,"W15 Nashville, TN: Merna Refaat vs Rose Marie Nijkamp Set 1 O/U 9.5",1,0.01,5,True,sports_fees_v3,0.05,1,True,0.15,True,50,4.5,1000,1000,0.0,0,0,1791050400959,,0.01,5,,,0.0,0.0,0.0,0.0,0.0,,0.0,,,,,,2026-10-03T18:28:27.806597+00:00
1122149,"W15 Nashville, TN: Merna Refaat vs Rose Marie Nijkamp",itf,"W15 Nashville, TN",itf,in_play,26.4,,,0x3f744f7e13f1178272fc491a5509146c61c3b4b805e931b042ecd89eb4f7cf29,tennis_first_set_totals,"W15 Nashville, TN: Merna Refaat vs Rose Marie Nijkamp Set 1 O/U 10.5",1,0.01,5,True,sports_fees_v3,0.05,1,True,0.15,True,50,4.5,1000,1000,0.0,0,0,1791050402920,,0.01,5,,,0.0,0.0,0.0,0.0,0.0,,0.0,,,,,,2026-10-03T18:28:27.806597+00:00
1122149,"W15 Nashville, TN: Merna Refaat vs Rose Marie Nijkamp",itf,"W15 Nashville, TN",itf,in_play,26.4,,,0x80e86d00fc99aa2225d0522ddf209e55e262319b491e7ad8d989dc76b712dc82,tennis_set_games_totals,"W15 Nashville, TN: Merna Refaat vs Rose Marie Nijkamp Set 2 O/U 8.5",1,0.01,5,True,sports_fees_v3,0.05,1,True,0.15,True,50,4.5,1000,1000,0.0,0,0,1791050401398,,0.01,5,,,0.0,0.0,0.0,0.0,0.0,,0.0,,,,,,2026-10-03T18:28:27.806597+00:00
1122149,"W15 Nashville, TN: Merna Refaat vs Rose Marie Nijkamp",itf,"W15 Nashville, TN",itf,in_play,26.4,,,0x18b78d96aa7e826c3034d6abb964de768a502822248fd73bad68ae46724ff44c,tennis_set_games_totals,"W15 Nashville, TN: Merna Refaat vs Rose Marie Nijkamp Set 2 O/U 9.5",1,0.01,5,True,sports_fees_v3,0.05,1,True,0.15,True,50,4.5,1000,1000,0.0,0,0,1791050403734,,0.01,5,,,0.0,0.0,0.0,0.0,0.0,,0.0,,,,,,2026-10-03T18:28:27.806597+00:00
1122149,"W15 Nashville, TN: Merna Refaat vs Rose Marie Nijkamp",itf,"W15 Nashville, TN",itf,in_play,26.4,,,0x2e3bcb412df1e3288fcb601754a047f935fdf32d42f9dc7199ca3882162f9d78,tennis_set_games_totals,"W15 Nashville, TN: Merna Refaat vs Rose Marie Nijkamp Set 2 O/U 10.5",1,0.01,5,True,sports_fees_v3,0.05,1,True,0.15,True,50,4.5,1000,1000,0.0,0,0,1791050400292,,0.01,5,,,0.0,0.0,0.0,0.0,0.0,,0.0,,,,,,2026-10-03T18:28:27.806597+00:00
1122149,"W15 Nashville, TN: Merna Refaat vs Rose Marie Nijkamp",itf,"W15 Nashville, TN",itf,in_play,26.4,,,0x1406839f13cfe4e2af32d8d3b05112d4216aad2ae30adf9edbc11708064d0a22,tennis_match_totals,"W15 Nashville, TN: Merna Refaat vs Rose Marie Nijkamp Match O/U 21.5",1,0.01,5,True,sports_fees_v3,0.05,1,True,0.15,True,50,4.5,1000,1000,0.0,0,0,1791051601458,,0.01,5,,,0.0,0.0,0.0,0.0,0.0,,0.0,,,,,,2026-10-03T18:28:27.806597+00:00
1122149,"W15 Nashville, TN: Merna Refaat vs Rose Marie Nijkamp",itf,"W15 Nashville, TN",itf,in_play,26.4,,,0xcb609638a044d9434150d42de6eb6ebd8c55e8f2cde8225db6711e04cc923c33,tennis_match_totals,"W15 Nashville, TN: Merna Refaat vs Rose Marie Nijkamp Match O/U 22.5",1,0.01,5,True,sports_fees_v3,0.05,1,True,0.15,True,50,4.5,1000,1000,0.0,0,0,1791051601458,,0.01,5,,,0.0,0.0,0.0,0.0,0.0,,0.0,,,,,,2026-10-03T18:28:27.806597+00:00
1122149,"W15 Nashville, TN: Merna Refaat vs Rose Marie Nijkamp",itf,"W15 Nashville, TN",itf,in_play,26.4,,,0x7621528ad4705c5e932d20e530832064e42a990438ea478d1feafc36987948db,tennis_match_totals,"W15 Nashville, TN: Merna Refaat vs Rose Marie Nijkamp Match O/U 23.5",1,0.01,5,True,sports_fees_v3,0.05,1,True,0.15,True,50,4.5,1000,1000,0.0,0,0,1791051601458,,0.01,5,,,0.0,0.0,0.0,0.0,0.0,,0.0,,,,,,2026-10-03T18:28:27.806597+00:00
1122149,"W15 Nashville, TN: Merna Refaat vs Rose Marie Nijkamp",itf,"W15 Nashville, TN",itf,in_play,26.4,,,0xd71364edb3ac4e7d68193daa161f8a49d8adc62bf5e3084c8264dc8b6d4dd38f,tennis_set_handicap,"W15 Nashville, TN: Merna Refaat vs Rose Marie Nijkamp Set Handicap +/-1.5",1,0.01,5,True,sports_fees_v3,0.05,1,True,0.15,True,50,4.5,1000,1000,0.0,0,0,1791051601458,,0.01,5,,,0.0,0.0,0.0,0.0,0.0,,0.0,,,,,,2026-10-03T18:28:27.806597+00:00
1122149,"W15 Nashville, TN: Merna Refaat vs Rose Marie Nijkamp",itf,"W15 Nashville, TN",itf,in_play,26.4,,,0x182af6f647ba95e0b6bfe71243c7121eb60af21f85c898be84b8229e2e42b7f0,tennis_set_handicap,"W15 Nashville, TN: Merna Refaat vs Rose Marie Nijkamp Set Handicap +/-1.5",1,0.01,5,True,sports_fees_v3,0.05,1,True,0.15,True,50,4.5,1000,1000,0.0,0,0,1791051601458,,0.01,5,,,0.0,0.0,0.0,0.0,0.0,,0.0,,,,,,2026-10-03T18:28:27.806597+00:00
1122148,W15 Trelew: Ana Sofia Sanchez vs Luciana Moyano,itf,W15 Trelew,itf,in_play,86.4,,,0x34b0f1f42538c3895ac77bbb4c15857329863090704fec642cec8cedf74a8aa5,tennis_completed_match,Completed Match,1,0.01,5,True,sports_fees_v3,0.05,1,True,0.15,True,50,4.5,1000,1000,1160.0,4,0,1791047556745,0.960,0.01,5,0.04,,50.0,0.0,2.0,0.0,0.0,,6.9997,,,,,,2026-10-03T18:28:27.806597+00:00
1122148,W15 Trelew: Ana Sofia Sanchez vs Luciana Moyano,itf,W15 Trelew,itf,in_play,86.4,,,0x27565aa9641c027a707a5ec8715f2f713157bcd443d2fd952f2a1c552df98c5b,tennis_first_set_winner,W15 Trelew: Ana Sofia Sanchez vs Luciana Moyano Set 1 Winner,1,0.01,5,True,sports_fees_v3,0.05,1,True,0.15,True,50,4.5,1000,1000,0.0,0,0,1791048009641,,0.01,5,,,0.0,0.0,0.0,0.0,0.0,,0.0,,,,,,2026-10-03T18:28:27.806597+00:00
1122148,W15 Trelew: Ana Sofia Sanchez vs Luciana Moyano,itf,W15 Trelew,itf,in_play,86.4,,,0x6701908c9bc330763cfc42fe0a0f87e2b127d55971252a0c45a0273026689b91,tennis_set_winner,W15 Trelew: Ana Sofia Sanchez vs Luciana Moyano Set 2 Winner,1,0.01,5,True,sports_fees_v3,0.05,1,True,0.15,True,50,4.5,1000,1000,0.0,0,0,1791046800056,,0.01,5,,,0.0,0.0,0.0,0.0,0.0,,0.0,,,,,,2026-10-03T18:28:27.806597+00:00
1122148,W15 Trelew: Ana Sofia Sanchez vs Luciana Moyano,itf,W15 Trelew,itf,in_play,86.4,,,0xb80867e13fe868da95b13a212e186f029e653b55d0839a93d0d53b5256246f87,tennis_set_totals,W15 Trelew: Ana Sofia Sanchez vs Luciana Moyano Total Sets: O/U 2.5,1,0.01,5,True,sports_fees_v3,0.05,1,True,0.15,True,50,4.5,1000,1000,0.0,0,0,1791048009641,,0.01,5,,,0.0,0.0,0.0,0.0,0.0,,0.0,,,,,,2026-10-03T18:28:27.806597+00:00
1122148,W15 Trelew: Ana Sofia Sanchez vs Luciana Moyano,itf,W15 Trelew,itf,in_play,86.4,,,0x7ec60388e6b254ab41b41a7076b1f32efbbef63ac853c47ab3f2962c38f1953e,tennis_first_set_totals,W15 Trelew: Ana Sofia Sanchez vs Luciana Moyano Set 1 O/U 8.5,1,0.01,5,True,sports_fees_v3,0.05,1,True,0.15,True,50,4.5,1000,1000,0.0,0,0,1791046801020,,0.01,5,,,0.0,0.0,0.0,0.0,0.0,,0.0,,,,,,2026-10-03T18:28:27.806597+00:00
1122148,W15 Trelew: Ana Sofia Sanchez vs Luciana Moyano,itf,W15 Trelew,itf,in_play,86.4,,,0x1ebfc65ca2471faec749614e61bc4b47d1af80e2769950d10b3d42ac668adfdf,tennis_first_set_totals,W15 Trelew: Ana Sofia Sanchez vs Luciana Moyano Set 1 O/U 9.5,1,0.01,5,True,sports_fees_v3,0.05,1,True,0.15,True,50,4.5,1000,1000,0.0,0,0,1791046800163,,0.01,5,,,0.0,0.0,0.0,0.0,0.0,,0.0,,,,,,2026-10-03T18:28:27.806597+00:00
1122148,W15 Trelew: Ana Sofia Sanchez vs Luciana Moyano,itf,W15 Trelew,itf,in_play,86.4,,,0x96a57ad46168079f608f4e22be746870f17c5420cacedcd71f843669cc7011be,tennis_first_set_totals,W15 Trelew: Ana Sofia Sanchez vs Luciana Moyano Set 1 O/U 10.5,1,0.01,5,True,sports_fees_v3,0.05,1,True,0.15,True,50,4.5,1000,1000,0.0,0,0,1791046800130,,0.01,5,,,0.0,0.0,0.0,0.0,0.0,,0.0,,,,,,2026-10-03T18:28:27.806597+00:00
1122148,W15 Trelew: Ana Sofia Sanchez vs Luciana Moyano,itf,W15 Trelew,itf,in_play,86.4,,,0x0e02d1bb5c1784e400a2535de40470fbe58059d8fe25ba735bed30b6201853f9,tennis_set_games_totals,W15 Trelew: Ana Sofia Sanchez vs Luciana Moyano Set 2 O/U 8.5,1,0.01,5,True,sports_fees_v3,0.05,1,True,0.15,True,50,4.5,1000,1000,0.0,0,0,1791046800336,,0.01,5,,,0.0,0.0,0.0,0.0,0.0,,0.0,,,,,,2026-10-03T18:28:27.806597+00:00
1122148,W15 Trelew: Ana Sofia Sanchez vs Luciana Moyano,itf,W15 Trelew,itf,in_play,86.4,,,0x57824563ef4505e19f27ace77ae62a1ab2b1c0db5fd1db15b6642203e697ffb7,tennis_set_games_totals,W15 Trelew: Ana Sofia Sanchez vs Luciana Moyano Set 2 O/U 9.5,1,0.01,5,True,sports_fees_v3,0.05,1,True,0.15,True,50,4.5,1000,1000,0.0,0,0,1791046800010,,0.01,5,,,0.0,0.0,0.0,0.0,0.0,,0.0,,,,,,2026-10-03T18:28:27.806597+00:00
1122148,W15 Trelew: Ana Sofia Sanchez vs Luciana Moyano,itf,W15 Trelew,itf,in_play,86.4,,,0xf7e10a859ab00cac5fa0ab486d45c876d4a8fa84ae3a2d4c33398af7935f80f3,tennis_set_games_totals,W15 Trelew: Ana Sofia Sanchez vs Luciana Moyano Set 2 O/U 10.5,1,0.01,5,True,sports_fees_v3,0.05,1,True,0.15,True,50,4.5,1000,1000,0.0,0,0,1791046801011,,0.01,5,,,0.0,0.0,0.0,0.0,0.0,,0.0,,,,,,2026-10-03T18:28:27.806597+00:00
1122148,W15 Trelew: Ana Sofia Sanchez vs Luciana Moyano,itf,W15 Trelew,itf,in_play,86.4,,,0x47524dff7f35100fdb02f4687c123a98c69b59af40df26c4ee3e99cb4871b9f9,tennis_match_totals,W15 Trelew: Ana Sofia Sanchez vs Luciana Moyano Match O/U 21.5,1,0.01,5,True,sports_fees_v3,0.05,1,True,0.15,True,50,4.5,1000,1000,0.0,0,0,1791048009641,,0.01,5,,,0.0,0.0,0.0,0.0,0.0,,0.0,,,,,,2026-10-03T18:28:27.806597+00:00
1122148,W15 Trelew: Ana Sofia Sanchez vs Luciana Moyano,itf,W15 Trelew,itf,in_play,86.4,,,0x39a243e38c406a3b1dd76eebbca8e09febf1a3ebff9e52bf1966bc4ca164b4f9,tennis_match_totals,W15 Trelew: Ana Sofia Sanchez vs Luciana Moyano Match O/U 22.5,1,0.01,5,True,sports_fees_v3,0.05,1,True,0.15,True,50,4.5,1000,1000,0.0,0,0,1791048009641,,0.01,5,,,0.0,0.0,0.0,0.0,0.0,,0.0,,,,,,2026-10-03T18:28:27.806597+00:00
1122148,W15 Trelew: Ana Sofia Sanchez vs Luciana Moyano,itf,W15 Trelew,itf,in_play,86.4,,,0xbebdfffbc8fbea0958e0497de5bceb0381dcc3534c66d3e234c18693d33c1163,tennis_match_totals,W15 Trelew: Ana Sofia Sanchez vs Luciana Moyano Match O/U 23.5,1,0.01,5,True,sports_fees_v3,0.05,1,True,0.15,True,50,4.5,1000,1000,0.0,0,0,1791048009641,,0.01,5,,,0.0,0.0,0.0,0.0,0.0,,0.0,,,,,,2026-10-03T18:28:27.806597+00:00
1122148,W15 Trelew: Ana Sofia Sanchez vs Luciana Moyano,itf,W15 Trelew,itf,in_play,86.4,,,0xc50633b0fe4123deeef4411cfdcd43e3aae76573afc0595801a68b55d2cb8497,tennis_set_handicap,W15 Trelew: Ana Sofia Sanchez vs Luciana Moyano Set Handicap +/-1.5,1,0.01,5,True,sports_fees_v3,0.05,1,True,0.15,True,50,4.5,1000,1000,0.0,0,0,1791048009641,,0.01,5,,,0.0,0.0,0.0,0.0,0.0,,0.0,,,,,,2026-10-03T18:28:27.806597+00:00
1122148,W15 Trelew: Ana Sofia Sanchez vs Luciana Moyano,itf,W15 Trelew,itf,in_play,86.4,,,0x2d1416068326bbe288156b55daf91cc6e9636c9be971b913ad09c5bfa078d6c2,tennis_set_handicap,W15 Trelew: Ana Sofia Sanchez vs Luciana Moyano Set Handicap +/-1.5,1,0.01,5,True,sports_fees_v3,0.05,1,True,0.15,True,50,4.5,1000,1000,0.0,0,0,1791048009641,,0.01,5,,,0.0,0.0,0.0,0.0,0.0,,0.0,,,,,,2026-10-03T18:28:27.806597+00:00
1122147,W15 Trelew: Leyla Fiorella Britez Risso vs Maria Florencia Urrutia,itf,W15 Trelew,itf,in_play,146.4,,,0xefa088114158f947f0539af630648677dd6fcafb08584943cb162a11695a0e3c,tennis_completed_match,Completed Match,1,0.001,5,True,sports_fees_v3,0.05,1,True,0.15,True,50,4.5,1000,1000,260.0,6,0,1791051918014,0.970,0.001,5,0.999,,106.0,0.0,105.894,0.0,0.0,,373.7937,,,,,,2026-10-03T18:28:27.806597+00:00
1122147,W15 Trelew: Leyla Fiorella Britez Risso vs Maria Florencia Urrutia,itf,W15 Trelew,itf,in_play,146.4,,,0x8d17bbb957f6209abde59d1c1199af1414278f8edf409687a92efc09f760d8bb,tennis_first_set_winner,W15 Trelew: Leyla Fiorella Britez Risso vs Maria Florencia Urrutia Set 1 Winner,1,0.001,5,True,sports_fees_v3,0.05,1,True,0.15,True,50,4.5,1000,1000,0.0,4,0,1791052103370,,0.001,5,0.99,,5.0,0.0,4.95,0.0,0.0,,179.6962,,,,,,2026-10-03T18:28:27.806597+00:00
1122147,W15 Trelew: Leyla Fiorella Britez Risso vs Maria Florencia Urrutia,itf,W15 Trelew,itf,in_play,146.4,,,0xcbe09b466ab14b382e85bfb77d15d756b76656f4ee6b78e31b543bab7a1ca81a,tennis_set_winner,W15 Trelew: Leyla Fiorella Britez Risso vs Maria Florencia Urrutia Set 2 Winner,1,0.001,5,True,sports_fees_v3,0.05,1,True,0.15,True,50,4.5,1000,1000,0.0,5,0,1791052079609,,0.001,5,0.991,,30.8,0.0,30.5228,0.0,0.0,,3685.1189999999997,,,,,,2026-10-03T18:28:27.806597+00:00
1122147,W15 Trelew: Leyla Fiorella Britez Risso vs Maria Florencia Urrutia,itf,W15 Trelew,itf,in_play,146.4,,,0x5f2023e6649ca4879cb0b4c2cd80504dd31297ca1467b89181503cfde2783c73,tennis_set_totals,W15 Trelew: Leyla Fiorella Britez Risso vs Maria Florencia Urrutia Total Sets: O/U 2.5,1,0.001,5,True,sports_fees_v3,0.05,1,True,0.15,True,50,4.5,1000,1000,0.0,0,2,1791051918017,,0.001,5,,0.01,0.0,3510.0,0.0,3474.9,35.1,,1080.1,,,,,,2026-10-03T18:28:27.806597+00:00
1122147,W15 Trelew: Leyla Fiorella Britez Risso vs Maria Florencia Urrutia,itf,W15 Trelew,itf,in_play,146.4,,,0x5e71260ba1e27e1a783a0838c45dbea3b705d06830e53c3daae5dbcce0c34a54,tennis_first_set_totals,W15 Trelew: Leyla Fiorella Britez Risso vs Maria Florencia Urrutia Set 1 O/U 8.5,1,0.001,5,True,sports_fees_v3,0.05,1,True,0.15,True,50,4.5,1000,1000,0.0,2,0,1791052038117,,0.001,5,0.07,,5.0,0.0,0.35000000000000003,0.0,0.0,,55.35,,,,,,2026-10-03T18:28:27.806597+00:00
1122147,W15 Trelew: Leyla Fiorella Britez Risso vs Maria Florencia Urrutia,itf,W15 Trelew,itf,in_play,146.4,,,0xbed87d23c10e1e5e4e519ff24a529a71cf7eba81a6f7ae039d34c0639af021ad,tennis_first_set_totals,W15 Trelew: Leyla Fiorella Britez Risso vs Maria Florencia Urrutia Set 1 O/U 9.5,1,0.001,5,True,sports_fees_v3,0.05,1,True,0.15,True,50,4.5,1000,1000,0.0,2,0,1791051918015,,0.001,5,0.06,,5.0,0.0,0.3,0.0,0.0,,55.3,,,,,,2026-10-03T18:28:27.806597+00:00
1122147,W15 Trelew: Leyla Fiorella Britez Risso vs Maria Florencia Urrutia,itf,W15 Trelew,itf,in_play,146.4,,,0xa8a708b04b148476037abb0ef728abdb24cd842ff3d3ccd4b96ad6cd60ee17d8,tennis_first_set_totals,W15 Trelew: Leyla Fiorella Britez Risso vs Maria Florencia Urrutia Set 1 O/U 10.5,1,0.001,5,True,sports_fees_v3,0.05,1,True,0.15,True,50,4.5,1000,1000,0.0,2,0,1791051918016,,0.001,5,0.07,,5.0,0.0,0.35000000000000003,0.0,0.0,,55.35,,,,,,2026-10-03T18:28:27.806597+00:00
1122147,W15 Trelew: Leyla Fiorella Britez Risso vs Maria Florencia Urrutia,itf,W15 Trelew,itf,in_play,146.4,,,0xf5b27e69fe9c9546f4ca6230ea9e376bbcc6283a27182cd8ef3ee83000e4fca0,tennis_set_games_totals,W15 Trelew: Leyla Fiorella Britez Risso vs Maria Florencia Urrutia Set 2 O/U 8.5,1,0.001,5,True,sports_fees_v3,0.05,1,True,0.15,True,50,4.5,1000,1000,0.0,0,2,1791051918016,,0.001,5,,0.01,0.0,3515.0,0.0,3479.85,35.15,,1080.15,,,,,,2026-10-03T18:28:27.806597+00:00
1122147,W15 Trelew: Leyla Fiorella Britez Risso vs Maria Florencia Urrutia,itf,W15 Trelew,itf,in_play,146.4,,,0x05f3f6c9554a105b8195ea16c9cd294b0b9605638001272ddf5755e1930c94f0,tennis_set_games_totals,W15 Trelew: Leyla Fiorella Britez Risso vs Maria Florencia Urrutia Set 2 O/U 9.5,1,0.001,5,True,sports_fees_v3,0.05,1,True,0.15,True,50,4.5,1000,1000,0.0,0,2,1791051918014,,0.001,5,,0.01,0.0,3515.0,0.0,3479.85,35.15,,1080.15,,,,,,2026-10-03T18:28:27.806597+00:00
1122147,W15 Trelew: Leyla Fiorella Britez Risso vs Maria Florencia Urrutia,itf,W15 Trelew,itf,in_play,146.4,,,0x98c3f4eb4b8622d6d1f53f05b937e77f8545856cfacd6d8a9f2209e74ee0427d,tennis_set_games_totals,W15 Trelew: Leyla Fiorella Britez Risso vs Maria Florencia Urrutia Set 2 O/U 10.5,1,0.001,5,True,sports_fees_v3,0.05,1,True,0.15,True,50,4.5,1000,1000,0.0,0,2,1791051918017,,0.001,5,,0.01,0.0,3515.0,0.0,3479.85,35.15,,1080.15,,,,,,2026-10-03T18:28:27.806597+00:00
1122147,W15 Trelew: Leyla Fiorella Britez Risso vs Maria Florencia Urrutia,itf,W15 Trelew,itf,in_play,146.4,,,0x8d57af51d965db61cb67112189b49c49bf468431c66fb0c70b84398f84feaf42,tennis_match_totals,W15 Trelew: Leyla Fiorella Britez Risso vs Maria Florencia Urrutia Match O/U 21.5,1,0.001,5,True,sports_fees_v3,0.05,1,True,0.15,True,50,4.5,1000,1000,0.0,0,2,1791051918014,,0.001,5,,0.01,0.0,3510.0,0.0,3474.9,35.1,,1080.1,,,,,,2026-10-03T18:28:27.806597+00:00
1122147,W15 Trelew: Leyla Fiorella Britez Risso vs Maria Florencia Urrutia,itf,W15 Trelew,itf,in_play,146.4,,,0xfc06daecb4be6cdb0bd8804066b2be95bc927364efb6e9781a967d35de3c23da,tennis_match_totals,W15 Trelew: Leyla Fiorella Britez Risso vs Maria Florencia Urrutia Match O/U 22.5,1,0.001,5,True,sports_fees_v3,0.05,1,True,0.15,True,50,4.5,1000,1000,0.0,0,2,1791051918014,,0.001,5,,0.01,0.0,3510.0,0.0,3474.9,35.1,,1080.1,,,,,,2026-10-03T18:28:27.806597+00:00
1122147,W15 Trelew: Leyla Fiorella Britez Risso vs Maria Florencia Urrutia,itf,W15 Trelew,itf,in_play,146.4,,,0xd4f05daadaf982966ec4643bf6211a45e0fbb371d85dec9ae4b9c7a26db9ebc6,tennis_match_totals,W15 Trelew: Leyla Fiorella Britez Risso vs Maria Florencia Urrutia Match O/U 23.5,1,0.001,5,True,sports_fees_v3,0.05,1,True,0.15,True,50,4.5,1000,1000,0.0,0,2,1791051918017,,0.001,5,,0.01,0.0,3510.0,0.0,3474.9,35.1,,1080.1,,,,,,2026-10-03T18:28:27.806597+00:00
1122147,W15 Trelew: Leyla Fiorella Britez Risso vs Maria Florencia Urrutia,itf,W15 Trelew,itf,in_play,146.4,,,0x12dd9c7403fadcbfb1c2eeed71f52200096df380fa5ab848c61992195c535e3e,tennis_set_handicap,W15 Trelew: Leyla Fiorella Britez Risso vs Maria Florencia Urrutia Set Handicap +/-1.5,1,0.001,5,True,sports_fees_v3,0.05,1,True,0.15,True,50,4.5,1000,1000,1.851852,5,0,1791052074835,0.460,0.001,5,0.991,,77.0,0.0,76.307,0.0,0.0,,2666.574,,,,,,2026-10-03T18:28:27.806597+00:00
1122147,W15 Trelew: Leyla Fiorella Britez Risso vs Maria Florencia Urrutia,itf,W15 Trelew,itf,in_play,146.4,,,0x9f2db94f9d807a194647585262936f1ed08e2e47f769bb2fd965036d3d6c85ad,tennis_set_handicap,W15 Trelew: Leyla Fiorella Britez Risso vs Maria Florencia Urrutia Set Handicap +/-1.5,1,0.001,5,True,sports_fees_v3,0.05,1,True,0.15,True,50,4.5,1000,1000,0.0,0,5,1791052074084,,0.001,5,,0.009,0.0,77.0,0.0,76.307,0.693,,101887.426,,,,,,2026-10-03T18:28:27.806597+00:00
1122150,"W15 Nashville, TN: Ashton Bowers vs Astra Sharma",itf,"W15 Nashville, TN",itf,in_play,26.4,,,0x2e15e774ac056cc0ba51427ee4489c557b1f95fd8e1f9b7e9d6ee8efcc8171ba,tennis_completed_match,Completed Match,1,0.01,5,True,sports_fees_v3,0.05,1,True,0.15,True,50,4.5,1000,1000,660.0,3,0,1791050567973,0.960,0.01,5,0.03,,55.55,0.0,1.6664999999999999,0.0,0.0,,4.9997,,,,,,2026-10-03T18:28:27.806597+00:00
1122150,"W15 Nashville, TN: Ashton Bowers vs Astra Sharma",itf,"W15 Nashville, TN",itf,in_play,26.4,,,0xdeff7e12ee005d25ef8805f35ada149f5f81bed9daf8669e07abc55a3a8f9edb,tennis_first_set_winner,"W15 Nashville, TN: Ashton Bowers vs Astra Sharma Set 1 Winner",1,0.01,5,True,sports_fees_v3,0.05,1,True,0.15,True,50,4.5,1000,1000,0.0,0,0,1791051601764,,0.01,5,,,0.0,0.0,0.0,0.0,0.0,,0.0,,,,,,2026-10-03T18:28:27.806597+00:00
1122150,"W15 Nashville, TN: Ashton Bowers vs Astra Sharma",itf,"W15 Nashville, TN",itf,in_play,26.4,,,0xbbc91fd5eb4aaca6c5ab40a69ae1276952019e491a57daa77ca5458746f878fb,tennis_set_winner,"W15 Nashville, TN: Ashton Bowers vs Astra Sharma Set 2 Winner",1,0.01,5,True,sports_fees_v3,0.05,1,True,0.15,True,50,4.5,1000,1000,0.0,0,0,1791050402849,,0.01,5,,,0.0,0.0,0.0,0.0,0.0,,0.0,,,,,,2026-10-03T18:28:27.806597+00:00
1122150,"W15 Nashville, TN: Ashton Bowers vs Astra Sharma",itf,"W15 Nashville, TN",itf,in_play,26.4,,,0xee36ff4a178ee5c1ea8bb94af9d2902ee9436ee38ff9a4973ac4520cdf204868,tennis_set_totals,"W15 Nashville, TN: Ashton Bowers vs Astra Sharma Total Sets: O/U 2.5",1,0.01,5,True,sports_fees_v3,0.05,1,True,0.15,True,50,4.5,1000,1000,0.0,0,0,1791051601764,,0.01,5,,,0.0,0.0,0.0,0.0,0.0,,0.0,,,,,,2026-10-03T18:28:27.806597+00:00
1122150,"W15 Nashville, TN: Ashton Bowers vs Astra Sharma",itf,"W15 Nashville, TN",itf,in_play,26.4,,,0xb932340998ddf59c67f8b3ff3715a828173adc3320169965af2508efc52b27c0,tennis_first_set_totals,"W15 Nashville, TN: Ashton Bowers vs Astra Sharma Set 1 O/U 8.5",1,0.01,5,True,sports_fees_v3,0.05,1,True,0.15,True,50,4.5,1000,1000,0.0,0,0,1791050403795,,0.01,5,,,0.0,0.0,0.0,0.0,0.0,,0.0,,,,,,2026-10-03T18:28:27.806597+00:00
1122150,"W15 Nashville, TN: Ashton Bowers vs Astra Sharma",itf,"W15 Nashville, TN",itf,in_play,26.4,,,0xdfcd23feec489762dcb51e06165221e3b932b7c737734bfc45db2a96c3e48059,tennis_first_set_totals,"W15 Nashville, TN: Ashton Bowers vs Astra Sharma Set 1 O/U 9.5",1,0.01,5,True,sports_fees_v3,0.05,1,True,0.15,True,50,4.5,1000,1000,0.0,0,0,1791050400904,,0.01,5,,,0.0,0.0,0.0,0.0,0.0,,0.0,,,,,,2026-10-03T18:28:27.806597+00:00
1122150,"W15 Nashville, TN: Ashton Bowers vs Astra Sharma",itf,"W15 Nashville, TN",itf,in_play,26.4,,,0x2f72e88fcfd7dbb0878543119fb159835c7521ee7e9d75e4c7a02f2a8337bcc6,tennis_first_set_totals,"W15 Nashville, TN: Ashton Bowers vs Astra Sharma Set 1 O/U 10.5",1,0.01,5,True,sports_fees_v3,0.05,1,True,0.15,True,50,4.5,1000,1000,0.0,0,0,1791050403569,,0.01,5,,,0.0,0.0,0.0,0.0,0.0,,0.0,,,,,,2026-10-03T18:28:27.806597+00:00
1122150,"W15 Nashville, TN: Ashton Bowers vs Astra Sharma",itf,"W15 Nashville, TN",itf,in_play,26.4,,,0x9cbebb5c471f4a84983a7a00313975ccd46398299c2c06185459138169a2d4ab,tennis_set_games_totals,"W15 Nashville, TN: Ashton Bowers vs Astra Sharma Set 2 O/U 8.5",1,0.01,5,True,sports_fees_v3,0.05,1,True,0.15,True,50,4.5,1000,1000,0.0,0,0,1791050402279,,0.01,5,,,0.0,0.0,0.0,0.0,0.0,,0.0,,,,,,2026-10-03T18:28:27.806597+00:00
1122150,"W15 Nashville, TN: Ashton Bowers vs Astra Sharma",itf,"W15 Nashville, TN",itf,in_play,26.4,,,0x764cb2a88c71fdc14294ece18b861987ef084d4ad3c0892e5595855b31da04e6,tennis_set_games_totals,"W15 Nashville, TN: Ashton Bowers vs Astra Sharma Set 2 O/U 9.5",1,0.01,5,True,sports_fees_v3,0.05,1,True,0.15,True,50,4.5,1000,1000,0.0,0,0,1791050402025,,0.01,5,,,0.0,0.0,0.0,0.0,0.0,,0.0,,,,,,2026-10-03T18:28:27.806597+00:00
1122150,"W15 Nashville, TN: Ashton Bowers vs Astra Sharma",itf,"W15 Nashville, TN",itf,in_play,26.4,,,0xa7e00fe1f124a7bef606629d8222dcaefd2128f0fd4c69c8441e5e0ad6760303,tennis_set_games_totals,"W15 Nashville, TN: Ashton Bowers vs Astra Sharma Set 2 O/U 10.5",1,0.01,5,True,sports_fees_v3,0.05,1,True,0.15,True,50,4.5,1000,1000,0.0,0,0,1791050401555,,0.01,5,,,0.0,0.0,0.0,0.0,0.0,,0.0,,,,,,2026-10-03T18:28:27.806597+00:00
1122150,"W15 Nashville, TN: Ashton Bowers vs Astra Sharma",itf,"W15 Nashville, TN",itf,in_play,26.4,,,0xd75dc60ed796a621127dd4868199710cc5d4bff3bf8510bf5aa4adbd35142e15,tennis_match_totals,"W15 Nashville, TN: Ashton Bowers vs Astra Sharma Match O/U 21.5",1,0.01,5,True,sports_fees_v3,0.05,1,True,0.15,True,50,4.5,1000,1000,0.0,0,0,1791051601764,,0.01,5,,,0.0,0.0,0.0,0.0,0.0,,0.0,,,,,,2026-10-03T18:28:27.806597+00:00
1122150,"W15 Nashville, TN: Ashton Bowers vs Astra Sharma",itf,"W15 Nashville, TN",itf,in_play,26.4,,,0x0e35fdde172b037d1f548b78f2e5c1fddcb581e1b568ad49e761c5a96f2fbe7d,tennis_match_totals,"W15 Nashville, TN: Ashton Bowers vs Astra Sharma Match O/U 22.5",1,0.01,5,True,sports_fees_v3,0.05,1,True,0.15,True,50,4.5,1000,1000,0.0,0,0,1791051601764,,0.01,5,,,0.0,0.0,0.0,0.0,0.0,,0.0,,,,,,2026-10-03T18:28:27.806597+00:00
1122150,"W15 Nashville, TN: Ashton Bowers vs Astra Sharma",itf,"W15 Nashville, TN",itf,in_play,26.4,,,0xc6ff1b2febc240c88b0bfb36d793cec70d6c882bb925363a7fbf0674e2a1d8ed,tennis_match_totals,"W15 Nashville, TN: Ashton Bowers vs Astra Sharma Match O/U 23.5",1,0.01,5,True,sports_fees_v3,0.05,1,True,0.15,True,50,4.5,1000,1000,0.0,0,0,1791051601764,,0.01,5,,,0.0,0.0,0.0,0.0,0.0,,0.0,,,,,,2026-10-03T18:28:27.806597+00:00
1122150,"W15 Nashville, TN: Ashton Bowers vs Astra Sharma",itf,"W15 Nashville, TN",itf,in_play,26.4,,,0xb57e1ecf784d24283abf371f5cb753aa62af5f8e8b17e79246c36c23127e9cae,tennis_set_handicap,"W15 Nashville, TN: Ashton Bowers vs Astra Sharma Set Handicap +/-1.5",1,0.01,5,True,sports_fees_v3,0.05,1,True,0.15,True,50,4.5,1000,1000,0.0,0,0,1791051601764,,0.01,5,,,0.0,0.0,0.0,0.0,0.0,,0.0,,,,,,2026-10-03T18:28:27.806597+00:00
1122150,"W15 Nashville, TN: Ashton Bowers vs Astra Sharma",itf,"W15 Nashville, TN",itf,in_play,26.4,,,0xe4b96b9eacef5c4e0e83f1742fe9f4934d36705838b44f7b62edc27c4381f993,tennis_set_handicap,"W15 Nashville, TN: Ashton Bowers vs Astra Sharma Set Handicap +/-1.5",1,0.01,5,True,sports_fees_v3,0.05,1,True,0.15,True,50,4.5,1000,1000,0.0,0,0,1791051601764,,0.01,5,,,0.0,0.0,0.0,0.0,0.0,,0.0,,,,,,2026-10-03T18:28:27.806597+00:00
1122096,"M15 Fayetteville, AR: Theo Papamalamis vs Alexander Rozin",itf,"M15 Fayetteville, AR",itf,in_play,206.4,,,0xf46a17842cee05f089a2a4fc0f3abd809a6b992691e7404ba33405e203ad8551,tennis_completed_match,Completed Match,1,0.001,5,True,sports_fees_v3,0.05,1,True,0.15,True,50,4.5,1000,1000,0.0,5,0,1791050341815,,0.001,5,0.99,,210.0,0.0,207.9,0.0,0.0,,267.8997,,,,,,2026-10-03T18:28:27.806597+00:00
1122096,"M15 Fayetteville, AR: Theo Papamalamis vs Alexander Rozin",itf,"M15 Fayetteville, AR",itf,in_play,206.4,,,0x07f535bda332086ff855585a3a661aeced83a6d151370cd387198f0effeb5b9c,tennis_first_set_winner,"M15 Fayetteville, AR: Theo Papamalamis vs Alexander Rozin Set 1 Winner",1,0.001,5,True,sports_fees_v3,0.05,1,True,0.15,True,50,4.5,1000,1000,0.0,4,0,1791052049155,,0.001,5,0.99,,5.0,0.0,4.95,0.0,0.0,,179.6962,,,,,,2026-10-03T18:28:27.806597+00:00
1122096,"M15 Fayetteville, AR: Theo Papamalamis vs Alexander Rozin",itf,"M15 Fayetteville, AR",itf,in_play,206.4,,,0xdd2a70d5dedf42836333f5568b19dfb998686d6aaccfc7beb32255dd5fe8c021,tennis_set_winner,"M15 Fayetteville, AR: Theo Papamalamis vs Alexander Rozin Set 2 Winner",1,0.001,5,True,sports_fees_v3,0.05,1,True,0.15,True,50,4.5,1000,1000,0.0,5,0,1791052050568,,0.001,5,0.991,,30.8,0.0,30.5228,0.0,0.0,,3685.1189999999997,,,,,,2026-10-03T18:28:27.806597+00:00
1122096,"M15 Fayetteville, AR: Theo Papamalamis vs Alexander Rozin",itf,"M15 Fayetteville, AR",itf,in_play,206.4,,,0xd0ea97e569de9da796847ea4cac2629e945c9b83891f8a75d633189ed330eac5,tennis_set_totals,"M15 Fayetteville, AR: Theo Papamalamis vs Alexander Rozin Total Sets: O/U 2.5",1,0.001,5,True,sports_fees_v3,0.05,1,True,0.15,True,50,4.5,1000,1000,0.0,0,2,1791050061834,,0.001,5,,0.01,0.0,3510.0,0.0,3474.9,35.1,,1080.1,,,,,,2026-10-03T18:28:27.806597+00:00
1122096,"M15 Fayetteville, AR: Theo Papamalamis vs Alexander Rozin",itf,"M15 Fayetteville, AR",itf,in_play,206.4,,,0x66561fc1dec8594a2fc592d38259d2a8fd4ea8337e6e8eb2f94d1bc2e109abcb,tennis_first_set_totals,"M15 Fayetteville, AR: Theo Papamalamis vs Alexander Rozin Set 1 O/U 8.5",1,0.001,5,True,sports_fees_v3,0.05,1,True,0.15,True,50,4.5,1000,1000,0.0,2,0,1791049789115,,0.001,5,0.99,,5.0,0.0,4.95,0.0,0.0,,59.95,,,,,,2026-10-03T18:28:27.806597+00:00
1122096,"M15 Fayetteville, AR: Theo Papamalamis vs Alexander Rozin",itf,"M15 Fayetteville, AR",itf,in_play,206.4,,,0x0f5a00b08e75fbffc111f711a9343e0edc99807bd16ce22ec8294512fc8f7025,tennis_first_set_totals,"M15 Fayetteville, AR: Theo Papamalamis vs Alexander Rozin Set 1 O/U 9.5",1,0.001,5,True,sports_fees_v3,0.05,1,True,0.15,True,50,4.5,1000,1000,0.0,0,2,1791049789115,,0.001,5,,0.01,0.0,5.0,0.0,4.95,0.05,,1045.05,,,,,,2026-10-03T18:28:27.806597+00:00
1122096,"M15 Fayetteville, AR: Theo Papamalamis vs Alexander Rozin",itf,"M15 Fayetteville, AR",itf,in_play,206.4,,,0xe43cd0e516938170cbbf931282d99167f7bc0fa7306d8476cbbee9f3a2d24e2e,tennis_first_set_totals,"M15 Fayetteville, AR: Theo Papamalamis vs Alexander Rozin Set 1 O/U 10.5",1,0.001,5,True,sports_fees_v3,0.05,1,True,0.15,True,50,4.5,1000,1000,0.0,0,2,1791050771266,,0.001,5,,0.01,0.0,5.0,0.0,4.95,0.05,,1045.05,,,,,,2026-10-03T18:28:27.806597+00:00
1122096,"M15 Fayetteville, AR: Theo Papamalamis vs Alexander Rozin",itf,"M15 Fayetteville, AR",itf,in_play,206.4,,,0x6a2806c2b8995d1f25d835fedaff1b7221e24a50cfb9b00b2862ad142b1df818,tennis_set_games_totals,"M15 Fayetteville, AR: Theo Papamalamis vs Alexander Rozin Set 2 O/U 8.5",1,0.001,5,True,sports_fees_v3,0.05,1,True,0.15,True,50,4.5,1000,1000,0.0,0,2,1791050571371,,0.001,5,,0.01,0.0,3515.0,0.0,3479.85,35.15,,1080.15,,,,,,2026-10-03T18:28:27.806597+00:00
1122096,"M15 Fayetteville, AR: Theo Papamalamis vs Alexander Rozin",itf,"M15 Fayetteville, AR",itf,in_play,206.4,,,0x38db9c25673ba97e78e07253ead2c3b6531b47867f1c0e5a56b8ee687852355b,tennis_set_games_totals,"M15 Fayetteville, AR: Theo Papamalamis vs Alexander Rozin Set 2 O/U 9.5",1,0.001,5,True,sports_fees_v3,0.05,1,True,0.15,True,50,4.5,1000,1000,0.0,0,2,1791050571371,,0.001,5,,0.01,0.0,3515.0,0.0,3479.85,35.15,,1080.15,,,,,,2026-10-03T18:28:27.806597+00:00
1122096,"M15 Fayetteville, AR: Theo Papamalamis vs Alexander Rozin",itf,"M15 Fayetteville, AR",itf,in_play,206.4,,,0x77b27fc6f3a238c95d08ed9c46040a539c63726eb5a7b4ea3d773a68a90ec282,tennis_set_games_totals,"M15 Fayetteville, AR: Theo Papamalamis vs Alexander Rozin Set 2 O/U 10.5",1,0.001,5,True,sports_fees_v3,0.05,1,True,0.15,True,50,4.5,1000,1000,0.0,0,2,1791050571371,,0.001,5,,0.01,0.0,3515.0,0.0,3479.85,35.15,,1080.15,,,,,,2026-10-03T18:28:27.806597+00:00
1122096,"M15 Fayetteville, AR: Theo Papamalamis vs Alexander Rozin",itf,"M15 Fayetteville, AR",itf,in_play,206.4,,,0x9f881da73f68b2c184c820c46b751f8cf01516affd846f90a6cc698b3f0cbf6c,tennis_match_totals,"M15 Fayetteville, AR: Theo Papamalamis vs Alexander Rozin Match O/U 21.5",1,0.001,5,True,sports_fees_v3,0.05,1,True,0.15,True,50,4.5,1000,1000,25.0,0,4,1791050072366,0.530,0.001,5,,0.001,0.0,25.0,0.0,24.975,0.025,,1112.875,,,,,,2026-10-03T18:28:27.806597+00:00
1122096,"M15 Fayetteville, AR: Theo Papamalamis vs Alexander Rozin",itf,"M15 Fayetteville, AR",itf,in_play,206.4,,,0x849b3a41e39902402d38694a8b83bd965947dc98db79feeed1aa01f01cd09d5c,tennis_match_totals,"M15 Fayetteville, AR: Theo Papamalamis vs Alexander Rozin Match O/U 22.5",1,0.001,5,True,sports_fees_v3,0.05,1,True,0.15,True,50,4.5,1000,1000,0.0,0,3,1791050072327,,0.001,5,,0.01,0.0,3510.0,0.0,3474.9,35.1,,1112.85,,,,,,2026-10-03T18:28:27.806597+00:00
1122096,"M15 Fayetteville, AR: Theo Papamalamis vs Alexander Rozin",itf,"M15 Fayetteville, AR",itf,in_play,206.4,,,0x9b3b17a5395b5f01dafe6665b60aaf975bb8964fce74f73fb2720b0ad68d01de,tennis_match_totals,"M15 Fayetteville, AR: Theo Papamalamis vs Alexander Rozin Match O/U 23.5",1,0.001,5,True,sports_fees_v3,0.05,1,True,0.15,True,50,4.5,1000,1000,0.0,0,3,1791050076936,,0.001,5,,0.01,0.0,3510.0,0.0,3474.9,35.1,,1112.85,,,,,,2026-10-03T18:28:27.806597+00:00
1122096,"M15 Fayetteville, AR: Theo Papamalamis vs Alexander Rozin",itf,"M15 Fayetteville, AR",itf,in_play,206.4,,,0xee0fb50db47b17666b13d5633c684df2b58244d3b02606c952f0e35041d96f2c,tennis_set_handicap,"M15 Fayetteville, AR: Theo Papamalamis vs Alexander Rozin Set Handicap +/-1.5",1,0.001,5,True,sports_fees_v3,0.05,1,True,0.15,True,50,4.5,1000,1000,0.0,7,0,1791052057776,,0.001,5,0.991,,77.0,0.0,76.307,0.0,0.0,,2851.1890000000003,,,,,,2026-10-03T18:28:27.806597+00:00
1122096,"M15 Fayetteville, AR: Theo Papamalamis vs Alexander Rozin",itf,"M15 Fayetteville, AR",itf,in_play,206.4,,,0xb24144c0089be2c9593d610d0bdc719caea72ae7ad47654fecb2341d52421f4c,tennis_set_handicap,"M15 Fayetteville, AR: Theo Papamalamis vs Alexander Rozin Set Handicap +/-1.5",1,0.001,5,True,sports_fees_v3,0.05,1,True,0.15,True,50,4.5,1000,1000,0.0,0,7,1791052104868,,0.001,5,,0.009,0.0,77.0,0.0,76.307,0.693,,101948.811,,,,,,2026-10-03T18:28:27.806597+00:00
1122094,"M15 Fayetteville, AR: Jonah Braswell vs Dominick Mosejczuk",itf,"M15 Fayetteville, AR",itf,in_play,146.4,,,0x33f77dfd6e9b24b190880aecd30dcf29f16139a3709d57de8255c8423118b552,tennis_completed_match,Completed Match,1,0.01,5,True,sports_fees_v3,0.05,1,True,0.15,True,50,4.5,1000,1000,1300.0,3,0,1791045300914,0.970,0.01,5,0.03,,55.55,0.0,1.6664999999999999,0.0,0.0,,7.999700000000001,,,,,,2026-10-03T18:28:27.806597+00:00
1122094,"M15 Fayetteville, AR: Jonah Braswell vs Dominick Mosejczuk",itf,"M15 Fayetteville, AR",itf,in_play,146.4,,,0xfebdb5c73fd17e9503aee3903b5c835c622016570c42a4c7ddade936906f42a8,tennis_first_set_winner,"M15 Fayetteville, AR: Jonah Braswell vs Dominick Mosejczuk Set 1 Winner",1,0.01,5,True,sports_fees_v3,0.05,1,True,0.15,True,50,4.5,1000,1000,0.0,1,0,1791052076002,,0.001,5,0.99,,3510.0,0.0,3474.9,0.0,0.0,,3474.9,,,,,,2026-10-03T18:28:27.806597+00:00
1122094,"M15 Fayetteville, AR: Jonah Braswell vs Dominick Mosejczuk",itf,"M15 Fayetteville, AR",itf,in_play,146.4,,,0xbbbd2b91b37c7c25290e72042daaa84a8458be4122078d5132942e3d01227abb,tennis_set_winner,"M15 Fayetteville, AR: Jonah Braswell vs Dominick Mosejczuk Set 2 Winner",1,0.01,5,True,sports_fees_v3,0.05,1,True,0.15,True,50,4.5,1000,1000,0.0,0,0,1791043204709,,0.01,5,,,0.0,0.0,0.0,0.0,0.0,,0.0,,,,,,2026-10-03T18:28:27.806597+00:00
1122094,"M15 Fayetteville, AR: Jonah Braswell vs Dominick Mosejczuk",itf,"M15 Fayetteville, AR",itf,in_play,146.4,,,0xa466a5dba6982f2cd9080e22da9a34b8f4ac9bd7b77f74bbdf64a8245de4e243,tennis_set_totals,"M15 Fayetteville, AR: Jonah Braswell vs Dominick Mosejczuk Total Sets: O/U 2.5",1,0.01,5,True,sports_fees_v3,0.05,1,True,0.15,True,50,4.5,1000,1000,0.0,0,0,1791044451240,,0.01,5,,,0.0,0.0,0.0,0.0,0.0,,0.0,,,,,,2026-10-03T18:28:27.806597+00:00
1122094,"M15 Fayetteville, AR: Jonah Braswell vs Dominick Mosejczuk",itf,"M15 Fayetteville, AR",itf,in_play,146.4,,,0x0f08fb913b80a52e029ef37e5d717a9cfd72f7283abd811f2f97ea7922d26719,tennis_first_set_totals,"M15 Fayetteville, AR: Jonah Braswell vs Dominick Mosejczuk Set 1 O/U 8.5",1,0.01,5,True,sports_fees_v3,0.05,1,True,0.15,True,50,4.5,1000,1000,0.0,0,1,1791052076000,,0.001,5,,0.01,0.0,3510.0,0.0,3474.9,35.1,,35.1,,,,,,2026-10-03T18:28:27.806597+00:00
1122094,"M15 Fayetteville, AR: Jonah Braswell vs Dominick Mosejczuk",itf,"M15 Fayetteville, AR",itf,in_play,146.4,,,0x5f343327c4f585d71cf0ab2d894f859f9b30d820cd635eb9e5bbb1327e2a9039,tennis_first_set_totals,"M15 Fayetteville, AR: Jonah Braswell vs Dominick Mosejczuk Set 1 O/U 9.5",1,0.01,5,True,sports_fees_v3,0.05,1,True,0.15,True,50,4.5,1000,1000,0.0,0,1,1791052076000,,0.001,5,,0.01,0.0,3510.0,0.0,3474.9,35.1,,35.1,,,,,,2026-10-03T18:28:27.806597+00:00
1122094,"M15 Fayetteville, AR: Jonah Braswell vs Dominick Mosejczuk",itf,"M15 Fayetteville, AR",itf,in_play,146.4,,,0xcb127222af9c3605addafb66e3e8ee766bb4ecdce5ed3bdfc8132c3348b36811,tennis_first_set_totals,"M15 Fayetteville, AR: Jonah Braswell vs Dominick Mosejczuk Set 1 O/U 10.5",1,0.01,5,True,sports_fees_v3,0.05,1,True,0.15,True,50,4.5,1000,1000,0.0,0,1,1791052076002,,0.001,5,,0.01,0.0,3510.0,0.0,3474.9,35.1,,35.1,,,,,,2026-10-03T18:28:27.806597+00:00
1122094,"M15 Fayetteville, AR: Jonah Braswell vs Dominick Mosejczuk",itf,"M15 Fayetteville, AR",itf,in_play,146.4,,,0xf6f5db0b8d2ee824ef40d5782e79e8c24ca15c84e724974f7e65b47d9c6a747e,tennis_set_games_totals,"M15 Fayetteville, AR: Jonah Braswell vs Dominick Mosejczuk Set 2 O/U 8.5",1,0.01,5,True,sports_fees_v3,0.05,1,True,0.15,True,50,4.5,1000,1000,0.0,0,0,1791043206586,,0.01,5,,,0.0,0.0,0.0,0.0,0.0,,0.0,,,,,,2026-10-03T18:28:27.806597+00:00
1122094,"M15 Fayetteville, AR: Jonah Braswell vs Dominick Mosejczuk",itf,"M15 Fayetteville, AR",itf,in_play,146.4,,,0x5099b3530b98bd99dac4bfc4fef76822180a9186f836a7a14a267501ed7001df,tennis_set_games_totals,"M15 Fayetteville, AR: Jonah Braswell vs Dominick Mosejczuk Set 2 O/U 9.5",1,0.01,5,True,sports_fees_v3,0.05,1,True,0.15,True,50,4.5,1000,1000,0.0,0,0,1791043207097,,0.01,5,,,0.0,0.0,0.0,0.0,0.0,,0.0,,,,,,2026-10-03T18:28:27.806597+00:00
1122094,"M15 Fayetteville, AR: Jonah Braswell vs Dominick Mosejczuk",itf,"M15 Fayetteville, AR",itf,in_play,146.4,,,0xedf6ed8691bab40c15de0db7749437ac594a1aca2c9bc1c3cd0efc93a6907212,tennis_set_games_totals,"M15 Fayetteville, AR: Jonah Braswell vs Dominick Mosejczuk Set 2 O/U 10.5",1,0.01,5,True,sports_fees_v3,0.05,1,True,0.15,True,50,4.5,1000,1000,0.0,0,0,1791043200233,,0.01,5,,,0.0,0.0,0.0,0.0,0.0,,0.0,,,,,,2026-10-03T18:28:27.806597+00:00
1122094,"M15 Fayetteville, AR: Jonah Braswell vs Dominick Mosejczuk",itf,"M15 Fayetteville, AR",itf,in_play,146.4,,,0xa832a49a9258df7d2e12fb7436c950a7367e906b41739745a6aed3b717120e15,tennis_match_totals,"M15 Fayetteville, AR: Jonah Braswell vs Dominick Mosejczuk Match O/U 21.5",1,0.01,5,True,sports_fees_v3,0.05,1,True,0.15,True,50,4.5,1000,1000,0.0,0,0,1791044438468,,0.01,5,,,0.0,0.0,0.0,0.0,0.0,,0.0,,,,,,2026-10-03T18:28:27.806597+00:00
1122094,"M15 Fayetteville, AR: Jonah Braswell vs Dominick Mosejczuk",itf,"M15 Fayetteville, AR",itf,in_play,146.4,,,0x003e26d1c31ae50396a497fc3125e0a08dae3fd86aaaf551605dac43f9b2eeb7,tennis_match_totals,"M15 Fayetteville, AR: Jonah Braswell vs Dominick Mosejczuk Match O/U 22.5",1,0.01,5,True,sports_fees_v3,0.05,1,True,0.15,True,50,4.5,1000,1000,0.0,0,0,1791044438882,,0.01,5,,,0.0,0.0,0.0,0.0,0.0,,0.0,,,,,,2026-10-03T18:28:27.806597+00:00
1122094,"M15 Fayetteville, AR: Jonah Braswell vs Dominick Mosejczuk",itf,"M15 Fayetteville, AR",itf,in_play,146.4,,,0x153ec61025782fd3dfdf7f19dffc25dbddecb1e08d4fd8d2875b8613579bcae3,tennis_match_totals,"M15 Fayetteville, AR: Jonah Braswell vs Dominick Mosejczuk Match O/U 23.5",1,0.01,5,True,sports_fees_v3,0.05,1,True,0.15,True,50,4.5,1000,1000,0.0,0,0,1791044439758,,0.01,5,,,0.0,0.0,0.0,0.0,0.0,,0.0,,,,,,2026-10-03T18:28:27.806597+00:00
1122094,"M15 Fayetteville, AR: Jonah Braswell vs Dominick Mosejczuk",itf,"M15 Fayetteville, AR",itf,in_play,146.4,,,0xe9d00b3c1de72ec0a653ac0b879e556af29507c63b9837115910570b164cb266,tennis_set_handicap,"M15 Fayetteville, AR: Jonah Braswell vs Dominick Mosejczuk Set Handicap +/-1.5",1,0.01,5,True,sports_fees_v3,0.05,1,True,0.15,True,50,4.5,1000,1000,0.0,0,0,1791044437258,,0.01,5,,,0.0,0.0,0.0,0.0,0.0,,0.0,,,,,,2026-10-03T18:28:27.806597+00:00
1122094,"M15 Fayetteville, AR: Jonah Braswell vs Dominick Mosejczuk",itf,"M15 Fayetteville, AR",itf,in_play,146.4,,,0x9d30c50e54578f0a3489c429edf06a018e62582421260fa5480bb79474c661fa,tennis_set_handicap,"M15 Fayetteville, AR: Jonah Braswell vs Dominick Mosejczuk Set Handicap +/-1.5",1,0.01,5,True,sports_fees_v3,0.05,1,True,0.15,True,50,4.5,1000,1000,0.0,0,4,1791052103056,,0.01,5,,0.94,0.0,2041.0,0.0,122.46000000000011,1918.54,,60235.708,,,,,,2026-10-03T18:28:27.806597+00:00
1122095,"M15 Ann Arbor, MI: Naoto Tomizawa vs Max Dahlin",itf,"M15 Ann Arbor, MI",itf,in_play,206.4,,,0xdbe4ad86f1db95b4ed2005aac7972f0e822c5f7ca541da154dafa127ea1dfd44,tennis_completed_match,Completed Match,1,0.001,5,True,sports_fees_v3,0.05,1,True,0.15,True,50,4.5,1000,1000,1100.0,6,0,1791048009181,0.990,0.001,5,0.999,,107.0,0.0,106.893,0.0,0.0,,374.7927,,,,,,2026-10-03T18:28:27.806597+00:00
1122095,"M15 Ann Arbor, MI: Naoto Tomizawa vs Max Dahlin",itf,"M15 Ann Arbor, MI",itf,in_play,206.4,,,0x05c7ff17bbd41e91b800cbb8516d24c6a02a4b0039079c1143d2e8744e2d2f41,tennis_set_winner,"M15 Ann Arbor, MI: Naoto Tomizawa vs Max Dahlin Set 2 Winner",1,0.001,5,True,sports_fees_v3,0.05,1,True,0.15,True,50,4.5,1000,1000,0.0,0,5,1791052070829,,0.001,5,,0.009,0.0,30.8,0.0,30.5228,0.2772,,101346.781,,,,,,2026-10-03T18:28:27.806597+00:00
1122095,"M15 Ann Arbor, MI: Naoto Tomizawa vs Max Dahlin",itf,"M15 Ann Arbor, MI",itf,in_play,206.4,,,0x4b55fb3b0f43cb835f9b00d88c93783f8063700193b25b926ce476ba65073e6f,tennis_set_totals,"M15 Ann Arbor, MI: Naoto Tomizawa vs Max Dahlin Total Sets: O/U 2.5",1,0.001,5,True,sports_fees_v3,0.05,1,True,0.15,True,50,4.5,1000,1000,0.0,0,2,1791046187461,,0.001,5,,0.01,0.0,3510.0,0.0,3474.9,35.1,,1080.1,,,,,,2026-10-03T18:28:27.806597+00:00
1122095,"M15 Ann Arbor, MI: Naoto Tomizawa vs Max Dahlin",itf,"M15 Ann Arbor, MI",itf,in_play,206.4,,,0x497a30b71cb67e83d912595b6b8ac319604134408af665dbb3e1e85f5ec18422,tennis_set_games_totals,"M15 Ann Arbor, MI: Naoto Tomizawa vs Max Dahlin Set 2 O/U 8.5",1,0.001,5,True,sports_fees_v3,0.05,1,True,0.15,True,50,4.5,1000,1000,0.0,2,0,1791049150311,,0.001,5,0.99,,3505.0,0.0,3469.95,0.0,0.0,,3524.95,,,,,,2026-10-03T18:28:27.806597+00:00
1122095,"M15 Ann Arbor, MI: Naoto Tomizawa vs Max Dahlin",itf,"M15 Ann Arbor, MI",itf,in_play,206.4,,,0x518c9779cfdf87b4feed162fcc708b670a58d75dfc1f5ac87e228d0aca094bb5,tennis_set_games_totals,"M15 Ann Arbor, MI: Naoto Tomizawa vs Max Dahlin Set 2 O/U 9.5",1,0.001,5,True,sports_fees_v3,0.05,1,True,0.15,True,50,4.5,1000,1000,0.0,0,2,1791049150311,,0.001,5,,0.01,0.0,3505.0,0.0,3469.95,35.050000000000004,,1080.05,,,,,,2026-10-03T18:28:27.806597+00:00
1122095,"M15 Ann Arbor, MI: Naoto Tomizawa vs Max Dahlin",itf,"M15 Ann Arbor, MI",itf,in_play,206.4,,,0x891bb6fe00e8fdc11dbf5d869fbd4053cd52824b28d56dc8cfe085057eb1fde8,tennis_set_games_totals,"M15 Ann Arbor, MI: Naoto Tomizawa vs Max Dahlin Set 2 O/U 10.5",1,0.001,5,True,sports_fees_v3,0.05,1,True,0.15,True,50,4.5,1000,1000,0.0,0,2,1791050771526,,0.001,5,,0.01,0.0,3505.0,0.0,3469.95,35.050000000000004,,1080.05,,,,,,2026-10-03T18:28:27.806597+00:00
1122095,"M15 Ann Arbor, MI: Naoto Tomizawa vs Max Dahlin",itf,"M15 Ann Arbor, MI",itf,in_play,206.4,,,0x4b4018aea37aee1c87c9d143877c47bdf9e27d86173f7d22bc55523ca2f9e503,tennis_match_totals,"M15 Ann Arbor, MI: Naoto Tomizawa vs Max Dahlin Match O/U 21.5",1,0.001,5,True,sports_fees_v3,0.05,1,True,0.15,True,50,4.5,1000,1000,0.0,0,2,1791046187394,,0.001,5,,0.01,0.0,3510.0,0.0,3474.9,35.1,,1080.1,,,,,,2026-10-03T18:28:27.806597+00:00
1122095,"M15 Ann Arbor, MI: Naoto Tomizawa vs Max Dahlin",itf,"M15 Ann Arbor, MI",itf,in_play,206.4,,,0x6186eea14d313e8971c09c92caf1a2b2f7c3dea076311ea03b713d74a4f5294e,tennis_match_totals,"M15 Ann Arbor, MI: Naoto Tomizawa vs Max Dahlin Match O/U 22.5",1,0.001,5,True,sports_fees_v3,0.05,1,True,0.15,True,50,4.5,1000,1000,0.0,0,2,1791046187436,,0.001,5,,0.01,0.0,3510.0,0.0,3474.9,35.1,,1080.1,,,,,,2026-10-03T18:28:27.806597+00:00
1122095,"M15 Ann Arbor, MI: Naoto Tomizawa vs Max Dahlin",itf,"M15 Ann Arbor, MI",itf,in_play,206.4,,,0x2f1d2c3fa2fdd478022b685bd0389cb810db284f882b86ba0fce7f06e2f8d04b,tennis_match_totals,"M15 Ann Arbor, MI: Naoto Tomizawa vs Max Dahlin Match O/U 23.5",1,0.001,5,True,sports_fees_v3,0.05,1,True,0.15,True,50,4.5,1000,1000,0.0,0,2,1791046187475,,0.001,5,,0.01,0.0,3510.0,0.0,3474.9,35.1,,1080.1,,,,,,2026-10-03T18:28:27.806597+00:00
1122095,"M15 Ann Arbor, MI: Naoto Tomizawa vs Max Dahlin",itf,"M15 Ann Arbor, MI",itf,in_play,206.4,,,0x84ad5ea7e5a3273795069e86078887a7404b92f760562c574a16cc3b415eb231,tennis_set_handicap,"M15 Ann Arbor, MI: Naoto Tomizawa vs Max Dahlin Set Handicap +/-1.5",1,0.001,5,True,sports_fees_v3,0.05,1,True,0.15,True,50,4.5,1000,1000,0.0,5,0,1791052064906,,0.001,5,0.991,,77.0,0.0,76.307,0.0,0.0,,2666.574,,,,,,2026-10-03T18:28:27.806597+00:00
1122093,"M15 Ann Arbor, MI: Hugo Coquelin vs Oliver Bonding",itf,"M15 Ann Arbor, MI",itf,in_play,206.4,,,0xc83bb1e5ff34f025a3229b20e5b358bed5c708f28a56fc4eab275d8b10e793e9,tennis_completed_match,Completed Match,1,0.001,5,True,sports_fees_v3,0.05,1,True,0.15,True,50,4.5,1000,1000,1540.0,20,0,1791049439661,0.999,0.001,5,0.99,,210.0,0.0,207.9,0.0,0.0,,3288.71608,,,,,,2026-10-03T18:28:27.806597+00:00
1122093,"M15 Ann Arbor, MI: Hugo Coquelin vs Oliver Bonding",itf,"M15 Ann Arbor, MI",itf,in_play,206.4,,,0xc9d1c39540fdfe7c5608367ea3e6fb23cf12adf32bbcba004099a78b8dc11e75,tennis_set_winner,"M15 Ann Arbor, MI: Hugo Coquelin vs Oliver Bonding Set 2 Winner",1,0.001,5,True,sports_fees_v3,0.05,1,True,0.15,True,50,4.5,1000,1000,0.0,0,5,1791052052874,,0.001,5,,0.009,0.0,30.8,0.0,30.5228,0.2772,,101346.781,,,,,,2026-10-03T18:28:27.806597+00:00
1122093,"M15 Ann Arbor, MI: Hugo Coquelin vs Oliver Bonding",itf,"M15 Ann Arbor, MI",itf,in_play,206.4,,,0xebcb3c781fcbebe12481d566a4e5a0097a34a3550dd951edc8b2bfbd6b132b05,tennis_set_totals,"M15 Ann Arbor, MI: Hugo Coquelin vs Oliver Bonding Total Sets: O/U 2.5",1,0.001,5,True,sports_fees_v3,0.05,1,True,0.15,True,50,4.5,1000,1000,0.0,0,2,1791048181079,,0.001,5,,0.01,0.0,3510.0,0.0,3474.9,35.1,,1080.1,,,,,,2026-10-03T18:28:27.806597+00:00
1122093,"M15 Ann Arbor, MI: Hugo Coquelin vs Oliver Bonding",itf,"M15 Ann Arbor, MI",itf,in_play,206.4,,,0x6cc504577254e1750334961e59225e83856f891f8b7ec5c01f8fd7d71038d821,tennis_set_games_totals,"M15 Ann Arbor, MI: Hugo Coquelin vs Oliver Bonding Set 2 O/U 8.5",1,0.001,5,True,sports_fees_v3,0.05,1,True,0.15,True,50,4.5,1000,1000,0.0,3,0,1791050514393,,0.001,5,0.99,,3500.0,0.0,3465.0,0.0,0.0,,3520.35,,,,,,2026-10-03T18:28:27.806597+00:00
1122093,"M15 Ann Arbor, MI: Hugo Coquelin vs Oliver Bonding",itf,"M15 Ann Arbor, MI",itf,in_play,206.4,,,0xf170016aa8d1e07f86391091448eeeb3e07a8373131608ab74f598e778ca96cd,tennis_set_games_totals,"M15 Ann Arbor, MI: Hugo Coquelin vs Oliver Bonding Set 2 O/U 9.5",1,0.001,5,True,sports_fees_v3,0.05,1,True,0.15,True,50,4.5,1000,1000,0.0,3,0,1791050516014,,0.001,5,0.99,,3500.0,0.0,3465.0,0.0,0.0,,3520.3,,,,,,2026-10-03T18:28:27.806597+00:00
1122093,"M15 Ann Arbor, MI: Hugo Coquelin vs Oliver Bonding",itf,"M15 Ann Arbor, MI",itf,in_play,206.4,,,0xdda7d8da632e0e1b42f45def25bd8484a9040d0edd836ca714d704f92eacff3e,tennis_set_games_totals,"M15 Ann Arbor, MI: Hugo Coquelin vs Oliver Bonding Set 2 O/U 10.5",1,0.001,5,True,sports_fees_v3,0.05,1,True,0.15,True,50,4.5,1000,1000,0.0,3,0,1791050514393,,0.001,5,0.99,,3500.0,0.0,3465.0,0.0,0.0,,3520.3,,,,,,2026-10-03T18:28:27.806597+00:00
1122093,"M15 Ann Arbor, MI: Hugo Coquelin vs Oliver Bonding",itf,"M15 Ann Arbor, MI",itf,in_play,206.4,,,0x0ac7dfd120045abbce2532da16b372e2cdb3f0e976c1b9cfc9e90b2445428fcb,tennis_match_totals,"M15 Ann Arbor, MI: Hugo Coquelin vs Oliver Bonding Match O/U 21.5",1,0.001,5,True,sports_fees_v3,0.05,1,True,0.15,True,50,4.5,1000,1000,0.0,0,3,1791048181065,,0.001,5,,0.01,0.0,3510.0,0.0,3474.9,35.1,,1112.85,,,,,,2026-10-03T18:28:27.806597+00:00
1122093,"M15 Ann Arbor, MI: Hugo Coquelin vs Oliver Bonding",itf,"M15 Ann Arbor, MI",itf,in_play,206.4,,,0xdd9b870574025fddfe5a7aeeb809eda3aacaada624b0fc3ade56033d842d4aff,tennis_match_totals,"M15 Ann Arbor, MI: Hugo Coquelin vs Oliver Bonding Match O/U 22.5",1,0.001,5,True,sports_fees_v3,0.05,1,True,0.15,True,50,4.5,1000,1000,0.0,0,3,1791050771312,,0.001,5,,0.01,0.0,3510.0,0.0,3474.9,35.1,,1112.85,,,,,,2026-10-03T18:28:27.806597+00:00
1122093,"M15 Ann Arbor, MI: Hugo Coquelin vs Oliver Bonding",itf,"M15 Ann Arbor, MI",itf,in_play,206.4,,,0xd3e04359b5fd2f80db3371fad2aff2ca73214e54da39078a716e0d3af9805a09,tennis_match_totals,"M15 Ann Arbor, MI: Hugo Coquelin vs Oliver Bonding Match O/U 23.5",1,0.001,5,True,sports_fees_v3,0.05,1,True,0.15,True,50,4.5,1000,1000,0.0,0,3,1791050771419,,0.001,5,,0.01,0.0,3510.0,0.0,3474.9,35.1,,1096.2,,,,,,2026-10-03T18:28:27.806597+00:00
1122093,"M15 Ann Arbor, MI: Hugo Coquelin vs Oliver Bonding",itf,"M15 Ann Arbor, MI",itf,in_play,206.4,,,0xc1ec5499a846e63c392510fbc3db20dbac0fde235c9fe7cd38405e3b17629b1c,tennis_set_handicap,"M15 Ann Arbor, MI: Hugo Coquelin vs Oliver Bonding Set Handicap +/-1.5",1,0.001,5,True,sports_fees_v3,0.05,1,True,0.15,True,50,4.5,1000,1000,0.0,6,0,1791052045641,,0.001,5,0.991,,77.0,0.0,76.307,0.0,0.0,,2765.474,,,,,,2026-10-03T18:28:27.806597+00:00
1121604,Adana (Doubles): Jakupovic/Salden vs Moratelli/Valdmannova,wta-doubles,Adana,doubles,in_play,206.4,True,0-0,0xb9736760b0ef3f1cee14e45c57d8cd0baac8ed0c403fe106f95337fef6d2ea3f,tennis_completed_match,Completed Match,1,0.01,5,True,sports_fees_v3,0.05,1,True,0.15,True,50,4.5,1000,1000,0.0,3,0,1791045236447,,0.01,5,0.03,,55.55,0.0,1.6664999999999999,0.0,0.0,,4.9997,,,,,,2026-10-03T18:28:27.806597+00:00
1121604,Adana (Doubles): Jakupovic/Salden vs Moratelli/Valdmannova,wta-doubles,Adana,doubles,in_play,206.4,True,0-0,0x2de6d1ea9abd3fbffb7cd70b44c6dd47419bb7fa21e82c346c92fa00a0f9df6f,tennis_first_set_winner,Adana (Doubles): Jakupovic/Salden vs Moratelli/Valdmannova Set 1 Winner,1,0.01,5,True,sports_fees_v3,0.05,1,True,0.15,True,50,4.5,1000,1000,0.0,0,0,1791040808829,,0.01,5,,,0.0,0.0,0.0,0.0,0.0,,0.0,,,,,,2026-10-03T18:28:27.806597+00:00
1121604,Adana (Doubles): Jakupovic/Salden vs Moratelli/Valdmannova,wta-doubles,Adana,doubles,in_play,206.4,True,0-0,0xc5b5311f3e27f1c7d09a6de3e76bf0474e5bb03a3f35862a43ea58eb258155d7,tennis_set_winner,Adana (Doubles): Jakupovic/Salden vs Moratelli/Valdmannova Set 2 Winner,1,0.01,5,True,sports_fees_v3,0.05,1,True,0.15,True,50,4.5,1000,1000,0.0,0,0,1791039600424,,0.01,5,,,0.0,0.0,0.0,0.0,0.0,,0.0,,,,,,2026-10-03T18:28:27.806597+00:00
1121604,Adana (Doubles): Jakupovic/Salden vs Moratelli/Valdmannova,wta-doubles,Adana,doubles,in_play,206.4,True,0-0,0x9b7c8f4ec0aa38813927b61c25c688b61ec853e289e26091b04fe89b05891ba2,tennis_set_totals,Adana (Doubles): Jakupovic/Salden vs Moratelli/Valdmannova Total Sets: O/U 2.5,1,0.01,5,True,sports_fees_v3,0.05,1,True,0.15,True,50,4.5,1000,1000,0.0,0,0,1791040808829,,0.01,5,,,0.0,0.0,0.0,0.0,0.0,,0.0,,,,,,2026-10-03T18:28:27.806597+00:00
1121604,Adana (Doubles): Jakupovic/Salden vs Moratelli/Valdmannova,wta-doubles,Adana,doubles,in_play,206.4,True,0-0,0x7e9348e9cee533eac1b3e858e9e1aa71151d34e4db92eacfc5f282f844c89d7a,tennis_first_set_totals,Adana (Doubles): Jakupovic/Salden vs Moratelli/Valdmannova Set 1 O/U 8.5,1,0.01,5,True,sports_fees_v3,0.05,1,True,0.15,True,50,4.5,1000,1000,0.0,3,0,1791051572821,,0.01,5,0.06,,5.0,0.0,0.3,0.0,0.0,,101.682,,,,,,2026-10-03T18:28:27.806597+00:00
1121604,Adana (Doubles): Jakupovic/Salden vs Moratelli/Valdmannova,wta-doubles,Adana,doubles,in_play,206.4,True,0-0,0x066ca0d3259f9424f8ed9220cf077223d532623af8ec21f6b268729e4e07eb1e,tennis_first_set_totals,Adana (Doubles): Jakupovic/Salden vs Moratelli/Valdmannova Set 1 O/U 9.5,1,0.01,5,True,sports_fees_v3,0.05,1,True,0.15,True,50,4.5,1000,1000,0.0,3,0,1791051873111,,0.01,5,0.06,,5.0,0.0,0.3,0.0,0.0,,101.682,,,,,,2026-10-03T18:28:27.806597+00:00
1121604,Adana (Doubles): Jakupovic/Salden vs Moratelli/Valdmannova,wta-doubles,Adana,doubles,in_play,206.4,True,0-0,0x4415a1c8a06560114f2848865f3f01a1f85fcb493b3463c821d326d0f6b93f2a,tennis_first_set_totals,Adana (Doubles): Jakupovic/Salden vs Moratelli/Valdmannova Set 1 O/U 10.5,1,0.01,5,True,sports_fees_v3,0.05,1,True,0.15,True,50,4.5,1000,1000,0.0,1,0,1791052112888,,0.01,5,0.99,,5.0,0.0,4.95,0.0,0.0,,4.95,,,,,,2026-10-03T18:28:27.806597+00:00
1121604,Adana (Doubles): Jakupovic/Salden vs Moratelli/Valdmannova,wta-doubles,Adana,doubles,in_play,206.4,True,0-0,0x76ca2375163a108e8178ef6414b3b2770d7919f5eee421315e8f5935894d274e,tennis_set_games_totals,Adana (Doubles): Jakupovic/Salden vs Moratelli/Valdmannova Set 2 O/U 8.5,1,0.01,5,True,sports_fees_v3,0.05,1,True,0.15,True,50,4.5,1000,1000,0.0,0,0,1791039600529,,0.01,5,,,0.0,0.0,0.0,0.0,0.0,,0.0,,,,,,2026-10-03T18:28:27.806597+00:00
1121604,Adana (Doubles): Jakupovic/Salden vs Moratelli/Valdmannova,wta-doubles,Adana,doubles,in_play,206.4,True,0-0,0x81c9596c41027c3c30b900456be6d9397593df085ecc327bccd672fcc1abe73d,tennis_set_games_totals,Adana (Doubles): Jakupovic/Salden vs Moratelli/Valdmannova Set 2 O/U 9.5,1,0.01,5,True,sports_fees_v3,0.05,1,True,0.15,True,50,4.5,1000,1000,0.0,0,0,1791039600017,,0.01,5,,,0.0,0.0,0.0,0.0,0.0,,0.0,,,,,,2026-10-03T18:28:27.806597+00:00
1121604,Adana (Doubles): Jakupovic/Salden vs Moratelli/Valdmannova,wta-doubles,Adana,doubles,in_play,206.4,True,0-0,0x567c7eac7c7d1e74c5988673b3874bf48e41ffb5a9ee4e7776b6a0862ecfc23c,tennis_set_games_totals,Adana (Doubles): Jakupovic/Salden vs Moratelli/Valdmannova Set 2 O/U 10.5,1,0.01,5,True,sports_fees_v3,0.05,1,True,0.15,True,50,4.5,1000,1000,0.0,0,0,1791039600397,,0.01,5,,,0.0,0.0,0.0,0.0,0.0,,0.0,,,,,,2026-10-03T18:28:27.806597+00:00
1121604,Adana (Doubles): Jakupovic/Salden vs Moratelli/Valdmannova,wta-doubles,Adana,doubles,in_play,206.4,True,0-0,0x9059d3f44dfb9149d6f2b7e2b1988f11105e144ecc582a4afa9f39cbabd55750,tennis_match_totals,Adana (Doubles): Jakupovic/Salden vs Moratelli/Valdmannova Match O/U 21.5,1,0.01,5,True,sports_fees_v3,0.05,1,True,0.15,True,50,4.5,1000,1000,0.0,0,0,1791040808829,,0.01,5,,,0.0,0.0,0.0,0.0,0.0,,0.0,,,,,,2026-10-03T18:28:27.806597+00:00
1121604,Adana (Doubles): Jakupovic/Salden vs Moratelli/Valdmannova,wta-doubles,Adana,doubles,in_play,206.4,True,0-0,0x879ffd03b9004efa6ee4e6893b9033664cca502d3615a92d31ed821e0489f3da,tennis_match_totals,Adana (Doubles): Jakupovic/Salden vs Moratelli/Valdmannova Match O/U 22.5,1,0.01,5,True,sports_fees_v3,0.05,1,True,0.15,True,50,4.5,1000,1000,0.0,0,0,1791040808829,,0.01,5,,,0.0,0.0,0.0,0.0,0.0,,0.0,,,,,,2026-10-03T18:28:27.806597+00:00
1121604,Adana (Doubles): Jakupovic/Salden vs Moratelli/Valdmannova,wta-doubles,Adana,doubles,in_play,206.4,True,0-0,0x4bc5a0c484d06d793a8412fb183985b4ca91f78ba3a3c38623e56d03bee95c08,tennis_match_totals,Adana (Doubles): Jakupovic/Salden vs Moratelli/Valdmannova Match O/U 23.5,1,0.01,5,True,sports_fees_v3,0.05,1,True,0.15,True,50,4.5,1000,1000,0.0,0,0,1791040808829,,0.01,5,,,0.0,0.0,0.0,0.0,0.0,,0.0,,,,,,2026-10-03T18:28:27.806597+00:00
1121604,Adana (Doubles): Jakupovic/Salden vs Moratelli/Valdmannova,wta-doubles,Adana,doubles,in_play,206.4,True,0-0,0xb2f62a0b96951074ea544bbfb388603674a946f8a4866fb116e557e9603c4967,tennis_set_handicap,Adana (Doubles): Jakupovic/Salden vs Moratelli/Valdmannova Set Handicap +/-1.5,1,0.01,5,True,sports_fees_v3,0.05,1,True,0.15,True,50,4.5,1000,1000,0.0,0,0,1791040808829,,0.01,5,,,0.0,0.0,0.0,0.0,0.0,,0.0,,,,,,2026-10-03T18:28:27.806597+00:00
1121604,Adana (Doubles): Jakupovic/Salden vs Moratelli/Valdmannova,wta-doubles,Adana,doubles,in_play,206.4,True,0-0,0xf372d2f83a973c1b0c340e4f31a580932221c9fe47ee33923aebad78692fba50,tennis_set_handicap,Adana (Doubles): Jakupovic/Salden vs Moratelli/Valdmannova Set Handicap +/-1.5,1,0.01,5,True,sports_fees_v3,0.05,1,True,0.15,True,50,4.5,1000,1000,0.0,0,0,1791040808829,,0.01,5,,,0.0,0.0,0.0,0.0,0.0,,0.0,,,,,,2026-10-03T18:28:27.806597+00:00
1121567,Curitiba: Gustavo Heide vs Pedro Boscardin Dias,atp,Curitiba,challenger_other,in_play,11.4,,,0x4eecf5c527b1063bd08d3dbcc29c500e02ae88694cbd4de4118333ab4d113b55,tennis_completed_match,Completed Match,1,0.01,5,True,sports_fees_v3,0.05,1,True,0.15,True,50,4.5,1000,1000,0.0,0,0,1791052023693,,0.01,5,,,0.0,0.0,0.0,0.0,0.0,,0.0,,,,,,2026-10-03T18:28:27.806597+00:00
1121567,Curitiba: Gustavo Heide vs Pedro Boscardin Dias,atp,Curitiba,challenger_other,in_play,11.4,,,0x39e81fcf5fcabd5ffc90267a717dfb74b1a6399c03f7fbff3bf58b05ec35ecbe,tennis_first_set_winner,Curitiba: Gustavo Heide vs Pedro Boscardin Dias Set 1 Winner,1,0.01,5,True,sports_fees_v3,0.05,1,True,0.15,True,50,4.5,1000,1000,0.0,0,4,1791052043036,,0.01,5,,0.77,0.0,344.0,0.0,79.11999999999999,264.88,,3204.81,,,,,,2026-10-03T18:28:27.806597+00:00
1121567,Curitiba: Gustavo Heide vs Pedro Boscardin Dias,atp,Curitiba,challenger_other,in_play,11.4,,,0x3e032bfa9613fce400c598b4c2e5b4535908360dc254cfbac76255e803dd80b6,tennis_set_winner,Curitiba: Gustavo Heide vs Pedro Boscardin Dias Set 2 Winner,1,0.01,5,True,sports_fees_v3,0.05,1,True,0.15,True,50,4.5,1000,1000,0.0,0,0,1791045900317,,0.01,5,,,0.0,0.0,0.0,0.0,0.0,,0.0,,,,,,2026-10-03T18:28:27.806597+00:00
1121567,Curitiba: Gustavo Heide vs Pedro Boscardin Dias,atp,Curitiba,challenger_other,in_play,11.4,,,0x6579d9bae6879ebc0f82ebaf3695284d5688f7a997faef421db778c3ac6c1ef6,tennis_set_totals,Curitiba: Gustavo Heide vs Pedro Boscardin Dias Total Sets: O/U 2.5,1,0.01,5,True,sports_fees_v3,0.05,1,True,0.15,True,50,4.5,1000,1000,0.0,6,0,1791052051755,,0.01,5,0.3,,1736.0,0.0,520.8,0.0,0.0,,2088.3399,,,,,,2026-10-03T18:28:27.806597+00:00
1121567,Curitiba: Gustavo Heide vs Pedro Boscardin Dias,atp,Curitiba,challenger_other,in_play,11.4,,,0xc90728cba857a930267c799c35623e3902324dfcc678c76eb43e399f7dc8d7a3,tennis_first_set_totals,Curitiba: Gustavo Heide vs Pedro Boscardin Dias Set 1 O/U 8.5,1,0.01,5,True,sports_fees_v3,0.05,1,True,0.15,True,50,4.5,1000,1000,0.0,0,0,1791051300018,,0.01,5,,,0.0,0.0,0.0,0.0,0.0,,0.0,,,,,,2026-10-03T18:28:27.806597+00:00
1121567,Curitiba: Gustavo Heide vs Pedro Boscardin Dias,atp,Curitiba,challenger_other,in_play,11.4,,,0xd6d9d3e3cc874309976da92c2aebe74267bb04a41099bdc5c8de73ef6b6bcfeb,tennis_first_set_totals,Curitiba: Gustavo Heide vs Pedro Boscardin Dias Set 1 O/U 9.5,1,0.01,5,True,sports_fees_v3,0.05,1,True,0.15,True,50,4.5,1000,1000,0.0,0,0,1791050525792,,0.01,5,,,0.0,0.0,0.0,0.0,0.0,,0.0,,,,,,2026-10-03T18:28:27.806597+00:00
1121567,Curitiba: Gustavo Heide vs Pedro Boscardin Dias,atp,Curitiba,challenger_other,in_play,11.4,,,0x39db586b8d340cf334e4641cbe1f8adbdc911fdebc119c3fcdd26bbc6647a289,tennis_first_set_totals,Curitiba: Gustavo Heide vs Pedro Boscardin Dias Set 1 O/U 10.5,1,0.01,5,True,sports_fees_v3,0.05,1,True,0.15,True,50,4.5,1000,1000,0.0,0,0,1791051300029,,0.01,5,,,0.0,0.0,0.0,0.0,0.0,,0.0,,,,,,2026-10-03T18:28:27.806597+00:00
1121567,Curitiba: Gustavo Heide vs Pedro Boscardin Dias,atp,Curitiba,challenger_other,in_play,11.4,,,0x43f07b8894df731c838572844e38b71726134645863e21e82a8e61a6ead31eb3,tennis_set_games_totals,Curitiba: Gustavo Heide vs Pedro Boscardin Dias Set 2 O/U 8.5,1,0.01,5,True,sports_fees_v3,0.05,1,True,0.15,True,50,4.5,1000,1000,0.0,0,0,1791045900158,,0.01,5,,,0.0,0.0,0.0,0.0,0.0,,0.0,,,,,,2026-10-03T18:28:27.806597+00:00
1121567,Curitiba: Gustavo Heide vs Pedro Boscardin Dias,atp,Curitiba,challenger_other,in_play,11.4,,,0x388a9a58524be6c0504324498160cae85284e8662bce7ada1c5ae2010d2514b7,tennis_set_games_totals,Curitiba: Gustavo Heide vs Pedro Boscardin Dias Set 2 O/U 9.5,1,0.01,5,True,sports_fees_v3,0.05,1,True,0.15,True,50,4.5,1000,1000,0.0,0,0,1791045900311,,0.01,5,,,0.0,0.0,0.0,0.0,0.0,,0.0,,,,,,2026-10-03T18:28:27.806597+00:00
1121567,Curitiba: Gustavo Heide vs Pedro Boscardin Dias,atp,Curitiba,challenger_other,in_play,11.4,,,0x9bb6409e6d0699ae7846fdf4703a1c9358f67499850996ba48e28493a7e002e3,tennis_set_games_totals,Curitiba: Gustavo Heide vs Pedro Boscardin Dias Set 2 O/U 10.5,1,0.01,5,True,sports_fees_v3,0.05,1,True,0.15,True,50,4.5,1000,1000,0.0,0,0,1791045900523,,0.01,5,,,0.0,0.0,0.0,0.0,0.0,,0.0,,,,,,2026-10-03T18:28:27.806597+00:00
1121567,Curitiba: Gustavo Heide vs Pedro Boscardin Dias,atp,Curitiba,challenger_other,in_play,11.4,,,0xc0a205dbdfea4e92d3695b5390041997ccb4d3ef8b8bf270c500266042b7c59e,tennis_match_totals,Curitiba: Gustavo Heide vs Pedro Boscardin Dias Match O/U 21.5,1,0.01,5,True,sports_fees_v3,0.05,1,True,0.15,True,50,4.5,1000,1000,0.0,6,0,1791052072325,,0.01,5,0.42,,148.0,0.0,62.16,0.0,0.0,,254.91,,,,,,2026-10-03T18:28:27.806597+00:00
1121567,Curitiba: Gustavo Heide vs Pedro Boscardin Dias,atp,Curitiba,challenger_other,in_play,11.4,,,0x2a4e0300b3a57c923010d1eb36d1949804d16ad5cd961986ce2745113dbc0f9a,tennis_match_totals,Curitiba: Gustavo Heide vs Pedro Boscardin Dias Match O/U 22.5,1,0.01,5,True,sports_fees_v3,0.05,1,True,0.15,True,50,4.5,1000,1000,0.0,0,0,1791052028140,,0.01,5,,,0.0,0.0,0.0,0.0,0.0,,0.0,,,,,,2026-10-03T18:28:27.806597+00:00
1121567,Curitiba: Gustavo Heide vs Pedro Boscardin Dias,atp,Curitiba,challenger_other,in_play,11.4,,,0xe97d6d0c12ae0c03a84391e8f20f44ed461e85cd830ab5a3cf213314238a93ab,tennis_match_totals,Curitiba: Gustavo Heide vs Pedro Boscardin Dias Match O/U 23.5,1,0.01,5,True,sports_fees_v3,0.05,1,True,0.15,True,50,4.5,1000,1000,0.0,0,0,1791052028584,,0.01,5,,,0.0,0.0,0.0,0.0,0.0,,0.0,,,,,,2026-10-03T18:28:27.806597+00:00
1121567,Curitiba: Gustavo Heide vs Pedro Boscardin Dias,atp,Curitiba,challenger_other,in_play,11.4,,,0xd6844affd7da6f1d5421dd4a475c8498ea8afc819d2abec49c6402f03ea2257d,tennis_set_handicap,Curitiba: Gustavo Heide vs Pedro Boscardin Dias Set Handicap +/-1.5,1,0.01,5,True,sports_fees_v3,0.05,1,True,0.15,True,50,4.5,1000,1000,922.7076199999999,0,4,1791052051719,0.580,0.01,5,,0.61,0.0,191.0,0.0,74.49000000000001,116.50999999999999,,1132.4,,,,,,2026-10-03T18:28:27.806597+00:00
1121567,Curitiba: Gustavo Heide vs Pedro Boscardin Dias,atp,Curitiba,challenger_other,in_play,11.4,,,0x8a07f2b1c5849979d258ee91dd916489d4003bd319658874f370892161c43fcc,tennis_set_handicap,Curitiba: Gustavo Heide vs Pedro Boscardin Dias Set Handicap +/-1.5,1,0.01,5,True,sports_fees_v3,0.05,1,True,0.15,True,50,4.5,1000,1000,0.0,1,0,1791052051768,,0.01,5,0.08,,931.0,0.0,74.48,0.0,0.0,,74.48,,,,,,2026-10-03T18:28:27.806597+00:00
1121567,Curitiba: Gustavo Heide vs Pedro Boscardin Dias,atp,Curitiba,challenger_other,in_play,11.4,,,0xe8c571d6ce3f0c3c83687dce4824e86b443c8010779bd5d7f5c57a75de4d5baf,tennis_game_handicap,Curitiba: Gustavo Heide vs Pedro Boscardin Dias Game Spread +/-4.5,1,0.01,5,True,sports_fees_v3,0.05,1,True,0.15,True,50,4.5,1000,1000,0.0,0,0,1791052048567,,0.01,5,,,0.0,0.0,0.0,0.0,0.0,,0.0,,,,,,2026-10-03T18:28:27.806597+00:00
1121565,Columbus: Abedallah Shelbayh vs Mitchell Krueger,atp,Columbus,challenger_other,in_play,6.4,True,4-2,0x0e0b41f335e60bf3f2c5892a932611e19fc47a2aa2f0fce5e1842cbc49af3eb9,tennis_completed_match,Completed Match,1,0.01,5,True,sports_fees_v3,0.05,1,True,0.15,True,50,4.5,1000,1000,0.0,3,0,1791051769501,,0.01,5,0.03,,55.55,0.0,1.6664999999999999,0.0,0.0,,4.9997,,,,,,2026-10-03T18:28:27.806597+00:00
1121565,Columbus: Abedallah Shelbayh vs Mitchell Krueger,atp,Columbus,challenger_other,in_play,6.4,True,4-2,0xdaec4405d3d06cb2459a4b53de50abbfffd87b612559e45a87c0c4bd3a7678a8,tennis_first_set_winner,Columbus: Abedallah Shelbayh vs Mitchell Krueger Set 1 Winner,1,0.01,5,True,sports_fees_v3,0.05,1,True,0.15,True,50,4.5,1000,1000,29.545455,0,0,1791051600039,0.460,0.01,5,,,0.0,0.0,0.0,0.0,0.0,,0.0,,,,,,2026-10-03T18:28:27.806597+00:00
1121565,Columbus: Abedallah Shelbayh vs Mitchell Krueger,atp,Columbus,challenger_other,in_play,6.4,True,4-2,0x9c36f5efd1ee51626d0693564143f9263c4de18f8e13b7c2defb196210835541,tennis_set_winner,Columbus: Abedallah Shelbayh vs Mitchell Krueger Set 2 Winner,1,0.01,5,True,sports_fees_v3,0.05,1,True,0.15,True,50,4.5,1000,1000,0.0,0,0,1791051600001,,0.01,5,,,0.0,0.0,0.0,0.0,0.0,,0.0,,,,,,2026-10-03T18:28:27.806597+00:00
1121565,Columbus: Abedallah Shelbayh vs Mitchell Krueger,atp,Columbus,challenger_other,in_play,6.4,True,4-2,0x632963e9dc3ddf3e081b62993a5a630fadba78a19fe24dd3bd4229ebb10f8eed,tennis_set_totals,Columbus: Abedallah Shelbayh vs Mitchell Krueger Total Sets: O/U 2.5,1,0.01,5,True,sports_fees_v3,0.05,1,True,0.15,True,50,4.5,1000,1000,0.0,0,0,1791051600002,,0.01,5,,,0.0,0.0,0.0,0.0,0.0,,0.0,,,,,,2026-10-03T18:28:27.806597+00:00
1121565,Columbus: Abedallah Shelbayh vs Mitchell Krueger,atp,Columbus,challenger_other,in_play,6.4,True,4-2,0xd20b384b1906a5708daf44b0ef79f84440db21afc14196096a079c410d42fe89,tennis_first_set_totals,Columbus: Abedallah Shelbayh vs Mitchell Krueger Set 1 O/U 8.5,1,0.01,5,True,sports_fees_v3,0.05,1,True,0.15,True,50,4.5,1000,1000,0.0,0,0,1791051600044,,0.01,5,,,0.0,0.0,0.0,0.0,0.0,,0.0,,,,,,2026-10-03T18:28:27.806597+00:00
1121565,Columbus: Abedallah Shelbayh vs Mitchell Krueger,atp,Columbus,challenger_other,in_play,6.4,True,4-2,0xac1298520a2c0ef629c97a999c6dcadfd01039742fccd6064ca6ce8e2df49fc3,tennis_first_set_totals,Columbus: Abedallah Shelbayh vs Mitchell Krueger Set 1 O/U 9.5,1,0.01,5,True,sports_fees_v3,0.05,1,True,0.15,True,50,4.5,1000,1000,0.0,0,0,1791051600000,,0.01,5,,,0.0,0.0,0.0,0.0,0.0,,0.0,,,,,,2026-10-03T18:28:27.806597+00:00
1121565,Columbus: Abedallah Shelbayh vs Mitchell Krueger,atp,Columbus,challenger_other,in_play,6.4,True,4-2,0xff12653b1fb47191e458116014e9ad98ee93ef24c761c38348858b7e48fa4cdc,tennis_first_set_totals,Columbus: Abedallah Shelbayh vs Mitchell Krueger Set 1 O/U 10.5,1,0.01,5,True,sports_fees_v3,0.05,1,True,0.15,True,50,4.5,1000,1000,0.0,0,0,1791051600040,,0.01,5,,,0.0,0.0,0.0,0.0,0.0,,0.0,,,,,,2026-10-03T18:28:27.806597+00:00
1121565,Columbus: Abedallah Shelbayh vs Mitchell Krueger,atp,Columbus,challenger_other,in_play,6.4,True,4-2,0x84240ae5ff989202acadb48596016f878e17d3334aa061afdee09d4e5c6fcdd3,tennis_set_games_totals,Columbus: Abedallah Shelbayh vs Mitchell Krueger Set 2 O/U 8.5,1,0.01,5,True,sports_fees_v3,0.05,1,True,0.15,True,50,4.5,1000,1000,0.0,0,0,1791051600044,,0.01,5,,,0.0,0.0,0.0,0.0,0.0,,0.0,,,,,,2026-10-03T18:28:27.806597+00:00
1121565,Columbus: Abedallah Shelbayh vs Mitchell Krueger,atp,Columbus,challenger_other,in_play,6.4,True,4-2,0xc886054d0e976f3ae387147ef39e7cf6a6791de819e198aa9ef6750730649edc,tennis_set_games_totals,Columbus: Abedallah Shelbayh vs Mitchell Krueger Set 2 O/U 9.5,1,0.01,5,True,sports_fees_v3,0.05,1,True,0.15,True,50,4.5,1000,1000,0.0,0,0,1791051600004,,0.01,5,,,0.0,0.0,0.0,0.0,0.0,,0.0,,,,,,2026-10-03T18:28:27.806597+00:00
1121565,Columbus: Abedallah Shelbayh vs Mitchell Krueger,atp,Columbus,challenger_other,in_play,6.4,True,4-2,0x5b8faba35b19f05b28cfd9063e7596ad64911119ef883ac1e14f6df193c48f43,tennis_set_games_totals,Columbus: Abedallah Shelbayh vs Mitchell Krueger Set 2 O/U 10.5,1,0.01,5,True,sports_fees_v3,0.05,1,True,0.15,True,50,4.5,1000,1000,0.0,0,0,1791051600047,,0.01,5,,,0.0,0.0,0.0,0.0,0.0,,0.0,,,,,,2026-10-03T18:28:27.806597+00:00
1121565,Columbus: Abedallah Shelbayh vs Mitchell Krueger,atp,Columbus,challenger_other,in_play,6.4,True,4-2,0xd6e0139ad3cca46bae0296d21c400bc2d5df2f2b170e9a4d335560e7039f8922,tennis_match_totals,Columbus: Abedallah Shelbayh vs Mitchell Krueger Match O/U 21.5,1,0.01,5,True,sports_fees_v3,0.05,1,True,0.15,True,50,4.5,1000,1000,16.474575,1,2,1791052115630,0.410,0.01,5,0.56,0.6,3403.57,3462.5,1905.9992000000002,1385.0,2077.5,3.9999999999999925,4094.3594000000003,0.5800000000000001,3403.57,3462.5,3403.57,3462.5,2026-10-03T18:28:27.806597+00:00
1121565,Columbus: Abedallah Shelbayh vs Mitchell Krueger,atp,Columbus,challenger_other,in_play,6.4,True,4-2,0x7eba55cc61d9f526a7dbacf12cebc5f5e9c65d718a3261001962301c7aba43e3,tennis_match_totals,Columbus: Abedallah Shelbayh vs Mitchell Krueger Match O/U 22.5,1,0.01,5,True,sports_fees_v3,0.05,1,True,0.15,True,50,4.5,1000,1000,0.0,2,2,1791052105390,,0.01,5,0.49,0.52,3663.27,3606.23,1795.0022999999999,1730.9904,1875.2396,3.0000000000000027,3726.2318999999998,0.505,3663.27,3606.23,3663.27,3606.23,2026-10-03T18:28:27.806597+00:00
1121565,Columbus: Abedallah Shelbayh vs Mitchell Krueger,atp,Columbus,challenger_other,in_play,6.4,True,4-2,0x8f7759221dc6799ebff645eed18d731b0330bfa484b0ff86cbe9c29f168e9925,tennis_match_totals,Columbus: Abedallah Shelbayh vs Mitchell Krueger Match O/U 23.5,1,0.01,5,True,sports_fees_v3,0.05,1,True,0.15,True,50,4.5,1000,1000,0.0,2,3,1791052111063,,0.01,5,0.44,0.47,3429.55,37.72,1509.0020000000002,19.991600000000002,17.728399999999997,2.9999999999999973,3334.7204,0.45499999999999996,3429.55,37.72,3429.55,3687.72,2026-10-03T18:28:27.806597+00:00
1121565,Columbus: Abedallah Shelbayh vs Mitchell Krueger,atp,Columbus,challenger_other,in_play,6.4,True,4-2,0x4a11d9c10077cc0e47bb58894648554c99027c00e48e6cc550d707ac99999f85,tennis_set_handicap,Columbus: Abedallah Shelbayh vs Mitchell Krueger Set Handicap +/-1.5,1,0.01,5,True,sports_fees_v3,0.05,1,True,0.15,True,50,4.5,1000,1000,35.303031000000004,0,0,1791051600042,0.660,0.01,5,,,0.0,0.0,0.0,0.0,0.0,,0.0,,,,,,2026-10-03T18:28:27.806597+00:00
1121565,Columbus: Abedallah Shelbayh vs Mitchell Krueger,atp,Columbus,challenger_other,in_play,6.4,True,4-2,0xf17597b2d8ba665399a100a4195ec7c9cc7c9216c76b7ce076331a4cabe529b0,tennis_game_handicap,Columbus: Abedallah Shelbayh vs Mitchell Krueger Game Spread +/-1.5,1,0.01,5,True,sports_fees_v3,0.05,1,True,0.15,True,50,4.5,1000,1000,0.0,0,0,1791051600043,,0.01,5,,,0.0,0.0,0.0,0.0,0.0,,0.0,,,,,,2026-10-03T18:28:27.806597+00:00
1120915,W35 Reims: Salma Djoubri vs Britt Du Pree,itf,W35 Reims,itf,in_play,266.4,,,0x2e9de8de9ae34f07292940111b552e698636f4d7a6f86f7388b4dd286e16f692,tennis_completed_match,Completed Match,1,0.001,5,True,sports_fees_v3,0.05,1,True,0.15,True,50,4.5,1000,1000,0.0,5,0,1791049863976,,0.001,5,0.99,,200.0,0.0,198.0,0.0,0.0,,257.9997,,,,,,2026-10-03T18:28:27.806597+00:00
1120915,W35 Reims: Salma Djoubri vs Britt Du Pree,itf,W35 Reims,itf,in_play,266.4,,,0x002965ed8a3db4eb3e0087fe3ed91bf07c9e52494bc8cbcd173330316147d400,tennis_set_winner,W35 Reims: Salma Djoubri vs Britt Du Pree Set 2 Winner,1,0.001,5,True,sports_fees_v3,0.05,1,True,0.15,True,50,4.5,1000,1000,0.0,0,5,1791052091165,,0.001,5,,0.009,0.0,30.8,0.0,30.5228,0.2772,,101346.781,,,,,,2026-10-03T18:28:27.806597+00:00
1120915,W35 Reims: Salma Djoubri vs Britt Du Pree,itf,W35 Reims,itf,in_play,266.4,,,0xb121fbc5f8fb471dc772ca0b3e7d9d3941c5e1427906c849ccfe0947d6f6759d,tennis_set_totals,W35 Reims: Salma Djoubri vs Britt Du Pree Total Sets: O/U 2.5,1,0.001,5,True,sports_fees_v3,0.05,1,True,0.15,True,50,4.5,1000,1000,0.0,0,2,1791049863976,,0.001,5,,0.01,0.0,3500.0,0.0,3465.0,35.0,,1080.0,,,,,,2026-10-03T18:28:27.806597+00:00
1120915,W35 Reims: Salma Djoubri vs Britt Du Pree,itf,W35 Reims,itf,in_play,266.4,,,0x5e4e7e7dba1346483f780c7bc93f89df723f7cfade23b6f4761a7e01aaeda580,tennis_set_games_totals,W35 Reims: Salma Djoubri vs Britt Du Pree Set 2 O/U 8.5,1,0.001,5,True,sports_fees_v3,0.05,1,True,0.15,True,50,4.5,1000,1000,0.0,0,2,1791049863485,,0.001,5,,0.01,0.0,3505.0,0.0,3469.95,35.050000000000004,,1080.05,,,,,,2026-10-03T18:28:27.806597+00:00
1120915,W35 Reims: Salma Djoubri vs Britt Du Pree,itf,W35 Reims,itf,in_play,266.4,,,0x690c3530f6dd5857daef2c075fb9af6a7ed6dae464546df971f93fe0ead8a2bf,tennis_set_games_totals,W35 Reims: Salma Djoubri vs Britt Du Pree Set 2 O/U 9.5,1,0.001,5,True,sports_fees_v3,0.05,1,True,0.15,True,50,4.5,1000,1000,0.0,0,2,1791049863485,,0.001,5,,0.01,0.0,3505.0,0.0,3469.95,35.050000000000004,,1080.05,,,,,,2026-10-03T18:28:27.806597+00:00
1120915,W35 Reims: Salma Djoubri vs Britt Du Pree,itf,W35 Reims,itf,in_play,266.4,,,0x4bff858b58fdd41d0f41fa605799e1ed782d512f3b2bbcb184cbcd14f10ed6f2,tennis_set_games_totals,W35 Reims: Salma Djoubri vs Britt Du Pree Set 2 O/U 10.5,1,0.001,5,True,sports_fees_v3,0.05,1,True,0.15,True,50,4.5,1000,1000,0.0,0,2,1791049863485,,0.001,5,,0.01,0.0,3505.0,0.0,3469.95,35.050000000000004,,1080.05,,,,,,2026-10-03T18:28:27.806597+00:00
1120915,W35 Reims: Salma Djoubri vs Britt Du Pree,itf,W35 Reims,itf,in_play,266.4,,,0x9a6089ad19d1d56401cd92d227ea0f4e2a509707287c6c7540ba56a23904fbc7,tennis_match_totals,W35 Reims: Salma Djoubri vs Britt Du Pree Match O/U 21.5,1,0.001,5,True,sports_fees_v3,0.05,1,True,0.15,True,50,4.5,1000,1000,0.0,0,2,1791049863976,,0.001,5,,0.01,0.0,3500.0,0.0,3465.0,35.0,,1080.0,,,,,,2026-10-03T18:28:27.806597+00:00
1120915,W35 Reims: Salma Djoubri vs Britt Du Pree,itf,W35 Reims,itf,in_play,266.4,,,0x652acb5fcade9e8bda4ab476dbff6e9828f40c7a982281f1844c2f492303b0c1,tennis_match_totals,W35 Reims: Salma Djoubri vs Britt Du Pree Match O/U 22.5,1,0.001,5,True,sports_fees_v3,0.05,1,True,0.15,True,50,4.5,1000,1000,0.0,0,2,1791050771321,,0.001,5,,0.01,0.0,3500.0,0.0,3465.0,35.0,,1080.0,,,,,,2026-10-03T18:28:27.806597+00:00
1120915,W35 Reims: Salma Djoubri vs Britt Du Pree,itf,W35 Reims,itf,in_play,266.4,,,0xc7911e3b167dc8b8a9b37624dd7005d14e23c46417c9bc06ab9190e06ddf88e1,tennis_match_totals,W35 Reims: Salma Djoubri vs Britt Du Pree Match O/U 23.5,1,0.001,5,True,sports_fees_v3,0.05,1,True,0.15,True,50,4.5,1000,1000,0.0,0,2,1791050771457,,0.001,5,,0.01,0.0,3500.0,0.0,3465.0,35.0,,1080.0,,,,,,2026-10-03T18:28:27.806597+00:00
1120915,W35 Reims: Salma Djoubri vs Britt Du Pree,itf,W35 Reims,itf,in_play,266.4,,,0x3f65b00754321ed80e3f42106cb647468202e60b2f145af45679d8d6fd8672d8,tennis_set_handicap,W35 Reims: Salma Djoubri vs Britt Du Pree Set Handicap +/-1.5,1,0.001,5,True,sports_fees_v3,0.05,1,True,0.15,True,50,4.5,1000,1000,0.0,5,0,1791052099534,,0.001,5,0.991,,77.0,0.0,76.307,0.0,0.0,,2656.674,,,,,,2026-10-03T18:28:27.806597+00:00
