label,cv,stamp_lag,phi,coverage,p_event,net_cap,trade_cap,slip,lat_map,pool,vol_scale,stale,regime,price,order,r_mode,r_shift,queue_s,stale_adj,edge_scale,wrong_price,period,n_seeds,n_calls,n_trades,n_trades_correct,n_matches,fill_rate,wrong_call_share_of_trades,calls_share_before_reprice,calls_share_in_decay_window,calls_share_too_late,calls_median_tau_s,fills_median_tau_s,correct_calls_blocked_by_net_cap,median_usd_per_fill,shares,usd_traded,per_share_c,per_share_ci95_c_lo,per_share_ci95_c_hi,pnl_usd,pnl_ci95_usd_lo,pnl_ci95_usd_hi,pnl_correct_usd,pnl_wrong_usd,days,pnl_per_day_usd,sharpe_ann,max_dd_usd,worst_day_usd,best_day_usd,months_positive,months_total,peak_locked_usd,capital_usd,return_on_capital_pct,return_on_capital_ann_pct,max_dd_pct_capital,share_fills_at_trade_cap,capacity_stale_usd_per_day,pnl_per_day_usd_sd,sharpe_ann_sd,per_share_c_sd
"COUNTERFACTUAL - assumed: licensed live feed + courtside camera, not purchased; parameters from our measurements",own120,1.0,0.25,3,0.95,100.0,1000.0,0.005,region,D>=3c,cap1,ref_short,delay1,ref,decay,point,0.0,0.0,0.0,False,ref,IS,10,6257.0,963.1,731.6,243.0,0.11692504395077515,0.2404680695027599,0.12793671088381015,0.050183794150551374,0.8218794949656385,-1.3625,0.026599999999999957,0.046588346800879074,26.170735901386685,82651.74851842767,39658.33033148428,1.4648483236114953,-0.029166029265704396,3.008054238323623,1217.9811722477727,-6.045569758949182,2483.4839245272806,1516.6912946110515,-298.7101223632788,103.0,11.825059924735658,3.49176197721588,-358.7012044518698,-151.2230936793349,191.21920401871407,3.3,4.0,1267.620025513651,3802.860076540953,31.869079380154318,112.93411625006138,-9.856993871695485,0.12027540226615792,5433.592852370849,5.493799527153925,1.566204541752274,0.6676084005769969
"COUNTERFACTUAL - assumed: licensed live feed + courtside camera, not purchased; parameters from our measurements",own120,1.0,0.25,3,0.95,100.0,1000.0,0.005,region,D>=3c,cap1,ref_short,delay1,ref,decay,point,0.0,0.0,0.0,False,ref,burned_OOS,10,2402.0,378.7,292.9,89.8,0.12194004995836802,0.226846409622628,0.11407160699417154,0.06486261448792673,0.8210657785179019,-1.38905,-0.0009000000000000785,0.044608888060918554,25.85099412665993,32185.872103904905,15447.462779957752,0.8675064458028297,-1.4590486219671772,3.2733457332028477,283.74513751768546,-458.3359964858827,1045.7531602840668,638.4660396091779,-354.72090209149246,40.0,7.093628437942138,2.0655020616395667,-308.7778123890149,-125.25866346534852,189.8622716720721,1.6,3.0,873.519536754951,2620.558610264853,10.916466449672736,99.61275635326372,-12.240237501180689,0.11402734355387542,5713.617483841843,5.947044774206419,1.8630976234503733,0.7069658238513902
"COUNTERFACTUAL - assumed: licensed live feed + courtside camera, not purchased; parameters from our measurements",own120,1.0,0.25,3,0.95,1000.0,1000.0,0.005,region,D>=3c,cap1,ref_short,delay1,ref,decay,point,0.0,0.0,0.0,False,ref,IS,10,6257.0,1152.8,876.2,243.0,0.1400351606201055,0.23995035766201003,0.12793671088381015,0.050183794150551374,0.8218794949656385,-1.3625,0.027099999999999947,0.02218858570843861,55.80286045155729,410771.4752350529,182856.4688725618,1.4711492150248318,-0.9783225753680902,3.975290989467061,6061.423889061126,-3947.6585064424135,16431.230258228494,7760.717282126522,-1699.2933930653955,103.0,58.848775621952676,2.14619246468459,-3327.029422513305,-1163.7088591139982,1558.5757100158235,3.0,4.0,5819.610792570984,17458.83237771295,34.37359447074553,121.80933962934095,-20.037283757749993,0.11920691949618012,5433.592852370849,46.999037330536794,1.7264266780314617,1.198614417758346
"COUNTERFACTUAL - assumed: licensed live feed + courtside camera, not purchased; parameters from our measurements",own120,1.0,0.25,3,0.95,1000.0,1000.0,0.005,region,D>=3c,cap1,ref_short,delay1,ref,decay,point,0.0,0.0,0.0,False,ref,burned_OOS,10,2402.0,444.1,342.5,89.8,0.14258950874271442,0.22911932421143044,0.11407160699417154,0.06486261448792673,0.8210657785179019,-1.38905,-0.0016500000000000624,0.02285404733124744,55.46423192358882,159859.3332192274,71688.37107265278,1.139825145293128,-2.928851753299326,5.2549466821073505,1805.8560492666597,-4532.289348471131,8471.240765287479,3724.9056813875504,-1919.0496321208914,40.0,45.14640123166649,1.5712840633895464,-2711.785975507458,-1038.7934225952904,1517.6000089723993,1.9,3.0,4399.7874692468895,13199.362407740668,13.539332199196252,123.54640631766581,-21.614366321579574,0.11619669918563147,5713.617483841843,61.36151171124698,2.1777366050986444,1.5247990931970203
"COUNTERFACTUAL - assumed: licensed live feed + courtside camera, not purchased; parameters from our measurements",own120,1.0,0.25,3,0.99,100.0,1000.0,0.005,region,D>=3c,cap1,ref_short,delay1,ref,decay,point,0.0,0.0,0.0,False,ref,IS,10,6257.0,878.8,782.3,238.7,0.1250279686750839,0.10981217633829357,0.12793671088381015,0.050183794150551374,0.8218794949656385,-1.3625,0.03929999999999998,0.04211580903672501,23.810322635133993,68996.44388449198,33385.5236916075,2.166220446712232,0.4730696906109503,3.9087197554484705,1508.2497146711307,343.65895361529334,2707.1861986122153,1736.0387469162997,-227.78903224516904,103.0,14.64320111331195,4.585999961940841,-296.8137981072176,-136.31564048413975,178.65982273634637,3.5,4.0,1030.568243964415,3091.7047318932455,48.23130326557984,170.91675429064702,-10.106505724721888,0.091066241851153,5553.784961649755,6.7928012669059905,2.1601198519486924,0.976102362506487
"COUNTERFACTUAL - assumed: licensed live feed + courtside camera, not purchased; parameters from our measurements",own120,1.0,0.25,3,0.99,100.0,1000.0,0.005,region,D>=3c,cap1,ref_short,delay1,ref,decay,point,0.0,0.0,0.0,False,ref,burned_OOS,10,2402.0,342.2,309.6,87.6,0.12889258950874272,0.09542030754675138,0.11407160699417154,0.06486261448792673,0.8210657785179019,-1.38905,0.012399999999999934,0.04103610776880598,21.96882418946473,25926.320563401918,12471.065176375527,1.4705033654876105,-1.437148710522903,4.398591081246537,381.15815645989977,-356.24145428819565,1137.8264696354415,653.1751756881599,-272.01701922826015,40.0,9.528953911497492,2.7192578105442466,-301.92977033544724,-137.2091468810292,177.86895399070445,1.9,3.0,725.8508748292846,2177.552624487854,18.582651135761868,169.56669161382706,-14.10910712829094,0.08596758139360537,5869.720475964551,7.246035184989085,1.9197369416015406,1.112850203658951
"COUNTERFACTUAL - assumed: licensed live feed + courtside camera, not purchased; parameters from our measurements",own120,1.0,0.25,3,0.99,1000.0,1000.0,0.005,region,D>=3c,cap1,ref_short,delay1,ref,decay,point,0.0,0.0,0.0,False,ref,IS,10,6257.0,1045.2,931.6,238.7,0.14888924404666776,0.10868618061904274,0.12793671088381015,0.050183794150551374,0.8218794949656385,-1.3625,0.03939999999999997,0.017743583145796417,37.585670522855466,318783.7949747598,144018.9774807087,2.1409559633741733,-0.8754491265659896,5.133151888104663,6889.885423971425,-2537.761730181634,16573.132740256908,8876.49521800181,-1986.6097940303855,103.0,66.89209149486821,2.596310507113466,-3470.1126732433177,-1108.0045265774015,1541.964492841602,3.2,4.0,4584.278565926575,13752.835697779727,46.821363350357345,165.9203652706838,-26.501410675783028,0.09089782414085772,5553.784961649755,54.652972527609954,2.0780198757465254,1.7763620699517833
"COUNTERFACTUAL - assumed: licensed live feed + courtside camera, not purchased; parameters from our measurements",own120,1.0,0.25,3,0.99,1000.0,1000.0,0.005,region,D>=3c,cap1,ref_short,delay1,ref,decay,point,0.0,0.0,0.0,False,ref,burned_OOS,10,2402.0,401.6,362.4,87.6,0.15087427144046628,0.09796609939612586,0.11407160699417154,0.06486261448792673,0.8210657785179019,-1.38905,0.012049999999999905,0.018634244768102645,35.47148037006175,122381.4102669033,55716.93047695061,1.7595219374659128,-3.32180272984617,6.728090277429915,2129.501259949812,-4027.436798946854,8324.985771423895,3739.533970318555,-1610.0327103687428,40.0,53.237531498745284,2.0283666242719876,-2443.2554676678837,-998.8545422164452,1436.6214530074146,2.0,3.0,3720.749054077084,11162.247162231253,21.01942717631126,191.80227298384025,-22.187931743419714,0.08844043747824373,5869.720475964551,60.44526836188561,2.353376829473976,2.0233237786792975
"COUNTERFACTUAL - assumed: licensed live feed + courtside camera, not purchased; parameters from our measurements",own120,1.0,0.25,10,0.95,100.0,1000.0,0.005,region,D>=3c,cap1,ref_short,delay1,ref,decay,point,0.0,0.0,0.0,False,ref,IS,10,20795.0,3238.8,2475.5,792.7,0.1190430391921135,0.23571397301366553,0.1277999519115172,0.051267131522000485,0.8209329165664823,-1.3578,0.029199999999999983,0.045346259461702794,24.394774047992293,265224.96299062576,126298.53680174807,1.3465261440032728,0.5039439033825313,2.1816450959263016,3582.7959675981774,1344.099610314592,5835.95428694761,4715.428076516484,-1132.6321089183068,103.0,34.78442686988522,5.668226245510043,-519.2237297720233,-282.1197571058492,339.6144246680502,3.8,4.0,1969.7247778995984,5909.174333698797,62.78720341220752,222.49834218889077,-8.764642754117045,0.10787319497378009,16293.42271488643,10.40115715423553,1.8221887964052998,0.38385270064280624
"COUNTERFACTUAL - assumed: licensed live feed + courtside camera, not purchased; parameters from our measurements",own120,1.0,0.25,10,0.95,100.0,1000.0,0.005,region,D>=3c,cap1,ref_short,delay1,ref,decay,point,0.0,0.0,0.0,False,ref,burned_OOS,10,7093.0,1102.3,842.2,286.7,0.11873678274354997,0.23601385654955473,0.10587903566896939,0.07042154236571269,0.823699421965318,-1.3879,-0.021900000000000065,0.04388635347889989,24.474789076027992,90895.34012171435,43601.320415154434,0.6992929740083256,-0.7207618499660189,2.160465421235052,647.4863095288001,-635.2403869979579,1970.5837844749299,969.6565147569487,-322.17020522814875,40.0,16.18715773822,2.9930605389868448,-470.1473313587162,-213.81412845569912,246.7101281960816,2.4,3.0,1543.2750365790255,4629.825109737076,14.374804712205096,131.1700929988715,-10.315479938661984,0.11230128709430567,14552.711610856704,13.492016738118817,2.500666380540634,0.574267473465321
"COUNTERFACTUAL - assumed: licensed live feed + courtside camera, not purchased; parameters from our measurements",own120,1.0,0.25,10,0.95,1000.0,1000.0,0.005,region,D>=3c,cap1,ref_short,delay1,ref,decay,point,0.0,0.0,0.0,False,ref,IS,10,20795.0,3841.2,2940.1,792.7,0.14138494830488096,0.23461050958661495,0.1277999519115172,0.051267131522000485,0.8209329165664823,-1.3578,0.028699999999999948,0.02179122229820602,44.86858326199607,1296374.317795914,575858.7419079167,1.3270606781293135,-0.08360084010889475,2.726813093318054,17229.83788651321,-1030.234858185797,35382.388198722336,21261.51927288107,-4031.6813863678617,103.0,167.27997948071078,3.2734495020130745,-5487.503578810262,-2188.918982332244,2896.675273726628,3.4,4.0,9492.871850042347,28478.615550127044,59.67688488549156,211.4763396427614,-19.96036033850678,0.10840790108501619,16293.42271488643,88.158626375238,1.7162073566634786,0.683205909619075
"COUNTERFACTUAL - assumed: licensed live feed + courtside camera, not purchased; parameters from our measurements",own120,1.0,0.25,10,0.95,1000.0,1000.0,0.005,region,D>=3c,cap1,ref_short,delay1,ref,decay,point,0.0,0.0,0.0,False,ref,burned_OOS,10,7093.0,1296.4,989.8,286.7,0.13954603129846327,0.23650463976478484,0.10587903566896939,0.07042154236571269,0.823699421965318,-1.3879,-0.020750000000000067,0.021950723576224428,49.968491328768856,445000.2291003312,197606.9229491673,0.5810687692642977,-1.8472036594087675,2.98976433959787,2687.247260992692,-7941.312136947035,13519.110830784426,5027.246991460062,-2339.9997304673707,40.0,67.18118152481732,1.4200630988382645,-4921.708966466158,-1735.4913541347246,2457.50013466392,1.8,3.0,7673.740690951648,23021.22207285494,11.344094975339093,103.51486664996924,-21.525313505075587,0.1126232372498738,14552.711610856704,121.73236478815731,2.561583546039286,1.084228556956551
"COUNTERFACTUAL - assumed: licensed live feed + courtside camera, not purchased; parameters from our measurements",own120,1.0,0.25,10,0.99,100.0,1000.0,0.005,region,D>=3c,cap1,ref_short,delay1,ref,decay,point,0.0,0.0,0.0,False,ref,IS,10,20795.0,2950.9,2640.1,776.9,0.12695840346237078,0.10532485334638304,0.1277999519115172,0.051267131522000485,0.8209329165664823,-1.3578,0.03959999999999995,0.041279474482389666,21.683849136524433,220222.4395430543,105908.50530984001,2.189876447860447,1.2121134903625574,3.15174989375424,4829.47979498259,2678.1480667042574,6979.548315713486,5048.547700448973,-219.06790546638348,103.0,46.88815334934553,7.837561409950766,-392.0358405080402,-263.6589565887375,341.65173450046234,4.0,4.0,1681.8137959115527,5045.441387734659,97.49279383476605,345.48417232708357,-7.904288769353831,0.08254816616341534,16727.078721569836,10.976839845938157,2.0518480698892367,0.49437427134315365
"COUNTERFACTUAL - assumed: licensed live feed + courtside camera, not purchased; parameters from our measurements",own120,1.0,0.25,10,0.99,100.0,1000.0,0.005,region,D>=3c,cap1,ref_short,delay1,ref,decay,point,0.0,0.0,0.0,False,ref,burned_OOS,10,7093.0,1004.0,901.2,279.9,0.12705484280276327,0.10246147917023503,0.10587903566896939,0.07042154236571269,0.823699421965318,-1.3879,0.008949999999999958,0.03902084553564498,20.939844508938336,74763.76493296414,36376.42312362095,1.1920799947470755,-0.4539200697195761,2.895517884119043,897.9158278663253,-338.37797221146775,2155.195396383926,1172.9151420333408,-274.9993141670155,40.0,22.447895696658136,4.230856677459633,-381.86044548726085,-222.50496297053488,267.5923620524573,2.3,3.0,1389.2628007240496,4167.788402172149,21.43106984773036,195.55851236053954,-9.577383658091541,0.08633058031405623,15010.137792140635,12.17868969741623,2.43493083737293,0.6233897060269352
"COUNTERFACTUAL - assumed: licensed live feed + courtside camera, not purchased; parameters from our measurements",own120,1.0,0.25,10,0.99,1000.0,1000.0,0.005,region,D>=3c,cap1,ref_short,delay1,ref,decay,point,0.0,0.0,0.0,False,ref,IS,10,20795.0,3479.1,3112.8,776.9,0.149689829285886,0.10528661252366422,0.1277999519115172,0.051267131522000485,0.8209329165664823,-1.3578,0.03949999999999994,0.018071903717641887,29.60411397119683,1002364.5136208484,452712.41839241394,2.0863399943282745,0.3760367677330917,3.7796521534398515,20899.65431986135,3668.3344560442724,37992.49798817458,23758.95115251815,-2859.296832656798,103.0,202.90926524137234,4.186040761543123,-4399.484381493717,-1905.9326392492355,2701.0618645374752,3.6,4.0,7415.900695889766,22247.702087669295,93.7786363409741,332.32235208209266,-20.01971110184988,0.08390091112352276,16727.078721569836,95.7697264739372,1.844960263544905,0.9819622191085505
"COUNTERFACTUAL - assumed: licensed live feed + courtside camera, not purchased; parameters from our measurements",own120,1.0,0.25,10,0.99,1000.0,1000.0,0.005,region,D>=3c,cap1,ref_short,delay1,ref,decay,point,0.0,0.0,0.0,False,ref,burned_OOS,10,7093.0,1172.0,1051.4,279.9,0.14823064993655716,0.10298696545379533,0.10587903566896939,0.07042154236571269,0.823699421965318,-1.3879,0.009149999999999946,0.017418988460448336,32.47696757574899,340363.1148251132,154504.75878715125,0.8855764807138906,-2.1383980923115677,3.8444654901926087,3089.4159917583647,-7162.124473022355,13072.810620204838,5249.952107147246,-2160.536115388882,40.0,77.23539979395912,1.8324503950084392,-4206.545602101089,-1569.5603889659928,2163.853821770995,2.1,3.0,5946.069265732561,17838.20779719768,16.56579536923156,151.162882744238,-24.06974442144556,0.08682431967966261,15010.137792140635,134.947922967595,3.223729320359353,1.5918328305756217
"COUNTERFACTUAL - assumed: licensed live feed + courtside camera, not purchased; parameters from our measurements",own120,1.0,0.25,30,0.95,100.0,1000.0,0.005,region,D>=3c,cap1,ref_short,delay1,ref,decay,point,0.0,0.0,0.0,False,ref,IS,10,54704.0,8759.1,6690.6,2199.4,0.1223054986838257,0.23615608656392598,0.12733986545773618,0.05149897630886223,0.8211611582334015,-1.3554,0.03179999999999994,0.04200115188448736,20.80202521440267,656496.9126212249,310861.11025868484,1.3891268098107328,0.8357192295521244,1.9319051721958556,9122.936662204564,5463.184972856921,12735.731610366807,11548.251583945155,-2425.3149217405926,103.0,88.57220060392781,8.80292940239259,-651.5854252608984,-409.90635511826457,619.3460475677379,3.8,4.0,3293.1300711119134,9879.390213335739,94.0824049702725,333.39881372960633,-6.608751159313044,0.09293363415194085,34261.97727428671,21.37625281881959,2.37281248449941,0.3322498946404219
"COUNTERFACTUAL - assumed: licensed live feed + courtside camera, not purchased; parameters from our measurements",own120,1.0,0.25,30,0.95,100.0,1000.0,0.005,region,D>=3c,cap1,ref_short,delay1,ref,decay,point,0.0,0.0,0.0,False,ref,burned_OOS,10,17384.0,2770.5,2118.1,813.6,0.1218419236079153,0.23545898090359546,0.10941095260009204,0.0681028531983433,0.8224861942015647,-1.3867999999999998,-0.0023000000000000798,0.04098317527928231,22.179090526180797,214010.67314413068,101814.26778256083,1.0125715213195072,-0.011061174298117126,2.0190329615084366,2179.706341277769,-14.467693104976433,4340.078008872515,2874.273912058822,-694.5675707810531,40.0,54.49265853194422,5.811390033672845,-780.8460134942222,-355.91164307937953,445.0670469390232,2.4,3.0,2371.7319921010967,7115.195976303291,31.06712461962851,283.48751215411016,-11.52627843160544,0.09891526831595873,29607.073127243297,28.44611428079449,3.5661052887868947,0.5111622220150654
"COUNTERFACTUAL - assumed: licensed live feed + courtside camera, not purchased; parameters from our measurements",own120,1.0,0.25,30,0.95,1000.0,1000.0,0.005,region,D>=3c,cap1,ref_short,delay1,ref,decay,point,0.0,0.0,0.0,False,ref,IS,10,54704.0,10289.2,7867.5,2199.4,0.14381946475577656,0.23536307916791435,0.12733986545773618,0.05149897630886223,0.8211611582334015,-1.3554,0.03199999999999992,0.019313859256613573,32.0078237112702,3079295.458161769,1358670.1562865234,1.2406808681348036,0.28669794065138754,2.159287682065598,38209.14772831872,8787.921067888286,66372.13727361288,47952.552395936065,-9743.404667617353,103.0,370.9625993040652,4.818154483218992,-7083.761148190313,-3580.3517506516027,4246.651023810391,3.6,4.0,15356.705638763664,46070.116916290994,84.43044888776146,299.1952800391547,-15.42313908022614,0.09424791365707005,34261.97727428671,144.88279911059337,1.9200324778044828,0.4851006865911023
"COUNTERFACTUAL - assumed: licensed live feed + courtside camera, not purchased; parameters from our measurements",own120,1.0,0.25,30,0.95,1000.0,1000.0,0.005,region,D>=3c,cap1,ref_short,delay1,ref,decay,point,0.0,0.0,0.0,False,ref,burned_OOS,10,17384.0,3246.2,2484.6,813.6,0.1429245283018868,0.23459115656889357,0.10941095260009204,0.0681028531983433,0.8224861942015647,-1.3867999999999998,-0.0010500000000000953,0.01876373900160305,39.58672234131889,1027943.2942527892,452876.91371630307,0.9549990634103459,-0.7279751967313827,2.610857940796902,10086.162693316717,-7174.885103853323,27386.602036686167,12546.972985679065,-2460.8102923623474,40.0,252.15406733291792,3.340702853118997,-7704.485190955044,-2839.9816078505755,3266.8578142130746,2.2,3.0,11137.557745191643,33412.673235574934,31.362774187411567,286.1853144601306,-23.783389115321476,0.09910322333197644,29607.073127243297,232.80948392804657,3.07804867515792,0.8819737248175344
"COUNTERFACTUAL - assumed: licensed live feed + courtside camera, not purchased; parameters from our measurements",own120,1.0,0.25,30,0.99,100.0,1000.0,0.005,region,D>=3c,cap1,ref_short,delay1,ref,decay,point,0.0,0.0,0.0,False,ref,IS,10,54704.0,7976.5,7125.6,2151.5,0.13025738520035096,0.1066802919982743,0.12733986545773618,0.05149897630886223,0.8211611582334015,-1.3554,0.03929999999999993,0.037983539245529316,17.59868202568183,542931.2494736289,259771.96428640824,2.1529703270858795,1.5191557199369115,2.779951850932784,11700.408168519207,8237.128884449947,15139.082623516986,12348.160262971418,-647.7520944522105,103.0,113.59619581086608,11.75894632287334,-539.7414459802474,-373.56283936373995,619.3508879145207,4.0,4.0,2843.395046473089,8530.185139419267,138.56072900341925,491.016175594641,-6.301193415289143,0.074440250385774,35252.175409547715,17.84093003481893,2.354342961309742,0.323623776335143
"COUNTERFACTUAL - assumed: licensed live feed + courtside camera, not purchased; parameters from our measurements",own120,1.0,0.25,30,0.99,100.0,1000.0,0.005,region,D>=3c,cap1,ref_short,delay1,ref,decay,point,0.0,0.0,0.0,False,ref,burned_OOS,10,17384.0,2531.8,2267.5,792.1,0.13043603313391622,0.10438685009011994,0.10941095260009204,0.0681028531983433,0.8224861942015647,-1.3867999999999998,0.012399999999999944,0.03628789117248431,18.974591685640497,177091.8368839534,85586.90248683037,1.5985507202386886,0.4107922028570553,2.7767603587817598,2840.331498288287,737.3631127825862,4924.576920618768,3254.833856278042,-414.5023579897543,40.0,71.00828745720719,7.91128974333728,-572.3291553824573,-334.8599710893185,450.3490619808749,2.7,3.0,1985.3830288167949,5956.149086450385,48.50825209317734,442.6378003502432,-9.526037902459208,0.07737948597221617,30572.68915738467,20.643853475701842,2.7194977668586353,0.4335964638034055
"COUNTERFACTUAL - assumed: licensed live feed + courtside camera, not purchased; parameters from our measurements",own120,1.0,0.25,30,0.99,1000.0,1000.0,0.005,region,D>=3c,cap1,ref_short,delay1,ref,decay,point,0.0,0.0,0.0,False,ref,IS,10,54704.0,9295.2,8306.0,2151.5,0.15183533196841184,0.10642015541196778,0.12733986545773618,0.05149897630886223,0.8211611582334015,-1.3554,0.03929999999999993,0.01594994997103064,24.825737530925853,2384252.2644238984,1071301.7590313784,2.0671190723940254,0.9648360687702994,3.168894865968691,49314.9327124508,22741.8782073939,76056.67399882567,52683.84382443134,-3368.9111119805384,103.0,478.78575448981354,6.660158510060226,-5738.9811878281,-2835.274022703326,4077.6676896201197,3.8,4.0,12355.44644489151,37066.33933467453,135.22464765862938,479.1941397611623,-15.665121714079964,0.07584625027504174,35252.175409547715,131.28874324229807,1.9105954304536257,0.5606291121609467
"COUNTERFACTUAL - assumed: licensed live feed + courtside camera, not purchased; parameters from our measurements",own120,1.0,0.25,30,0.99,1000.0,1000.0,0.005,region,D>=3c,cap1,ref_short,delay1,ref,decay,point,0.0,0.0,0.0,False,ref,burned_OOS,10,17384.0,2939.7,2635.5,792.1,0.1516049240681086,0.10349641310284396,0.10941095260009204,0.0681028531983433,0.8224861942015647,-1.3867999999999998,0.012799999999999923,0.014683210705875286,26.804030605147794,790517.8388645209,356741.53753256594,1.4686363914764575,-0.5827950245224989,3.51749575034262,11815.252131619356,-4384.804252620559,28076.741555049393,14109.045764211061,-2293.7936325917044,40.0,295.3813032904839,4.193648860958479,-6163.174475423372,-2385.0226834228192,3280.1257132060173,2.5,3.0,8208.232632282685,24624.697896848047,49.758599181656464,454.0472175326151,-25.22398714145411,0.07766746922065362,30572.68915738467,173.81106783980934,2.401842966519879,0.8492447770495958
"COUNTERFACTUAL - assumed: licensed live feed + courtside camera, not purchased; parameters from our measurements",own120,1.0,0.5,3,0.95,100.0,1000.0,0.005,region,D>=3c,cap1,ref_short,delay1,ref,decay,point,0.0,0.0,0.0,False,ref,IS,10,6257.0,934.3,710.1,243.0,0.11348889244046667,0.24004755028139763,0.12793671088381015,0.050183794150551374,0.8218794949656385,-1.3625,0.026349999999999964,0.05021545565163384,36.922480166136175,92707.4410702898,44776.2965752428,1.5296191054262214,0.18981377558372034,2.9299171660204064,1423.6016203134623,195.7341721366125,2715.0176896527987,1770.7176023047955,-347.1159819913331,103.0,13.821374954499635,4.015339190471186,-331.2079684635879,-153.56538628172726,198.68078811013908,3.4,4.0,1386.7847430732406,4160.354229219722,34.26733875914488,121.43280239891146,-8.334695790251759,0.14564644401401788,10867.185704741698,5.61446957690432,1.555788218897424,0.6124396210985981
"COUNTERFACTUAL - assumed: licensed live feed + courtside camera, not purchased; parameters from our measurements",own120,1.0,0.5,3,0.95,100.0,1000.0,0.005,region,D>=3c,cap1,ref_short,delay1,ref,decay,point,0.0,0.0,0.0,False,ref,burned_OOS,10,2402.0,363.6,280.8,89.8,0.11690258118234804,0.22796134893090603,0.11407160699417154,0.06486261448792673,0.8210657785179019,-1.38905,-0.0012500000000000733,0.04991415795910319,35.11621298632578,36092.59060554508,17426.34496571898,0.8995663657810425,-1.257730469752913,3.127808046305185,332.4549873073944,-447.79282004988437,1134.3743390783718,672.5138767478493,-340.0588894404551,40.0,8.31137468268486,2.2149558483602396,-337.41952158544035,-132.70720464356683,194.25628023780158,1.7,3.0,991.3273233497479,2973.9819700492435,11.053708856459115,100.86509331518944,-11.817308858493517,0.14009820631290557,11427.234967683686,7.611393632017,1.97930946988601,0.7989855269080255
"COUNTERFACTUAL - assumed: licensed live feed + courtside camera, not purchased; parameters from our measurements",own120,1.0,0.5,3,0.95,1000.0,1000.0,0.005,region,D>=3c,cap1,ref_short,delay1,ref,decay,point,0.0,0.0,0.0,False,ref,IS,10,6257.0,1114.4,845.4,243.0,0.13511267380533803,0.24135030171826005,0.12793671088381015,0.050183794150551374,0.8218794949656385,-1.3625,0.02724999999999994,0.027384983375251755,80.09779258640181,498785.39205484337,226860.4821847104,1.7747431704610264,-0.40886635733261195,3.9814979199274574,8872.835333376617,-1952.169605825044,20070.75729878076,10176.452516191373,-1303.617182814755,103.0,86.14403236287977,2.9192251294226645,-3176.3222554036556,-1160.084206970595,1681.3975353960755,3.0,4.0,7509.495838685689,22528.487516057063,38.658361032829156,136.99322113575383,-15.381131264142743,0.14507700120481876,10867.185704741698,46.471505056105194,1.5503239042933334,0.9650177840039361
"COUNTERFACTUAL - assumed: licensed live feed + courtside camera, not purchased; parameters from our measurements",own120,1.0,0.5,3,0.95,1000.0,1000.0,0.005,region,D>=3c,cap1,ref_short,delay1,ref,decay,point,0.0,0.0,0.0,False,ref,burned_OOS,10,2402.0,430.6,333.1,89.8,0.1386761032472939,0.2266320987150964,0.11407160699417154,0.06486261448792673,0.8210657785179019,-1.38905,-0.0012500000000000623,0.02697593797550594,80.8051027612618,193769.2694055917,88731.88004408497,1.3019520145186656,-2.172167219053706,4.860689456472172,2522.5725145495717,-4083.4991184247606,9492.081174714102,4085.599829353983,-1563.027314804412,40.0,63.06431286373929,2.1094335438840957,-2608.8314915173846,-1046.304653362001,1662.3614030713954,1.8,3.0,5211.711163091379,15635.133489274134,16.572405572876583,151.22320085249888,-17.248765244124463,0.14194294070233535,11427.234967683686,59.939813630257795,2.2076362130767158,1.2315061360310446
"COUNTERFACTUAL - assumed: licensed live feed + courtside camera, not purchased; parameters from our measurements",own120,1.0,0.5,3,0.99,100.0,1000.0,0.005,region,D>=3c,cap1,ref_short,delay1,ref,decay,point,0.0,0.0,0.0,False,ref,IS,10,6257.0,848.0,754.8,238.7,0.12063289116189868,0.10992692953495169,0.12793671088381015,0.050183794150551374,0.8218794949656385,-1.3625,0.03919999999999997,0.04660526020049698,34.420175184100025,79483.79647215211,38710.648991578884,2.1936822471851967,0.6875197196582152,3.7701490324705156,1760.5628881668556,564.6172643674854,3006.8367304777757,2037.6288135797113,-277.06592541285585,103.0,17.092843574435488,5.2417332856659185,-279.1294644574524,-136.12807020814355,181.97703945789135,3.7,4.0,1162.4237047916329,3487.271114374899,49.646888591062286,175.9331488906576,-8.436018598519386,0.12175372419223993,11107.56992329951,7.162358317613223,2.200077005101007,0.8834085049653988
"COUNTERFACTUAL - assumed: licensed live feed + courtside camera, not purchased; parameters from our measurements",own120,1.0,0.5,3,0.99,100.0,1000.0,0.005,region,D>=3c,cap1,ref_short,delay1,ref,decay,point,0.0,0.0,0.0,False,ref,burned_OOS,10,2402.0,326.8,295.7,87.6,0.12310574521232306,0.0952529877428996,0.11407160699417154,0.06486261448792673,0.8210657785179019,-1.38905,0.01249999999999991,0.04693305794073702,32.43436957244084,29949.117900530895,14535.584345932166,1.3287629343645888,-1.2993174446607523,4.024548973808624,400.2991272162968,-375.21399459552424,1182.8198143312263,686.2558198192352,-285.95669260293835,40.0,10.007478180407421,2.6369427782809187,-331.7930910943634,-141.87348198695867,182.38568022306194,1.8,3.0,855.2481953223889,2565.7445859671666,16.178885346912647,147.6323287905779,-13.14577025522668,0.11496131865602259,11739.440951929102,9.179235332349378,2.212039534721881,1.2022364688065579
"COUNTERFACTUAL - assumed: licensed live feed + courtside camera, not purchased; parameters from our measurements",own120,1.0,0.5,3,0.99,1000.0,1000.0,0.005,region,D>=3c,cap1,ref_short,delay1,ref,decay,point,0.0,0.0,0.0,False,ref,IS,10,6257.0,1002.7,893.4,238.7,0.14278408182835226,0.10897793400742647,0.12793671088381015,0.050183794150551374,0.8218794949656385,-1.3625,0.03929999999999996,0.023979849424174415,61.202564959997275,409869.71609879326,189325.71226178663,2.3782444870273904,-0.20181204472899558,4.960498465002683,9782.393409747434,-695.0083214928557,20335.88333192667,11867.630621059083,-2085.237211311649,103.0,94.97469329851879,3.3440844092562694,-3105.6359395650843,-1189.895556731545,1679.9172467815347,3.2,4.0,6324.210942248818,18972.632826746452,49.5088944823389,175.44414064129805,-16.98867692156984,0.12163051928581717,11107.56992329951,54.23565592370646,1.8212141944305729,1.3749043323193808
"COUNTERFACTUAL - assumed: licensed live feed + courtside camera, not purchased; parameters from our measurements",own120,1.0,0.5,3,0.99,1000.0,1000.0,0.005,region,D>=3c,cap1,ref_short,delay1,ref,decay,point,0.0,0.0,0.0,False,ref,burned_OOS,10,2402.0,386.6,349.3,87.6,0.1454204829308909,0.0966645602007465,0.11407160699417154,0.06486261448792673,0.8210657785179019,-1.38905,0.01249999999999991,0.024190949769368655,58.31426159791922,157377.81414704275,73112.59175280468,1.9899079454686597,-2.2180288702726805,6.146570237414084,3112.0135736210127,-3397.8711568641966,9693.144990096738,4496.381776466027,-1384.3682028450144,40.0,77.80033934052531,2.7282912813007902,-2246.0190875217536,-1079.8108241429131,1503.2753845191523,1.9,3.0,4330.432233772966,12991.2967013189,25.93609656450757,236.66688115113166,-17.340768450165047,0.11744362667751318,11739.440951929102,62.35742270394675,2.2726625537096865,1.6090094761295248
"COUNTERFACTUAL - assumed: licensed live feed + courtside camera, not purchased; parameters from our measurements",own120,1.0,0.5,10,0.95,100.0,1000.0,0.005,region,D>=3c,cap1,ref_short,delay1,ref,decay,point,0.0,0.0,0.0,False,ref,IS,10,20795.0,3128.5,2390.2,792.7,0.11494109160855974,0.23603335001110773,0.1277999519115172,0.051267131522000485,0.8209329165664823,-1.3578,0.02799999999999996,0.049670843064797174,33.71305881128108,299278.47463786334,143549.67643290616,1.4516520266507653,0.6798381296746103,2.216915083050469,4354.093494869681,2028.4063124066802,6671.214703382777,5570.932823388284,-1216.839328518602,103.0,42.27275237737555,6.660836768354008,-485.0443713152878,-292.95810427042426,354.68821663982607,3.8,4.0,2170.466501370721,6511.399504112163,68.34441480692809,242.19137285950242,-7.440742143453626,0.13270042919002817,32586.84542977286,10.34649115454718,1.8872161712693862,0.33959981572796977
"COUNTERFACTUAL - assumed: licensed live feed + courtside camera, not purchased; parameters from our measurements",own120,1.0,0.5,10,0.95,100.0,1000.0,0.005,region,D>=3c,cap1,ref_short,delay1,ref,decay,point,0.0,0.0,0.0,False,ref,burned_OOS,10,7093.0,1066.4,814.5,286.7,0.11483152403778374,0.23624314252616227,0.10587903566896939,0.07042154236571269,0.823699421965318,-1.3879,-0.024500000000000088,0.048003317673394344,33.68678481626497,102288.01885561054,49462.89360196788,0.6643458902885578,-0.622695000649468,2.0196555600206088,692.6942064843984,-620.3545602263127,2060.948003078739,1013.8342737732186,-321.1400672888202,40.0,17.31735516210996,3.056650406771131,-462.5126450681353,-224.56784034610564,263.21556010823406,2.4,3.0,1709.640150687319,5128.920452061958,13.402264464754833,122.29566324088785,-9.274839042544041,0.13410279755819396,29105.42322171341,12.953642270434571,2.2233947758052475,0.48451102114383154
"COUNTERFACTUAL - assumed: licensed live feed + courtside camera, not purchased; parameters from our measurements",own120,1.0,0.5,10,0.95,1000.0,1000.0,0.005,region,D>=3c,cap1,ref_short,delay1,ref,decay,point,0.0,0.0,0.0,False,ref,IS,10,20795.0,3718.1,2843.7,792.7,0.13674921856215436,0.23519306560205822,0.1277999519115172,0.051267131522000485,0.8209329165664823,-1.3578,0.02949999999999995,0.026678488030659094,64.10368937954739,1566972.3364276201,709290.3049907684,1.632344570931813,0.3860202556848883,2.8572068557651016,25560.015287399856,6058.575398054438,44712.75399785807,28696.414655078388,-3136.399367678531,103.0,248.15548822718307,4.574806557058845,-5027.779115673061,-2282.764112593527,2992.804382910041,3.5,4.0,11398.514930609337,34195.54479182801,75.06040577693048,265.99075833572454,-15.184728185236802,0.13308338222081445,32586.84542977286,95.18789044272155,1.7144580138450816,0.6186196613700338
"COUNTERFACTUAL - assumed: licensed live feed + courtside camera, not purchased; parameters from our measurements",own120,1.0,0.5,10,0.95,1000.0,1000.0,0.005,region,D>=3c,cap1,ref_short,delay1,ref,decay,point,0.0,0.0,0.0,False,ref,burned_OOS,10,7093.0,1257.3,961.2,286.7,0.13551388693077682,0.23546590456757546,0.10587903566896939,0.07042154236571269,0.823699421965318,-1.3879,-0.020700000000000062,0.026200960384172266,71.21389857917514,541892.9447392417,246474.09478439204,0.8159200399979957,-1.2712970658356522,2.902260616942642,4529.063294846315,-6675.568507302812,15973.487187133427,6340.162436936094,-1811.0991420897803,40.0,113.22658237115789,2.3448689860932865,-4786.171239152998,-1803.765293569309,2398.347184898543,2.2,3.0,9359.302666849668,28077.908000549,16.778032743692872,153.0995487861975,-17.079698711427312,0.13447838255893305,29105.42322171341,122.20885550627202,2.590489569032316,0.8797962634101333
"COUNTERFACTUAL - assumed: licensed live feed + courtside camera, not purchased; parameters from our measurements",own120,1.0,0.5,10,0.99,100.0,1000.0,0.005,region,D>=3c,cap1,ref_short,delay1,ref,decay,point,0.0,0.0,0.0,False,ref,IS,10,20795.0,2834.1,2535.2,776.9,0.12191392161577301,0.10546608161193423,0.1277999519115172,0.051267131522000485,0.8209329165664823,-1.3578,0.03964999999999995,0.04642961264709704,31.71300819257445,255258.5297746847,123610.59224687195,2.201533199590174,1.3330956176629498,3.0570762581304263,5626.559182568989,3406.716036373119,7847.7294455943775,5869.334721736758,-242.77553916776907,103.0,54.62678818028145,8.813631900519244,-366.4624063638346,-259.80398063327965,376.9324102259373,4.0,4.0,1916.2699134116933,5748.8097402350795,98.78528703430796,350.0643666749748,-6.405443470251747,0.11225591817478664,33454.15744313967,10.985723752821768,2.1366740174629877,0.42475851748629495
"COUNTERFACTUAL - assumed: licensed live feed + courtside camera, not purchased; parameters from our measurements",own120,1.0,0.5,10,0.99,100.0,1000.0,0.005,region,D>=3c,cap1,ref_short,delay1,ref,decay,point,0.0,0.0,0.0,False,ref,burned_OOS,10,7093.0,966.0,867.1,279.9,0.12224728605667559,0.10242993718707982,0.10587903566896939,0.07042154236571269,0.823699421965318,-1.3879,0.008799999999999942,0.04392475577002323,31.065450160156285,86399.74119261441,42393.49824744667,1.0715822067432583,-0.4027714716888502,2.5966155769596533,932.8306706962343,-346.18619106006753,2232.4859544938486,1230.1881590496039,-297.3574883533695,40.0,23.32076676740586,4.07240582445932,-385.9800529917463,-233.67328375646372,277.11971525473615,2.6,3.0,1570.12759247023,4710.38277741069,19.802213758812236,180.69520054916165,-8.525627910721722,0.11070558985920423,30020.27558428127,11.932859633921682,1.9538567856756246,0.5277650728811002
"COUNTERFACTUAL - assumed: licensed live feed + courtside camera, not purchased; parameters from our measurements",own120,1.0,0.5,10,0.99,1000.0,1000.0,0.005,region,D>=3c,cap1,ref_short,delay1,ref,decay,point,0.0,0.0,0.0,False,ref,IS,10,20795.0,3344.6,2992.8,776.9,0.14391921134888194,0.10517221466224111,0.1277999519115172,0.051267131522000485,0.8209329165664823,-1.3578,0.03949999999999994,0.023963356131661492,53.829752304016985,1286428.441034404,592764.6893646406,2.272126814052406,0.8254543572965678,3.6886513539346275,29163.656926825897,10539.266726289809,48025.54508688139,32422.35742839201,-3258.7005015661152,103.0,283.14230026044555,5.376766354597635,-4148.858446365205,-2223.176392345616,2917.8009475199674,3.9,4.0,9688.443678071239,29065.33103421372,101.24415368067825,358.7778261499763,-14.510237545053982,0.11281385182220778,33454.15744313967,107.13902631723435,1.8353542853832543,0.8701848459286463
"COUNTERFACTUAL - assumed: licensed live feed + courtside camera, not purchased; parameters from our measurements",own120,1.0,0.5,10,0.99,1000.0,1000.0,0.005,region,D>=3c,cap1,ref_short,delay1,ref,decay,point,0.0,0.0,0.0,False,ref,burned_OOS,10,7093.0,1127.7,1011.9,279.9,0.14266177921894824,0.10272432413870725,0.10587903566896939,0.07042154236571269,0.823699421965318,-1.3879,0.009099999999999952,0.023099091876337397,55.132990563214925,440009.3331089431,204615.1409380949,1.1303828091405994,-1.3751986512101464,3.646274249544547,5064.795890748927,-5904.561040040213,16131.125074890104,7097.739380890549,-2032.9434901416237,40.0,126.61989726872321,2.7872086320514997,-4086.6212566454424,-1786.9675991089891,2235.23743279288,2.2,3.0,7494.150246151288,22482.450738453863,22.292917531684605,203.42287247662205,-18.57845584276601,0.11150128035835023,30020.27558428127,131.47532342213987,2.958012798392104,1.1777643131039088
"COUNTERFACTUAL - assumed: licensed live feed + courtside camera, not purchased; parameters from our measurements",own120,1.0,0.5,30,0.95,100.0,1000.0,0.005,region,D>=3c,cap1,ref_short,delay1,ref,decay,point,0.0,0.0,0.0,False,ref,IS,10,54704.0,8460.4,6461.7,2199.4,0.11812116115823341,0.2362374435716721,0.12733986545773618,0.05149897630886223,0.8211611582334015,-1.3554,0.031099999999999926,0.04641362925963176,29.423993336663234,745583.0687396973,356095.7655726904,1.5298638300851664,1.031245567148945,2.024916296820565,11410.129298004213,7656.258113188402,15100.612043994304,13826.854042765026,-2416.7247447608156,103.0,110.77795434955544,10.600454633822007,-567.5850713687674,-410.9959874277879,659.3293909569063,4.0,4.0,3729.1036555134133,11187.310966540239,103.53116511898413,366.88228415950687,-5.135449202224667,0.11269776767398129,68523.95454857343,23.21189424714924,2.5330218716615462,0.3165715076852889
"COUNTERFACTUAL - assumed: licensed live feed + courtside camera, not purchased; parameters from our measurements",own120,1.0,0.5,30,0.95,100.0,1000.0,0.005,region,D>=3c,cap1,ref_short,delay1,ref,decay,point,0.0,0.0,0.0,False,ref,burned_OOS,10,17384.0,2682.6,2051.2,813.6,0.11799355729406351,0.23534213286939493,0.10941095260009204,0.0681028531983433,0.8224861942015647,-1.3867999999999998,-0.002750000000000097,0.04503926553990102,30.327340592938327,240671.6443101846,115585.49923370771,1.0374679570032237,0.1034295167292856,1.9638923926207887,2505.2413996850505,260.12209012405606,4743.851336965102,3158.426320079331,-653.1849203942808,40.0,62.63103499212626,6.5264932792331365,-696.2425228237086,-337.53564212061855,486.0129286033699,2.4,3.0,2705.13207843081,8115.39623529243,31.000078975286506,282.8757206494894,-8.984288113809988,0.11611236640092529,59214.14625448659,28.445759093926668,3.475228263714106,0.45688869689047235
"COUNTERFACTUAL - assumed: licensed live feed + courtside camera, not purchased; parameters from our measurements",own120,1.0,0.5,30,0.95,1000.0,1000.0,0.005,region,D>=3c,cap1,ref_short,delay1,ref,decay,point,0.0,0.0,0.0,False,ref,IS,10,54704.0,10008.2,7650.3,2199.4,0.13984900555718047,0.2355950236993775,0.12733986545773618,0.05149897630886223,0.8211611582334015,-1.3554,0.03164999999999994,0.023500868721878555,52.430316507459,3737697.7601847774,1680002.6829017154,1.548697808946263,0.7201939601610275,2.332937047781352,57871.90994536589,26784.111528311063,87739.55026107193,66181.77961022584,-8309.869664859956,103.0,561.8632033530669,6.7508645294031755,-6287.394881988818,-3692.67139805791,4649.387004767794,3.8,4.0,18329.799664452876,54989.39899335862,107.84302334243344,382.16217009697294,-11.47460628762705,0.11350595037242628,68523.95454857343,152.16944645004668,1.918226814464847,0.4207430222779099
"COUNTERFACTUAL - assumed: licensed live feed + courtside camera, not purchased; parameters from our measurements",own120,1.0,0.5,30,0.95,1000.0,1000.0,0.005,region,D>=3c,cap1,ref_short,delay1,ref,decay,point,0.0,0.0,0.0,False,ref,burned_OOS,10,17384.0,3155.4,2415.4,813.6,0.13894385641969625,0.2344935924948773,0.10941095260009204,0.0681028531983433,0.8224861942015647,-1.3867999999999998,-0.00140000000000009,0.022959314822139528,57.68841877707987,1257231.473811179,567346.7665634884,1.154318944374086,-0.30526700217399183,2.5749986784499472,14753.21497011113,-3524.8257420632863,32832.97062140978,16104.229787206441,-1351.014817095311,40.0,368.83037425277837,4.607369468845747,-6611.299528262571,-3056.64554987791,3558.946673233126,2.4,3.0,13635.008593831404,40905.02578149422,37.31767527404743,340.5237868756829,-17.05093279429351,0.11687951056975257,59214.14625448659,217.94941656875994,2.8471021295210335,0.6659826524418184
"COUNTERFACTUAL - assumed: licensed live feed + courtside camera, not purchased; parameters from our measurements",own120,1.0,0.5,30,0.99,100.0,1000.0,0.005,region,D>=3c,cap1,ref_short,delay1,ref,decay,point,0.0,0.0,0.0,False,ref,IS,10,54704.0,7663.2,6847.0,2151.5,0.12516452178999707,0.10651301600503574,0.12733986545773618,0.05149897630886223,0.8211611582334015,-1.3554,0.03909999999999993,0.0431838833016244,27.95165101326895,634291.8055733874,306017.0983024394,2.2078684542110367,1.6454113876826575,2.7623104958651505,14016.142148101155,10432.449581863808,17541.777223773992,14693.058966116048,-676.9168180148888,103.0,136.07904998156465,13.460036426147663,-548.9861325492401,-379.4145505076897,651.4418359784659,4.0,4.0,3304.9552577170143,9914.865773151043,142.00328585660222,503.2155275500953,-5.586500643457428,0.09788430649291723,70504.35081909543,20.042024169881714,2.479281808226801,0.31008604078971747
"COUNTERFACTUAL - assumed: licensed live feed + courtside camera, not purchased; parameters from our measurements",own120,1.0,0.5,30,0.99,100.0,1000.0,0.005,region,D>=3c,cap1,ref_short,delay1,ref,decay,point,0.0,0.0,0.0,False,ref,burned_OOS,10,17384.0,2439.7,2185.4,792.1,0.12571329958582605,0.10423670185721512,0.10941095260009204,0.0681028531983433,0.8224861942015647,-1.3867999999999998,0.012499999999999933,0.04110776312080187,28.527131796341898,204812.51023617754,99875.87328795766,1.5250868575171654,0.4593942515790913,2.5842094578869794,3125.8373077032925,940.8151995414107,5268.554282481025,3540.8626695614926,-415.0253618582004,40.0,78.1459326925823,8.539875952552219,-524.144182647829,-322.0141128717011,471.51727195107,2.7,3.0,2350.134914029147,7050.404742087441,45.05760092485781,411.1506084393275,-7.400679675547137,0.09752644818004,61145.37831476934,19.516668573071712,2.585197412961316,0.3644750695687419
"COUNTERFACTUAL - assumed: licensed live feed + courtside camera, not purchased; parameters from our measurements",own120,1.0,0.5,30,0.99,1000.0,1000.0,0.005,region,D>=3c,cap1,ref_short,delay1,ref,decay,point,0.0,0.0,0.0,False,ref,IS,10,54704.0,8990.7,8034.0,2151.5,0.14686311787072243,0.10640814492512687,0.12733986545773618,0.05149897630886223,0.8211611582334015,-1.3554,0.03939999999999992,0.021027176627592084,45.33344388472999,3077030.2231410467,1408692.8933441073,2.226600306666658,1.2993596919465475,3.171571242038873,68515.53730934345,39926.174553203295,97649.28216399897,72544.08190693155,-4028.5445975880953,103.0,665.199391352849,8.387392238278299,-5413.402558420287,-3147.5148576963034,4587.048147642894,4.0,4.0,15485.224267610838,46455.672802832516,149.6836001869149,530.4321754196499,-11.690014468927309,0.09833186772759306,70504.35081909543,136.68134882692036,1.9089242233791006,0.4554576863948957
"COUNTERFACTUAL - assumed: licensed live feed + courtside camera, not purchased; parameters from our measurements",own120,1.0,0.5,30,0.99,1000.0,1000.0,0.005,region,D>=3c,cap1,ref_short,delay1,ref,decay,point,0.0,0.0,0.0,False,ref,burned_OOS,10,17384.0,2841.1,2545.8,792.1,0.14644500690289922,0.10393825520575142,0.10941095260009204,0.0681028531983433,0.8224861942015647,-1.3867999999999998,0.012799999999999923,0.019949251735025507,48.32202065125456,1028001.9891860832,475245.9426609461,1.5709096092914856,-0.14565136317257452,3.2982821662343342,16344.157584087621,-1278.5122642733768,34019.4977990411,18367.109268266275,-2022.951684178655,40.0,408.6039396021905,5.356915869074451,-5670.468666797349,-2697.667297223043,3825.294740960801,2.6,3.0,11079.58652304448,33238.75956913344,50.697268406911355,462.61257421306607,-17.30366275160869,0.0982205141890525,61145.37831476934,161.99814587199677,2.0163585298210305,0.5806380952199413
"COUNTERFACTUAL - assumed: licensed live feed + courtside camera, not purchased; parameters from our measurements",own120,1.0,1.0,3,0.95,100.0,1000.0,0.005,region,D>=3c,cap1,ref_short,delay1,ref,decay,point,0.0,0.0,0.0,False,ref,IS,10,6257.0,902.6,686.7,243.0,0.10974908102924726,0.23922024070994824,0.12793671088381015,0.050183794150551374,0.8218794949656385,-1.3625,0.02729999999999997,0.05416377561858045,48.79985956059118,103380.01242579866,50219.64605457904,1.6100286062659308,0.37993835139371346,2.8849592795653707,1666.4952051692926,399.34784305585606,2992.6202317947855,2093.500178815344,-427.00497364605144,103.0,16.179565098730997,4.5819812034659915,-303.41925632223945,-165.69378844047668,215.84284203837242,3.4,4.0,1509.9339756912473,4529.801927073741,37.28634936365151,132.1312380362408,-6.992125385860092,0.2419405727254047,21734.371409483396,5.992938216401818,1.6129410772106105,0.5936357350089086
"COUNTERFACTUAL - assumed: licensed live feed + courtside camera, not purchased; parameters from our measurements",own120,1.0,1.0,3,0.95,100.0,1000.0,0.005,region,D>=3c,cap1,ref_short,delay1,ref,decay,point,0.0,0.0,0.0,False,ref,burned_OOS,10,2402.0,348.0,268.5,89.8,0.11178184845961699,0.22858093384053238,0.11407160699417154,0.06486261448792673,0.8210657785179019,-1.38905,-0.0005500000000000837,0.05530774684043779,49.65788798226457,40175.7231107582,19507.998367820972,0.8712406236682474,-1.134959594706721,2.9357770510964794,358.6183680037587,-447.3041612683679,1192.3309903388383,691.3654899016256,-332.7471218978669,40.0,8.965459200093965,2.2579579612277922,-350.42847854185624,-141.1060134429681,200.9060266547468,1.7,3.0,1075.6259470728107,3226.877841218433,11.03880236854436,100.72907161296727,-11.267609263102559,0.24097764160643304,22854.46993536737,8.802439597781605,2.1803762663103035,0.8364129337240018
"COUNTERFACTUAL - assumed: licensed live feed + courtside camera, not purchased; parameters from our measurements",own120,1.0,1.0,3,0.95,1000.0,1000.0,0.005,region,D>=3c,cap1,ref_short,delay1,ref,decay,point,0.0,0.0,0.0,False,ref,IS,10,6257.0,1083.7,821.4,243.0,0.1312769697938309,0.24199677374219847,0.12793671088381015,0.050183794150551374,0.8218794949656385,-1.3625,0.026999999999999958,0.031434784661909534,115.47069220172526,588078.6808543253,271873.0995617417,1.8912883843952009,-0.029056993025532152,3.86135061065322,11138.96417831553,-129.16523087762044,22777.44988701407,12191.928508923085,-1052.964330607553,103.0,108.14528328461681,3.5028993238910786,-3115.605332130284,-1160.0347398327872,1774.191530997413,3.1,4.0,8822.212245656738,26466.63673697021,42.16856033829737,149.4322769269761,-12.755454725311592,0.2412800824494193,21734.371409483396,39.75041369741104,1.2185524641360557,0.6895038382447646
"COUNTERFACTUAL - assumed: licensed live feed + courtside camera, not purchased; parameters from our measurements",own120,1.0,1.0,3,0.95,1000.0,1000.0,0.005,region,D>=3c,cap1,ref_short,delay1,ref,decay,point,0.0,0.0,0.0,False,ref,burned_OOS,10,2402.0,418.3,323.4,89.8,0.13463780183180685,0.22707740104882318,0.11407160699417154,0.06486261448792673,0.8210657785179019,-1.38905,-0.002900000000000069,0.03123139883896734,114.95511803971628,227934.3209885486,105813.81979684709,1.3621466553031765,-1.6899018824553096,4.538871975149145,3121.668310641225,-3699.2205271468506,10300.358361841347,4512.081005369268,-1390.4126947280433,40.0,78.04170776603061,2.4443352446046207,-2575.042632462527,-1106.9938658811404,1747.6405938316752,1.8,3.0,6000.653180859922,18001.959542579767,17.861840329182122,162.98929300378683,-14.81744025960874,0.24314931299468726,22854.46993536737,62.39483187483478,2.282058273705803,1.0849045566741395
"COUNTERFACTUAL - assumed: licensed live feed + courtside camera, not purchased; parameters from our measurements",own120,1.0,1.0,3,0.99,100.0,1000.0,0.005,region,D>=3c,cap1,ref_short,delay1,ref,decay,point,0.0,0.0,0.0,False,ref,IS,10,6257.0,813.7,723.8,238.7,0.11567844014703532,0.1104999704337822,0.12793671088381015,0.050183794150551374,0.8218794949656385,-1.3625,0.03919999999999997,0.05166590632877173,48.33263009356353,90366.5889140821,44273.02075725782,2.2367324138563225,0.8578197929273352,3.683794091818121,2036.5200393058512,796.1103431696068,3325.512364860189,2344.156917269599,-307.63687796374774,103.0,19.772039216561666,5.817325655880125,-268.7165873298021,-137.56683622288256,196.82842363848704,3.8,4.0,1299.1560684937854,3897.4682054813557,51.81341441530876,183.6106433163854,-7.096558364327004,0.23451746617029814,22215.13984659902,7.593350881672215,2.1894375715411867,0.8259077153910445
"COUNTERFACTUAL - assumed: licensed live feed + courtside camera, not purchased; parameters from our measurements",own120,1.0,1.0,3,0.99,100.0,1000.0,0.005,region,D>=3c,cap1,ref_short,delay1,ref,decay,point,0.0,0.0,0.0,False,ref,burned_OOS,10,2402.0,311.3,281.2,87.6,0.1170691090757702,0.09661153656352262,0.11407160699417154,0.06486261448792673,0.8210657785179019,-1.38905,0.012699999999999911,0.05308444608391816,48.263150224786166,34112.178284475216,16692.717936827954,1.2024415578123349,-1.2191868358376987,3.6914116411156668,413.0191825086172,-404.704913543568,1245.5533837106755,722.466158363602,-309.44697585498477,40.0,10.32547956271543,2.5256432659585557,-348.84141217025007,-149.82209128299968,191.37323508134682,1.7,3.0,952.4281888483498,2857.2845665450495,14.952261468018012,136.43938589566437,-12.581148369016038,0.23453580561466744,23478.881903858204,11.018569834543948,2.525103854501917,1.262339203353205
"COUNTERFACTUAL - assumed: licensed live feed + courtside camera, not purchased; parameters from our measurements",own120,1.0,1.0,3,0.99,1000.0,1000.0,0.005,region,D>=3c,cap1,ref_short,delay1,ref,decay,point,0.0,0.0,0.0,False,ref,IS,10,6257.0,969.5,862.6,238.7,0.13786159501358478,0.11020164356495159,0.12793671088381015,0.050183794150551374,0.8218794949656385,-1.3625,0.03919999999999997,0.029007152986518715,106.59666085107105,503251.79914098314,236150.84995625354,2.4205921476987102,0.2322242977874943,4.645146091226029,12215.221090641162,1187.7036380432498,23432.579511183092,14346.714039416063,-2131.4929487749014,103.0,118.594379520788,3.9668800647550064,-3038.5955337616642,-1172.8122759056487,1753.5265489323247,3.8,4.0,7553.990879842482,22661.972639527445,53.47632634203992,189.503486551889,-13.917277543568522,0.23529638662774377,22215.13984659902,47.73372279920048,1.5497856503774792,0.9676730898030053
"COUNTERFACTUAL - assumed: licensed live feed + courtside camera, not purchased; parameters from our measurements",own120,1.0,1.0,3,0.99,1000.0,1000.0,0.005,region,D>=3c,cap1,ref_short,delay1,ref,decay,point,0.0,0.0,0.0,False,ref,burned_OOS,10,2402.0,373.3,337.4,87.6,0.14046627810158202,0.09631103664465901,0.11407160699417154,0.06486261448792673,0.8210657785179019,-1.38905,0.012549999999999928,0.02923950677304347,102.56290846360147,191862.0434584904,90223.97547966508,2.0236734804205603,-1.5609594337043975,5.613484202217892,3860.886871195836,-2909.5010894364123,10779.900117323628,5203.874338314129,-1342.987467118293,40.0,96.52217177989591,3.116366154209677,-2518.141027173379,-1189.81194214847,1650.6319571637111,2.0,3.0,5160.964560957802,15482.89368287341,25.612744324789116,233.71629196370068,-16.364573448543116,0.23523836127872272,23478.881903858204,71.31185729169262,2.3961194115612026,1.516148514248049
"COUNTERFACTUAL - assumed: licensed live feed + courtside camera, not purchased; parameters from our measurements",own120,1.0,1.0,10,0.95,100.0,1000.0,0.005,region,D>=3c,cap1,ref_short,delay1,ref,decay,point,0.0,0.0,0.0,False,ref,IS,10,20795.0,3014.6,2304.4,792.7,0.11081509978360182,0.23562646696564107,0.1277999519115172,0.051267131522000485,0.8209329165664823,-1.3578,0.028549999999999975,0.05402097909870607,46.12892443574121,334249.7178157567,161390.10199700348,1.5228659218247091,0.8200925491199642,2.2282975525873776,5096.255844487961,2722.601471750976,7455.9769802116625,6310.71385824454,-1214.458013756578,103.0,49.478212082407396,7.622688556164185,-450.6169932290031,-270.35474288119394,375.0510381307314,3.8,4.0,2360.8959438881325,7082.687831664397,73.02797908874552,258.78846958633125,-6.394245772899619,0.22083119362875075,65173.69085954572,10.963019824933367,2.0525666522420085,0.32914400334092286
"COUNTERFACTUAL - assumed: licensed live feed + courtside camera, not purchased; parameters from our measurements",own120,1.0,1.0,10,0.95,100.0,1000.0,0.005,region,D>=3c,cap1,ref_short,delay1,ref,decay,point,0.0,0.0,0.0,False,ref,burned_OOS,10,7093.0,1027.9,784.6,286.7,0.11061610038065699,0.2366749643468146,0.10587903566896939,0.07042154236571269,0.823699421965318,-1.3879,-0.02155000000000009,0.052447295845323184,46.663693211015655,113985.75603335712,55446.355242715545,0.6388996525571773,-0.5547955520138276,1.8752270399332058,739.109966459532,-622.286800390057,2154.045194983403,1056.9047858334059,-317.794819373874,40.0,18.477749161488298,3.045312126978783,-478.8325631400974,-225.9981789804438,275.28791187619595,2.5,3.0,1898.6483962932205,5695.94518887966,12.933317174963028,118.01651922153762,-8.733660017716034,0.23024257186397543,58210.84644342682,12.124613998035496,1.8449973392436936,0.40809556881347864
"COUNTERFACTUAL - assumed: licensed live feed + courtside camera, not purchased; parameters from our measurements",own120,1.0,1.0,10,0.95,1000.0,1000.0,0.005,region,D>=3c,cap1,ref_short,delay1,ref,decay,point,0.0,0.0,0.0,False,ref,IS,10,20795.0,3612.4,2763.6,792.7,0.13289733108920415,0.2349776316813518,0.1277999519115172,0.051267131522000485,0.8209329165664823,-1.3578,0.02849999999999995,0.030739257495145406,103.1531763392843,1854800.2889079961,852507.0946145996,1.799857723861047,0.7126402278219992,2.887976758421943,33383.87231193214,13138.467388309426,53723.27914806279,36065.13046995378,-2681.2581580216365,103.0,324.11526516438977,5.809571692094283,-4467.3357629176435,-2293.4764569855397,3155.4465212601744,3.9,4.0,13571.900742872123,40715.70222861636,82.91997714860182,293.8426374683462,-11.292890701930794,0.22039896424047029,65173.69085954572,80.87750599284249,1.5466520399304573,0.43841633646312295
"COUNTERFACTUAL - assumed: licensed live feed + courtside camera, not purchased; parameters from our measurements",own120,1.0,1.0,10,0.95,1000.0,1000.0,0.005,region,D>=3c,cap1,ref_short,delay1,ref,decay,point,0.0,0.0,0.0,False,ref,burned_OOS,10,7093.0,1222.2,934.4,286.7,0.13173551388693075,0.23543659122486443,0.10587903566896939,0.07042154236571269,0.823699421965318,-1.3879,-0.020800000000000086,0.030184412655225795,105.62729264001484,640537.0308061672,296700.07917961973,0.9014940577467996,-0.9237146688994564,2.7415958980696034,5889.498699932281,-5740.937443920545,17787.956371210916,7487.979943186097,-1598.4812432538151,40.0,147.237467498307,2.8400384160001435,-4520.708241232455,-2008.6891959318068,2547.7378200161165,2.3,3.0,10757.18367068291,32271.551012048738,19.50783819059558,178.00902348918467,-14.141372723009159,0.23137175096416582,58210.84644342682,137.3390779914365,2.6530436110281417,0.8289222606470371
"COUNTERFACTUAL - assumed: licensed live feed + courtside camera, not purchased; parameters from our measurements",own120,1.0,1.0,10,0.99,100.0,1000.0,0.005,region,D>=3c,cap1,ref_short,delay1,ref,decay,point,0.0,0.0,0.0,False,ref,IS,10,20795.0,2718.6,2432.5,776.9,0.11697523443135369,0.10524190775607241,0.1277999519115172,0.051267131522000485,0.8209329165664823,-1.3578,0.03969999999999994,0.05147182566109528,45.13699431626646,291284.4201528939,142024.25779446942,2.1499431150775936,1.3661422003616894,2.9316878094266694,6267.596886585386,3976.0857533907497,8535.482906434583,6523.463982854538,-255.8670962691524,103.0,60.850455209566846,9.54776215433468,-383.4518279094853,-238.5572997498221,391.70575022737984,4.0,4.0,2157.443740005003,6472.3312200150085,97.96635209187812,347.1623156653933,-5.996603682849406,0.21557224874989264,66908.31488627935,10.841928065713411,2.1379788520955487,0.3689710591424991
"COUNTERFACTUAL - assumed: licensed live feed + courtside camera, not purchased; parameters from our measurements",own120,1.0,1.0,10,0.99,100.0,1000.0,0.005,region,D>=3c,cap1,ref_short,delay1,ref,decay,point,0.0,0.0,0.0,False,ref,burned_OOS,10,7093.0,924.4,828.5,279.9,0.11680530100098688,0.1037684167671948,0.10587903566896939,0.07042154236571269,0.823699421965318,-1.3879,0.008949999999999948,0.04947641446316666,46.094593215121634,98155.0997553782,48437.27680365749,0.9656530150244708,-0.39498329671123583,2.361402624939436,951.3602375415733,-385.28851335243957,2296.671098039134,1294.8001494160285,-343.43991187445533,40.0,23.78400593853933,3.857950299565857,-384.01528658835593,-224.49335345153594,294.71844852232067,2.6,3.0,1750.240969865282,5250.722909595846,18.597351450732344,169.70083198793265,-7.569833585480948,0.22381237770261117,60040.55116856254,11.403251761722634,1.5481818885614553,0.45190487108534133
"COUNTERFACTUAL - assumed: licensed live feed + courtside camera, not purchased; parameters from our measurements",own120,1.0,1.0,10,0.99,1000.0,1000.0,0.005,region,D>=3c,cap1,ref_short,delay1,ref,decay,point,0.0,0.0,0.0,False,ref,IS,10,20795.0,3233.1,2891.9,776.9,0.13906708343351767,0.10552919448181922,0.1277999519115172,0.051267131522000485,0.8209329165664823,-1.3578,0.03939999999999995,0.02891707440259097,96.57033903604308,1586939.10629237,741597.9052755017,2.3988134908103564,1.1766037757257555,3.621591316865934,38010.67212684828,18551.96694189078,57982.403841852945,41517.346820501334,-3506.6746936530626,103.0,369.0356517169736,6.731072497775855,-3914.0843452032013,-2277.502648740695,3091.8062230982437,3.9,4.0,12060.939133325797,36182.8173999774,105.73885708511148,374.70565860257955,-10.963743451826172,0.21593833403542778,66908.31488627935,91.6407368807884,1.5708003255782552,0.60530052302614
"COUNTERFACTUAL - assumed: licensed live feed + courtside camera, not purchased; parameters from our measurements",own120,1.0,1.0,10,0.99,1000.0,1000.0,0.005,region,D>=3c,cap1,ref_short,delay1,ref,decay,point,0.0,0.0,0.0,False,ref,burned_OOS,10,7093.0,1091.1,979.4,279.9,0.13807979698294093,0.10243948838261466,0.10587903566896939,0.07042154236571269,0.823699421965318,-1.3879,0.009399999999999954,0.02777373323873713,95.7494673732219,542863.1104162597,256523.56951100915,1.2385986317400057,-0.8585385065397135,3.399645647583308,6828.457451056264,-4477.947335071574,18380.263407510625,8909.867043031109,-2081.409591974846,40.0,170.71143627640657,3.457720734340234,-4241.259831787562,-2003.6687421687716,2439.2165881455253,2.3,3.0,9439.761345671286,28319.28403701385,24.38855185961341,222.54553571897242,-15.397445930889685,0.2247285794925161,60040.55116856254,144.14659354392063,3.031339409218601,1.030641481719039
"COUNTERFACTUAL - assumed: licensed live feed + courtside camera, not purchased; parameters from our measurements",own120,1.0,1.0,30,0.95,100.0,1000.0,0.005,region,D>=3c,cap1,ref_short,delay1,ref,decay,point,0.0,0.0,0.0,False,ref,IS,10,54704.0,8167.8,6239.3,2199.4,0.11405564492541678,0.23610860975301157,0.12733986545773618,0.05149897630886223,0.8211611582334015,-1.3554,0.03214999999999994,0.05070088981718037,40.3435739354726,836277.1598632263,402403.1819364,1.6066413878777042,1.1540891264304882,2.061797388547156,13438.386160120359,9653.399135616017,17266.949311862576,15830.954477377963,-2392.5683172576055,103.0,130.46976854485786,12.253910831430815,-566.5611009771158,-387.906206506081,660.5421329366517,4.0,4.0,4220.343937456199,12661.031812368596,107.50447003188881,380.96244234601375,-4.487457676143996,0.18162340994058024,137047.90909714685,24.236097081785893,2.7918908669179303,0.2956415287876347
"COUNTERFACTUAL - assumed: licensed live feed + courtside camera, not purchased; parameters from our measurements",own120,1.0,1.0,30,0.95,100.0,1000.0,0.005,region,D>=3c,cap1,ref_short,delay1,ref,decay,point,0.0,0.0,0.0,False,ref,burned_OOS,10,17384.0,2593.7,1983.0,813.6,0.11407040957202026,0.23541719416660084,0.10941095260009204,0.0681028531983433,0.8224861942015647,-1.3867999999999998,-0.0033000000000001028,0.049174062016750515,41.75144622495107,268322.3611749737,129786.66271676817,1.0461333812551075,0.1958900700780657,1.8995140733717624,2815.622838059631,520.8831876161306,5115.7851476891565,3408.7821953034786,-593.1593572438474,40.0,70.39057095149079,7.268959947662613,-639.5973775952134,-333.5142511067912,491.4833472159253,2.6,3.0,3069.767043848286,9209.301131544858,30.244399632288587,275.9801466446334,-7.22033476535537,0.2008284172122111,118428.29250897319,31.012969494723023,3.60540639942939,0.44877131702650064
"COUNTERFACTUAL - assumed: licensed live feed + courtside camera, not purchased; parameters from our measurements",own120,1.0,1.0,30,0.95,1000.0,1000.0,0.005,region,D>=3c,cap1,ref_short,delay1,ref,decay,point,0.0,0.0,0.0,False,ref,IS,10,54704.0,9724.4,7431.4,2199.4,0.13584747002047384,0.2357966013947693,0.12733986545773618,0.05149897630886223,0.8211611582334015,-1.3554,0.031249999999999944,0.027720698078599244,84.7580343855482,4470425.477867291,2042292.5142577488,1.782859230057556,1.0521545576153688,2.477774914597697,79702.14128676508,46555.91346406154,111276.47963998192,87476.892809174,-7774.751522408912,103.0,773.8071969588842,8.71464928476065,-5591.562616330428,-3728.9147136501247,5167.807946484392,3.9,4.0,21926.292776905408,65778.87833071621,123.40633588864057,437.313714556833,-8.505939159942711,0.18287378521365977,137047.90909714685,144.196027922623,1.767320543854868,0.3317255246155983
"COUNTERFACTUAL - assumed: licensed live feed + courtside camera, not purchased; parameters from our measurements",own120,1.0,1.0,30,0.95,1000.0,1000.0,0.005,region,D>=3c,cap1,ref_short,delay1,ref,decay,point,0.0,0.0,0.0,False,ref,burned_OOS,10,17384.0,3064.2,2344.5,813.6,0.13486539346525542,0.2348390251612495,0.10941095260009204,0.0681028531983433,0.8224861942015647,-1.3867999999999998,-0.001100000000000101,0.027257593099499666,92.60567385727128,1494968.923963171,687116.10958966,1.3046868903659237,0.01785929445433281,2.5661987294492836,19704.530071594272,472.8254646423984,38764.842655886685,21125.091136859708,-1420.5610652654345,40.0,492.6132517898568,5.93328685974061,-6309.9681948406915,-3297.312728614094,3828.832532883651,2.7,3.0,15951.699049368865,47855.09714810659,42.52752226678075,388.0636406843744,-13.756153633964932,0.20152177728320875,118428.29250897319,239.23835029075866,3.2921139630043914,0.6113381426209102
"COUNTERFACTUAL - assumed: licensed live feed + courtside camera, not purchased; parameters from our measurements",own120,1.0,1.0,30,0.99,100.0,1000.0,0.005,region,D>=3c,cap1,ref_short,delay1,ref,decay,point,0.0,0.0,0.0,False,ref,IS,10,54704.0,7359.1,6576.4,2151.5,0.12021789997075168,0.10636443708714141,0.12733986545773618,0.05149897630886223,0.8211611582334015,-1.3554,0.03939999999999995,0.0482349618787722,39.383984096297134,727384.0436534521,353648.40379177727,2.179430702299933,1.6755838184247582,2.6817378424690106,15862.807401997055,12191.205028271124,19498.74026001035,16551.500731815468,-688.6933298184133,103.0,154.00783885434038,14.757907772549368,-542.490522322946,-363.1339846935638,676.5478929356528,4.0,4.0,3808.223514118558,11424.670542355674,139.26958397483008,493.52813738653384,-4.807892291005011,0.178992747428624,141008.70163819086,20.621525528954905,2.5585530288337157,0.27820145957486236
"COUNTERFACTUAL - assumed: licensed live feed + courtside camera, not purchased; parameters from our measurements",own120,1.0,1.0,30,0.99,100.0,1000.0,0.005,region,D>=3c,cap1,ref_short,delay1,ref,decay,point,0.0,0.0,0.0,False,ref,burned_OOS,10,17384.0,2343.7,2097.6,792.1,0.12066267832489645,0.10499821984112319,0.10941095260009204,0.0681028531983433,0.8224861942015647,-1.3867999999999998,0.012199999999999944,0.04626214080580667,41.1411806191057,233285.32374673858,114516.19967805226,1.4415463564581563,0.4776263230463201,2.4019472820062058,3364.195827434739,1109.2233877075737,5620.527109153045,3785.09449282968,-420.89866539494085,40.0,84.10489568586846,9.034888722701135,-534.0263509077882,-322.5941152518603,477.8012106093357,2.7,3.0,2757.298713216251,8271.896139648754,41.13981302882071,375.40079388798904,-6.4929629895589,0.1964159206566771,122290.75662953868,22.92566079991779,2.871146196913471,0.3814130415253835
"COUNTERFACTUAL - assumed: licensed live feed + courtside camera, not purchased; parameters from our measurements",own120,1.0,1.0,30,0.99,1000.0,1000.0,0.005,region,D>=3c,cap1,ref_short,delay1,ref,decay,point,0.0,0.0,0.0,False,ref,IS,10,54704.0,8695.0,7766.8,2151.5,0.14197864872769814,0.10675437571960718,0.12733986545773618,0.05149897630886223,0.8211611582334015,-1.3554,0.03939999999999992,0.026014788748444827,79.08623475870756,3837738.4015146582,1783321.4478734594,2.370336377592775,1.5862603000253412,3.1754988965881648,90971.08259528263,60432.81469136626,122071.93044383405,95291.79240805822,-4320.70981277557,103.0,883.2143941289576,10.257248877386093,-5281.5276593361095,-3382.5984490296964,5223.735874362994,4.0,4.0,19213.663780445066,57640.9913413352,159.43344147286618,564.982583860157,-9.148074280956589,0.18017766322560597,141008.70163819086,124.1806018934333,1.7016302098739153,0.33053680939392815
"COUNTERFACTUAL - assumed: licensed live feed + courtside camera, not purchased; parameters from our measurements",own120,1.0,1.0,30,0.99,1000.0,1000.0,0.005,region,D>=3c,cap1,ref_short,delay1,ref,decay,point,0.0,0.0,0.0,False,ref,burned_OOS,10,17384.0,2746.0,2459.7,792.1,0.14149217671421996,0.10427492702800653,0.10941095260009204,0.0681028531983433,0.8224861942015647,-1.3867999999999998,0.012599999999999922,0.025004238429622832,84.17525877578547,1277547.86572051,600328.9777384661,1.714243158062334,0.24565473050425624,3.182030434378327,22056.286840126857,3377.6275258242663,40858.22387710762,24527.773375317956,-2471.4865351910967,40.0,551.4071710031715,6.738814063837161,-5579.6231299191395,-2978.381473306901,4208.819849611307,2.7,3.0,13939.803986184465,41819.41195855339,54.3048504681017,495.53176052142805,-13.195210015760665,0.1973355372309222,122290.75662953868,196.59440058277679,2.6340416261297857,0.5715856597565828
"COUNTERFACTUAL - assumed: licensed live feed + courtside camera, not purchased; parameters from our measurements",own120,2.0,0.25,3,0.95,100.0,1000.0,0.005,region,D>=3c,cap1,ref_short,delay1,ref,decay,point,0.0,0.0,0.0,False,ref,IS,10,6257.0,2313.9,2102.9,262.7,0.33608758190826277,0.09119181097485879,0.4103404187310213,0.1289915294869746,0.4606680517820041,-0.3625000000000001,0.05929999999999995,0.17630256220329227,42.636149898649094,252982.6586804754,122555.19193788152,1.9128269880325064,1.3606502381831258,2.4643669563976744,4837.139974566212,3426.334498894424,6245.330902736578,6161.9451127186385,-1324.805138152426,103.0,46.962524024914686,12.022059421094571,-166.84086549164059,-119.01574985000332,279.8001805108149,4.0,4.0,3424.8457490106084,10274.537247031827,48.706168963695745,172.5995307936791,-1.6974094334117589,0.14569319603375594,17719.57793158887,4.91202073830128,1.2574003689336388,0.2047580735189983
"COUNTERFACTUAL - assumed: licensed live feed + courtside camera, not purchased; parameters from our measurements",own120,2.0,0.25,3,0.95,100.0,1000.0,0.005,region,D>=3c,cap1,ref_short,delay1,ref,decay,point,0.0,0.0,0.0,False,ref,burned_OOS,10,2402.0,877.0,800.8,100.1,0.3333888426311407,0.08690619165341787,0.3756452955870109,0.1599084096586178,0.4644462947543714,-0.3890500000000001,0.04779999999999993,0.17773322501009314,41.64167531867132,95323.68440635377,46096.992563052256,1.5408170462494044,0.6384855494360966,2.4676966845457353,1475.429544547792,603.5832883579089,2351.590346942053,1905.5096587668172,-430.08011421902546,40.0,36.88573861369479,9.257554869292417,-166.00482039589374,-100.58194333652278,236.3217949954755,2.8,3.0,1880.6302490946182,5641.890747283853,26.711527420598895,243.74268771296488,-2.93594772820041,0.1395978282977855,16848.208883440184,10.439900415077137,2.1054344322923084,0.3987023791867849
"COUNTERFACTUAL - assumed: licensed live feed + courtside camera, not purchased; parameters from our measurements",own120,2.0,0.25,3,0.95,1000.0,1000.0,0.005,region,D>=3c,cap1,ref_short,delay1,ref,decay,point,0.0,0.0,0.0,False,ref,IS,10,6257.0,2846.3,2584.7,262.7,0.413089339939268,0.0919585377853159,0.4103404187310213,0.1289915294869746,0.4606680517820041,-0.3625000000000001,0.05919999999999996,0.09501529986002433,87.8422595506339,1238389.748945325,577671.5507692406,1.9168036466830114,0.9326387161622162,2.8981907020241926,23790.11871506957,11454.293022460559,36161.92804124526,29131.636381233275,-5341.517666163704,103.0,230.97202635989873,6.831334890143782,-2361.3432554281985,-1157.9094885173843,2231.5289794309983,4.0,4.0,15691.69941809884,47075.098254296514,50.70871386955789,179.69592779018086,-5.171851556550343,0.1470378607128422,17719.57793158887,44.43935323746233,1.149113254911965,0.345276452122416
"COUNTERFACTUAL - assumed: licensed live feed + courtside camera, not purchased; parameters from our measurements",own120,2.0,0.25,3,0.95,1000.0,1000.0,0.005,region,D>=3c,cap1,ref_short,delay1,ref,decay,point,0.0,0.0,0.0,False,ref,burned_OOS,10,2402.0,1081.6,984.8,100.1,0.4099916736053289,0.08955593428448141,0.3756452955870109,0.1599084096586178,0.4644462947543714,-0.3890500000000001,0.046599999999999954,0.097049106062837,88.36790094440651,462610.0177415861,215299.62834052002,1.5810869910568266,-0.03357208516787082,3.167032161371634,7368.148742606029,-126.43231480566035,15129.292601170828,9299.479050164282,-1931.3303075582558,40.0,184.20371856515072,5.28737793811399,-1858.316448928462,-1072.1298787635774,1954.8232227157944,2.5,3.0,9850.637250964644,29551.911752893928,24.49245203610578,223.49362482946526,-6.47446824829089,0.14253384716791812,16848.208883440184,79.69827260580598,2.4285439035767746,0.6727879069740277
"COUNTERFACTUAL - assumed: licensed live feed + courtside camera, not purchased; parameters from our measurements",own120,2.0,0.25,3,0.99,100.0,1000.0,0.005,region,D>=3c,cap1,ref_short,delay1,ref,decay,point,0.0,0.0,0.0,False,ref,IS,10,6257.0,2279.1,2192.7,262.6,0.35043950775131855,0.037930166646950425,0.4103404187310213,0.1289915294869746,0.4606680517820041,-0.3625000000000001,0.06549999999999997,0.17306936082997013,41.48015644416163,244786.79905034034,118479.86541965879,2.222500272634503,1.6661108285616468,2.7760358956957303,5439.139247098565,4042.5474113699393,6816.450793894686,6246.69848887767,-807.5592417791046,103.0,52.807177156296746,13.526779277701271,-143.6578407132373,-103.28802308662016,269.61539300929576,4.0,4.0,3293.1586564056547,9879.475969216965,56.80298659136969,201.29213694999936,-1.4950758763130811,0.13537465778304822,18224.464013519224,5.215292591579251,1.1928443981349968,0.2221539754679837
"COUNTERFACTUAL - assumed: licensed live feed + courtside camera, not purchased; parameters from our measurements",own120,2.0,0.25,3,0.99,100.0,1000.0,0.005,region,D>=3c,cap1,ref_short,delay1,ref,decay,point,0.0,0.0,0.0,False,ref,burned_OOS,10,2402.0,860.2,831.2,99.7,0.34604496253122397,0.03375071965435502,0.3756452955870109,0.1599084096586178,0.4644462947543714,-0.3890500000000001,0.0521499999999999,0.17619188542694358,40.43369005188148,91832.25584663142,44292.747391181685,1.880078869437504,0.9370177892053133,2.853830598409013,1733.7547009655384,862.7406683655399,2623.6834943558583,1992.7562233384447,-259.00152237290615,40.0,43.34386752413847,10.96802936165714,-173.0437479400601,-105.1958077047894,242.8595717258019,2.9,3.0,1825.7569996862699,5477.27099905881,31.848192484248717,290.61475641876956,-3.2219746641825404,0.1311300386798691,17414.614243107742,10.384539396206495,2.73844650273181,0.4030078639756792
"COUNTERFACTUAL - assumed: licensed live feed + courtside camera, not purchased; parameters from our measurements",own120,2.0,0.25,3,0.99,1000.0,1000.0,0.005,region,D>=3c,cap1,ref_short,delay1,ref,decay,point,0.0,0.0,0.0,False,ref,IS,10,6257.0,2797.0,2691.2,262.6,0.4301102764903308,0.03783686675290003,0.4103404187310213,0.1289915294869746,0.4606680517820041,-0.3625000000000001,0.06560000000000002,0.09169224091286408,80.77528315376716,1172059.740154193,546883.6603495873,2.385055500532257,1.3688150319341716,3.3862977433462236,28011.79594305579,15934.165376163899,40028.67497635961,31739.124898726433,-3727.3289556706513,103.0,271.959183913163,8.316570143899513,-2093.1143736450867,-1179.6724403104604,2151.7606137319594,4.0,4.0,14923.031931313613,44769.09579394084,63.436113754823076,224.797878839907,-4.8131612732769815,0.1367088196728177,18224.464013519224,41.710145316720684,1.1606071789504508,0.33008570475765325
"COUNTERFACTUAL - assumed: licensed live feed + courtside camera, not purchased; parameters from our measurements",own120,2.0,0.25,3,0.99,1000.0,1000.0,0.005,region,D>=3c,cap1,ref_short,delay1,ref,decay,point,0.0,0.0,0.0,False,ref,burned_OOS,10,2402.0,1062.7,1025.5,99.7,0.42693588676103256,0.03502813024451172,0.3756452955870109,0.1599084096586178,0.4644462947543714,-0.3890500000000001,0.051449999999999906,0.0937421447282977,81.72744339708034,439075.71016221447,204467.2003349727,2.003855460235458,0.2658095519994292,3.6692497436479137,8850.308591344296,1187.9305560111625,16627.711920147296,10310.193132053537,-1459.8845407092422,40.0,221.25771478360738,6.262376940397364,-1867.4940802114997,-1081.3264137303129,1852.012011681159,2.3,3.0,9251.537822146045,27754.61346643814,31.804217913648717,290.2134884620446,-7.006549038810762,0.13183860587986956,17414.614243107742,80.23726533549873,2.233488320086647,0.7089483995105912
"COUNTERFACTUAL - assumed: licensed live feed + courtside camera, not purchased; parameters from our measurements",own120,2.0,0.25,10,0.95,100.0,1000.0,0.005,region,D>=3c,cap1,ref_short,delay1,ref,decay,point,0.0,0.0,0.0,False,ref,IS,10,20795.0,7655.9,6976.7,869.4,0.33549891800913684,0.08873165562679178,0.4089973551334455,0.13059870161096418,0.4604039432555903,-0.3578,0.061099999999999974,0.17784305819904522,39.71418543314719,805542.5417002303,389258.78292116825,2.038306132594559,1.7220724087813033,2.3482900710446692,16414.262867534006,13851.907818012123,19006.89714593738,19063.03091184992,-2648.7680443159143,103.0,159.36177541295152,21.893649901664226,-148.2858467487995,-143.20658362369147,588.5852018457601,4.0,4.0,5486.346154322208,16459.03846296663,100.08276264577461,354.66221714279357,-0.9050856781185252,0.12937846811418907,52493.95035443993,8.241324018645816,1.5477156231680542,0.11578227653723766
"COUNTERFACTUAL - assumed: licensed live feed + courtside camera, not purchased; parameters from our measurements",own120,2.0,0.25,10,0.95,100.0,1000.0,0.005,region,D>=3c,cap1,ref_short,delay1,ref,decay,point,0.0,0.0,0.0,False,ref,burned_OOS,10,7093.0,2618.7,2383.0,324.9,0.3359650359509375,0.08997600462519306,0.36149725081065837,0.17422811222331877,0.4642746369660228,-0.3879000000000001,0.04094999999999992,0.1735062445405311,40.307380106198664,277369.1414051337,134747.89335839794,1.314872072590657,0.7856139348686279,1.854528649468384,3649.070766480345,2186.3773967509405,5164.318799241793,4398.585004870202,-749.5142383898572,40.0,91.22676916200862,14.104041675235152,-215.85328375486284,-178.95089098517883,387.9794158078203,2.9,3.0,4375.7378886536535,13127.213665960964,27.722326892770194,252.96623289652797,-1.6575546694721457,0.1349200572959332,46612.772854757415,15.759832877024797,2.5358096457452866,0.2235218002370308
"COUNTERFACTUAL - assumed: licensed live feed + courtside camera, not purchased; parameters from our measurements",own120,2.0,0.25,10,0.95,1000.0,1000.0,0.005,region,D>=3c,cap1,ref_short,delay1,ref,decay,point,0.0,0.0,0.0,False,ref,IS,10,20795.0,9505.7,8652.3,869.4,0.41607597980283717,0.08979710081447394,0.4089973551334455,0.13059870161096418,0.4604039432555903,-0.3578,0.0616,0.09289255379645882,74.01466849315368,3850800.1198063567,1792325.16273392,1.9934787688418443,1.4348751860860747,2.549692621698897,76787.47418928989,54716.74371393927,98890.34548601368,89896.14864992583,-13108.674460635923,103.0,745.5094581484457,12.537301010496952,-3167.078814513015,-2071.919611243257,4009.2605388423653,4.0,4.0,26083.20624199771,78249.61872599312,99.25585657718047,351.73191893855216,-4.145443068806189,0.1299041129969136,52493.95035443993,87.27817244887763,1.3812855322647548,0.2226031812400738
"COUNTERFACTUAL - assumed: licensed live feed + courtside camera, not purchased; parameters from our measurements",own120,2.0,0.25,10,0.95,1000.0,1000.0,0.005,region,D>=3c,cap1,ref_short,delay1,ref,decay,point,0.0,0.0,0.0,False,ref,burned_OOS,10,7093.0,3218.2,2928.8,324.9,0.4129141407021007,0.08993481265710959,0.36149725081065837,0.17422811222331877,0.4642746369660228,-0.3879000000000001,0.04039999999999995,0.09239426876055587,78.47691996282074,1318019.1456729337,615002.1317522947,1.2254779042461916,0.2740865364833582,2.18230101190703,16136.141372672475,3445.3805206536745,28969.594740267046,19980.59913106472,-3844.457758392246,40.0,403.4035343168119,7.079032701216768,-3290.2562350888743,-1876.3877397660158,2979.384407776895,2.8,3.0,21407.594114429034,64222.7823432871,25.62613402665793,233.83847299325356,-5.211336982580478,0.1355273530167994,46612.772854757415,127.09547330064845,2.1387016577569065,0.390636608271435
"COUNTERFACTUAL - assumed: licensed live feed + courtside camera, not purchased; parameters from our measurements",own120,2.0,0.25,10,0.99,100.0,1000.0,0.005,region,D>=3c,cap1,ref_short,delay1,ref,decay,point,0.0,0.0,0.0,False,ref,IS,10,20795.0,7542.4,7269.2,868.1,0.3495647992305843,0.03623226175610215,0.4089973551334455,0.13059870161096418,0.4604039432555903,-0.3578,0.0683,0.1748429109289769,38.51549915522514,778768.0647773847,375951.1616489516,2.396600996095814,2.073893971530601,2.718891311066355,18661.94320246287,16075.629100083064,21254.68593845262,19913.990882638624,-1252.0476801757563,103.0,181.18391458701814,24.520223374421914,-128.76763041898366,-128.34928663118816,645.3944312449072,4.0,4.0,5365.333126555673,16095.999379667017,116.31520175468788,412.18493825690365,-0.8079175467954061,0.11961381874764376,54096.31089363018,8.738920760519648,1.3894533304279402,0.11811261972186776
"COUNTERFACTUAL - assumed: licensed live feed + courtside camera, not purchased; parameters from our measurements",own120,2.0,0.25,10,0.99,100.0,1000.0,0.005,region,D>=3c,cap1,ref_short,delay1,ref,decay,point,0.0,0.0,0.0,False,ref,burned_OOS,10,7093.0,2579.1,2487.7,323.5,0.35072606795432115,0.035449034009052416,0.36149725081065837,0.17422811222331877,0.4642746369660228,-0.3879000000000001,0.04589999999999993,0.1700293223973468,39.36483948571183,268295.57145250007,130412.66892822117,1.6190552882445324,1.0674202659084084,2.1881406198543427,4345.025745271316,2847.574954553766,5859.5003858953405,4716.120440698673,-371.094695427356,40.0,108.62564363178289,17.37050025988261,-171.50708523668078,-153.47685064342684,402.97200024113147,3.0,3.0,4237.579821271626,12712.739463814874,34.330395987409936,313.26486338511563,-1.3620281890768537,0.12573795167175808,48057.2507960984,16.07658565455176,3.7696286119771014,0.23559455737601684
"COUNTERFACTUAL - assumed: licensed live feed + courtside camera, not purchased; parameters from our measurements",own120,2.0,0.25,10,0.99,1000.0,1000.0,0.005,region,D>=3c,cap1,ref_short,delay1,ref,decay,point,0.0,0.0,0.0,False,ref,IS,10,20795.0,9351.8,9010.5,868.1,0.43330127434479443,0.0365069182399456,0.4089973551334455,0.13059870161096418,0.4604039432555903,-0.3578,0.06875,0.08935374025935058,70.79884083525562,3644231.4983771583,1696822.006703886,2.4837725872360723,1.896387381922119,3.0531517362694904,90549.41006021468,68507.18192632882,112682.771244779,98546.39038998212,-7996.980329767461,103.0,879.1204860215015,14.784466606357693,-2665.766756192846,-1752.345998455726,4169.191782293225,4.0,4.0,24194.263507409265,72582.79052222779,125.44435565756835,444.53582344672276,-3.711156126752215,0.1200634791545709,54096.31089363018,83.62869651958312,1.3409669700642084,0.221310233537689
"COUNTERFACTUAL - assumed: licensed live feed + courtside camera, not purchased; parameters from our measurements",own120,2.0,0.25,10,0.99,1000.0,1000.0,0.005,region,D>=3c,cap1,ref_short,delay1,ref,decay,point,0.0,0.0,0.0,False,ref,burned_OOS,10,7093.0,3171.4,3059.1,323.5,0.4312843648667701,0.035426856954871425,0.36149725081065837,0.17422811222331877,0.4642746369660228,-0.3879000000000001,0.045399999999999885,0.08785018960536965,73.95918650449796,1251818.1043029383,585497.5705872682,1.5828156216122355,0.563811087245895,2.594447379205836,19835.14833778384,6830.139018903897,32606.979165305016,22391.368811471148,-2556.220473687306,40.0,495.87870844459604,8.656206014635664,-2807.2712457071148,-1526.5421788416195,3112.878331691223,2.7,3.0,20054.954338557192,60164.863015671566,33.48160566329845,305.5196516775984,-4.696287069910911,0.1258632191095727,48057.2507960984,149.3915064770903,2.3934746207856086,0.4756823596336263
"COUNTERFACTUAL - assumed: licensed live feed + courtside camera, not purchased; parameters from our measurements",own120,2.0,0.25,30,0.95,100.0,1000.0,0.005,region,D>=3c,cap1,ref_short,delay1,ref,decay,point,0.0,0.0,0.0,False,ref,IS,10,54704.0,20795.6,18929.2,2440.1,0.34602954080140397,0.08974950718625592,0.40877997952617723,0.13171614507165838,0.4595038754021644,-0.35540000000000005,0.06160000000000001,0.16787895111854487,34.03678368900576,1996795.9589672969,964106.8902349155,1.9644376958082828,1.7597277153013529,2.1695703202564682,39216.307081301544,34967.524925520505,43467.66534902219,45641.69099685187,-6425.383915550317,103.0,380.74084544952956,30.216063765751223,-148.76278438633054,-148.67813003466895,1000.2261709389226,4.0,4.0,9597.654052900301,28792.962158700906,136.78294124942147,484.7162481168819,-0.5220652994176818,0.10576932095292393,112740.98772014087,19.213349807211575,1.4975246921062195,0.10744868182291305
"COUNTERFACTUAL - assumed: licensed live feed + courtside camera, not purchased; parameters from our measurements",own120,2.0,0.25,30,0.95,100.0,1000.0,0.005,region,D>=3c,cap1,ref_short,delay1,ref,decay,point,0.0,0.0,0.0,False,ref,burned_OOS,10,17384.0,6512.6,5926.4,940.3,0.34091118269673265,0.09000610678020309,0.36807984353428436,0.1667567878508974,0.4651633686148181,-0.38680000000000003,0.04734999999999993,0.16745512771830412,36.61632304415624,648040.9582229377,314227.8173009977,1.5735154181481426,1.188140558763857,1.9659772119687602,10188.439130342473,7670.355715259541,12685.883026267911,12078.494584412989,-1890.055454070515,40.0,254.71097825856185,23.269463013747146,-221.83674670577187,-220.99100141070568,717.1548463292698,2.9,3.0,7076.516239133307,21229.54871739992,48.32082807197474,440.9275561567694,-1.0467707180830985,0.11729665718293199,97830.95342706639,25.452023619509575,4.511053089795217,0.167732059759444
"COUNTERFACTUAL - assumed: licensed live feed + courtside camera, not purchased; parameters from our measurements",own120,2.0,0.25,30,0.95,1000.0,1000.0,0.005,region,D>=3c,cap1,ref_short,delay1,ref,decay,point,0.0,0.0,0.0,False,ref,IS,10,54704.0,25637.7,23328.1,2440.1,0.42644230769230773,0.0900894280003561,0.40877997952617723,0.13171614507165838,0.4595038754021644,-0.35540000000000005,0.061599999999999946,0.08308117151280534,58.63911765391629,9056210.21522555,4197779.792944431,1.901437081461824,1.532068641971027,2.270045043222405,172135.56579008535,138028.162875066,206590.36555165405,205709.75124438203,-33574.185454296654,103.0,1671.2190853406348,17.980506304133748,-3265.1280942162375,-2502.330206314984,6554.533265419246,4.0,4.0,40018.997813076865,120056.9934392306,143.88606612642212,509.88751588489384,-2.7349092252820775,0.10663685053373675,112740.98772014087,204.09477089243873,1.4989496588666167,0.23633145650025403
"COUNTERFACTUAL - assumed: licensed live feed + courtside camera, not purchased; parameters from our measurements",own120,2.0,0.25,30,0.95,1000.0,1000.0,0.005,region,D>=3c,cap1,ref_short,delay1,ref,decay,point,0.0,0.0,0.0,False,ref,burned_OOS,10,17384.0,8000.4,7282.5,940.3,0.41891969627243447,0.08973364816983916,0.36807984353428436,0.1667567878508974,0.4651633686148181,-0.38680000000000003,0.04679999999999991,0.08524038263658477,66.57177422114192,3001963.219661174,1392735.458966155,1.5633816904214355,0.8856993493583903,2.2495154882524675,46863.601199409066,26261.318174086435,67827.44360313202,57063.20972215971,-10199.608522750637,40.0,1171.5900299852267,13.810534773277368,-3427.7639327769,-2887.280749980462,4495.736188637295,2.8,3.0,32121.51847242713,96364.55541728139,49.32275290381047,450.07012024727044,-3.594698149097643,0.11814479863296726,97830.95342706639,170.8033478464149,3.6407497781915357,0.2382914186560198
"COUNTERFACTUAL - assumed: licensed live feed + courtside camera, not purchased; parameters from our measurements",own120,2.0,0.25,30,0.99,100.0,1000.0,0.005,region,D>=3c,cap1,ref_short,delay1,ref,decay,point,0.0,0.0,0.0,False,ref,IS,10,54704.0,20456.9,19704.2,2435.7,0.3601966949400409,0.03679354990833585,0.40877997952617723,0.13171614507165838,0.4595038754021644,-0.35540000000000005,0.06845000000000002,0.16502452214491672,33.369141015333625,1924170.5314191617,928548.1777996663,2.347733585206269,2.1388642665779383,2.563342995697607,45169.08057282226,40905.47024797481,49512.42480676833,47667.505359713876,-2498.424786891609,103.0,438.5347628429346,33.676766205523386,-120.22283154681227,-120.22283154681229,1088.1062220437593,4.0,4.0,9354.330555878401,28062.991667635204,161.98641941670496,574.0295445349253,-0.42829667654066234,0.09777468925737698,116307.13402156955,16.874799039993416,1.2985646422126091,0.09614180306215606
"COUNTERFACTUAL - assumed: licensed live feed + courtside camera, not purchased; parameters from our measurements",own120,2.0,0.25,30,0.99,100.0,1000.0,0.005,region,D>=3c,cap1,ref_short,delay1,ref,decay,point,0.0,0.0,0.0,False,ref,burned_OOS,10,17384.0,6412.9,6181.5,937.6,0.35558559595029915,0.03608264827904806,0.36807984353428436,0.1667567878508974,0.4651633686148181,-0.38680000000000003,0.05244999999999993,0.16402952723415626,35.62156328394814,625116.5045019344,303407.6301490163,1.8838875990329331,1.4900139992576436,2.2782031191822205,11774.251966924468,9286.965312912338,14283.645838640612,12580.127431268867,-805.8754643444,40.0,294.35629917311167,27.47647139295143,-145.04092940120677,-143.456902982312,751.2978273868348,3.0,3.0,6932.372762607406,20797.118287822217,56.84584783610617,518.7183615044688,-0.6913974322382513,0.10918875830282353,100875.10308729325,22.68069055895266,4.105913918441952,0.1479945516506025
"COUNTERFACTUAL - assumed: licensed live feed + courtside camera, not purchased; parameters from our measurements",own120,2.0,0.25,30,0.99,1000.0,1000.0,0.005,region,D>=3c,cap1,ref_short,delay1,ref,decay,point,0.0,0.0,0.0,False,ref,IS,10,54704.0,25191.1,24258.8,2435.7,0.44345568879789415,0.03701077718052963,0.40877997952617723,0.13171614507165838,0.4595038754021644,-0.35540000000000005,0.06890000000000003,0.08000851526612626,55.15957083237974,8550248.150891844,3967428.8364116205,2.415756676152209,2.032247134104979,2.812455507229826,206491.396233438,172351.14921007454,241454.1361587511,219728.09400702215,-13236.697773584176,103.0,2004.7708372178447,21.096991317992984,-2987.327487491787,-2288.6593091614045,7035.483661357959,4.0,4.0,38057.48989195551,114172.46967586651,182.1839479647035,645.6033107487066,-2.6204897873946575,0.09869759245417657,116307.13402156955,189.57774375926215,1.4987942625603858,0.23474865484224275
"COUNTERFACTUAL - assumed: licensed live feed + courtside camera, not purchased; parameters from our measurements",own120,2.0,0.25,30,0.99,1000.0,1000.0,0.005,region,D>=3c,cap1,ref_short,delay1,ref,decay,point,0.0,0.0,0.0,False,ref,burned_OOS,10,17384.0,7879.8,7594.4,937.6,0.4368614818223654,0.036221376896351,0.36807984353428436,0.1667567878508974,0.4651633686148181,-0.38680000000000003,0.05159999999999991,0.08108197926513784,64.02202146511425,2845441.104264454,1324029.81704164,1.940240594458168,1.2293451792973291,2.651012628344555,55181.93743012743,34598.07091519052,75980.94808802007,60788.59570784563,-5606.6582777182075,40.0,1379.548435753186,15.829105179256999,-2944.8257746550134,-2428.5381518111562,4924.400111475343,2.9,3.0,30981.183583208487,92943.55074962546,60.13047777550514,548.6906097014845,-3.1792447071265277,0.1096767339652831,100875.10308729325,200.29832815642018,2.6240083738381093,0.2833750221583481
"COUNTERFACTUAL - assumed: licensed live feed + courtside camera, not purchased; parameters from our measurements",own120,2.0,0.5,3,0.95,100.0,1000.0,0.005,region,D>=3c,cap1,ref_short,delay1,ref,decay,point,0.0,0.0,0.0,False,ref,IS,10,6257.0,2202.0,2001.4,262.7,0.3198657503595973,0.09112654080930985,0.4103404187310213,0.1289915294869746,0.4606680517820041,-0.3625000000000001,0.05884999999999997,0.19342825387082657,54.19269059353569,282461.16405606765,137243.6635237944,1.987637092896117,1.482358677519482,2.4988102608493126,5609.819032530186,4166.444097412524,7052.868115153843,6942.695349897571,-1332.876317367383,103.0,54.46426245174938,13.400521073498728,-159.6536771779123,-121.07979939365944,291.13031772103244,4.0,4.0,3873.548652460632,11620.645957381894,49.877296552913585,176.74964312440252,-1.4294154123467115,0.23108991351080962,35439.15586317774,5.371546899545544,1.3483681015859075,0.2069030968886632
"COUNTERFACTUAL - assumed: licensed live feed + courtside camera, not purchased; parameters from our measurements",own120,2.0,0.5,3,0.95,100.0,1000.0,0.005,region,D>=3c,cap1,ref_short,delay1,ref,decay,point,0.0,0.0,0.0,False,ref,burned_OOS,10,2402.0,830.0,758.1,100.1,0.3156119900083264,0.08662802156036745,0.3756452955870109,0.1599084096586178,0.4644462947543714,-0.3890500000000001,0.04784999999999995,0.19645406709420707,54.49836003695007,106346.69165418013,51534.02803639174,1.6856105415155649,0.8474200498460904,2.550245454402834,1796.1147594390525,898.6020680210326,2694.435516706392,2190.401326201011,-394.28656676195897,40.0,44.902868985976305,10.694349066548801,-156.38332888085526,-99.37020107120591,271.98331597105573,2.9,3.0,2056.5082126422376,6169.524637926714,29.897963596040476,272.81891781386935,-2.523626889157368,0.21841481482963648,33696.41776688037,10.631275151650977,1.9902246546852764,0.3770672276288942
"COUNTERFACTUAL - assumed: licensed live feed + courtside camera, not purchased; parameters from our measurements",own120,2.0,0.5,3,0.95,1000.0,1000.0,0.005,region,D>=3c,cap1,ref_short,delay1,ref,decay,point,0.0,0.0,0.0,False,ref,IS,10,6257.0,2727.2,2475.6,262.7,0.3956528687869586,0.09229673321240561,0.4103404187310213,0.1289915294869746,0.4606680517820041,-0.3625000000000001,0.05889999999999994,0.11342034427707288,142.29024991758754,1565575.0158957723,738626.6532051453,1.9723638682976112,1.1658179393769212,2.779910806904689,30931.41394485901,18038.148286927557,43964.241176307754,36589.01804634476,-5657.604101485747,103.0,300.30498975591274,8.375969460853073,-2192.459853485984,-1218.9824790360497,2396.8806649173534,4.0,4.0,20484.828406130713,61454.48521839214,51.382687087167106,182.08427948365042,-3.697371065314834,0.23207843239638293,35439.15586317774,51.52058215480839,1.2956587701719566,0.3186199537403667
"COUNTERFACTUAL - assumed: licensed live feed + courtside camera, not purchased; parameters from our measurements",own120,2.0,0.5,3,0.95,1000.0,1000.0,0.005,region,D>=3c,cap1,ref_short,delay1,ref,decay,point,0.0,0.0,0.0,False,ref,burned_OOS,10,2402.0,1036.5,944.4,100.1,0.39317235636969194,0.0889062910099218,0.3756452955870109,0.1599084096586178,0.4644462947543714,-0.3890500000000001,0.04699999999999995,0.11476333738066513,142.75739749675853,587412.6811957827,276754.179283565,1.5048173893291663,0.17312364915152886,2.7934674359441325,8899.473123412998,1000.9750010204061,16810.32268949382,10330.171749378289,-1430.698625965292,40.0,222.48682808532493,6.176044616176101,-1821.5879357115707,-1003.8361105802966,1995.792517204513,2.5,3.0,12228.47644716672,36685.42934150016,24.372412807927187,222.39826687233557,-5.050633473179006,0.22056796723171979,33696.41776688037,70.83388445744254,1.6273890711150814,0.4389213010897358
"COUNTERFACTUAL - assumed: licensed live feed + courtside camera, not purchased; parameters from our measurements",own120,2.0,0.5,3,0.99,100.0,1000.0,0.005,region,D>=3c,cap1,ref_short,delay1,ref,decay,point,0.0,0.0,0.0,False,ref,IS,10,6257.0,2161.6,2079.4,262.6,0.33233178839699534,0.03805115607422658,0.4103404187310213,0.1289915294869746,0.4606680517820041,-0.3625000000000001,0.06589999999999996,0.19156443409824467,53.42049187667548,274929.02952793485,133483.2263796539,2.2675266810897265,1.7556014856347713,2.7781578044515713,6229.965426746445,4793.929757287828,7647.884341746129,7053.071921605988,-823.1064948595427,103.0,60.485101230548004,14.76120926680529,-127.54135138905704,-108.9825808532723,290.05689122930795,4.0,4.0,3748.105576047636,11244.316728142907,57.273437980132826,202.95927051212118,-1.167421060151291,0.22516856086400328,36448.92802703845,5.498078303863255,1.3053036963246036,0.21752072545463136
"COUNTERFACTUAL - assumed: licensed live feed + courtside camera, not purchased; parameters from our measurements",own120,2.0,0.5,3,0.99,100.0,1000.0,0.005,region,D>=3c,cap1,ref_short,delay1,ref,decay,point,0.0,0.0,0.0,False,ref,burned_OOS,10,2402.0,811.2,783.9,99.7,0.32635303913405495,0.03367856441693258,0.3756452955870109,0.1599084096586178,0.4644462947543714,-0.3890500000000001,0.05239999999999993,0.19625990336707613,54.16645005684743,103089.11554762999,49849.26837101272,1.9900445806042277,1.1287164195958077,2.899678976331742,2056.356586329432,1155.500144220716,2956.8148024144643,2271.939885210806,-215.58329888137436,40.0,51.4089146582358,12.277293952610218,-143.3049516775686,-97.88080418949234,277.1932935096296,2.9,3.0,2022.452455249706,6067.357365749119,34.220593305881565,312.26291391616934,-2.4240492409367653,0.21521797140778237,34829.228486215485,10.512904414724527,2.389949071542185,0.37088411309926583
"COUNTERFACTUAL - assumed: licensed live feed + courtside camera, not purchased; parameters from our measurements",own120,2.0,0.5,3,0.99,1000.0,1000.0,0.005,region,D>=3c,cap1,ref_short,delay1,ref,decay,point,0.0,0.0,0.0,False,ref,IS,10,6257.0,2672.5,2571.6,262.6,0.4109956848329871,0.03776785654569289,0.4103404187310213,0.1289915294869746,0.4606680517820041,-0.3625000000000001,0.06559999999999996,0.11121539650922203,139.16951901153053,1510776.75780599,712911.8673246746,2.346998456655344,1.5249146925505552,3.1586829222877535,35509.84546640793,22675.194001328684,48125.51888523794,39313.3779833255,-3803.5325169175803,103.0,344.7557812272614,9.9587195155622,-1921.2115706532154,-1183.623610177085,2301.7810251953483,4.0,4.0,19716.71335114728,59150.14005344184,61.74020994567919,218.7881226230379,-3.373374980769184,0.22645655207245982,36448.92802703845,51.64928268671426,1.3582421917611445,0.3290657010783757
"COUNTERFACTUAL - assumed: licensed live feed + courtside camera, not purchased; parameters from our measurements",own120,2.0,0.5,3,0.99,1000.0,1000.0,0.005,region,D>=3c,cap1,ref_short,delay1,ref,decay,point,0.0,0.0,0.0,False,ref,burned_OOS,10,2402.0,1017.1,982.3,99.7,0.4089508742714404,0.034224699305100324,0.3756452955870109,0.1599084096586178,0.4644462947543714,-0.3890500000000001,0.05194999999999994,0.11207130691485308,137.9351503377437,568584.3724415815,268112.8672789141,1.8378248549288085,0.46069019119314386,3.1664532824390474,10501.454500460502,2631.7881355015406,18417.579111557116,11784.39033567705,-1282.935835216546,40.0,262.53636251151255,7.252199886630898,-1903.1145241313104,-1053.6371470716044,1976.260510605925,2.5,3.0,11875.915496862683,35627.74649058804,29.57306186059508,269.8541894779301,-5.463075853981487,0.2155048968055909,34829.228486215485,67.08644123715435,1.5170200469813457,0.41686699591898724
"COUNTERFACTUAL - assumed: licensed live feed + courtside camera, not purchased; parameters from our measurements",own120,2.0,0.5,10,0.95,100.0,1000.0,0.005,region,D>=3c,cap1,ref_short,delay1,ref,decay,point,0.0,0.0,0.0,False,ref,IS,10,20795.0,7271.8,6629.8,869.4,0.3188170233229142,0.08830596465278305,0.4089973551334455,0.13059870161096418,0.4604039432555903,-0.3578,0.06100000000000001,0.19543082473910706,51.76726893877738,905102.9443145522,438770.08150944096,2.0804856017384132,1.7921131066256681,2.368117020254207,18824.5593995001,16189.813744639225,21519.78234067547,21431.95184619462,-2607.3924466945246,103.0,182.7627126165058,24.262942677607576,-148.48150762544628,-144.19827676853842,625.9332250696792,4.0,4.0,6025.400342838018,18076.20102851406,104.49074256932185,370.28272852235415,-0.8226153641434859,0.20825218286748073,104987.90070887985,7.701039941625425,1.7213660718077048,0.10031636038638576
"COUNTERFACTUAL - assumed: licensed live feed + courtside camera, not purchased; parameters from our measurements",own120,2.0,0.5,10,0.95,100.0,1000.0,0.005,region,D>=3c,cap1,ref_short,delay1,ref,decay,point,0.0,0.0,0.0,False,ref,burned_OOS,10,7093.0,2486.8,2264.8,324.9,0.31930071901875096,0.08924522903807976,0.36149725081065837,0.17422811222331877,0.4642746369660228,-0.3879000000000001,0.040649999999999895,0.1910733795210997,52.53760265351269,311245.3304988229,151818.51245305734,1.397529720604521,0.9099934273121638,1.894141872233543,4350.5987834939715,2841.3423538920283,5887.986859163329,5053.769372121923,-703.1705886279505,40.0,108.76496958734928,15.920271457928203,-191.9056581374346,-163.47235534635877,409.140339966106,2.9,3.0,4927.658452616668,14782.975357850004,29.388165089900514,268.1670064453422,-1.305924884020746,0.20716148595939504,93225.54570951483,17.50003034534462,2.8423721874875088,0.22404158026044962
"COUNTERFACTUAL - assumed: licensed live feed + courtside camera, not purchased; parameters from our measurements",own120,2.0,0.5,10,0.95,1000.0,1000.0,0.005,region,D>=3c,cap1,ref_short,delay1,ref,decay,point,0.0,0.0,0.0,False,ref,IS,10,20795.0,9092.4,8276.7,869.4,0.39801394566001447,0.0897280341026274,0.4089973551334455,0.13059870161096418,0.4604039432555903,-0.3578,0.06139999999999999,0.11193372743660765,128.41908708739751,4904825.139676922,2307091.894575711,2.1306344211700603,1.678095751788835,2.5819495625275755,104502.86791468506,81133.51365637589,127877.8989288831,118376.90495852013,-13874.03704383508,103.0,1014.5909506280104,16.08076208434314,-2471.7317456495234,-1824.6005730214456,4534.715409339378,4.0,4.0,33803.51187615474,101410.53562846423,103.92252256876512,368.2691333747502,-2.4964751671618752,0.20777124101368213,104987.90070887985,73.28655893781209,1.3083297352098562,0.1508942761332363
"COUNTERFACTUAL - assumed: licensed live feed + courtside camera, not purchased; parameters from our measurements",own120,2.0,0.5,10,0.95,1000.0,1000.0,0.005,region,D>=3c,cap1,ref_short,delay1,ref,decay,point,0.0,0.0,0.0,False,ref,burned_OOS,10,7093.0,3093.1,2813.7,324.9,0.39668687438319467,0.09033561436314476,0.36149725081065837,0.17422811222331877,0.4642746369660228,-0.3879000000000001,0.04084999999999994,0.10950060080490483,131.6983125328657,1677185.4031711847,792784.5628845786,1.2366736295492893,0.4642699332240949,2.0205363874460525,20695.977794185652,7725.663305658371,34063.30495808987,24268.996219927252,-3573.0184257415954,40.0,517.3994448546414,8.625257070364515,-2862.7493198499624,-1689.4938704388637,3219.8017070614715,2.8,3.0,27220.970121633145,81662.91036489945,25.93892427000663,236.69268396381054,-3.5559982687754994,0.20851888187362105,93225.54570951483,133.26553936550638,1.6428433490787433,0.3287041987627584
"COUNTERFACTUAL - assumed: licensed live feed + courtside camera, not purchased; parameters from our measurements",own120,2.0,0.5,10,0.99,100.0,1000.0,0.005,region,D>=3c,cap1,ref_short,delay1,ref,decay,point,0.0,0.0,0.0,False,ref,IS,10,20795.0,7144.2,6885.7,868.1,0.3311228660735754,0.03619640686171888,0.4089973551334455,0.13059870161096418,0.4604039432555903,-0.3578,0.06850000000000005,0.1936709899246229,51.055358445049244,880541.6262519812,426539.8721690302,2.402034875284792,2.1109076225776806,2.699048408337835,21147.082479495282,18457.45144740791,23793.318984414982,22429.495071585283,-1282.4125920900035,103.0,205.31148038344932,26.82902681767942,-119.16760696075998,-119.16760696076003,696.3065053467626,4.0,4.0,5958.180282031431,17874.540846094293,118.60027442821072,420.2825258863778,-0.6725463560205427,0.20266698127090593,108192.62178726036,7.9654767358529766,1.2968513468545504,0.10030238556237465
"COUNTERFACTUAL - assumed: licensed live feed + courtside camera, not purchased; parameters from our measurements",own120,2.0,0.5,10,0.99,100.0,1000.0,0.005,region,D>=3c,cap1,ref_short,delay1,ref,decay,point,0.0,0.0,0.0,False,ref,burned_OOS,10,7093.0,2441.7,2356.1,323.5,0.3321725645002115,0.035064982060649286,0.36149725081065837,0.17422811222331877,0.4642746369660228,-0.3879000000000001,0.0455499999999999,0.18895662036557884,52.15535315564912,303359.035503561,148091.46289150085,1.668265917495767,1.1639894133256843,2.1842164904222687,5061.955404796363,3498.2690421020766,6608.493927242671,5356.704182827853,-294.7487780314897,40.0,126.54888511990907,19.19179003940413,-144.16309256545327,-132.7419848404966,424.64933799998414,3.0,3.0,4781.77195543084,14345.315866292516,35.395428096970825,322.98328138485874,-1.0196458845071361,0.20242030565375385,96114.5015921968,17.874808563732937,3.958689742023875,0.23194560556757748
"COUNTERFACTUAL - assumed: licensed live feed + courtside camera, not purchased; parameters from our measurements",own120,2.0,0.5,10,0.99,1000.0,1000.0,0.005,region,D>=3c,cap1,ref_short,delay1,ref,decay,point,0.0,0.0,0.0,False,ref,IS,10,20795.0,8918.8,8593.8,868.1,0.4132628035585477,0.03645006583684908,0.4089973551334455,0.13059870161096418,0.4604039432555903,-0.3578,0.0683,0.10981150234161167,125.98551565461358,4734085.237996347,2227948.5610964177,2.5053337981064634,2.0376863549869264,2.9707767809831593,118634.0821285509,95580.31162259798,142197.80888449313,127502.63096860575,-8868.548840054831,103.0,1151.7872051315621,18.24591451182986,-2007.1376856166212,-1555.2845282512408,4657.541352270493,4.0,4.0,32518.768073300616,97556.30421990182,122.40812036554239,433.77634886818413,-2.0813046815457388,0.20237596168753225,108192.62178726036,71.25324023157464,1.3014362291879815,0.1419431718756637
"COUNTERFACTUAL - assumed: licensed live feed + courtside camera, not purchased; parameters from our measurements",own120,2.0,0.5,10,0.99,1000.0,1000.0,0.005,region,D>=3c,cap1,ref_short,delay1,ref,decay,point,0.0,0.0,0.0,False,ref,burned_OOS,10,7093.0,3039.9,2932.2,323.5,0.4133934865360215,0.03543875038681712,0.36149725081065837,0.17422811222331877,0.4642746369660228,-0.3879000000000001,0.045599999999999904,0.10610091724227519,129.84138933663024,1626822.205873686,770704.7394557056,1.5046486851707561,0.7028846540903915,2.331713816182504,24447.996244847087,11236.90608609394,37911.44617637535,27026.02418614829,-2578.027941301208,40.0,611.199906121177,10.169993368354895,-2729.722380256074,-1555.0687655728996,3380.137619940365,2.9,3.0,26446.57414685663,79339.72244056988,31.730097389891654,289.5371386827613,-3.4602760481744363,0.2027708232271103,96114.5015921968,150.30724078107113,2.0214496896909884,0.3758786809159446
"COUNTERFACTUAL - assumed: licensed live feed + courtside camera, not purchased; parameters from our measurements",own120,2.0,0.5,30,0.95,100.0,1000.0,0.005,region,D>=3c,cap1,ref_short,delay1,ref,decay,point,0.0,0.0,0.0,False,ref,IS,10,54704.0,19714.7,17951.3,2440.1,0.3281533343082773,0.08944496976979727,0.40877997952617723,0.13171614507165838,0.4595038754021644,-0.35540000000000005,0.061450000000000005,0.18673004692253836,46.69095661140911,2272875.6266798205,1102452.0171037002,2.011836015936077,1.827907609204571,2.1964725925896156,45718.330639261054,41324.37849856181,50067.7222117795,52022.402587852004,-6304.071948590956,103.0,443.867287759816,33.32105660929487,-114.85597981756582,-111.0184089506703,1109.5416853484621,4.0,4.0,11092.02847279586,33276.08541838757,137.955150175444,488.87019236929183,-0.34585143621923725,0.17085181809705768,225481.97544028173,19.89836535610734,1.6801605065976055,0.09687803369574936
"COUNTERFACTUAL - assumed: licensed live feed + courtside camera, not purchased; parameters from our measurements",own120,2.0,0.5,30,0.95,100.0,1000.0,0.005,region,D>=3c,cap1,ref_short,delay1,ref,decay,point,0.0,0.0,0.0,False,ref,burned_OOS,10,17384.0,6178.4,5623.8,940.3,0.32350437183617115,0.08976135172901868,0.36807984353428436,0.1667567878508974,0.4651633686148181,-0.38680000000000003,0.0472999999999999,0.18580018634879467,48.649325214281376,732774.1501530664,357054.7648314781,1.655230956276729,1.302738553338586,2.0050263836849394,12123.013784807863,9514.756175217219,14692.753679360723,13902.986273581773,-1779.972488773911,40.0,303.0753446201966,26.124015991361016,-173.2734204873695,-173.2734204873695,836.6894356570516,3.0,3.0,7983.571608642645,23950.71482592793,50.86947128992339,464.1839255205508,-0.7269919003134895,0.18074842102963024,195661.90685413277,28.059898080443574,4.683855307595122,0.16048189786471434
"COUNTERFACTUAL - assumed: licensed live feed + courtside camera, not purchased; parameters from our measurements",own120,2.0,0.5,30,0.95,1000.0,1000.0,0.005,region,D>=3c,cap1,ref_short,delay1,ref,decay,point,0.0,0.0,0.0,False,ref,IS,10,54704.0,24583.8,22372.0,2440.1,0.4089646095349518,0.08997247934108635,0.40877997952617723,0.13171614507165838,0.4595038754021644,-0.35540000000000005,0.0615,0.10151173983704975,101.65705046490027,11682864.843508799,5479976.36360001,2.0552752449967815,1.7541655948467407,2.359521446284351,240022.99345797877,203559.724029993,276954.32989640866,273742.54110093403,-33719.54764295528,103.0,2330.3203248347454,23.08747897104924,-2531.599830583092,-2118.1255862213993,7488.543788470424,4.0,4.0,53255.3852038322,159766.1556114966,150.7960541747738,534.374366735849,-1.5861103032909623,0.17118691850098025,225481.97544028173,171.62104730414416,1.5262568884101921,0.16108211369393086
"COUNTERFACTUAL - assumed: licensed live feed + courtside camera, not purchased; parameters from our measurements",own120,2.0,0.5,30,0.95,1000.0,1000.0,0.005,region,D>=3c,cap1,ref_short,delay1,ref,decay,point,0.0,0.0,0.0,False,ref,burned_OOS,10,17384.0,7681.5,6991.2,940.3,0.40216290842153707,0.08986873300027001,0.36807984353428436,0.1667567878508974,0.4651633686148181,-0.38680000000000003,0.046899999999999956,0.10290132734249365,115.85846708239819,3847699.2168842307,1809747.3433392,1.6071229773041265,1.0479085267079988,2.16593041775017,61774.26750970278,39900.05962886787,83789.65201806961,71372.75937149212,-9598.491861789345,40.0,1544.3566877425696,16.57474546361084,-2658.2623982765977,-2587.0365410073864,5130.623768437845,2.8,3.0,41409.1723610926,124227.51708327778,50.33711136897624,459.3261412419082,-2.149350630615778,0.1825923755481001,195661.90685413277,197.63950727134858,3.3251460431001876,0.21563334184173255
"COUNTERFACTUAL - assumed: licensed live feed + courtside camera, not purchased; parameters from our measurements",own120,2.0,0.5,30,0.99,100.0,1000.0,0.005,region,D>=3c,cap1,ref_short,delay1,ref,decay,point,0.0,0.0,0.0,False,ref,IS,10,54704.0,19339.4,18629.5,2435.7,0.3405509651945013,0.03670752289781083,0.40877997952617723,0.13171614507165838,0.4595038754021644,-0.35540000000000005,0.06880000000000001,0.1850850062988269,45.93052370310231,2207981.0270391023,1070580.3659092472,2.3509168117569876,2.1619594013095664,2.5460763014742938,51905.023617384955,47495.13827917676,56361.910307943544,54334.425402117464,-2429.401784732493,103.0,503.93226812995107,36.653358532988726,-81.84273435756658,-78.86753517862739,1178.6473829361823,4.0,4.0,10817.31658805084,32451.949764152523,160.81022147867773,569.8614644632755,-0.24770968324769052,0.16653947208228528,232614.2680431391,17.474408994002914,1.4592106533145344,0.08392579264174264
"COUNTERFACTUAL - assumed: licensed live feed + courtside camera, not purchased; parameters from our measurements",own120,2.0,0.5,30,0.99,100.0,1000.0,0.005,region,D>=3c,cap1,ref_short,delay1,ref,decay,point,0.0,0.0,0.0,False,ref,burned_OOS,10,17384.0,6063.9,5845.5,937.6,0.33625747814081913,0.036016793422894225,0.36807984353428436,0.1667567878508974,0.4651633686148181,-0.38680000000000003,0.05229999999999992,0.18375568630122147,48.16701752884762,711938.0212654269,347276.21415404306,1.9302630116987647,1.5709287461498955,2.2935297293032026,13740.890723377272,11170.086660569092,16315.666078297267,14426.327059568333,-685.4363361910632,40.0,343.52226808443174,30.07742148358243,-110.8107817778312,-110.81078177783111,823.742922219295,3.0,3.0,7843.888028932428,23531.664086797282,58.598232395020275,534.7088706045599,-0.4692407361403886,0.17595775641352154,201750.2061745865,25.61889001107992,4.149312707731897,0.14507662904314023
"COUNTERFACTUAL - assumed: licensed live feed + courtside camera, not purchased; parameters from our measurements",own120,2.0,0.5,30,0.99,1000.0,1000.0,0.005,region,D>=3c,cap1,ref_short,delay1,ref,decay,point,0.0,0.0,0.0,False,ref,IS,10,54704.0,24081.3,23193.0,2435.7,0.42397265282246266,0.03688851337630015,0.40877997952617723,0.13171614507165838,0.4595038754021644,-0.35540000000000005,0.06870000000000002,0.09990262792443065,99.09022925182683,11262697.282185275,5288588.372743254,2.4529907519667002,2.146909247723599,2.7798410646166727,276213.1427998215,239820.7283468588,313854.9818312189,290177.38110616175,-13964.238306340241,103.0,2681.68099805652,25.9630841265529,-2100.435664940464,-1854.053925683816,7813.05392200942,4.0,4.0,51874.21554432053,155622.6466329616,178.48155763413428,632.4831896743592,-1.336024640750862,0.16705132422942012,232614.2680431391,165.59953005153318,1.6691342380670189,0.15916770825143237
"COUNTERFACTUAL - assumed: licensed live feed + courtside camera, not purchased; parameters from our measurements",own120,2.0,0.5,30,0.99,1000.0,1000.0,0.005,region,D>=3c,cap1,ref_short,delay1,ref,decay,point,0.0,0.0,0.0,False,ref,burned_OOS,10,17384.0,7536.9,7265.1,937.6,0.41791877588587206,0.036063034827710526,0.36807984353428436,0.1667567878508974,0.4651633686148181,-0.38680000000000003,0.05174999999999992,0.10041408511597534,113.69236063095646,3720914.8973877123,1754591.7622724106,1.9112971558524179,1.3314544987837151,2.4934674526165552,71096.16991833637,49222.27408442014,93199.36458771501,76870.80189437993,-5774.631976043571,40.0,1777.4042479584089,18.62670994841539,-2459.2111026483517,-2185.6945571423075,5643.223954583214,2.9,3.0,40897.064448763624,122691.19334629088,58.45730103866077,533.4228719777796,-2.009356872131217,0.1780076706454499,201750.2061745865,215.15856488296075,2.4076529403510896,0.23472483154871648
"COUNTERFACTUAL - assumed: licensed live feed + courtside camera, not purchased; parameters from our measurements",own120,2.0,1.0,3,0.95,100.0,1000.0,0.005,region,D>=3c,cap1,ref_short,delay1,ref,decay,point,0.0,0.0,0.0,False,ref,IS,10,6257.0,2110.8,1918.2,262.7,0.306568643119706,0.09128858646113512,0.4103404187310213,0.1289915294869746,0.4606680517820041,-0.3625000000000001,0.05889999999999997,0.2074654025787233,63.892949802825356,305622.20554603415,148772.43793696395,2.054265267091116,1.577447552123296,2.537364996152997,6272.04150151869,4818.17814947314,7726.1371090038565,7601.019329711055,-1328.9778281923664,103.0,60.89360681086107,14.452526946726437,-155.29206572524248,-120.29617843131265,309.3398100425235,4.0,4.0,4319.531589648908,12958.594768946725,49.95780039784402,177.0349237399327,-1.2550752213987932,0.33834189998896164,70878.31172635547,6.146608760575231,1.536584643212238,0.22055640069895407
"COUNTERFACTUAL - assumed: licensed live feed + courtside camera, not purchased; parameters from our measurements",own120,2.0,1.0,3,0.95,100.0,1000.0,0.005,region,D>=3c,cap1,ref_short,delay1,ref,decay,point,0.0,0.0,0.0,False,ref,burned_OOS,10,2402.0,795.9,726.1,100.1,0.3022897585345546,0.08771677727962095,0.3756452955870109,0.1599084096586178,0.4644462947543714,-0.3890500000000001,0.047649999999999935,0.2104881820273628,64.03690650529947,115158.04497898619,55939.9242028586,1.7545858278315893,0.9744432092464667,2.5560210592584536,2021.8573572915325,1104.7924910411252,2930.7591035836504,2441.5320522626457,-419.6746949711135,40.0,50.54643393228831,11.62468593132383,-153.79162440904585,-99.74328831452537,278.82818758112,2.9,3.0,2235.717105683424,6707.151317050273,30.857865973380967,281.5780270071013,-2.2615726158047136,0.33375653922056603,67392.83553376074,11.341741268064336,2.236082527025493,0.3838324045456345
"COUNTERFACTUAL - assumed: licensed live feed + courtside camera, not purchased; parameters from our measurements",own120,2.0,1.0,3,0.95,1000.0,1000.0,0.005,region,D>=3c,cap1,ref_short,delay1,ref,decay,point,0.0,0.0,0.0,False,ref,IS,10,6257.0,2616.6,2375.6,262.7,0.37967076873901234,0.09214395444790774,0.4103404187310213,0.1289915294869746,0.4606680517820041,-0.3625000000000001,0.059599999999999966,0.13029353088424728,229.1072917221512,1889446.3897545033,897476.376901333,2.0630819697987404,1.3684691793335024,2.757026957732621,38994.392309400726,25414.255988068606,52393.09326747038,45680.537222854015,-6686.144913453289,103.0,378.58633310097787,10.161803367685188,-1889.0255290659984,-1120.5563020036227,2612.2988409605227,4.0,4.0,24489.061036307623,73467.18310892288,54.24026971132624,192.2106645110105,-2.6358321219670255,0.340506824715227,70878.31172635547,46.05557361906428,1.1323292901610114,0.24214460442294722
"COUNTERFACTUAL - assumed: licensed live feed + courtside camera, not purchased; parameters from our measurements",own120,2.0,1.0,3,0.95,1000.0,1000.0,0.005,region,D>=3c,cap1,ref_short,delay1,ref,decay,point,0.0,0.0,0.0,False,ref,burned_OOS,10,2402.0,993.5,905.5,100.1,0.376977518734388,0.08862066253920473,0.3756452955870109,0.1599084096586178,0.4644462947543714,-0.3890500000000001,0.047599999999999934,0.13181958933605512,227.58119056419363,711445.0287741107,337259.6256776191,1.618229859616329,0.5116414094801411,2.7170731615175634,11563.527477754844,3575.7075977182017,19601.512860145827,13065.812668904427,-1502.2851911495827,40.0,289.08818694387116,7.912795612753183,-1589.9536500067627,-950.8753733495471,2150.0825270539854,2.6,3.0,14225.681441027027,42677.04432308109,27.482935452875818,250.7817860074919,-3.7490134068547105,0.33575999547815333,67392.83553376074,68.32828263268736,1.5689910001602367,0.33554732454452896
"COUNTERFACTUAL - assumed: licensed live feed + courtside camera, not purchased; parameters from our measurements",own120,2.0,1.0,3,0.99,100.0,1000.0,0.005,region,D>=3c,cap1,ref_short,delay1,ref,decay,point,0.0,0.0,0.0,False,ref,IS,10,6257.0,2067.8,1989.0,262.6,0.3178839699536519,0.03813768831931437,0.4103404187310213,0.1289915294869746,0.4606680517820041,-0.3625000000000001,0.0653,0.20632146591734674,63.57704531243165,298746.95442274254,145339.3399139082,2.316607816941051,1.8307831033237825,2.801469021073271,6914.773865527321,5436.747443099675,8376.328537156343,7759.0718404635945,-844.2979749362734,103.0,67.1337268497798,15.712108048148522,-128.38009538671554,-110.96673825746636,311.9291488930836,4.0,4.0,4162.313414748776,12486.94024424633,57.27459562759956,202.9633728550858,-1.058163839808557,0.338388218103043,72897.8560540769,6.140322711901663,1.6237898265096171,0.2273125752343853
"COUNTERFACTUAL - assumed: licensed live feed + courtside camera, not purchased; parameters from our measurements",own120,2.0,1.0,3,0.99,100.0,1000.0,0.005,region,D>=3c,cap1,ref_short,delay1,ref,decay,point,0.0,0.0,0.0,False,ref,burned_OOS,10,2402.0,775.4,748.8,99.7,0.31174021648626143,0.03433558511874897,0.3756452955870109,0.1599084096586178,0.4644462947543714,-0.3890500000000001,0.052199999999999955,0.21115597773767397,64.3759171009236,112105.81754139115,54371.248557430656,2.020018428031058,1.2187667250783858,2.8613278660226267,2267.3640273759133,1366.25772794932,3174.098275610972,2469.865845758466,-202.5018183825529,40.0,56.68410068439783,12.991670718197046,-127.79718576367176,-97.92044720061838,287.8413270727204,2.9,3.0,2187.420820316206,6562.262460948617,35.01397394325657,319.5025122322162,-1.9677844652337757,0.3369693719426463,69658.45697243097,10.873676319369233,2.2298036845690605,0.3646953136150146
"COUNTERFACTUAL - assumed: licensed live feed + courtside camera, not purchased; parameters from our measurements",own120,2.0,1.0,3,0.99,1000.0,1000.0,0.005,region,D>=3c,cap1,ref_short,delay1,ref,decay,point,0.0,0.0,0.0,False,ref,IS,10,6257.0,2555.7,2458.1,262.6,0.392856001278568,0.038205584045647056,0.4103404187310213,0.1289915294869746,0.4606680517820041,-0.3625000000000001,0.06499999999999997,0.12974285851468903,228.94359272953406,1846175.8422186784,877359.4248562778,2.3525641412629894,1.6561643547141944,3.0421205566209695,43455.59500949289,30274.012630818994,56488.58335218736,47759.08324197439,-4303.488232481506,103.0,421.89898067468823,11.621678248109216,-1654.5260449945072,-1064.4332077059764,2491.948228144625,4.0,4.0,23703.79012568827,71111.3703770648,62.51733877236997,221.54202574674795,-2.4029130287675207,0.34162760520222674,72897.8560540769,48.12940624176381,1.1921649537226868,0.2565129051437583
"COUNTERFACTUAL - assumed: licensed live feed + courtside camera, not purchased; parameters from our measurements",own120,2.0,1.0,3,0.99,1000.0,1000.0,0.005,region,D>=3c,cap1,ref_short,delay1,ref,decay,point,0.0,0.0,0.0,False,ref,burned_OOS,10,2402.0,970.1,937.1,99.7,0.3901332223147377,0.03406081027547701,0.3756452955870109,0.1599084096586178,0.4644462947543714,-0.3890500000000001,0.05239999999999995,0.13125466313513612,228.8817862458749,697144.3595613788,330491.50905772916,1.906211652969669,0.7481556511308767,3.049432950068039,13344.297837282696,5219.617654659252,21539.513033674466,14626.577418687511,-1282.279581404819,40.0,333.60744593206744,9.026037570680023,-1701.787819135749,-1010.3521216003126,2117.6551530700617,2.7,3.0,13879.48451104263,41638.4535331279,32.36849260713784,295.3624950401328,-4.162552366911443,0.3367792136696617,69658.45697243097,64.88540634432778,1.6879585912683972,0.3079703342722828
"COUNTERFACTUAL - assumed: licensed live feed + courtside camera, not purchased; parameters from our measurements",own120,2.0,1.0,10,0.95,100.0,1000.0,0.005,region,D>=3c,cap1,ref_short,delay1,ref,decay,point,0.0,0.0,0.0,False,ref,IS,10,20795.0,6955.7,6341.6,869.4,0.3049579225775427,0.0883070250870295,0.4089973551334455,0.13059870161096418,0.4604039432555903,-0.3578,0.06104999999999998,0.21004250812773986,61.69285184648622,983417.2970682734,477801.8650066193,2.1152251012271828,1.8472202053492448,2.3833099407246414,20797.647567898133,18084.06276840046,23500.38786517499,23451.3152549515,-2653.6676870533606,103.0,201.91890842619551,25.89138448255077,-146.1248602281556,-141.50829073436324,651.4289093710383,4.0,4.0,6510.790579934592,19532.371739803777,106.9854604559948,379.12323365473884,-0.7530485785775067,0.3126430470394778,209975.8014177597,7.068156493433445,1.614621908740808,0.08257514633786138
"COUNTERFACTUAL - assumed: licensed live feed + courtside camera, not purchased; parameters from our measurements",own120,2.0,1.0,10,0.95,100.0,1000.0,0.005,region,D>=3c,cap1,ref_short,delay1,ref,decay,point,0.0,0.0,0.0,False,ref,burned_OOS,10,7093.0,2385.5,2173.1,324.9,0.3063724799097702,0.08901678969259604,0.36149725081065837,0.17422811222331877,0.4642746369660228,-0.3879000000000001,0.04044999999999993,0.2047009767269401,62.058290921678896,338051.44586122973,165421.36551433476,1.4405734779420878,0.9821257418706679,1.9088429334843222,4869.810450464797,3316.0522400572654,6445.004893784811,5666.411465196156,-796.6010147313581,40.0,121.74526126161993,17.078843112445767,-189.43890377787747,-160.60244546738403,430.9395926321595,2.9,3.0,5294.4739248010565,15883.421774403168,30.677266531393116,279.93005709896215,-1.1922871842542224,0.3164871730767609,186451.09141902966,17.161482983969186,2.692623259479911,0.20336171292827626
"COUNTERFACTUAL - assumed: licensed live feed + courtside camera, not purchased; parameters from our measurements",own120,2.0,1.0,10,0.95,1000.0,1000.0,0.005,region,D>=3c,cap1,ref_short,delay1,ref,decay,point,0.0,0.0,0.0,False,ref,IS,10,20795.0,8705.9,7927.7,869.4,0.3812310651598942,0.08940438367557706,0.4089973551334455,0.13059870161096418,0.4604039432555903,-0.3578,0.06129999999999998,0.1296279409427395,205.3357445089536,5972614.110551147,2830293.360872494,2.2122831878808524,1.8198277771344338,2.599716208099012,132095.74899759438,107351.46014107988,156808.8410928641,147090.54063913968,-14994.791641545287,103.0,1282.4829999766444,19.259340404324984,-1947.1177104204235,-1622.322581177043,5120.238371750699,4.0,4.0,40695.17886406104,122085.53659218313,108.87181011293515,385.80787078855667,-1.6208166311017997,0.31169511163451713,209975.8014177597,69.54547289787807,1.3170418183151895,0.12813543141491415
"COUNTERFACTUAL - assumed: licensed live feed + courtside camera, not purchased; parameters from our measurements",own120,2.0,1.0,10,0.95,1000.0,1000.0,0.005,region,D>=3c,cap1,ref_short,delay1,ref,decay,point,0.0,0.0,0.0,False,ref,burned_OOS,10,7093.0,2972.7,2703.9,324.9,0.3812068236289299,0.09042034046221514,0.36149725081065837,0.17422811222331877,0.4642746369660228,-0.3879000000000001,0.04074999999999993,0.12581748834021564,212.6142243473467,2049593.8526676577,977022.8207135398,1.344437549380173,0.69634837117205,2.000759794194916,27517.786612368905,14049.81515024557,41116.7609023824,31731.79531626508,-4214.008703896171,40.0,687.9446653092228,11.301592511045268,-2235.4518465466076,-1508.730699363851,3466.8501991134544,3.0,3.0,32031.999965335657,96095.99989600698,29.023033140914883,264.83517741084836,-2.356075425804183,0.3170949753900675,186451.09141902966,134.74681145545367,1.5226615516116815,0.2721481114087418
"COUNTERFACTUAL - assumed: licensed live feed + courtside camera, not purchased; parameters from our measurements",own120,2.0,1.0,10,0.99,100.0,1000.0,0.005,region,D>=3c,cap1,ref_short,delay1,ref,decay,point,0.0,0.0,0.0,False,ref,IS,10,20795.0,6815.3,6568.1,868.1,0.31584996393363796,0.036285924557619996,0.4089973551334455,0.13059870161096418,0.4604039432555903,-0.3578,0.06830000000000007,0.2092637452967901,61.42424743491964,961214.0331758648,466733.7517032086,2.410249376895403,2.1387864672494916,2.688378511427341,23164.60467736046,20433.596149491135,25879.846460552355,24503.76637595045,-1339.1616985899868,103.0,224.8990745374802,28.444189633884697,-112.1168573515366,-107.44156316772997,717.199183332601,4.0,4.0,6454.858813281476,19364.576439844426,119.95520013580804,425.0839616463101,-0.5844501827566514,0.31242423002232045,216385.24357452072,8.209164238663377,0.9836773955437458,0.09311077360567938
"COUNTERFACTUAL - assumed: licensed live feed + courtside camera, not purchased; parameters from our measurements",own120,2.0,1.0,10,0.99,100.0,1000.0,0.005,region,D>=3c,cap1,ref_short,delay1,ref,decay,point,0.0,0.0,0.0,False,ref,burned_OOS,10,7093.0,2337.2,2256.0,323.5,0.3180600592133089,0.034750320790741286,0.36149725081065837,0.17422811222331877,0.4642746369660228,-0.3879000000000001,0.04519999999999993,0.2033527718291114,62.16216734403175,330948.53937597,162062.34080112138,1.6832993640848894,1.2056208956487535,2.172866692449735,5571.024806929106,3971.477652432551,7155.310033377197,5882.639335329086,-311.6145283999793,40.0,139.27562017322765,20.1852710099303,-144.0724856311017,-128.93667799669066,444.1632245174157,3.0,3.0,5166.682625681258,15500.047877043777,36.05945775592661,329.04255202283036,-0.9358746171077735,0.31903847410286634,192229.0031843936,17.953555378188316,3.8614785085755035,0.21534161255326686
"COUNTERFACTUAL - assumed: licensed live feed + courtside camera, not purchased; parameters from our measurements",own120,2.0,1.0,10,0.99,1000.0,1000.0,0.005,region,D>=3c,cap1,ref_short,delay1,ref,decay,point,0.0,0.0,0.0,False,ref,IS,10,20795.0,8510.7,8199.8,868.1,0.394315941332051,0.03654099052077153,0.4089973551334455,0.13059870161096418,0.4604039432555903,-0.3578,0.06840000000000002,0.12915505885309755,206.20565059437268,5840287.1002084585,2768645.9598830976,2.5172654266238372,2.1201920258043208,2.9120138253940095,147026.5227396004,122591.41228682797,171635.8774005132,156673.61656753576,-9647.093827935381,103.0,1427.441968345635,21.284482804334992,-1504.6830652332387,-1378.3883544047353,5237.071792279978,4.0,4.0,39586.43859110626,118759.31577331875,124.72842825033456,441.998799139535,-1.2769054449284916,0.3125211132681075,216385.24357452072,73.77188290281148,1.3411089056616763,0.12409565826717062
"COUNTERFACTUAL - assumed: licensed live feed + courtside camera, not purchased; parameters from our measurements",own120,2.0,1.0,10,0.99,1000.0,1000.0,0.005,region,D>=3c,cap1,ref_short,delay1,ref,decay,point,0.0,0.0,0.0,False,ref,burned_OOS,10,7093.0,2907.8,2804.8,323.5,0.39543211617087265,0.035435647392670896,0.36149725081065837,0.17422811222331877,0.4642746369660228,-0.3879000000000001,0.04574999999999992,0.12442377952595665,215.65486195133485,2012153.9158829588,960761.3746077048,1.5774480504040462,0.9118365797246396,2.2516849444726224,31717.169883351406,17977.915051366705,45403.16466527955,34385.39663813965,-2668.226754788249,40.0,792.9292470837852,13.089793640634422,-2074.583289327472,-1449.2950105544878,3610.745279718399,3.0,3.0,31772.63375558648,95317.90126675947,33.996508761820834,310.21814245161505,-2.173034163907372,0.31871100548887565,192229.0031843936,147.19406867888407,2.2670959710151717,0.2973735531573682
"COUNTERFACTUAL - assumed: licensed live feed + courtside camera, not purchased; parameters from our measurements",own120,2.0,1.0,30,0.95,100.0,1000.0,0.005,region,D>=3c,cap1,ref_short,delay1,ref,decay,point,0.0,0.0,0.0,False,ref,IS,10,54704.0,18799.8,17122.6,2440.1,0.3130045334893244,0.08921090090035409,0.40877997952617723,0.13171614507165838,0.4595038754021644,-0.35540000000000005,0.06159999999999997,0.2027047863592057,56.966161766934434,2495411.49556833,1214193.9620569423,2.051737557713637,1.8809084200838213,2.225498193240013,51194.20845412804,46756.68392169384,55639.51840907345,57431.53860045628,-6237.330146328255,103.0,497.03115004007805,35.59695727032532,-79.41774537351193,-75.52532652659538,1170.5738552683456,4.0,4.0,12230.45414978885,36691.362449366556,140.20717496412522,496.8506685621913,-0.2148329823521212,0.26180634937341607,450963.95088056347,20.599429999020685,1.9046488101517167,0.0887955547640948
"COUNTERFACTUAL - assumed: licensed live feed + courtside camera, not purchased; parameters from our measurements",own120,2.0,1.0,30,0.95,100.0,1000.0,0.005,region,D>=3c,cap1,ref_short,delay1,ref,decay,point,0.0,0.0,0.0,False,ref,burned_OOS,10,17384.0,5915.3,5382.5,940.3,0.3096237919926369,0.09007232697569283,0.36807984353428436,0.1667567878508974,0.4651633686148181,-0.38680000000000003,0.04699999999999991,0.2004294655121571,58.380008525802225,800407.8327718569,391521.6831602688,1.7133017911057453,1.382497245130179,2.04177693221464,13709.006954471037,11013.870213021353,16353.646526368795,15585.42549398082,-1876.4185395097825,40.0,342.7251738617759,28.275573920010977,-136.05338408084094,-130.23982639447823,902.2792863648377,3.0,3.0,8640.006186053315,25920.01855815995,53.180165711264806,485.2690121152914,-0.5197374634777532,0.2813922541465255,391323.81370826554,27.650879762476027,5.174433079008746,0.14415267473628707
"COUNTERFACTUAL - assumed: licensed live feed + courtside camera, not purchased; parameters from our measurements",own120,2.0,1.0,30,0.95,1000.0,1000.0,0.005,region,D>=3c,cap1,ref_short,delay1,ref,decay,point,0.0,0.0,0.0,False,ref,IS,10,54704.0,23526.7,21410.3,2440.1,0.39138454226381986,0.08995777721299827,0.40877997952617723,0.13171614507165838,0.4595038754021644,-0.35540000000000005,0.06159999999999997,0.12005008300274281,168.37868259073704,14481082.22037794,6850493.304601803,2.154882042437857,1.8990916109208769,2.4114875065918557,311953.36294739094,273621.39423599176,351597.4503005381,347655.97054286784,-35702.60759547706,103.0,3028.6734266736976,27.482139102191432,-1836.1301222073948,-1836.1301222073957,8541.333120711804,4.0,4.0,67848.15305783632,203544.45917350892,154.0343692995221,545.8499494594715,-0.911570800549204,0.2617312191440831,450963.95088056347,173.43766681810422,1.2803854932875316,0.1340943638994392
"COUNTERFACTUAL - assumed: licensed live feed + courtside camera, not purchased; parameters from our measurements",own120,2.0,1.0,30,0.95,1000.0,1000.0,0.005,region,D>=3c,cap1,ref_short,delay1,ref,decay,point,0.0,0.0,0.0,False,ref,burned_OOS,10,17384.0,7359.6,6697.4,940.3,0.3852623101702715,0.08998110882007024,0.36807984353428436,0.1667567878508974,0.4651633686148181,-0.38680000000000003,0.04689999999999992,0.12071359252968752,188.55055674669347,4747001.305141433,2254602.1092073433,1.6713990285493423,1.1900740067623772,2.148888785107687,79286.81636260737,55951.89453496792,102329.62874776256,89596.79017677314,-10309.973814165764,40.0,1982.1704090651845,20.080050542716233,-2368.025879261095,-2301.7049292582064,5929.37288191251,2.9,3.0,50955.86607269813,152867.5982180944,52.21410048768828,476.45366695015565,-1.5329955854793913,0.2823391144267616,391323.81370826554,204.77197745283576,3.4021813531003464,0.1816655995084793
"COUNTERFACTUAL - assumed: licensed live feed + courtside camera, not purchased; parameters from our measurements",own120,2.0,1.0,30,0.99,100.0,1000.0,0.005,region,D>=3c,cap1,ref_short,delay1,ref,decay,point,0.0,0.0,0.0,False,ref,IS,10,54704.0,18398.1,17723.0,2435.7,0.32397996490201814,0.036692810321341474,0.40877997952617723,0.13171614507165838,0.4595038754021644,-0.35540000000000005,0.06850000000000003,0.20200559131687873,56.87024139212237,2438034.3495952873,1185857.582619833,2.3593633016718334,2.1787544650367265,2.538763990938549,57521.653372881774,52994.345236379086,62013.84852802691,59926.7398212258,-2405.0864483440246,103.0,558.4626541056483,38.82856394151718,-59.104708737750116,-51.70454481203804,1245.0291021883559,4.0,4.0,11968.982871738615,35906.94861521585,161.12486669956428,570.9764693722423,-0.1645595604052695,0.26279968518478125,465228.5360862782,18.55343741849896,1.5386633654731174,0.07784393818838974
"COUNTERFACTUAL - assumed: licensed live feed + courtside camera, not purchased; parameters from our measurements",own120,2.0,1.0,30,0.99,100.0,1000.0,0.005,region,D>=3c,cap1,ref_short,delay1,ref,decay,point,0.0,0.0,0.0,False,ref,burned_OOS,10,17384.0,5785.5,5576.6,937.6,0.32078923147722044,0.036110214674787366,0.36807984353428436,0.1667567878508974,0.4651633686148181,-0.38680000000000003,0.05234999999999993,0.19954220931001568,58.38057348641818,780829.5685481079,382319.17695254425,1.9695818241413214,1.62904108018713,2.308891750739484,15378.198508708982,12754.397569881665,18013.64479146691,16067.438934253409,-689.2404255444286,40.0,384.4549627177245,32.22045339243574,-86.04884452940318,-76.77349428389286,895.0241656431184,3.0,3.0,8521.043093371543,25563.12928011463,60.3737396870918,550.9103746447128,-0.3315909664611803,0.28311727053142344,403500.412349173,24.778863469454087,4.818721507129234,0.12740487517208351
"COUNTERFACTUAL - assumed: licensed live feed + courtside camera, not purchased; parameters from our measurements",own120,2.0,1.0,30,0.99,1000.0,1000.0,0.005,region,D>=3c,cap1,ref_short,delay1,ref,decay,point,0.0,0.0,0.0,False,ref,IS,10,54704.0,22974.5,22125.7,2435.7,0.40446219654869847,0.036945050209841665,0.40877997952617723,0.13171614507165838,0.4595038754021644,-0.35540000000000005,0.06860000000000002,0.11982478035914805,169.4067029835988,14152432.941381138,6700933.850275343,2.474544424520365,2.2194881870017262,2.745880984323248,350148.6134728013,311169.059863221,390809.28912728804,366133.56554876623,-15984.952075964993,103.0,3399.5011016776816,30.079133877243304,-1696.8204983072326,-1650.6269730374418,9063.533041115985,4.0,4.0,67004.58876537807,201013.76629613416,175.22566972605412,620.9453344661141,-0.842826660639114,0.2630696281373045,465228.5360862782,155.17225825676093,1.1995924374662545,0.12102090205186801
"COUNTERFACTUAL - assumed: licensed live feed + courtside camera, not purchased; parameters from our measurements",own120,2.0,1.0,30,0.99,1000.0,1000.0,0.005,region,D>=3c,cap1,ref_short,delay1,ref,decay,point,0.0,0.0,0.0,False,ref,burned_OOS,10,17384.0,7192.0,6933.4,937.6,0.3988380119650253,0.03595723553285651,0.36807984353428436,0.1667567878508974,0.4651633686148181,-0.38680000000000003,0.05189999999999993,0.11988740597618767,190.14125780867084,4648734.9194064345,2212774.920997722,1.9227667757325944,1.436863980633392,2.4119510234085406,89365.95448183051,66506.45600674866,112834.51853619775,95515.57753341828,-6149.623051587754,40.0,2234.148862045763,22.542056792362935,-1789.5154719798375,-1636.6008991614613,6357.462171674526,2.9,3.0,50871.27604597288,152613.82813791864,58.88954446927837,537.3670932821651,-1.1628596173888694,0.28381841391994894,403500.412349173,200.80781790502778,2.9871873255454653,0.17640423974953554
"COUNTERFACTUAL - assumed: licensed live feed + courtside camera, not purchased; parameters from our measurements",own120,3.0,0.25,3,0.95,100.0,1000.0,0.005,region,D>=3c,cap1,ref_short,delay1,ref,decay,point,0.0,0.0,0.0,False,ref,IS,10,6257.0,3306.0,3106.1,267.0,0.49642000958925997,0.06044529673439536,0.776490330829471,0.057711363273134086,0.16579830589739492,0.6375,0.9612,0.29856214422976396,50.13855871636356,410691.54903532565,195807.835786596,2.7924700904242465,2.4377968412913287,3.1536803917473923,11465.409080047999,9828.45130321071,13204.460383966678,13589.74433704485,-2124.335256996853,103.0,111.31465126260193,21.640740856030675,-75.00493319591915,-71.787265725129,457.2744853234444,4.0,4.0,5985.505697899657,17956.51709369897,64.25479764085176,227.69904018360094,-0.4255740775251855,0.16445311858836223,28265.258086709575,7.476353377630288,1.283997455139656,0.19632668852381094
"COUNTERFACTUAL - assumed: licensed live feed + courtside camera, not purchased; parameters from our measurements",own120,3.0,0.25,3,0.95,100.0,1000.0,0.005,region,D>=3c,cap1,ref_short,delay1,ref,decay,point,0.0,0.0,0.0,False,ref,burned_OOS,10,2402.0,1256.3,1182.5,102.7,0.4922980849292256,0.058762965758500665,0.7447543713572022,0.08484596169858452,0.17039966694421319,0.6109499999999999,0.9155,0.30047583166320424,49.50317990534221,154088.16127566714,73169.26008239176,2.6569682593729147,2.096154820262954,3.2386763210171283,4093.6499142980547,3133.2004787081064,5090.651656540924,4840.523827154299,-746.8739128562436,40.0,102.34124785745138,21.22777764260595,-60.960587300714145,-59.205118875531184,336.0096678492758,3.0,3.0,2860.4548628230978,8581.364588469292,47.89873510018214,437.07595778916203,-0.7259749685121089,0.15307005455324388,26735.77134375177,7.268419486431019,2.4883686263535845,0.17542076381154967
"COUNTERFACTUAL - assumed: licensed live feed + courtside camera, not purchased; parameters from our measurements",own120,3.0,0.25,3,0.95,1000.0,1000.0,0.005,region,D>=3c,cap1,ref_short,delay1,ref,decay,point,0.0,0.0,0.0,False,ref,IS,10,6257.0,4142.4,3887.8,267.0,0.6213520856640563,0.061461872647859093,0.776490330829471,0.057711363273134086,0.16579830589739492,0.6375,0.9551000000000001,0.166668370732094,107.87759930700204,2024242.8205134838,940915.7589114327,2.6841115995300497,2.057510031602268,3.318419849980837,54389.24170911596,40892.85236799737,68661.73604692386,65031.00217664333,-10641.760467527361,103.0,528.0508903797665,13.618230836392666,-1237.851612398231,-868.1205282104662,2761.2788537976385,4.0,4.0,27818.25494860916,83454.76484582748,65.33811595510792,231.53798372441162,-1.5176700846436648,0.16350218571961722,28265.258086709575,54.6787039306765,1.322097593323993,0.24529542267599522
"COUNTERFACTUAL - assumed: licensed live feed + courtside camera, not purchased; parameters from our measurements",own120,3.0,0.25,3,0.95,1000.0,1000.0,0.005,region,D>=3c,cap1,ref_short,delay1,ref,decay,point,0.0,0.0,0.0,False,ref,burned_OOS,10,2402.0,1578.9,1484.8,102.7,0.6181515403830142,0.05963049674687534,0.7447543713572022,0.08484596169858452,0.17039966694421319,0.6109499999999999,0.93245,0.16791201274961698,104.14227817293484,752008.6001915158,348969.34792156576,2.2516243887249496,1.2000435394663214,3.252050937523529,16908.623751210453,8770.053808924835,25199.8410228119,20195.792954725002,-3287.1692035145534,40.0,422.7155937802613,11.183396447572177,-1315.5280580466156,-896.7698827314038,2332.941298288452,2.9,3.0,14490.916456854287,43472.74937056286,38.918772977636046,355.133803420929,-3.066377225399832,0.1551837997244452,26735.77134375177,71.03114113781443,2.9524720521361076,0.38075669375095933
"COUNTERFACTUAL - assumed: licensed live feed + courtside camera, not purchased; parameters from our measurements",own120,3.0,0.25,3,0.99,100.0,1000.0,0.005,region,D>=3c,cap1,ref_short,delay1,ref,decay,point,0.0,0.0,0.0,False,ref,IS,10,6257.0,3316.1,3236.1,267.0,0.5171967396515902,0.02412604368511414,0.776490330829471,0.057711363273134086,0.16579830589739492,0.6375,0.9734,0.2945047289082568,49.12881322997033,407911.180111518,193747.94610549096,3.1317456308763196,2.7727794481660375,3.510499863418854,12771.217754295905,11043.159825900007,14623.529347494108,13853.845894655888,-1082.6281403599814,103.0,123.99240538151363,22.922762534241876,-64.70318718221225,-64.70318718221222,487.26054169239086,4.0,4.0,5888.91867392471,17666.756021774127,72.66532940241761,257.50335176584883,-0.36873864586180183,0.15578724847327757,29167.09199229008,6.5766571735540955,1.216287092907139,0.17750878722304192
"COUNTERFACTUAL - assumed: licensed live feed + courtside camera, not purchased; parameters from our measurements",own120,3.0,0.25,3,0.99,100.0,1000.0,0.005,region,D>=3c,cap1,ref_short,delay1,ref,decay,point,0.0,0.0,0.0,False,ref,burned_OOS,10,2402.0,1252.2,1224.0,102.6,0.5095753538717734,0.02253733313261167,0.7447543713572022,0.08484596169858452,0.17039966694421319,0.6109499999999999,0.9174499999999999,0.29951783830155404,48.46490835815285,152110.6283604234,71828.3169315956,3.0205705691849305,2.454321663238765,3.620349516314845,4595.138089580074,3613.138835488751,5632.817531182066,5038.901889260878,-443.763799680804,40.0,114.87845223950185,22.52064268492864,-59.73876994694213,-53.71133242883909,371.86304017926415,3.0,3.0,2806.4492978869953,8419.347893660986,54.78982106380206,499.95711720719385,-0.7335956920297171,0.14717994346167063,27651.78281549709,6.207706988230428,2.4300618516299646,0.12208020988061
"COUNTERFACTUAL - assumed: licensed live feed + courtside camera, not purchased; parameters from our measurements",own120,3.0,0.25,3,0.99,1000.0,1000.0,0.005,region,D>=3c,cap1,ref_short,delay1,ref,decay,point,0.0,0.0,0.0,False,ref,IS,10,6257.0,4147.8,4045.1,267.0,0.6464919290394758,0.02476183995411203,0.776490330829471,0.057711363273134086,0.16579830589739492,0.6375,0.9673,0.16244010559870817,104.47255311560203,1982384.0123330306,916960.8074063044,3.163876832938384,2.527368586559342,3.8184689068763773,62760.39020203275,49189.15414698713,77337.23747624896,68450.68913573548,-5690.298933702743,103.0,609.3241767187645,15.40713941216762,-1132.3930594862752,-815.7876945940538,3075.532282126781,4.0,4.0,27063.442057292512,81190.32617187755,77.64403992444792,275.14635507207277,-1.4308943245672827,0.15513062745224773,29167.09199229008,56.75355381596367,1.2580621587491938,0.26641571497581196
"COUNTERFACTUAL - assumed: licensed live feed + courtside camera, not purchased; parameters from our measurements",own120,3.0,0.25,3,0.99,1000.0,1000.0,0.005,region,D>=3c,cap1,ref_short,delay1,ref,decay,point,0.0,0.0,0.0,False,ref,burned_OOS,10,2402.0,1573.9,1539.1,102.6,0.6407577019150708,0.022129178157121565,0.7447543713572022,0.08484596169858452,0.17039966694421319,0.6109499999999999,0.9389,0.16580555105828482,100.98873800958185,734559.9840837456,339069.9567700274,2.782980078675709,1.7072916395424091,3.844421925361943,20419.328636987688,12058.396287739257,29038.57897934608,22648.28369897127,-2228.9550619835836,40.0,510.4832159246921,13.021964680412049,-1131.1057658932411,-823.3094946182706,2493.8647896938005,2.9,3.0,13951.69907232319,41855.09721696957,48.97692253540908,446.9144181356079,-2.763896019069068,0.14739311962791396,27651.78281549709,76.55376867004223,2.485751952043618,0.42137716258508384
"COUNTERFACTUAL - assumed: licensed live feed + courtside camera, not purchased; parameters from our measurements",own120,3.0,0.25,10,0.95,100.0,1000.0,0.005,region,D>=3c,cap1,ref_short,delay1,ref,decay,point,0.0,0.0,0.0,False,ref,IS,10,20795.0,11010.4,10359.1,886.5,0.4981534022601587,0.05915562215958283,0.7753306083193076,0.059168069247415245,0.16550132243327723,0.6422,0.9549999999999998,0.2976915589803471,45.718501064527715,1303216.6021997877,619065.4349225499,2.864311921068158,2.67170228250195,3.0593742447466803,37327.684977735276,34241.947557266365,40448.54578659598,42106.20829049889,-4778.523312763615,103.0,362.4047085217017,35.27913243827093,-44.57920084573452,-37.68266985672657,1041.4296954092079,4.0,4.0,8613.62940423629,25840.888212708865,145.0225729271372,513.9149428971366,-0.1682883636510467,0.14385997994020766,83987.13942778917,11.003332994893276,1.3577194697477002,0.08576105573781545
"COUNTERFACTUAL - assumed: licensed live feed + courtside camera, not purchased; parameters from our measurements",own120,3.0,0.25,10,0.95,100.0,1000.0,0.005,region,D>=3c,cap1,ref_short,delay1,ref,decay,point,0.0,0.0,0.0,False,ref,burned_OOS,10,7093.0,3779.0,3552.6,335.5,0.5008600028196815,0.05989448509986708,0.7357394614408572,0.0969970393345552,0.1672634992245876,0.6120999999999999,0.9070999999999998,0.29332951627576737,47.48737119031527,451887.1546512748,215418.0621975279,2.482129106833318,2.162354737449024,2.820740524024139,11214.819214982688,9557.57619047703,12974.381988114872,12783.841651274823,-1569.0224362921363,40.0,280.37048037456714,35.54533462653364,-27.870684415565528,-20.000696168764666,658.3053849770367,3.0,3.0,6783.451056682078,20350.35317004624,55.231090294227556,503.9836989348263,-0.14259058416475795,0.14392876213576422,74575.67236066246,15.004357245668333,3.2105084848106085,0.1345735649827305
"COUNTERFACTUAL - assumed: licensed live feed + courtside camera, not purchased; parameters from our measurements",own120,3.0,0.25,10,0.95,1000.0,1000.0,0.005,region,D>=3c,cap1,ref_short,delay1,ref,decay,point,0.0,0.0,0.0,False,ref,IS,10,20795.0,13885.7,13051.3,886.5,0.6276172156768454,0.06009307807994828,0.7753306083193076,0.059168069247415245,0.16550132243327723,0.6422,0.95405,0.16119917081336568,93.28878585992678,6278007.704426318,2909443.1881483076,2.7752905671568255,2.4313006794842207,3.1293662003124427,174231.7998720736,149986.74056016066,199364.90557469727,204574.62376028235,-30342.823888208783,103.0,1691.5708725444038,22.790848921626655,-1771.885047935239,-1277.6145460645696,6094.820838115475,4.0,4.0,41549.00365543247,124647.0109662974,140.7299786434051,498.70332237711517,-1.4382839772247271,0.14333980448409708,83987.13942778917,94.19098861427425,1.0585819791206663,0.15339670459839436
"COUNTERFACTUAL - assumed: licensed live feed + courtside camera, not purchased; parameters from our measurements",own120,3.0,0.25,10,0.95,1000.0,1000.0,0.005,region,D>=3c,cap1,ref_short,delay1,ref,decay,point,0.0,0.0,0.0,False,ref,burned_OOS,10,7093.0,4729.7,4444.4,335.5,0.6265895953757226,0.06031848949460115,0.7357394614408572,0.0969970393345552,0.1672634992245876,0.6120999999999999,0.9180499999999998,0.16079990934273028,96.8981014214595,2172583.658962925,1010833.7878745986,2.112085525944905,1.5284291898356068,2.7113632077308307,45827.807300230495,32357.730707042145,59936.25579532201,53217.74453660984,-7389.937236379337,40.0,1145.6951825057627,17.572626416077785,-1717.8374880665365,-1252.8410621247576,4386.735622140748,3.0,3.0,34154.95881623133,102464.876448694,45.31505422899642,413.49986983959235,-1.6900064385116764,0.14457353216724705,74575.67236066246,152.01489846291042,3.4075083463054634,0.29738702462678085
"COUNTERFACTUAL - assumed: licensed live feed + courtside camera, not purchased; parameters from our measurements",own120,3.0,0.25,10,0.99,100.0,1000.0,0.005,region,D>=3c,cap1,ref_short,delay1,ref,decay,point,0.0,0.0,0.0,False,ref,IS,10,20795.0,11040.2,10778.7,886.2,0.5183313296465497,0.02368955782089934,0.7753306083193076,0.059168069247415245,0.16550132243327723,0.6422,0.9695,0.2938396882949796,44.75843135154426,1292849.5446098638,611819.0155880317,3.2147624109360784,3.0183826375654084,3.4163426850190164,41561.28190297774,38362.70920794284,44835.00089093909,43428.52331664633,-1867.2414136685943,103.0,403.50759129104597,36.9387899067339,-23.21062065313381,-0.5098111453010674,1160.9896712565294,4.0,4.0,8586.35620795951,25759.068623878535,161.89425818191955,573.7029537514625,-0.0864130737592204,0.13618904682627275,86715.95893356182,8.65721550773421,1.149470005580747,0.06805112206355833
"COUNTERFACTUAL - assumed: licensed live feed + courtside camera, not purchased; parameters from our measurements",own120,3.0,0.25,10,0.99,100.0,1000.0,0.005,region,D>=3c,cap1,ref_short,delay1,ref,decay,point,0.0,0.0,0.0,False,ref,burned_OOS,10,7093.0,3780.5,3693.4,335.0,0.5207105597067532,0.0230467681486503,0.7357394614408572,0.0969970393345552,0.1672634992245876,0.6120999999999999,0.9237,0.2900104660661211,46.454491183824835,447486.8103953313,212492.3835022124,2.8382446934404904,2.5073561084342657,3.183835531747612,12698.623545875937,10955.091104664016,14529.89374702353,13413.361212945014,-714.737667069081,40.0,317.46558864689837,38.78607168845783,-3.644316842058879,21.667720326124808,736.8434886141224,3.0,3.0,6861.735975894427,20585.20792768328,62.0080196997323,565.8231797600573,-0.01768422326509857,0.1369473670110623,77078.06636063536,12.996659208205662,3.2251025689696586,0.12210504221995275
"COUNTERFACTUAL - assumed: licensed live feed + courtside camera, not purchased; parameters from our measurements",own120,3.0,0.25,10,0.99,1000.0,1000.0,0.005,region,D>=3c,cap1,ref_short,delay1,ref,decay,point,0.0,0.0,0.0,False,ref,IS,10,20795.0,13897.7,13562.4,886.2,0.652195239240202,0.02412815221387099,0.7753306083193076,0.059168069247415245,0.16550132243327723,0.6422,0.96405,0.1571733923115384,88.83402292328614,6132297.103904252,2829484.8728784835,3.27605247235698,2.9243856657291976,3.6457941317537506,200907.1179583693,175957.25482567874,226886.87255217793,213947.73543009994,-13040.617471730613,103.0,1950.554543285139,25.541881013074562,-1258.7260787254418,-1094.6282861997581,6824.526002840752,4.0,4.0,40352.07271624568,121056.21814873707,166.53008195895057,590.1308729613297,-1.0498294578281135,0.13581091527506509,86715.95893356182,89.77755086967441,1.4817625977664668,0.145318592659518
"COUNTERFACTUAL - assumed: licensed live feed + courtside camera, not purchased; parameters from our measurements",own120,3.0,0.25,10,0.99,1000.0,1000.0,0.005,region,D>=3c,cap1,ref_short,delay1,ref,decay,point,0.0,0.0,0.0,False,ref,burned_OOS,10,7093.0,4726.1,4616.9,335.0,0.6509093472437615,0.023120776555261104,0.7357394614408572,0.0969970393345552,0.1672634992245876,0.6120999999999999,0.9329999999999998,0.15719157652503254,92.89450064798571,2126135.8549059527,985482.8585351348,2.6144296048513795,2.014563085599795,3.2300250158206993,55536.150112934956,41778.48876748644,70005.68517513217,59496.69197425068,-3960.5418613157153,40.0,1388.4037528233741,20.976808389525054,-1199.4228738861973,-999.2234898236577,4707.436421662655,3.0,3.0,33301.06990217314,99903.20970651944,56.50570383129174,515.6145474605371,-1.1998362016246251,0.13734958332819774,77078.06636063536,164.59162775683723,3.8797453481837683,0.3258207447876687
"COUNTERFACTUAL - assumed: licensed live feed + courtside camera, not purchased; parameters from our measurements",own120,3.0,0.25,30,0.95,100.0,1000.0,0.005,region,D>=3c,cap1,ref_short,delay1,ref,decay,point,0.0,0.0,0.0,False,ref,IS,10,54704.0,30002.9,28214.4,2496.4,0.5157648435214975,0.05961270480291786,0.7750146241591109,0.060132714243930976,0.16485266159695816,0.6445999999999998,0.9553499999999998,0.27985729449746716,40.072072352412405,3217637.909321058,1528485.0577880791,2.769030405342352,2.6405075678249643,2.8978420274842636,89096.2015795478,83965.17755308558,94259.8381796877,100529.65804160004,-11433.456462052254,103.0,865.0116658208523,44.78686495411063,-5.117289705786971,28.664239064057067,1830.4716657788347,4.0,4.0,14799.395048211072,44398.185144633215,201.45570197703267,713.8964196273489,-0.011347193950025517,0.1135503380215801,179956.94722102856,12.423636546905161,1.3287229353663292,0.04035018113704748
"COUNTERFACTUAL - assumed: licensed live feed + courtside camera, not purchased; parameters from our measurements",own120,3.0,0.25,30,0.95,100.0,1000.0,0.005,region,D>=3c,cap1,ref_short,delay1,ref,decay,point,0.0,0.0,0.0,False,ref,burned_OOS,10,17384.0,9426.5,8862.4,973.9,0.5098021168890934,0.0598316785579107,0.7416992636907501,0.09080188679245284,0.16749884951679705,0.6132,0.9200999999999999,0.2837718416725176,42.364372718292444,1049991.97070577,499942.292337641,2.58494096839084,2.3482861475942465,2.826739464453809,27137.165507611015,24394.39634559033,30058.609332854965,30937.552274280537,-3800.3867666695246,40.0,678.4291376902753,49.439432889593995,-13.335632764487764,144.52490692166447,1316.445102752797,3.0,3.0,11029.750552638767,33089.2516579163,82.31338822421753,751.109667545985,-0.03901150476480271,0.12312201656237709,157709.31703785545,17.57070323878691,5.9798501496590335,0.07758330748321304
"COUNTERFACTUAL - assumed: licensed live feed + courtside camera, not purchased; parameters from our measurements",own120,3.0,0.25,30,0.95,1000.0,1000.0,0.005,region,D>=3c,cap1,ref_short,delay1,ref,decay,point,0.0,0.0,0.0,False,ref,IS,10,54704.0,37518.6,35256.8,2496.4,0.6445013161743199,0.06028655683675752,0.7750146241591109,0.060132714243930976,0.16485266159695816,0.6445999999999998,0.9556999999999999,0.14409972942419574,69.55311421975549,14702269.575430894,6793323.487707083,2.6079305777960875,2.367328606012882,2.8407500396018746,383384.0848046036,344412.4123273246,423440.53283008543,453830.48092350643,-70446.3961189029,103.0,3722.1755806272186,31.442777944134725,-891.725122790696,-889.3348788892545,9783.87857944241,4.0,4.0,64433.19100651529,193299.57301954587,198.8227803697303,704.5661634461316,-0.46302351705866907,0.11427660836178091,179956.94722102856,143.15300879788768,0.9458177383814527,0.10607187370975282
"COUNTERFACTUAL - assumed: licensed live feed + courtside camera, not purchased; parameters from our measurements",own120,3.0,0.25,30,0.95,1000.0,1000.0,0.005,region,D>=3c,cap1,ref_short,delay1,ref,decay,point,0.0,0.0,0.0,False,ref,burned_OOS,10,17384.0,11779.5,11073.0,973.9,0.6369650253106305,0.059977264529399846,0.7416992636907501,0.09080188679245284,0.16749884951679705,0.6132,0.92605,0.14975375069683708,79.25039159392952,4926428.53157768,2279504.7934772065,2.3404347619148362,1.9024668875995214,2.769793352542617,115270.44414966593,92446.4432340974,138654.88536681692,135502.5180252776,-20232.07387561165,40.0,2881.761103741648,28.925851993022015,-995.1026236258734,-836.544655694818,7492.664146334932,3.0,3.0,51492.01044141236,154476.0313242371,75.30857916955554,687.1907849221944,-0.6211690050698437,0.12381503850440426,157709.31703785545,205.14429694449984,4.499756733698833,0.17402574670098425
"COUNTERFACTUAL - assumed: licensed live feed + courtside camera, not purchased; parameters from our measurements",own120,3.0,0.25,30,0.99,100.0,1000.0,0.005,region,D>=3c,cap1,ref_short,delay1,ref,decay,point,0.0,0.0,0.0,False,ref,IS,10,54704.0,30024.3,29306.0,2495.6,0.5357195086282539,0.023924992583765403,0.7750146241591109,0.060132714243930976,0.16485266159695816,0.6445999999999998,0.9648,0.276815798140328,39.16267233528997,3183989.676455626,1506505.5665779319,3.1530023522256205,3.0217953475629264,3.283641606095009,100387.55264771316,95037.26252859803,105733.24786968538,104551.0425456738,-4163.489897960641,103.0,974.636433472943,46.78827541801854,-1.9259479529428063,48.86941733330073,2019.7807807400445,4.0,4.0,14586.565354861808,43759.69606458542,230.35634816548082,816.3113308776747,-0.0042962957504044,0.10695023474828846,185887.52069407376,10.426920290047015,1.371892257649507,0.040017415049937576
"COUNTERFACTUAL - assumed: licensed live feed + courtside camera, not purchased; parameters from our measurements",own120,3.0,0.25,30,0.99,100.0,1000.0,0.005,region,D>=3c,cap1,ref_short,delay1,ref,decay,point,0.0,0.0,0.0,False,ref,burned_OOS,10,17384.0,9422.9,9202.0,973.2,0.5293373216751036,0.02344139107435158,0.7416992636907501,0.09080188679245284,0.16749884951679705,0.6132,0.9327,0.2809638403382804,41.64826942511438,1036976.2530461177,491918.7601585536,2.953373129219434,2.717508606227186,3.2035884439408884,30622.296964412846,27790.202160348155,33693.40657312282,32101.46759188902,-1479.1706274761746,40.0,765.5574241103211,54.58629850204422,-2.6331919667040893,216.54475568208733,1359.4970645430353,3.0,3.0,10916.99705702,32750.991171060003,93.76902680048575,855.6423695544323,-0.007778151005730592,0.11646241593519058,162872.72958091256,15.564216555478406,6.576640625900055,0.0679131223298723
"COUNTERFACTUAL - assumed: licensed live feed + courtside camera, not purchased; parameters from our measurements",own120,3.0,0.25,30,0.99,1000.0,1000.0,0.005,region,D>=3c,cap1,ref_short,delay1,ref,decay,point,0.0,0.0,0.0,False,ref,IS,10,54704.0,37513.7,36603.0,2495.6,0.6691101199181047,0.02427763558833713,0.7750146241591109,0.060132714243930976,0.16485266159695816,0.6445999999999998,0.9649499999999998,0.14060981178651177,66.61551381433063,14328364.410505852,6591791.712225249,3.1441370594581484,2.903549730190553,3.38419734660918,450457.22896367183,410978.33365233545,490042.656311342,476093.52032161655,-25636.29135794472,103.0,4373.371154987105,34.76662351666153,-689.2273386245099,-656.8162457734678,10697.958309393316,4.0,4.0,62491.89710298119,187475.69130894358,240.90991668031165,853.7098989156675,-0.36420680642483017,0.107704686234633,185887.52069407376,147.66132435994223,1.151939449782291,0.11418798043757057
"COUNTERFACTUAL - assumed: licensed live feed + courtside camera, not purchased; parameters from our measurements",own120,3.0,0.25,30,0.99,1000.0,1000.0,0.005,region,D>=3c,cap1,ref_short,delay1,ref,decay,point,0.0,0.0,0.0,False,ref,burned_OOS,10,17384.0,11774.4,11497.0,973.2,0.6613552692130694,0.023562889693115152,0.7416992636907501,0.09080188679245284,0.16749884951679705,0.6132,0.9357,0.14623010476895432,75.6522668406785,4813811.77071103,2219040.3132612566,2.826401603928741,2.3768993192744703,3.278922474700599,136063.35024943942,112677.77763614563,159811.19616623962,145924.3685873902,-9861.018337950756,40.0,3401.5837562359857,33.24436860494344,-634.2976766812324,-416.72158714019895,7965.601433713903,3.0,3.0,50955.0092983924,152865.0278951772,89.54586505722686,817.1060186471952,-0.39922546023140904,0.11723119706525569,162872.72958091256,198.08246774264165,4.42582697053418,0.16103632110101707
"COUNTERFACTUAL - assumed: licensed live feed + courtside camera, not purchased; parameters from our measurements",own120,3.0,0.5,3,0.95,100.0,1000.0,0.005,region,D>=3c,cap1,ref_short,delay1,ref,decay,point,0.0,0.0,0.0,False,ref,IS,10,6257.0,3128.0,2938.9,267.0,0.46969793830909384,0.060428929829068556,0.776490330829471,0.057711363273134086,0.16579830589739492,0.6375,0.95695,0.3267712224190979,63.39783001552322,457220.7478557844,218312.92295447332,2.8346721613040478,2.5081295790930915,3.16967495470674,12956.351884051732,11232.424209169567,14795.520641882453,15119.396805375582,-2163.04492132385,103.0,125.78982411700713,23.078325319865066,-70.31758887634176,-68.58871404863223,491.94969226840556,4.0,4.0,6614.155915304684,19842.46774591405,65.72040569586628,232.89269979603097,-0.3609626156602588,0.27882802837787884,56530.51617341915,7.842229562295238,1.2447265403317636,0.18960423548307462
"COUNTERFACTUAL - assumed: licensed live feed + courtside camera, not purchased; parameters from our measurements",own120,3.0,0.5,3,0.95,100.0,1000.0,0.005,region,D>=3c,cap1,ref_short,delay1,ref,decay,point,0.0,0.0,0.0,False,ref,burned_OOS,10,2402.0,1183.9,1113.4,102.7,0.4635303913405496,0.05955692411602385,0.7447543713572022,0.08484596169858452,0.17039966694421319,0.6109499999999999,0.9107999999999998,0.3307703332601549,62.979439467182985,171484.50092597553,81586.38000539635,2.721981040923677,2.208312686294421,3.2659347086931825,4664.805356837018,3684.780089867733,5712.585561707973,5363.6837690849525,-698.8784122479336,40.0,116.62013392092547,22.507251791161345,-49.93527180514158,-49.29876982003999,377.41439784045605,3.0,3.0,3193.8705573507436,9581.61167205223,48.93171721289279,446.5019195676467,-0.5288136899225829,0.2684194857525064,53471.54268750354,7.019640131947089,2.697564726854097,0.17746084052168293
"COUNTERFACTUAL - assumed: licensed live feed + courtside camera, not purchased; parameters from our measurements",own120,3.0,0.5,3,0.95,1000.0,1000.0,0.005,region,D>=3c,cap1,ref_short,delay1,ref,decay,point,0.0,0.0,0.0,False,ref,IS,10,6257.0,3966.4,3721.8,267.0,0.5948217995844655,0.061664840273481514,0.776490330829471,0.057711363273134086,0.16579830589739492,0.6375,0.9552999999999999,0.1946762296336381,179.92165729100893,2554169.1969584054,1194156.5427848534,2.8332457514364613,2.3124415146810815,3.367700557494289,72394.70370170966,57745.81700642061,87716.94816748347,83771.44334882773,-11376.739647118045,103.0,702.8612009874726,16.390497389536087,-1061.3787214639947,-868.9154582703435,3416.0535300267597,4.0,4.0,35764.01071688168,107292.03215064504,67.70937345021821,239.94098358572472,-1.006889814473453,0.27920987586468127,56530.51617341915,55.76186155140998,1.3472757883748716,0.20615493746724126
"COUNTERFACTUAL - assumed: licensed live feed + courtside camera, not purchased; parameters from our measurements",own120,3.0,0.5,3,0.95,1000.0,1000.0,0.005,region,D>=3c,cap1,ref_short,delay1,ref,decay,point,0.0,0.0,0.0,False,ref,burned_OOS,10,2402.0,1510.3,1420.7,102.7,0.5914654454621149,0.059361575892025564,0.7447543713572022,0.08484596169858452,0.17039966694421319,0.6109499999999999,0.9269000000000001,0.19602202267900196,174.7644822389017,953590.6140162541,444505.9298527773,2.5086025862617563,1.6693960165355495,3.339552955124693,23899.44388425186,15452.311728180974,32622.70317253442,27441.111536480945,-3541.6676522290813,40.0,597.4860971062966,14.857607313925598,-1084.808134965599,-819.0287823041331,2622.4850470345855,2.9,3.0,18437.45878459654,55312.37635378963,43.31944898954195,395.2899720295703,-1.979432923821339,0.27044687932594524,53471.54268750354,60.8917202401659,2.4792203952936775,0.2594811142048875
"COUNTERFACTUAL - assumed: licensed live feed + courtside camera, not purchased; parameters from our measurements",own120,3.0,0.5,3,0.99,100.0,1000.0,0.005,region,D>=3c,cap1,ref_short,delay1,ref,decay,point,0.0,0.0,0.0,False,ref,IS,10,6257.0,3129.6,3054.1,267.0,0.488109317564328,0.02412039489942406,0.776490330829471,0.057711363273134086,0.16579830589739492,0.6375,0.9669500000000001,0.32421522780391554,62.75814049289026,455364.8603261231,216690.99625010748,3.1488900446859382,2.8159142127359145,3.4974993100876737,14333.856102938555,12525.039746626398,16272.693916027984,15413.786905734965,-1079.9308027964105,103.0,139.16365148484033,24.23805640089162,-60.6341464670154,-60.63414646701533,518.8550638351078,4.0,4.0,6560.372516267593,19681.117548802773,73.12719673329713,259.14006609372285,-0.3108226526461002,0.2744927891552442,58334.18398458016,6.746457252433171,1.132401395378762,0.1692610511467575
"COUNTERFACTUAL - assumed: licensed live feed + courtside camera, not purchased; parameters from our measurements",own120,3.0,0.5,3,0.99,100.0,1000.0,0.005,region,D>=3c,cap1,ref_short,delay1,ref,decay,point,0.0,0.0,0.0,False,ref,burned_OOS,10,2402.0,1177.3,1149.8,102.6,0.4786844296419651,0.02337911131255512,0.7447543713572022,0.08484596169858452,0.17039966694421319,0.6109499999999999,0.9164499999999999,0.3310019625970958,62.47283257212031,169760.6514672257,80347.38753294334,3.0538323257791684,2.5418343605556033,3.603933610518921,5183.954551119433,4164.841602573828,6276.494958957655,5613.907142498649,-429.95259137921505,40.0,129.59886377798583,23.582057026118797,-45.1686547952592,-43.01451417708316,420.2905585575383,3.0,3.0,3105.759226696192,9317.277680088575,55.904643053125575,510.1298678597709,-0.4945294677850348,0.2659126514738007,55303.56563099418,5.958206964242821,2.127787097757697,0.1210796805049131
"COUNTERFACTUAL - assumed: licensed live feed + courtside camera, not purchased; parameters from our measurements",own120,3.0,0.5,3,0.99,1000.0,1000.0,0.005,region,D>=3c,cap1,ref_short,delay1,ref,decay,point,0.0,0.0,0.0,False,ref,IS,10,6257.0,3962.1,3864.9,267.0,0.6176921847530765,0.024534173143758053,0.776490330829471,0.057711363273134086,0.16579830589739492,0.6375,0.9672499999999999,0.19185695800656183,176.51605222848974,2530888.2899226043,1178739.199343691,3.193345496701107,2.6721389179754276,3.73349403770219,80839.25658867572,66185.13494382885,96691.37353055729,86643.55983694247,-5804.3032482667595,103.0,784.8471513463662,18.016762582816387,-1027.3366568192687,-851.1454153530325,3734.0301580693995,4.0,4.0,34844.64480941635,104533.93442824903,77.66785637311216,275.23075316685373,-0.9963541116776652,0.2750155666935267,58334.18398458016,56.91238781600362,1.2910534711294763,0.2164445568969859
"COUNTERFACTUAL - assumed: licensed live feed + courtside camera, not purchased; parameters from our measurements",own120,3.0,0.5,3,0.99,1000.0,1000.0,0.005,region,D>=3c,cap1,ref_short,delay1,ref,decay,point,0.0,0.0,0.0,False,ref,burned_OOS,10,2402.0,1501.8,1468.6,102.6,0.611407160699417,0.0221304763810789,0.7447543713572022,0.08484596169858452,0.17039966694421319,0.6109499999999999,0.9324999999999999,0.19572186248837367,170.94518895277253,942391.5684384654,437460.2954524358,2.921645435689532,2.054677820194722,3.794837260910003,27517.107504479594,18707.144039236584,36653.468550165875,29800.499754123342,-2283.3922496437463,40.0,687.9276876119899,16.82862601868348,-948.461572658106,-723.4848160667837,2695.465039524708,3.0,3.0,17806.766579951924,53420.299739855785,51.76719595414952,472.3756630816144,-1.8100156653160138,0.26641169989360797,55303.56563099418,61.41051562066263,2.6026143857587463,0.247952733353725
"COUNTERFACTUAL - assumed: licensed live feed + courtside camera, not purchased; parameters from our measurements",own120,3.0,0.5,10,0.95,100.0,1000.0,0.005,region,D>=3c,cap1,ref_short,delay1,ref,decay,point,0.0,0.0,0.0,False,ref,IS,10,20795.0,10395.7,9782.7,886.5,0.47043520076941564,0.05896890766596206,0.7753306083193076,0.059168069247415245,0.16550132243327723,0.6422,0.95505,0.3269154554121055,59.60492097515369,1460377.2260694546,694898.8428810912,2.9099209693774326,2.734330368334803,3.088134146842525,42493.517588601,39225.23458701742,45802.88846234697,47402.0634544561,-4908.5458658551015,103.0,412.55842319030097,37.79286019812266,-28.91861841948812,-13.441830665577635,1139.98560954265,4.0,4.0,9614.796875146683,28844.390625440057,147.91554970545917,524.1667538106078,-0.09625274067707924,0.25003400242733803,167974.27885557833,11.192628140681224,1.2730878798435803,0.08204103186877128
"COUNTERFACTUAL - assumed: licensed live feed + courtside camera, not purchased; parameters from our measurements",own120,3.0,0.5,10,0.95,100.0,1000.0,0.005,region,D>=3c,cap1,ref_short,delay1,ref,decay,point,0.0,0.0,0.0,False,ref,burned_OOS,10,7093.0,3567.5,3352.6,335.5,0.47266318905963634,0.06022107755534704,0.7357394614408572,0.0969970393345552,0.1672634992245876,0.6120999999999999,0.90655,0.32305057700157314,61.25416926657026,506325.7819476829,242031.3478698236,2.5339071359050065,2.240521871122747,2.8521209335511717,12825.891039561888,11093.225004108437,14692.009563323038,14396.309284232382,-1570.4182446704951,40.0,320.6472759890472,38.184690136463566,-13.236470329465238,-0.8712927779573633,724.2869035629334,3.0,3.0,7552.258608326476,22656.775824979424,56.74968516018346,517.8408770866741,-0.05773660007592576,0.25687763303289807,149151.34472132492,14.870791442067253,3.5057577990614326,0.1293889118505666
"COUNTERFACTUAL - assumed: licensed live feed + courtside camera, not purchased; parameters from our measurements",own120,3.0,0.5,10,0.95,1000.0,1000.0,0.005,region,D>=3c,cap1,ref_short,delay1,ref,decay,point,0.0,0.0,0.0,False,ref,IS,10,20795.0,13261.7,12463.7,886.5,0.5993604231786487,0.0601756351159896,0.7753306083193076,0.059168069247415245,0.16550132243327723,0.6422,0.9534999999999998,0.1909889643296482,156.08255364975435,7982498.368869956,3720206.959108901,2.91839476738568,2.631818225094182,3.209398937590747,232970.7063952174,206127.05829455433,259917.10845460012,264387.3096245016,-31416.60322928424,103.0,2261.851518400169,27.198605248115644,-1136.7441822989917,-1055.9305692830162,7499.14873288502,4.0,4.0,52230.65485734923,156691.9645720477,149.23696931855324,528.849454381281,-0.7310052520373838,0.2494335483132387,167974.27885557833,86.30557769584478,1.3390427073451572,0.10675934938389037
"COUNTERFACTUAL - assumed: licensed live feed + courtside camera, not purchased; parameters from our measurements",own120,3.0,0.5,10,0.95,1000.0,1000.0,0.005,region,D>=3c,cap1,ref_short,delay1,ref,decay,point,0.0,0.0,0.0,False,ref,burned_OOS,10,7093.0,4532.4,4259.5,335.5,0.6005216410545609,0.06020317262210969,0.7357394614408572,0.0969970393345552,0.1672634992245876,0.6120999999999999,0.9119999999999999,0.188277419839665,161.1982215457337,2765162.8610533727,1293428.3368602595,2.3572848120004894,1.8899941682885497,2.836977084467096,65150.823374708896,51050.26783275039,80055.24393650501,72562.23122141023,-7411.407846701341,40.0,1628.7705843677222,23.899418818117447,-1158.800210652245,-955.0387790103414,5164.629745328606,3.0,3.0,42721.40427796563,128164.2128338969,51.264644487301936,467.7898809466302,-0.9080279362124195,0.25644679360003,149151.34472132492,150.71770863049042,3.9794488329881594,0.22779878952255722
"COUNTERFACTUAL - assumed: licensed live feed + courtside camera, not purchased; parameters from our measurements",own120,3.0,0.5,10,0.99,100.0,1000.0,0.005,region,D>=3c,cap1,ref_short,delay1,ref,decay,point,0.0,0.0,0.0,False,ref,IS,10,20795.0,10398.8,10153.9,886.2,0.4882856455878817,0.023554564406166257,0.7753306083193076,0.059168069247415245,0.16550132243327723,0.6422,0.96695,0.3245149770093495,58.89726413756853,1454625.5204077149,689810.0805118813,3.2236892840918885,3.040821930828158,3.408496778748397,46889.87825723716,43487.55139750031,50362.567414133206,48792.75023865603,-1902.8719814188821,103.0,455.2415364780305,39.32042863291644,-13.853017258131512,26.04923711358699,1266.3362302126077,4.0,4.0,9660.323218661979,28980.969655985944,162.46312292303975,575.7188336593156,-0.0463938853731759,0.24606716302608875,173431.91786712364,8.744002558187953,1.08017692265744,0.06700632344318322
"COUNTERFACTUAL - assumed: licensed live feed + courtside camera, not purchased; parameters from our measurements",own120,3.0,0.5,10,0.99,100.0,1000.0,0.005,region,D>=3c,cap1,ref_short,delay1,ref,decay,point,0.0,0.0,0.0,False,ref,burned_OOS,10,7093.0,3560.4,3477.4,335.0,0.49025800084590443,0.023320036134233234,0.7357394614408572,0.0969970393345552,0.1672634992245876,0.6120999999999999,0.9202499999999999,0.32107537177239853,60.711896015400384,503261.3646389028,239685.69322359897,2.857924262192972,2.555700920801263,3.173150872551036,14379.610123166854,12573.15866871512,16291.839887773811,15078.111109315365,-698.500986148508,40.0,359.49025307917134,41.44246075519156,-3.813828943413364,38.399493540254774,799.5882224644331,3.0,3.0,7680.85262095733,23042.557862871996,62.70424844493832,572.1762670600622,-0.016320424586795786,0.2535850014006317,154156.13272127073,11.131521512461637,2.969519748853512,0.10094935066290323
"COUNTERFACTUAL - assumed: licensed live feed + courtside camera, not purchased; parameters from our measurements",own120,3.0,0.5,10,0.99,1000.0,1000.0,0.005,region,D>=3c,cap1,ref_short,delay1,ref,decay,point,0.0,0.0,0.0,False,ref,IS,10,20795.0,13252.1,12931.9,886.2,0.6218754508295264,0.02416422511878604,0.7753306083193076,0.059168069247415245,0.16550132243327723,0.6422,0.9647999999999998,0.18812764520136277,151.63239899861807,7895976.597052246,3667331.7721387693,3.295536914452139,3.004649196502425,3.594095542229707,260231.7943092885,233136.9610756481,287885.4143368718,273726.5833407154,-13494.789031426877,103.0,2526.5222748474616,29.416015346748292,-842.3496422270633,-740.3195641016079,8234.678597671385,4.0,4.0,51785.168927530074,155355.50678259024,167.9592348078203,595.1953466490719,-0.5531153495429227,0.24566907765113993,173431.91786712364,79.32306899885977,1.5369778415002315,0.09385745862936343
"COUNTERFACTUAL - assumed: licensed live feed + courtside camera, not purchased; parameters from our measurements",own120,3.0,0.5,10,0.99,1000.0,1000.0,0.005,region,D>=3c,cap1,ref_short,delay1,ref,decay,point,0.0,0.0,0.0,False,ref,burned_OOS,10,7093.0,4515.9,4411.5,335.0,0.6219512195121951,0.023127248474779392,0.7357394614408572,0.0969970393345552,0.1672634992245876,0.6120999999999999,0.9278999999999998,0.18673160936770855,158.2709086541053,2738863.7213834254,1277308.6045485886,2.7488885596902635,2.261978857448729,3.2433366285336023,75259.04673254749,60422.22472400344,90582.76977865657,79039.7430776523,-3780.6963451047995,40.0,1881.4761683136871,27.16165238452328,-766.3763972817549,-641.2740155746491,5384.004306838363,3.0,3.0,42798.49113411361,128395.47340234082,59.27397438535163,540.8750162663335,-0.5958250937415005,0.2533056804102326,154156.13272127073,163.78983106317668,4.355168350426285,0.2483936771194503
"COUNTERFACTUAL - assumed: licensed live feed + courtside camera, not purchased; parameters from our measurements",own120,3.0,0.5,30,0.95,100.0,1000.0,0.005,region,D>=3c,cap1,ref_short,delay1,ref,decay,point,0.0,0.0,0.0,False,ref,IS,10,54704.0,28260.2,26579.3,2496.4,0.4858748903188067,0.059480706148780406,0.7750146241591109,0.060132714243930976,0.16485266159695816,0.6445999999999998,0.9555,0.31137744847272997,53.36367303504276,3660481.442081525,1742783.0301340003,2.8308631006509146,2.7148773697973048,2.946950798618931,103622.55326032851,98110.78368800571,108968.62587627671,115141.71017258568,-11519.15691225715,103.0,1006.0442064109563,47.44012103015909,-3.6540102100378133,41.80608687998406,2076.7376457471864,4.0,4.0,17136.729958668413,51410.189876005235,202.26922561538112,716.7792946564476,-0.00658322479124594,0.20302329262078173,359913.8944420571,13.520744147950404,1.2403888334381452,0.037465339577511546
"COUNTERFACTUAL - assumed: licensed live feed + courtside camera, not purchased; parameters from our measurements",own120,3.0,0.5,30,0.95,100.0,1000.0,0.005,region,D>=3c,cap1,ref_short,delay1,ref,decay,point,0.0,0.0,0.0,False,ref,burned_OOS,10,17384.0,8887.8,8353.0,973.9,0.4804993097100782,0.060161449373962075,0.7416992636907501,0.09080188679245284,0.16749884951679705,0.6132,0.9208999999999999,0.31465451735158856,55.94435282000963,1186083.5704136195,566550.8734935394,2.646584747844064,2.432159821385127,2.8696809428291443,31384.327775709768,28501.847173016045,34418.814221947534,35115.61132524522,-3731.283549535446,40.0,784.6081943927444,53.31320432971752,-4.146819679904638,208.2132622225168,1443.274820215629,3.0,3.0,12506.056844561266,37518.1705336838,83.912529205632,765.7018290013922,-0.011275643700196021,0.2228248450161884,315418.6340757109,19.79577258490822,5.21070431350954,0.08137432934682252
"COUNTERFACTUAL - assumed: licensed live feed + courtside camera, not purchased; parameters from our measurements",own120,3.0,0.5,30,0.95,1000.0,1000.0,0.005,region,D>=3c,cap1,ref_short,delay1,ref,decay,point,0.0,0.0,0.0,False,ref,IS,10,54704.0,35857.9,33698.5,2496.4,0.6160152822462708,0.06022333399187857,0.7750146241591109,0.060132714243930976,0.16485266159695816,0.6445999999999998,0.9553999999999998,0.17413935057847138,124.40856769273952,19015558.40394586,8847210.378122058,2.810186659847882,2.6155864849037727,3.002835665551088,534339.6508811837,491814.8966614801,578037.2172070041,605982.6817804681,-71643.03089928438,103.0,5187.763600788192,37.23141147504858,-324.14199674476475,-261.09099722621363,12207.881353368482,4.0,4.0,84745.27798135237,254235.83394405706,210.90041747106062,747.365557057642,-0.1275549989078762,0.2034385928186097,359913.8944420571,128.56788655575008,1.4849671941549356,0.07474366060300319
"COUNTERFACTUAL - assumed: licensed live feed + courtside camera, not purchased; parameters from our measurements",own120,3.0,0.5,30,0.95,1000.0,1000.0,0.005,region,D>=3c,cap1,ref_short,delay1,ref,decay,point,0.0,0.0,0.0,False,ref,burned_OOS,10,17384.0,11267.5,10593.5,973.9,0.6093821905200184,0.05981410278758552,0.7416992636907501,0.09080188679245284,0.16749884951679705,0.6132,0.9218,0.17882255787959148,135.70976948282026,6322219.882608737,2945823.069751586,2.5493590166915423,2.198037670785754,2.906539896983725,161143.02272853866,137037.3205707867,186447.33110502159,181617.7600398809,-20474.737311342196,40.0,4028.5755682134672,36.416738637772895,-368.2163410465935,7.389509676096043,9224.470924729581,3.0,3.0,65115.532781359485,195346.5983440785,82.83887806841282,755.904762374267,-0.17994961346379024,0.22316735741224952,315418.6340757109,187.27743859923794,5.79534358277534,0.12727147277570441
"COUNTERFACTUAL - assumed: licensed live feed + courtside camera, not purchased; parameters from our measurements",own120,3.0,0.5,30,0.99,100.0,1000.0,0.005,region,D>=3c,cap1,ref_short,delay1,ref,decay,point,0.0,0.0,0.0,False,ref,IS,10,54704.0,28226.8,27550.6,2495.6,0.5036304474992688,0.02395714960130223,0.7750146241591109,0.060132714243930976,0.16485266159695816,0.6445999999999998,0.9658,0.3095823095447072,52.77966029902451,3639828.745302773,1726972.661287787,3.165310118447249,3.0458189606784725,3.2825394712102565,115208.46666118244,109588.60956843477,120771.99358387469,119394.40069834045,-4185.934037158017,103.0,1118.5288025357518,49.108132010117174,0.0,62.978337212303835,2254.5429699265037,4.0,4.0,16949.62593957549,50848.87781872648,227.2118507091106,805.1682088235473,0.0,0.2000671670713662,371775.0413881475,11.305994533173436,1.191921611199512,0.03691709520143223
"COUNTERFACTUAL - assumed: licensed live feed + courtside camera, not purchased; parameters from our measurements",own120,3.0,0.5,30,0.99,100.0,1000.0,0.005,region,D>=3c,cap1,ref_short,delay1,ref,decay,point,0.0,0.0,0.0,False,ref,burned_OOS,10,17384.0,8860.7,8651.1,973.2,0.497647261849977,0.023654023464799424,0.7416992636907501,0.09080188679245284,0.16749884951679705,0.6132,0.9336499999999999,0.3133058794006464,55.409804737057,1176760.5616472238,560253.1678006065,2.973289240004058,2.759373251325554,3.198799941696733,34984.37732576986,31994.425742183703,38099.10092215784,36384.06372196671,-1399.6863961968568,40.0,874.6094331442466,57.5517543572371,0.0,313.04796839044576,1504.2196189697254,3.0,3.0,12415.689535304313,37247.06860591295,94.17691238960256,859.3643255551235,0.0,0.21980898670404878,325745.4591618251,16.062062303125995,5.566540147577081,0.064744745335088
"COUNTERFACTUAL - assumed: licensed live feed + courtside camera, not purchased; parameters from our measurements",own120,3.0,0.5,30,0.99,1000.0,1000.0,0.005,region,D>=3c,cap1,ref_short,delay1,ref,decay,point,0.0,0.0,0.0,False,ref,IS,10,54704.0,35768.9,34903.1,2495.6,0.6380356098274349,0.02420630244367524,0.7750146241591109,0.060132714243930976,0.16485266159695816,0.6445999999999998,0.966,0.1723400370152856,122.75090071459628,18788398.107034236,8712234.4792219,3.2246074462695162,3.0311729979920576,3.416812667598445,605816.0637678121,562327.321558056,649492.3680421376,631438.5387902462,-25622.47502243413,103.0,5881.70935696905,39.66625466289844,-152.97094317438967,-13.063427189322221,13296.56960663359,4.0,4.0,83330.5256595714,249991.5769787142,242.99823195183347,861.1102394409633,-0.06023701997692912,0.20025524159915417,371775.0413881475,123.43805633061629,1.207600678030939,0.07458538740112276
"COUNTERFACTUAL - assumed: licensed live feed + courtside camera, not purchased; parameters from our measurements",own120,3.0,0.5,30,0.99,1000.0,1000.0,0.005,region,D>=3c,cap1,ref_short,delay1,ref,decay,point,0.0,0.0,0.0,False,ref,burned_OOS,10,17384.0,11235.3,10972.1,973.2,0.6311608375517717,0.02342811844198387,0.7416992636907501,0.09080188679245284,0.16749884951679705,0.6132,0.93535,0.17704571918196216,132.74281341471766,6249484.251480892,2903332.94753321,2.939834094174457,2.5813529946713305,3.3057009196327507,183713.49806306895,158615.27336610292,209429.94698763502,193501.9538037381,-9788.455740669142,40.0,4592.837451576724,41.072025296912116,-287.9274579070705,442.570205825259,9509.038611799562,3.0,3.0,64894.035953496095,194682.1078604883,94.59117892717848,863.1445077105036,-0.14401099120764732,0.2202605221690353,325745.4591618251,177.99398791791393,6.565497481344373,0.11508697101613348
"COUNTERFACTUAL - assumed: licensed live feed + courtside camera, not purchased; parameters from our measurements",own120,3.0,1.0,3,0.95,100.0,1000.0,0.005,region,D>=3c,cap1,ref_short,delay1,ref,decay,point,0.0,0.0,0.0,False,ref,IS,10,6257.0,2992.7,2812.1,267.0,0.4494326354482979,0.06031441302413463,0.776490330829471,0.057711363273134086,0.16579830589739492,0.6375,0.9588000000000001,0.34816586471602873,74.58518155418012,488721.9871772756,233612.29440692454,2.870947695266686,2.5624356259078236,3.1945946653406545,14024.340160590242,12228.381744851158,15917.4038549625,16095.263469850275,-2070.9233092600302,103.0,136.1586423358276,24.07739196744069,-67.9560607486131,-66.60947278165922,521.6010614018635,4.0,4.0,7101.074925828344,21303.224777485033,66.24030836314697,234.7350733257149,-0.32590323667322,0.3739659431695412,113061.0323468383,6.871162727167094,1.1457060865776123,0.16686733893023015
"COUNTERFACTUAL - assumed: licensed live feed + courtside camera, not purchased; parameters from our measurements",own120,3.0,1.0,3,0.95,100.0,1000.0,0.005,region,D>=3c,cap1,ref_short,delay1,ref,decay,point,0.0,0.0,0.0,False,ref,burned_OOS,10,2402.0,1128.4,1060.4,102.7,0.4414654454621149,0.06026255976142122,0.7447543713572022,0.08484596169858452,0.17039966694421319,0.6109499999999999,0.90825,0.3540076989037483,74.38165742042966,184107.53659710704,87748.30797963045,2.745264757771898,2.261953856565243,3.2628680629790403,5050.873218810975,4040.3361965204704,6146.703016956349,5749.510428275606,-698.6372094646309,40.0,126.27183047027438,23.672757798866893,-41.750952858132095,-41.713997391923705,403.8696930762825,3.0,3.0,3404.43442076328,10213.303262289839,49.685001249688824,453.3756364034104,-0.41205342874029416,0.3602027922218212,106943.08537500708,7.168139946870459,2.9115680269397712,0.1724986641578526
"COUNTERFACTUAL - assumed: licensed live feed + courtside camera, not purchased; parameters from our measurements",own120,3.0,1.0,3,0.95,1000.0,1000.0,0.005,region,D>=3c,cap1,ref_short,delay1,ref,decay,point,0.0,0.0,0.0,False,ref,IS,10,6257.0,3786.0,3556.1,267.0,0.5683394598050183,0.06070949541068789,0.776490330829471,0.057711363273134086,0.16579830589739492,0.6375,0.9591,0.22263148119946208,277.51427123372616,3107549.1780125247,1459119.2206109643,2.917447197583477,2.474870890067403,3.3780797928286974,90661.93260397669,75094.42379921552,107229.6011067678,102967.82144752833,-12305.888843551647,103.0,880.2129379026862,18.70970243707201,-832.7420070791877,-781.3736389884427,4036.852821361311,4.0,4.0,44216.85776978977,132650.57330936933,68.68185611792126,243.38716002952683,-0.6420562102917666,0.37439510547414745,113061.0323468383,52.05056295235429,1.2343728524835091,0.16782156527735254
"COUNTERFACTUAL - assumed: licensed live feed + courtside camera, not purchased; parameters from our measurements",own120,3.0,1.0,3,0.95,1000.0,1000.0,0.005,region,D>=3c,cap1,ref_short,delay1,ref,decay,point,0.0,0.0,0.0,False,ref,burned_OOS,10,2402.0,1437.4,1351.2,102.7,0.5625312239800168,0.059998082985195836,0.7447543713572022,0.08484596169858452,0.17039966694421319,0.6109499999999999,0.921,0.22649942141908452,269.38464833874235,1164312.7310557347,544185.286147796,2.710341864822699,2.0068534659702513,3.419148751896473,31540.382015083993,22655.61078344241,40780.54782502366,35308.09961784716,-3767.7176027631604,40.0,788.5095503770997,18.522884483137165,-829.3317848387833,-678.6009069468535,2885.960359532773,2.9,3.0,22070.481111435423,66211.44333430627,47.7145520662048,435.39528760411883,-1.266472155457764,0.3614878925222504,106943.08537500708,58.80015111241856,2.6999690995961476,0.198709277267851
"COUNTERFACTUAL - assumed: licensed live feed + courtside camera, not purchased; parameters from our measurements",own120,3.0,1.0,3,0.99,100.0,1000.0,0.005,region,D>=3c,cap1,ref_short,delay1,ref,decay,point,0.0,0.0,0.0,False,ref,IS,10,6257.0,2988.8,2916.4,267.0,0.4661019657983059,0.024219643463631958,0.776490330829471,0.057711363273134086,0.16579830589739492,0.6375,0.9689500000000001,0.34669371795003967,74.29265260260296,487701.2771173928,232369.8968505166,3.166812915432177,2.8487214135340437,3.502502242666025,15438.602153419144,13572.061470345641,17453.541008447024,16462.56963429699,-1023.967480877848,103.0,149.88934129533152,25.16956659191698,-57.39440695067087,-57.34785059712031,543.2185933334629,4.0,4.0,7036.912790431544,21110.73837129463,73.38597604757817,260.057099586078,-0.27573584334729795,0.3732397173196861,116668.36796916032,5.619874164208307,0.9484992965520839,0.1421269410282536
"COUNTERFACTUAL - assumed: licensed live feed + courtside camera, not purchased; parameters from our measurements",own120,3.0,1.0,3,0.99,100.0,1000.0,0.005,region,D>=3c,cap1,ref_short,delay1,ref,decay,point,0.0,0.0,0.0,False,ref,burned_OOS,10,2402.0,1119.7,1093.7,102.6,0.4553288925895087,0.02324079368763039,0.7447543713572022,0.08484596169858452,0.17039966694421319,0.6109499999999999,0.9129999999999999,0.35480838436811496,73.80355641371094,182474.5706216132,86555.77887641612,3.0635761953539085,2.580021912938391,3.5825931608990196,5590.338034883314,4551.386203815307,6715.121502308175,6025.139902854916,-434.8018679716016,40.0,139.75845087208288,24.63802896607424,-31.547357381200857,-29.67626711971303,442.84402933661914,3.0,3.0,3336.278219125465,10008.834657376396,56.07558805151226,511.6897409700493,-0.3168101419106525,0.36092189261130503,110607.13126198835,6.515174871345914,2.148999415325213,0.12402192072771756
"COUNTERFACTUAL - assumed: licensed live feed + courtside camera, not purchased; parameters from our measurements",own120,3.0,1.0,3,0.99,1000.0,1000.0,0.005,region,D>=3c,cap1,ref_short,delay1,ref,decay,point,0.0,0.0,0.0,False,ref,IS,10,6257.0,3779.9,3688.1,267.0,0.5894358318683075,0.024287779277936294,0.776490330829471,0.057711363273134086,0.16579830589739492,0.6375,0.9718,0.22071822767985932,276.64571615180944,3106672.3622469706,1454518.175367706,3.206232545990342,2.752620488692008,3.6659485684089255,99599.57697134248,83707.0558816153,116462.80356259288,105948.62825969036,-6349.051288347897,103.0,966.9861841877912,20.15716611680245,-802.5881589146524,-707.7399090165438,4286.929157316736,4.0,4.0,43254.38274557661,129763.14823672982,77.08193975429883,273.1544467021269,-0.6297276901239124,0.3742558083943963,116668.36796916032,51.30110827873253,1.1604839993944271,0.1703802885859681
"COUNTERFACTUAL - assumed: licensed live feed + courtside camera, not purchased; parameters from our measurements",own120,3.0,1.0,3,0.99,1000.0,1000.0,0.005,region,D>=3c,cap1,ref_short,delay1,ref,decay,point,0.0,0.0,0.0,False,ref,burned_OOS,10,2402.0,1425.4,1393.7,102.6,0.5802248126561199,0.022267339034785172,0.7447543713572022,0.08484596169858452,0.17039966694421319,0.6109499999999999,0.9260999999999999,0.22750728403154247,269.0078000438203,1158831.4917794303,539684.3729491562,3.044542450179832,2.3214598916373568,3.779587516748832,35286.567942627335,25996.113143655726,45044.303218364556,37784.81892812634,-2498.2509854990085,40.0,882.1641985656834,19.998878764138293,-771.5759102423729,-614.9637520130912,2939.8797143631245,3.0,3.0,21767.439496150466,65302.31848845138,54.22916413742314,494.8411227539861,-1.2047245433259466,0.3634789901856136,110607.13126198835,57.03363188026035,2.9297410138332487,0.14629177103187277
"COUNTERFACTUAL - assumed: licensed live feed + courtside camera, not purchased; parameters from our measurements",own120,3.0,1.0,10,0.95,100.0,1000.0,0.005,region,D>=3c,cap1,ref_short,delay1,ref,decay,point,0.0,0.0,0.0,False,ref,IS,10,20795.0,9907.0,9326.3,886.5,0.44848761721567687,0.058614605081906065,0.7753306083193076,0.059168069247415245,0.16550132243327723,0.6422,0.9564499999999999,0.35005405274230605,71.50631240220997,1572356.4795138782,749201.3139114499,2.94488039256342,2.7781366381885517,3.1152953760012716,46301.44880326018,42921.91240853899,49726.65625413591,51116.8358685343,-4815.3870652741125,103.0,449.5286291578658,39.688676352991806,-21.246050062452195,5.711513803541649,1214.3877384336565,4.0,4.0,10347.649943352679,31042.94983005804,149.63323989622464,530.2537141953591,-0.06489473764079592,0.3425690430343016,335948.55771115667,9.962295052987047,1.0727461216311498,0.07007518509528161
"COUNTERFACTUAL - assumed: licensed live feed + courtside camera, not purchased; parameters from our measurements",own120,3.0,1.0,10,0.95,100.0,1000.0,0.005,region,D>=3c,cap1,ref_short,delay1,ref,decay,point,0.0,0.0,0.0,False,ref,burned_OOS,10,7093.0,3404.7,3201.1,335.5,0.45130410263640214,0.059786929083484056,0.7357394614408572,0.0969970393345552,0.1672634992245876,0.6120999999999999,0.9044000000000001,0.3455655872860333,72.59540846351538,545409.5187743439,261319.80953427876,2.5474531585052045,2.263616778906228,2.846063629288442,13889.168908625443,12098.083221011131,15795.600483801754,15481.715412992784,-1592.546504367338,40.0,347.2292227156361,39.78526624738029,-9.593136001846824,18.851855986410676,775.4673324395013,3.0,3.0,8076.864000100422,24230.592000301265,57.475368217905284,524.4627349883856,-0.038015453417756986,0.3475750542457764,298302.68944264983,13.000760606240723,3.886609499355673,0.11168493225451946
"COUNTERFACTUAL - assumed: licensed live feed + courtside camera, not purchased; parameters from our measurements",own120,3.0,1.0,10,0.95,1000.0,1000.0,0.005,region,D>=3c,cap1,ref_short,delay1,ref,decay,point,0.0,0.0,0.0,False,ref,IS,10,20795.0,12627.2,11872.9,886.5,0.5709497475354652,0.059735422218977874,0.7753306083193076,0.059168069247415245,0.16550132243327723,0.6422,0.95275,0.2209412740151989,250.7644348779996,9786060.424762074,4579337.59409927,3.009928361489571,2.768978015220113,3.2559769592283927,294560.1161142861,265888.3413163713,323319.9870152391,325940.0590214479,-31379.9429071618,103.0,2859.806952565885,30.820623430397724,-763.1606361053476,-734.997037024061,8858.758209786285,4.0,4.0,63968.19762199079,191904.59286597237,154.05306560679185,545.916203363874,-0.40139724993557435,0.34181372991403264,335948.55771115667,75.89141964617603,1.2660109789848801,0.07460447240140775
"COUNTERFACTUAL - assumed: licensed live feed + courtside camera, not purchased; parameters from our measurements",own120,3.0,1.0,10,0.95,1000.0,1000.0,0.005,region,D>=3c,cap1,ref_short,delay1,ref,decay,point,0.0,0.0,0.0,False,ref,burned_OOS,10,7093.0,4323.2,4062.7,335.5,0.5727759763146765,0.06024633496928115,0.7357394614408572,0.0969970393345552,0.1672634992245876,0.6120999999999999,0.9074499999999999,0.21752403560905317,253.4649864265281,3389441.207695304,1591345.9361618953,2.524433729058772,2.1325518802501806,2.9346974431184436,85543.9941080219,70145.27200563025,101451.4026657179,93814.85521899791,-8270.861110976013,40.0,2138.5998527005477,30.13974087107046,-599.2879449785421,-545.0784079975921,5686.051358797811,3.0,3.0,51310.320878429004,153930.962635287,55.79384835507972,509.1188662401024,-0.3874826140588394,0.3473800544087937,298302.68944264983,144.6396683728128,4.505456502451852,0.1760648252378129
"COUNTERFACTUAL - assumed: licensed live feed + courtside camera, not purchased; parameters from our measurements",own120,3.0,1.0,10,0.99,100.0,1000.0,0.005,region,D>=3c,cap1,ref_short,delay1,ref,decay,point,0.0,0.0,0.0,False,ref,IS,10,20795.0,9891.4,9659.9,886.2,0.4645299350805482,0.023407456690731642,0.7753306083193076,0.059168069247415245,0.16550132243327723,0.6422,0.9656,0.34876754696174184,71.30632170243251,1570091.9202173532,745763.4546574065,3.234671834507678,3.06606861608676,3.4099036182875992,50784.88740443041,47318.83856274157,54298.89804340226,52670.095486763086,-1885.2080823326771,103.0,493.05715926631467,41.176886751482336,-3.9510171503363383,45.94786612069028,1340.5487629653849,4.0,4.0,10418.934479059668,31256.803437179,163.09609608801105,577.9618939041169,-0.012691911799503953,0.3418368524708965,346863.8357342473,7.972018549447645,0.8836727748528902,0.057168440072164164
"COUNTERFACTUAL - assumed: licensed live feed + courtside camera, not purchased; parameters from our measurements",own120,3.0,1.0,10,0.99,100.0,1000.0,0.005,region,D>=3c,cap1,ref_short,delay1,ref,decay,point,0.0,0.0,0.0,False,ref,burned_OOS,10,7093.0,3389.1,3312.1,335.0,0.46695333427322705,0.02272871261600833,0.7357394614408572,0.0969970393345552,0.1672634992245876,0.6120999999999999,0.9183,0.3448493003589196,72.279975416128,543288.4520235996,259384.8625848576,2.854800140471258,2.5679447298614564,3.1533791827237643,15506.226164322059,13645.111038943123,17477.655716754107,16208.518345734332,-702.2921814122744,40.0,387.65565410805146,42.831335104215796,-3.303304221894268,49.88096642085088,851.3188597091012,3.0,3.0,8275.337291742355,24826.01187522706,62.74562553279852,572.5538329867866,-0.012806017966672533,0.3478231831746106,308312.26544254145,9.322829644719743,2.8906518269872232,0.08367528129560496
"COUNTERFACTUAL - assumed: licensed live feed + courtside camera, not purchased; parameters from our measurements",own120,3.0,1.0,10,0.99,1000.0,1000.0,0.005,region,D>=3c,cap1,ref_short,delay1,ref,decay,point,0.0,0.0,0.0,False,ref,IS,10,20795.0,12600.1,12297.4,886.2,0.5913633084876172,0.02402616920677072,0.7753306083193076,0.059168069247415245,0.16550132243327723,0.6422,0.9654999999999999,0.2192783843842588,250.26724069912333,9767279.926151196,4558103.089201508,3.311404967618467,3.0672937853236224,3.5594006221816388,323450.3588267822,294059.69106524147,353271.60842230427,336484.2422857156,-13033.883458933411,103.0,3140.2947458910885,32.618748461563754,-519.9318773835228,-404.36097579382465,9661.61171996168,4.0,4.0,64167.89620209972,192503.68860629914,168.44975205253897,596.9335873706476,-0.2735360132464698,0.34138569853250483,346863.8357342473,72.22600487076699,1.3139041074016964,0.065799640877684
"COUNTERFACTUAL - assumed: licensed live feed + courtside camera, not purchased; parameters from our measurements",own120,3.0,1.0,10,0.99,1000.0,1000.0,0.005,region,D>=3c,cap1,ref_short,delay1,ref,decay,point,0.0,0.0,0.0,False,ref,burned_OOS,10,7093.0,4300.7,4202.1,335.0,0.592429155505428,0.022935008110289458,0.7357394614408572,0.0969970393345552,0.1672634992245876,0.6120999999999999,0.9285,0.21684771505169365,253.6994165191673,3384608.697252137,1585115.419985583,2.8409526520227475,2.431685647415218,3.2613395647357257,96138.52475816521,80046.56794963431,112703.89819901616,100240.72504471228,-4102.2002865470795,40.0,2403.4631189541306,32.91705225469143,-400.84203992188014,-297.6669004079854,6065.275202614566,3.0,3.0,52577.55726513297,157732.67179539887,61.34921302790059,559.8115688795929,-0.25150477085852796,0.3486077183804131,308312.26544254145,158.4927687115968,4.609165821251394,0.19168276480725718
"COUNTERFACTUAL - assumed: licensed live feed + courtside camera, not purchased; parameters from our measurements",own120,3.0,1.0,30,0.95,100.0,1000.0,0.005,region,D>=3c,cap1,ref_short,delay1,ref,decay,point,0.0,0.0,0.0,False,ref,IS,10,54704.0,26820.9,25231.7,2496.4,0.461240494296578,0.05925382517654154,0.7750146241591109,0.060132714243930976,0.16485266159695816,0.6445999999999998,0.95625,0.33735531776788175,65.99407204254341,4000644.7097930172,1908386.0907996837,2.8731386944478854,2.762046415897297,2.980475457790082,114944.07513306306,109253.89863589976,120485.16285572089,126314.35749284492,-11370.28235978187,103.0,1115.9618944957579,49.35387739750912,-3.714782337635552,57.70956717695439,2277.51239053517,4.0,4.0,18992.98018738762,56978.94056216286,202.3184344483134,716.9536754721787,-0.0059892581302269255,0.29011468787859346,719827.7888841142,13.951409034979372,1.1930267892229953,0.03371159157679163
"COUNTERFACTUAL - assumed: licensed live feed + courtside camera, not purchased; parameters from our measurements",own120,3.0,1.0,30,0.95,100.0,1000.0,0.005,region,D>=3c,cap1,ref_short,delay1,ref,decay,point,0.0,0.0,0.0,False,ref,burned_OOS,10,17384.0,8466.2,7960.3,973.9,0.4579095720202485,0.0597462178482582,0.7416992636907501,0.09080188679245284,0.16749884951679705,0.6132,0.9205,0.3384621701615925,67.47843324233355,1289545.6627265546,617752.173139246,2.672468647598018,2.473147877389926,2.883161708812513,34455.86191883225,31462.00337709661,37565.228231103,38153.29804684409,-3697.4361280118333,40.0,861.3965479708062,55.93569578074113,0.0,253.37613739360086,1535.7889109559196,3.0,3.0,13623.59994353123,40870.79983059368,84.6268608130056,772.2201049186763,0.0,0.3111127670495781,630837.2681514218,18.99789604194525,4.504205298712842,0.07456690915133182
"COUNTERFACTUAL - assumed: licensed live feed + courtside camera, not purchased; parameters from our measurements",own120,3.0,1.0,30,0.95,1000.0,1000.0,0.005,region,D>=3c,cap1,ref_short,delay1,ref,decay,point,0.0,0.0,0.0,False,ref,IS,10,54704.0,34165.0,32118.7,2496.4,0.5871362240421176,0.059896163567623076,0.7750146241591109,0.060132714243930976,0.16485266159695816,0.6445999999999998,0.9562499999999998,0.20459321350726797,205.1625519202721,23670683.286797356,11067262.228191447,2.931198159696473,2.7719174565405433,3.092350786785123,693818.3948527218,647857.5567147763,741031.6527037163,764965.1274929633,-71146.73264024153,103.0,6736.100920900212,41.28033904946102,-105.79442752546747,94.04443214907775,14874.72083448184,4.0,4.0,106254.87166252865,318764.614987586,218.39303803117474,773.9170765182405,-0.033173568838233206,0.2898435046810895,719827.7888841142,104.2697472772878,1.2556085004256317,0.047613006996823054
"COUNTERFACTUAL - assumed: licensed live feed + courtside camera, not purchased; parameters from our measurements",own120,3.0,1.0,30,0.95,1000.0,1000.0,0.005,region,D>=3c,cap1,ref_short,delay1,ref,decay,point,0.0,0.0,0.0,False,ref,burned_OOS,10,17384.0,10752.5,10109.1,973.9,0.5815174873446847,0.05983305426833925,0.7416992636907501,0.09080188679245284,0.16749884951679705,0.6132,0.9225999999999999,0.2081903637593357,223.66246982901717,7806653.7236759635,3655589.7483538305,2.6817734242477136,2.3900711832977244,2.9820510173659645,209327.64168435286,183642.35156285792,236469.03014434455,230999.0272504712,-21671.385566118355,40.0,5233.191042108822,43.29299300690539,-246.21338660091934,708.719127927019,10871.257229077008,3.0,3.0,80309.07507334818,240927.22522004455,87.11257787972981,794.9022731525346,-0.0974001733177555,0.31174320409205636,630837.2681514218,189.0640577654104,6.624809512716576,0.10371204908145586
"COUNTERFACTUAL - assumed: licensed live feed + courtside camera, not purchased; parameters from our measurements",own120,3.0,1.0,30,0.99,100.0,1000.0,0.005,region,D>=3c,cap1,ref_short,delay1,ref,decay,point,0.0,0.0,0.0,False,ref,IS,10,54704.0,26740.0,26102.8,2495.6,0.47716437554840596,0.023831394164672715,0.7750146241591109,0.060132714243930976,0.16485266159695816,0.6445999999999998,0.9655999999999999,0.3366071557999205,65.7569313762564,3991067.8273930997,1897904.5855140318,3.1754337483340636,3.0626819920468655,3.2845264366261198,126731.76876991536,120878.15417333701,132393.27028143837,130808.03901761999,-4076.270247704628,103.0,1230.4055220380133,50.836009886289816,0.0,82.12854164338519,2461.9458866061213,4.0,4.0,18831.995309314574,56495.98592794371,224.72221734437525,796.3457216572522,0.0,0.29050633768291273,743550.082776295,11.99437994973914,0.9323072712182162,0.03223352084249054
"COUNTERFACTUAL - assumed: licensed live feed + courtside camera, not purchased; parameters from our measurements",own120,3.0,1.0,30,0.99,100.0,1000.0,0.005,region,D>=3c,cap1,ref_short,delay1,ref,decay,point,0.0,0.0,0.0,False,ref,burned_OOS,10,17384.0,8422.4,8225.7,973.2,0.4731764841233318,0.02335337086526067,0.7416992636907501,0.09080188679245284,0.16749884951679705,0.6132,0.9349000000000001,0.3382802569992744,67.18335527008803,1283053.7256904286,612750.4864075496,2.977207832891069,2.778207158638444,3.1907667720632884,38194.29151413208,35126.051061887076,41398.58997206086,39597.757632516565,-1403.4661183844848,40.0,954.857287853302,59.740772891393966,0.0,365.2982633966901,1611.1421770703348,3.0,3.0,13573.677308992157,40721.03192697647,94.02112855069537,857.9427980250954,0.0,0.311486642662146,651490.9183236503,15.159670880852385,4.675711314412406,0.06003649561528426
"COUNTERFACTUAL - assumed: licensed live feed + courtside camera, not purchased; parameters from our measurements",own120,3.0,1.0,30,0.99,1000.0,1000.0,0.005,region,D>=3c,cap1,ref_short,delay1,ref,decay,point,0.0,0.0,0.0,False,ref,IS,10,54704.0,34016.4,33196.8,2495.6,0.6068441064638783,0.02409519371379487,0.7750146241591109,0.060132714243930976,0.16485266159695816,0.6445999999999998,0.9645999999999999,0.2041899089712491,205.02552398497542,23607274.852921538,11007475.486228816,3.2601298515622816,3.0972146794196487,3.4222358276595415,769597.0582248238,721009.4642904941,817167.522568161,794925.5282662483,-25328.47004142468,103.0,7471.816099270133,43.121988817985894,-18.651048367109617,319.7754475142541,16198.847550413378,4.0,4.0,105187.59219295178,315562.77657885535,244.63605635519562,866.9141802878291,-0.005864888682052161,0.2901624931541486,743550.082776295,91.76321969190434,1.5352302261165007,0.04699239914067029
"COUNTERFACTUAL - assumed: licensed live feed + courtside camera, not purchased; parameters from our measurements",own120,3.0,1.0,30,0.99,1000.0,1000.0,0.005,region,D>=3c,cap1,ref_short,delay1,ref,decay,point,0.0,0.0,0.0,False,ref,burned_OOS,10,17384.0,10695.1,10444.8,973.2,0.6008283479061205,0.02340273934060756,0.7416992636907501,0.09080188679245284,0.16749884951679705,0.6132,0.9349000000000001,0.2080021265652884,223.67961631545163,7780460.692225218,3634628.2199689746,2.9972807662532714,2.6984920897266873,3.300029152497678,233181.23220735654,206905.5660571063,261014.58998042246,243238.8306542167,-10057.5984468602,40.0,5829.530805183913,47.548808270179194,-164.93567253528164,1003.8611119138683,11134.665009130484,3.0,3.0,80267.94000152807,240803.82000458418,97.05079709668306,885.5885235072328,-0.06599736616522366,0.31262472228396443,651490.9183236503,180.86665322264477,7.5256293013712305,0.09685093786378753
"COUNTERFACTUAL - assumed: licensed live feed + courtside camera, not purchased; parameters from our measurements",own120,3.142,0.25,3,0.95,100.0,1000.0,0.005,region,D>=3c,cap1,ref_short,delay1,ref,decay,point,0.0,0.0,0.0,False,ref,IS,10,6257.0,3376.7,3176.9,267.1,0.507735336423206,0.05915817257143126,0.8088221192264664,0.04494166533482499,0.14623621543870863,0.7794999999999999,1.0540499999999997,0.3063917535357969,50.44939821106256,421798.9988493853,200979.49501495942,2.8238261344363993,2.4741212049345234,3.177136685288089,11909.52861931908,10236.727700933976,13670.510659970541,14050.2967583229,-2140.7681390038188,103.0,115.6264914496998,22.082460912445896,-68.7178245859318,-67.46945203185251,465.88303011256176,4.0,4.0,6156.638124767034,18469.9143743011,64.96361641369582,230.2108736990192,-0.37823978279172066,0.17417803939885496,30064.875331854586,6.865539238840199,1.299465023763215,0.1713010505800467
"COUNTERFACTUAL - assumed: licensed live feed + courtside camera, not purchased; parameters from our measurements",own120,3.142,0.25,3,0.95,100.0,1000.0,0.005,region,D>=3c,cap1,ref_short,delay1,ref,decay,point,0.0,0.0,0.0,False,ref,burned_OOS,10,2402.0,1277.3,1203.3,102.8,0.5009575353871774,0.05794861029676217,0.8017485428809324,0.047127393838467944,0.15112406328059952,0.7529499999999999,1.0223999999999998,0.31047564332650324,50.35856437132581,159155.77219212774,75451.27214717424,2.748916801442948,2.2073437813737407,3.3192843931969698,4373.240035867974,3412.778693237587,5388.861219993384,5183.370592743711,-810.1305568757368,40.0,109.33100089669935,22.05826281459619,-54.21471857898911,-52.5963580938135,345.9428326453589,3.0,3.0,2973.3584379265335,8920.075313779602,49.233514609860485,449.25582081497697,-0.6183026497719138,0.16554073260140864,28466.323247087137,6.843555002030968,2.671198946602361,0.17206526212042342
"COUNTERFACTUAL - assumed: licensed live feed + courtside camera, not purchased; parameters from our measurements",own120,3.142,0.25,3,0.95,1000.0,1000.0,0.005,region,D>=3c,cap1,ref_short,delay1,ref,decay,point,0.0,0.0,0.0,False,ref,IS,10,6257.0,4229.5,3975.7,267.1,0.635400351606201,0.06001013116098587,0.8088221192264664,0.04494166533482499,0.14623621543870863,0.7794999999999999,1.0455499999999998,0.17161226996898962,109.87238220487632,2088763.3729548627,971617.2838633836,2.696889959682813,2.0834465295417863,3.3143798104873823,56400.375480139104,42746.461512230206,70716.49785483688,67444.55076353038,-11044.175283391261,103.0,547.5764609722244,14.02314463003592,-1157.8582531921138,-839.6839284376474,2779.893029462116,4.0,4.0,29018.19813294832,87054.59439884497,64.83065475339379,229.73969888338576,-1.3544738013835373,0.17354050376057667,30064.875331854586,58.15688159446003,1.2746988500592393,0.24919088589818011
"COUNTERFACTUAL - assumed: licensed live feed + courtside camera, not purchased; parameters from our measurements",own120,3.142,0.25,3,0.95,1000.0,1000.0,0.005,region,D>=3c,cap1,ref_short,delay1,ref,decay,point,0.0,0.0,0.0,False,ref,burned_OOS,10,2402.0,1609.6,1516.1,102.8,0.6311823480432972,0.058115246747471,0.8017485428809324,0.047127393838467944,0.15112406328059952,0.7529499999999999,1.0385499999999999,0.17330556223095128,109.15103398383974,779514.5686725875,361820.43596521456,2.3624501389411234,1.3439818136990433,3.33562445710822,18380.226379945165,10055.369438185431,26779.27552002233,21903.3013248661,-3523.0749449209347,40.0,459.5056594986292,12.024684320982962,-1285.4852957245937,-851.108040531611,2357.066969155271,2.9,3.0,14792.750132347286,44378.25039704186,41.52208823787734,378.88905517063074,-2.946772623728168,0.1663112303811116,28466.323247087137,76.80297827605014,3.0224302737963646,0.40524066486438154
"COUNTERFACTUAL - assumed: licensed live feed + courtside camera, not purchased; parameters from our measurements",own120,3.142,0.25,3,0.99,100.0,1000.0,0.005,region,D>=3c,cap1,ref_short,delay1,ref,decay,point,0.0,0.0,0.0,False,ref,IS,10,6257.0,3387.9,3307.5,267.1,0.5286079590858239,0.023733364522949506,0.8088221192264664,0.04494166533482499,0.14623621543870863,0.7794999999999999,1.0704999999999998,0.30248779210944765,49.55361755640418,419109.16633335676,198914.5691837598,3.1692790285649197,2.8164158762682296,3.538872282634869,13280.466763778963,11523.476905896017,15154.145841745976,14380.39749709392,-1099.9307333149588,103.0,128.93657052212583,23.39706822116013,-59.896556806470926,-59.89655680647088,496.6710489474966,4.0,4.0,6060.996880135059,18182.990640405176,73.46787427594772,260.34732146330987,-0.3314751771443838,0.16646801206017312,31024.688243152068,5.870153816417969,1.3151783934854349,0.15093455498818578
"COUNTERFACTUAL - assumed: licensed live feed + courtside camera, not purchased; parameters from our measurements",own120,3.142,0.25,3,0.99,100.0,1000.0,0.005,region,D>=3c,cap1,ref_short,delay1,ref,decay,point,0.0,0.0,0.0,False,ref,burned_OOS,10,2402.0,1274.9,1246.6,102.7,0.5189841798501248,0.02221122501444588,0.8017485428809324,0.047127393838467944,0.15112406328059952,0.7529499999999999,1.0296999999999998,0.30910769922298503,49.20351947340965,157295.31601720024,74152.87830422945,3.1115259992061093,2.5657030122687394,3.6976813780668025,4894.011788789497,3910.4657903489074,5942.941832652248,5365.376120745374,-471.36433195587733,40.0,122.35029471973742,23.200975119962923,-44.84099640009866,-41.72250635477192,386.1440774869281,3.0,3.0,2885.3018626594735,8655.905587978421,56.82073710478038,518.489226081121,-0.5305645757947673,0.15916996108947207,29422.775122532155,5.430406410548098,2.0637942202461055,0.10808141506190592
"COUNTERFACTUAL - assumed: licensed live feed + courtside camera, not purchased; parameters from our measurements",own120,3.142,0.25,3,0.99,1000.0,1000.0,0.005,region,D>=3c,cap1,ref_short,delay1,ref,decay,point,0.0,0.0,0.0,False,ref,IS,10,6257.0,4238.0,4135.4,267.1,0.6609237653827713,0.024211975602772284,0.8088221192264664,0.04494166533482499,0.14623621543870863,0.7794999999999999,1.0608999999999997,0.16733769102276297,105.96823466341255,2048473.1119437334,948169.9598313939,3.180990367227621,2.564090052292843,3.811202041023047,65209.41843795468,51440.961230314315,79923.39911511407,70851.6551057923,-5642.236667837609,103.0,633.1011498830552,15.843278647792246,-1082.4303317469055,-796.0655016164367,3148.9532373279844,4.0,4.0,28249.356130592503,84748.06839177752,77.24956720357625,273.7484663039353,-1.3115405448836763,0.16594061076195019,31024.688243152068,57.423938482447554,1.2558757082008507,0.2539783392774011
"COUNTERFACTUAL - assumed: licensed live feed + courtside camera, not purchased; parameters from our measurements",own120,3.142,0.25,3,0.99,1000.0,1000.0,0.005,region,D>=3c,cap1,ref_short,delay1,ref,decay,point,0.0,0.0,0.0,False,ref,burned_OOS,10,2402.0,1605.3,1570.7,102.7,0.6539134054954204,0.021564398581876386,0.8017485428809324,0.047127393838467944,0.15112406328059952,0.7529499999999999,1.0471499999999998,0.1715768959680369,104.83849858064984,761597.7296789567,351619.3532749492,2.8778194494162923,1.8482063518206953,3.9082142162199176,21894.046107759783,13426.472353931336,30679.564937129744,24262.450161675388,-2368.4040539156017,40.0,547.3511526939947,13.742734054226265,-1122.3819356579784,-778.8893181885552,2502.9999164703763,3.0,3.0,14176.536106150068,42529.60831845021,51.74341168958991,472.1586316675081,-2.7061138089248127,0.15857816329457186,29422.775122532155,74.9896697483762,2.391146274499973,0.39927529453802624
"COUNTERFACTUAL - assumed: licensed live feed + courtside camera, not purchased; parameters from our measurements",own120,3.142,0.25,10,0.95,100.0,1000.0,0.005,region,D>=3c,cap1,ref_short,delay1,ref,decay,point,0.0,0.0,0.0,False,ref,IS,10,20795.0,11257.8,10605.0,887.7,0.5099783601827362,0.057986489641382935,0.8091704736715556,0.04572733830247656,0.1451021880259678,0.7842,1.04405,0.3057269210491306,46.05777091735002,1339377.243085744,636001.1480743604,2.8842187975974203,2.692761581923152,3.077014959512514,38629.68742254535,35423.16237072733,41848.9130088531,43637.361715209285,-5007.674292663931,103.0,375.04550895675095,35.8467721469873,-41.52657722689146,-34.174174913557394,1070.6344523263901,4.0,4.0,8927.207201814455,26781.62160544336,144.62713397302494,512.5136300985836,-0.15422285620671944,0.15265302180694512,89288.64815293721,10.94387293273731,1.2402502367289983,0.08396888845172867
"COUNTERFACTUAL - assumed: licensed live feed + courtside camera, not purchased; parameters from our measurements",own120,3.142,0.25,10,0.95,100.0,1000.0,0.005,region,D>=3c,cap1,ref_short,delay1,ref,decay,point,0.0,0.0,0.0,False,ref,burned_OOS,10,7093.0,3839.8,3615.1,335.8,0.5096715071196954,0.05850645938032965,0.8027068941209643,0.04983786832087973,0.14745523755815595,0.7540999999999999,1.0011999999999999,0.30383696064818955,48.252669733692294,466820.7924534221,222194.23611718594,2.5677646074018514,2.2578180814502207,2.901982683393453,11984.490530737718,10280.037466889924,13802.413390703015,13695.047914686947,-1710.5573839492286,40.0,299.6122632684429,36.47442331167338,-19.807976984332708,-7.826471834713653,693.4353387723025,3.0,3.0,7056.242204838703,21168.72661451611,56.76047045442366,517.9392928966159,-0.09498756285800908,0.1541133563373712,79441.2947921167,12.784651314466002,3.156223675657595,0.11510781237254024
"COUNTERFACTUAL - assumed: licensed live feed + courtside camera, not purchased; parameters from our measurements",own120,3.142,0.25,10,0.95,1000.0,1000.0,0.005,region,D>=3c,cap1,ref_short,delay1,ref,decay,point,0.0,0.0,0.0,False,ref,IS,10,20795.0,14178.0,13344.9,887.7,0.641735994229382,0.058761610428293046,0.8091704736715556,0.04572733830247656,0.1451021880259678,0.7842,1.0431000000000001,0.1668160116832464,92.27886694738325,6480067.437339974,3005795.7237068443,2.7820256697656434,2.4398981805335973,3.1229501464231193,180274.84972717488,155466.39659145044,205425.01057975332,211480.50561735017,-31205.655890175334,103.0,1750.2412594871344,23.298849288642238,-1534.824071388811,-1163.4847565177747,6174.76702534881,4.0,4.0,42728.655368288964,128185.9661048669,141.69477820085746,502.12227226517444,-1.2100239847430845,0.15211455417545608,89288.64815293721,97.85667290143249,1.1237170726258412,0.15537877574838094
"COUNTERFACTUAL - assumed: licensed live feed + courtside camera, not purchased; parameters from our measurements",own120,3.142,0.25,10,0.95,1000.0,1000.0,0.005,region,D>=3c,cap1,ref_short,delay1,ref,decay,point,0.0,0.0,0.0,False,ref,burned_OOS,10,7093.0,4824.3,4540.8,335.8,0.6401804596080642,0.05876235538947829,0.8027068941209643,0.04983786832087973,0.14745523755815595,0.7540999999999999,1.0061999999999998,0.16626966194055898,100.0034535686139,2255617.130846775,1049963.7683516282,2.18415713998495,1.626255642743957,2.7693610844913574,49205.07314415094,35620.78711541726,63577.36823244018,56889.78909503635,-7684.715950885409,40.0,1230.1268286037734,18.851530582482457,-1607.59320170657,-1143.196212329956,4430.771929885041,3.0,3.0,35298.06054186138,105894.18162558414,47.077957505138016,429.5863622343844,-1.5263139470684812,0.15444565767163293,79441.2947921167,149.66190725340235,3.5217238223090863,0.2837249263051358
"COUNTERFACTUAL - assumed: licensed live feed + courtside camera, not purchased; parameters from our measurements",own120,3.142,0.25,10,0.99,100.0,1000.0,0.005,region,D>=3c,cap1,ref_short,delay1,ref,decay,point,0.0,0.0,0.0,False,ref,IS,10,20795.0,11293.9,11031.4,887.4,0.5304832892522241,0.023244944363033714,0.8091704736715556,0.04572733830247656,0.1451021880259678,0.7842,1.0586499999999999,0.30187649563167684,45.17966415709227,1329760.9174959543,628986.2696603162,3.234588874732849,3.0440994750694332,3.430008681700884,43011.49550841283,39730.69920276584,46341.115510240736,44984.575819236365,-1973.080310823541,103.0,417.5873350331343,37.51328396389825,-22.189299107790795,-7.413305823359491,1197.028563502538,4.0,4.0,8879.430939336318,26638.29281800895,161.85061986252617,573.5483131050685,-0.08228003635694503,0.1453038102554161,92183.16429356768,8.770318260797449,1.0644445180045994,0.06748500643603471
"COUNTERFACTUAL - assumed: licensed live feed + courtside camera, not purchased; parameters from our measurements",own120,3.142,0.25,10,0.99,100.0,1000.0,0.005,region,D>=3c,cap1,ref_short,delay1,ref,decay,point,0.0,0.0,0.0,False,ref,burned_OOS,10,7093.0,3844.1,3757.6,335.3,0.5297617369237276,0.022507337688911933,0.8027068941209643,0.04983786832087973,0.14745523755815595,0.7540999999999999,1.0143999999999997,0.3005239303088862,47.26458880725346,462828.6016798379,219390.97961938233,2.927174743279287,2.6095619860866637,3.2601831298133623,13544.618224719005,11749.480257724395,15389.216407369657,14347.464417353618,-802.8461926346163,40.0,338.61545561797504,39.598200199081475,-5.027533517556139,28.55402721199933,775.8922465404133,3.0,3.0,7122.781687723722,21368.345063171164,63.64824418292991,580.7902281692353,-0.023145272285380752,0.1474932162177876,82141.22502360927,11.289832244601389,2.8498961892137955,0.1101002570801937
"COUNTERFACTUAL - assumed: licensed live feed + courtside camera, not purchased; parameters from our measurements",own120,3.142,0.25,10,0.99,1000.0,1000.0,0.005,region,D>=3c,cap1,ref_short,delay1,ref,decay,point,0.0,0.0,0.0,False,ref,IS,10,20795.0,14197.7,13862.4,887.4,0.6666217840827121,0.02361786542781359,0.8091704736715556,0.04572733830247656,0.1451021880259678,0.7842,1.0585499999999999,0.16288784331010178,88.55387243879402,6339160.791419893,2927588.7159734927,3.2775856091866666,2.930990419576479,3.631090607754493,207781.20268258415,182920.13123923232,233511.48582490595,220939.98245598757,-13158.779773403434,103.0,2017.2932299280014,26.125291164909434,-1103.0182864796836,-945.3838680708308,6928.728921809484,4.0,4.0,41742.590822357546,125227.77246707263,166.46581002099214,589.9031131811857,-0.8872990048965324,0.14491504500685712,92183.16429356768,87.39049067423352,1.5573976585124636,0.1367699100214191
"COUNTERFACTUAL - assumed: licensed live feed + courtside camera, not purchased; parameters from our measurements",own120,3.142,0.25,10,0.99,1000.0,1000.0,0.005,region,D>=3c,cap1,ref_short,delay1,ref,decay,point,0.0,0.0,0.0,False,ref,burned_OOS,10,7093.0,4823.3,4714.7,335.3,0.6646975891724235,0.022527479764246138,0.8027068941209643,0.04983786832087973,0.14745523755815595,0.7540999999999999,1.0217999999999996,0.1628727479489051,95.76102830285222,2211598.5533189513,1025245.9599508962,2.690914524303327,2.112791534294363,3.277980120665203,59459.14792526971,45634.897723576076,73899.6989951242,63492.734941175135,-4033.5870159054166,40.0,1486.4786981317427,22.377007033475827,-1133.8682993131126,-948.9482036351292,4741.133428969339,3.0,3.0,34724.157241738314,104172.47172521494,57.90577454860454,528.3901927560164,-1.083025346067498,0.1474734871507032,82141.22502360927,161.55362156187354,3.901607907437784,0.30970782490895427
"COUNTERFACTUAL - assumed: licensed live feed + courtside camera, not purchased; parameters from our measurements",own120,3.142,0.25,30,0.95,100.0,1000.0,0.005,region,D>=3c,cap1,ref_short,delay1,ref,decay,point,0.0,0.0,0.0,False,ref,IS,10,54704.0,30633.0,28847.0,2499.7,0.527328897338403,0.058304267890169056,0.809701301550161,0.045824802573852005,0.14447389587598716,0.7865999999999999,1.0506499999999999,0.2880595309882272,40.3523902248453,3309612.5005507143,1571794.847538253,2.7825865377209587,2.6593498278009515,2.9091421738697028,92092.64728065942,87007.78792357641,97305.47185884354,103936.22336388656,-11843.576083227148,103.0,894.1033716568876,45.29615909933456,-4.661086568461178,32.891383573346886,1894.583624435339,4.0,4.0,15227.505912362685,45682.517737088056,202.33730678576515,717.020553172857,-0.009916358509600683,0.12025981624615445,191333.50289315387,11.056375108141388,1.1785294742733154,0.033102908267100876
"COUNTERFACTUAL - assumed: licensed live feed + courtside camera, not purchased; parameters from our measurements",own120,3.142,0.25,30,0.95,100.0,1000.0,0.005,region,D>=3c,cap1,ref_short,delay1,ref,decay,point,0.0,0.0,0.0,False,ref,burned_OOS,10,17384.0,9589.8,9030.5,975.9,0.5194719282098481,0.058313078303340524,0.8026633686148182,0.049666359871145885,0.1476702715140359,0.7551999999999998,1.00665,0.29345399399072036,43.07163712431878,1084778.270487863,516000.6778016845,2.649693863964062,2.4163834391059615,2.8884931552530295,28736.674294314427,25824.099030566063,31712.882367687904,32806.25809519895,-4069.5838008845326,40.0,718.4168573578607,51.23787536650116,-11.024522786493254,164.22557671778026,1352.1755951098696,3.0,3.0,11356.482537762959,34069.44761328889,84.55965056217073,771.6068113798079,-0.031009182499258874,0.13124260737059984,168185.19914325658,16.82212539693655,5.842698868689923,0.07972582522827854
"COUNTERFACTUAL - assumed: licensed live feed + courtside camera, not purchased; parameters from our measurements",own120,3.142,0.25,30,0.95,1000.0,1000.0,0.005,region,D>=3c,cap1,ref_short,delay1,ref,decay,point,0.0,0.0,0.0,False,ref,IS,10,54704.0,38299.5,36042.2,2499.7,0.6588585843813981,0.05893956146153192,0.809701301550161,0.045824802573852005,0.14447389587598716,0.7865999999999999,1.0478999999999998,0.14935649212168284,70.66861184348868,15214333.590084568,7038972.796687993,2.60640996522682,2.3727728077203634,2.835646699132553,396503.874473959,357461.455447637,435745.56599378027,468768.5218548059,-72264.64738084687,103.0,3849.5521793588255,31.752195730225196,-865.2754940623767,-865.2754940623742,9944.61053813402,4.0,4.0,66776.27474588584,200328.82423765754,198.3130962063261,702.7600011195051,-0.4348258241750127,0.12096257714195646,191333.50289315387,149.0908010764504,0.7667557092068976,0.10702489009231138
"COUNTERFACTUAL - assumed: licensed live feed + courtside camera, not purchased; parameters from our measurements",own120,3.142,0.25,30,0.95,1000.0,1000.0,0.005,region,D>=3c,cap1,ref_short,delay1,ref,decay,point,0.0,0.0,0.0,False,ref,burned_OOS,10,17384.0,12010.3,11306.8,975.9,0.6504141739530602,0.058574079363585975,0.8026633686148182,0.049666359871145885,0.1476702715140359,0.7551999999999998,1.0091499999999998,0.15545256225425486,82.79805101986632,5115390.947347177,2368632.491431772,2.3869502193488006,1.9551712234192333,2.819454258307263,122057.44358087194,98761.27586172432,146710.68222880168,143201.2478806441,-21143.804299772153,40.0,3051.436089521798,30.689969631109854,-788.513409864336,-594.9814319575992,7609.682019711453,3.0,3.0,53094.10284980574,159282.30854941724,77.26785237865553,705.0691529552319,-0.48252215129903764,0.1321137270905038,168185.19914325658,184.7559303486522,4.701334780589922,0.15645478971805732
"COUNTERFACTUAL - assumed: licensed live feed + courtside camera, not purchased; parameters from our measurements",own120,3.142,0.25,30,0.99,100.0,1000.0,0.005,region,D>=3c,cap1,ref_short,delay1,ref,decay,point,0.0,0.0,0.0,False,ref,IS,10,54704.0,30679.9,29961.7,2498.9,0.5477058350394853,0.02341054308567353,0.809701301550161,0.045824802573852005,0.14447389587598716,0.7865999999999999,1.0602999999999998,0.28498215756845297,39.55579691436758,3278069.8159448546,1550555.271141993,3.163536366519234,3.0369206856625475,3.2932466583048465,103700.2690184891,98314.88608842026,109089.8778049812,108023.17911811729,-4322.910099628222,103.0,1006.7987283348457,47.26662951652929,0.0,52.7038089108735,2081.4334734669833,4.0,4.0,14998.28375174682,44994.851255240465,231.2466078053345,819.4661344557968,0.0,0.11387818640607388,197650.6516749269,8.63900919724116,1.0929394873496308,0.03235560344287463
"COUNTERFACTUAL - assumed: licensed live feed + courtside camera, not purchased; parameters from our measurements",own120,3.142,0.25,30,0.99,100.0,1000.0,0.005,region,D>=3c,cap1,ref_short,delay1,ref,decay,point,0.0,0.0,0.0,False,ref,burned_OOS,10,17384.0,9594.0,9373.9,975.2,0.5392257248044179,0.022939744927499527,0.8026633686148182,0.049666359871145885,0.1476702715140359,0.7551999999999998,1.0196,0.2906507246877138,42.394638971917885,1072820.3959649547,508323.2202887521,3.018199297193436,2.787688056326519,3.2635535634134376,32374.142105069717,29466.263917054857,35515.39325001968,33977.00495898597,-1602.862853916255,40.0,809.3535526267427,56.05415766682874,0.0,245.12220862216583,1401.7539742828112,3.0,3.0,11246.87090985968,33740.612729579036,96.15629226561184,877.4261669237079,0.0,0.12480559952663631,173720.2730123323,14.75085693837985,6.210288849414618,0.07197680856045342
"COUNTERFACTUAL - assumed: licensed live feed + courtside camera, not purchased; parameters from our measurements",own120,3.142,0.25,30,0.99,1000.0,1000.0,0.005,region,D>=3c,cap1,ref_short,delay1,ref,decay,point,0.0,0.0,0.0,False,ref,IS,10,54704.0,38321.5,37411.5,2498.9,0.6838896607195085,0.023747710487416807,0.809701301550161,0.045824802573852005,0.14447389587598716,0.7865999999999999,1.0601999999999998,0.14592403778577354,68.04877466737987,14850660.719839264,6841330.386012988,3.1295972978430013,2.893446161857412,3.362161898891177,464717.92309965583,425147.9363536819,504144.6785142119,490915.08054611477,-26197.157446458987,103.0,4511.824496113164,35.134993214710825,-516.3032267971641,-466.73744387204835,11064.070636695673,4.0,4.0,64896.47056868436,194689.4117060531,239.12812210854204,847.3957725205615,-0.2676928886090121,0.1146142768175901,197650.6516749269,151.4798715904766,1.0949932934118884,0.11335931683688048
"COUNTERFACTUAL - assumed: licensed live feed + courtside camera, not purchased; parameters from our measurements",own120,3.142,0.25,30,0.99,1000.0,1000.0,0.005,region,D>=3c,cap1,ref_short,delay1,ref,decay,point,0.0,0.0,0.0,False,ref,burned_OOS,10,17384.0,12013.6,11737.2,975.2,0.6751725724804418,0.023009942230618363,0.8026633686148182,0.049666359871145885,0.1476702715140359,0.7551999999999998,1.0238999999999998,0.1519071297406976,78.97124855275365,5006620.3864095,2308865.881389822,2.8819414742357763,2.4432090213192557,3.32333533498713,144279.1810740388,120331.53964880834,168920.16400372,154265.03821770515,-9985.85714366637,40.0,3606.9795268509697,35.23588413929279,-554.6152573128777,-342.1210359969819,8216.737075193134,3.0,3.0,52707.62709613381,158122.8812884014,91.6987374491579,836.7509792235658,-0.34322118352046316,0.1254460083440173,173720.2730123323,171.7132279356762,4.861005968362128,0.13809313077651222
"COUNTERFACTUAL - assumed: licensed live feed + courtside camera, not purchased; parameters from our measurements",own120,3.142,0.5,3,0.95,100.0,1000.0,0.005,region,D>=3c,cap1,ref_short,delay1,ref,decay,point,0.0,0.0,0.0,False,ref,IS,10,6257.0,3196.0,3006.7,267.1,0.48053380214160135,0.05921340017607333,0.8088221192264664,0.04494166533482499,0.14623621543870863,0.7794999999999999,1.0547499999999999,0.33510808302029044,63.85276741028476,469069.78144524375,223786.619491325,2.872025755303071,2.548830791857899,3.2019571158354636,13468.622035842121,11694.830429570093,15328.973700484465,15639.246812839247,-2170.624776997126,103.0,130.76332073633125,23.48411486024974,-64.43645596749283,-64.43645596749275,504.9348225397739,4.0,4.0,6797.351197307231,20392.05359192169,66.53628285201447,235.78391496102213,-0.3214643249239119,0.27917439695534874,60129.75066370917,6.871896926934223,1.1612207040955214,0.16133783641468677
"COUNTERFACTUAL - assumed: licensed live feed + courtside camera, not purchased; parameters from our measurements",own120,3.142,0.5,3,0.95,100.0,1000.0,0.005,region,D>=3c,cap1,ref_short,delay1,ref,decay,point,0.0,0.0,0.0,False,ref,burned_OOS,10,2402.0,1205.5,1134.8,102.8,0.4724396336386345,0.058654325155164985,0.8017485428809324,0.047127393838467944,0.15112406328059952,0.7529499999999999,1.01905,0.3405085790273711,64.05750927560888,176918.31924653923,83989.17120415627,2.8185924270520895,2.319242348937631,3.358088272450312,4983.020390022289,3977.239553013633,6044.122343569387,5770.553266896085,-787.5328768737963,40.0,124.57550975055719,23.489074125197654,-42.402876023772635,-40.98626780584861,383.3476424994235,3.0,3.0,3315.284356302224,9945.853068906672,50.226525008802454,458.3170407053224,-0.4305108642629635,0.2705610324634802,56932.646494174274,6.754162720532961,3.011565659746846,0.17280814490342958
"COUNTERFACTUAL - assumed: licensed live feed + courtside camera, not purchased; parameters from our measurements",own120,3.142,0.5,3,0.95,1000.0,1000.0,0.005,region,D>=3c,cap1,ref_short,delay1,ref,decay,point,0.0,0.0,0.0,False,ref,IS,10,6257.0,4048.0,3804.9,267.1,0.6081029247243087,0.06005616124630987,0.8088221192264664,0.04494166533482499,0.14623621543870863,0.7794999999999999,1.0464499999999997,0.2004294222325862,179.0923759623679,2631898.4901060117,1231445.9327874226,2.841412391853162,2.332582737537643,3.3584244033264397,74817.6170222361,60003.50482818692,90278.56639432909,86616.86678581117,-11799.24976357507,103.0,726.3846312838457,16.786315262170596,-1001.9843661186462,-842.0510024288527,3465.83352152522,4.0,4.0,37236.85198703674,111710.5559611102,67.26282890452931,238.35856844808933,-0.9088618127021686,0.2795260124518174,60129.75066370917,58.678677772393115,1.3836714428520034,0.20808503352231
"COUNTERFACTUAL - assumed: licensed live feed + courtside camera, not purchased; parameters from our measurements",own120,3.142,0.5,3,0.95,1000.0,1000.0,0.005,region,D>=3c,cap1,ref_short,delay1,ref,decay,point,0.0,0.0,0.0,False,ref,burned_OOS,10,2402.0,1537.3,1447.5,102.8,0.6026228143213987,0.058440596750782205,0.8017485428809324,0.047127393838467944,0.15112406328059952,0.7529499999999999,1.0339999999999996,0.20338986073403306,179.57667918659448,987614.9317850631,460193.8128983399,2.619401810508504,1.8087689656247055,3.4310509694142026,25834.785648306908,17108.089626696128,34721.34778474005,29718.921462004015,-3884.1358136971057,40.0,645.8696412076727,15.754135508715896,-1069.0107416890971,-772.7638236128571,2664.0913446165346,2.9,3.0,18794.816712908887,56384.45013872666,45.91868734993055,419.0080220681163,-1.9181189545306254,0.27243388051825695,56932.646494174274,63.80470825254327,2.5625884303807784,0.2722634890878701
"COUNTERFACTUAL - assumed: licensed live feed + courtside camera, not purchased; parameters from our measurements",own120,3.142,0.5,3,0.99,100.0,1000.0,0.005,region,D>=3c,cap1,ref_short,delay1,ref,decay,point,0.0,0.0,0.0,False,ref,IS,10,6257.0,3197.2,3121.1,267.1,0.49881732459645195,0.023798690404001854,0.8088221192264664,0.04494166533482499,0.14623621543870863,0.7794999999999999,1.0660999999999998,0.3329168703375859,63.353480033626134,467371.1172317653,222189.7104535511,3.191716339972868,2.863942112534367,3.5364684159244133,14913.763426618967,13054.380134692381,16893.962878595652,16016.769369339137,-1103.0059427201695,103.0,144.7938196759123,24.66313451363427,-56.3833399623375,-56.38333996233725,532.3796311398987,4.0,4.0,6740.354285508591,20221.062856525772,74.06976813952484,262.48024631967536,-0.28165080578163926,0.2748820272820778,62049.376486304136,5.688918759375992,1.0836909905943877,0.13656410282497325
"COUNTERFACTUAL - assumed: licensed live feed + courtside camera, not purchased; parameters from our measurements",own120,3.142,0.5,3,0.99,100.0,1000.0,0.005,region,D>=3c,cap1,ref_short,delay1,ref,decay,point,0.0,0.0,0.0,False,ref,burned_OOS,10,2402.0,1200.3,1172.8,102.7,0.48825978351373855,0.022915008166925387,0.8017485428809324,0.047127393838467944,0.15112406328059952,0.7529499999999999,1.0252999999999997,0.3404209801397233,63.47411663315802,175252.90920401018,82770.92454093535,3.1521812745884334,2.6522683415398633,3.6969622093806107,5523.963140719338,4472.235345391452,6628.9243425049835,5989.4994654696475,-465.5363247503107,40.0,138.09907851798343,24.47764948155281,-33.036953139062874,-30.315653628876987,429.1130190134378,3.0,3.0,3225.9080074104254,9677.724022231276,57.24366070515323,522.3484039345234,-0.3453939128655167,0.26728739180704414,58845.55024506431,5.380717737145829,1.9725829641088417,0.10600798149640689
"COUNTERFACTUAL - assumed: licensed live feed + courtside camera, not purchased; parameters from our measurements",own120,3.142,0.5,3,0.99,1000.0,1000.0,0.005,region,D>=3c,cap1,ref_short,delay1,ref,decay,point,0.0,0.0,0.0,False,ref,IS,10,6257.0,4045.6,3948.3,267.1,0.6310212561930638,0.02405330641000415,0.8088221192264664,0.04494166533482499,0.14623621543870863,0.7794999999999999,1.0636999999999999,0.1978806345363152,176.3104908064574,2611592.9451917126,1216966.6823696536,3.209021583406863,2.6985968170930543,3.733561463063301,83829.95730695926,68927.56459750717,99747.3736414868,89619.58260343273,-5789.625296473458,103.0,813.8830806500898,18.417288321783218,-971.3212609082617,-808.8034507707363,3853.8107091680504,4.0,4.0,36346.459159624785,109039.37747887436,77.30573182149445,273.9474962606356,-0.9044070913035913,0.2753455490751038,62049.376486304136,54.568879645365335,1.3767293218096663,0.19488421238278839
"COUNTERFACTUAL - assumed: licensed live feed + courtside camera, not purchased; parameters from our measurements",own120,3.142,0.5,3,0.99,1000.0,1000.0,0.005,region,D>=3c,cap1,ref_short,delay1,ref,decay,point,0.0,0.0,0.0,False,ref,burned_OOS,10,2402.0,1529.3,1496.3,102.7,0.6229392173189009,0.021591508673690817,0.8017485428809324,0.047127393838467944,0.15112406328059952,0.7529499999999999,1.0386000000000002,0.20314584483535061,176.75974892420354,976136.5951441352,452886.78529414564,3.0319931368023574,2.1994244472519253,3.8720606856878086,29572.482865918933,20714.035686418654,38908.181981376714,31940.734396003052,-2368.2515300841114,40.0,739.3120716479734,17.534071733681206,-908.5431036274201,-698.4816057976611,2732.825797737957,3.0,3.0,18311.69709866284,54935.09129598852,54.071072292228315,493.39853466658315,-1.6953925018462417,0.26820422268256044,58845.55024506431,58.62507594162294,2.4038683027247925,0.2358744119917713
"COUNTERFACTUAL - assumed: licensed live feed + courtside camera, not purchased; parameters from our measurements",own120,3.142,0.5,10,0.95,100.0,1000.0,0.005,region,D>=3c,cap1,ref_short,delay1,ref,decay,point,0.0,0.0,0.0,False,ref,IS,10,20795.0,10635.6,10021.9,887.7,0.4819379658571772,0.057701198733404194,0.8091704736715556,0.04572733830247656,0.1451021880259678,0.7842,1.04385,0.33529056711913624,60.39759735407788,1500529.6035555466,713615.0452180197,2.9353413580531593,2.7605339405340255,3.1129094157540957,44042.96505194057,40658.81290341609,47445.47299701233,49118.19766113813,-5075.232609197574,103.0,427.60160244602486,38.44239314140066,-24.479456953297994,-0.4653824689282331,1174.3008278607253,4.0,4.0,9973.997012285141,29921.99103685543,147.67291353021494,523.3069265876549,-0.07890308163455892,0.2512495009495066,178577.29630587442,11.307992798452863,1.2124067627529407,0.08133774805585973
"COUNTERFACTUAL - assumed: licensed live feed + courtside camera, not purchased; parameters from our measurements",own120,3.142,0.5,10,0.95,100.0,1000.0,0.005,region,D>=3c,cap1,ref_short,delay1,ref,decay,point,0.0,0.0,0.0,False,ref,burned_OOS,10,7093.0,3628.4,3414.8,335.8,0.48143239813901034,0.05885746231779003,0.8027068941209643,0.04983786832087973,0.14745523755815595,0.7540999999999999,1.0013499999999997,0.33360400710084126,62.11011873432193,522090.256638684,249047.0297765233,2.637994564433156,2.350480962420208,2.943748760853114,13769.5296228808,11969.035621466102,15666.933955167293,15507.985692278487,-1738.456069397685,40.0,344.23824057202006,38.91183769258913,-9.049951157892428,18.752226075513132,776.2662105295798,3.0,3.0,7789.89575940177,23369.687278205307,59.1403428764145,539.6556287472824,-0.03793034185198975,0.2602695212015037,158882.5895842334,10.988166875029968,3.462794496432375,0.09656275157597394
"COUNTERFACTUAL - assumed: licensed live feed + courtside camera, not purchased; parameters from our measurements",own120,3.142,0.5,10,0.95,1000.0,1000.0,0.005,region,D>=3c,cap1,ref_short,delay1,ref,decay,point,0.0,0.0,0.0,False,ref,IS,10,20795.0,13542.4,12747.8,887.7,0.6130223611445059,0.05867680453093373,0.8091704736715556,0.04572733830247656,0.1451021880259678,0.7842,1.0448,0.1970873947179394,158.71412004393784,8227881.377292357,3837318.1145650954,2.922779688883205,2.637363241944852,3.207430597580011,240494.01534614852,213367.01926294807,268083.6089705121,272538.15010432206,-32044.134758173568,103.0,2334.8933528752277,27.618385643116746,-1105.838594506291,-971.2285577561303,7657.405612780936,4.0,4.0,53791.906390162694,161375.71917048813,149.46522555024293,529.6583235518318,-0.6899894388133477,0.25096915668489184,178577.29630587442,96.44473190719737,1.3456759408944265,0.11632818477410502
"COUNTERFACTUAL - assumed: licensed live feed + courtside camera, not purchased; parameters from our measurements",own120,3.142,0.5,10,0.95,1000.0,1000.0,0.005,region,D>=3c,cap1,ref_short,delay1,ref,decay,point,0.0,0.0,0.0,False,ref,burned_OOS,10,7093.0,4615.1,4342.8,335.8,0.6122656139856196,0.058995521546075735,0.8027068941209643,0.04983786832087973,0.14745523755815595,0.7540999999999999,1.0011499999999998,0.19569450254711304,166.7356084017029,2868441.063867898,1341652.2278436392,2.4380610964117535,1.9962300983640637,2.9129157457784998,69894.08086055145,55540.31279436369,85090.85881372352,77680.4729167964,-7786.392056244942,40.0,1747.3520215137864,25.313911754800927,-1043.190050319786,-871.6979231426488,5219.6644644897915,3.0,3.0,44519.38295453873,133558.14886361622,52.71631235358823,481.0363502264925,-0.7835817264801204,0.260096031658093,158882.5895842334,149.30066915441017,4.319845972032058,0.22029823411593158
"COUNTERFACTUAL - assumed: licensed live feed + courtside camera, not purchased; parameters from our measurements",own120,3.142,0.5,10,0.99,100.0,1000.0,0.005,region,D>=3c,cap1,ref_short,delay1,ref,decay,point,0.0,0.0,0.0,False,ref,IS,10,20795.0,10640.4,10395.0,887.4,0.4998797787929791,0.023065616309519053,0.8091704736715556,0.04572733830247656,0.1451021880259678,0.7842,1.0581,0.33312123156149115,59.75241719363038,1495607.7983896134,708787.8694574824,3.2490427908032364,3.0731524812486546,3.432080550050847,48590.23663263414,45116.01771938048,52099.88015750305,50607.956988687896,-2017.7203560537523,103.0,471.74987021974886,39.89890236869322,-10.163553573749596,26.763979424691694,1308.5140627451397,4.0,4.0,10030.799220453036,30092.397661359108,161.9560742720208,573.9220107697824,-0.033108551295816704,0.24723005761649275,184366.32858713536,9.03940945683121,1.0055994159651929,0.06689684563473908
"COUNTERFACTUAL - assumed: licensed live feed + courtside camera, not purchased; parameters from our measurements",own120,3.142,0.5,10,0.99,100.0,1000.0,0.005,region,D>=3c,cap1,ref_short,delay1,ref,decay,point,0.0,0.0,0.0,False,ref,burned_OOS,10,7093.0,3623.1,3540.7,335.3,0.4991822924009587,0.022747009594548374,0.8027068941209643,0.04983786832087973,0.14745523755815595,0.7540999999999999,1.0113999999999999,0.3317187350087521,61.72597255603269,519254.0328373797,246732.20719588245,2.9702215921663973,2.6787551802737606,3.2702866330402762,15420.40685819512,13558.95842733532,17347.51262748054,16216.23974059101,-795.8328823958902,40.0,385.51017145487805,42.012260437602535,-5.70265129434024,48.31816392277345,851.9762095028555,3.0,3.0,7905.574507320793,23716.72352196238,65.3598975280743,596.4090649436779,-0.022734984965807996,0.2568560925784422,164282.45004721853,8.120778784347118,2.44847632107493,0.07576003627826818
"COUNTERFACTUAL - assumed: licensed live feed + courtside camera, not purchased; parameters from our measurements",own120,3.142,0.5,10,0.99,1000.0,1000.0,0.005,region,D>=3c,cap1,ref_short,delay1,ref,decay,point,0.0,0.0,0.0,False,ref,IS,10,20795.0,13538.6,13219.7,887.4,0.6357153161817746,0.02355733611965849,0.8091704736715556,0.04572733830247656,0.1451021880259678,0.7842,1.0590999999999997,0.1944412715056884,154.6138336518772,8149742.685444866,3787570.130773236,3.2981757201230337,3.0152168481205845,3.5836538715313013,268813.72687738214,241347.40108781448,296926.02619928354,282109.25936106534,-13295.532483683175,103.0,2609.8420085182743,29.855578795488277,-759.0935240618943,-659.7865240737004,8476.08715475485,4.0,4.0,53454.93314290192,160364.79942870577,167.9314789165971,595.0969883937664,-0.47937337992444184,0.24721474876726096,184366.32858713536,81.42377849046748,1.5347435487603018,0.09180822255281951
"COUNTERFACTUAL - assumed: licensed live feed + courtside camera, not purchased; parameters from our measurements",own120,3.142,0.5,10,0.99,1000.0,1000.0,0.005,region,D>=3c,cap1,ref_short,delay1,ref,decay,point,0.0,0.0,0.0,False,ref,burned_OOS,10,7093.0,4599.9,4495.9,335.3,0.6338502749189342,0.022614489448080578,0.8027068941209643,0.04983786832087973,0.14745523755815595,0.7540999999999999,1.01905,0.19433948607843304,164.42797998841002,2846320.5816065194,1326971.2458512797,2.8313666851624344,2.3683182246738164,3.305031109531962,80549.24812999062,65661.88458044888,95906.43231282545,84464.9069495255,-3915.658819534902,40.0,2013.7312032497653,28.627012099269205,-646.9923138813032,-542.4029650813,5445.703925024098,3.0,3.0,45043.75293086212,135131.25879258633,60.13337057352381,548.7170064834048,-0.4822528589945903,0.2571031969028207,164282.45004721853,159.51808426154784,4.468785610522505,0.2372261827015998
"COUNTERFACTUAL - assumed: licensed live feed + courtside camera, not purchased; parameters from our measurements",own120,3.142,0.5,30,0.95,100.0,1000.0,0.005,region,D>=3c,cap1,ref_short,delay1,ref,decay,point,0.0,0.0,0.0,False,ref,IS,10,54704.0,28863.8,27183.9,2499.7,0.4969270985668325,0.05820179600899197,0.809701301550161,0.045824802573852005,0.14447389587598716,0.7865999999999999,1.0499999999999998,0.320119508965966,53.921278596378514,3763543.291761598,1790987.0411702923,2.8519035149384093,2.738497847299209,2.9676676186284157,107333.41028431928,101876.69462506677,112868.96627305735,119244.78332709013,-11911.373042770843,103.0,1042.0719445079544,47.99314004013365,-3.412902311923972,50.377535169935264,2154.70361542551,4.0,4.0,17584.1753235094,52752.52597052818,204.13121041949643,723.3775903215164,-0.005924916813881204,0.20567653736496122,382667.00578630774,12.368824480979391,1.1373941709008173,0.029977176490517267
"COUNTERFACTUAL - assumed: licensed live feed + courtside camera, not purchased; parameters from our measurements",own120,3.142,0.5,30,0.95,100.0,1000.0,0.005,region,D>=3c,cap1,ref_short,delay1,ref,decay,point,0.0,0.0,0.0,False,ref,burned_OOS,10,17384.0,9050.2,8518.6,975.9,0.4900253106304649,0.0587311180758059,0.8026633686148182,0.049666359871145885,0.1476702715140359,0.7551999999999998,1.0091499999999998,0.3244883898041562,57.15598784952357,1223415.0702239566,583531.4966845557,2.7294546271030797,2.519521536146195,2.9495137057746104,33384.25742761516,30384.977452835,36525.02728268322,37376.23855994262,-3991.981132327459,40.0,834.6064356903792,55.32570429114979,0.0,239.60215786408057,1482.7950766092436,3.0,3.0,12893.780286396159,38681.34085918848,86.48022487118801,789.1320519495904,0.0,0.22696775343226902,336370.39828651317,16.628011897687937,4.601287958893223,0.07626225662276154
"COUNTERFACTUAL - assumed: licensed live feed + courtside camera, not purchased; parameters from our measurements",own120,3.142,0.5,30,0.95,1000.0,1000.0,0.005,region,D>=3c,cap1,ref_short,delay1,ref,decay,point,0.0,0.0,0.0,False,ref,IS,10,54704.0,36606.7,34452.5,2499.7,0.6297985522082481,0.058849004087199154,0.809701301550161,0.045824802573852005,0.14447389587598716,0.7865999999999999,1.04595,0.1800013126897209,125.1052394615914,19647417.916401975,9149936.094205773,2.804225885248071,2.6177857332630112,2.988046813008298,550920.1896149293,508137.3951547702,594142.8746380338,624172.5337894812,-73252.34417455186,103.0,5348.739704999313,37.40351466871599,-307.25542637404794,-252.49292497842697,12613.042489500673,4.0,4.0,87598.70759510412,262796.12278531236,210.23259856098645,744.9990143180587,-0.11539277659990224,0.20631702775106428,382667.00578630774,140.53010196985252,1.1606121594737244,0.07932071675845533
"COUNTERFACTUAL - assumed: licensed live feed + courtside camera, not purchased; parameters from our measurements",own120,3.142,0.5,30,0.95,1000.0,1000.0,0.005,region,D>=3c,cap1,ref_short,delay1,ref,decay,point,0.0,0.0,0.0,False,ref,burned_OOS,10,17384.0,11478.6,10807.1,975.9,0.6216693511274736,0.058497050385891446,0.8026633686148182,0.049666359871145885,0.1476702715140359,0.7551999999999998,1.00855,0.1857466731221239,140.94607326164626,6559833.5209298,3057535.1981633496,2.5917692763650826,2.244116055568679,2.940188358223407,169968.80107155733,145259.76773334134,195634.31247709127,191335.0346375999,-21366.23356604254,40.0,4249.220026788933,38.21097568078433,-324.7614703993753,143.27205079998984,9376.64984253075,3.0,3.0,67114.98446704485,201344.95340113452,84.73539634507264,773.210491648788,-0.15537065840579695,0.22747260090896115,336370.39828651317,193.39724686854967,6.130462373458297,0.1301660075144856
"COUNTERFACTUAL - assumed: licensed live feed + courtside camera, not purchased; parameters from our measurements",own120,3.142,0.5,30,0.99,100.0,1000.0,0.005,region,D>=3c,cap1,ref_short,delay1,ref,decay,point,0.0,0.0,0.0,False,ref,IS,10,54704.0,28847.4,28172.4,2498.9,0.5149970751681778,0.02340039974241368,0.809701301550161,0.045824802573852005,0.14447389587598716,0.7865999999999999,1.0601999999999996,0.31838144614250413,53.35088055466862,3745401.431221937,1776095.498547526,3.184255495186691,3.0680399829446334,3.3036433745642917,119261.00986483865,113561.92882691995,124921.04551142808,123633.94627185215,-4372.936407013503,103.0,1157.8738821828997,49.57849727770365,0.0,68.83937296870516,2333.1699798032314,4.0,4.0,17427.83429254758,52283.50287764274,228.54230012413936,809.8829082069017,0.0,0.20263741139140942,395301.3033498538,10.380368112898688,1.006522533443876,0.031110865097529593
"COUNTERFACTUAL - assumed: licensed live feed + courtside camera, not purchased; parameters from our measurements",own120,3.142,0.5,30,0.99,100.0,1000.0,0.005,region,D>=3c,cap1,ref_short,delay1,ref,decay,point,0.0,0.0,0.0,False,ref,burned_OOS,10,17384.0,9031.0,8821.5,975.2,0.5074493787390704,0.023197455711669056,0.8026633686148182,0.049666359871145885,0.1476702715140359,0.7551999999999998,1.0223,0.3230810507636434,56.57628040996517,1214934.1710093133,577449.2437631205,3.0595346199069295,2.852640198733937,3.280399817443393,37165.21011611792,34109.51442673004,40432.183572042566,38673.76261770587,-1508.5525015879493,40.0,929.1302529029481,59.44858378686064,0.0,338.84788056885145,1565.215533974602,3.0,3.0,12796.079900908646,38388.239702725936,96.98111384907882,884.9526638728443,0.0,0.22408823347218165,347440.5460246646,13.116413985937916,4.864638159968828,0.062228081867107966
"COUNTERFACTUAL - assumed: licensed live feed + courtside camera, not purchased; parameters from our measurements",own120,3.142,0.5,30,0.99,1000.0,1000.0,0.005,region,D>=3c,cap1,ref_short,delay1,ref,decay,point,0.0,0.0,0.0,False,ref,IS,10,54704.0,36545.7,35681.4,2498.9,0.6522630886224041,0.02365123572609873,0.809701301550161,0.045824802573852005,0.14447389587598716,0.7865999999999999,1.0618999999999998,0.17821804189129706,123.98176264051071,19435009.569329314,9020652.374871349,3.210275638752937,3.02237524387525,3.395395897964061,623875.2185349873,579510.1796658004,667579.7581565452,649730.0053314205,-25854.786796433058,103.0,6057.040956650363,39.871673331430735,-97.4803222633549,79.31187432786868,13680.681636378267,4.0,4.0,85979.35680255733,257938.07040767203,242.44644343313834,859.1548723601505,-0.038307018532713545,0.20309094935588884,395301.3033498538,127.3304856290273,1.0964262363205894,0.07550629453950929
"COUNTERFACTUAL - assumed: licensed live feed + courtside camera, not purchased; parameters from our measurements",own120,3.142,0.5,30,0.99,1000.0,1000.0,0.005,region,D>=3c,cap1,ref_short,delay1,ref,decay,point,0.0,0.0,0.0,False,ref,burned_OOS,10,17384.0,11450.1,11187.8,975.2,0.6435687988955362,0.02290999498644688,0.8026633686148182,0.049666359871145885,0.1476702715140359,0.7551999999999998,1.0207,0.1841612639456162,138.23437102587144,6493439.467972614,3016878.7074412317,2.984348329848621,2.632798499377916,3.345912089909155,193762.56180117454,168571.9856128132,220171.80086733983,203658.73954697474,-9896.177745800196,40.0,4844.064045029364,42.56108274610712,-242.27869522066902,510.24335543003843,9862.592691258586,3.0,3.0,67135.16651526644,201405.49954579928,96.38307429104096,879.4955529057486,-0.11843584739598145,0.224604306537654,347440.5460246646,175.44832415470316,6.518663740538084,0.11400448221103246
"COUNTERFACTUAL - assumed: licensed live feed + courtside camera, not purchased; parameters from our measurements",own120,3.142,1.0,3,0.95,100.0,1000.0,0.005,region,D>=3c,cap1,ref_short,delay1,ref,decay,point,0.0,0.0,0.0,False,ref,IS,10,6257.0,3057.4,2876.6,267.1,0.45974108997922325,0.059116310640104176,0.8088221192264664,0.04494166533482499,0.14623621543870863,0.7794999999999999,1.0553999999999997,0.35706031564490787,74.91019397913875,501172.6149490836,239371.66033979383,2.904041441041989,2.5972679231888103,3.21811358573069,14549.702046433678,12736.060396048104,16467.825132732014,16646.669881630052,-2096.967835196371,103.0,141.25924316925904,24.429191417846198,-61.85107596943426,-61.851075969434206,536.880030471608,4.0,4.0,7265.237762781883,21795.71328834565,67.2344425619676,238.2579760691085,-0.29020452198746666,0.3789746126939351,120259.50132741834,6.155162203190126,1.0250703696017833,0.14303626077408252
"COUNTERFACTUAL - assumed: licensed live feed + courtside camera, not purchased; parameters from our measurements",own120,3.142,1.0,3,0.95,100.0,1000.0,0.005,region,D>=3c,cap1,ref_short,delay1,ref,decay,point,0.0,0.0,0.0,False,ref,burned_OOS,10,2402.0,1148.8,1081.0,102.8,0.45004163197335556,0.05901930441043429,0.8017485428809324,0.047127393838467944,0.15112406328059952,0.7529499999999999,1.0155499999999997,0.36409376248397335,74.88054262726179,189372.34841160322,90048.70586053154,2.8460827251018435,2.3616061563498785,3.3644164371510556,5386.1411024601775,4334.208333441986,6505.427871267296,6167.212498250547,-781.0713957903693,40.0,134.6535275615044,24.55450097865085,-31.05632951407158,-29.806126682536984,414.07331619561467,3.0,3.0,3526.757713266954,10580.273139800864,50.97252465621297,465.1242874879434,-0.29299097587754036,0.36904781102312406,113865.29298834855,6.9915041675087055,3.1460521041095117,0.1671837263424824
"COUNTERFACTUAL - assumed: licensed live feed + courtside camera, not purchased; parameters from our measurements",own120,3.142,1.0,3,0.95,1000.0,1000.0,0.005,region,D>=3c,cap1,ref_short,delay1,ref,decay,point,0.0,0.0,0.0,False,ref,IS,10,6257.0,3868.4,3638.2,267.1,0.5814607639443823,0.05949987046060532,0.8088221192264664,0.04494166533482499,0.14623621543870863,0.7794999999999999,1.0507499999999999,0.22855535970813726,279.3558720180596,3193897.7641561525,1499529.3396852976,2.939750775783405,2.4997896739403784,3.3846850324877673,93898.84965626433,78092.3000932344,110685.98597258567,106240.0793699747,-12341.229713710363,103.0,911.6393170511101,19.10434410142153,-763.1754837342603,-730.8566475059793,4063.6826341149267,4.0,4.0,45702.959706613845,137108.87911984156,68.9306523252455,244.26881649237484,-0.5653778572878932,0.3799141360770065,120259.50132741834,51.67657158871218,1.297234723572738,0.15827706471482283
"COUNTERFACTUAL - assumed: licensed live feed + courtside camera, not purchased; parameters from our measurements",own120,3.142,1.0,3,0.95,1000.0,1000.0,0.005,region,D>=3c,cap1,ref_short,delay1,ref,decay,point,0.0,0.0,0.0,False,ref,burned_OOS,10,2402.0,1462.9,1376.4,102.8,0.5730224812656121,0.05914849224319245,0.8017485428809324,0.047127393838467944,0.15112406328059952,0.7529499999999999,1.0272999999999999,0.23456820702569803,277.2600913885036,1206103.0359530917,563312.4920071681,2.818587995111114,2.150914683685224,3.496866812730225,33980.45795026176,25000.386416119833,43207.84029401223,37987.31310586286,-4006.8551556010943,40.0,849.511448756544,19.398861607775906,-784.7419273710659,-642.0971529525411,2856.844484559452,3.0,3.0,22693.28054758015,68079.84164274044,50.02549643697184,456.4826549873681,-1.179936785515462,0.3687830159526664,113865.29298834855,62.4449992522298,2.649108684044156,0.1997185297256041
"COUNTERFACTUAL - assumed: licensed live feed + courtside camera, not purchased; parameters from our measurements",own120,3.142,1.0,3,0.99,100.0,1000.0,0.005,region,D>=3c,cap1,ref_short,delay1,ref,decay,point,0.0,0.0,0.0,False,ref,IS,10,6257.0,3053.9,2981.0,267.1,0.47642640242927925,0.023867691712540794,0.8088221192264664,0.04494166533482499,0.14623621543870863,0.7794999999999999,1.0665499999999999,0.3557873782609834,74.614196191467,500392.9681050469,238202.30727699483,3.204399505507349,2.8922740004463483,3.5311629424666067,16031.138205249106,14117.865244677218,18086.60740899772,17062.624765148277,-1031.486559899168,103.0,155.6421184975642,25.520032574147706,-53.87532457990947,-53.87532457990964,562.2798982240143,4.0,4.0,7195.2321802912875,21585.69654087386,74.56775467144756,264.2449558745472,-0.2534373413287201,0.3785217949566212,124098.75297260827,4.80135078261036,0.8596703060527009,0.11193760658260969
"COUNTERFACTUAL - assumed: licensed live feed + courtside camera, not purchased; parameters from our measurements",own120,3.142,1.0,3,0.99,100.0,1000.0,0.005,region,D>=3c,cap1,ref_short,delay1,ref,decay,point,0.0,0.0,0.0,False,ref,burned_OOS,10,2402.0,1141.2,1115.2,102.7,0.4642797668609492,0.022799085381308315,0.8017485428809324,0.047127393838467944,0.15112406328059952,0.7529499999999999,1.02565,0.3648634082095311,74.28334379559134,187781.23564574926,88862.08281367672,3.169322199879003,2.686371609702783,3.686091350248373,5951.535797130161,4870.415261967164,7107.2249407438985,6426.122494651007,-474.58669752084563,40.0,148.78839492825404,25.48413710733002,-21.75472916308977,-19.213080971092918,451.31098979819234,3.0,3.0,3432.839064139053,10298.517192417157,57.90105874063998,528.3471610083399,-0.21196117734654046,0.3682345470831326,117691.10049012862,6.461647278196376,2.03016733872675,0.12026608696015031
"COUNTERFACTUAL - assumed: licensed live feed + courtside camera, not purchased; parameters from our measurements",own120,3.142,1.0,3,0.99,1000.0,1000.0,0.005,region,D>=3c,cap1,ref_short,delay1,ref,decay,point,0.0,0.0,0.0,False,ref,IS,10,6257.0,3863.0,3770.7,267.1,0.6026370465079111,0.023894027378294068,0.8088221192264664,0.04494166533482499,0.14623621543870863,0.7794999999999999,1.0635999999999999,0.2268728023801204,278.52557529899485,3194073.366949504,1495047.9264820605,3.2297923163748847,2.790257866923522,3.683039261484848,103158.39751109754,87006.26361502029,120329.38663895591,109315.2135961052,-6156.816085007655,103.0,1001.5378399135685,20.49004779037196,-751.792640757966,-676.4324466062628,4352.871737406239,4.0,4.0,44714.77262839126,134144.31788517378,77.34826088578876,274.09820605158154,-0.5703122502112425,0.3801656777992076,124098.75297260827,48.169352183151844,1.3310769934670668,0.15276967465812097
"COUNTERFACTUAL - assumed: licensed live feed + courtside camera, not purchased; parameters from our measurements",own120,3.142,1.0,3,0.99,1000.0,1000.0,0.005,region,D>=3c,cap1,ref_short,delay1,ref,decay,point,0.0,0.0,0.0,False,ref,burned_OOS,10,2402.0,1452.5,1420.7,102.7,0.5914654454621149,0.021910970161109333,0.8017485428809324,0.047127393838467944,0.15112406328059952,0.7529499999999999,1.03785,0.23522729973788353,278.02657622482343,1201158.8470104614,558892.9878673579,3.15665366094323,2.4674258356138044,3.866523572371684,37918.26862112598,28597.906355247495,47606.60478924077,40470.08525711333,-2551.8166359873444,40.0,947.9567155281496,20.710604249813297,-696.3886664560304,-555.8566420325827,3019.1920409376776,3.0,3.0,22359.046823335004,67077.14047000502,56.836240973922585,518.6306988870435,-1.071443625473199,0.3703249865411412,117691.10049012862,58.74919363370868,2.623010138540114,0.15277403311577645
"COUNTERFACTUAL - assumed: licensed live feed + courtside camera, not purchased; parameters from our measurements",own120,3.142,1.0,10,0.95,100.0,1000.0,0.005,region,D>=3c,cap1,ref_short,delay1,ref,decay,point,0.0,0.0,0.0,False,ref,IS,10,20795.0,10128.5,9547.6,887.7,0.4591295984611685,0.05734965663244519,0.8091704736715556,0.04572733830247656,0.1451021880259678,0.7842,1.0448499999999998,0.3593366030504638,71.87082595669933,1615119.2633940033,769113.0894874317,2.969572531607473,2.80322500091665,3.1389336746852874,47959.096206498,44518.21961140372,51457.61781872934,52927.183193569224,-4968.086987071225,103.0,465.6222932669708,40.25857484341125,-14.859167993018492,18.31625385482646,1253.1863713228643,4.0,4.0,10723.571548679567,32170.714646038698,149.45378198119633,529.6177710984142,-0.04352416606314401,0.34749912368156777,357154.59261174884,10.857955031233427,1.1117340061493048,0.07433577020329225
"COUNTERFACTUAL - assumed: licensed live feed + courtside camera, not purchased; parameters from our measurements",own120,3.142,1.0,10,0.95,100.0,1000.0,0.005,region,D>=3c,cap1,ref_short,delay1,ref,decay,point,0.0,0.0,0.0,False,ref,burned_OOS,10,7093.0,3460.5,3258.4,335.8,0.459382489778655,0.05839399037722683,0.8027068941209643,0.04983786832087973,0.14745523755815595,0.7540999999999999,0.9969999999999999,0.35684700788445844,73.54516777006643,561077.1122198554,268155.4749206148,2.6684629001444344,2.391388499824193,2.9632392378516985,14969.478172137478,13105.369220270422,16916.850914992836,16684.80274376383,-1715.3245716263518,40.0,374.2369543034369,40.65728743651777,-4.443258093516988,30.64554762441249,825.885853735788,3.0,3.0,8321.520732816763,24964.562198450294,60.172638753553805,549.0753286261785,-0.0170193865037457,0.356077213386738,317765.1791684668,9.562796952550366,3.7056128484383963,0.07828161328250755
"COUNTERFACTUAL - assumed: licensed live feed + courtside camera, not purchased; parameters from our measurements",own120,3.142,1.0,10,0.95,1000.0,1000.0,0.005,region,D>=3c,cap1,ref_short,delay1,ref,decay,point,0.0,0.0,0.0,False,ref,IS,10,20795.0,12908.9,12153.1,887.7,0.5844241404183698,0.058547014447167554,0.8091704736715556,0.04572733830247656,0.1451021880259678,0.7842,1.0457999999999998,0.22723773030679045,252.18893154407388,10067758.328344991,4711197.694718199,3.0221039826602514,2.7826280964574037,3.265962440536147,304268.83062576456,274969.7789518236,333602.0777042229,336362.2637555069,-32093.433129742283,103.0,2954.066316754996,31.34503231232061,-683.4750516159023,-651.1661091959248,9037.900699122689,4.0,4.0,66074.71199547307,198224.13598641922,153.89774950617735,545.365811356842,-0.3484110635849057,0.3468197437503034,357154.59261174884,82.93873913693899,1.1531560584374736,0.07827622559250406
"COUNTERFACTUAL - assumed: licensed live feed + courtside camera, not purchased; parameters from our measurements",own120,3.142,1.0,10,0.95,1000.0,1000.0,0.005,region,D>=3c,cap1,ref_short,delay1,ref,decay,point,0.0,0.0,0.0,False,ref,burned_OOS,10,7093.0,4402.4,4142.6,335.8,0.5840406034118144,0.0590053396206211,0.8027068941209643,0.04983786832087973,0.14745523755815595,0.7540999999999999,1.0045499999999998,0.22544683884233013,261.7238210511883,3513397.4412653884,1648285.8871641275,2.605008381002023,2.2295442130870233,3.0056973333166885,91502.52470574432,75960.46273554498,108051.827872614,99941.4753364686,-8438.950630724303,40.0,2287.5631176436077,31.684337499517788,-492.3244232872956,-443.96122217746733,5895.286394920366,3.0,3.0,53549.089401421996,160647.26820426603,57.16675431153088,521.6466330927193,-0.3070299212411657,0.3550560107550048,317765.1791684668,135.93203439435825,4.967776666096828,0.16005312869761235
"COUNTERFACTUAL - assumed: licensed live feed + courtside camera, not purchased; parameters from our measurements",own120,3.142,1.0,10,0.99,100.0,1000.0,0.005,region,D>=3c,cap1,ref_short,delay1,ref,decay,point,0.0,0.0,0.0,False,ref,IS,10,20795.0,10114.8,9883.3,887.4,0.4752729021399375,0.022889945220810524,0.8091704736715556,0.04572733830247656,0.1451021880259678,0.7842,1.0564500000000001,0.3582428144198991,71.71610019237069,1613729.9286576048,765959.0265690143,3.259378221375853,3.0951598136580225,3.433809846012802,52594.82791352514,49030.228299694565,56212.84887041107,54569.336104851005,-1974.5081913258641,103.0,510.62939721869077,41.68576223765256,-0.25895606382400727,51.675295988161714,1386.8247762670092,4.0,4.0,10808.954008702993,32426.86202610898,162.63872575146235,576.3411155270267,-0.0008390646642048047,0.34684585477618884,368732.6571742707,8.6875996932255,0.9346872309151848,0.06030174697211611
"COUNTERFACTUAL - assumed: licensed live feed + courtside camera, not purchased; parameters from our measurements",own120,3.142,1.0,10,0.99,100.0,1000.0,0.005,region,D>=3c,cap1,ref_short,delay1,ref,decay,point,0.0,0.0,0.0,False,ref,burned_OOS,10,7093.0,3446.7,3370.3,335.3,0.4751586070774002,0.022172496530352814,0.8027068941209643,0.04983786832087973,0.14745523755815595,0.7540999999999999,1.00975,0.35622652923221315,73.1417183899024,559162.7347343799,266244.0884329403,2.982838733528318,2.702441546575641,3.2727110237926076,16676.660146696704,14752.267962256941,18671.575185068417,17466.025101485593,-789.3649547888851,40.0,416.9165036674177,43.41820409331804,-5.208233233975352,58.60129361932388,903.1416512466291,3.0,3.0,8493.78316424471,25481.34949273413,65.79484785898701,600.3779867132565,-0.01903257555516695,0.35623585332374097,328564.90009443706,7.21037054087594,2.252943232604834,0.06161857228228762
"COUNTERFACTUAL - assumed: licensed live feed + courtside camera, not purchased; parameters from our measurements",own120,3.142,1.0,10,0.99,1000.0,1000.0,0.005,region,D>=3c,cap1,ref_short,delay1,ref,decay,point,0.0,0.0,0.0,False,ref,IS,10,20795.0,12882.4,12579.5,887.4,0.6049290694878577,0.023514871638793,0.8091704736715556,0.04572733830247656,0.1451021880259678,0.7842,1.0565499999999999,0.2258717410684213,251.55874535336778,10054276.196679972,4691580.3301765965,3.3219781099641423,3.086701802911997,3.5648400439866252,334020.88941550127,303904.8496880216,364256.2609716804,347064.3941592455,-13043.50474374422,103.0,3242.921256461177,33.12629331814993,-500.07141498657,-414.1359488622187,9919.57012735458,4.0,4.0,66160.16336325045,198480.49008975137,168.56299465276987,597.334883963699,-0.2526537220257007,0.3466831452723803,368732.6571742707,76.19577411199757,1.1747535066271613,0.06628682063488783
"COUNTERFACTUAL - assumed: licensed live feed + courtside camera, not purchased; parameters from our measurements",own120,3.142,1.0,10,0.99,1000.0,1000.0,0.005,region,D>=3c,cap1,ref_short,delay1,ref,decay,point,0.0,0.0,0.0,False,ref,burned_OOS,10,7093.0,4383.2,4284.6,335.3,0.6040603411814465,0.022499057464206072,0.8027068941209643,0.04983786832087973,0.14745523755815595,0.7540999999999999,1.02125,0.22472869326955278,262.5556374069848,3513222.360186988,1643789.2895655413,2.9184007373069836,2.5256157018610916,3.3196646206005354,102504.56725061314,86316.777556235,119308.69583226755,106746.91211904332,-4242.344868430174,40.0,2562.6141812653286,34.334343534554385,-297.0915294291379,-148.6100442919527,6306.208699902328,3.0,3.0,55015.72468410196,165047.1740523059,62.41630603013812,569.5487925250103,-0.18124927128778104,0.3566527981443762,328564.90009443706,148.9956628583862,4.795244329752062,0.17727196641253112
"COUNTERFACTUAL - assumed: licensed live feed + courtside camera, not purchased; parameters from our measurements",own120,3.142,1.0,30,0.95,100.0,1000.0,0.005,region,D>=3c,cap1,ref_short,delay1,ref,decay,point,0.0,0.0,0.0,False,ref,IS,10,54704.0,27389.3,25801.8,2499.7,0.47166203568294823,0.057961720189047994,0.809701301550161,0.045824802573852005,0.14447389587598716,0.7865999999999999,1.0513499999999998,0.3467622909206286,66.53183519005809,4109879.155823592,1959222.489987813,2.9016422479730473,2.7940225575240087,3.009129312691558,119255.3722082498,113619.57746614849,124977.6472080264,131033.33637916509,-11777.964170915238,103.0,1157.8191476529107,49.756577954282804,-2.1063199635318597,62.828235631404745,2367.423543923491,4.0,4.0,19434.38310717093,58303.149321512785,205.1028043669387,726.8206174168217,-0.0033088885881389753,0.29561577648499016,765334.0115726155,13.155486043231415,1.2202407395581412,0.02773510046738858
"COUNTERFACTUAL - assumed: licensed live feed + courtside camera, not purchased; parameters from our measurements",own120,3.142,1.0,30,0.95,100.0,1000.0,0.005,region,D>=3c,cap1,ref_short,delay1,ref,decay,point,0.0,0.0,0.0,False,ref,burned_OOS,10,17384.0,8613.5,8110.5,975.9,0.46654970087436726,0.058389281962985914,0.8026633686148182,0.049666359871145885,0.1476702715140359,0.7551999999999998,1.0085,0.3492294915861257,68.32465002965041,1327397.1171582227,634660.4639541737,2.772571955321368,2.5751746140255873,2.979389461967096,36795.624000712865,33694.06726239137,40023.93192533667,40714.257163552094,-3918.633162839219,40.0,919.8906000178218,57.97471477165493,0.0,284.1034354736785,1583.2956849197965,3.0,3.0,14014.615705293181,42043.847115879544,87.7521676249182,800.7385295773786,0.0,0.31914498268116737,672740.7965730263,15.88946868167163,3.607635643385656,0.06717712245509411
"COUNTERFACTUAL - assumed: licensed live feed + courtside camera, not purchased; parameters from our measurements",own120,3.142,1.0,30,0.95,1000.0,1000.0,0.005,region,D>=3c,cap1,ref_short,delay1,ref,decay,point,0.0,0.0,0.0,False,ref,IS,10,54704.0,34891.2,32845.2,2499.7,0.6004167885346593,0.05864056396300552,0.809701301550161,0.045824802573852005,0.14447389587598716,0.7865999999999999,1.0506499999999999,0.21098537682758156,207.23736356784985,24389865.318764124,11406584.150467867,2.9365927993821384,2.7812621224677243,3.094475815572396,716213.7135662839,669377.4024618904,763963.111667933,789174.2813033066,-72960.56773702276,103.0,6953.53119967266,41.745223547785244,-65.46200625267811,166.52340985142578,15434.91253896796,4.0,4.0,109673.60712820475,329020.82138461433,218.3373644000173,773.7197864660808,-0.019593518487586586,0.2955990642295846,765334.0115726155,97.98352105416514,1.1532836279328613,0.0443284700440771
"COUNTERFACTUAL - assumed: licensed live feed + courtside camera, not purchased; parameters from our measurements",own120,3.142,1.0,30,0.95,1000.0,1000.0,0.005,region,D>=3c,cap1,ref_short,delay1,ref,decay,point,0.0,0.0,0.0,False,ref,burned_OOS,10,17384.0,10959.5,10318.5,975.9,0.5935630464795214,0.05848424804132589,0.8026633686148182,0.049666359871145885,0.1476702715140359,0.7551999999999998,1.0067999999999997,0.21536903771781332,231.12429544063076,8090827.639545852,3787786.2209507683,2.7262260440553923,2.4380140492723252,3.0170999085041625,220535.9614437634,194349.0669552213,248085.92917611738,242577.98592590113,-22042.024482137742,40.0,5513.399036094085,44.91912157036488,-244.0354877367252,794.8223095356873,11087.22697571397,3.0,3.0,82918.82441225287,248756.47323675864,88.82509046201686,810.528950465904,-0.09335767817032298,0.31919225502574056,672740.7965730263,192.2422262655021,6.607106368789614,0.10483170298196122
"COUNTERFACTUAL - assumed: licensed live feed + courtside camera, not purchased; parameters from our measurements",own120,3.142,1.0,30,0.99,100.0,1000.0,0.005,region,D>=3c,cap1,ref_short,delay1,ref,decay,point,0.0,0.0,0.0,False,ref,IS,10,54704.0,27321.2,26685.7,2498.9,0.4878199034805498,0.02326237770182975,0.809701301550161,0.045824802573852005,0.14447389587598716,0.7865999999999999,1.0591500000000003,0.34613240634998077,66.3115219321142,4103072.1556276223,1949781.3697361443,3.202924586852584,3.0927041744706694,3.3141377058037946,131417.23449390748,125481.55713953818,137278.18071741547,135680.69732962415,-4263.462835716664,103.0,1275.8954805233736,51.14559789241182,0.0,83.5195651257986,2556.8356973519535,4.0,4.0,19376.297945189555,58128.89383556867,226.3912932794655,802.2604082233486,0.0,0.2959715689239967,790602.6066997076,11.305996767483228,0.8423587496131554,0.027877717973703153
"COUNTERFACTUAL - assumed: licensed live feed + courtside camera, not purchased; parameters from our measurements",own120,3.142,1.0,30,0.99,100.0,1000.0,0.005,region,D>=3c,cap1,ref_short,delay1,ref,decay,point,0.0,0.0,0.0,False,ref,burned_OOS,10,17384.0,8574.9,8379.1,975.2,0.48200069028992176,0.022832962888358278,0.8026633686148182,0.049666359871145885,0.1476702715140359,0.7551999999999998,1.0219999999999998,0.3490533481892414,68.0956051644054,1321754.66761086,629874.927416319,3.081280156580519,2.881608284453432,3.2911624369542762,40720.78242051386,37553.491433863215,44104.93187664721,42227.81397938333,-1507.0315588694616,40.0,1018.0195605128465,61.631467563828565,0.0,373.98694077120575,1671.345705237416,3.0,3.0,13948.76580457158,41846.29741371474,97.46925808735251,889.4069800470918,0.0,0.3195846963691899,694881.0920493292,11.769725953535833,3.835686294653923,0.055493241498842126
"COUNTERFACTUAL - assumed: licensed live feed + courtside camera, not purchased; parameters from our measurements",own120,3.142,1.0,30,0.99,1000.0,1000.0,0.005,region,D>=3c,cap1,ref_short,delay1,ref,decay,point,0.0,0.0,0.0,False,ref,IS,10,54704.0,34764.6,33945.6,2498.9,0.620532319391635,0.023559529367919253,0.809701301550161,0.045824802573852005,0.14447389587598716,0.7865999999999999,1.0619999999999998,0.21061850097838328,207.30815754715846,24340920.827237584,11352111.23761856,3.2596599510787017,3.101156900819955,3.418058345992416,793400.084721276,744733.2862514524,842729.4339153081,819286.064835408,-25885.98011413229,103.0,7702.913443895884,43.54296750817694,-16.562364483252168,284.7339829811575,16696.811413644136,4.0,4.0,108329.23463251526,324987.70389754587,244.81335308390308,867.5424648118897,-0.0047075618454607854,0.2959197473495311,790602.6066997076,80.36318996655459,1.453909244467181,0.04211658323668214
"COUNTERFACTUAL - assumed: licensed live feed + courtside camera, not purchased; parameters from our measurements",own120,3.142,1.0,30,0.99,1000.0,1000.0,0.005,region,D>=3c,cap1,ref_short,delay1,ref,decay,point,0.0,0.0,0.0,False,ref,burned_OOS,10,17384.0,10908.1,10658.3,975.2,0.6131097560975609,0.022899567657049313,0.8026633686148182,0.049666359871145885,0.1476702715140359,0.7551999999999998,1.02205,0.2152468533573982,231.43006962862432,8071565.179760608,3769098.355486083,3.03898304920722,2.7510141424137418,3.3397004245997786,245264.6435826184,218362.00515990666,273989.4389585558,255418.3721400958,-10153.728557477458,40.0,6131.616089565459,48.65267185024281,-179.994515354951,1178.0975675301497,11412.70517958664,3.0,3.0,82968.59912860511,248905.7973858153,98.70682710740695,900.6997973550885,-0.06988137291295184,0.3202433261318566,694881.0920493292,175.7184318275214,6.967006839742591,0.09437729585588386
"COUNTERFACTUAL - assumed: licensed live feed + courtside camera, not purchased; parameters from our measurements",own120_pess,1.0,0.25,3,0.95,100.0,1000.0,0.005,region,D>=3c,cap1,ref_short,delay1,ref,decay,point,0.0,0.0,0.0,False,ref,IS,10,6257.0,975.2,722.1,244.3,0.11540674444622023,0.2594993684927025,0.10506632571519899,0.07052900751158701,0.8244046667732139,-1.407,-0.011550000000000083,0.045452823872158696,25.03020040411704,82981.83692566073,39999.145805343855,1.0567228679046046,-0.43991923747973233,2.561910937206303,886.72925460029,-345.68558275746307,2109.245793250314,1332.1729259429521,-445.4436713426621,103.0,8.609021889323206,2.5477327779701855,-467.90487332321743,-166.53874945393514,189.84907331585194,3.1,4.0,1285.6474731224425,3856.942419367327,22.477297521346824,79.65255917758827,-12.874336137217483,0.12303775250946043,5356.239337960296,5.54896938328985,1.5676329648383174,0.6856624044290872
"COUNTERFACTUAL - assumed: licensed live feed + courtside camera, not purchased; parameters from our measurements",own120_pess,1.0,0.25,3,0.95,100.0,1000.0,0.005,region,D>=3c,cap1,ref_short,delay1,ref,decay,point,0.0,0.0,0.0,False,ref,burned_OOS,10,2402.0,377.8,283.4,90.5,0.117985012489592,0.2500923185086797,0.07114904246461282,0.1038301415487094,0.8250208159866776,-1.4227500000000002,-0.03530000000000013,0.04426793485708113,25.21232444561398,32207.784678127053,15508.314782719655,0.3088058156629123,-1.998501653724721,2.7216237860431134,100.68496987411434,-635.1357757742223,878.7694622087034,516.5235168146905,-415.8385469405762,40.0,2.5171242468528585,0.7920129703477314,-321.9041159219775,-144.37529815727737,202.3738970256991,1.7,3.0,869.670498729166,2609.011496187498,4.115878066580441,37.55738735754653,-12.616031479154456,0.11524529644723258,5562.388754714555,4.516143181873987,1.5773575126200297,0.5617061521899478
"COUNTERFACTUAL - assumed: licensed live feed + courtside camera, not purchased; parameters from our measurements",own120_pess,1.0,0.25,3,0.95,1000.0,1000.0,0.005,region,D>=3c,cap1,ref_short,delay1,ref,decay,point,0.0,0.0,0.0,False,ref,IS,10,6257.0,1164.8,863.7,244.3,0.13803739811411217,0.2583914263874821,0.10506632571519899,0.07052900751158701,0.8244046667732139,-1.407,-0.01150000000000011,0.021436920403329177,56.53195603992219,418372.23613565793,186805.38909917983,1.0316384167355843,-1.43231423790662,3.4972590997824016,4304.432067363033,-5844.827209961583,14788.776923746806,7403.260006441684,-3098.8279390786515,103.0,41.79060259575759,1.496570355498457,-4084.1713009329906,-1260.2109011756884,1511.7777348817565,2.5,4.0,6132.507002920373,18397.52100876112,21.79205531661912,77.22427369481532,-23.85294665360015,0.12211213803899372,5356.239337960296,48.16956235663598,1.6802826694441484,1.2434507849970289
"COUNTERFACTUAL - assumed: licensed live feed + courtside camera, not purchased; parameters from our measurements",own120_pess,1.0,0.25,3,0.95,1000.0,1000.0,0.005,region,D>=3c,cap1,ref_short,delay1,ref,decay,point,0.0,0.0,0.0,False,ref,burned_OOS,10,2402.0,444.2,330.8,90.5,0.13771856786011655,0.2555135923894537,0.07114904246461282,0.1038301415487094,0.8250208159866776,-1.4227500000000002,-0.03390000000000011,0.02334446740276434,55.241450902496716,161231.4980299471,71939.00879558074,0.7515104368191713,-3.2558584352220783,4.79406480876329,1127.3591545706827,-5154.751467648546,7719.683902914189,3244.561146240756,-2117.201991670073,40.0,28.18397886426707,1.0431957045948448,-2560.5539762412955,-1005.7630137465281,1572.8756562729454,1.8,3.0,4354.157118358462,13062.471355075384,9.334606203303686,85.17828160514611,-20.127281533362908,0.11914351111488859,5562.388754714555,54.93323277175273,1.961199162447314,1.3458107765719398
"COUNTERFACTUAL - assumed: licensed live feed + courtside camera, not purchased; parameters from our measurements",own120_pess,1.0,0.25,3,0.99,100.0,1000.0,0.005,region,D>=3c,cap1,ref_short,delay1,ref,decay,point,0.0,0.0,0.0,False,ref,IS,10,6257.0,872.7,782.9,239.9,0.12512386127537162,0.10276437884257543,0.10506632571519899,0.07052900751158701,0.8244046667732139,-1.407,0.007549999999999946,0.03984884904642781,21.67370488742768,66531.80637785993,32452.928821285226,1.9424877994584666,0.17251475297723398,3.7588963587666187,1304.2939092096133,131.1890533907694,2505.2540415282515,1411.0205340269029,-106.72662481728953,103.0,12.663047662229255,4.02818719196729,-404.5809644315933,-135.94399589877253,172.87195338115254,3.4,4.0,979.866894537432,2939.6006836122956,45.32296665977263,160.6105129205535,-14.019680877797843,0.0880176756343678,5486.8324890560925,7.581423140242222,2.449124274928163,1.1665290584571408
"COUNTERFACTUAL - assumed: licensed live feed + courtside camera, not purchased; parameters from our measurements",own120_pess,1.0,0.25,3,0.99,100.0,1000.0,0.005,region,D>=3c,cap1,ref_short,delay1,ref,decay,point,0.0,0.0,0.0,False,ref,burned_OOS,10,2402.0,337.6,303.0,88.4,0.12614487926727727,0.10255528925479993,0.07114904246461282,0.1038301415487094,0.8250208159866776,-1.4227500000000002,-0.01935000000000009,0.04024292285379866,19.964112824767035,25289.176174110016,12264.51963563393,0.8136381447209755,-2.117071431887211,3.812812580569826,201.56738628415494,-526.6540756594546,942.0580003386001,441.8937056826313,-240.32631939847633,40.0,5.039184657103875,1.5250875979031138,-345.2538871622471,-145.6636352330163,171.5852964284082,1.6,3.0,721.394097257909,2164.1822917737272,10.191683272091852,92.99910985783815,-16.176647454771558,0.08735616525553849,5722.552111805709,7.270493473222907,2.1660418706235838,1.2014710132581294
"COUNTERFACTUAL - assumed: licensed live feed + courtside camera, not purchased; parameters from our measurements",own120_pess,1.0,0.25,3,0.99,1000.0,1000.0,0.005,region,D>=3c,cap1,ref_short,delay1,ref,decay,point,0.0,0.0,0.0,False,ref,IS,10,6257.0,1037.3,930.4,239.9,0.1486974588460924,0.10300789258579898,0.10506632571519899,0.07052900751158701,0.8244046667732139,-1.407,0.007699999999999952,0.015809087297933486,34.382707012876565,308386.8168573368,139977.27850294832,2.1207548839776638,-0.8780404663107422,5.158223868382082,6560.085221139353,-2673.3549057614705,16008.68100039948,7178.00884368408,-617.9236225447263,103.0,63.69014777805198,2.5498592027215263,-3769.917029701561,-1016.5445093647373,1463.0790578764277,3.3,4.0,4623.419350053831,13870.258050161496,44.694267308387765,158.38259774331587,-28.884824843717972,0.08771605614750158,5486.8324890560925,56.88066710511519,2.2170300545894066,1.9654664808587063
"COUNTERFACTUAL - assumed: licensed live feed + courtside camera, not purchased; parameters from our measurements",own120_pess,1.0,0.25,3,0.99,1000.0,1000.0,0.005,region,D>=3c,cap1,ref_short,delay1,ref,decay,point,0.0,0.0,0.0,False,ref,burned_OOS,10,2402.0,395.6,354.2,88.4,0.14746044962531224,0.10486531780434863,0.07114904246461282,0.1038301415487094,0.8250208159866776,-1.4227500000000002,-0.019300000000000105,0.018510085905895333,34.66771714328995,119559.28665002396,54040.69236039097,1.6993599828304848,-3.470452924231425,6.762847060854033,1934.669188006764,-4197.6642431405435,8053.723518152852,3494.570907777585,-1559.9017197708213,40.0,48.36672970016909,1.8203164766190472,-2309.21448068344,-1033.343154945826,1402.520802051567,1.7,3.0,3360.6018061778377,10081.805418533511,23.109587218863453,210.874983372129,-23.780672162524787,0.08961071251209844,5722.552111805709,57.51219272074321,2.21611800435676,2.0456142374196546
"COUNTERFACTUAL - assumed: licensed live feed + courtside camera, not purchased; parameters from our measurements",own120_pess,1.0,0.25,10,0.95,100.0,1000.0,0.005,region,D>=3c,cap1,ref_short,delay1,ref,decay,point,0.0,0.0,0.0,False,ref,IS,10,20795.0,3266.1,2428.3,795.1,0.11677326280355856,0.25654900199222036,0.10704015388314499,0.06932916566482326,0.8236306804520318,-1.4044000000000003,-0.011700000000000066,0.0448044719053503,23.621428820561132,266486.90852816915,127305.37605518149,1.050634759557503,0.18301978851772535,1.8909422825755189,2807.153870704329,503.06329886865035,5014.811451008831,4065.880363890604,-1258.726493186275,103.0,27.253921074799308,4.375442355356143,-667.4734242104879,-297.3962594042748,342.1212575439209,3.3,4.0,2045.0354140699906,6135.106242209973,48.04918627563033,170.27138825830164,-10.971536072432126,0.11062837778116856,16020.868943926922,10.663976482616306,1.7423213912103288,0.40099249957245237
"COUNTERFACTUAL - assumed: licensed live feed + courtside camera, not purchased; parameters from our measurements",own120_pess,1.0,0.25,10,0.95,100.0,1000.0,0.005,region,D>=3c,cap1,ref_short,delay1,ref,decay,point,0.0,0.0,0.0,False,ref,burned_OOS,10,7093.0,1102.8,815.7,287.6,0.115000704920344,0.26029268782134124,0.06695333427322711,0.10517411532496827,0.8278725504018046,-1.4307000000000003,-0.06940000000000013,0.043482940159564665,24.47061653561518,91208.59407941253,44006.30581567575,0.1986913641679205,-1.2531822528389718,1.6853973262203126,193.73060594397413,-1119.1742304360791,1537.6204101965661,603.6102311595482,-409.87962521557404,40.0,4.843265148599353,0.9246344763367158,-632.6830569673743,-251.61543205110834,253.33382236642433,1.8,3.0,1517.2991315408983,4551.897394622695,4.381827964715266,39.984180178026804,-13.834492868329301,0.11648409290724984,14237.282378144306,12.992667570239131,2.1871112406737487,0.5544031393954421
"COUNTERFACTUAL - assumed: licensed live feed + courtside camera, not purchased; parameters from our measurements",own120_pess,1.0,0.25,10,0.95,1000.0,1000.0,0.005,region,D>=3c,cap1,ref_short,delay1,ref,decay,point,0.0,0.0,0.0,False,ref,IS,10,20795.0,3874.0,2885.0,795.1,0.1387352729021399,0.2553152829649187,0.10704015388314499,0.06932916566482326,0.8236306804520318,-1.4044000000000003,-0.010700000000000043,0.021522933066570122,46.83764458651306,1324346.7578261741,587913.6697379894,1.1238006615006866,-0.3030227664539107,2.506209449344472,14872.764666565015,-3971.6722365104615,33259.93593999307,19033.00423554045,-4160.239568975439,103.0,144.39577346179627,2.8667012048335567,-5447.515986294083,-2143.6811302588753,2808.1781306512544,3.2,4.0,9864.87954840397,29594.63864521191,49.574517069108865,175.67668670121103,-19.27990292478848,0.11097771312214928,16020.868943926922,90.93423653321331,1.797202787557266,0.6934225066961214
"COUNTERFACTUAL - assumed: licensed live feed + courtside camera, not purchased; parameters from our measurements",own120_pess,1.0,0.25,10,0.95,1000.0,1000.0,0.005,region,D>=3c,cap1,ref_short,delay1,ref,decay,point,0.0,0.0,0.0,False,ref,burned_OOS,10,7093.0,1296.1,957.1,287.6,0.1349358522486959,0.2614402566855081,0.06695333427322711,0.10517411532496827,0.8278725504018046,-1.4307000000000003,-0.06920000000000012,0.02234493842559468,53.38742114060487,451373.87538904126,200737.02983892424,0.148800969023511,-2.31180848024819,2.548578105791569,819.0142778981769,-10177.672681180466,11835.356695114286,3839.7496031573273,-3020.7353252591492,40.0,20.47535694745443,0.2954821442499428,-5557.583185932317,-1743.648263534747,2580.5487825242753,1.5,3.0,7787.057376854502,23361.172130563504,1.9005341502564186,17.342374121089836,-24.53345593164592,0.11771796580240383,14237.282378144306,129.23537669153814,2.767132784606088,1.1390052777280524
"COUNTERFACTUAL - assumed: licensed live feed + courtside camera, not purchased; parameters from our measurements",own120_pess,1.0,0.25,10,0.99,100.0,1000.0,0.005,region,D>=3c,cap1,ref_short,delay1,ref,decay,point,0.0,0.0,0.0,False,ref,IS,10,20795.0,2926.0,2625.4,777.2,0.12625150276508776,0.10269410043367681,0.10704015388314499,0.06932916566482326,0.8236306804520318,-1.4044000000000003,0.007799999999999941,0.03988245971410108,19.7028696076833,213389.42992767374,103333.89321492772,1.9062570790091609,0.8753599696037753,2.9218564966067726,4069.555643119927,1864.7775479305687,6238.583596851091,4445.721455745002,-376.16581262507486,103.0,39.51024896232939,6.627115533061124,-449.656478073821,-265.123869711446,342.89125286425406,4.0,4.0,1653.6969881347236,4961.09096440417,83.8220305579717,297.0392345015502,-9.07739502794865,0.0811811535706905,16526.111794877634,10.09864471506905,1.7806489983139533,0.48113615320224706
"COUNTERFACTUAL - assumed: licensed live feed + courtside camera, not purchased; parameters from our measurements",own120_pess,1.0,0.25,10,0.99,100.0,1000.0,0.005,region,D>=3c,cap1,ref_short,delay1,ref,decay,point,0.0,0.0,0.0,False,ref,burned_OOS,10,7093.0,987.9,884.6,279.5,0.12471450726067954,0.10456267566743571,0.06695333427322711,0.10517411532496827,0.8278725504018046,-1.4307000000000003,-0.02245000000000008,0.03790790551785609,19.239541738587395,72362.060397306,35567.88866853052,0.555037851941731,-1.1439767664953835,2.236928630230936,408.1674995521819,-813.0585065553042,1609.305912358968,726.1452059645142,-317.9777064123323,40.0,10.204187488804546,2.0793993903587524,-469.4917123048099,-239.27529283812547,233.60683079644667,2.1,3.0,1281.9404018071982,3845.8212054215946,10.983265450186824,100.22229723295476,-12.894406725504485,0.08701590033672399,14783.706060419523,12.32898439122929,2.752350825071729,0.6682388121969658
"COUNTERFACTUAL - assumed: licensed live feed + courtside camera, not purchased; parameters from our measurements",own120_pess,1.0,0.25,10,0.99,1000.0,1000.0,0.005,region,D>=3c,cap1,ref_short,delay1,ref,decay,point,0.0,0.0,0.0,False,ref,IS,10,20795.0,3453.6,3097.6,777.2,0.14895888434719884,0.10305410147292046,0.10704015388314499,0.06932916566482326,0.8236306804520318,-1.4044000000000003,0.007899999999999952,0.016717847813905035,27.914378723186296,978610.4410828429,443290.57079352794,2.036520660712654,0.2842909500879618,3.7437225486607213,19849.225735705808,2743.345865727689,36866.832534212605,20768.504727544474,-919.2789918386691,103.0,192.71092947287195,4.179125495235988,-4121.2680147291885,-1916.23765322675,2545.9609483692075,3.8,4.0,7377.619164357905,22132.857493073716,90.26253421606968,319.86237853267414,-18.763149178560887,0.0822054208899793,16526.111794877634,85.92453332571782,1.8603411401942154,0.9164139847667697
"COUNTERFACTUAL - assumed: licensed live feed + courtside camera, not purchased; parameters from our measurements",own120_pess,1.0,0.25,10,0.99,1000.0,1000.0,0.005,region,D>=3c,cap1,ref_short,delay1,ref,decay,point,0.0,0.0,0.0,False,ref,burned_OOS,10,7093.0,1151.7,1029.9,279.5,0.14519949245735228,0.10574676031489143,0.06695333427322711,0.10517411532496827,0.8278725504018046,-1.4307000000000003,-0.022000000000000085,0.017011888032437198,32.37401096937659,330986.750995726,150875.50154356487,0.4866859710258623,-2.504816833950531,3.4555426579120514,1772.0258101570525,-8114.214842399447,11528.296001222023,4396.600161356271,-2624.5743511992173,40.0,44.30064525392631,0.9399876817508602,-4708.787325035734,-1583.6214694448563,2079.8006751543594,1.7,3.0,5927.013955527489,17781.04186658246,10.249883658609988,93.53018838481613,-26.981781058703444,0.08766243794650555,14783.706060419523,128.4108350306161,3.134707276938358,1.5552805214400671
"COUNTERFACTUAL - assumed: licensed live feed + courtside camera, not purchased; parameters from our measurements",own120_pess,1.0,0.25,30,0.95,100.0,1000.0,0.005,region,D>=3c,cap1,ref_short,delay1,ref,decay,point,0.0,0.0,0.0,False,ref,IS,10,54704.0,8833.4,6552.5,2203.5,0.11978100321731502,0.25821712666672847,0.10712744954665106,0.06900592278443989,0.823866627668909,-1.4010000000000002,-0.012100000000000022,0.041644037374013336,19.884492473158666,662151.3941809201,314582.49023727345,1.0718389891535014,0.5320979241188796,1.6163350657073103,7094.512694635548,3536.1997653213703,10721.49327295076,9475.863207813747,-2381.350513178201,103.0,68.87876402558784,6.778032529875998,-770.734061417554,-440.26266173191505,597.1611606161721,3.6,4.0,3418.850879068474,10256.552637205421,70.61638665935047,250.24253524915457,-7.499039307826355,0.09644446195058302,33667.012630163365,20.635603863572918,2.0879402464436767,0.3211008842400441
"COUNTERFACTUAL - assumed: licensed live feed + courtside camera, not purchased; parameters from our measurements",own120_pess,1.0,0.25,30,0.95,100.0,1000.0,0.005,region,D>=3c,cap1,ref_short,delay1,ref,decay,point,0.0,0.0,0.0,False,ref,burned_OOS,10,17384.0,2770.2,2047.8,814.5,0.11779797514956283,0.2607637155976154,0.07640358950759318,0.09710078232857801,0.8264956281638287,-1.4284000000000001,-0.05555000000000014,0.040769053897348764,22.022408296967814,215822.12252734735,103237.68710400979,0.5527039845154149,-0.47982962322241074,1.5730058396945126,1204.7073566544955,-1006.4905818079964,3414.4971508909525,1996.6284041500007,-791.921047495505,40.0,30.117683916362388,3.1903971158534277,-975.7486529352225,-371.3294591951938,449.9192531816946,2.3,3.0,2412.770699675909,7238.312099027727,16.047668301454998,146.43497325077686,-14.343376653586336,0.10352642459062278,29016.278894793533,28.2396003564359,3.2549847107742327,0.5144418384845426
"COUNTERFACTUAL - assumed: licensed live feed + courtside camera, not purchased; parameters from our measurements",own120_pess,1.0,0.25,30,0.95,1000.0,1000.0,0.005,region,D>=3c,cap1,ref_short,delay1,ref,decay,point,0.0,0.0,0.0,False,ref,IS,10,54704.0,10383.0,7716.0,2203.5,0.14105001462415911,0.25686305960492467,0.10712744954665106,0.06900592278443989,0.823866627668909,-1.4010000000000002,-0.01200000000000001,0.019087876510003775,32.86546601211834,3156024.8700256418,1392506.0565894374,1.011296410234515,0.10725575072381108,1.9171415203470261,31862.80957697235,3245.5427133888566,60746.5945620439,43466.5365372363,-11603.726960263944,103.0,309.3476657958481,3.9320389269582963,-8109.582350711013,-3672.2287775899517,4187.677714625519,3.3,4.0,15976.318834153306,47928.95650245993,67.60816520682901,239.58233301449118,-16.86478716974272,0.09748059261774274,33667.012630163365,150.46882544517626,1.8019388582041846,0.49204226623466246
"COUNTERFACTUAL - assumed: licensed live feed + courtside camera, not purchased; parameters from our measurements",own120_pess,1.0,0.25,30,0.95,1000.0,1000.0,0.005,region,D>=3c,cap1,ref_short,delay1,ref,decay,point,0.0,0.0,0.0,False,ref,burned_OOS,10,17384.0,3251.2,2404.7,814.5,0.13832834790612056,0.26035844111177775,0.07640358950759318,0.09710078232857801,0.8264956281638287,-1.4284000000000001,-0.05170000000000015,0.018999795059100016,44.06022319352631,1050487.2875453536,462761.601727924,0.49592084554876126,-1.1912501190458493,2.158716822757543,5434.735465377062,-12162.481055368618,23140.09813114706,9389.173627367662,-3954.4381619905994,40.0,135.8683866344265,1.5729826376953084,-9563.53958895741,-3165.8231037214186,3613.1897793294047,2.1,3.0,11347.044978197431,34041.1349345923,16.093732664648066,146.85531056491357,-29.482114085951487,0.10436297714244555,29016.278894793533,223.60387156212673,2.735585489792539,0.8445515803336576
"COUNTERFACTUAL - assumed: licensed live feed + courtside camera, not purchased; parameters from our measurements",own120_pess,1.0,0.25,30,0.99,100.0,1000.0,0.005,region,D>=3c,cap1,ref_short,delay1,ref,decay,point,0.0,0.0,0.0,False,ref,IS,10,54704.0,7895.5,7067.4,2147.6,0.12919347762503652,0.10487435220348931,0.10712744954665106,0.06900592278443989,0.823866627668909,-1.4010000000000002,0.007699999999999973,0.03688546122374722,16.406158065375422,525692.2312783373,253493.9030601135,1.8602012183773624,1.192560394623968,2.520645412104075,9779.645979800429,6276.187464539182,13283.139848986373,10651.774982370984,-872.1290025705541,103.0,94.9480192213634,9.80988345338447,-714.6517246901255,-378.8032685837578,583.6792386205169,4.0,4.0,2756.7087468883024,8270.126240664908,120.01732490666787,425.3041125333377,-8.740304916122366,0.07440830353712034,34831.6418107327,16.32593366177494,2.0879076902887235,0.3162965908062782
"COUNTERFACTUAL - assumed: licensed live feed + courtside camera, not purchased; parameters from our measurements",own120_pess,1.0,0.25,30,0.99,100.0,1000.0,0.005,region,D>=3c,cap1,ref_short,delay1,ref,decay,point,0.0,0.0,0.0,False,ref,burned_OOS,10,17384.0,2486.9,2224.1,788.1,0.12793948458352508,0.10567253867348998,0.07640358950759318,0.09710078232857801,0.8264956281638287,-1.4284000000000001,-0.018700000000000095,0.03531197469459303,17.580972556181546,171770.47274669464,83779.03992417167,1.057458957534993,-0.14827521543329,2.261607552342831,1820.6410912542888,-249.40808264747662,3901.0243412671625,2296.893216933371,-476.2521256790827,40.0,45.51602728135722,5.238513579907535,-660.3138994300423,-327.4283087833336,428.25125062532027,2.7,3.0,1885.0100679969032,5655.030203990711,32.607895344427995,297.54704501790536,-11.651837483240692,0.07884249455656864,30130.23676759153,20.054609347612573,2.734610484477732,0.4510624088454097
"COUNTERFACTUAL - assumed: licensed live feed + courtside camera, not purchased; parameters from our measurements",own120_pess,1.0,0.25,30,0.99,1000.0,1000.0,0.005,region,D>=3c,cap1,ref_short,delay1,ref,decay,point,0.0,0.0,0.0,False,ref,IS,10,54704.0,9197.6,8239.4,2147.6,0.15061787072243343,0.1041717798182374,0.10712744954665106,0.06900592278443989,0.823866627668909,-1.4010000000000002,0.007699999999999973,0.015024472882355039,22.17371576728727,2321132.8945773435,1048401.7589629069,1.9628737147249677,0.813957987950087,3.0878527034650975,45484.458210839046,18712.826881617155,71985.96886720342,49274.113428146455,-3789.6552173074147,103.0,441.5966816586315,6.33291893567422,-6203.015893835937,-2800.245772045624,3984.483930908754,3.7,4.0,12134.404491904726,36403.21347571418,127.6553840132332,452.37102101776816,-17.378552258774537,0.07551899382179574,34831.6418107327,132.55299261695336,2.030519767690955,0.5968894853379
"COUNTERFACTUAL - assumed: licensed live feed + courtside camera, not purchased; parameters from our measurements",own120_pess,1.0,0.25,30,0.99,1000.0,1000.0,0.005,region,D>=3c,cap1,ref_short,delay1,ref,decay,point,0.0,0.0,0.0,False,ref,burned_OOS,10,17384.0,2888.0,2583.9,788.1,0.1486366774045099,0.10530533746901805,0.07640358950759318,0.09710078232857801,0.8264956281638287,-1.4284000000000001,-0.018500000000000072,0.014196213343853292,26.37234378575608,770747.0801846159,348726.04373816855,0.9764703965299553,-1.119639385493909,3.04824407854029,7667.6570436189795,-8306.020161454417,23607.182979331206,11159.242513542824,-3491.585469923842,40.0,191.69142609047452,2.57969678389822,-6516.60137588619,-2551.824120394813,3551.6315074843355,2.2,3.0,8066.2138227711575,24198.64146831347,32.626255456882575,297.7145810440535,-27.19695915803435,0.07957130501246332,30130.23676759153,142.10670615932878,1.7291687215738756,0.7311234777107993
"COUNTERFACTUAL - assumed: licensed live feed + courtside camera, not purchased; parameters from our measurements",own120_pess,1.0,0.5,3,0.95,100.0,1000.0,0.005,region,D>=3c,cap1,ref_short,delay1,ref,decay,point,0.0,0.0,0.0,False,ref,IS,10,6257.0,945.2,699.9,244.3,0.11185871823557617,0.2594716317954343,0.10506632571519899,0.07052900751158701,0.8244046667732139,-1.407,-0.012000000000000089,0.049216045285379026,35.54305834972577,92594.95978006942,44922.21245382063,1.117200376234317,-0.23828674773012928,2.48718541168324,1044.2347119234255,-212.15527574853496,2288.942669934269,1518.656096600233,-474.4213846768075,103.0,10.138201086635197,2.949743800781041,-446.5158265953648,-173.21204653353607,195.21705895195475,3.2,4.0,1411.1288519746588,4233.386555923977,24.487713214036102,86.7768477973124,-11.009356971031458,0.15037974746539703,10712.478675920593,5.706380994006113,1.5862178056406495,0.6279363738696924
"COUNTERFACTUAL - assumed: licensed live feed + courtside camera, not purchased; parameters from our measurements",own120_pess,1.0,0.5,3,0.95,100.0,1000.0,0.005,region,D>=3c,cap1,ref_short,delay1,ref,decay,point,0.0,0.0,0.0,False,ref,burned_OOS,10,2402.0,365.6,273.6,90.5,0.11390507910074939,0.251902135075449,0.07114904246461282,0.1038301415487094,0.8250208159866776,-1.4227500000000002,-0.03655000000000014,0.04859480860998992,34.09014402765036,36007.564262054264,17458.512413136803,0.3243593334005744,-1.8317661914523111,2.5637167333506796,122.68813974643854,-646.1759229372884,930.763228867981,503.74466669695386,-381.05652695051543,40.0,3.0672034936609633,0.8246651435006388,-351.8676613356939,-154.19401755740515,205.6509079889285,1.3,3.0,983.6347943997855,2950.9043831993563,4.079418177397152,37.22469086874901,-12.304661136869164,0.1411001054278534,11124.77750942911,5.589771811348252,1.516963705322289,0.601015706683231
"COUNTERFACTUAL - assumed: licensed live feed + courtside camera, not purchased; parameters from our measurements",own120_pess,1.0,0.5,3,0.95,1000.0,1000.0,0.005,region,D>=3c,cap1,ref_short,delay1,ref,decay,point,0.0,0.0,0.0,False,ref,IS,10,6257.0,1126.9,833.9,244.3,0.1332747322998242,0.25986454511533774,0.10506632571519899,0.07052900751158701,0.8244046667732139,-1.407,-0.012400000000000088,0.02649023442352112,80.73883938112185,503481.6393928809,230077.92599261194,1.3264923356792493,-0.8420781478797394,3.4908763237618046,6702.397881719856,-4050.7977922782256,17693.649329270553,9275.870824099296,-2573.47294237944,103.0,65.07182409436753,2.2042816998214314,-3858.91738622291,-1245.3985000756559,1674.4301554473477,3.0,4.0,7623.467304572812,22870.401913718433,27.440943178543968,97.24217728318976,-18.768059121158416,0.1488928884004358,10712.478675920593,47.531920850523115,1.5004176033314853,1.0215613671089259
"COUNTERFACTUAL - assumed: licensed live feed + courtside camera, not purchased; parameters from our measurements",own120_pess,1.0,0.5,3,0.95,1000.0,1000.0,0.005,region,D>=3c,cap1,ref_short,delay1,ref,decay,point,0.0,0.0,0.0,False,ref,burned_OOS,10,2402.0,430.3,321.4,90.5,0.1338051623646961,0.2532518233629918,0.07114904246461282,0.1038301415487094,0.8250208159866776,-1.4227500000000002,-0.034700000000000106,0.027494780390488992,85.0535627629063,194285.93364785993,88805.5402442561,0.7884242360557464,-2.717856778881679,4.328458271049877,1481.8799368538896,-5133.877656764832,8376.496089059934,3336.274898887236,-1854.3949620333467,40.0,37.046998421347254,1.3157001502581396,-2631.5313417062844,-1112.4296579267316,1743.7047347230794,1.5,3.0,5157.267510953958,15471.802532861877,10.293797231759928,93.93089973980932,-17.59521353540537,0.14365240655035297,11124.77750942911,56.2830154184269,2.1142399567480843,1.1673255630330712
"COUNTERFACTUAL - assumed: licensed live feed + courtside camera, not purchased; parameters from our measurements",own120_pess,1.0,0.5,3,0.99,100.0,1000.0,0.005,region,D>=3c,cap1,ref_short,delay1,ref,decay,point,0.0,0.0,0.0,False,ref,IS,10,6257.0,841.3,755.3,239.9,0.12071280166213841,0.10211366839537098,0.10506632571519899,0.07052900751158701,0.8244046667732139,-1.407,0.007449999999999945,0.044347132741285544,33.001603878919674,76598.69401762745,37590.29381519482,1.935580788540986,0.3811523074029928,3.5820113735283954,1497.2948102349658,297.47606699959437,2745.921968795196,1645.9246673163598,-148.62985708139445,103.0,14.536842817815202,4.514438966023851,-364.91437674303586,-140.33620703437595,178.11996869716194,3.4,4.0,1103.2894299181578,3309.8682897544736,45.7497738327006,162.1229849411235,-11.208121677017209,0.1215370615616643,10973.664978112185,7.680802768277133,2.458085919276349,1.018579752431147
"COUNTERFACTUAL - assumed: licensed live feed + courtside camera, not purchased; parameters from our measurements",own120_pess,1.0,0.5,3,0.99,100.0,1000.0,0.005,region,D>=3c,cap1,ref_short,delay1,ref,decay,point,0.0,0.0,0.0,False,ref,burned_OOS,10,2402.0,324.0,290.6,88.4,0.12098251457119066,0.1032153838354802,0.07114904246461282,0.1038301415487094,0.8250208159866776,-1.4227500000000002,-0.0192500000000001,0.04550724891149667,31.068074790358956,29164.12426573269,14252.9618522101,0.7235337956675709,-1.896903015834112,3.450966688895508,210.46410669943148,-546.713456371646,995.2722469260665,440.6840617742579,-230.21995507482634,40.0,5.261602667485788,1.4209920159288318,-368.3446018595064,-157.57403692002237,176.9200899324118,1.4,3.0,832.4964423337984,2497.4893270013954,9.333992736086891,85.17268371679287,-14.952867926235886,0.11742978276976382,11445.104223611417,7.627017435545697,1.9844703525242124,1.0552231994837942
"COUNTERFACTUAL - assumed: licensed live feed + courtside camera, not purchased; parameters from our measurements",own120_pess,1.0,0.5,3,0.99,1000.0,1000.0,0.005,region,D>=3c,cap1,ref_short,delay1,ref,decay,point,0.0,0.0,0.0,False,ref,IS,10,6257.0,992.2,889.9,239.9,0.1422247083266741,0.10302364557501417,0.10506632571519899,0.07052900751158701,0.8244046667732139,-1.407,0.007749999999999946,0.022409606098798968,59.11438611615748,397395.2825619866,184965.4957646594,2.23393486718637,-0.2894613057011536,4.857033689824773,8921.204072113322,-1075.4471544340936,19231.66951531516,9537.602205719282,-616.3981336059592,103.0,86.61363176809051,3.1170301941943728,-3503.199120304222,-1193.7179255504282,1651.5308850365022,3.3,4.0,6110.631022257953,18331.893066773857,47.40653865573427,167.994044750903,-20.337787227317992,0.12162763616758902,10973.664978112185,58.35171575648383,1.9830020092606557,1.5568029343127876
"COUNTERFACTUAL - assumed: licensed live feed + courtside camera, not purchased; parameters from our measurements",own120_pess,1.0,0.5,3,0.99,1000.0,1000.0,0.005,region,D>=3c,cap1,ref_short,delay1,ref,decay,point,0.0,0.0,0.0,False,ref,burned_OOS,10,2402.0,380.4,340.9,88.4,0.14192339716902583,0.10397206917387476,0.07114904246461282,0.1038301415487094,0.8250208159866776,-1.4227500000000002,-0.0191500000000001,0.02415608609041644,54.67183550312202,153450.6544893282,71255.73447015772,1.5681891285480312,-2.718369555025954,5.817741382410424,2369.1135720291936,-4119.389091782765,9046.779070463273,3715.202320285943,-1346.088748256749,40.0,59.22783930072984,2.0335642472933193,-2550.4335420460447,-1154.1858306639897,1508.098903242277,1.8,3.0,4295.515546596225,12886.546639788678,20.675387359962464,188.6629096596575,-19.881861977678835,0.11763896556614287,11445.104223611417,65.48641795906293,2.2723074649181716,1.7640458673029435
"COUNTERFACTUAL - assumed: licensed live feed + courtside camera, not purchased; parameters from our measurements",own120_pess,1.0,0.5,10,0.95,100.0,1000.0,0.005,region,D>=3c,cap1,ref_short,delay1,ref,decay,point,0.0,0.0,0.0,False,ref,IS,10,20795.0,3161.1,2348.0,795.1,0.11291175763404664,0.2572529631197065,0.10704015388314499,0.06932916566482326,0.8236306804520318,-1.4044000000000003,-0.011800000000000055,0.0488977523045075,32.88188137821816,298930.8659116419,143821.85208150864,1.1365839140680973,0.35670680129820925,1.8852666686012314,3405.999536244227,1066.3035439902328,5649.771578625111,4709.071775961703,-1303.0722397174757,103.0,33.06795666256532,5.174190692749679,-614.9838547336406,-313.17534772351354,356.43461064835293,3.6,4.0,2221.43322273267,6664.29966819801,53.10311004833763,188.1809239577013,-9.316036743533587,0.13609760574929436,32041.737887853844,10.831179341159967,1.8271416393598194,0.3624378566283657
"COUNTERFACTUAL - assumed: licensed live feed + courtside camera, not purchased; parameters from our measurements",own120_pess,1.0,0.5,10,0.95,100.0,1000.0,0.005,region,D>=3c,cap1,ref_short,delay1,ref,decay,point,0.0,0.0,0.0,False,ref,burned_OOS,10,7093.0,1071.7,792.3,287.6,0.11170167771041872,0.26066502250261997,0.06695333427322711,0.10517411532496827,0.8278725504018046,-1.4307000000000003,-0.06940000000000013,0.04698233292037321,32.55704757853829,101977.84884612552,49623.690196926334,0.15664880097344802,-1.1757928297041802,1.5311258394704157,173.89709432477792,-1184.0257883224972,1555.3940928017144,552.6519210048634,-378.75482668008567,40.0,4.3474273581194485,0.7768517117635435,-650.1756087626716,-264.74481493843837,253.62414066761193,1.7,3.0,1668.369496570735,5005.1084897122055,3.3933986802038723,30.96476295686034,-13.124672870943595,0.13659178441360584,28474.56475628861,13.68098280494043,2.1239383041646005,0.5260842945897661
"COUNTERFACTUAL - assumed: licensed live feed + courtside camera, not purchased; parameters from our measurements",own120_pess,1.0,0.5,10,0.95,1000.0,1000.0,0.005,region,D>=3c,cap1,ref_short,delay1,ref,decay,point,0.0,0.0,0.0,False,ref,IS,10,20795.0,3748.8,2788.0,795.1,0.13407069006972833,0.2563092836375905,0.10704015388314499,0.06932916566482326,0.8236306804520318,-1.4044000000000003,-0.011500000000000055,0.026467668202267536,63.38088799517855,1586604.9739259589,719240.813885399,1.378704925636185,0.12923331445452746,2.5818326710022803,21825.07494308317,1970.767467167936,40970.99374652511,25129.76493139118,-3304.689988308007,103.0,211.8939314862444,3.957066160865007,-5449.34328425563,-2353.8326085744948,2980.2585944052544,3.6,4.0,11853.006070857147,35559.01821257145,61.71461750606213,218.6974309680843,-15.905724560981486,0.13554077001121603,32041.737887853844,99.62039251830751,1.8118633059800757,0.6444585263649015
"COUNTERFACTUAL - assumed: licensed live feed + courtside camera, not purchased; parameters from our measurements",own120_pess,1.0,0.5,10,0.95,1000.0,1000.0,0.005,region,D>=3c,cap1,ref_short,delay1,ref,decay,point,0.0,0.0,0.0,False,ref,burned_OOS,10,7093.0,1261.4,932.8,287.6,0.1315099393768504,0.26037824955476385,0.06695333427322711,0.10517411532496827,0.8278725504018046,-1.4307000000000003,-0.06920000000000012,0.025978477440144265,73.77274651947678,545856.0957724323,249046.26432003017,0.2742540467037257,-1.8579257317180216,2.4034205402260422,1639.2797939165625,-9920.0286740804,13463.268654322383,4213.0509078323485,-2573.7711139157846,40.0,40.981994847914066,0.7449974947808274,-5248.168909748294,-1924.3237593009885,2481.870537734537,1.6,3.0,9361.36226106823,28084.086783204693,5.525975759177302,50.42452880249288,-18.9431673097808,0.13794138080807744,28474.56475628861,127.23794194556024,2.5360123632503853,0.9165088693729838
"COUNTERFACTUAL - assumed: licensed live feed + courtside camera, not purchased; parameters from our measurements",own120_pess,1.0,0.5,10,0.99,100.0,1000.0,0.005,region,D>=3c,cap1,ref_short,delay1,ref,decay,point,0.0,0.0,0.0,False,ref,IS,10,20795.0,2817.6,2528.0,777.2,0.12156768453955277,0.10273466047094852,0.10704015388314499,0.06932916566482326,0.8236306804520318,-1.4044000000000003,0.007699999999999929,0.04466068234956734,30.81951962769542,246946.23145909846,120326.11203009132,1.893815441132735,0.9781548822996505,2.786996288644656,4682.983711298099,2428.828169514845,6921.708756255559,5042.6436010724965,-359.6598897743985,103.0,45.46586127473881,7.377906808937217,-429.6919642705461,-266.1598592283731,359.4428468003258,4.0,4.0,1872.4376928128327,5617.313078438497,84.7887296569163,300.4649157745092,-7.740814779667543,0.11187177850000318,33052.22358975527,10.42761004836879,1.9156373002140594,0.4209170146746944
"COUNTERFACTUAL - assumed: licensed live feed + courtside camera, not purchased; parameters from our measurements",own120_pess,1.0,0.5,10,0.99,100.0,1000.0,0.005,region,D>=3c,cap1,ref_short,delay1,ref,decay,point,0.0,0.0,0.0,False,ref,burned_OOS,10,7093.0,952.9,853.8,279.5,0.1203721979416326,0.1039946168198802,0.06695333427322711,0.10517411532496827,0.8278725504018046,-1.4307000000000003,-0.022500000000000075,0.042337551457154864,30.140585120988703,83395.31158265137,41328.171683456356,0.47882691148448675,-1.0499456650185022,1.9991488368921673,406.0565408595908,-859.634682847986,1665.510256606652,707.3495489747909,-301.2930081152,40.0,10.151413521489768,1.8880980548498987,-475.0620026010012,-254.7073445819306,243.1836281382733,2.0,3.0,1479.8785259042747,4439.635577712825,9.429527832352196,86.04444147021377,-11.428828176506439,0.11043567564390096,29567.412120839046,12.250698861990365,2.300917231498422,0.5766577775402418
"COUNTERFACTUAL - assumed: licensed live feed + courtside camera, not purchased; parameters from our measurements",own120_pess,1.0,0.5,10,0.99,1000.0,1000.0,0.005,region,D>=3c,cap1,ref_short,delay1,ref,decay,point,0.0,0.0,0.0,False,ref,IS,10,20795.0,3309.8,2968.8,777.2,0.1427650877614811,0.10299463372686209,0.10704015388314499,0.06932916566482326,0.8236306804520318,-1.4044000000000003,0.007899999999999952,0.023036532859835562,51.64424077581182,1257950.6553462078,582920.9510650875,2.1386043642304333,0.6644158666063157,3.5835975498513015,26819.91931865608,8174.266853796199,45094.1792579275,27885.07293282649,-1065.1536141704091,103.0,260.3875662005445,5.144706918275165,-4334.420053048761,-2241.479518717507,2831.745235172135,3.8,4.0,9553.549865242943,28660.64959572883,94.92209934798124,336.3744297282831,-15.027653505886969,0.11225991036241796,33052.22358975527,107.12555153315944,2.0703745939278466,0.8929786919931003
"COUNTERFACTUAL - assumed: licensed live feed + courtside camera, not purchased; parameters from our measurements",own120_pess,1.0,0.5,10,0.99,1000.0,1000.0,0.005,region,D>=3c,cap1,ref_short,delay1,ref,decay,point,0.0,0.0,0.0,False,ref,burned_OOS,10,7093.0,1110.1,993.2,279.5,0.14002537713238403,0.1052722161080426,0.06695333427322711,0.10517411532496827,0.8278725504018046,-1.4307000000000003,-0.022000000000000085,0.02228972123392684,51.9215644547016,428398.54968310334,200507.72238284283,0.6103183095661732,-1.9295392933935485,3.1083093961418453,2787.7177962628853,-8005.725505633917,13481.506507923306,5245.637516072447,-2457.919719809562,40.0,69.69294490657214,1.4783108746051312,-4538.328020682734,-1820.5278293204785,2256.6117527029583,1.6,3.0,7550.315885044457,22650.947655133372,12.599867508591487,114.97379101589733,-20.165945926758894,0.11134683335356217,29567.412120839046,134.9310591308777,3.0464469874378377,1.2508918173024528
"COUNTERFACTUAL - assumed: licensed live feed + courtside camera, not purchased; parameters from our measurements",own120_pess,1.0,0.5,30,0.95,100.0,1000.0,0.005,region,D>=3c,cap1,ref_short,delay1,ref,decay,point,0.0,0.0,0.0,False,ref,IS,10,54704.0,8552.5,6340.9,2203.5,0.11591291313249488,0.25858633471059056,0.10712744954665106,0.06900592278443989,0.823866627668909,-1.4010000000000002,-0.012100000000000022,0.045746003567547024,28.885440130629185,746235.6462229317,357584.4566926224,1.1941644690327788,0.7103522359030289,1.6939739288165683,8911.776606491132,5268.560073331093,12627.718634797036,11241.820875312573,-2330.0442688214393,103.0,86.52210297564207,8.343779469200408,-713.1206296832144,-444.5743397965075,609.8096731332621,3.8,4.0,3825.3327843221173,11475.99835296635,78.91507117944693,279.65049495629245,-6.206006976226616,0.11520267449523411,67334.02526032673,22.75063337728861,2.384378836950158,0.31202260898580664
"COUNTERFACTUAL - assumed: licensed live feed + courtside camera, not purchased; parameters from our measurements",own120_pess,1.0,0.5,30,0.95,100.0,1000.0,0.005,region,D>=3c,cap1,ref_short,delay1,ref,decay,point,0.0,0.0,0.0,False,ref,burned_OOS,10,17384.0,2692.2,1990.0,814.5,0.11447307869305108,0.2608054792261309,0.07640358950759318,0.09710078232857801,0.8264956281638287,-1.4284000000000001,-0.055600000000000135,0.04429483476036498,30.058965193891858,240794.6835749598,116303.6490648496,0.5612550665452379,-0.3768138428572093,1.4885332818279442,1358.499540637501,-889.9818750863822,3617.119307190311,2128.2811701454057,-769.7816295079045,40.0,33.96248851593752,3.507372668086083,-943.4472331144119,-368.12524339009735,466.93428176869173,2.2,3.0,2726.6815278426607,8180.0445835279825,15.827818931400742,144.42884774903177,-12.36332621488568,0.11959946425924176,58032.55778958707,28.512190439935235,3.0995141115114886,0.46753301694072374
"COUNTERFACTUAL - assumed: licensed live feed + courtside camera, not purchased; parameters from our measurements",own120_pess,1.0,0.5,30,0.95,1000.0,1000.0,0.005,region,D>=3c,cap1,ref_short,delay1,ref,decay,point,0.0,0.0,0.0,False,ref,IS,10,54704.0,10101.0,7501.3,2203.5,0.13712525592278446,0.25736978833644714,0.10712744954665106,0.06900592278443989,0.823866627668909,-1.4010000000000002,-0.012100000000000022,0.02325017837687231,51.92885690319256,3794947.064111322,1708498.365902399,1.2651494400246077,0.46773951662697283,2.054087558465526,47951.53995293538,17397.551645394044,78148.7502778606,57458.417953675715,-9506.878000740327,103.0,465.54893158189697,5.557406644097425,-6947.31706813548,-3878.620555732557,4514.6841374451005,3.7,4.0,19179.288550313933,57537.86565094181,85.24301635741219,302.0747667034509,-12.044455798039355,0.11554622544523405,67334.02526032673,160.14377837565613,1.7984633120978175,0.4375809478989954
"COUNTERFACTUAL - assumed: licensed live feed + courtside camera, not purchased; parameters from our measurements",own120_pess,1.0,0.5,30,0.95,1000.0,1000.0,0.005,region,D>=3c,cap1,ref_short,delay1,ref,decay,point,0.0,0.0,0.0,False,ref,burned_OOS,10,17384.0,3166.0,2342.5,814.5,0.1347503451449609,0.26009951743055465,0.07640358950759318,0.09710078232857801,0.8264956281638287,-1.4284000000000001,-0.049800000000000136,0.022794187040432796,59.870995750602404,1273130.176689796,575601.0503777661,0.6138071101063889,-0.8615129982326944,2.103782614448308,8013.828604659859,-10635.769785091738,27131.16235729683,10835.113159908835,-2821.2845552489734,40.0,200.34571511649648,2.353007104979433,-8741.146960912538,-3472.178186907541,3735.133857599803,2.1,3.0,13978.29510729495,41934.88532188484,19.041780590056057,173.75624788426154,-22.073021638568324,0.12069702256969957,58032.55778958707,208.50255617788267,2.4627573457396523,0.6511208940682233
"COUNTERFACTUAL - assumed: licensed live feed + courtside camera, not purchased; parameters from our measurements",own120_pess,1.0,0.5,30,0.99,100.0,1000.0,0.005,region,D>=3c,cap1,ref_short,delay1,ref,decay,point,0.0,0.0,0.0,False,ref,IS,10,54704.0,7604.2,6805.7,2147.6,0.12440954957589938,0.1049996855702445,0.10712744954665106,0.06900592278443989,0.823866627668909,-1.4010000000000002,0.007699999999999973,0.04176689574522517,26.569108119369893,612425.3590703687,297535.7068425391,1.8966406766217727,1.3041993232020648,2.487035298728974,11622.841594131709,7997.6019931854335,15254.29190913032,12463.679928643836,-840.8383345121285,103.0,112.84312227312338,11.262225488704459,-700.5015817225026,-378.2917283434266,598.1645089811211,4.0,4.0,3223.5835098588495,9670.750529576548,121.2870251480584,429.8035357188478,-7.379408852233577,0.0971964390474778,69663.2836214654,19.19414951271048,2.3273963658587196,0.3135404636743767
"COUNTERFACTUAL - assumed: licensed live feed + courtside camera, not purchased; parameters from our measurements",own120_pess,1.0,0.5,30,0.99,100.0,1000.0,0.005,region,D>=3c,cap1,ref_short,delay1,ref,decay,point,0.0,0.0,0.0,False,ref,burned_OOS,10,17384.0,2402.7,2149.2,788.1,0.12363092498849518,0.10551036658098475,0.07640358950759318,0.09710078232857801,0.8264956281638287,-1.4284000000000001,-0.018700000000000095,0.039707530979660774,27.514521479178587,197840.67330896994,97367.62876158193,0.9870071979120059,-0.09464646250255491,2.0747518205239244,1949.4111773707405,-193.35642771399125,4096.905457273011,2432.42277615279,-483.0115987820497,40.0,48.73527943426851,5.455770001400102,-655.4770434375582,-331.2704571555489,447.3679570373206,2.7,3.0,2239.198204428988,6717.594613286963,28.947345231114745,264.1445252339221,-9.87346093745786,0.09839823355504265,60260.47353518306,21.235864844112058,2.747256415585459,0.4244432712338327
"COUNTERFACTUAL - assumed: licensed live feed + courtside camera, not purchased; parameters from our measurements",own120_pess,1.0,0.5,30,0.99,1000.0,1000.0,0.005,region,D>=3c,cap1,ref_short,delay1,ref,decay,point,0.0,0.0,0.0,False,ref,IS,10,54704.0,8884.9,7958.2,2147.6,0.1454774787949693,0.10429004851400041,0.10712744954665106,0.06900592278443989,0.823866627668909,-1.4010000000000002,0.007699999999999973,0.020269580433644834,39.87517530410603,2999673.1361405924,1383596.8660196194,2.0375696439897437,1.069941471597087,3.00008400409862,61027.68468852339,31887.375597481576,89779.24923432272,64388.297290449394,-3360.612601926008,103.0,592.5017930924602,7.635624975670494,-6115.776165769002,-3198.9534682189083,4405.676089555178,4.0,4.0,15758.348218294981,47275.044654884936,130.64999025821973,462.98297518689526,-13.072342949763438,0.09755862612295829,69663.2836214654,146.1491625759984,2.0353779972724277,0.5110122974663673
"COUNTERFACTUAL - assumed: licensed live feed + courtside camera, not purchased; parameters from our measurements",own120_pess,1.0,0.5,30,0.99,1000.0,1000.0,0.005,region,D>=3c,cap1,ref_short,delay1,ref,decay,point,0.0,0.0,0.0,False,ref,burned_OOS,10,17384.0,2791.8,2497.3,788.1,0.14365508513575703,0.10547742870064139,0.07640358950759318,0.09710078232857801,0.8264956281638287,-1.4284000000000001,-0.018400000000000062,0.019278350576884196,45.64924958509473,1002241.1376734872,465950.5050396432,1.0229140335300166,-0.7346434258990717,2.742177572007744,10432.044798037427,-7085.012218872631,27830.23853068115,13410.020098690296,-2977.975300652869,40.0,260.8011199509357,3.395597939402213,-6318.688319691334,-2828.170522792044,3680.89267845735,2.4,3.0,10809.891781177064,32429.675343531195,33.227585798951765,303.20172041543486,-19.613056618433134,0.09909204257971996,60260.47353518306,134.66889672811857,1.717066104087455,0.5262248575379345
"COUNTERFACTUAL - assumed: licensed live feed + courtside camera, not purchased; parameters from our measurements",own120_pess,1.0,1.0,3,0.95,100.0,1000.0,0.005,region,D>=3c,cap1,ref_short,delay1,ref,decay,point,0.0,0.0,0.0,False,ref,IS,10,6257.0,916.4,679.3,244.3,0.10856640562569922,0.25864971890875277,0.10506632571519899,0.07052900751158701,0.8244046667732139,-1.407,-0.012000000000000077,0.052710343436173146,47.51207883097363,102912.75299097913,50200.26895995039,1.172545242020067,-0.08210292320686728,2.4420896195314117,1212.985442355493,-73.23647961537156,2507.803795480754,1789.6840507835495,-576.6986084280564,103.0,11.776557692771776,3.34569431176667,-406.5222808467713,-180.65198145320267,204.76346424798035,3.3,4.0,1539.0979389014815,4617.293816704445,26.286909978981605,93.15264215852707,-9.215654435052574,0.2440330273287127,21424.957351841185,5.838631729404565,1.5826234684866134,0.5809732749695411
"COUNTERFACTUAL - assumed: licensed live feed + courtside camera, not purchased; parameters from our measurements",own120_pess,1.0,1.0,3,0.95,100.0,1000.0,0.005,region,D>=3c,cap1,ref_short,delay1,ref,decay,point,0.0,0.0,0.0,False,ref,burned_OOS,10,2402.0,351.7,262.6,90.5,0.1093255620316403,0.2534933567687748,0.07114904246461282,0.1038301415487094,0.8250208159866776,-1.4227500000000002,-0.03740000000000012,0.05344697839126091,47.53672871901707,39929.48969164125,19465.871615239554,0.3157433174327265,-1.6934744217616413,2.383775085524782,134.2793913193119,-669.6068556982124,965.9652218881713,478.29600630780396,-344.01661498849217,40.0,3.3569847829827992,0.8634414753501941,-373.4685583303609,-159.56566290947012,204.6598845063448,1.4,3.0,1085.935373095503,3257.806119286509,3.92919988462574,35.85394894720987,-11.880352219171861,0.24150501547113926,22249.55501885822,6.687771907184031,1.7164836158455028,0.6554262508831613
"COUNTERFACTUAL - assumed: licensed live feed + courtside camera, not purchased; parameters from our measurements",own120_pess,1.0,1.0,3,0.95,1000.0,1000.0,0.005,region,D>=3c,cap1,ref_short,delay1,ref,decay,point,0.0,0.0,0.0,False,ref,IS,10,6257.0,1098.7,813.8,244.3,0.13006233019018698,0.2591586103579048,0.10506632571519899,0.07052900751158701,0.8244046667732139,-1.407,-0.012400000000000078,0.029898788658527038,112.70621820690403,587789.6390613455,273145.0945663786,1.442738469434059,-0.46050619908111434,3.350203263900565,8525.15801344671,-2628.1507319496477,19831.929448252587,10948.00967467682,-2422.85166123011,103.0,82.76852440239523,2.713734722499944,-3734.4125903421896,-1247.716756633255,1753.339003286119,3.1,4.0,8954.611841408687,26863.835524226062,31.074831145093988,110.1195472617408,-15.119803739716247,0.2430493326393654,21424.957351841185,40.89855492677787,1.2239764961154187,0.7377672427462831
"COUNTERFACTUAL - assumed: licensed live feed + courtside camera, not purchased; parameters from our measurements",own120_pess,1.0,1.0,3,0.95,1000.0,1000.0,0.005,region,D>=3c,cap1,ref_short,delay1,ref,decay,point,0.0,0.0,0.0,False,ref,burned_OOS,10,2402.0,418.9,312.9,90.5,0.13026644462947543,0.2531453888709437,0.07114904246461282,0.1038301415487094,0.8250208159866776,-1.4227500000000002,-0.03470000000000012,0.031245756256979056,110.69196951471088,226300.14988092473,105194.61657297972,0.793167711593499,-2.27010268542508,3.9037521853577806,1789.5098163545663,-4988.509896711142,8825.984029630788,3484.3584596336864,-1694.8486432791196,40.0,44.73774540886416,1.5028041886761616,-2772.77599204853,-1154.7461008811097,1868.8555292876008,1.6,3.0,6032.256625189586,18096.769875568752,10.189349701432324,92.97781602556995,-15.86322736176778,0.24527749086607997,22249.55501885822,59.424059007517,2.2881008097514726,1.0611005760977053
"COUNTERFACTUAL - assumed: licensed live feed + courtside camera, not purchased; parameters from our measurements",own120_pess,1.0,1.0,3,0.99,100.0,1000.0,0.005,region,D>=3c,cap1,ref_short,delay1,ref,decay,point,0.0,0.0,0.0,False,ref,IS,10,6257.0,810.4,727.0,239.9,0.11618986734856959,0.10283809033689062,0.10506632571519899,0.07052900751158701,0.8244046667732139,-1.407,0.007499999999999951,0.04895990214472705,46.90396864789606,87186.85838715348,43021.66463995615,1.948816346733763,0.5178448691790049,3.4571887849123213,1712.1419540562135,466.6920467196599,3024.345017968852,1937.9142586423266,-225.77230458611325,103.0,16.62273741802149,4.908259625440402,-346.7101204396504,-139.99550228087088,193.90245040521012,3.5,4.0,1241.6099928717226,3724.829978615167,45.693172606808176,161.9224077814076,-9.522736343946708,0.2365398915918436,21947.32995622437,7.833473581542248,2.3356749299499726,0.9131909188582746
"COUNTERFACTUAL - assumed: licensed live feed + courtside camera, not purchased; parameters from our measurements",own120_pess,1.0,1.0,3,0.99,100.0,1000.0,0.005,region,D>=3c,cap1,ref_short,delay1,ref,decay,point,0.0,0.0,0.0,False,ref,burned_OOS,10,2402.0,309.3,276.8,88.4,0.11523730224812656,0.10504424872146927,0.07114904246461282,0.1038301415487094,0.8250208159866776,-1.4227500000000002,-0.019200000000000095,0.05136212650236838,45.28687542524536,33128.10600281697,16301.145775890918,0.6256603939322696,-1.735548793028321,3.081239834490933,206.55878113882167,-565.446259819212,1005.5823573154814,418.372461895583,-211.81368075676136,40.0,5.163969528470542,1.2996854077478468,-390.2802844645979,-162.971326325382,179.33224577962196,1.5,3.0,934.1061002903782,2802.318300871135,8.040258122858166,73.36735537108076,-14.246355044755893,0.23816782815140064,22890.208447222834,8.733740811694549,2.178887857490539,1.054658707231656
"COUNTERFACTUAL - assumed: licensed live feed + courtside camera, not purchased; parameters from our measurements",own120_pess,1.0,1.0,3,0.99,1000.0,1000.0,0.005,region,D>=3c,cap1,ref_short,delay1,ref,decay,point,0.0,0.0,0.0,False,ref,IS,10,6257.0,960.9,861.3,239.9,0.1376538277129615,0.10355662893995485,0.10506632571519899,0.07052900751158701,0.8244046667732139,-1.407,0.00759999999999994,0.0270702776920558,98.46585584467788,486327.39690214134,229975.47673383268,2.2394979585973065,0.04431332949331672,4.480556401107339,10951.075444432949,312.05417910612925,21967.19635658887,11583.934994348918,-632.8595499159696,103.0,106.32112081973737,3.643473993936044,-3503.4897273655856,-1199.1109530696467,1690.5999276375835,3.3,4.0,7401.246499883503,22203.739499650506,49.25876704272012,174.55776670478488,-16.566551700836282,0.23605078521772388,21947.32995622437,53.720563164718484,1.779329054708856,1.1458561483452971
"COUNTERFACTUAL - assumed: licensed live feed + courtside camera, not purchased; parameters from our measurements",own120_pess,1.0,1.0,3,0.99,1000.0,1000.0,0.005,region,D>=3c,cap1,ref_short,delay1,ref,decay,point,0.0,0.0,0.0,False,ref,burned_OOS,10,2402.0,366.3,328.2,88.4,0.1366361365528726,0.10404504526082019,0.07114904246461282,0.1038301415487094,0.8250208159866776,-1.4227500000000002,-0.019500000000000118,0.029544104779053955,92.20918309730146,185879.23014001752,87815.49688408751,1.4386720863789633,-2.2254413077312716,5.125047039352995,2660.954549230385,-4086.204480781192,9438.059927618267,3876.1103347491635,-1215.1557855187777,40.0,66.52386373075962,2.163306708673603,-2935.5063380921692,-1186.721725495562,1633.2640946700485,2.0,3.0,5221.750316182229,15665.250948546687,17.9326723009789,163.6356347464325,-18.99127899086783,0.2389273209748895,22890.208447222834,74.75171041282027,2.41487310432093,1.6578141976746403
"COUNTERFACTUAL - assumed: licensed live feed + courtside camera, not purchased; parameters from our measurements",own120_pess,1.0,1.0,10,0.95,100.0,1000.0,0.005,region,D>=3c,cap1,ref_short,delay1,ref,decay,point,0.0,0.0,0.0,False,ref,IS,10,20795.0,3057.0,2270.5,795.1,0.10918490021639818,0.2573147104198298,0.10704015388314499,0.06932916566482326,0.8236306804520318,-1.4044000000000003,-0.011800000000000055,0.052848551652353845,44.85832112637013,332577.48504675773,161036.0918745618,1.1876091432374791,0.47563099064103576,1.8836881766283569,3956.3844885925087,1580.1883866490648,6260.01769260102,5269.877445004916,-1313.4929564124075,103.0,38.41149988924765,5.928747812537013,-581.5180183767329,-299.0666578297543,367.74634728269746,3.7,4.0,2398.900674099773,7196.702022299321,56.27983211466339,199.43824001798197,-8.231181633207852,0.2230816395719195,64083.47577570769,11.488509100085311,2.031400185906957,0.3488484855316647
"COUNTERFACTUAL - assumed: licensed live feed + courtside camera, not purchased; parameters from our measurements",own120_pess,1.0,1.0,10,0.95,100.0,1000.0,0.005,region,D>=3c,cap1,ref_short,delay1,ref,decay,point,0.0,0.0,0.0,False,ref,burned_OOS,10,7093.0,1037.4,766.9,287.6,0.10812068236289299,0.26068735625200645,0.06695333427322711,0.10517411532496827,0.8278725504018046,-1.4307000000000003,-0.06940000000000016,0.05077939393639104,44.68797175988135,113175.06903973455,55397.55666233852,0.135518839861549,-1.1040269443628081,1.3901127571566887,165.51035477821978,-1229.1696457422643,1568.2083301833786,481.52356026260657,-316.01320548438696,40.0,4.137758869455494,0.6559621628668781,-686.5290509979277,-278.18984989341186,249.97216817152471,1.8,3.0,1844.5198709892986,5533.559612967895,2.8476282705638987,25.98460796889558,-12.742874141462035,0.23336293680045253,56949.12951257722,13.908742661475156,2.0644373065364054,0.4886274711660622
"COUNTERFACTUAL - assumed: licensed live feed + courtside camera, not purchased; parameters from our measurements",own120_pess,1.0,1.0,10,0.95,1000.0,1000.0,0.005,region,D>=3c,cap1,ref_short,delay1,ref,decay,point,0.0,0.0,0.0,False,ref,IS,10,20795.0,3648.3,2715.6,795.1,0.1305890839144025,0.25566602088904933,0.10704015388314499,0.06932916566482326,0.8236306804520318,-1.4044000000000003,-0.011600000000000055,0.03015844342109723,99.54666780872421,1857266.6966126491,855549.1647525629,1.5256829997735282,0.4176894101312425,2.606986724338154,28303.698497695463,7559.9962594406825,48360.04868301866,31408.289071149,-3104.590573453542,103.0,274.7931892980142,4.949593233827242,-5168.926304790006,-2454.92450124582,3145.580167104944,3.7,4.0,13859.088439383198,41577.2653181496,68.84893075710193,243.9792206440991,-12.66534715934196,0.2218384501571154,64083.47577570769,89.63364736372631,1.6376299479126053,0.49437986629032304
"COUNTERFACTUAL - assumed: licensed live feed + courtside camera, not purchased; parameters from our measurements",own120_pess,1.0,1.0,10,0.95,1000.0,1000.0,0.005,region,D>=3c,cap1,ref_short,delay1,ref,decay,point,0.0,0.0,0.0,False,ref,burned_OOS,10,7093.0,1227.6,907.9,287.6,0.12799943606372483,0.2602909817010235,0.06695333427322711,0.10517411532496827,0.8278725504018046,-1.4307000000000003,-0.06950000000000012,0.029701047684305103,102.28324890844465,640382.5565917133,298213.010473579,0.31985142374319775,-1.5346539003039843,2.201030756310292,2213.1171879945914,-9509.343631326232,14395.36530563,4331.1509975389945,-2118.033809544403,40.0,55.32792969986478,0.9716646971268933,-5221.388927374011,-2195.8640481928915,2458.0112228845865,2.0,3.0,10617.400070479176,31852.20021143753,7.182804753234164,65.54309337326175,-16.53783088033736,0.2341381495336588,56949.12951257722,131.73239031549622,2.379910558720912,0.7991402344260606
"COUNTERFACTUAL - assumed: licensed live feed + courtside camera, not purchased; parameters from our measurements",own120_pess,1.0,1.0,10,0.99,100.0,1000.0,0.005,region,D>=3c,cap1,ref_short,delay1,ref,decay,point,0.0,0.0,0.0,False,ref,IS,10,20795.0,2708.8,2430.3,777.2,0.11686943976917527,0.10275554036760899,0.10704015388314499,0.06932916566482326,0.8236306804520318,-1.4044000000000003,0.007799999999999918,0.04945356383223454,43.544547934207515,281935.41060406354,138211.4764084636,1.8250493059597865,1.0137086803673596,2.6369920019297584,5151.892738276826,2888.356758184155,7447.819852592928,5547.130139456668,-395.2374011798425,103.0,50.01837609977501,7.883238356390746,-428.2908643602712,-260.4045901645984,383.58044100301885,4.0,4.0,2104.7491811925743,6314.247543577722,82.62932596857667,292.8126599857328,-6.904521917172349,0.2177133785234538,66104.44717951053,11.106648756567363,2.0118671049920023,0.3916569263768741
"COUNTERFACTUAL - assumed: licensed live feed + courtside camera, not purchased; parameters from our measurements",own120_pess,1.0,1.0,10,0.99,100.0,1000.0,0.005,region,D>=3c,cap1,ref_short,delay1,ref,decay,point,0.0,0.0,0.0,False,ref,burned_OOS,10,7093.0,914.9,818.8,279.5,0.1154377555336247,0.10501012057320684,0.06695333427322711,0.10517411532496827,0.8278725504018046,-1.4307000000000003,-0.022500000000000055,0.04737007802417908,43.413864894278944,94702.15529209387,47167.69805530123,0.3965622976248225,-1.009927057114263,1.7957626234388553,378.90732691302446,-939.2995096013534,1678.0281114532559,652.610982431109,-273.7036555180845,40.0,9.47268317282561,1.628840424841617,-499.68727637730035,-255.47797035197217,254.40409797344074,2.1,3.0,1664.3190247853277,4992.957074355983,8.216132179914126,74.9722061417164,-10.713054982986524,0.2266954294318452,59134.82424167809,10.982744086529038,1.7752535247147943,0.46161058936586674
"COUNTERFACTUAL - assumed: licensed live feed + courtside camera, not purchased; parameters from our measurements",own120_pess,1.0,1.0,10,0.99,1000.0,1000.0,0.005,region,D>=3c,cap1,ref_short,delay1,ref,decay,point,0.0,0.0,0.0,False,ref,IS,10,20795.0,3200.1,2869.8,777.2,0.13800432796345277,0.10318377078443,0.10704015388314499,0.06932916566482326,0.8236306804520318,-1.4044000000000003,0.007699999999999952,0.02789327475071831,85.92632194012998,1544548.2199031345,726102.5396067102,2.2254059869077305,0.9428083348788172,3.491876323181174,34306.996792294325,14455.780872422169,54242.373601277846,35694.10140602999,-1387.1046137356757,103.0,333.07763876013905,6.218349403203045,-4307.236360606263,-2263.1722688497007,3077.62300214043,3.9,4.0,11915.231815288013,35745.69544586403,96.90338191680807,343.3954796081063,-11.961361198387987,0.21740241690328146,66104.44717951053,99.82864327121426,1.875161229810981,0.6790015464213672
"COUNTERFACTUAL - assumed: licensed live feed + courtside camera, not purchased; parameters from our measurements",own120_pess,1.0,1.0,10,0.99,1000.0,1000.0,0.005,region,D>=3c,cap1,ref_short,delay1,ref,decay,point,0.0,0.0,0.0,False,ref,burned_OOS,10,7093.0,1071.5,958.5,279.5,0.13513322994501623,0.10542124637478303,0.06695333427322711,0.10517411532496827,0.8278725504018046,-1.4307000000000003,-0.022100000000000074,0.02727994749022859,89.6415844849482,526964.8747755942,251354.07198403327,0.6639213939617726,-1.5125047980150632,2.8362276581605754,3675.880479950911,-7725.556215521656,15029.302043584816,5847.398948633709,-2171.5184686827993,40.0,91.89701199877275,1.8846030480763365,-4738.411272246133,-1981.5284098289685,2337.285099415808,1.8,3.0,9096.422650340992,27289.267951022972,13.422865373469634,122.4836465329104,-17.718500642944658,0.22702099322506147,59134.82424167809,137.14656825261397,2.8924858612422066,1.0224839978040667
"COUNTERFACTUAL - assumed: licensed live feed + courtside camera, not purchased; parameters from our measurements",own120_pess,1.0,1.0,30,0.95,100.0,1000.0,0.005,region,D>=3c,cap1,ref_short,delay1,ref,decay,point,0.0,0.0,0.0,False,ref,IS,10,54704.0,8281.2,6140.6,2203.5,0.11225138929511554,0.2584883193070839,0.10712744954665106,0.06900592278443989,0.823866627668909,-1.4010000000000002,-0.012100000000000022,0.04962906654353134,39.3945062263802,833139.5953900588,402061.0863038891,1.261664072495868,0.8084443546060907,1.7167744061231147,10512.436173133097,6710.846716147078,14331.977328933415,12911.864066540362,-2399.4278934072618,103.0,102.06248711779706,9.701236064157186,-724.4165061870019,-436.4789164722558,610.2167496541372,3.9,4.0,4229.807281099022,12689.421843297063,84.20082486907481,298.38156385643015,-5.662569673955787,0.18344751372559012,134668.05052065346,24.46047761987843,2.7331479879119853,0.3001520542565557
"COUNTERFACTUAL - assumed: licensed live feed + courtside camera, not purchased; parameters from our measurements",own120_pess,1.0,1.0,30,0.95,100.0,1000.0,0.005,region,D>=3c,cap1,ref_short,delay1,ref,decay,point,0.0,0.0,0.0,False,ref,burned_OOS,10,17384.0,2615.0,1933.2,814.5,0.11120570639668662,0.2607066155828052,0.07640358950759318,0.09710078232857801,0.8264956281638287,-1.4284000000000001,-0.055600000000000135,0.04775948882899529,40.46243135031658,266707.53353897936,129675.86260919075,0.5626436950093265,-0.3112672635921393,1.416686417283858,1507.217008745775,-820.6152821295913,3805.5206092071326,2203.990225583718,-696.7732168379429,40.0,37.68042521864438,3.7956636864366886,-921.6136044383093,-381.07134866761214,460.7477445243591,2.3,3.0,3043.275647491529,9129.826942474587,15.498706194439317,141.42569402425877,-10.790468671791645,0.20275810445195722,116065.11557917413,32.00359389984905,3.1882713277422328,0.47502222264643074
"COUNTERFACTUAL - assumed: licensed live feed + courtside camera, not purchased; parameters from our measurements",own120_pess,1.0,1.0,30,0.95,1000.0,1000.0,0.005,region,D>=3c,cap1,ref_short,delay1,ref,decay,point,0.0,0.0,0.0,False,ref,IS,10,54704.0,9825.9,7295.4,2203.5,0.13336136297162912,0.25753075952681115,0.10712744954665106,0.06900592278443989,0.823866627668909,-1.4010000000000002,-0.012100000000000022,0.027241841389462458,79.16415469594043,4492001.624783404,2056979.1473380912,1.4763535886950645,0.7708074293400127,2.174761175206596,66274.19917309826,34362.21756938663,97953.22706608141,74412.151945677,-8137.952772578748,103.0,643.4388269232841,7.245830815075321,-6721.533356324832,-3851.299675804433,4979.238098524568,3.9,4.0,22645.23534060165,67935.70602180494,99.00268362847831,350.83475266402513,-9.879125267492899,0.18431194135241474,134668.05052065346,147.3061524099455,1.5779527185925668,0.34101728440818607
"COUNTERFACTUAL - assumed: licensed live feed + courtside camera, not purchased; parameters from our measurements",own120_pess,1.0,1.0,30,0.95,1000.0,1000.0,0.005,region,D>=3c,cap1,ref_short,delay1,ref,decay,point,0.0,0.0,0.0,False,ref,burned_OOS,10,17384.0,3078.4,2276.3,814.5,0.13094224574321217,0.2605453177323266,0.07640358950759318,0.09710078232857801,0.8264956281638287,-1.4284000000000001,-0.05170000000000015,0.026832196781566398,89.9596037584831,1502364.6746955118,693489.098233442,0.7582126440115908,-0.5565762946567643,2.0641721487413642,11583.7353045482,-8160.031059835569,31321.531476175052,13856.797059082965,-2273.061754534764,40.0,289.593382613705,3.4034701914582492,-7957.8015593791915,-3546.687298542363,3912.302502451191,2.2,3.0,16223.161974777026,48669.485924331086,23.9517756681776,218.55995297212058,-17.216941589850713,0.20385847592163625,116065.11557917413,213.486075684178,2.602454108966652,0.5547659616134396
"COUNTERFACTUAL - assumed: licensed live feed + courtside camera, not purchased; parameters from our measurements",own120_pess,1.0,1.0,30,0.99,100.0,1000.0,0.005,region,D>=3c,cap1,ref_short,delay1,ref,decay,point,0.0,0.0,0.0,False,ref,IS,10,54704.0,7320.0,6551.7,2147.6,0.11976637905820417,0.10494854597374643,0.10712744954665106,0.06900592278443989,0.823866627668909,-1.4010000000000002,0.007699999999999973,0.04650464694959266,38.140556575540344,702009.1549416542,343334.3183188021,1.8619488779141016,1.32813587342164,2.3922873585650377,13078.393158842217,9316.868308859772,16797.325625395704,13976.961074944615,-898.5679161023957,103.0,126.97469086254577,12.254622079777166,-697.9921741786911,-373.56410379684496,608.8627812594783,4.0,4.0,3679.043204086983,11037.12961226095,119.05516197931158,421.89450604319154,-6.450371941166361,0.1806314144263537,139326.5672429308,21.89490510911335,2.5875333524131774,0.3125954606057924
"COUNTERFACTUAL - assumed: licensed live feed + courtside camera, not purchased; parameters from our measurements",own120_pess,1.0,1.0,30,0.99,100.0,1000.0,0.005,region,D>=3c,cap1,ref_short,delay1,ref,decay,point,0.0,0.0,0.0,False,ref,burned_OOS,10,17384.0,2316.4,2071.3,788.1,0.11914979291302345,0.1058086008464579,0.07640358950759318,0.09710078232857801,0.8264956281638287,-1.4284000000000001,-0.018800000000000105,0.0442788482342938,39.44255489608871,224806.48722470846,111254.66810488279,0.9196344760256941,-0.06407390590466937,1.9155402855176689,2063.8374138640875,-138.35329757785516,4287.303457829744,2549.61043429263,-485.77302042854365,40.0,51.595935346602175,5.596917679361632,-652.2911231430093,-341.65558598221594,441.0847455706342,2.5,3.0,2593.042088503789,7779.126265511366,26.34908885778185,240.43543582725937,-8.5678260782331,0.19822944289017047,120520.94707036612,23.186187339096776,2.6744037690320637,0.40915569017410136
"COUNTERFACTUAL - assumed: licensed live feed + courtside camera, not purchased; parameters from our measurements",own120_pess,1.0,1.0,30,0.99,1000.0,1000.0,0.005,region,D>=3c,cap1,ref_short,delay1,ref,decay,point,0.0,0.0,0.0,False,ref,IS,10,54704.0,8591.5,7691.0,2147.6,0.14059300965194502,0.10480238004989158,0.10712744954665106,0.06900592278443989,0.823866627668909,-1.4010000000000002,0.007699999999999973,0.02525364521844174,70.09641387785841,3732313.4086363413,1747613.1905722306,2.1329878868445116,1.2976698967424656,2.967389778386239,79511.57668285936,48239.071023536715,111040.32442992926,83008.85595238299,-3497.2792695236312,103.0,771.9570551733918,9.128662847959893,-6100.830742542635,-3192.5917437903177,4951.082383224323,4.0,4.0,19435.868051648366,58307.604154945075,137.6236068321312,487.69530576434846,-10.5910023844684,0.18137815137341842,139326.5672429308,132.09469197095888,1.8373521068740961,0.3755882145476965
"COUNTERFACTUAL - assumed: licensed live feed + courtside camera, not purchased; parameters from our measurements",own120_pess,1.0,1.0,30,0.99,1000.0,1000.0,0.005,region,D>=3c,cap1,ref_short,delay1,ref,decay,point,0.0,0.0,0.0,False,ref,burned_OOS,10,17384.0,2697.1,2410.9,788.1,0.13868499769903359,0.10610734042970216,0.07640358950759318,0.09710078232857801,0.8264956281638287,-1.4284000000000001,-0.018500000000000072,0.024348986087168185,76.50409084060591,1244647.1390606295,589795.4596979134,1.1739742775800501,-0.34744000072911546,2.674811899329734,14778.706452663635,-4161.394243136272,33565.305452307846,17334.89428315854,-2556.1878304949087,40.0,369.4676613165908,4.5483066565439,-6159.572866554583,-3055.621759581923,3955.8080058311025,2.6,3.0,13539.164109897789,40617.492329693356,37.45601807906319,341.7861649714516,-15.08215870212862,0.19921329220843137,120520.94707036612,148.2502374560089,1.9974711386086124,0.4423470339943418
"COUNTERFACTUAL - assumed: licensed live feed + courtside camera, not purchased; parameters from our measurements",own120_pess,2.0,0.25,3,0.95,100.0,1000.0,0.005,region,D>=3c,cap1,ref_short,delay1,ref,decay,point,0.0,0.0,0.0,False,ref,IS,10,6257.0,2306.1,2075.5,262.8,0.33170848649512547,0.09999462216582874,0.35972510787917533,0.1738692664216078,0.46640562569921684,-0.40700000000000003,0.019099999999999895,0.17351837007348656,41.98514567790204,249716.4023837429,121423.95731446748,1.6630668218895597,1.1049427868173578,2.2321288885647195,4151.56640373935,2762.072401458581,5555.809024426917,5576.393896917588,-1424.827493178237,103.0,40.306469939216996,10.372106743737977,-200.0655673475276,-145.719837005401,274.041023082735,4.0,4.0,3404.3267860214655,10212.980358064398,41.91953651216731,148.54981385379682,-2.0368708895075702,0.14650364934573998,17180.92485327168,5.086664947045425,1.3257864760759424,0.21278877384782907
"COUNTERFACTUAL - assumed: licensed live feed + courtside camera, not purchased; parameters from our measurements",own120_pess,2.0,0.25,3,0.95,100.0,1000.0,0.005,region,D>=3c,cap1,ref_short,delay1,ref,decay,point,0.0,0.0,0.0,False,ref,burned_OOS,10,2402.0,871.0,786.8,100.1,0.32756036636136554,0.09673591795440777,0.28701082431307245,0.23909242298084926,0.47389675270607834,-0.42275000000000007,0.008799999999999863,0.17214413332944128,41.19400143463472,93480.30033279705,45436.205175033836,1.1830441312324882,0.27676464258846056,2.1406018668837747,1111.1172965876622,252.80313784043193,1986.581017299975,1695.5090049717735,-584.3917083841116,40.0,27.777932414691556,6.888814148261497,-207.05797663262288,-112.89326130336194,223.79307429482566,2.7,3.0,1937.2948329269555,5811.884498780865,19.889930159832097,181.4956127084679,-3.575574432179684,0.13941778916895006,16161.341085597847,12.003702155382024,2.305922506380249,0.4887780121126461
"COUNTERFACTUAL - assumed: licensed live feed + courtside camera, not purchased; parameters from our measurements",own120_pess,2.0,0.25,3,0.95,1000.0,1000.0,0.005,region,D>=3c,cap1,ref_short,delay1,ref,decay,point,0.0,0.0,0.0,False,ref,IS,10,6257.0,2841.7,2555.0,262.8,0.40834265622502797,0.10093964072907757,0.35972510787917533,0.1738692664216078,0.46640562569921684,-0.40700000000000003,0.018899999999999872,0.0922090161077048,84.034736833292,1215858.2096843077,568702.6845237497,1.6526984277791439,0.6498336495435011,2.6437989451101678,20156.874042040297,7840.683001661078,32515.034709584106,27660.263333933042,-7503.389291892742,103.0,195.69780623340097,5.848678545256324,-2571.737154536183,-1220.8619969395336,2204.03143105835,3.6,4.0,15790.8463895946,47372.53916878381,42.686702789844865,151.26841279896482,-5.591137357416322,0.14781709623279482,17180.92485327168,46.567946009815266,1.280733661724004,0.3709303386644734
"COUNTERFACTUAL - assumed: licensed live feed + courtside camera, not purchased; parameters from our measurements",own120_pess,2.0,0.25,3,0.95,1000.0,1000.0,0.005,region,D>=3c,cap1,ref_short,delay1,ref,decay,point,0.0,0.0,0.0,False,ref,burned_OOS,10,2402.0,1068.4,960.1,100.1,0.39970857618651123,0.10144729388919224,0.28701082431307245,0.23909242298084926,0.47389675270607834,-0.42275000000000007,0.007299999999999862,0.09569236060666059,84.03797247492551,451390.21451617766,210434.81727498677,1.4429875811500874,-0.2762064273934713,3.1300310590424685,6543.995622615969,-1095.6616616147599,14330.129684030562,9080.990623128,-2536.995000512034,40.0,163.59989056539922,4.676837267029043,-2077.977947457605,-1051.4650031450294,1984.9473700050373,2.4,3.0,10182.654476498039,30547.963429494113,21.86871530074846,199.55202711932972,-6.7579299222590405,0.14377511898261408,16161.341085597847,93.69592751287199,2.7458321975689945,0.8177496152421038
"COUNTERFACTUAL - assumed: licensed live feed + courtside camera, not purchased; parameters from our measurements",own120_pess,2.0,0.25,3,0.99,100.0,1000.0,0.005,region,D>=3c,cap1,ref_short,delay1,ref,decay,point,0.0,0.0,0.0,False,ref,IS,10,6257.0,2262.2,2182.7,262.7,0.34884129774652395,0.03517367457476091,0.35972510787917533,0.1738692664216078,0.46640562569921684,-0.40700000000000003,0.022699999999999897,0.16950544515301227,40.88507612161404,239622.29576512007,116439.32699552397,2.0474452702268002,1.482736972885148,2.61478392098543,4905.24870688498,3529.0884970525212,6287.025283678782,5320.455862005148,-415.2071551201674,103.0,47.62377385325223,12.08281730120142,-170.38257019384528,-127.12158498068766,274.93532910940655,4.0,4.0,3202.3071664692375,9606.921499407714,53.01689723572905,187.87541253437962,-1.8371414251655973,0.13392854638584797,17764.97317685146,6.288586860925691,1.4102573281772648,0.27240018862371856
"COUNTERFACTUAL - assumed: licensed live feed + courtside camera, not purchased; parameters from our measurements",own120_pess,2.0,0.25,3,0.99,100.0,1000.0,0.005,region,D>=3c,cap1,ref_short,delay1,ref,decay,point,0.0,0.0,0.0,False,ref,burned_OOS,10,2402.0,848.8,819.2,99.7,0.34104912572855955,0.034909261673785344,0.28701082431307245,0.23909242298084926,0.47389675270607834,-0.42275000000000007,0.013349999999999872,0.1718540902735874,39.98569261897662,89204.07251175321,43238.587197337096,1.580240301150583,0.6206346376480905,2.588979182707023,1417.2881180482248,562.6751149543985,2291.0144201810917,1707.3430677659649,-290.05494971774016,40.0,35.43220295120563,8.97138813382633,-208.51513606261747,-115.697339962175,237.57812338895027,2.8,3.0,1838.9505524049196,5516.851657214758,26.008275583771837,237.32551470191797,-3.843447452356288,0.1297920665251126,16758.76519675213,11.31460104107284,2.5051344830351168,0.46916506692473886
"COUNTERFACTUAL - assumed: licensed live feed + courtside camera, not purchased; parameters from our measurements",own120_pess,2.0,0.25,3,0.99,1000.0,1000.0,0.005,region,D>=3c,cap1,ref_short,delay1,ref,decay,point,0.0,0.0,0.0,False,ref,IS,10,6257.0,2780.1,2680.8,262.7,0.42844813808534443,0.03575521957341847,0.35972510787917533,0.1738692664216078,0.46640562569921684,-0.40700000000000003,0.022499999999999874,0.08832305663434914,77.2212691059834,1134595.17929476,530829.603567971,2.2687677178625467,1.219027526487842,3.2958035843734295,25795.272070800733,13717.408070219806,37998.187015504955,28613.58598496438,-2818.3139141636457,103.0,250.4395346679682,7.585841545006565,-2128.5185688902525,-1180.6967802100285,2156.1979495125643,3.9,4.0,14758.793347334993,44276.38004200498,58.956792786978475,208.92455696356447,-4.92584939179325,0.135645045966386,17764.97317685146,51.11235586406386,1.4354088868423882,0.4374258879443414
"COUNTERFACTUAL - assumed: licensed live feed + courtside camera, not purchased; parameters from our measurements",own120_pess,2.0,0.25,3,0.99,1000.0,1000.0,0.005,region,D>=3c,cap1,ref_short,delay1,ref,decay,point,0.0,0.0,0.0,False,ref,burned_OOS,10,2402.0,1046.2,1007.9,99.7,0.419608659450458,0.03665947942535336,0.28701082431307245,0.23909242298084926,0.47389675270607834,-0.42275000000000007,0.012749999999999862,0.09176586755473037,76.0970493977687,423096.8487791708,197529.11976939836,1.9183629492590133,0.10491682516928554,3.727719425880926,8123.2669297156535,485.0452837276789,15938.999904313208,9927.883155630003,-1804.6162259143523,40.0,203.08167324289133,5.652915360550143,-1984.3455659950996,-1051.074253201144,1765.298296898019,2.3,3.0,9507.288654836633,28521.865964509907,29.242623041717632,266.8389352556734,-7.233613170359381,0.13167754316043964,16758.76519675213,87.86925839479981,2.268736582696855,0.8306448606193645
"COUNTERFACTUAL - assumed: licensed live feed + courtside camera, not purchased; parameters from our measurements",own120_pess,2.0,0.25,10,0.95,100.0,1000.0,0.005,region,D>=3c,cap1,ref_short,delay1,ref,decay,point,0.0,0.0,0.0,False,ref,IS,10,20795.0,7645.8,6890.0,869.7,0.33132964654965136,0.09887366927099633,0.3630488098100505,0.17051214234190912,0.46643904784804047,-0.40440000000000004,0.019599999999999885,0.1745263857809775,39.016805659197345,797731.0020977556,386649.298943396,1.809073909989768,1.4925481277316575,2.1268113982266925,14425.750019673636,11857.148760576954,17019.539396446013,17463.6764312867,-3037.9264116130603,103.0,140.0558254337247,19.496272317100694,-192.71370661987467,-167.27199714164243,554.8675776636157,4.0,4.0,5380.6757351539745,16142.027205461922,89.59463356935068,317.4955461438155,-1.2023144680490616,0.13019830129361282,50809.59246418853,10.392347608949754,1.5960501644451992,0.14334996197864702
"COUNTERFACTUAL - assumed: licensed live feed + courtside camera, not purchased; parameters from our measurements",own120_pess,2.0,0.25,10,0.95,100.0,1000.0,0.005,region,D>=3c,cap1,ref_short,delay1,ref,decay,point,0.0,0.0,0.0,False,ref,burned_OOS,10,7093.0,2585.1,2324.3,324.5,0.32768927111236434,0.10082937194108617,0.27935993232764694,0.24474834343719162,0.47589172423516146,-0.4307,0.002149999999999852,0.16896628848490503,40.03811568081852,270904.98591646843,132339.67031033788,0.9527335981788043,0.41561337615849414,1.5074643103222838,2580.9835800487563,1120.2766092133688,4073.9815627471326,3461.2881893848544,-880.3046093360978,40.0,64.5245895012189,9.936719412906333,-284.7961798046152,-201.60801121288003,339.6975505477518,2.9,3.0,4327.536039638021,12982.608118914064,19.92783534133993,181.84149748972683,-2.201753266617483,0.13507965927082402,44700.387390000105,15.950617129032478,2.1207306162632205,0.23658717670665677
"COUNTERFACTUAL - assumed: licensed live feed + courtside camera, not purchased; parameters from our measurements",own120_pess,2.0,0.25,10,0.95,1000.0,1000.0,0.005,region,D>=3c,cap1,ref_short,delay1,ref,decay,point,0.0,0.0,0.0,False,ref,IS,10,20795.0,9481.2,8536.4,869.7,0.4105025246453474,0.09967760992049597,0.3630488098100505,0.17051214234190912,0.46643904784804047,-0.40440000000000004,0.019399999999999883,0.09059919145022621,73.12135326015591,3788251.6743988134,1764704.673408211,1.817090818490066,1.2523201613645156,2.3842928274138555,68877.9191113585,46838.576000082416,91287.72508644858,84827.99932402585,-15950.080212667357,103.0,668.7176612753253,11.423332220370414,-3590.0568980126177,-2114.0684661443656,3866.1582814577114,4.0,4.0,26115.27673760351,78345.83021281053,89.17640655243325,316.0134795304673,-4.75993402240553,0.13065573981976875,50809.59246418853,93.32227836349719,1.7723977101899113,0.24133218477005472
"COUNTERFACTUAL - assumed: licensed live feed + courtside camera, not purchased; parameters from our measurements",own120_pess,2.0,0.25,10,0.95,1000.0,1000.0,0.005,region,D>=3c,cap1,ref_short,delay1,ref,decay,point,0.0,0.0,0.0,False,ref,burned_OOS,10,7093.0,3171.6,2849.0,324.5,0.40166361201184275,0.10170480887101356,0.27935993232764694,0.24474834343719162,0.47589172423516146,-0.4307,0.0017499999999998962,0.09053704281009685,75.47369981601233,1285995.2855344166,602718.6180094802,0.999476678117315,0.0033240209107187725,1.9866130287608903,12838.46829410267,-17.973487572863995,25576.98877382835,17347.377721311837,-4508.909427209166,40.0,320.96170735256675,5.645200081276463,-3538.4531606549635,-1991.3641671159344,3069.257138037724,2.7,3.0,20752.934407076904,62258.80322123071,21.275794444372018,194.1416243048947,-5.754328861928554,0.137064916693656,44700.387390000105,115.66683229454902,1.894174638979478,0.36200841660209565
"COUNTERFACTUAL - assumed: licensed live feed + courtside camera, not purchased; parameters from our measurements",own120_pess,2.0,0.25,10,0.99,100.0,1000.0,0.005,region,D>=3c,cap1,ref_short,delay1,ref,decay,point,0.0,0.0,0.0,False,ref,IS,10,20795.0,7509.1,7243.1,868.2,0.34830968982928584,0.0354381443681827,0.3630488098100505,0.17051214234190912,0.46643904784804047,-0.40440000000000004,0.023199999999999887,0.17060180474420983,37.70581095687839,765061.2798396004,370588.8080506583,2.2211770076420425,1.8912895520845647,2.5493583710714307,16992.038889960393,14430.54022846106,19599.53550635657,17978.75386602054,-986.714976060146,103.0,164.97125135883874,22.486067541970662,-146.42001120147216,-145.39206316691855,597.0415287195582,4.0,4.0,5217.575130148787,15652.725390446363,108.72627016948006,385.2921224452449,-0.9419564792492556,0.11849504319187414,52667.25344755313,8.72656400524899,1.4112727491369355,0.11852117204885365
"COUNTERFACTUAL - assumed: licensed live feed + courtside camera, not purchased; parameters from our measurements",own120_pess,2.0,0.25,10,0.99,100.0,1000.0,0.005,region,D>=3c,cap1,ref_short,delay1,ref,decay,point,0.0,0.0,0.0,False,ref,burned_OOS,10,7093.0,2534.1,2444.2,322.8,0.3445932609615113,0.035460282685976674,0.27935993232764694,0.24474834343719162,0.47589172423516146,-0.4307,0.008799999999999874,0.16517004360676882,39.16658817501917,259690.3678965942,127044.57874824475,1.2733052041594721,0.7131005874439988,1.8626072965853517,3309.4328388124623,1841.624047859199,4804.395236550327,3741.1219553358924,-431.68911652343024,40.0,82.73582097031154,13.289417034511086,-227.07442297358995,-182.09374279535427,355.0242300917665,3.0,3.0,4141.1103578888815,12423.331073666644,26.9018897403107,245.47974388033518,-1.84123784494995,0.12422453727686578,46362.992446083656,16.413912037952674,2.9457724726854693,0.24676169014252142
"COUNTERFACTUAL - assumed: licensed live feed + courtside camera, not purchased; parameters from our measurements",own120_pess,2.0,0.25,10,0.99,1000.0,1000.0,0.005,region,D>=3c,cap1,ref_short,delay1,ref,decay,point,0.0,0.0,0.0,False,ref,IS,10,20795.0,9299.0,8966.1,868.2,0.4311661457081029,0.035814872818838626,0.3630488098100505,0.17051214234190912,0.46643904784804047,-0.40440000000000004,0.023699999999999877,0.08607913494106752,68.40268800272935,3538553.9049138697,1649665.170987416,2.419061584666653,1.8222847481154585,3.024021897155472,85643.1139224328,64113.22095055152,108028.59329907634,92192.08253442038,-6548.968611987575,103.0,831.486542936241,14.114296654198295,-2820.213778687614,-1794.1154723303407,4125.94440317751,4.0,4.0,23531.302921044673,70593.90876313402,122.0524062442303,432.5158085353793,-4.087662786262602,0.1194669131372074,52667.25344755313,78.44935879782903,1.3574945609227913,0.21183079388586296
"COUNTERFACTUAL - assumed: licensed live feed + courtside camera, not purchased; parameters from our measurements",own120_pess,2.0,0.25,10,0.99,1000.0,1000.0,0.005,region,D>=3c,cap1,ref_short,delay1,ref,decay,point,0.0,0.0,0.0,False,ref,burned_OOS,10,7093.0,3111.4,2999.5,322.8,0.42288171436627653,0.035970800032307536,0.27935993232764694,0.24474834343719162,0.47589172423516146,-0.4307,0.008799999999999942,0.08531848307825843,70.91135328165362,1204520.131120126,566577.4242616238,1.4059781314810236,0.36272480275490965,2.4739333146192743,16970.53499715981,4429.178451184475,29839.35761668016,19794.625471212894,-2824.090474053084,40.0,424.2633749289954,7.451737414270262,-2967.5223291852085,-1693.7627384217274,3208.7178028044427,2.8,3.0,19444.62676169436,58333.88028508307,29.54538825293637,269.6016678080444,-5.1432594949644574,0.12557591212631625,46362.992446083656,131.9842791668118,2.096180961012254,0.43315434842208295
"COUNTERFACTUAL - assumed: licensed live feed + courtside camera, not purchased; parameters from our measurements",own120_pess,2.0,0.25,30,0.95,100.0,1000.0,0.005,region,D>=3c,cap1,ref_short,delay1,ref,decay,point,0.0,0.0,0.0,False,ref,IS,10,54704.0,20744.8,18676.7,2439.0,0.3414137905820415,0.09969526856651542,0.3636150921322024,0.17070598128107634,0.4656789265867213,-0.4010000000000001,0.019299999999999873,0.16477266192130285,33.80014173865175,1973252.7929013618,955510.5809997687,1.7295135636117003,1.523891098790624,1.9364732679264467,34119.3379417741,29970.54297933415,38363.033223695296,40887.255110911516,-6767.917169137417,103.0,331.25570817256414,26.8224501041378,-198.60347861201188,-188.93908988064825,957.9696951786766,4.0,4.0,9513.771996309782,28541.31598892935,120.2753034229457,426.218308246361,-0.6984379433664933,0.10663526227039828,109178.2569800559,20.374214808054017,1.7158458487147459,0.11242978142225096
"COUNTERFACTUAL - assumed: licensed live feed + courtside camera, not purchased; parameters from our measurements",own120_pess,2.0,0.25,30,0.95,100.0,1000.0,0.005,region,D>=3c,cap1,ref_short,delay1,ref,decay,point,0.0,0.0,0.0,False,ref,burned_OOS,10,17384.0,6448.0,5792.9,938.5,0.3332317073170732,0.1015905304750165,0.29803842613897835,0.22644385641969628,0.4755177174413253,-0.42840000000000006,0.011899999999999822,0.16316631566177864,36.37463175102568,635837.6843527699,309690.7198845662,1.2617407897789137,0.869636232929299,1.6533721867641464,8008.821171893031,5526.019488448956,10530.740287301995,10269.089911616978,-2260.268739723948,40.0,200.22052929732575,19.42354315432329,-288.1657501159907,-258.15858223398106,627.0189970275171,2.9,3.0,7009.449341795762,21028.34802538728,38.313804189899656,349.61346323283436,-1.3757052509593186,0.11747615849432225,93889.96318198486,29.206814390072715,4.979448525657761,0.19651822697612728
"COUNTERFACTUAL - assumed: licensed live feed + courtside camera, not purchased; parameters from our measurements",own120_pess,2.0,0.25,30,0.95,1000.0,1000.0,0.005,region,D>=3c,cap1,ref_short,delay1,ref,decay,point,0.0,0.0,0.0,False,ref,IS,10,54704.0,25538.1,22984.5,2439.0,0.4201612313541972,0.09999745996118335,0.3636150921322024,0.17070598128107634,0.4656789265867213,-0.4010000000000001,0.019299999999999873,0.0812609141731075,58.10311614373088,8909849.346776223,4134300.062098386,1.710782794673434,1.3425519847839928,2.076794825070226,152388.99437450693,118332.7169389459,186198.2410747009,190131.43955770505,-37742.44518319813,103.0,1479.5047997524946,16.14900185597741,-3620.051812177193,-2739.8440274729473,6361.141740182626,4.0,4.0,39720.346472536796,119161.03941761039,128.14652010352046,454.11145473577636,-3.0560299533405253,0.10756260159580071,109178.2569800559,184.53875525440466,1.3354228064072113,0.215964906945593
"COUNTERFACTUAL - assumed: licensed live feed + courtside camera, not purchased; parameters from our measurements",own120_pess,2.0,0.25,30,0.95,1000.0,1000.0,0.005,region,D>=3c,cap1,ref_short,delay1,ref,decay,point,0.0,0.0,0.0,False,ref,burned_OOS,10,17384.0,7908.3,7103.6,938.5,0.4086286240220892,0.10175518162512578,0.29803842613897835,0.22644385641969628,0.4755177174413253,-0.42840000000000006,0.011699999999999844,0.08322076815442372,64.70313838324216,2940725.504534963,1369001.1752340402,1.318475695356517,0.6243227284676782,2.007849399135026,38684.35747992101,18183.65555981471,59127.43838327411,50482.58932402045,-11798.231844099453,40.0,967.1089369980252,11.4519979146618,-4133.140152100781,-2891.8430278844994,4492.017536249922,2.8,3.0,31731.374563198944,95194.12368959682,40.831396663204096,372.58649455173725,-4.407871254854976,0.11888500571279341,93889.96318198486,183.4863797597222,3.5210356473135294,0.2627633008659117
"COUNTERFACTUAL - assumed: licensed live feed + courtside camera, not purchased; parameters from our measurements",own120_pess,2.0,0.25,30,0.99,100.0,1000.0,0.005,region,D>=3c,cap1,ref_short,delay1,ref,decay,point,0.0,0.0,0.0,False,ref,IS,10,54704.0,20334.6,19604.7,2433.5,0.35837781515062883,0.03589481593633444,0.3636150921322024,0.17070598128107634,0.4656789265867213,-0.4010000000000001,0.023299999999999876,0.16119359477775141,32.87126724925962,1884494.699740126,912538.007238041,2.160027746027376,1.9458105478671601,2.3652160220092826,40701.837358123106,36514.93868450659,44725.17056537054,42993.36886552702,-2291.5315074039195,103.0,395.1634694963408,30.83687175713585,-178.66498993576351,-173.63725758018418,1033.9257571975852,4.0,4.0,9210.851222907415,27632.55366872225,148.40355968969186,525.896109579976,-0.6467937845152291,0.09690736504541478,113305.82875916525,16.88569546378471,1.393746068007133,0.09626535961353387
"COUNTERFACTUAL - assumed: licensed live feed + courtside camera, not purchased; parameters from our measurements",own120_pess,2.0,0.25,30,0.99,100.0,1000.0,0.005,region,D>=3c,cap1,ref_short,delay1,ref,decay,point,0.0,0.0,0.0,False,ref,burned_OOS,10,17384.0,6320.6,6090.0,935.2,0.35032213529682465,0.03648425607933022,0.29803842613897835,0.22644385641969628,0.4755177174413253,-0.42840000000000006,0.01589999999999985,0.15940148064932477,35.14067714856939,607351.5531323202,296313.21589349385,1.602638529037333,1.2016009163510266,2.0162097397155083,9730.43052405525,7292.4497803107515,12201.650075319412,10765.434096926281,-1035.003572871031,40.0,243.26076310138123,23.985604132250508,-221.72299362815224,-196.5723438200607,654.5195685084364,3.0,3.0,6761.077307607076,20283.231922821225,48.136584889323,439.2463371150723,-1.087746790126814,0.1076685759194782,97389.55203892826,24.43661432449598,4.592502246491442,0.1645580184266112
"COUNTERFACTUAL - assumed: licensed live feed + courtside camera, not purchased; parameters from our measurements",own120_pess,2.0,0.25,30,0.99,1000.0,1000.0,0.005,region,D>=3c,cap1,ref_short,delay1,ref,decay,point,0.0,0.0,0.0,False,ref,IS,10,54704.0,24995.9,24091.6,2433.5,0.4403992395437263,0.0361792608159346,0.3636150921322024,0.17070598128107634,0.4656789265867213,-0.4010000000000001,0.023399999999999865,0.0775018200783256,54.177894328053036,8291451.176243241,3855640.821656703,2.3303563200177226,1.9390686627819331,2.7223161691590274,193186.7749813601,159507.77022213914,226439.58670099018,207166.3530951337,-13979.578113773587,103.0,1875.5997571005832,20.022572235151436,-3395.1042421264456,-2460.5309743414273,6768.030059950956,4.0,4.0,37181.95524231142,111545.86572693428,174.54309004976898,618.5264841569484,-3.0597865735350878,0.09812833875710078,113305.82875916525,177.36360755156102,1.3195024040867314,0.22394470656488427
"COUNTERFACTUAL - assumed: licensed live feed + courtside camera, not purchased; parameters from our measurements",own120_pess,2.0,0.25,30,0.99,1000.0,1000.0,0.005,region,D>=3c,cap1,ref_short,delay1,ref,decay,point,0.0,0.0,0.0,False,ref,burned_OOS,10,17384.0,7751.9,7470.6,935.2,0.4297399907961343,0.036292083138886634,0.29803842613897835,0.22644385641969628,0.4755177174413253,-0.42840000000000006,0.015699999999999846,0.0783810208691164,61.81217834608426,2747879.997918333,1284275.319463003,1.759075457865232,1.0090258997541997,2.4804540632603755,48299.33622189642,27496.956652765242,68328.40615477112,54350.95865056124,-6051.622428664825,40.0,1207.4834055474103,14.087821620599446,-3309.1029236963063,-2492.101661569827,4930.690226122242,2.9,3.0,29658.353481053684,88975.06044316107,54.45905138443343,496.938843882955,-3.7018965018895735,0.10877143751594545,97389.55203892826,168.2146224932636,2.366378088210591,0.2483682186920537
"COUNTERFACTUAL - assumed: licensed live feed + courtside camera, not purchased; parameters from our measurements",own120_pess,2.0,0.5,3,0.95,100.0,1000.0,0.005,region,D>=3c,cap1,ref_short,delay1,ref,decay,point,0.0,0.0,0.0,False,ref,IS,10,6257.0,2191.6,1973.0,262.8,0.3153268339459805,0.09975656839435734,0.35972510787917533,0.1738692664216078,0.46640562569921684,-0.40700000000000003,0.01894999999999989,0.19089919006041975,53.41854316292854,279048.55694608606,136172.07762925178,1.7079017239616285,1.1986429079967902,2.229703678837353,4760.06772340508,3325.9979320285966,6220.377582323415,6165.335508656103,-1405.267785251024,103.0,46.21424974179689,11.429286915610755,-186.79419919120892,-140.4990711680801,285.19185479625924,4.0,4.0,3834.674444791957,11504.023334375868,42.81645218000765,151.72820432721156,-1.6856854014154952,0.21977823350536982,34361.84970654336,5.729536311870601,1.4164714674941237,0.22398197577299006
"COUNTERFACTUAL - assumed: licensed live feed + courtside camera, not purchased; parameters from our measurements",own120_pess,2.0,0.5,3,0.95,100.0,1000.0,0.005,region,D>=3c,cap1,ref_short,delay1,ref,decay,point,0.0,0.0,0.0,False,ref,burned_OOS,10,2402.0,824.2,744.3,100.1,0.3098667776852623,0.09697818791673124,0.28701082431307245,0.23909242298084926,0.47389675270607834,-0.42275000000000007,0.007799999999999863,0.1908884580241072,54.1700935078894,104628.54337123947,51012.92040230131,1.2748869766578852,0.44676797727452844,2.1535116721619447,1335.789875883179,462.83028195683056,2218.3002369735427,1909.6798879570433,-573.8900120738641,40.0,33.39474689707948,8.020512095839901,-196.0223049192696,-115.49209468529439,249.6291908317509,2.7,3.0,2136.246213645364,6408.738640936092,21.74263516678882,198.401545896948,-3.0742421389667234,0.21182953392320192,32322.682171195695,12.102422232955611,2.2606239826991987,0.4538014107981006
"COUNTERFACTUAL - assumed: licensed live feed + courtside camera, not purchased; parameters from our measurements",own120_pess,2.0,0.5,3,0.95,1000.0,1000.0,0.005,region,D>=3c,cap1,ref_short,delay1,ref,decay,point,0.0,0.0,0.0,False,ref,IS,10,6257.0,2723.0,2448.4,262.8,0.3913057375739172,0.10088724721126904,0.35972510787917533,0.1738692664216078,0.46640562569921684,-0.40700000000000003,0.018999999999999906,0.11028428494534297,139.6811054490885,1536169.622373506,726705.0827365222,1.7318644097896254,0.9034718744960551,2.5484840594663707,26664.56755933696,13813.443088268434,39607.922029566806,34000.492582583975,-7335.925023247024,103.0,258.8792966925918,7.26052098024207,-2320.653188840787,-1289.6045417534276,2409.8423833400384,3.9,4.0,20253.1018815941,60759.305644782304,44.85888943851636,158.96596742775213,-3.9203934795148614,0.22034197448702933,34361.84970654336,49.401708562935866,1.262529443777722,0.3105427929169296
"COUNTERFACTUAL - assumed: licensed live feed + courtside camera, not purchased; parameters from our measurements",own120_pess,2.0,0.5,3,0.95,1000.0,1000.0,0.005,region,D>=3c,cap1,ref_short,delay1,ref,decay,point,0.0,0.0,0.0,False,ref,burned_OOS,10,2402.0,1026.1,922.9,100.1,0.38422148209825147,0.1006852865411895,0.28701082431307245,0.23909242298084926,0.47389675270607834,-0.42275000000000007,0.007699999999999862,0.11210848627026473,136.12092666849426,571354.8682400279,269818.5654849211,1.3410519444694435,-0.06922940501127613,2.708831943232171,7708.029057933507,-338.5471002521339,15707.966645530072,9761.944062880711,-2053.9150049472055,40.0,192.70072644833766,5.267641078740643,-2079.843573655535,-1069.7472586552544,1990.5221314538444,2.5,3.0,12646.451301677258,37939.35390503177,20.901247329678633,190.7238818833175,-5.508085188661271,0.2151741200176404,32322.682171195695,87.29809859915801,2.068986097949803,0.5808394341612482
"COUNTERFACTUAL - assumed: licensed live feed + courtside camera, not purchased; parameters from our measurements",own120_pess,2.0,0.5,3,0.99,100.0,1000.0,0.005,region,D>=3c,cap1,ref_short,delay1,ref,decay,point,0.0,0.0,0.0,False,ref,IS,10,6257.0,2142.8,2067.6,262.7,0.3304459005913377,0.0351316098259325,0.35972510787917533,0.1738692664216078,0.46640562569921684,-0.40700000000000003,0.02229999999999992,0.18826504300026736,52.65075216728629,270072.7024082482,131725.49065424112,2.0448998213603162,1.5247082925725797,2.5718884962197324,5517.422683758495,4087.808720176562,6935.294443418074,5932.227640569659,-414.80495681116616,103.0,53.56721052192713,13.010366827249143,-159.4412085540551,-124.80592240659239,298.3364393179673,4.0,4.0,3656.476340643346,10969.429021930036,52.29089072434467,185.30267101345447,-1.4953683986805792,0.21150825714103108,35529.94635370292,6.527994390636452,1.4158193050046122,0.2607747049848618
"COUNTERFACTUAL - assumed: licensed live feed + courtside camera, not purchased; parameters from our measurements",own120_pess,2.0,0.5,3,0.99,100.0,1000.0,0.005,region,D>=3c,cap1,ref_short,delay1,ref,decay,point,0.0,0.0,0.0,False,ref,burned_OOS,10,2402.0,800.3,772.0,99.7,0.321398834304746,0.035386857442234,0.28701082431307245,0.23909242298084926,0.47389675270607834,-0.42275000000000007,0.012399999999999856,0.1918854555901883,53.54533107622109,100653.57214507004,48966.49943980795,1.6228967682788629,0.7606788560015596,2.524256317552992,1638.0955378723888,775.0288218660224,2520.533685127699,1903.997336247559,-265.9017983751703,40.0,40.952388446809714,10.000856803630105,-175.33490255687167,-107.78191591584218,259.40157675603666,2.8,3.0,2023.277396392935,6069.8321891788055,27.33581899279593,249.43934830926287,-2.959447149991975,0.2076947908981269,33517.53039350426,11.42139225150256,2.4807935071964398,0.4304301390345307
"COUNTERFACTUAL - assumed: licensed live feed + courtside camera, not purchased; parameters from our measurements",own120_pess,2.0,0.5,3,0.99,1000.0,1000.0,0.005,region,D>=3c,cap1,ref_short,delay1,ref,decay,point,0.0,0.0,0.0,False,ref,IS,10,6257.0,2653.6,2560.6,262.7,0.40923765382771293,0.0350842309697829,0.35972510787917533,0.1738692664216078,0.46640562569921684,-0.40700000000000003,0.02239999999999991,0.10791419012420127,135.96810749208194,1468858.045191461,695124.1655561308,2.206496722767972,1.3625144261835687,3.0341102354621645,32470.389635062274,19803.606927415523,44925.8821530726,34924.8093104439,-2454.4196753816314,103.0,315.24650131128425,9.007961466587048,-2026.2501181183554,-1247.4092316756528,2275.1012089677847,4.0,4.0,19320.32413890227,57960.972416706805,57.7365207714569,204.60029205419193,-3.646248126362272,0.2127089816445579,35529.94635370292,54.32996887303048,1.4152959557526783,0.3582926095346129
"COUNTERFACTUAL - assumed: licensed live feed + courtside camera, not purchased; parameters from our measurements",own120_pess,2.0,0.5,3,0.99,1000.0,1000.0,0.005,region,D>=3c,cap1,ref_short,delay1,ref,decay,point,0.0,0.0,0.0,False,ref,burned_OOS,10,2402.0,1000.8,964.7,99.7,0.40162364696086594,0.03611796953537274,0.28701082431307245,0.23909242298084926,0.47389675270607834,-0.42275000000000007,0.012749999999999873,0.11010297139625562,132.55475639594678,547423.198591299,258741.91562283126,1.7392123615265458,0.30059843238572703,3.204276648378672,9556.231454677047,1614.5006248501834,17652.523639692266,11122.866890005149,-1566.6354353281026,40.0,238.90578636692618,6.51748910472932,-2063.015095425887,-1071.7747479515767,1927.6964573560479,2.5,3.0,12181.01980409652,36543.05941228956,26.89384395026743,245.40632604619032,-5.794687254540738,0.20959327698107333,33517.53039350426,73.07188998687829,1.5724491195372632,0.492931145323373
"COUNTERFACTUAL - assumed: licensed live feed + courtside camera, not purchased; parameters from our measurements",own120_pess,2.0,0.5,10,0.95,100.0,1000.0,0.005,region,D>=3c,cap1,ref_short,delay1,ref,decay,point,0.0,0.0,0.0,False,ref,IS,10,20795.0,7256.5,6542.1,869.7,0.31459966338062034,0.09847436376776607,0.3630488098100505,0.17051214234190912,0.46643904784804047,-0.40440000000000004,0.019699999999999874,0.19226157765811192,51.06791282449468,897088.9750734537,436529.9014072151,1.8275927003268406,1.5375186249841852,2.1175248656011534,16387.293971636074,13720.443756965577,19009.68173065852,19371.354580991116,-2984.0606093550414,103.0,159.0999414721949,21.279253463672333,-189.30372543646916,-176.46837425878348,588.0029018599623,4.0,4.0,5923.243698433975,17769.731095301922,92.4520380908809,327.6213000307916,-1.0661658197939952,0.1986742558720433,101619.18492837706,10.05390891032559,1.9175076486995923,0.12747744561100818
"COUNTERFACTUAL - assumed: licensed live feed + courtside camera, not purchased; parameters from our measurements",own120_pess,2.0,0.5,10,0.95,100.0,1000.0,0.005,region,D>=3c,cap1,ref_short,delay1,ref,decay,point,0.0,0.0,0.0,False,ref,burned_OOS,10,7093.0,2455.6,2209.8,324.5,0.31154659523473843,0.10003346953009355,0.27935993232764694,0.24474834343719162,0.47589172423516146,-0.4307,0.0017999999999998683,0.18608114369869294,52.26010902998809,304808.6755353832,149601.968839666,1.0123403421084824,0.5232020432263719,1.5233943725137775,3084.576519135034,1599.0443680411324,4599.238225762359,3991.1328585013607,-906.5563393663273,40.0,77.11441297837584,11.486579310763279,-261.76917953136734,-197.42083550025671,359.8509027007694,2.9,3.0,4910.08735510485,14730.262065314551,20.913710137733176,190.83760500681524,-1.7808425679835136,0.20349971885476062,89400.77478000021,18.581520649123064,2.5045700960627126,0.24740759213062608
"COUNTERFACTUAL - assumed: licensed live feed + courtside camera, not purchased; parameters from our measurements",own120_pess,2.0,0.5,10,0.95,1000.0,1000.0,0.005,region,D>=3c,cap1,ref_short,delay1,ref,decay,point,0.0,0.0,0.0,False,ref,IS,10,20795.0,9078.8,8174.0,869.7,0.3930752584755951,0.09968531923123058,0.3630488098100505,0.17051214234190912,0.46643904784804047,-0.40440000000000004,0.019399999999999883,0.10907194481236471,126.19200766485451,4816229.1373730395,2267967.0499512875,1.9462588531852159,1.473346987038624,2.4081150072959874,93750.28042544502,70378.38333881475,116901.46906055634,109848.41595007866,-16098.135524633642,103.0,910.1968973344176,14.543680873666835,-2839.899772892461,-2006.9218264057126,4449.379602051815,4.0,4.0,33236.59900226424,99709.79700679274,94.78705087294296,335.8958598895551,-2.9185008219757056,0.19809460321478403,101619.18492837706,81.76799575869398,1.570989613963339,0.16918044113592187
"COUNTERFACTUAL - assumed: licensed live feed + courtside camera, not purchased; parameters from our measurements",own120_pess,2.0,0.5,10,0.95,1000.0,1000.0,0.005,region,D>=3c,cap1,ref_short,delay1,ref,decay,point,0.0,0.0,0.0,False,ref,burned_OOS,10,7093.0,3053.6,2742.2,324.5,0.38660651346397856,0.10196925148624184,0.27935993232764694,0.24474834343719162,0.47589172423516146,-0.4307,0.0019999999999998686,0.10650208639955998,126.847576165861,1630038.1432675058,773653.6344166984,0.9805547406361693,0.17648199364937456,1.7839268837834754,15944.38038936233,2800.623133530794,29209.087205263357,19806.61926605399,-3862.2388766916583,40.0,398.6095097340582,6.69807051618763,-3285.667468962424,-1853.654096525847,3254.510286993561,2.8,3.0,26786.53624754976,80359.60874264927,20.49286297167469,186.99737461653152,-4.080657993700262,0.20567148801662735,89400.77478000021,119.63548215606832,1.4935148403653418,0.3022504787848368
"COUNTERFACTUAL - assumed: licensed live feed + courtside camera, not purchased; parameters from our measurements",own120_pess,2.0,0.5,10,0.99,100.0,1000.0,0.005,region,D>=3c,cap1,ref_short,delay1,ref,decay,point,0.0,0.0,0.0,False,ref,IS,10,20795.0,7104.6,6854.0,868.2,0.3295984611685501,0.03529096340333996,0.3630488098100505,0.17051214234190912,0.46643904784804047,-0.40440000000000004,0.023299999999999876,0.18968966890303385,50.33226522347687,867760.9087984314,422107.78887103393,2.189921923373189,1.8945020117087439,2.491668156769405,18999.33735161237,16422.889523173348,21722.955573207106,19995.498883480126,-996.1615318677547,103.0,184.45958593798414,24.098117030347108,-136.87358803156513,-129.3116131682282,649.1729445180192,4.0,4.0,5855.229773092624,17565.689319277873,108.32187783845127,383.8590816605312,-0.7830156811436496,0.19150544342134407,105334.50689510626,8.428369513782826,1.5149245974438716,0.1065322050856263
"COUNTERFACTUAL - assumed: licensed live feed + courtside camera, not purchased; parameters from our measurements",own120_pess,2.0,0.5,10,0.99,100.0,1000.0,0.005,region,D>=3c,cap1,ref_short,delay1,ref,decay,point,0.0,0.0,0.0,False,ref,burned_OOS,10,7093.0,2398.5,2313.5,322.8,0.3261666431693219,0.03541954634424662,0.27935993232764694,0.24474834343719162,0.47589172423516146,-0.4307,0.008099999999999895,0.1839646496313264,51.77029612526511,294862.1343913278,144942.30976890452,1.29154243497883,0.7851488481815431,1.828074074004459,3810.9640779104134,2319.3415553358077,5370.541173683887,4218.7241306026535,-407.76005269224066,40.0,95.27410194776033,14.757064933466788,-214.30181961507043,-170.40155240157802,380.4420120015229,3.0,3.0,4730.580557276398,14191.741671829199,26.96694846980005,246.0734047869255,-1.5287438789911867,0.1977628880387731,92725.98489216731,18.842716106434658,3.177795819283049,0.25098404766922044
"COUNTERFACTUAL - assumed: licensed live feed + courtside camera, not purchased; parameters from our measurements",own120_pess,2.0,0.5,10,0.99,1000.0,1000.0,0.005,region,D>=3c,cap1,ref_short,delay1,ref,decay,point,0.0,0.0,0.0,False,ref,IS,10,20795.0,8870.4,8555.0,868.2,0.41139697042558304,0.03557078969087864,0.3630488098100505,0.17051214234190912,0.46643904784804047,-0.40440000000000004,0.023499999999999875,0.10624608682181313,124.18109160148212,4609208.577211559,2172895.0304628015,2.3989368065844445,1.9234913520243535,2.887431543717056,110604.2633478527,87955.05762782952,134549.40593012093,116963.14584225877,-6358.882494406091,103.0,1073.8277994937155,17.16038187972207,-2204.3776262091123,-1640.700251441259,4563.081204705906,4.0,4.0,31176.511569669463,93529.53470900841,118.89082946930944,421.3121626825044,-2.364584720050429,0.19148380223475597,105334.50689510626,64.751798479456,1.1851447887750322,0.13047763205593274
"COUNTERFACTUAL - assumed: licensed live feed + courtside camera, not purchased; parameters from our measurements",own120_pess,2.0,0.5,10,0.99,1000.0,1000.0,0.005,region,D>=3c,cap1,ref_short,delay1,ref,decay,point,0.0,0.0,0.0,False,ref,burned_OOS,10,7093.0,2984.0,2876.4,322.8,0.4055265754969688,0.03606021974729229,0.27935993232764694,0.24474834343719162,0.47589172423516146,-0.4307,0.008699999999999907,0.10302053417721835,124.59372776764818,1564934.9372004995,745070.3957916702,1.2865499967596281,0.46189159445714995,2.1377979089784453,20126.663850974062,7164.81983217264,33510.543021209225,22758.448023461322,-2631.784172487262,40.0,503.1665962743515,8.447476952573837,-2738.6469649291794,-1651.223560629864,3363.2898486568542,2.9,3.0,25829.62892010717,77488.8867603215,26.78103699905863,244.37696261641003,-3.547487925233066,0.19894495295312262,92725.98489216731,130.03911474131195,1.8172888237993075,0.33414964469168573
"COUNTERFACTUAL - assumed: licensed live feed + courtside camera, not purchased; parameters from our measurements",own120_pess,2.0,0.5,30,0.95,100.0,1000.0,0.005,region,D>=3c,cap1,ref_short,delay1,ref,decay,point,0.0,0.0,0.0,False,ref,IS,10,54704.0,19663.3,17708.6,2439.0,0.32371673003802276,0.09940936192812377,0.3636150921322024,0.17070598128107634,0.4656789265867213,-0.4010000000000001,0.01949999999999985,0.18354052008287233,46.336967347556936,2249585.566355007,1095027.9671398501,1.7609185639449827,1.5754089821005843,1.948849158503588,39605.354935742886,35309.403387673105,43956.12802472946,46236.736630485146,-6631.381694742265,103.0,384.5180090848824,29.21198892466335,-207.1333629832954,-202.3403536166959,1035.2984637520053,4.0,4.0,10999.856128623856,32999.56838587157,120.8760576614552,428.3471946255453,-0.6280262681547975,0.1650916458837021,218356.5139601118,21.430703657396975,1.7830411811179352,0.10349361713745567
"COUNTERFACTUAL - assumed: licensed live feed + courtside camera, not purchased; parameters from our measurements",own120_pess,2.0,0.5,30,0.95,100.0,1000.0,0.005,region,D>=3c,cap1,ref_short,delay1,ref,decay,point,0.0,0.0,0.0,False,ref,burned_OOS,10,17384.0,6121.6,5499.8,938.5,0.3163713759779107,0.10156412180786142,0.29803842613897835,0.22644385641969628,0.4755177174413253,-0.42840000000000006,0.011799999999999833,0.18104264761951064,48.416727484485904,719762.5244496334,352529.97715297696,1.3194334021904521,0.9634177550543223,1.6747642372603049,9484.87046519908,6911.66079887659,12053.656414853409,11729.734397056656,-2244.8639318575797,40.0,237.12176162997693,21.657405933248505,-232.2271744242048,-216.80400205616394,711.2630304011151,3.0,3.0,7929.455788810233,23788.3673664307,40.035530206192206,365.3242131315039,-0.9918762878432634,0.17858240153400368,187779.92636396972,31.246963814287014,4.892308465313062,0.18519252864718205
"COUNTERFACTUAL - assumed: licensed live feed + courtside camera, not purchased; parameters from our measurements",own120_pess,2.0,0.5,30,0.95,1000.0,1000.0,0.005,region,D>=3c,cap1,ref_short,delay1,ref,decay,point,0.0,0.0,0.0,False,ref,IS,10,54704.0,24517.1,22068.0,2439.0,0.40340742907282834,0.09989760537534001,0.3636150921322024,0.17070598128107634,0.4656789265867213,-0.4010000000000001,0.019399999999999862,0.09902805234616445,99.45965312176371,11465550.582052732,5384967.010837477,1.8626530408385829,1.5559944538767871,2.1686330900866357,213504.93861894388,177335.47101809861,249849.67088366728,250527.61164010532,-37022.67302116142,103.0,2072.8634817373195,20.96011419662316,-3185.480573987842,-2389.504638659078,7307.625108629392,4.0,4.0,52707.81738284316,158123.4521485295,135.53728144786683,480.3020167812757,-2.0133214485309203,0.16546887854017225,218356.5139601118,167.01890576473022,1.5909491594853877,0.15589470727477422
"COUNTERFACTUAL - assumed: licensed live feed + courtside camera, not purchased; parameters from our measurements",own120_pess,2.0,0.5,30,0.95,1000.0,1000.0,0.005,region,D>=3c,cap1,ref_short,delay1,ref,decay,point,0.0,0.0,0.0,False,ref,burned_OOS,10,17384.0,7605.2,6829.7,938.5,0.39287275655775433,0.10197321285547142,0.29803842613897835,0.22644385641969628,0.4755177174413253,-0.42840000000000006,0.011699999999999822,0.09992785582207372,114.4142850310689,3753106.3159572645,1770909.5125972915,1.3444775706262058,0.771539314134336,1.9208440665447817,50371.45486712856,28854.44798774636,72123.67369527355,61321.26384444734,-10949.808977318773,40.0,1259.286371678214,13.833552554157365,-3519.8172474920966,-2819.4778486300647,4766.088737141109,2.8,3.0,40636.10618476732,121908.31855430198,41.60724832954166,379.6661410070677,-2.901171718675664,0.18048391208035935,187779.92636396972,205.38030772226773,3.2633976977685513,0.23128168860440296
"COUNTERFACTUAL - assumed: licensed live feed + courtside camera, not purchased; parameters from our measurements",own120_pess,2.0,0.5,30,0.99,100.0,1000.0,0.005,region,D>=3c,cap1,ref_short,delay1,ref,decay,point,0.0,0.0,0.0,False,ref,IS,10,54704.0,19206.8,18519.4,2433.5,0.3385383152968704,0.03579038658606848,0.3636150921322024,0.17070598128107634,0.4656789265867213,-0.4010000000000001,0.023399999999999865,0.18143727883456198,45.40720631519327,2169731.636560696,1056308.5977045014,2.1387809620856015,1.9469944978372262,2.326805531749009,46403.79443867692,42114.57386713724,50567.69595604445,48530.07422755136,-2126.2797888744353,103.0,450.5222761036595,32.99001068676117,-147.29952599060888,-147.29952599060834,1109.1769143986662,4.0,4.0,10725.538216692294,32176.614650076885,145.34244330615215,515.0484641431605,-0.44688537812900886,0.1594728100056436,226611.6575183305,18.413870818999634,1.4197432096296323,0.08888024176432736
"COUNTERFACTUAL - assumed: licensed live feed + courtside camera, not purchased; parameters from our measurements",own120_pess,2.0,0.5,30,0.99,100.0,1000.0,0.005,region,D>=3c,cap1,ref_short,delay1,ref,decay,point,0.0,0.0,0.0,False,ref,burned_OOS,10,17384.0,5980.1,5760.9,935.2,0.33139093419236076,0.03665275487644819,0.29803842613897835,0.22644385641969628,0.4755177174413253,-0.42840000000000006,0.015599999999999814,0.17871453768959972,47.76612320117819,694063.7630713567,340537.5378681511,1.614562404090399,1.2453580709862435,1.9872774837085625,11202.053446518908,8629.258347702242,13765.406498249085,12176.779691716583,-974.7262451976767,40.0,280.0513361629727,25.65727221167013,-187.07506578948338,-157.66464047094166,744.8548558932287,3.0,3.0,7697.874220574126,23093.62266172238,48.685499679521755,444.25518457563595,-0.8127274531909048,0.17297613454749075,194779.10407785652,27.261073277750747,4.385896871817408,0.16181801214435898
"COUNTERFACTUAL - assumed: licensed live feed + courtside camera, not purchased; parameters from our measurements",own120_pess,2.0,0.5,30,0.99,1000.0,1000.0,0.005,region,D>=3c,cap1,ref_short,delay1,ref,decay,point,0.0,0.0,0.0,False,ref,IS,10,54704.0,23908.8,23048.4,2433.5,0.42132933606317635,0.03598769131325421,0.3636150921322024,0.17070598128107634,0.4656789265867213,-0.4010000000000001,0.02344999999999986,0.09696018824806846,95.21021794709404,10948261.68457212,5152215.332242297,2.335741316357794,2.0186248400437923,2.651037539973877,255694.48384590936,219327.52544206977,291539.00821259746,269166.0309806803,-13471.547134770972,103.0,2482.4707169505755,24.45815395576826,-2701.00690111937,-2230.1434245359537,7675.950541038203,4.0,4.0,50619.59513624612,151858.78540873836,169.49198449181367,600.6269353350679,-1.778385969627254,0.1601750137697926,226611.6575183305,168.88690088032084,1.5292504348592186,0.16245164689781882
"COUNTERFACTUAL - assumed: licensed live feed + courtside camera, not purchased; parameters from our measurements",own120_pess,2.0,0.5,30,0.99,1000.0,1000.0,0.005,region,D>=3c,cap1,ref_short,delay1,ref,decay,point,0.0,0.0,0.0,False,ref,burned_OOS,10,17384.0,7420.4,7149.8,935.2,0.4112862402208927,0.036468796732695596,0.29803842613897835,0.22644385641969628,0.4755177174413253,-0.42840000000000006,0.015599999999999836,0.0972072374770462,111.0842865638817,3590448.000304331,1699600.9456473514,1.701793629069557,1.1088329329483393,2.2954009877264268,61070.38852793259,39468.6132812642,82561.38676657187,66857.98653035435,-5787.598002421748,40.0,1526.7597131983148,16.54550297886846,-2886.355528951878,-2396.141018320117,5186.184909289799,2.9,3.0,39059.02004942107,117177.0601482632,52.354983381139995,477.7392233529026,-2.4668970820909606,0.17502318322444885,194779.10407785652,206.95572148369072,2.566940783722774,0.234493501362148
"COUNTERFACTUAL - assumed: licensed live feed + courtside camera, not purchased; parameters from our measurements",own120_pess,2.0,1.0,3,0.95,100.0,1000.0,0.005,region,D>=3c,cap1,ref_short,delay1,ref,decay,point,0.0,0.0,0.0,False,ref,IS,10,6257.0,2100.3,1891.4,262.8,0.30228544030685633,0.09948681033854588,0.35972510787917533,0.1738692664216078,0.46640562569921684,-0.40700000000000003,0.018999999999999906,0.2047368869994306,63.73299241988532,302331.88910198916,147885.65888637598,1.7593463459732477,1.2790809386328916,2.256344119233119,5312.040925827663,3854.615902215194,6784.665873826986,6686.918672381117,-1374.8777465534554,103.0,51.57321287211323,12.359548881560256,-190.76587192136702,-135.3492198465123,298.9689204164161,4.0,4.0,4256.3070169125895,12768.921050737767,43.10332357942794,152.7447874416621,-1.5586814193712248,0.3316790546738655,68723.69941308672,6.183267346039739,1.569064047081073,0.22411258900999032
"COUNTERFACTUAL - assumed: licensed live feed + courtside camera, not purchased; parameters from our measurements",own120_pess,2.0,1.0,3,0.95,100.0,1000.0,0.005,region,D>=3c,cap1,ref_short,delay1,ref,decay,point,0.0,0.0,0.0,False,ref,burned_OOS,10,2402.0,789.0,711.1,100.1,0.296044962531224,0.0987741724035898,0.28701082431307245,0.23909242298084926,0.47389675270607834,-0.42275000000000007,0.007699999999999874,0.2055385362852264,63.99166050034474,113515.2049233515,55511.43609548699,1.3297222687972372,0.5374350582747579,2.155469977915446,1509.7066639591644,604.3926851689096,2397.522654497569,2114.4954279110675,-604.7887639519033,40.0,37.74266659897911,8.804053144929833,-197.02911689033812,-118.61281262835146,260.3292941887177,2.6,3.0,2306.770660777753,6920.311982333258,22.634696960399275,206.54160976364338,-2.8224636045809026,0.32522923704105866,64645.36434239139,12.843733801905987,2.5837081174455774,0.4504054545598133
"COUNTERFACTUAL - assumed: licensed live feed + courtside camera, not purchased; parameters from our measurements",own120_pess,2.0,1.0,3,0.95,1000.0,1000.0,0.005,region,D>=3c,cap1,ref_short,delay1,ref,decay,point,0.0,0.0,0.0,False,ref,IS,10,6257.0,2616.1,2352.5,262.8,0.37597890362793673,0.10079975610696805,0.35972510787917533,0.1738692664216078,0.46640562569921684,-0.40700000000000003,0.019099999999999895,0.1265478453602738,226.979494075613,1856028.2139638453,884522.2356833674,1.8202909317629306,1.1209183175011368,2.522799532558282,33802.23434736236,20492.57640830494,47052.60334262076,41863.370474371455,-8061.136127009095,103.0,328.1770324986637,8.871721400387516,-1995.2750438908984,-1253.9848630058416,2574.591588562337,4.0,4.0,24376.524088365473,73129.57226509643,47.296947754420636,167.6056886443061,-2.8016649652336865,0.3347682297985993,68723.69941308672,44.49652074283997,1.0682397149621752,0.23865136698803685
"COUNTERFACTUAL - assumed: licensed live feed + courtside camera, not purchased; parameters from our measurements",own120_pess,2.0,1.0,3,0.95,1000.0,1000.0,0.005,region,D>=3c,cap1,ref_short,delay1,ref,decay,point,0.0,0.0,0.0,False,ref,burned_OOS,10,2402.0,983.1,884.8,100.1,0.3683597002497918,0.10006780924550682,0.28701082431307245,0.23909242298084926,0.47389675270607834,-0.42275000000000007,0.008399999999999918,0.12891195689592522,222.98991979930005,692600.6756369021,329384.4439231346,1.3761293877329102,0.21835449462983242,2.5610236466229814,9573.346932627817,1491.2492792868215,17766.48474751337,11685.913712079393,-2112.566779451575,40.0,239.3336733156954,6.421623571012056,-1926.2140748668876,-1020.2662425092169,2116.3315737546645,2.6,3.0,14418.890205278916,43256.670615836745,22.805698870296993,208.1020021914601,-4.470883602008029,0.32805441606800356,64645.36434239139,87.42713946031093,1.8821842207650108,0.47031685195776185
"COUNTERFACTUAL - assumed: licensed live feed + courtside camera, not purchased; parameters from our measurements",own120_pess,2.0,1.0,3,0.99,100.0,1000.0,0.005,region,D>=3c,cap1,ref_short,delay1,ref,decay,point,0.0,0.0,0.0,False,ref,IS,10,6257.0,2048.6,1976.6,262.7,0.3159021895477066,0.0351781845256506,0.35972510787917533,0.1738692664216078,0.46640562569921684,-0.40700000000000003,0.02239999999999991,0.20309597264804716,63.56492297889952,294255.90054114995,143895.2821220278,2.0681936603443947,1.5766364097347703,2.5685712374370437,6079.342159775797,4603.841502900252,7560.299673966462,6491.953788005914,-412.61162823011745,103.0,59.022739415298986,13.855303036767637,-154.50095816046755,-128.86634926693074,306.4074557903356,4.0,4.0,4058.8195682202413,12176.458704660725,51.96028709363636,184.13111445803176,-1.3219654616426437,0.33148206119168294,71059.89270740584,6.847498816252159,1.6945008420256102,0.2529824659128627
"COUNTERFACTUAL - assumed: licensed live feed + courtside camera, not purchased; parameters from our measurements",own120_pess,2.0,1.0,3,0.99,100.0,1000.0,0.005,region,D>=3c,cap1,ref_short,delay1,ref,decay,point,0.0,0.0,0.0,False,ref,burned_OOS,10,2402.0,762.2,734.4,99.7,0.3057452123230641,0.036504087233511694,0.28701082431307245,0.23909242298084926,0.47389675270607834,-0.42275000000000007,0.011999999999999867,0.20784787927469442,64.58039993713591,109767.95351331837,53610.65182451483,1.6234520742814689,0.811615427582355,2.4801223315411822,1784.0696951694754,897.0115990331966,2670.4424036391993,2043.873236366902,-259.8035411974268,40.0,44.60174237923688,10.55310920024954,-163.03458303584117,-110.03115965505381,269.21844506204286,2.6,3.0,2184.9035213275147,6554.710563982544,27.71100174992723,252.86289096808596,-2.5338452630152815,0.3282555292277543,67035.06078700852,11.817300647759598,2.522115158854715,0.41820653149744186
"COUNTERFACTUAL - assumed: licensed live feed + courtside camera, not purchased; parameters from our measurements",own120_pess,2.0,1.0,3,0.99,1000.0,1000.0,0.005,region,D>=3c,cap1,ref_short,delay1,ref,decay,point,0.0,0.0,0.0,False,ref,IS,10,6257.0,2540.7,2450.9,262.7,0.39170529007511584,0.0353850557575906,0.35972510787917533,0.1738692664216078,0.46640562569921684,-0.40700000000000003,0.02279999999999991,0.12579278657997553,228.13022581477858,1801780.5849224613,859153.309549408,2.192858418540887,1.480921042986275,2.888839128093289,39536.711603089774,26520.34644980326,52697.57843779835,42188.284913308395,-2651.5733102186086,103.0,383.8515689620367,10.527735641122943,-1795.4735823079209,-1168.0235453782266,2492.820503684273,4.0,4.0,23320.208223610658,69960.62467083198,58.076374079442566,205.80462659219938,-2.651925646892289,0.3356137253697521,71059.89270740584,51.405237301021195,1.307747749579765,0.2839224694129818
"COUNTERFACTUAL - assumed: licensed live feed + courtside camera, not purchased; parameters from our measurements",own120_pess,2.0,1.0,3,0.99,1000.0,1000.0,0.005,region,D>=3c,cap1,ref_short,delay1,ref,decay,point,0.0,0.0,0.0,False,ref,burned_OOS,10,2402.0,953.0,919.0,99.7,0.3825978351373855,0.03573264681992154,0.28701082431307245,0.23909242298084926,0.47389675270607834,-0.42275000000000007,0.012999999999999868,0.12950006228918393,224.41189036861564,673534.8790787685,320421.2002830928,1.722463382334451,0.5247239530870467,2.9422451209318488,11653.99160772383,3562.668308030306,20005.491545610257,13025.705411413259,-1371.713803689429,40.0,291.34979019309577,7.802328239124786,-1962.3044328213255,-1047.3574097562382,2083.1977453712348,2.6,3.0,14224.485315436968,42673.4559463109,27.872828933528734,254.33956401844975,-4.6611093030060955,0.32929662932922277,67035.06078700852,73.03323560823651,1.5253086835580214,0.3819228235934152
"COUNTERFACTUAL - assumed: licensed live feed + courtside camera, not purchased; parameters from our measurements",own120_pess,2.0,1.0,10,0.95,100.0,1000.0,0.005,region,D>=3c,cap1,ref_short,delay1,ref,decay,point,0.0,0.0,0.0,False,ref,IS,10,20795.0,6937.7,6256.0,869.7,0.30084154844914646,0.09828452393153456,0.3630488098100505,0.17051214234190912,0.46643904784804047,-0.40440000000000004,0.019599999999999906,0.2068463445348391,61.63440586525475,976082.397289847,476316.40832713107,1.8492259230853594,1.5788920296414892,2.1263553071972003,18043.538983350543,15367.527907451567,20779.306732692698,21046.432104218802,-3002.893120868259,103.0,175.17999012961693,22.564392952088102,-175.35104884015246,-167.3715450507105,611.5985994445625,4.0,4.0,6405.365800049315,19216.097400147944,94.33160431984098,334.28189880332,-0.9187741543753859,0.30584543636351214,203238.3698567541,9.08323347219001,1.8971616112661085,0.10639714961262516
"COUNTERFACTUAL - assumed: licensed live feed + courtside camera, not purchased; parameters from our measurements",own120_pess,2.0,1.0,10,0.95,100.0,1000.0,0.005,region,D>=3c,cap1,ref_short,delay1,ref,decay,point,0.0,0.0,0.0,False,ref,burned_OOS,10,7093.0,2351.6,2116.3,324.5,0.2983645848019174,0.1000123212793254,0.27935993232764694,0.24474834343719162,0.47589172423516146,-0.4307,0.0019999999999998795,0.2000590346354803,62.215812212401,331481.7855725333,163266.48657073342,1.0548197294738197,0.5993524221193127,1.5299110505350417,3495.0848338195647,1987.1083442750175,5032.01660195566,4434.826223097696,-939.7413892781326,40.0,87.3771208454891,12.539845991131633,-261.30539680014226,-187.02053285975688,387.24981879331585,2.9,3.0,5301.606546497936,15904.819639493808,21.9440599014631,200.23954660085082,-1.6370535179868224,0.3075152644812203,178801.54956000042,18.907324724981997,2.6502269032631576,0.23177827889751232
"COUNTERFACTUAL - assumed: licensed live feed + courtside camera, not purchased; parameters from our measurements",own120_pess,2.0,1.0,10,0.95,1000.0,1000.0,0.005,region,D>=3c,cap1,ref_short,delay1,ref,decay,point,0.0,0.0,0.0,False,ref,IS,10,20795.0,8698.8,7835.0,869.7,0.37677326280355855,0.09932264239808566,0.3630488098100505,0.17051214234190912,0.46643904784804047,-0.40440000000000004,0.019599999999999885,0.12635315418318874,201.96357745813347,5873942.832273824,2788948.244754649,2.0188259392898535,1.6195072588165904,2.411976924223987,118560.5111416715,94153.7225448547,142805.83130812529,135629.75976945856,-17069.24862778703,103.0,1151.0729237055484,17.500001190555924,-2346.042823947172,-1841.1390070623336,4940.666173451594,4.0,4.0,39933.36305880202,119800.08917640604,99.44191238307408,352.3912429108936,-1.994770742486935,0.3051092176752917,203238.3698567541,84.29451300239619,1.3465951831407021,0.15213035678213613
"COUNTERFACTUAL - assumed: licensed live feed + courtside camera, not purchased; parameters from our measurements",own120_pess,2.0,1.0,10,0.95,1000.0,1000.0,0.005,region,D>=3c,cap1,ref_short,delay1,ref,decay,point,0.0,0.0,0.0,False,ref,burned_OOS,10,7093.0,2930.1,2631.9,324.5,0.37105597067531365,0.10175218832533295,0.27935993232764694,0.24474834343719162,0.47589172423516146,-0.4307,0.0022999999999998577,0.12298800276074273,209.67934454542916,1988696.6869700414,952466.704149493,1.0367127499175262,0.3719226671920375,1.712201669614983,20578.11736935315,7229.331658825156,34220.543097350615,24669.899536712477,-4091.7821673593266,40.0,514.4529342338286,8.379605199381547,-2739.0752698205347,-1765.416987908411,3307.8925383794804,3.0,3.0,31482.418755003502,94447.25626501051,22.260430859972416,203.1264315972483,-2.9084234839274137,0.30978002170885366,178801.54956000042,132.11922553008765,1.6450136154749135,0.2739966348060811
"COUNTERFACTUAL - assumed: licensed live feed + courtside camera, not purchased; parameters from our measurements",own120_pess,2.0,1.0,10,0.99,100.0,1000.0,0.005,region,D>=3c,cap1,ref_short,delay1,ref,decay,point,0.0,0.0,0.0,False,ref,IS,10,20795.0,6768.2,6527.4,868.2,0.3138927626833373,0.035595829642438306,0.3630488098100505,0.17051214234190912,0.46643904784804047,-0.40440000000000004,0.023399999999999886,0.20571123544861022,61.55152760049525,949989.5138896529,463505.70500748587,2.177791188727085,1.900150106878845,2.4612344439420943,20684.647072000884,18054.48243202987,23496.07517408757,21733.28530041179,-1048.6382284109027,103.0,200.8218162330183,25.32315954642291,-139.0996567154616,-129.34588415940658,681.2627093411379,4.0,4.0,6375.196188739662,19125.588566218987,108.39549965336968,384.11997449980515,-0.7281185018634276,0.3055853015017308,210669.0137902125,8.73129527526091,1.3635137563485857,0.10145022719796572
"COUNTERFACTUAL - assumed: licensed live feed + courtside camera, not purchased; parameters from our measurements",own120_pess,2.0,1.0,10,0.99,100.0,1000.0,0.005,region,D>=3c,cap1,ref_short,delay1,ref,decay,point,0.0,0.0,0.0,False,ref,burned_OOS,10,7093.0,2289.9,2208.7,322.8,0.3113915127590582,0.03544734986731131,0.27935993232764694,0.24474834343719162,0.47589172423516146,-0.4307,0.008299999999999908,0.19903595147295647,62.28033344206644,322534.9139689079,159099.7918250382,1.2993080823651055,0.824362026341199,1.8060648523754472,4191.394195829128,2662.264846835575,5770.417870219204,4566.771132305472,-375.37693647634416,40.0,104.7848548957282,15.49943384387657,-209.12872381155302,-163.5120049138223,401.7170690006858,3.0,3.0,5137.07568643373,15411.227059301189,27.238700927513968,248.55314596356493,-1.375068252311411,0.30943440211370593,185451.96978433462,19.71656058188308,3.298918929493287,0.2430555862239832
"COUNTERFACTUAL - assumed: licensed live feed + courtside camera, not purchased; parameters from our measurements",own120_pess,2.0,1.0,10,0.99,1000.0,1000.0,0.005,region,D>=3c,cap1,ref_short,delay1,ref,decay,point,0.0,0.0,0.0,False,ref,IS,10,20795.0,8466.3,8165.1,868.2,0.3926472709786006,0.03559144787217984,0.3630488098100505,0.17051214234190912,0.46643904784804047,-0.40440000000000004,0.023399999999999886,0.12537267758772677,203.34963973636525,5710739.70129126,2713844.5292808884,2.3805748991741282,1.9734179165772905,2.785113658053139,135965.75157839904,112281.05322993896,160609.23587530822,142617.1944979692,-6651.4429195701405,103.0,1320.055840566981,19.881778674569773,-1754.9934875456015,-1521.4223290263358,5169.105218935516,4.0,4.0,38256.53555181953,114769.60665545857,119.12199260001401,422.13133300004966,-1.5471363368906883,0.3058127046986123,210669.0137902125,67.52594794430001,1.2571088282339318,0.11351306620773459
"COUNTERFACTUAL - assumed: licensed live feed + courtside camera, not purchased; parameters from our measurements",own120_pess,2.0,1.0,10,0.99,1000.0,1000.0,0.005,region,D>=3c,cap1,ref_short,delay1,ref,decay,point,0.0,0.0,0.0,False,ref,burned_OOS,10,7093.0,2850.1,2747.9,322.8,0.38741012265613983,0.035855286950161214,0.27935993232764694,0.24474834343719162,0.47589172423516146,-0.4307,0.008699999999999897,0.12149795672301034,212.13453647722707,1938805.3110272256,931137.5624477717,1.298171053392924,0.616757910887223,2.008332530642133,25158.074488009464,11755.462955798426,38975.199825282994,27484.941711688607,-2326.8672236791435,40.0,628.9518622002366,10.413912190959888,-2415.3926986588913,-1725.4791942254597,3341.0171793735085,3.0,3.0,30893.221190062508,92679.66357018752,27.933002458916878,254.88864743761656,-2.6238706436673107,0.31080778623639194,185451.96978433462,134.64990973248405,2.0517053621049204,0.2796632047772705
"COUNTERFACTUAL - assumed: licensed live feed + courtside camera, not purchased; parameters from our measurements",own120_pess,2.0,1.0,30,0.95,100.0,1000.0,0.005,region,D>=3c,cap1,ref_short,delay1,ref,decay,point,0.0,0.0,0.0,False,ref,IS,10,54704.0,18745.9,16887.0,2439.0,0.3086977186311787,0.09916253423922086,0.3636150921322024,0.17070598128107634,0.4656789265867213,-0.4010000000000001,0.019399999999999862,0.19946838603597045,56.791601317900266,2473940.6572819087,1208735.6729595517,1.7893355467801269,1.6150077196378494,1.9631910018654601,44260.63306085774,39893.23953038956,48722.749191292896,50724.02028045054,-6463.3872195928,103.0,429.7148840859974,30.9877443231317,-157.4232922857165,-148.78765620130093,1102.914911580291,4.0,4.0,12162.057168419069,36486.17150525721,122.09523793224893,432.6675907307852,-0.4322369772444028,0.25553603856537305,436713.0279202236,22.325216852925312,1.8458662108422788,0.09707231962025875
"COUNTERFACTUAL - assumed: licensed live feed + courtside camera, not purchased; parameters from our measurements",own120_pess,2.0,1.0,30,0.95,100.0,1000.0,0.005,region,D>=3c,cap1,ref_short,delay1,ref,decay,point,0.0,0.0,0.0,False,ref,burned_OOS,10,17384.0,5851.9,5257.3,938.5,0.3024217671421997,0.10160121550336201,0.29803842613897835,0.22644385641969628,0.4755177174413253,-0.42840000000000006,0.011599999999999833,0.1958343618344403,58.44428175930595,787266.7594561273,387256.2427547454,1.3641488217505937,1.034266551514668,1.7011001181932675,10730.72470907517,8100.1973143376645,13327.814970788942,12926.847702281739,-2196.122993206568,40.0,268.2681177268792,23.16939577071533,-197.08641083566516,-195.7789520072694,784.09942123392,3.0,3.0,8590.310363862876,25770.931091588624,41.83911921439756,381.7819628313777,-0.7726968479630465,0.27311663775292744,375559.85272793943,31.574196368583767,4.7752880371183934,0.1698663051304241
"COUNTERFACTUAL - assumed: licensed live feed + courtside camera, not purchased; parameters from our measurements",own120_pess,2.0,1.0,30,0.95,1000.0,1000.0,0.005,region,D>=3c,cap1,ref_short,delay1,ref,decay,point,0.0,0.0,0.0,False,ref,IS,10,54704.0,23485.9,21140.2,2439.0,0.3864470605440187,0.09987949278320918,0.3636150921322024,0.17070598128107634,0.4656789265867213,-0.4010000000000001,0.019349999999999867,0.11701440201590807,164.74781840170456,14217683.519442823,6738621.385108138,1.9568577363211819,1.7021420948481218,2.2150001967215247,278146.2623796686,240096.34069669712,316566.7944066604,315449.0365615047,-37302.77418183607,103.0,2700.449149317171,25.121157216517148,-2534.615612588099,-2255.50743709008,8161.989204220074,4.0,4.0,66694.94230597132,200084.82691791395,139.88612288379224,495.71295973382684,-1.2748727262815767,0.25593594111012385,436713.0279202236,170.57308908489262,1.5564179640646563,0.13117579329589796
"COUNTERFACTUAL - assumed: licensed live feed + courtside camera, not purchased; parameters from our measurements",own120_pess,2.0,1.0,30,0.95,1000.0,1000.0,0.005,region,D>=3c,cap1,ref_short,delay1,ref,decay,point,0.0,0.0,0.0,False,ref,burned_OOS,10,17384.0,7288.0,6544.8,938.5,0.37648412333179937,0.1019806062596885,0.29803842613897835,0.22644385641969628,0.4755177174413253,-0.42840000000000006,0.011699999999999822,0.1173052992638268,184.65668583162181,4626250.636653276,2205470.880588895,1.381568625677461,0.8968283178181455,1.874330293920226,63829.733948776266,41265.92522022939,87039.11895238786,75729.91261509215,-11900.178666315896,40.0,1595.7433487194062,16.603365373200273,-3103.6942156426276,-2754.4678929079337,5358.589614954394,2.9,3.0,50068.65307401742,150205.95922205225,42.64809150942199,389.16383502347566,-2.0592859608202114,0.2748678354011519,375559.85272793943,233.44234600405875,3.5095864823625176,0.21320374588823188
"COUNTERFACTUAL - assumed: licensed live feed + courtside camera, not purchased; parameters from our measurements",own120_pess,2.0,1.0,30,0.99,100.0,1000.0,0.005,region,D>=3c,cap1,ref_short,delay1,ref,decay,point,0.0,0.0,0.0,False,ref,IS,10,54704.0,18248.9,17596.0,2433.5,0.32165837964317057,0.03577826472914947,0.3636150921322024,0.17070598128107634,0.4656789265867213,-0.4010000000000001,0.023299999999999876,0.19866116056761574,56.73888940590405,2403065.0084007937,1174307.7333093558,2.129400808291341,1.9517950289392796,2.304083736539932,51168.90251213229,46785.10414681194,55416.88688203661,53234.05702166517,-2065.154509532863,103.0,496.7854612828379,34.65815190721959,-117.5600488967444,-111.8591242799555,1183.3892871709927,4.0,4.0,11875.989222494198,35627.96766748259,144.76510886192372,513.0025702388559,-0.32294611179759836,0.25643519168003964,453223.315036661,20.012707683080674,1.3432048052734606,0.0870253525033207
"COUNTERFACTUAL - assumed: licensed live feed + courtside camera, not purchased; parameters from our measurements",own120_pess,2.0,1.0,30,0.99,100.0,1000.0,0.005,region,D>=3c,cap1,ref_short,delay1,ref,decay,point,0.0,0.0,0.0,False,ref,burned_OOS,10,17384.0,5695.3,5487.4,935.2,0.3156580763920847,0.0365025417950345,0.29803842613897835,0.22644385641969628,0.4755177174413253,-0.42840000000000006,0.015499999999999825,0.19476476784460856,58.35111097736014,763571.0463811914,376233.0191375602,1.634182055375484,1.2902292518819882,1.9835547850928816,12474.238708603361,9861.046627568878,15069.13196956956,13316.410635915836,-842.1719273124769,40.0,311.85596771508403,26.829901013219835,-159.80001127223824,-143.2427023216216,813.6577634284065,3.0,3.0,8382.674842201439,25148.02452660432,49.7992409002964,454.4180732152046,-0.6400197935066455,0.27412673826449707,389558.20815571304,29.979399236745007,4.260046886446339,0.16129616012832312
"COUNTERFACTUAL - assumed: licensed live feed + courtside camera, not purchased; parameters from our measurements",own120_pess,2.0,1.0,30,0.99,1000.0,1000.0,0.005,region,D>=3c,cap1,ref_short,delay1,ref,decay,point,0.0,0.0,0.0,False,ref,IS,10,54704.0,22817.8,21996.7,2433.5,0.4021040508920738,0.035985438987489196,0.3636150921322024,0.17070598128107634,0.4656789265867213,-0.4010000000000001,0.023499999999999854,0.11657700341363768,165.46354414854125,13809992.134734094,6555488.973003697,2.326239556787537,2.0598629224984237,2.587500727179,321214.8157990008,282159.7298813908,359080.2256150302,335278.20579678833,-14063.389997787595,103.0,3118.590444650493,28.10799296620408,-2140.5417750468782,-1966.1543118333964,8573.565548855258,4.0,4.0,65267.07953745362,195801.23861236084,165.26096375944533,585.6335123514325,-1.0966742504679947,0.25720557184729365,453223.315036661,155.05828747799043,1.2960627419406494,0.12087910599346843
"COUNTERFACTUAL - assumed: licensed live feed + courtside camera, not purchased; parameters from our measurements",own120_pess,2.0,1.0,30,0.99,1000.0,1000.0,0.005,region,D>=3c,cap1,ref_short,delay1,ref,decay,point,0.0,0.0,0.0,False,ref,burned_OOS,10,17384.0,7083.6,6825.7,935.2,0.3926426599171652,0.03640751887483629,0.29803842613897835,0.22644385641969628,0.4755177174413253,-0.42840000000000006,0.015599999999999836,0.11622638132531911,186.975350986375,4498020.164531158,2150682.479699476,1.6793796014579219,1.1808959155752905,2.180614785049936,75521.86114849315,52784.94585431842,98326.31463886748,81651.21837823799,-6129.357229744839,40.0,1888.0465287123286,19.70647274400253,-2541.811025326387,-2178.766609343916,5620.293861754331,3.0,3.0,49093.74735516311,147281.24206548935,51.41166847027726,469.13147479128,-1.7210944748762131,0.27591317836416845,389558.20815571304,221.32040802854524,3.1964659416457204,0.19894564006089022
"COUNTERFACTUAL - assumed: licensed live feed + courtside camera, not purchased; parameters from our measurements",own120_pess,3.0,0.25,3,0.95,100.0,1000.0,0.005,region,D>=3c,cap1,ref_short,delay1,ref,decay,point,0.0,0.0,0.0,False,ref,IS,10,6257.0,3309.9,3090.5,267.0,0.49392680198178035,0.06627190858311932,0.7341537478024612,0.09859357519578073,0.16725267700175803,0.5929999999999999,0.92065,0.29706303618286584,49.910058446945825,406936.507401995,194400.3207425089,2.664437097023015,2.305799674028529,3.034303642178398,10842.117450132911,9225.007330989189,12553.297741637198,12961.047902064296,-2118.930451931383,103.0,105.26327621488265,20.904860050655063,-76.34894502411035,-70.91923658919747,448.09030305688185,4.0,4.0,6027.240316134548,18081.720948403643,60.123976457520804,213.06069327179702,-0.4270498663699215,0.1585829167986438,27618.102339576686,7.369133851373274,1.1053593234873833,0.1866937027301608
"COUNTERFACTUAL - assumed: licensed live feed + courtside camera, not purchased; parameters from our measurements",own120_pess,3.0,0.25,3,0.95,100.0,1000.0,0.005,region,D>=3c,cap1,ref_short,delay1,ref,decay,point,0.0,0.0,0.0,False,ref,burned_OOS,10,2402.0,1259.0,1176.6,102.7,0.489841798501249,0.06546421889881505,0.6721898417985013,0.15641132389675272,0.17139883430474603,0.5772499999999999,0.8801499999999999,0.298852377645502,48.965789176275315,152590.35197376148,72622.99055085164,2.451391824659642,1.871224797198187,3.0465207694167797,3741.2675671746038,2803.1789682904882,4715.094602776005,4712.7075758052615,-971.4400086306571,40.0,93.53168917936509,19.556828863737117,-73.73195409897576,-68.43523219715853,313.3258151722978,3.0,3.0,2861.36434514455,8584.09303543365,43.72080919422512,398.95238389730423,-0.8749040318145663,0.15119483963972408,26059.151433937088,7.977118301471795,1.933609708521082,0.1867724082427259
"COUNTERFACTUAL - assumed: licensed live feed + courtside camera, not purchased; parameters from our measurements",own120_pess,3.0,0.25,3,0.95,1000.0,1000.0,0.005,region,D>=3c,cap1,ref_short,delay1,ref,decay,point,0.0,0.0,0.0,False,ref,IS,10,6257.0,4141.4,3864.3,267.0,0.6175962921527888,0.06691138534465137,0.7341537478024612,0.09859357519578073,0.16725267700175803,0.5929999999999999,0.9190000000000002,0.1658395572599985,104.34888997559915,2003819.895884342,932788.9407925894,2.5449796910861724,1.9069182415275159,3.1845163708037254,51062.20457597469,37554.55736272875,65147.376193482196,62519.41800919459,-11457.213433219888,103.0,495.7495589900456,12.88017110173214,-1332.8167978248782,-892.4988735887537,2741.5463406598456,4.0,4.0,27883.79436285926,83651.38308857777,61.20563736887328,216.89376349163837,-1.6248459951954803,0.15779800787802953,27618.102339576686,54.70335503455115,1.2624036930310711,0.2454093817859814
"COUNTERFACTUAL - assumed: licensed live feed + courtside camera, not purchased; parameters from our measurements",own120_pess,3.0,0.25,3,0.95,1000.0,1000.0,0.005,region,D>=3c,cap1,ref_short,delay1,ref,decay,point,0.0,0.0,0.0,False,ref,burned_OOS,10,2402.0,1582.1,1477.4,102.7,0.6150707743547044,0.06622729159971134,0.6721898417985013,0.15641132389675272,0.17139883430474603,0.5772499999999999,0.8940999999999999,0.16615005475506123,101.82946515472564,745200.0262350284,346309.42662964185,2.082660489625401,1.0290761626191787,3.0929210053689333,15516.675488465587,7482.57029861335,23601.625920768638,19494.146656773755,-3977.471168308168,40.0,387.91688721163973,10.19979275807558,-1264.8629485544789,-869.1946326189458,2387.6513467371797,2.9,3.0,14501.201318491972,43503.60395547592,35.58862250731798,324.74618037927655,-2.9224184051787074,0.15328676807413438,26059.151433937088,74.71945120315674,2.2841901539502443,0.38904045158660217
"COUNTERFACTUAL - assumed: licensed live feed + courtside camera, not purchased; parameters from our measurements",own120_pess,3.0,0.25,3,0.99,100.0,1000.0,0.005,region,D>=3c,cap1,ref_short,delay1,ref,decay,point,0.0,0.0,0.0,False,ref,IS,10,6257.0,3323.9,3248.7,267.0,0.5192104842576314,0.022624543970438504,0.7341537478024612,0.09859357519578073,0.16725267700175803,0.5929999999999999,0.9311,0.2917627587749803,48.66952115612237,404214.3306731261,192257.84611015802,3.0678131234217108,2.7052066418155167,3.4490790313712707,12400.134012602011,10664.352191818449,14255.721021277806,13016.362539841317,-616.228527239306,103.0,120.3896506077865,22.5362825914586,-67.73292882818114,-65.38249344810907,489.6563545141674,4.0,4.0,5896.698645745997,17690.095937237988,70.24344224305798,248.9209361040404,-0.38472570874814416,0.14843837610981567,28661.592649247217,6.5270532233176635,1.1648387849235977,0.16486594225508006
"COUNTERFACTUAL - assumed: licensed live feed + courtside camera, not purchased; parameters from our measurements",own120_pess,3.0,0.25,3,0.99,100.0,1000.0,0.005,region,D>=3c,cap1,ref_short,delay1,ref,decay,point,0.0,0.0,0.0,False,ref,burned_OOS,10,2402.0,1254.9,1226.7,102.6,0.510699417152373,0.022502983982272427,0.6721898417985013,0.15641132389675272,0.17139883430474603,0.5772499999999999,0.8810499999999999,0.2971215548784019,47.69146526786015,150212.99719081755,71071.77848767342,2.876574807120238,2.302615814833215,3.485917700250605,4322.349584465226,3371.9696257295946,5333.349088087809,4717.379423489567,-395.02983902434033,40.0,108.05873961163067,21.901565670809077,-58.852529420975976,-53.8943354308347,337.74866766870235,3.0,3.0,2825.722762145364,8477.168286436092,51.09448358928446,466.2371627522207,-0.6989537212358536,0.14385563749138788,27056.720876045838,6.979267828184935,2.2376331610177997,0.14304633205484624
"COUNTERFACTUAL - assumed: licensed live feed + courtside camera, not purchased; parameters from our measurements",own120_pess,3.0,0.25,3,0.99,1000.0,1000.0,0.005,region,D>=3c,cap1,ref_short,delay1,ref,decay,point,0.0,0.0,0.0,False,ref,IS,10,6257.0,4149.5,4055.6,267.0,0.6481700495445101,0.02263374603870335,0.7341537478024612,0.09859357519578073,0.16725267700175803,0.5929999999999999,0.9303000000000001,0.16024916062903513,100.69325502729563,1955549.833439046,905010.5862890646,3.133445953609921,2.486313511733562,3.795071153508057,61337.4308491449,47867.50603900898,76183.89544952432,64636.94325240857,-3299.512403263663,103.0,595.509037370339,15.090295371621233,-1125.956169705906,-837.6125532558551,3120.0057841463104,4.0,4.0,26820.71870322062,80462.15610966187,76.6176054802645,271.5089902941412,-1.4260018882625483,0.14791288602048874,28661.592649247217,59.49255721566219,1.1238339422611918,0.2755925448640832
"COUNTERFACTUAL - assumed: licensed live feed + courtside camera, not purchased; parameters from our measurements",own120_pess,3.0,0.25,3,0.99,1000.0,1000.0,0.005,region,D>=3c,cap1,ref_short,delay1,ref,decay,point,0.0,0.0,0.0,False,ref,burned_OOS,10,2402.0,1574.7,1539.4,102.6,0.6408825978351375,0.022451141615685465,0.6721898417985013,0.15641132389675272,0.17139883430474603,0.5772499999999999,0.9016499999999998,0.1643982439331996,97.73940733079226,724607.8156714013,335033.87666196673,2.685679622255231,1.6039476480464407,3.7800997859243197,19436.881753160866,11323.05302376517,28048.0775994086,21097.913761095286,-1661.0320079344237,40.0,485.9220438290216,12.49491638146051,-1028.6345824740283,-811.3419044958126,2404.672280322627,3.0,3.0,13898.232121392464,41694.69636417739,46.536138026658406,424.642259493258,-2.5015526831431294,0.14417641550221744,27056.720876045838,80.67768695011591,1.858230132491132,0.4479897516698321
"COUNTERFACTUAL - assumed: licensed live feed + courtside camera, not purchased; parameters from our measurements",own120_pess,3.0,0.25,10,0.95,100.0,1000.0,0.005,region,D>=3c,cap1,ref_short,delay1,ref,decay,point,0.0,0.0,0.0,False,ref,IS,10,20795.0,11036.6,10311.0,886.5,0.4958403462370762,0.06574829460891281,0.7348785765809088,0.09802837220485693,0.16709305121423418,0.5955999999999999,0.9181000000000001,0.2956001930732054,45.55538899225759,1293050.9478914305,615308.0588878355,2.7371534414589207,2.541264416517579,2.9383371894980566,35393.5299274162,32368.312093270313,38468.33778863941,40595.16087970558,-5201.630952289382,103.0,343.62650414967186,34.05753010985215,-53.92089826956326,-48.8880526602261,1006.3961014667086,4.0,4.0,8549.189354026317,25647.568062078957,138.91571149849094,492.27412327135136,-0.20353466111910348,0.1399569365911725,82016.79995172136,12.501709281523235,1.5566569246903301,0.09606634504475302
"COUNTERFACTUAL - assumed: licensed live feed + courtside camera, not purchased; parameters from our measurements",own120_pess,3.0,0.25,10,0.95,100.0,1000.0,0.005,region,D>=3c,cap1,ref_short,delay1,ref,decay,point,0.0,0.0,0.0,False,ref,burned_OOS,10,7093.0,3790.0,3538.2,335.4,0.4988298322289581,0.066414870550244,0.6693500634428309,0.16232905681657975,0.1683208797405893,0.5692999999999999,0.8636999999999999,0.29151876660886333,46.614700843065194,447477.4596321269,213906.20280353382,2.2914637134213605,1.9658938019783172,2.6333025842379865,10253.076537870607,8618.833998285916,11953.101774974866,12168.376312967384,-1915.2997750967756,40.0,256.32691344676516,33.65593107837896,-32.90436004180797,-28.28464986498604,613.4719957958112,3.0,3.0,6761.200646634859,20283.601939904576,50.67815509839595,462.438165272863,-0.16844766936737773,0.14285508004347935,72746.39899499364,14.522202519333966,3.4575321732775155,0.12895315202687743
"COUNTERFACTUAL - assumed: licensed live feed + courtside camera, not purchased; parameters from our measurements",own120_pess,3.0,0.25,10,0.95,1000.0,1000.0,0.005,region,D>=3c,cap1,ref_short,delay1,ref,decay,point,0.0,0.0,0.0,False,ref,IS,10,20795.0,13886.8,12965.2,886.5,0.623476797307045,0.0663687328992446,0.7348785765809088,0.09802837220485693,0.16709305121423418,0.5955999999999999,0.9164999999999999,0.16029521994645216,91.65433447373968,6232308.053042294,2891024.7475408646,2.64950752420217,2.2984768548984555,3.014919952161409,165136.47110631625,140824.42318174976,190167.46867749805,198828.60607141553,-33692.1349650993,103.0,1603.266709770061,21.887234408046776,-1709.4929770379488,-1247.6610781160116,5936.243756535268,4.0,4.0,41340.81268039062,124022.43804117184,134.0473460662364,475.02214868132313,-1.4010015941471265,0.1392670462845919,82016.79995172136,94.50500183801103,0.905696314640491,0.15101865071476328
"COUNTERFACTUAL - assumed: licensed live feed + courtside camera, not purchased; parameters from our measurements",own120_pess,3.0,0.25,10,0.95,1000.0,1000.0,0.005,region,D>=3c,cap1,ref_short,delay1,ref,decay,point,0.0,0.0,0.0,False,ref,burned_OOS,10,7093.0,4734.9,4419.7,335.4,0.623107288876357,0.06656632155654577,0.6693500634428309,0.16232905681657975,0.1683208797405893,0.5692999999999999,0.87865,0.15975930425249166,94.22504458110012,2153652.449747892,1004293.1307712639,1.9506571900823353,1.3665255334528235,2.5609694711907514,41977.83876737328,28760.39920588566,55881.436578999,50483.98842629254,-8506.149658919261,40.0,1049.445969184332,16.460488628945058,-1746.8761943449622,-1343.2522084070672,4362.0253880529135,3.0,3.0,33860.18968554641,101580.56905663921,41.740035970526954,380.8778282310584,-1.729090372443126,0.14391976140850912,72746.39899499364,125.23444941723565,3.0303544027539924,0.24357714848237086
"COUNTERFACTUAL - assumed: licensed live feed + courtside camera, not purchased; parameters from our measurements",own120_pess,3.0,0.25,10,0.99,100.0,1000.0,0.005,region,D>=3c,cap1,ref_short,delay1,ref,decay,point,0.0,0.0,0.0,False,ref,IS,10,20795.0,11065.9,10812.2,886.2,0.51994229382063,0.022927975289211124,0.7348785765809088,0.09802837220485693,0.16709305121423418,0.5955999999999999,0.9341999999999999,0.2909747901157157,44.496974217696355,1280368.6838924785,606710.0626764438,3.1481392646475816,2.9469001774674797,3.3569765920600148,40309.027354398684,37140.06344636019,43610.19718621788,41863.94368549854,-1554.9163310998565,103.0,391.3497801397931,35.99635972961798,-30.979009659051734,-14.741889859951186,1154.379233263843,4.0,4.0,8476.71615550809,25430.14846652427,159.23261221384297,564.2709073597349,-0.11593930339286591,0.130645220055764,85196.43233977626,9.758475467572543,1.2097102069933527,0.07008636008121728
"COUNTERFACTUAL - assumed: licensed live feed + courtside camera, not purchased; parameters from our measurements",own120_pess,3.0,0.25,10,0.99,100.0,1000.0,0.005,region,D>=3c,cap1,ref_short,delay1,ref,decay,point,0.0,0.0,0.0,False,ref,burned_OOS,10,7093.0,3789.1,3702.1,334.9,0.5219371211053152,0.022967373428885995,0.6693500634428309,0.16232905681657975,0.1683208797405893,0.5692999999999999,0.8825999999999998,0.2879359422709676,45.61008677610186,441816.9137436512,210290.6155788885,2.701962410649634,2.3690908450218555,3.047460822827188,11937.588082554501,10213.434470779162,13697.246465593116,12715.230328308453,-777.6422457539502,40.0,298.43970206386257,37.998649201001115,-8.957416473829563,12.983285084648955,708.8097500510032,3.0,3.0,6827.483645482507,20482.450936447523,58.643109968046346,535.118378458423,-0.04555817569774935,0.1346709182325609,75628.99500895543,13.336562753695471,4.517555029209616,0.11870202032169747
"COUNTERFACTUAL - assumed: licensed live feed + courtside camera, not purchased; parameters from our measurements",own120_pess,3.0,0.25,10,0.99,1000.0,1000.0,0.005,region,D>=3c,cap1,ref_short,delay1,ref,decay,point,0.0,0.0,0.0,False,ref,IS,10,20795.0,13893.9,13573.9,886.2,0.6527482567924981,0.023033269074474116,0.7348785765809088,0.09802837220485693,0.16709305121423418,0.5955999999999999,0.9273,0.15549711362333685,85.95112422000908,6055340.5219394,2793860.8107956,3.2630197339897165,2.9045400166362714,3.6427258523126618,197604.58648246218,172649.33628834345,223468.88298516013,208203.48546138662,-10598.898978924433,103.0,1918.491130897691,25.20183701244391,-1060.5147312079273,-972.7227455674405,6753.481945289856,4.0,4.0,39740.08134706559,119220.24404119681,166.28741971519398,589.2709533596679,-0.904595128635305,0.13026114828056184,85196.43233977626,80.46357469118415,1.335425485390964,0.1254993815975177
"COUNTERFACTUAL - assumed: licensed live feed + courtside camera, not purchased; parameters from our measurements",own120_pess,3.0,0.25,10,0.99,1000.0,1000.0,0.005,region,D>=3c,cap1,ref_short,delay1,ref,decay,point,0.0,0.0,0.0,False,ref,burned_OOS,10,7093.0,4725.9,4617.8,334.9,0.6510362329056816,0.022885030158209984,0.6693500634428309,0.16232905681657975,0.1683208797405893,0.5692999999999999,0.8955499999999998,0.15625657584693592,90.4296229511186,2096553.9121808105,973888.95191257,2.5362180432575667,1.930702790750362,3.151145475004845,53158.062549109185,39547.32852109598,67350.15255155621,56971.030508476935,-3812.967959367759,40.0,1328.9515637277295,20.196226079467966,-1226.3868435370046,-1105.9223217575259,4634.335896883311,3.0,3.0,32935.72744764301,98807.18234292904,54.51199152822936,497.42192269509286,-1.2528697607864028,0.1350889318863988,75628.99500895543,143.3874382664952,3.133411969956238,0.27842217517094353
"COUNTERFACTUAL - assumed: licensed live feed + courtside camera, not purchased; parameters from our measurements",own120_pess,3.0,0.25,30,0.95,100.0,1000.0,0.005,region,D>=3c,cap1,ref_short,delay1,ref,decay,point,0.0,0.0,0.0,False,ref,IS,10,54704.0,30054.1,28073.6,2496.2,0.5131909915179877,0.06589900198503945,0.7355001462415911,0.09812079555425562,0.16637905820415327,0.5989999999999999,0.92085,0.27797720755807764,39.690356153374736,3191108.9035858274,1519051.3738998373,2.6352608729777662,2.5071110991832617,2.763459311451168,84093.87167536299,79080.88137278298,89181.07506277016,96443.8233562778,-12349.951680914834,103.0,816.4453560714853,43.33260632090706,-17.79993216314906,4.827060983750556,1742.9580512303878,4.0,4.0,14723.352593282423,44170.05777984726,191.0467529433082,677.0103381000728,-0.03865367904599637,0.11119327043002206,175819.09909796444,12.989922880346416,1.4304551946219888,0.04043816814211622
"COUNTERFACTUAL - assumed: licensed live feed + courtside camera, not purchased; parameters from our measurements",own120_pess,3.0,0.25,30,0.95,100.0,1000.0,0.005,region,D>=3c,cap1,ref_short,delay1,ref,decay,point,0.0,0.0,0.0,False,ref,burned_OOS,10,17384.0,9450.2,8820.0,973.7,0.5073630924988495,0.06667898400764324,0.6837666820064427,0.14744592728946157,0.1687873907040957,0.5715999999999999,0.8814999999999997,0.28178837081764413,41.96355216085506,1040735.9663979765,496842.90327206126,2.392271876178511,2.1543871783575783,2.638601898778986,24892.826215954286,22174.458869820428,27766.831964160014,29607.031709330284,-4714.205493375999,40.0,622.3206553988571,47.70580378760836,-16.83612536509827,95.78575508190946,1200.4249394040733,3.0,3.0,10926.824012960456,32780.47203888137,76.1275950086949,694.664304454341,-0.05046472135878449,0.1223543178831837,153744.74033952373,16.89846462995477,6.042725293805149,0.07523781066467797
"COUNTERFACTUAL - assumed: licensed live feed + courtside camera, not purchased; parameters from our measurements",own120_pess,3.0,0.25,30,0.95,1000.0,1000.0,0.005,region,D>=3c,cap1,ref_short,delay1,ref,decay,point,0.0,0.0,0.0,False,ref,IS,10,54704.0,37524.8,35030.1,2496.2,0.6403571950862825,0.0664824671613488,0.7355001462415911,0.09812079555425562,0.16637905820415327,0.5989999999999999,0.9196,0.14311520268604447,67.94697437705031,14592722.000671059,6751840.849060846,2.466494751123233,2.2252447479548803,2.7044230345985003,359892.00306801643,321214.2266354343,399321.101909254,437369.64382475347,-77477.640756737,103.0,3494.097117165208,30.31997478685144,-1042.438012682247,-1034.729522341489,9371.883386844722,4.0,4.0,63894.26565740431,191682.7969722129,188.1731000117664,666.8270048960653,-0.5425365552564165,0.11177696103332242,175819.09909796444,129.4081482176213,0.8840944023100082,0.09661555998884545
"COUNTERFACTUAL - assumed: licensed live feed + courtside camera, not purchased; parameters from our measurements",own120_pess,3.0,0.25,30,0.95,1000.0,1000.0,0.005,region,D>=3c,cap1,ref_short,delay1,ref,decay,point,0.0,0.0,0.0,False,ref,burned_OOS,10,17384.0,11785.5,10998.8,973.7,0.6326967326277037,0.06675470745816955,0.6837666820064427,0.14744592728946157,0.1687873907040957,0.5715999999999999,0.8859999999999999,0.1488951971814369,76.65106549358472,4888930.649425268,2266383.055709877,2.143536810020092,1.7088756831725143,2.578318100792424,104751.12133988667,82311.57983436051,127745.434798309,129857.52389743808,-25106.40255755141,40.0,2618.7780334971667,27.36071482850635,-1113.5338727117928,-1034.8414830018853,7109.977258715105,3.0,3.0,51040.17511367453,153120.5253410236,68.87346869800476,628.4704018692935,-0.7043945144687188,0.12308202010943056,153744.74033952373,202.14049866479263,4.260161334524944,0.17551190950688533
"COUNTERFACTUAL - assumed: licensed live feed + courtside camera, not purchased; parameters from our measurements",own120_pess,3.0,0.25,30,0.99,100.0,1000.0,0.005,region,D>=3c,cap1,ref_short,delay1,ref,decay,point,0.0,0.0,0.0,False,ref,IS,10,54704.0,30074.4,29381.4,2495.1,0.5370978356244515,0.023043408691724766,0.7355001462415911,0.09812079555425562,0.16637905820415327,0.5989999999999999,0.9289,0.27433308262246264,38.47094281398593,3147898.711933666,1491609.8520569436,3.087502336718715,2.9549896104220177,3.218889679279441,97189.89100344028,91957.94437114315,102463.89333817865,101196.9924252619,-4007.101421821603,103.0,943.5911747906823,45.87903268680137,-9.80235030570184,31.91483855805317,1991.1247223982114,4.0,4.0,14618.15585870498,43854.467576114934,222.5534163792875,788.6601648392226,-0.020880024679181985,0.10321770718113032,182740.08052426737,10.561810226578327,1.150010838054446,0.03503909129998905
"COUNTERFACTUAL - assumed: licensed live feed + courtside camera, not purchased; parameters from our measurements",own120_pess,3.0,0.25,30,0.99,100.0,1000.0,0.005,region,D>=3c,cap1,ref_short,delay1,ref,decay,point,0.0,0.0,0.0,False,ref,burned_OOS,10,17384.0,9450.2,9229.1,973.0,0.5308962264150943,0.02339635569487315,0.6837666820064427,0.14744592728946157,0.1687873907040957,0.5715999999999999,0.8977999999999998,0.27829663531874005,41.05677369601721,1025486.2911217991,487543.01784664404,2.817689926521802,2.5767583682696924,3.067757289515954,28892.47456171833,26097.990753866645,31856.275973172385,30742.962079012235,-1850.487517293909,40.0,722.3118640429582,53.97957793912733,-3.0095445670815026,192.3638152319818,1272.236927548082,3.0,3.0,10770.255795329947,32310.767385989846,89.63360931974594,817.9066850426818,-0.008854590205475446,0.11439874025620975,159754.4324761546,14.544866436265858,7.120951846281659,0.06245068242265835
"COUNTERFACTUAL - assumed: licensed live feed + courtside camera, not purchased; parameters from our measurements",own120_pess,3.0,0.25,30,0.99,1000.0,1000.0,0.005,region,D>=3c,cap1,ref_short,delay1,ref,decay,point,0.0,0.0,0.0,False,ref,IS,10,54704.0,37516.2,36641.2,2495.1,0.6698084235156478,0.023322810718885555,0.7355001462415911,0.09812079555425562,0.16637905820415327,0.5989999999999999,0.9279499999999998,0.13891877186492058,64.39941333861961,14135607.354654351,6508019.350653035,3.1020141015875433,2.8573995278330058,3.345425683102976,438444.2166535167,398823.75185903226,477629.490136463,464844.639413264,-26400.422759747376,103.0,4256.73996750987,34.25269665414356,-815.9086703696026,-783.1537134836844,10724.721862782306,4.0,4.0,61915.493632114994,185746.48089634493,236.6852314975221,838.7389271514133,-0.4325350175816312,0.10385092796142337,182740.08052426737,120.6239746874614,1.2725453648403007,0.09671645354774211
"COUNTERFACTUAL - assumed: licensed live feed + courtside camera, not purchased; parameters from our measurements",own120_pess,3.0,0.25,30,0.99,1000.0,1000.0,0.005,region,D>=3c,cap1,ref_short,delay1,ref,decay,point,0.0,0.0,0.0,False,ref,burned_OOS,10,17384.0,11773.8,11499.4,973.0,0.6614933271974228,0.02330848798064933,0.6837666820064427,0.14744592728946157,0.1687873907040957,0.5715999999999999,0.9015999999999998,0.14506402226903656,73.23421628093001,4753459.187274031,2194272.7664840138,2.7263375992469543,2.2810242408873784,3.186527441885608,129593.81601782705,106826.41620395644,152946.43960628525,140215.12784015777,-10621.311822330721,40.0,3239.845400445676,32.33854240365457,-655.8088575248723,-481.8436562988809,7788.997205167606,3.0,3.0,49752.032046556844,149256.09613967055,87.2177171799452,795.8616692669998,-0.4266634000691762,0.11506243620608356,159754.4324761546,183.1912323347347,4.08575481655838,0.15327521544768996
"COUNTERFACTUAL - assumed: licensed live feed + courtside camera, not purchased; parameters from our measurements",own120_pess,3.0,0.5,3,0.95,100.0,1000.0,0.005,region,D>=3c,cap1,ref_short,delay1,ref,decay,point,0.0,0.0,0.0,False,ref,IS,10,6257.0,3131.3,2924.4,267.0,0.4673805338021416,0.06604975742668108,0.7341537478024612,0.09859357519578073,0.16725267700175803,0.5929999999999999,0.9193,0.3252272351642849,62.68396998748399,453440.08365454397,217023.67947781086,2.706105494925701,2.377318450450082,3.052123829754486,12268.746596341984,10555.191309850425,14076.241631158515,14412.966487539195,-2144.2198911972123,103.0,119.11404462467945,22.235193236984493,-68.51355614055846,-67.70648857052537,485.2327607981553,4.0,4.0,6640.786549870094,19922.359649610276,61.8012064389992,219.0042752449972,-0.3483053841313123,0.27888428782651953,55236.20467915337,7.82576631584796,1.0767912428862054,0.18272501408823136
"COUNTERFACTUAL - assumed: licensed live feed + courtside camera, not purchased; parameters from our measurements",own120_pess,3.0,0.5,3,0.95,100.0,1000.0,0.005,region,D>=3c,cap1,ref_short,delay1,ref,decay,point,0.0,0.0,0.0,False,ref,burned_OOS,10,2402.0,1187.1,1108.6,102.7,0.4615320566194838,0.06612274569523122,0.6721898417985013,0.15641132389675272,0.17139883430474603,0.5772499999999999,0.8732,0.3288501729476262,62.63294135513904,170001.6153482881,81102.28519778851,2.4991254575735082,1.9682503083601302,3.058867855193719,4246.6560062131975,3269.5947544981836,5263.2640889454215,5190.607363174017,-943.9513569608198,40.0,106.16640015532994,20.99414834978816,-62.879744571644096,-58.32290239133998,346.8573128965827,3.0,3.0,3177.1555452958137,9531.466635887442,44.751460577591686,408.35707777052403,-0.6706387887929348,0.2657760817834878,52118.302867874176,7.699732676893529,2.2349260642413324,0.18263013704380937
"COUNTERFACTUAL - assumed: licensed live feed + courtside camera, not purchased; parameters from our measurements",own120_pess,3.0,0.5,3,0.95,1000.0,1000.0,0.005,region,D>=3c,cap1,ref_short,delay1,ref,decay,point,0.0,0.0,0.0,False,ref,IS,10,6257.0,3970.4,3703.9,267.0,0.5919610036758831,0.06712535222535643,0.7341537478024612,0.09859357519578073,0.16725267700175803,0.5929999999999999,0.9202,0.19304188520225982,175.95526915825377,2524531.406052456,1182164.102376147,2.6984042124195597,2.1791837131735883,3.2357442710451827,68156.36970738204,53792.85226113993,83258.8140048779,80174.67061578218,-12018.300908400128,103.0,661.7123272561363,15.705324998593232,-1073.2604077894334,-887.5941474183832,3318.223107668976,4.0,4.0,35846.251635909975,107538.75490772995,63.515755753462976,225.0801053399416,-1.0123674142646049,0.27897637706158923,55236.20467915337,53.1647642537062,1.1891683249189915,0.1962543086650699
"COUNTERFACTUAL - assumed: licensed live feed + courtside camera, not purchased; parameters from our measurements",own120_pess,3.0,0.5,3,0.95,1000.0,1000.0,0.005,region,D>=3c,cap1,ref_short,delay1,ref,decay,point,0.0,0.0,0.0,False,ref,burned_OOS,10,2402.0,1512.5,1412.9,102.7,0.588218151540383,0.06589845930931112,0.6721898417985013,0.15641132389675272,0.17139883430474603,0.5772499999999999,0.8926999999999999,0.19460824290811934,168.82383592234328,943010.5783937841,440306.1541735843,2.3554042961614643,1.514256419395799,3.191096657131255,22207.68407890507,13758.283431344593,30771.557690422447,26038.81183457722,-3831.127755672157,40.0,555.1921019726267,13.6164189126625,-1045.8547479739022,-797.2482726639657,2630.528324871984,2.9,3.0,18162.827881921454,54488.483645764354,40.845074957425524,372.7113089865079,-1.940948310395545,0.26785595195019873,52118.302867874176,66.9798337515177,1.8133944963099689,0.27306786058527754
"COUNTERFACTUAL - assumed: licensed live feed + courtside camera, not purchased; parameters from our measurements",own120_pess,3.0,0.5,3,0.99,100.0,1000.0,0.005,region,D>=3c,cap1,ref_short,delay1,ref,decay,point,0.0,0.0,0.0,False,ref,IS,10,6257.0,3135.1,3064.2,267.0,0.48972350966917055,0.022608556431139005,0.7341537478024612,0.09859357519578073,0.16725267700175803,0.5929999999999999,0.9318000000000002,0.3218328652306276,61.86367818817596,451968.4803041077,215501.52478890787,3.0738754980451235,2.738527584283907,3.428213063934584,13891.894323242663,12084.041155276185,15852.0289612978,14491.414755722019,-599.5204324793596,103.0,134.87276041983165,23.741419740767114,-66.5761966711877,-63.55175855429676,524.2812037196323,4.0,4.0,6549.475380950459,19648.42614285138,70.82477649609493,250.98100408810342,-0.3411336380395355,0.27490591496689787,57323.185298494434,6.588415412466457,0.9506137276288886,0.151589682140287
"COUNTERFACTUAL - assumed: licensed live feed + courtside camera, not purchased; parameters from our measurements",own120_pess,3.0,0.5,3,0.99,100.0,1000.0,0.005,region,D>=3c,cap1,ref_short,delay1,ref,decay,point,0.0,0.0,0.0,False,ref,burned_OOS,10,2402.0,1180.7,1153.4,102.6,0.4801831806827644,0.023160801412578237,0.6721898417985013,0.15641132389675272,0.17139883430474603,0.5772499999999999,0.8809999999999999,0.3282381608424439,61.8974966143011,167967.381888934,79705.06734353642,2.8842759424100057,2.3686499230709894,3.4475409143628197,4845.371700125737,3859.3663001814175,5885.3955774810975,5239.031536795035,-393.6598366692974,40.0,121.13429250314346,23.03414850567196,-44.04577983149973,-41.924184727062574,387.51537032767055,3.0,3.0,3103.768675501639,9311.306026504917,52.209641640510654,476.41297996965966,-0.4759470871383467,0.2622659404948678,54113.441752091676,6.479526250142657,1.9547964660959802,0.12530016049777284
"COUNTERFACTUAL - assumed: licensed live feed + courtside camera, not purchased; parameters from our measurements",own120_pess,3.0,0.5,3,0.99,1000.0,1000.0,0.005,region,D>=3c,cap1,ref_short,delay1,ref,decay,point,0.0,0.0,0.0,False,ref,IS,10,6257.0,3966.1,3876.3,267.0,0.6195141441585424,0.02264925096618018,0.7341537478024612,0.09859357519578073,0.16725267700175803,0.5929999999999999,0.933,0.18947313434064322,171.2430381626885,2498883.0785991354,1164813.3824033719,3.13869541456713,2.6080412546083283,3.6807078247721683,78466.75124766411,64017.027299156085,94266.9769073591,81470.20525208022,-3003.4540044161126,103.0,761.8131189093604,17.676291970935953,-1012.2055866670329,-859.4825368989474,3711.1642237036576,4.0,4.0,34646.617477941414,103939.85243382424,75.83252856411798,268.7269216107094,-0.9830946784649738,0.27479190200770465,57323.185298494434,56.96043040877079,1.101778194501242,0.21168440249090656
"COUNTERFACTUAL - assumed: licensed live feed + courtside camera, not purchased; parameters from our measurements",own120_pess,3.0,0.5,3,0.99,1000.0,1000.0,0.005,region,D>=3c,cap1,ref_short,delay1,ref,decay,point,0.0,0.0,0.0,False,ref,burned_OOS,10,2402.0,1501.1,1467.7,102.6,0.6110324729392174,0.022298395401906278,0.6721898417985013,0.15641132389675272,0.17139883430474603,0.5772499999999999,0.8989499999999999,0.1948364510513775,165.08041970201322,929426.2573798185,432024.50340291177,2.829790878190023,1.963147776097624,3.7130546908126094,26289.427929005768,17610.691460451802,35333.542633834026,27780.13394721548,-1490.7060182097157,40.0,657.2356982251441,16.040215783093455,-918.8861005537767,-719.8923722892947,2622.9111312441837,3.0,3.0,17653.506320476015,52960.518961428046,49.7299340681801,453.78564837214344,-1.7682450121573645,0.26340827271086836,54113.441752091676,66.90153622622262,2.0058956132974703,0.2700141458343617
"COUNTERFACTUAL - assumed: licensed live feed + courtside camera, not purchased; parameters from our measurements",own120_pess,3.0,0.5,10,0.95,100.0,1000.0,0.005,region,D>=3c,cap1,ref_short,delay1,ref,decay,point,0.0,0.0,0.0,False,ref,IS,10,20795.0,10415.5,9735.1,886.5,0.4681461889877374,0.06532841229736559,0.7348785765809088,0.09802837220485693,0.16709305121423418,0.5955999999999999,0.9169999999999998,0.32495869015743406,58.71823480563823,1449810.655399821,691275.7083868776,2.7788398098530047,2.6007626871864735,2.9622301257222627,40286.497218945005,37087.98053889573,43560.40639449113,45556.176053674535,-5269.678834729528,103.0,391.13104096063114,36.25078525930871,-42.82763633544746,-35.66057432288087,1109.38137806403,4.0,4.0,9533.041779304802,28599.12533791441,141.86691501881396,502.7322716686126,-0.1419812447757157,0.24994300125235275,164033.59990344272,12.588748305265987,1.5454884312290587,0.09024233154553832
"COUNTERFACTUAL - assumed: licensed live feed + courtside camera, not purchased; parameters from our measurements",own120_pess,3.0,0.5,10,0.95,100.0,1000.0,0.005,region,D>=3c,cap1,ref_short,delay1,ref,decay,point,0.0,0.0,0.0,False,ref,burned_OOS,10,7093.0,3580.9,3343.1,335.4,0.47132384040603414,0.06638603009811558,0.6693500634428309,0.16232905681657975,0.1683208797405893,0.5692999999999999,0.8661999999999999,0.32067976174809176,60.733738177147735,502101.30190646707,240749.61619274752,2.3323514099331377,2.0333132049114466,2.647790210477708,11708.031805404838,10004.925840648018,13502.608821364274,13602.734603443188,-1894.7027980383468,40.0,292.700795135121,36.59063642211554,-16.972960605004026,-10.252912256404773,666.5473540901543,3.0,3.0,7553.044475279635,22659.133425838907,51.76101577520423,472.3192689487385,-0.07356465417204375,0.25496908331981294,145492.79798998727,16.477459820262816,4.177227300192567,0.13809531085836493
"COUNTERFACTUAL - assumed: licensed live feed + courtside camera, not purchased; parameters from our measurements",own120_pess,3.0,0.5,10,0.95,1000.0,1000.0,0.005,region,D>=3c,cap1,ref_short,delay1,ref,decay,point,0.0,0.0,0.0,False,ref,IS,10,20795.0,13276.5,12393.8,886.5,0.5959990382303438,0.06649134375396135,0.7348785765809088,0.09802837220485693,0.16709305121423418,0.5955999999999999,0.9160499999999999,0.18942422906140974,152.0604871987901,7910653.658346908,3690981.132961395,2.7976263119458795,2.509060597645395,3.0920857183007313,221334.56370329467,195196.481609349,248228.49299563994,255931.76906352243,-34597.20536022777,103.0,2148.879259255288,26.210893316663782,-1127.9233586726536,-993.99850627663,7271.189515002481,4.0,4.0,51792.72471211193,155378.1741363358,143.1388017959714,507.23944325756855,-0.7304006637674686,0.2494098165959862,164033.59990344272,89.80118438045834,1.0537345056889642,0.10750774090067038
"COUNTERFACTUAL - assumed: licensed live feed + courtside camera, not purchased; parameters from our measurements",own120_pess,3.0,0.5,10,0.95,1000.0,1000.0,0.005,region,D>=3c,cap1,ref_short,delay1,ref,decay,point,0.0,0.0,0.0,False,ref,burned_OOS,10,7093.0,4537.4,4236.3,335.4,0.5972508106583956,0.0663471784093588,0.6693500634428309,0.16232905681657975,0.1683208797405893,0.5692999999999999,0.8711,0.18717148963796415,155.71118249711884,2736780.2242647605,1283367.1850914438,2.1940179979175016,1.7295335951664577,2.6808998363470122,60034.50911077262,46102.288010635166,74819.59190530753,68156.13755897697,-8121.62844820437,40.0,1500.8627277693154,22.406227935934066,-1282.51941746398,-1094.1928083503003,5088.419511487144,3.0,3.0,42190.11509796889,126570.34529390668,47.82491858739556,436.4023821099844,-1.0199403618380687,0.25476257263430024,145492.79798998727,139.47797074882425,3.665474417003464,0.20687781840182648
"COUNTERFACTUAL - assumed: licensed live feed + courtside camera, not purchased; parameters from our measurements",own120_pess,3.0,0.5,10,0.99,100.0,1000.0,0.005,region,D>=3c,cap1,ref_short,delay1,ref,decay,point,0.0,0.0,0.0,False,ref,IS,10,20795.0,10415.4,10179.2,886.2,0.4895022842029334,0.02268109575874059,0.7348785765809088,0.09802837220485693,0.16709305121423418,0.5955999999999999,0.9309,0.32202786983650045,58.06226061128606,1442985.992174217,685473.4555815787,3.1424406334036337,2.9592035824247653,3.3358353946884316,45344.110870527205,42028.93544150844,48774.3508417454,46903.04487926623,-1558.9340087390224,103.0,440.2340861216233,37.97851541013911,-26.161919638397013,1.0689246093905531,1273.2313469346711,4.0,4.0,9576.259362329478,28728.77808698843,158.68296541697472,562.3231298756872,-0.08701579649614916,0.2457112518425384,170392.86467955253,9.36348552927358,1.1395899439454835,0.06489171670328561
"COUNTERFACTUAL - assumed: licensed live feed + courtside camera, not purchased; parameters from our measurements",own120_pess,3.0,0.5,10,0.99,100.0,1000.0,0.005,region,D>=3c,cap1,ref_short,delay1,ref,decay,point,0.0,0.0,0.0,False,ref,burned_OOS,10,7093.0,3572.6,3490.4,334.9,0.4920907937403074,0.023019228856070606,0.6693500634428309,0.16232905681657975,0.1683208797405893,0.5692999999999999,0.8821,0.3183790038514732,60.01861598577259,498093.25373362226,237889.37462903216,2.6982038462504807,2.3918702223634267,3.011121556322287,13438.071502970162,11690.562110283578,15263.092550597412,14201.931836594114,-763.8603336239499,40.0,335.95178757425407,40.949577200607216,-4.919120432134423,26.527721890370493,756.0661019960575,3.0,3.0,7703.245781261864,23109.737343785593,58.45581813998463,533.4093405273597,-0.02049342545925261,0.25101876267564693,151257.99001791087,12.991544567491141,4.767907799430577,0.10869333548832087
"COUNTERFACTUAL - assumed: licensed live feed + courtside camera, not purchased; parameters from our measurements",own120_pess,3.0,0.5,10,0.99,1000.0,1000.0,0.005,region,D>=3c,cap1,ref_short,delay1,ref,decay,point,0.0,0.0,0.0,False,ref,IS,10,20795.0,13253.7,12946.9,886.2,0.6225967780716518,0.023151447368315294,0.7348785765809088,0.09802837220485693,0.16709305121423418,0.5955999999999999,0.9303000000000001,0.1862555880126439,148.2794788177717,7802625.715439376,3625852.487416195,3.254456915419284,2.9583242421840668,3.5632509535232315,253959.49009386534,227056.87989573338,281934.45326831174,263928.36504802067,-9968.8749541553,103.0,2465.626117416168,28.832961835064644,-681.8407156824687,-681.8407156824671,8199.048928149692,4.0,4.0,50902.89208180957,152708.6762454287,166.77328892735056,590.9927228978927,-0.44943548820962753,0.24534959712295165,170392.86467955253,75.99860234395254,1.4486344658877406,0.08379172298028362
"COUNTERFACTUAL - assumed: licensed live feed + courtside camera, not purchased; parameters from our measurements",own120_pess,3.0,0.5,10,0.99,1000.0,1000.0,0.005,region,D>=3c,cap1,ref_short,delay1,ref,decay,point,0.0,0.0,0.0,False,ref,burned_OOS,10,7093.0,4515.6,4412.7,334.9,0.6221204003947555,0.022794694999840482,0.6693500634428309,0.16232905681657975,0.1683208797405893,0.5692999999999999,0.8922999999999999,0.18575001671687222,151.89440812183594,2702508.9367514635,1263140.0595431863,2.643486856765778,2.1505913324365635,3.136885221989456,71442.42142306876,56861.71209810387,86384.95428928403,75101.69305180377,-3659.271628735005,40.0,1786.0605355767188,25.940534974912122,-879.9956876292093,-815.1736831997233,5316.7778237862685,3.0,3.0,42270.01344138567,126810.04032415702,56.99969594812099,520.122225526604,-0.700298494584506,0.2509880713939566,151257.99001791087,160.73533638094958,3.9212989042119,0.2351874196709478
"COUNTERFACTUAL - assumed: licensed live feed + courtside camera, not purchased; parameters from our measurements",own120_pess,3.0,0.5,30,0.95,100.0,1000.0,0.005,region,D>=3c,cap1,ref_short,delay1,ref,decay,point,0.0,0.0,0.0,False,ref,IS,10,54704.0,28326.6,26466.6,2496.2,0.48381471190406555,0.06566374025815627,0.7355001462415911,0.09812079555425562,0.16637905820415327,0.5989999999999999,0.9202,0.30913127914361604,52.6395427099162,3632819.4479110115,1733541.3644459632,2.6949286789202476,2.577633866990012,2.812814086617167,97901.3174251229,92567.69328321557,103199.83608129737,110163.83972204127,-12262.52229691837,103.0,950.4982274283778,45.82225800128757,-8.039224298500631,21.67114880715807,1999.5439758817283,4.0,4.0,17031.46626350303,51094.398790509076,192.26676075202428,681.3336667426104,-0.014737085805582053,0.20248775220154216,351638.1981959289,13.096742777123824,1.373028084666685,0.03656968588879011
"COUNTERFACTUAL - assumed: licensed live feed + courtside camera, not purchased; parameters from our measurements",own120_pess,3.0,0.5,30,0.95,100.0,1000.0,0.005,region,D>=3c,cap1,ref_short,delay1,ref,decay,point,0.0,0.0,0.0,False,ref,burned_OOS,10,17384.0,8918.4,8321.0,973.7,0.47865853658536583,0.06697654388912794,0.6837666820064427,0.14744592728946157,0.1687873907040957,0.5715999999999999,0.8817999999999998,0.31222400506137726,55.21987859165331,1176529.0962710613,563658.0804552523,2.442468114999271,2.225414616665261,2.6680997169603753,28730.566859815146,25944.90473452335,31724.04798200928,33371.35916577887,-4640.792305963729,40.0,718.2641714953786,51.421301378821695,-8.369487728758576,170.91238838063282,1327.4080885566298,3.0,3.0,12424.156211064128,37272.46863319238,77.24271181977042,704.839745355405,-0.02323700997986316,0.22175044886102374,307489.48067904747,21.592067754029944,5.736381492947526,0.08533619841873724
"COUNTERFACTUAL - assumed: licensed live feed + courtside camera, not purchased; parameters from our measurements",own120_pess,3.0,0.5,30,0.95,1000.0,1000.0,0.005,region,D>=3c,cap1,ref_short,delay1,ref,decay,point,0.0,0.0,0.0,False,ref,IS,10,54704.0,35892.1,33506.7,2496.2,0.6125091400994443,0.06646237965174942,0.7355001462415911,0.09812079555425562,0.16637905820415327,0.5989999999999999,0.92045,0.1726489688496727,121.74800052074472,18832845.046862137,8775311.206992978,2.6829878893961707,2.4850766912993625,2.878474850696552,505249.2328659037,463072.50834752136,548557.9685072734,583545.3174488705,-78296.08458296688,103.0,4905.332357921396,36.29842701192301,-450.7558023653801,-387.9621640546974,11750.722093216606,4.0,4.0,84565.81622749477,253697.4486824843,199.80605141919665,708.0505705631728,-0.1760789445801043,0.20296907891736202,351638.1981959289,119.83382066715149,1.5242016204718596,0.07056205450229949
"COUNTERFACTUAL - assumed: licensed live feed + courtside camera, not purchased; parameters from our measurements",own120_pess,3.0,0.5,30,0.95,1000.0,1000.0,0.005,region,D>=3c,cap1,ref_short,delay1,ref,decay,point,0.0,0.0,0.0,False,ref,burned_OOS,10,17384.0,11278.7,10526.2,973.7,0.6055108145421075,0.06671633707559065,0.6837666820064427,0.14744592728946157,0.1687873907040957,0.5715999999999999,0.8826999999999998,0.17771935415881449,132.27172749967332,6262275.505844329,2924166.5213033683,2.3624361313853313,2.004587973176056,2.7249678367139376,147910.4912511066,123837.72155577564,172643.3783354605,172040.00362165138,-24129.51237054479,40.0,3697.7622812776654,35.33824828695632,-483.3648699703717,-271.3560762313813,8643.018579353007,3.0,3.0,64462.86421032442,193388.59263097326,76.68612881945656,699.760925477541,-0.23939835299013787,0.2219871519706723,307489.48067904747,176.43074779479642,6.092596990711806,0.12084236370620358
"COUNTERFACTUAL - assumed: licensed live feed + courtside camera, not purchased; parameters from our measurements",own120_pess,3.0,0.5,30,0.99,100.0,1000.0,0.005,region,D>=3c,cap1,ref_short,delay1,ref,decay,point,0.0,0.0,0.0,False,ref,IS,10,54704.0,28275.4,27625.2,2495.1,0.5049941503363556,0.02299605634071187,0.7355001462415911,0.09812079555425562,0.16637905820415327,0.5989999999999999,0.9286999999999999,0.3070909150456408,51.73824230733085,3605768.5803665305,1713809.60367704,3.086915918366128,2.9653881430195144,3.204397819645032,111305.178752075,105685.09487430713,116738.02999963942,115211.61121461012,-3906.4324625351264,103.0,1080.6328034182038,47.93005596030401,-3.7742915538132364,45.05632983487351,2239.15042434539,4.0,4.0,16947.17474714064,50841.52424142192,219.66728538685328,778.4326132640917,-0.006927316001271248,0.1989389613925695,365480.16104853473,11.35678895674411,1.0576169563761793,0.03380948969974235
"COUNTERFACTUAL - assumed: licensed live feed + courtside camera, not purchased; parameters from our measurements",own120_pess,3.0,0.5,30,0.99,100.0,1000.0,0.005,region,D>=3c,cap1,ref_short,delay1,ref,decay,point,0.0,0.0,0.0,False,ref,burned_OOS,10,17384.0,8893.8,8684.3,973.0,0.4995570639668661,0.023556340632837947,0.6837666820064427,0.14744592728946157,0.1687873907040957,0.5715999999999999,0.8969999999999999,0.3102683103862696,54.36516760666618,1165749.230105256,556453.7867902459,2.819833782582748,2.6050751246954045,3.0475163097216886,32869.367583793726,29949.45266300858,35924.35616827126,34681.88087377044,-1812.513289976717,40.0,821.7341895948432,56.735202536315526,0.0,284.3195181145518,1429.8268982475083,3.0,3.0,12303.349137972207,36910.047413916625,89.1926889057649,813.8832862651047,0.0,0.21820131933786766,319508.8649523092,17.393916209107765,6.609140539911616,0.06639660844762743
"COUNTERFACTUAL - assumed: licensed live feed + courtside camera, not purchased; parameters from our measurements",own120_pess,3.0,0.5,30,0.99,1000.0,1000.0,0.005,region,D>=3c,cap1,ref_short,delay1,ref,decay,point,0.0,0.0,0.0,False,ref,IS,10,54704.0,35777.4,34941.9,2495.1,0.6387448815443112,0.023352742952463267,0.7355001462415911,0.09812079555425562,0.16637905820415327,0.5989999999999999,0.9289,0.17061535267753625,118.47218459823425,18545964.834407747,8609043.508504912,3.1706438712857743,2.97567395730724,3.3666891941937145,587989.8084265033,544896.5228877777,630933.4471697529,613131.767484378,-25141.959057874825,103.0,5708.638916762167,39.12016808885708,-261.3968286929514,-172.23363719662785,13450.12172657751,4.0,4.0,82987.41784700021,248962.25354100057,237.1859491401543,840.513314914139,-0.10098339693300581,0.19925441308536285,365480.16104853473,104.47857334791237,0.9022812025286949,0.06552877824344878
"COUNTERFACTUAL - assumed: licensed live feed + courtside camera, not purchased; parameters from our measurements",own120_pess,3.0,0.5,30,0.99,1000.0,1000.0,0.005,region,D>=3c,cap1,ref_short,delay1,ref,decay,point,0.0,0.0,0.0,False,ref,burned_OOS,10,17384.0,11236.9,10975.3,973.0,0.6313449148642429,0.023281276247868264,0.6837666820064427,0.14744592728946157,0.1687873907040957,0.5715999999999999,0.9007999999999999,0.1758207682319506,128.8781335734615,6174178.942280371,2873299.4743805733,2.823163222516339,2.4619134815276906,3.1897864803194698,174296.45452712916,149762.099141017,199789.36164106257,184515.09918327752,-10218.64465614834,40.0,4357.411363178229,40.38437126385964,-287.0893419196676,248.5800132227887,9146.285391265472,3.0,3.0,63613.88926255228,190841.66778765686,91.45840416459131,834.5579380018959,-0.1466852758704982,0.218520193529202,319508.8649523092,172.35528287638664,7.163031845617904,0.11285078582768139
"COUNTERFACTUAL - assumed: licensed live feed + courtside camera, not purchased; parameters from our measurements",own120_pess,3.0,1.0,3,0.95,100.0,1000.0,0.005,region,D>=3c,cap1,ref_short,delay1,ref,decay,point,0.0,0.0,0.0,False,ref,IS,10,6257.0,2996.4,2798.9,267.0,0.447322998241969,0.06587534601427716,0.7341537478024612,0.09859357519578073,0.16725267700175803,0.5929999999999999,0.92255,0.34650988420296075,74.36449222573745,485424.91526640643,232653.59290376777,2.7314145454550705,2.4160500091386625,3.0630653952311873,13255.13910101006,11504.290710581377,15132.749276843393,15338.923164929754,-2083.7840639196943,103.0,128.69067088359284,23.117762795488552,-66.94133144306491,-65.12581815824608,511.8835403719754,4.0,4.0,7115.694122102359,21347.082366307077,62.34524532254261,220.932180026486,-0.318274677861378,0.36802280749413463,110472.40935830674,7.033717865895438,0.9899609136637787,0.1617795011580136
"COUNTERFACTUAL - assumed: licensed live feed + courtside camera, not purchased; parameters from our measurements",own120_pess,3.0,1.0,3,0.95,100.0,1000.0,0.005,region,D>=3c,cap1,ref_short,delay1,ref,decay,point,0.0,0.0,0.0,False,ref,burned_OOS,10,2402.0,1131.1,1055.6,102.7,0.4394671107410491,0.06673520826970855,0.6721898417985013,0.15641132389675272,0.17139883430474603,0.5772499999999999,0.8718499999999999,0.3522272462816941,73.50449609631599,182471.56849113217,87250.32589885494,2.5163950299173927,2.0125307415953286,3.042621047528392,4588.88902022741,3583.6174156725438,5630.381593311929,5523.146609318603,-934.257589091193,40.0,114.72222550568524,22.31434082534242,-53.655225690190306,-52.604605872863225,371.21085510630814,3.0,3.0,3388.1985468045814,10164.595640413745,45.360290791226745,413.9126534699441,-0.5379236217085951,0.3530731919932841,104236.60573574835,7.793745128048801,2.5146442118762478,0.1799586781776895
"COUNTERFACTUAL - assumed: licensed live feed + courtside camera, not purchased; parameters from our measurements",own120_pess,3.0,1.0,3,0.95,1000.0,1000.0,0.005,region,D>=3c,cap1,ref_short,delay1,ref,decay,point,0.0,0.0,0.0,False,ref,IS,10,6257.0,3794.9,3542.5,267.0,0.5661658941984977,0.06650526328767678,0.7341537478024612,0.09859357519578073,0.16725267700175803,0.5929999999999999,0.9221,0.22041151163679756,271.6297808356079,3066395.1867697695,1442171.9152290311,2.789350043920352,2.3449604797959958,3.2599884512138244,85546.7606899809,70298.41388462216,101926.84143282121,98557.70152898574,-13010.940839004848,103.0,830.5510746600088,18.043942662380474,-854.6700791883972,-777.3446232275819,3960.7475449847034,4.0,4.0,44457.50130117046,133372.5039035114,64.36608184688579,228.09339683605157,-0.6522055663247865,0.36826213888739234,110472.40935830674,49.2725290151209,1.0020788415559763,0.15433667748649052
"COUNTERFACTUAL - assumed: licensed live feed + courtside camera, not purchased; parameters from our measurements",own120_pess,3.0,1.0,3,0.95,1000.0,1000.0,0.005,region,D>=3c,cap1,ref_short,delay1,ref,decay,point,0.0,0.0,0.0,False,ref,burned_OOS,10,2402.0,1438.3,1342.8,102.7,0.5590341382181515,0.06642489971779582,0.6721898417985013,0.15641132389675272,0.17139883430474603,0.5772499999999999,0.8877999999999998,0.22552996721144117,264.77453433049635,1149869.2959469007,538454.8473305122,2.540263570936713,1.818317636830161,3.2622913199487185,29205.614850924158,20448.53240771905,38389.02636781617,33156.2703099116,-3950.6554589874418,40.0,730.1403712731039,16.98135896310061,-800.8778290447596,-676.3658080856306,2867.194061691867,2.9,3.0,21939.406677031428,65818.22003109429,44.41715018853979,405.3064954704256,-1.237149855947757,0.3550678559736151,104236.60573574835,64.9485792443702,1.8636636419484782,0.20970308539046179
"COUNTERFACTUAL - assumed: licensed live feed + courtside camera, not purchased; parameters from our measurements",own120_pess,3.0,1.0,3,0.99,100.0,1000.0,0.005,region,D>=3c,cap1,ref_short,delay1,ref,decay,point,0.0,0.0,0.0,False,ref,IS,10,6257.0,2995.0,2927.3,267.0,0.4678440147035321,0.022594064935833057,0.7341537478024612,0.09859357519578073,0.16725267700175803,0.5929999999999999,0.931,0.34414540724055065,74.09617085071766,485225.0622402112,231737.31085899426,3.0751652628038086,2.753096216246635,3.4167826493121454,14919.776193724552,13049.635401682355,16920.421652713772,15497.222189378599,-577.4459956540486,103.0,144.8521960555782,24.54394560119927,-63.73686135942144,-61.095089849519944,551.5425061563353,4.0,4.0,7042.222254172094,21126.66676251628,70.77394896477752,250.80088710819214,-0.30350606550039755,0.3678599195524658,114646.37059698887,5.482459339808266,0.9071188411723168,0.12189524727890813
"COUNTERFACTUAL - assumed: licensed live feed + courtside camera, not purchased; parameters from our measurements",own120_pess,3.0,1.0,3,0.99,100.0,1000.0,0.005,region,D>=3c,cap1,ref_short,delay1,ref,decay,point,0.0,0.0,0.0,False,ref,burned_OOS,10,2402.0,1121.9,1095.9,102.6,0.4562447960033305,0.023216053217870646,0.6721898417985013,0.15641132389675272,0.17139883430474603,0.5772499999999999,0.8754499999999998,0.3526445014625471,72.75957662534269,180595.16850291358,85934.52566369243,2.879182499098458,2.387687358418597,3.408776999275168,5200.113867263153,4198.976318078278,6268.424371290636,5592.334280111239,-392.2204128480867,40.0,130.00284668157883,24.139397825135685,-32.63609470793565,-32.570916860784884,408.0222003383359,3.0,3.0,3308.3790649326984,9925.137194798093,52.54205575246219,479.4462587412175,-0.33103745750113406,0.3546438481136631,108226.88350418335,6.714988756499462,1.94446605788062,0.12715292181766316
"COUNTERFACTUAL - assumed: licensed live feed + courtside camera, not purchased; parameters from our measurements",own120_pess,3.0,1.0,3,0.99,1000.0,1000.0,0.005,region,D>=3c,cap1,ref_short,delay1,ref,decay,point,0.0,0.0,0.0,False,ref,IS,10,6257.0,3787.1,3701.6,267.0,0.5915934153747802,0.022580926945124046,0.7341537478024612,0.09859357519578073,0.16725267700175803,0.5929999999999999,0.9362999999999999,0.2179458693444969,271.1532501560651,3067678.1034539696,1437906.8404352816,3.1395966123553487,2.6920309365587203,3.605796886566992,96317.70253926286,80685.3131064971,113271.10593027549,99840.0822011745,-3522.379661911646,103.0,935.1233256239111,19.814293683818317,-811.412435015618,-725.7514920669933,4237.047004716057,4.0,4.0,43343.235121903796,130029.70536571139,74.36788858904917,263.5366925728442,-0.6315805996088518,0.3684877704909444,114646.37059698887,51.49786936827384,1.0616701477316215,0.16594174765859007
"COUNTERFACTUAL - assumed: licensed live feed + courtside camera, not purchased; parameters from our measurements",own120_pess,3.0,1.0,3,0.99,1000.0,1000.0,0.005,region,D>=3c,cap1,ref_short,delay1,ref,decay,point,0.0,0.0,0.0,False,ref,burned_OOS,10,2402.0,1422.6,1391.2,102.6,0.5791840133222315,0.02212052706636213,0.6721898417985013,0.15641132389675272,0.17139883430474603,0.5772499999999999,0.8933,0.22730721354434963,264.6561336213301,1142885.0355544612,533204.097987391,2.923706448033062,2.1975237168378596,3.668955353282347,33418.62944190473,24336.929209697526,43060.27546086118,34995.08270692489,-1576.4532650201504,40.0,835.4657360476185,19.062128367894456,-730.8864069594596,-605.23560889287,2831.239062053151,3.0,3.0,21756.207173174353,65268.621519523054,51.271713129513884,467.8543823068142,-1.1413269150664822,0.3575874359309905,108226.88350418335,61.07332395360501,2.292914676905222,0.1702067552278249
"COUNTERFACTUAL - assumed: licensed live feed + courtside camera, not purchased; parameters from our measurements",own120_pess,3.0,1.0,10,0.95,100.0,1000.0,0.005,region,D>=3c,cap1,ref_short,delay1,ref,decay,point,0.0,0.0,0.0,False,ref,IS,10,20795.0,9927.1,9282.6,886.5,0.44638615051695113,0.06492013379274367,0.7348785765809088,0.09802837220485693,0.16709305121423418,0.5955999999999999,0.9172999999999998,0.34802472236813936,71.20878020973791,1562623.0239600684,746243.5030447731,2.8071483305199867,2.6384355209043093,2.982556013370154,43862.788511273255,40577.982747204675,47252.32338401784,49068.275768836,-5205.487257562756,103.0,425.8523156434297,37.94529874612128,-38.994771887798926,-22.904099268243097,1179.653272585346,4.0,4.0,10242.016066103019,30726.04819830905,143.53459510343706,508.64201177431585,-0.11958848933696294,0.33811797002854743,328067.19980688544,11.194778004753163,1.3484366321352854,0.07742117934757524
"COUNTERFACTUAL - assumed: licensed live feed + courtside camera, not purchased; parameters from our measurements",own120_pess,3.0,1.0,10,0.95,100.0,1000.0,0.005,region,D>=3c,cap1,ref_short,delay1,ref,decay,point,0.0,0.0,0.0,False,ref,burned_OOS,10,7093.0,3419.7,3193.2,335.4,0.45019032849288027,0.0662092610593327,0.6693500634428309,0.16232905681657975,0.1683208797405893,0.5692999999999999,0.8618499999999999,0.34308528649289183,71.86659966734558,541285.2116022145,260233.65077003054,2.334002435605334,2.050183001645065,2.6313321985984497,12629.749231231961,10894.53843415291,14468.367977068448,14501.626414512424,-1871.8771832804607,40.0,315.74373078079907,38.30221132707179,-11.83530476213473,7.775855722248204,701.962913833139,3.0,3.0,8073.889071044396,24221.667213133194,52.26814337275209,476.94680827636296,-0.047102269302995305,0.3420198313668428,290985.59597997455,15.875811105268339,4.479206486924131,0.12755919899220242
"COUNTERFACTUAL - assumed: licensed live feed + courtside camera, not purchased; parameters from our measurements",own120_pess,3.0,1.0,10,0.95,1000.0,1000.0,0.005,region,D>=3c,cap1,ref_short,delay1,ref,decay,point,0.0,0.0,0.0,False,ref,IS,10,20795.0,12662.3,11823.4,886.5,0.5685693676364509,0.06625335916975361,0.7348785765809088,0.09802837220485693,0.16709305121423418,0.5955999999999999,0.9181999999999999,0.2185009390305137,247.3256114536335,9677266.127802115,4534337.457348408,2.894561419589906,2.6549785861330104,3.1470637136556534,280138.7336823899,251882.27410554522,308697.73065257084,314671.57238767017,-34532.83870528025,103.0,2719.793530896989,29.865486264153976,-786.8047784819588,-729.8504939515566,8606.53002186982,4.0,4.0,63255.7402266972,189767.2206800916,148.35980900033294,525.7410707293353,-0.41433718782301154,0.3371662160268718,328067.19980688544,86.95312152848983,1.2070526325485254,0.08201357542428048
"COUNTERFACTUAL - assumed: licensed live feed + courtside camera, not purchased; parameters from our measurements",own120_pess,3.0,1.0,10,0.95,1000.0,1000.0,0.005,region,D>=3c,cap1,ref_short,delay1,ref,decay,point,0.0,0.0,0.0,False,ref,burned_OOS,10,7093.0,4331.8,4044.0,335.4,0.5701395742281123,0.06642304641510749,0.6693500634428309,0.16232905681657975,0.1683208797405893,0.5692999999999999,0.8698999999999998,0.21591524472433105,249.24999175557832,3348408.024141813,1576163.2149709305,2.3536534874097215,1.9501920895828448,2.7679911959042576,78800.24318675781,63768.63491196257,94253.74936013571,87955.40901255765,-9155.16582579984,40.0,1970.006079668945,28.612310162618087,-781.1218917568258,-648.9397916103426,5278.777858378715,3.0,3.0,50543.70995773554,151631.12987320664,52.240686957703716,476.69626848904636,-0.5106139835233374,0.34229119610293124,290985.59597997455,135.08527113307295,4.254807590384628,0.16294370711234
"COUNTERFACTUAL - assumed: licensed live feed + courtside camera, not purchased; parameters from our measurements",own120_pess,3.0,1.0,10,0.99,100.0,1000.0,0.005,region,D>=3c,cap1,ref_short,delay1,ref,decay,point,0.0,0.0,0.0,False,ref,IS,10,20795.0,9906.4,9683.7,886.2,0.4656744409713873,0.02248088402937711,0.7348785765809088,0.09802837220485693,0.16709305121423418,0.5955999999999999,0.9308,0.34633430254758896,71.04320486039704,1560264.279394858,742562.9522153789,3.1418967363706303,2.969093011518846,3.321158758167362,49020.46826127181,45598.41234569761,52533.57084777708,50578.8841783729,-1558.41591710109,103.0,475.92687632302733,39.56429810469014,-12.14067614439955,24.709402733614514,1346.9846953090434,4.0,4.0,10330.178185993685,30990.534557981056,158.94155182438712,563.2394797660321,-0.0358500746973756,0.3373976715137438,340785.72935910505,8.486287667969561,0.9070352917209438,0.05655587159932347
"COUNTERFACTUAL - assumed: licensed live feed + courtside camera, not purchased; parameters from our measurements",own120_pess,3.0,1.0,10,0.99,100.0,1000.0,0.005,region,D>=3c,cap1,ref_short,delay1,ref,decay,point,0.0,0.0,0.0,False,ref,burned_OOS,10,7093.0,3400.9,3323.3,334.9,0.4685323558437897,0.02282902991238499,0.6693500634428309,0.16232905681657975,0.1683208797405893,0.5692999999999999,0.8811499999999999,0.3424080350328176,71.53026178991433,538402.7114125806,257872.6806598419,2.677338486154791,2.3908310662750947,2.9696160795890614,14412.449707320018,12618.431785326899,16287.929122186217,15139.589381414995,-727.1396740949755,40.0,360.3112426830005,42.402020387723425,-5.20329072433392,44.64901765522278,789.82038749194,3.0,3.0,8285.063382195933,24855.190146587804,58.29847880707557,531.9736191145645,-0.01960370164995123,0.34253601639969283,302515.98003582173,12.160959079816243,4.285388185583407,0.09836301538079155
"COUNTERFACTUAL - assumed: licensed live feed + courtside camera, not purchased; parameters from our measurements",own120_pess,3.0,1.0,10,0.99,1000.0,1000.0,0.005,region,D>=3c,cap1,ref_short,delay1,ref,decay,point,0.0,0.0,0.0,False,ref,IS,10,20795.0,12616.7,12324.1,886.2,0.5926472709786006,0.02319336158183468,0.7348785765809088,0.09802837220485693,0.16709305121423418,0.5955999999999999,0.9320999999999999,0.21680670378182815,246.82101416613472,9648452.926264491,4506997.507518838,3.253701216959005,3.0036382590210073,3.511755279545393,313958.3682684543,285017.007274561,344188.715006488,323718.7634461002,-9760.39517764588,103.0,3048.139497751983,31.92367634624485,-480.9369964335201,-432.83909074638666,9580.9277050207,4.0,4.0,63231.26486346811,189693.79459040437,166.08445362338563,588.5517045877258,-0.25246482426372874,0.33693489637496354,340785.72935910505,81.25096797226588,1.432003568963747,0.07179779547490565
"COUNTERFACTUAL - assumed: licensed live feed + courtside camera, not purchased; parameters from our measurements",own120_pess,3.0,1.0,10,0.99,1000.0,1000.0,0.005,region,D>=3c,cap1,ref_short,delay1,ref,decay,point,0.0,0.0,0.0,False,ref,burned_OOS,10,7093.0,4304.3,4206.6,334.9,0.5930635838150289,0.022704469910765947,0.6693500634428309,0.16232905681657975,0.1683208797405893,0.5692999999999999,0.8920999999999999,0.2153866964898385,249.31287285978632,3339162.3066667626,1567384.0751524125,2.717695160986684,2.3059578714236837,3.1384953634839214,90753.91765289067,74855.0414864327,106867.74827779547,94770.95345159803,-4017.0357987073635,40.0,2268.847941322267,31.586669755024502,-510.6731696164814,-470.13181280250546,5968.987103994562,3.0,3.0,51697.654812440145,155092.96443732045,58.97106057047205,538.1109277055575,-0.3324532962725074,0.3437310884148938,302515.98003582173,153.26582300991203,4.353111095469441,0.17876960831969252
"COUNTERFACTUAL - assumed: licensed live feed + courtside camera, not purchased; parameters from our measurements",own120_pess,3.0,1.0,30,0.95,100.0,1000.0,0.005,region,D>=3c,cap1,ref_short,delay1,ref,decay,point,0.0,0.0,0.0,False,ref,IS,10,54704.0,26889.2,25130.3,2496.2,0.4593868821292776,0.06541383709642448,0.7355001462415911,0.09812079555425562,0.16637905820415327,0.5989999999999999,0.9202,0.33503702804320656,65.52047422455819,3974486.071155911,1900535.624540995,2.7315212850958077,2.6197836146579596,2.8417782900005433,108564.15946638715,102992.98434138333,113967.3924879637,120647.53689384263,-12083.377427455494,103.0,1054.0209656930788,47.42832338612094,-6.2282089963497125,37.662159163188775,2191.9953963272733,4.0,4.0,18893.866096524795,56681.598289574395,192.05596635351986,680.5866768838323,-0.010276077990629767,0.28634014980757133,703276.3963918578,13.576942745791998,1.2570508711362363,0.033030154320789006
"COUNTERFACTUAL - assumed: licensed live feed + courtside camera, not purchased; parameters from our measurements",own120_pess,3.0,1.0,30,0.95,100.0,1000.0,0.005,region,D>=3c,cap1,ref_short,delay1,ref,decay,point,0.0,0.0,0.0,False,ref,burned_OOS,10,17384.0,8499.7,7932.7,973.7,0.456321905200184,0.06670152954322009,0.6837666820064427,0.14744592728946157,0.1687873907040957,0.5715999999999999,0.8801499999999999,0.3359078327223808,66.74819702800627,1280279.2238091305,615339.3162237282,2.4589621703309517,2.2577749473663777,2.6703918424793156,31475.23180405721,28608.04190156993,34518.88169253515,36000.636899215126,-4525.405095157925,40.0,786.8807951014302,53.77188783050998,-4.687362452142497,215.57736542528642,1424.0287115946019,3.0,3.0,13557.195336889761,40671.586010669285,77.61015144767461,708.1926319600309,-0.0123159422825921,0.30728611416013607,614978.9613580949,21.297175551971403,5.130647115149318,0.07958525796554364
"COUNTERFACTUAL - assumed: licensed live feed + courtside camera, not purchased; parameters from our measurements",own120_pess,3.0,1.0,30,0.95,1000.0,1000.0,0.005,region,D>=3c,cap1,ref_short,delay1,ref,decay,point,0.0,0.0,0.0,False,ref,IS,10,54704.0,34237.1,31970.6,2496.2,0.5844289265867213,0.06620103242858989,0.7355001462415911,0.09812079555425562,0.16637905820415327,0.5989999999999999,0.91945,0.2024280823484553,201.60405361568186,23395096.294979166,10955909.532212991,2.813582217354988,2.6512497697170643,2.9782689369921362,658223.4364752319,612628.230186109,704718.444796701,735708.5606147435,-77485.12413951164,103.0,6390.518800730408,40.332706478370724,-170.25107840106938,-26.162562505851263,14312.353150418658,4.0,4.0,105520.08387811405,316560.25163434213,208.52418229732248,738.944917849735,-0.05215900187750069,0.2862305809569984,703276.3963918578,112.22146836762414,1.2510748974509758,0.051071768219490575
"COUNTERFACTUAL - assumed: licensed live feed + courtside camera, not purchased; parameters from our measurements",own120_pess,3.0,1.0,30,0.95,1000.0,1000.0,0.005,region,D>=3c,cap1,ref_short,delay1,ref,decay,point,0.0,0.0,0.0,False,ref,burned_OOS,10,17384.0,10772.2,10054.2,973.7,0.5783594109526,0.06665126495671844,0.6837666820064427,0.14744592728946157,0.1687873907040957,0.5715999999999999,0.8814,0.2065090317902834,219.68472573832082,7718447.0642693,3622546.5523867803,2.5030576960742987,2.206820363697541,2.806666267493577,193175.59980269888,167736.23978911905,219925.79240080746,218691.49223452253,-25515.892431823646,40.0,4829.389995067473,42.08125425270438,-377.0900143572824,275.87374344048317,10114.637006489324,3.0,3.0,79679.19149469878,239037.57448409632,80.91520525667906,738.3512479671965,-0.15363538778481586,0.3080316771788091,614978.9613580949,165.18184689063924,6.837755643799248,0.09055861760518416
"COUNTERFACTUAL - assumed: licensed live feed + courtside camera, not purchased; parameters from our measurements",own120_pess,3.0,1.0,30,0.99,100.0,1000.0,0.005,region,D>=3c,cap1,ref_short,delay1,ref,decay,point,0.0,0.0,0.0,False,ref,IS,10,54704.0,26782.9,26171.1,2495.1,0.47841291313249484,0.02284383628420127,0.7355001462415911,0.09812079555425562,0.16637905820415327,0.5989999999999999,0.92935,0.33421350246119735,65.268353540305,3960920.750094897,1887260.2446473308,3.0854663383351215,2.9714531233940553,3.1961224232498546,122212.22374424036,116420.10793515579,127734.62533109181,126038.98213324459,-3826.7583890042515,103.0,1186.5264441188385,49.3588022425178,0.0,66.27910082338951,2452.7258997638623,4.0,4.0,18904.471577100798,56713.41473130238,215.88595153410432,765.0327408732821,0.0,0.2865625858525215,730960.3220970695,12.554014498887753,0.8433538564542973,0.031285695116989046
"COUNTERFACTUAL - assumed: licensed live feed + courtside camera, not purchased; parameters from our measurements",own120_pess,3.0,1.0,30,0.99,100.0,1000.0,0.005,region,D>=3c,cap1,ref_short,delay1,ref,decay,point,0.0,0.0,0.0,False,ref,burned_OOS,10,17384.0,8454.6,8256.8,973.0,0.47496548550391166,0.023397941129481115,0.6837666820064427,0.14744592728946157,0.1687873907040957,0.5715999999999999,0.8986999999999998,0.3353562109808279,66.52716367909338,1272879.4927454414,609691.2404919142,2.8085507191139447,2.604579312936825,3.0221502982301027,35745.230903865406,32756.388334831765,38872.43270667238,37494.20490459124,-1748.9740007258383,40.0,893.6307725966351,58.54385160496914,0.0,321.09520693083294,1519.3947019952666,3.0,3.0,13487.54335971832,40462.63007915495,88.45179893832876,807.12266531225,0.0,0.30767651500371546,639017.7299046183,18.511777137324994,5.859704519849314,0.06878369012002493
"COUNTERFACTUAL - assumed: licensed live feed + courtside camera, not purchased; parameters from our measurements",own120_pess,3.0,1.0,30,0.99,1000.0,1000.0,0.005,region,D>=3c,cap1,ref_short,delay1,ref,decay,point,0.0,0.0,0.0,False,ref,IS,10,54704.0,34046.8,33251.9,2495.1,0.6078513454226382,0.0233468694506505,0.7355001462415911,0.09812079555425562,0.16637905820415327,0.5989999999999999,0.9289,0.20213804718744216,201.50555650166058,23297063.985202573,10876227.68555405,3.2005149871707372,3.0361595256179137,3.364340177597037,745597.396307596,697999.4652039774,792592.4511104524,770445.9034189184,-24848.507111322248,103.0,7238.809672889282,42.50197919447254,-36.60054534803494,239.7546303643961,16175.644619723374,4.0,4.0,105072.41768075123,315217.25304225367,237.3465108421095,841.0822957026212,-0.01087628293969627,0.2865134195566099,730960.3220970695,88.1499463785855,1.261504684840722,0.044828690324752195
"COUNTERFACTUAL - assumed: licensed live feed + courtside camera, not purchased; parameters from our measurements",own120_pess,3.0,1.0,30,0.99,1000.0,1000.0,0.005,region,D>=3c,cap1,ref_short,delay1,ref,decay,point,0.0,0.0,0.0,False,ref,burned_OOS,10,17384.0,10706.2,10457.4,973.0,0.6015531523239761,0.02323737780015419,0.6837666820064427,0.14744592728946157,0.1687873907040957,0.5715999999999999,0.8980999999999998,0.2062127507057779,219.78488508454885,7687143.551014645,3597932.2028029105,2.8714437911504405,2.5703349564277387,3.18000994427435,220723.35848742072,195060.04909761128,248134.38680073628,231371.45846157725,-10648.099974156523,40.0,5518.083962185518,46.73499406110232,-175.66621618212812,803.3820889298383,10544.926198724776,3.0,3.0,79264.33104196524,237792.99312589568,92.97381081116829,848.3860236519106,-0.07068252388407678,0.30907391559076663,639017.7299046183,148.3929709809739,8.116166505412071,0.07697348130427499
"COUNTERFACTUAL - assumed: licensed live feed + courtside camera, not purchased; parameters from our measurements",own120_pess,3.142,0.25,3,0.95,100.0,1000.0,0.005,region,D>=3c,cap1,ref_short,delay1,ref,decay,point,0.0,0.0,0.0,False,ref,IS,10,6257.0,3358.5,3140.4,267.0,0.5019018699057055,0.06492818050535967,0.7988652708965958,0.0503595972510788,0.15077513185232544,0.7349999999999999,1.02135,0.3052207852401576,50.33015782105703,420105.9683348051,200463.64801131494,2.738221908611208,2.3894205698515454,3.1003153759725173,11503.432731032324,9835.166361501932,13266.5060094426,13657.139436995403,-2153.706705963078,103.0,111.68381292264394,21.64892076000273,-65.85857337177659,-63.20784475238962,458.0066558116865,4.0,4.0,6215.578721803817,18646.736165411454,61.92280633401138,219.43518749431217,-0.35593716876373793,0.17272307576235296,29439.78392406081,7.430747144719333,1.1735257730028263,0.181656453112208
"COUNTERFACTUAL - assumed: licensed live feed + courtside camera, not purchased; parameters from our measurements",own120_pess,3.142,0.25,3,0.95,100.0,1000.0,0.005,region,D>=3c,cap1,ref_short,delay1,ref,decay,point,0.0,0.0,0.0,False,ref,burned_OOS,10,2402.0,1269.8,1187.7,102.8,0.49446294754371356,0.0646711126296585,0.7906744379683597,0.05278934221482099,0.15653621981681934,0.7192499999999997,0.9983499999999997,0.3087459905888578,50.422544576276245,158284.06026434834,75036.1532944993,2.6762057672967376,2.123726184182748,3.259691092653216,4235.856554305367,3278.234487050589,5249.419705667002,5293.526400175599,-1057.6698458702317,40.0,105.89641385763416,21.16658393366422,-63.08194932142121,-58.97047120709817,335.63051105410057,3.0,3.0,2975.1335475457404,8925.40064263722,47.59584832566966,434.3121159717357,-0.7190478292726745,0.16017059516509916,27831.55499557948,7.507559202117235,2.283104953611301,0.17198143211249486
"COUNTERFACTUAL - assumed: licensed live feed + courtside camera, not purchased; parameters from our measurements",own120_pess,3.142,0.25,3,0.95,1000.0,1000.0,0.005,region,D>=3c,cap1,ref_short,delay1,ref,decay,point,0.0,0.0,0.0,False,ref,IS,10,6257.0,4209.8,3933.7,267.0,0.6286878695860636,0.06558937376269261,0.7988652708965958,0.0503595972510788,0.15077513185232544,0.7349999999999999,1.0102,0.17069087753744328,110.34048606255222,2080180.4168251245,968670.305338103,2.584900722192406,1.9689723706948992,3.2061492640299134,53850.62990112539,40259.0931689396,67922.3654164121,65815.41000372378,-11964.780102598414,103.0,522.8216495254892,13.419308312655952,-1207.4304108189883,-876.6145526712105,2768.989279904717,4.0,4.0,29327.490682271728,87982.47204681518,61.18968650313858,216.8372385790833,-1.3918829252975873,0.17216484072035562,29439.78392406081,59.148051389236045,1.3115131603190653,0.25256838987942354
"COUNTERFACTUAL - assumed: licensed live feed + courtside camera, not purchased; parameters from our measurements",own120_pess,3.142,0.25,3,0.95,1000.0,1000.0,0.005,region,D>=3c,cap1,ref_short,delay1,ref,decay,point,0.0,0.0,0.0,False,ref,burned_OOS,10,2402.0,1602.1,1498.0,102.8,0.6236469608659451,0.06503029935914353,0.7906744379683597,0.05278934221482099,0.15653621981681934,0.7192499999999997,1.0107499999999998,0.17184755759608156,109.06191448179554,776109.6329910336,360092.9700543161,2.26393431763184,1.2586104558853903,3.2502258956782946,17557.61128327014,9354.053323580276,25852.472646592145,21910.87061177366,-4353.259328503517,40.0,438.9402820817535,11.236531726575995,-1227.4151367346458,-793.7918601629157,2469.8653737671366,3.0,3.0,14934.839487473811,44804.518462421445,39.063842009348846,356.4575583353082,-2.757658290047599,0.1614420236450071,27831.55499557948,78.29497373867382,2.1865794958373423,0.3954839410045722
"COUNTERFACTUAL - assumed: licensed live feed + courtside camera, not purchased; parameters from our measurements",own120_pess,3.142,0.25,3,0.99,100.0,1000.0,0.005,region,D>=3c,cap1,ref_short,delay1,ref,decay,point,0.0,0.0,0.0,False,ref,IS,10,6257.0,3374.2,3299.1,267.0,0.5272654626817964,0.022258519230566775,0.7988652708965958,0.0503595972510788,0.15077513185232544,0.7349999999999999,1.0423,0.3000102018032219,49.21430028668903,417530.8211502278,198299.95588873915,3.153130997588704,2.797326024363194,3.52869804937039,13164.860717014735,11391.74658643611,15041.373314710252,13808.119487613378,-643.2587705986427,103.0,127.81418171858968,23.32505985931749,-54.9879737587723,-54.665573666716035,497.0598888357716,4.0,4.0,6083.193242838238,18249.579728514716,72.29621018272564,256.1953079290763,-0.3014541408080243,0.16332341308245785,30549.374667940727,6.504127436147121,1.2982675949181746,0.15942515848699348
"COUNTERFACTUAL - assumed: licensed live feed + courtside camera, not purchased; parameters from our measurements",own120_pess,3.142,0.25,3,0.99,100.0,1000.0,0.005,region,D>=3c,cap1,ref_short,delay1,ref,decay,point,0.0,0.0,0.0,False,ref,burned_OOS,10,2402.0,1265.9,1237.6,102.7,0.5152373022481266,0.022388579703703993,0.7906744379683597,0.05278934221482099,0.15653621981681934,0.7192499999999997,1.0002999999999997,0.307272894240297,48.96728860922735,155858.32449161602,73413.81231772422,3.120483990803266,2.5732131656837844,3.7074893414123506,4864.124947919894,3895.613460332252,5916.396493917997,5303.22244304056,-439.0974951206661,40.0,121.60312369799735,23.152241871257168,-45.04281366192693,-44.0759512161515,377.7221456590728,3.0,3.0,2911.4530323547096,8734.359097064129,55.89264828752074,510.02041562362683,-0.5147908257439142,0.15296878701017333,28874.175399905675,6.005559757523799,2.0993507896217807,0.11265807284316033
"COUNTERFACTUAL - assumed: licensed live feed + courtside camera, not purchased; parameters from our measurements",own120_pess,3.142,0.25,3,0.99,1000.0,1000.0,0.005,region,D>=3c,cap1,ref_short,delay1,ref,decay,point,0.0,0.0,0.0,False,ref,IS,10,6257.0,4221.0,4126.7,267.0,0.6595333226786,0.022344773956248277,0.7988652708965958,0.0503595972510788,0.15077513185232544,0.7349999999999999,1.0316999999999996,0.16512213609358453,105.92142341248044,2034204.7085593124,941523.7510598309,3.180673449381405,2.5599615717155446,3.8202385223913744,64764.13793689911,51158.22278080213,79634.15298333048,68075.4784351529,-3311.340498253783,103.0,628.7780382223216,15.71620150935965,-1040.9190792510406,-818.5752490647221,3176.61343111343,4.0,4.0,28176.26942903341,84528.80828710023,76.95047353506322,272.6885712650299,-1.255251730970722,0.16283752454970252,30549.374667940727,60.04121230318383,1.1539460300039892,0.26374228538762323
"COUNTERFACTUAL - assumed: licensed live feed + courtside camera, not purchased; parameters from our measurements",own120_pess,3.142,0.25,3,0.99,1000.0,1000.0,0.005,region,D>=3c,cap1,ref_short,delay1,ref,decay,point,0.0,0.0,0.0,False,ref,burned_OOS,10,2402.0,1596.4,1561.1,102.7,0.6499167360532889,0.022145571867859138,0.7906744379683597,0.05278934221482099,0.15653621981681934,0.7192499999999997,1.0181,0.1699613069281703,104.20285442163728,755342.2238129602,348556.6338128546,2.856760876795269,1.821998319551011,3.9208171616247425,21553.809880417924,13297.056838645149,30435.827000057972,23283.839676362037,-1730.0297959441166,40.0,538.845247010448,13.45224318484583,-1009.9475007143907,-759.4399412636263,2490.3246409817625,3.0,3.0,14419.928848569753,43259.78654570926,49.86022955194345,454.9745946614841,-2.354986429566931,0.15227748376161368,28874.175399905675,75.43610163857417,1.708452785853417,0.40045716182135505
"COUNTERFACTUAL - assumed: licensed live feed + courtside camera, not purchased; parameters from our measurements",own120_pess,3.142,0.25,10,0.95,100.0,1000.0,0.005,region,D>=3c,cap1,ref_short,delay1,ref,decay,point,0.0,0.0,0.0,False,ref,IS,10,20795.0,11208.5,10485.1,887.4,0.504212551094013,0.06454138238893219,0.7995720125030056,0.05081509978360184,0.14961288771339265,0.7375999999999998,1.0072999999999999,0.30433246301727923,46.09438348661604,1336065.1349947858,635104.868532757,2.796478093430477,2.6038404836384097,2.9965289600000258,37362.7401315942,34216.830237056754,40592.78684429097,42827.27584492448,-5464.535713330284,103.0,362.7450498213028,35.35622491583505,-50.08166935099107,-43.61984232101907,1034.158431307506,4.0,4.0,8847.317131083237,26541.951393249707,141.48795233535532,501.3893456544145,-0.18339452384826813,0.15191580023620802,87372.99347126659,12.458406036745647,1.4398746681401893,0.09445207441063162
"COUNTERFACTUAL - assumed: licensed live feed + courtside camera, not purchased; parameters from our measurements",own120_pess,3.142,0.25,10,0.95,100.0,1000.0,0.005,region,D>=3c,cap1,ref_short,delay1,ref,decay,point,0.0,0.0,0.0,False,ref,burned_OOS,10,7093.0,3817.5,3568.4,335.8,0.5030875511067248,0.06522756691783646,0.7917383335683068,0.05440575215000705,0.15385591428168616,0.7112999999999998,0.9741999999999997,0.30150364629699195,48.246888105810726,463958.491269401,220902.71126331468,2.503111873711647,2.1939817906796475,2.8343053030383327,11611.326147342892,9896.717438348966,13418.283497790126,13709.78263900641,-2098.4564916635145,40.0,290.2831536835723,35.75771909900877,-19.990287322169525,-8.360846617159426,694.4126436898191,3.0,3.0,7026.027247361587,21078.08174208476,55.270439567036036,504.34276104920383,-0.0983552742992943,0.1512451740815988,77641.73441730914,14.262517695197987,3.336848628967489,0.12748819923445373
"COUNTERFACTUAL - assumed: licensed live feed + courtside camera, not purchased; parameters from our measurements",own120_pess,3.142,0.25,10,0.95,1000.0,1000.0,0.005,region,D>=3c,cap1,ref_short,delay1,ref,decay,point,0.0,0.0,0.0,False,ref,IS,10,20795.0,14117.0,13198.1,887.4,0.6346766049531137,0.06509477768514663,0.7995720125030056,0.05081509978360184,0.14961288771339265,0.7375999999999998,1.0065,0.16603015198826146,94.0013806446461,6473607.769978471,3004656.797083803,2.6739266746409682,2.32608095761914,3.022412451272794,173111.92431180188,148440.28683594198,198473.4084675215,207991.57319194297,-34879.64888014107,103.0,1680.6982942893385,22.734869712908516,-1433.023462051066,-1128.082826976895,6040.398208275092,4.0,4.0,42503.62382000133,127510.87146000398,136.7835658003951,484.7184613314971,-1.1378138082410352,0.15134865623867352,87372.99347126659,96.34026552624817,1.0882958059924217,0.14893816329431508
"COUNTERFACTUAL - assumed: licensed live feed + courtside camera, not purchased; parameters from our measurements",own120_pess,3.142,0.25,10,0.95,1000.0,1000.0,0.005,region,D>=3c,cap1,ref_short,delay1,ref,decay,point,0.0,0.0,0.0,False,ref,burned_OOS,10,7093.0,4794.0,4481.2,335.8,0.6317778091075709,0.06524316086013218,0.7917383335683068,0.05440575215000705,0.15385591428168616,0.7112999999999998,0.9820999999999998,0.16506633557717001,101.75285128222126,2245569.514735372,1045578.5957678517,2.110894009146545,1.5453679094350279,2.694068693881388,47371.43212435033,33754.75901865418,61683.14467941043,56395.672282512045,-9024.240158161714,40.0,1184.2858031087585,18.16954840264888,-1596.5286573407857,-1258.8478374552105,4533.351776596088,3.0,3.0,35059.67035084289,105179.01105252867,45.57286477048957,415.8523910307173,-1.5295460059174366,0.15190398680045164,77641.73441730914,119.9679886963032,3.139188627296539,0.22468190775398286
"COUNTERFACTUAL - assumed: licensed live feed + courtside camera, not purchased; parameters from our measurements",own120_pess,3.142,0.25,10,0.99,100.0,1000.0,0.005,region,D>=3c,cap1,ref_short,delay1,ref,decay,point,0.0,0.0,0.0,False,ref,IS,10,20795.0,11243.9,10991.1,887.1,0.5285453233950469,0.022485030211351432,0.7995720125030056,0.05081509978360184,0.14961288771339265,0.7375999999999998,1.0332,0.2997363805820729,45.179359765401536,1324198.8391010417,626610.1414440103,3.2121400601488803,3.0178307591152183,3.4135845167566794,42536.189040390294,39254.90003976705,45921.10514158263,44220.53769495821,-1684.3486545679225,103.0,412.97270913000284,37.30782755823263,-30.184469958356566,-16.44308029814551,1191.0415860389721,4.0,4.0,8755.132377195103,26265.397131585305,162.4856730053418,575.7987441451434,-0.11025078367771605,0.1429674366415438,90748.33504024491,9.630356277256622,1.0898798251535193,0.06802766950525842
"COUNTERFACTUAL - assumed: licensed live feed + courtside camera, not purchased; parameters from our measurements",own120_pess,3.142,0.25,10,0.99,100.0,1000.0,0.005,region,D>=3c,cap1,ref_short,delay1,ref,decay,point,0.0,0.0,0.0,False,ref,burned_OOS,10,7093.0,3818.1,3731.9,335.3,0.526138446355562,0.02258184117350125,0.7917383335683068,0.05440575215000705,0.15385591428168616,0.7112999999999998,0.9886499999999998,0.29805971152766053,46.97411670251066,458556.86509435077,217253.62224274455,2.9346655411479707,2.612231439998701,3.265568363084738,13455.079359741683,11669.493817017708,15290.225950172258,14302.1621966817,-847.082836940016,40.0,336.37698399354207,39.77627265367811,-3.6340710266287717,33.71291848844059,784.4542325237437,3.0,3.0,7040.868297379054,21122.60489213716,64.07378040929586,584.6732462348248,-0.01679441376597695,0.143404651362656,80742.27832503748,12.868777033070074,4.125765017047497,0.11914229127724593
"COUNTERFACTUAL - assumed: licensed live feed + courtside camera, not purchased; parameters from our measurements",own120_pess,3.142,0.25,10,0.99,1000.0,1000.0,0.005,region,D>=3c,cap1,ref_short,delay1,ref,decay,point,0.0,0.0,0.0,False,ref,IS,10,20795.0,14130.3,13810.0,887.1,0.6641019475835537,0.02266903069828331,0.7995720125030056,0.05081509978360184,0.14961288771339265,0.7375999999999998,1.0317999999999998,0.16145273465103238,89.07007240083861,6301802.220157687,2909162.819303037,3.280866446129683,2.933983832610429,3.6417273648456616,206772.6019484422,181821.210168816,232918.13212097116,217540.47379456222,-10767.87184612005,103.0,2007.500989790701,26.18895037345389,-862.2762163193577,-786.0699667679265,6836.858751615264,4.0,4.0,41114.64400425891,123343.9320127767,168.14875070080925,595.8669320951007,-0.7104926287627233,0.1425969794643056,90748.33504024491,76.6162706037146,1.4154786482064727,0.11370190914620333
"COUNTERFACTUAL - assumed: licensed live feed + courtside camera, not purchased; parameters from our measurements",own120_pess,3.142,0.25,10,0.99,1000.0,1000.0,0.005,region,D>=3c,cap1,ref_short,delay1,ref,decay,point,0.0,0.0,0.0,False,ref,burned_OOS,10,7093.0,4788.7,4681.2,335.3,0.659974622867616,0.022456553499027032,0.7917383335683068,0.05440575215000705,0.15385591428168616,0.7112999999999998,1.0008,0.16154784081445409,96.04319546555213,2190287.6875260537,1015072.0822283834,2.7158070977026325,2.1260347260794457,3.3064940687032007,59469.05969679369,45332.597061743625,73979.77683056836,63418.723163913375,-3949.6634671197085,40.0,1486.7264924198416,22.115412934551447,-1145.9578485288243,-1024.737919047279,4798.8850117357015,3.0,3.0,34202.54976743411,102607.6493023023,58.83523314152524,536.8715024164178,-1.1289790070690464,0.14329466672069638,80742.27832503748,143.6025359375166,3.3170997456976656,0.26654108742911686
"COUNTERFACTUAL - assumed: licensed live feed + courtside camera, not purchased; parameters from our measurements",own120_pess,3.142,0.25,30,0.95,100.0,1000.0,0.005,region,D>=3c,cap1,ref_short,delay1,ref,decay,point,0.0,0.0,0.0,False,ref,IS,10,54704.0,30493.4,28522.9,2499.1,0.5214042848786195,0.06462216598458964,0.8000237642585551,0.050981646680315885,0.148994589061129,0.7409999999999998,1.0154,0.28671115904075767,40.528943051788886,3301277.6682384424,1570067.3280030785,2.687377328578119,2.563955068323842,2.813111802556505,88718.39218748154,83654.75723716684,93803.74486423205,101673.48460253085,-12955.092415049321,103.0,861.3436134706944,44.58569691611168,-13.100472101521154,14.795337365335737,1826.8335980268216,4.0,4.0,15238.965048488506,45716.895145465525,194.65370394243138,689.7922518348296,-0.027410863533242746,0.11976727878179616,187358.75717649632,11.283306269290668,1.2027108032826048,0.031867456215223085
"COUNTERFACTUAL - assumed: licensed live feed + courtside camera, not purchased; parameters from our measurements",own120_pess,3.142,0.25,30,0.95,100.0,1000.0,0.005,region,D>=3c,cap1,ref_short,delay1,ref,decay,point,0.0,0.0,0.0,False,ref,burned_OOS,10,17384.0,9536.5,8912.2,975.1,0.5126668200644271,0.06545685559458828,0.7925908881730328,0.05385411872986654,0.1535549930971008,0.7135999999999998,0.9762999999999998,0.291443308465481,42.98964357499793,1079334.2521925285,513696.2157806312,2.555811652454889,2.3268860394395405,2.796905114753047,27580.103449181595,24780.364535940997,30477.503553089926,32655.768656069464,-5075.665206887874,40.0,689.5025862295399,50.838723932143225,-11.824609779021193,139.7501416490813,1291.795362227514,3.0,3.0,11229.044016001713,33687.132048005136,82.01838067134167,748.4177236259927,-0.034040515674961566,0.12942608185920063,164292.1194864567,17.07522466568439,6.400425258418487,0.07765652196728007
"COUNTERFACTUAL - assumed: licensed live feed + courtside camera, not purchased; parameters from our measurements",own120_pess,3.142,0.25,30,0.95,1000.0,1000.0,0.005,region,D>=3c,cap1,ref_short,delay1,ref,decay,point,0.0,0.0,0.0,False,ref,IS,10,54704.0,38139.4,35650.9,2499.1,0.651705542556303,0.06524856051094761,0.8000237642585551,0.050981646680315885,0.148994589061129,0.7409999999999998,1.0174,0.14852413393219416,71.17462175511184,15192367.377491215,7036069.976524809,2.4873435095122924,2.259259204014434,2.716674143826945,377845.8735664821,339815.01502939465,417681.8669922707,458192.5287530273,-80346.65518654519,103.0,3668.4065394804093,31.022587411400263,-899.3383250845436,-899.3383250845451,9649.49393943349,4.0,4.0,66559.42655039705,199678.27965119114,189.52021732451723,671.6007701305708,-0.45392738994117454,0.12044766115479613,187358.75717649632,132.8187920169632,0.8397500072284416,0.09600771384782404
"COUNTERFACTUAL - assumed: licensed live feed + courtside camera, not purchased; parameters from our measurements",own120_pess,3.142,0.25,30,0.95,1000.0,1000.0,0.005,region,D>=3c,cap1,ref_short,delay1,ref,decay,point,0.0,0.0,0.0,False,ref,burned_OOS,10,17384.0,11942.1,11158.6,975.1,0.6418890934192361,0.06561014426175325,0.7925908881730328,0.05385411872986654,0.1535549930971008,0.7135999999999998,0.9805999999999997,0.1544268301081942,82.62256813654714,5095244.4945013495,2359356.172100842,2.2655290845065417,1.8374621684616106,2.6869589987963716,115385.64483118002,92190.44733292241,138853.43728004483,141633.9918203173,-26248.346989137266,40.0,2884.6411207795,29.737357079156034,-904.195804508555,-791.0113185973221,7468.360021078974,3.0,3.0,52725.81323858372,158177.43971575116,73.35050317768518,669.3233414963772,-0.5652829283996131,0.13028920794086157,164292.1194864567,181.76190307853662,4.3391387034391276,0.15528110743960988
"COUNTERFACTUAL - assumed: licensed live feed + courtside camera, not purchased; parameters from our measurements",own120_pess,3.142,0.25,30,0.99,100.0,1000.0,0.005,region,D>=3c,cap1,ref_short,delay1,ref,decay,point,0.0,0.0,0.0,False,ref,IS,10,54704.0,30534.0,29845.4,2498.0,0.5455798479087453,0.02255259753162967,0.8000237642585551,0.050981646680315885,0.148994589061129,0.7409999999999998,1.0351,0.2831129827439324,39.592207405832355,3260605.68853501,1543210.1922700594,3.1406907199924747,3.012985727907327,3.2697266244144005,102404.99171972681,97006.4816513278,107733.98986921771,106661.42728177307,-4256.435562046255,103.0,994.2232205798718,47.06652267355446,-2.233697429249878,43.4369704278982,2070.311908164153,4.0,4.0,15120.02286935533,45360.06860806599,226.37288022723874,802.1951580868167,-0.004555584570484195,0.11198625781873153,194743.68607878522,9.008267899956628,0.9460219082284523,0.026547733712319332
"COUNTERFACTUAL - assumed: licensed live feed + courtside camera, not purchased; parameters from our measurements",own120_pess,3.142,0.25,30,0.99,100.0,1000.0,0.005,region,D>=3c,cap1,ref_short,delay1,ref,decay,point,0.0,0.0,0.0,False,ref,burned_OOS,10,17384.0,9541.0,9321.7,974.4,0.5362229636447309,0.022984997566504895,0.7925908881730328,0.05385411872986654,0.1535549930971008,0.7135999999999998,0.9968,0.28803836296748264,42.11559118058856,1065122.2363958717,504574.2477812581,2.99547920463144,2.76476812470544,3.237166224010285,31901.256779532625,29037.07790491669,34985.45996314632,33884.99436852464,-1983.7375889920186,40.0,797.5314194883155,56.795363674143076,0.0,255.76055690308053,1371.393103605663,3.0,3.0,11091.111124770321,33273.33337431097,96.06466649335394,876.5900817518544,0.0,0.12163109040762102,170744.2327104143,15.344228197683956,6.910910941191529,0.06944912493592437
"COUNTERFACTUAL - assumed: licensed live feed + courtside camera, not purchased; parameters from our measurements",own120_pess,3.142,0.25,30,0.99,1000.0,1000.0,0.005,region,D>=3c,cap1,ref_short,delay1,ref,decay,point,0.0,0.0,0.0,False,ref,IS,10,54704.0,38154.1,37280.6,2498.0,0.6814967826849956,0.022893682685896987,0.8000237642585551,0.050981646680315885,0.148994589061129,0.7409999999999998,1.0325,0.14442691364918053,68.16135149044037,14746150.609326774,6795094.173841919,3.1126241447789114,2.8782789746331283,3.3468154307262856,458946.97291880834,419591.05175455863,498508.82321590435,486055.98548199685,-27109.012563188502,103.0,4455.795853580664,35.02651778867245,-549.9117417394024,-511.31446223816886,11181.551784551655,4.0,4.0,64271.19625431359,192813.58876294075,238.5301466882545,845.276733409834,-0.2817938969003707,0.11269483344215751,194743.68607878522,123.46771975420198,1.1244833533985892,0.09526008424818938
"COUNTERFACTUAL - assumed: licensed live feed + courtside camera, not purchased; parameters from our measurements",own120_pess,3.142,0.25,30,0.99,1000.0,1000.0,0.005,region,D>=3c,cap1,ref_short,delay1,ref,decay,point,0.0,0.0,0.0,False,ref,burned_OOS,10,17384.0,11939.2,11665.2,974.4,0.6710308329498389,0.022951485574517583,0.7925908881730328,0.05385411872986654,0.1535549930971008,0.7135999999999998,0.9997999999999999,0.1505095491310275,78.3994113788257,4961942.982202278,2286265.4963512197,2.8729348980550253,2.4366807587396715,3.3135075809164385,142550.9647629068,119084.17763163624,166636.81373270482,153263.0544273315,-10712.089664424691,40.0,3563.7741190726692,35.11684134833643,-521.9807965258685,-310.71488499884515,8219.128959636088,3.0,3.0,51672.26343088704,155016.7902926611,92.24652912896815,841.7495783018345,-0.3306427713034322,0.12212341004180209,170744.2327104143,158.38137455000123,4.24546778850517,0.12609538288346656
"COUNTERFACTUAL - assumed: licensed live feed + courtside camera, not purchased; parameters from our measurements",own120_pess,3.142,0.5,3,0.95,100.0,1000.0,0.005,region,D>=3c,cap1,ref_short,delay1,ref,decay,point,0.0,0.0,0.0,False,ref,IS,10,6257.0,3181.5,2975.2,267.0,0.47549944062649824,0.06482513782928834,0.7988652708965958,0.0503595972510788,0.15077513185232544,0.7349999999999999,1.0203,0.3332339694393021,64.07538486921592,466997.0418226255,223113.22133388146,2.7942872328422466,2.4666686555711532,3.1278281710524616,13047.488251806008,11292.833979142979,14902.752331842616,15230.789950370832,-2183.3016985648246,103.0,126.67464322141754,23.089815653181425,-60.386084314798154,-60.386084314797856,496.94724687687324,4.0,4.0,6835.765491103428,20507.296473310278,63.899333841396015,226.43938691368493,-0.2979574352421243,0.27924103081932117,58879.56784812162,7.606065458815466,1.0680098982518502,0.17319384123052867
"COUNTERFACTUAL - assumed: licensed live feed + courtside camera, not purchased; parameters from our measurements",own120_pess,3.142,0.5,3,0.95,100.0,1000.0,0.005,region,D>=3c,cap1,ref_short,delay1,ref,decay,point,0.0,0.0,0.0,False,ref,burned_OOS,10,2402.0,1198.7,1120.3,102.8,0.46640299750208153,0.06541598731867151,0.7906744379683597,0.05278934221482099,0.15653621981681934,0.7192499999999997,0.9890999999999999,0.33847803986137037,64.09535972645281,175884.55194481037,83504.93342896481,2.7471919236393427,2.231880680554672,3.2912057635521217,4829.185786035157,3813.782513396419,5890.3398614123025,5873.042409535819,-1043.856623500661,40.0,120.72964465087895,22.73292735222669,-48.01092372657052,-46.0667514240251,371.67025044032147,3.0,3.0,3297.293683688992,9891.881051066975,48.89679168413943,446.1832241177723,-0.48956893810413726,0.27027396852163543,55663.10999115896,7.021196778317299,2.576215296306188,0.1675503443283455
"COUNTERFACTUAL - assumed: licensed live feed + courtside camera, not purchased; parameters from our measurements",own120_pess,3.142,0.5,3,0.95,1000.0,1000.0,0.005,region,D>=3c,cap1,ref_short,delay1,ref,decay,point,0.0,0.0,0.0,False,ref,IS,10,6257.0,4032.0,3767.3,267.0,0.602093655106281,0.06565179378492982,0.7988652708965958,0.0503595972510788,0.15077513185232544,0.7349999999999999,1.0134999999999998,0.1989073817654321,181.01505111893533,2619894.736791729,1226960.8299634182,2.740639309987901,2.232941155754161,3.262091185033553,71847.29461662646,57134.007550839844,87210.8088803787,84341.50310397663,-12494.20848735017,103.0,697.546549675985,16.238185525357306,-986.3951951422372,-810.2049735845654,3439.451927370631,4.0,4.0,37682.84735641318,113048.54206923954,63.67842616843491,225.65655875222077,-0.8831900265091621,0.28026412416150004,58879.56784812162,58.524365486702436,1.3310212939592896,0.2057874504283693
"COUNTERFACTUAL - assumed: licensed live feed + courtside camera, not purchased; parameters from our measurements",own120_pess,3.142,0.5,3,0.95,1000.0,1000.0,0.005,region,D>=3c,cap1,ref_short,delay1,ref,decay,point,0.0,0.0,0.0,False,ref,burned_OOS,10,2402.0,1528.6,1429.1,102.8,0.59496253122398,0.06514378626743535,0.7906744379683597,0.05278934221482099,0.15653621981681934,0.7192499999999997,1.0048,0.20224878737988417,179.3532726496647,980943.4083743263,456789.8149555755,2.557671764099081,1.742816442919843,3.371207869119842,25071.473398816823,16476.352807820695,33982.559917234394,29425.687663539982,-4354.2142647231585,40.0,626.7868349704207,14.858921457992682,-989.1401636362723,-722.8197748783804,2773.2426418258233,2.9,3.0,18667.12528341147,56001.37585023443,44.83626111705736,409.1308826931484,-1.791094390075384,0.27175903043804067,55663.10999115896,66.2907289402965,1.7609663867388952,0.2651140031456598
"COUNTERFACTUAL - assumed: licensed live feed + courtside camera, not purchased; parameters from our measurements",own120_pess,3.142,0.5,3,0.99,100.0,1000.0,0.005,region,D>=3c,cap1,ref_short,delay1,ref,decay,point,0.0,0.0,0.0,False,ref,IS,10,6257.0,3185.5,3114.6,267.0,0.49777848809333547,0.02225494287554066,0.7988652708965958,0.0503595972510788,0.15077513185232544,0.7349999999999999,1.0362,0.330081540741737,63.39095733438406,465690.6829108335,221571.94158992014,3.175695654355087,2.8446428539043973,3.5212396313984433,14787.818256541495,12935.237638806391,16767.610044997833,15424.879092108362,-637.0608355668666,103.0,143.57105103438346,24.612026664393248,-53.45267010569569,-53.45267010569555,536.2828548236148,4.0,4.0,6746.086285227664,20238.258855682994,73.16975108054207,259.2908654795908,-0.2647518806582262,0.275139418532404,61098.74933588145,6.357017390082683,1.0086151418057367,0.14214777356330519
"COUNTERFACTUAL - assumed: licensed live feed + courtside camera, not purchased; parameters from our measurements",own120_pess,3.142,0.5,3,0.99,100.0,1000.0,0.005,region,D>=3c,cap1,ref_short,delay1,ref,decay,point,0.0,0.0,0.0,False,ref,burned_OOS,10,2402.0,1191.2,1164.0,102.7,0.4845961698584513,0.022869208067339386,0.7906744379683597,0.05278934221482099,0.15653621981681934,0.7192499999999997,0.9948999999999998,0.338516231416433,63.35827867491257,173730.96986746212,82005.54542581453,3.1532900255426926,2.64961517784138,3.6953392960983025,5478.432593045994,4452.573544779276,6585.992445421558,5921.841285210351,-443.40869216435794,40.0,136.96081482614983,24.48981042312506,-31.08516547636949,-30.831775127921464,417.4271729297334,3.0,3.0,3211.115689633396,9633.347068900188,56.993772650008204,520.0681754313248,-0.3209720030949515,0.26625526148311884,57748.35079981135,5.49505107635498,1.910834015997983,0.09838728903188054
"COUNTERFACTUAL - assumed: licensed live feed + courtside camera, not purchased; parameters from our measurements",own120_pess,3.142,0.5,3,0.99,1000.0,1000.0,0.005,region,D>=3c,cap1,ref_short,delay1,ref,decay,point,0.0,0.0,0.0,False,ref,IS,10,6257.0,4030.5,3940.8,267.0,0.6298225986894679,0.022259473223790304,0.7988652708965958,0.0503595972510788,0.15077513185232544,0.7349999999999999,1.0335999999999999,0.19542065154314522,177.7986926987404,2597685.075486956,1210623.4636878315,3.1899099777460362,2.6803575608242314,3.708439656883148,82896.29467947253,68140.01992638274,98904.20001297684,85879.40905709019,-2983.114377617665,103.0,804.8183949463353,18.29232293425672,-921.7558524365811,-786.3093638598091,3799.757926748128,4.0,4.0,36511.27216274369,109533.8164882311,76.05625879895675,269.5197520545554,-0.8512510802983109,0.27580592752763533,61098.74933588145,55.7398421787458,1.2817675582844643,0.19677021666196254
"COUNTERFACTUAL - assumed: licensed live feed + courtside camera, not purchased; parameters from our measurements",own120_pess,3.142,0.5,3,0.99,1000.0,1000.0,0.005,region,D>=3c,cap1,ref_short,delay1,ref,decay,point,0.0,0.0,0.0,False,ref,burned_OOS,10,2402.0,1519.3,1486.1,102.7,0.6186927560366361,0.021895073719586888,0.7906744379683597,0.05278934221482099,0.15653621981681934,0.7192499999999997,1.0153499999999998,0.20179816582256213,175.71723966370925,967620.9056652596,448423.7768050365,3.042003007243909,2.2046622704264642,3.901143842956855,29413.39902012826,20628.11712722004,38681.23928388604,31054.222448619686,-1640.8234284914258,40.0,735.3349755032065,17.11103446978894,-848.1544238922949,-674.6125143406009,2768.490684719328,3.0,3.0,18376.369336934615,55129.10801080384,53.50937644858764,488.27306009336206,-1.5716373014848535,0.26707498732053975,57748.35079981135,61.780729773791165,1.7513183797808995,0.24273752487007583
"COUNTERFACTUAL - assumed: licensed live feed + courtside camera, not purchased; parameters from our measurements",own120_pess,3.142,0.5,10,0.95,100.0,1000.0,0.005,region,D>=3c,cap1,ref_short,delay1,ref,decay,point,0.0,0.0,0.0,False,ref,IS,10,20795.0,10592.0,9913.5,887.4,0.4767251743207502,0.06405626762956237,0.7995720125030056,0.05081509978360184,0.14961288771339265,0.7375999999999998,1.0052999999999996,0.33347176684766533,60.66001877273128,1495466.9070841747,711973.8281215391,2.8533715435265603,2.6783497387065567,3.0364548494373005,42669.73292669916,39375.64050918618,46063.44561359684,48199.561226482896,-5529.828299783737,103.0,414.26925171552585,37.92842931948756,-35.26866658132567,-21.15940948927351,1140.2444515014665,4.0,4.0,9868.580369509351,29605.741108528047,144.93488958384316,513.6042203699297,-0.11345205185797676,0.251687803210935,174745.98694253317,12.766906759271503,1.4803750415137589,0.08895432611139917
"COUNTERFACTUAL - assumed: licensed live feed + courtside camera, not purchased; parameters from our measurements",own120_pess,3.142,0.5,10,0.95,100.0,1000.0,0.005,region,D>=3c,cap1,ref_short,delay1,ref,decay,point,0.0,0.0,0.0,False,ref,burned_OOS,10,7093.0,3609.5,3373.3,335.8,0.4755815592838009,0.06541851511515044,0.7917383335683068,0.05440575215000705,0.15385591428168616,0.7112999999999998,0.9757999999999998,0.33066628043887086,62.38277999346176,518805.4675811032,247562.41107609295,2.578620856689607,2.2864954853226287,2.880794805529617,13373.646559567118,11560.99144069834,15243.189651630051,15478.805923293452,-2105.159363726332,40.0,334.34116398917797,38.56732874746112,-7.172931989707467,15.456175473995938,767.9263990950832,3.0,3.0,7776.7791747262745,23330.337524178824,57.5217581875937,524.8860434617924,-0.030060316195532122,0.25967310724773807,155283.46883461828,13.629022888996415,3.8347705450181264,0.12023021042969571
"COUNTERFACTUAL - assumed: licensed live feed + courtside camera, not purchased; parameters from our measurements",own120_pess,3.142,0.5,10,0.95,1000.0,1000.0,0.005,region,D>=3c,cap1,ref_short,delay1,ref,decay,point,0.0,0.0,0.0,False,ref,IS,10,20795.0,13496.6,12617.5,887.4,0.6067564318345756,0.06514086391795688,0.7995720125030056,0.05081509978360184,0.14961288771339265,0.7375999999999998,1.0120999999999998,0.19562806767044671,160.144407432838,8208716.294622232,3830910.1839051717,2.826480920595791,2.538105574886635,3.1136326402559686,232039.15980064202,205211.77123162732,259734.3562832965,267452.0070069836,-35412.84720634157,103.0,2252.807376705262,27.066540115891325,-1039.384626127874,-886.5731802719869,7474.534560010936,4.0,4.0,53311.33826514539,159934.01479543617,145.69453721758507,516.2961755768791,-0.652419205167678,0.2516948399608456,174745.98694253317,100.83133805518263,1.24173130308205,0.1195516381834305
"COUNTERFACTUAL - assumed: licensed live feed + courtside camera, not purchased; parameters from our measurements",own120_pess,3.142,0.5,10,0.95,1000.0,1000.0,0.005,region,D>=3c,cap1,ref_short,delay1,ref,decay,point,0.0,0.0,0.0,False,ref,burned_OOS,10,7093.0,4586.1,4286.4,335.8,0.6043141125052869,0.0653376330357792,0.7917383335683068,0.05440575215000705,0.15385591428168616,0.7112999999999998,0.9799999999999998,0.19418329981629087,166.38283906504847,2849173.1541903447,1332598.4386687,2.378830624246345,1.9276320242609544,2.857095729829743,67759.47617709148,53500.35068294241,82962.97774824356,76461.68901323734,-8702.212836145864,40.0,1693.9869044272868,24.526596277099447,-1112.5416283880236,-953.4467833175229,5254.785290065033,3.0,3.0,43961.36870755382,131884.10612266144,51.777273999175044,472.46762524247225,-0.8453360544023303,0.25940045021418834,155283.46883461828,138.24048211615064,4.0507920510518955,0.1988793217838212
"COUNTERFACTUAL - assumed: licensed live feed + courtside camera, not purchased; parameters from our measurements",own120_pess,3.142,0.5,10,0.99,100.0,1000.0,0.005,region,D>=3c,cap1,ref_short,delay1,ref,decay,point,0.0,0.0,0.0,False,ref,IS,10,20795.0,10594.4,10358.9,887.1,0.498143784563597,0.02223185253903952,0.7995720125030056,0.05081509978360184,0.14961288771339265,0.7375999999999998,1.0292999999999999,0.33075018860378974,59.96555562506525,1489544.0783463926,706296.5983822485,3.222844047127925,3.0461208736423453,3.4052857983521294,48005.42721933215,44577.53123501058,51526.73289089459,49706.31825878754,-1700.8910394553914,103.0,466.07210892555486,39.5750126506738,-17.903862010914235,10.101926283409526,1314.831958955579,4.0,4.0,9913.614089123568,29740.842267370706,162.03547375739308,574.2033778781406,-0.05767968226678066,0.24734851601474322,181496.67008048983,9.726245627889488,1.1584583259808512,0.06398177837542698
"COUNTERFACTUAL - assumed: licensed live feed + courtside camera, not purchased; parameters from our measurements",own120_pess,3.142,0.5,10,0.99,100.0,1000.0,0.005,region,D>=3c,cap1,ref_short,delay1,ref,decay,point,0.0,0.0,0.0,False,ref,burned_OOS,10,7093.0,3599.9,3518.4,335.3,0.49603834766671373,0.022647465049306693,0.7917383335683068,0.05440575215000705,0.15385591428168616,0.7112999999999998,0.9864999999999997,0.3287614950380032,61.78381448876331,514985.87695335504,244608.22662428534,2.9715085101699246,2.677793047388309,3.272324093357406,15299.958341411524,13428.850928598045,17212.367154104144,16128.660910573624,-828.702569162102,40.0,382.4989585352881,42.45112915807131,-4.817908829762746,54.539514169551126,861.9161480082361,3.0,3.0,7878.643862933798,23635.931588801395,65.13157169935346,594.3255917566003,-0.019124401602324172,0.25568643999302704,161484.55665007496,10.193538668719423,3.6789056172004626,0.09271526702685995
"COUNTERFACTUAL - assumed: licensed live feed + courtside camera, not purchased; parameters from our measurements",own120_pess,3.142,0.5,10,0.99,1000.0,1000.0,0.005,region,D>=3c,cap1,ref_short,delay1,ref,decay,point,0.0,0.0,0.0,False,ref,IS,10,20795.0,13480.4,13174.3,887.1,0.6335320990622746,0.02270976603414545,0.7995720125030056,0.05081509978360184,0.14961288771339265,0.7375999999999998,1.0312,0.1926377264333756,155.61002596954708,8110684.332198067,3769284.232435932,3.2816743413128053,2.997513218996828,3.5741030013657564,266198.6529310726,238686.82550542778,294876.1046411474,276066.1794695753,-9867.526538502716,103.0,2584.4529410783753,29.834635995641257,-566.922287678052,-558.4635561294898,8358.831333214539,4.0,4.0,52687.18995806524,158061.56987419567,168.75549729209496,598.0170535108218,-0.35916280112842125,0.24740391848413154,181496.67008048983,79.32968693298626,1.5071926081183564,0.08278596547690997
"COUNTERFACTUAL - assumed: licensed live feed + courtside camera, not purchased; parameters from our measurements",own120_pess,3.142,0.5,10,0.99,1000.0,1000.0,0.005,region,D>=3c,cap1,ref_short,delay1,ref,decay,point,0.0,0.0,0.0,False,ref,burned_OOS,10,7093.0,4566.6,4464.4,335.3,0.6294092767517271,0.022385173911870858,0.7917383335683068,0.05440575215000705,0.15385591428168616,0.7112999999999998,0.9965499999999998,0.19272412675682998,163.52343310938406,2819115.1928435215,1313561.0403351532,2.84376332426311,2.3741973732211163,3.3218398593216607,80158.79316683588,65018.18988923206,95468.48675790725,83905.42283198,-3746.6296651441235,40.0,2003.9698291708974,28.122859202699072,-730.1212031503495,-638.1007917166537,5590.270304535714,3.0,3.0,44280.29455204886,132840.88365614656,60.878815163682134,555.5191883685995,-0.5513802140693582,0.25577457240675194,161484.55665007496,160.9382357610936,4.255078991291721,0.22913526709982573
"COUNTERFACTUAL - assumed: licensed live feed + courtside camera, not purchased; parameters from our measurements",own120_pess,3.142,0.5,30,0.95,100.0,1000.0,0.005,region,D>=3c,cap1,ref_short,delay1,ref,decay,point,0.0,0.0,0.0,False,ref,IS,10,54704.0,28752.8,26900.7,2499.1,0.49175014624159114,0.0644156103281509,0.8000237642585551,0.050981646680315885,0.148994589061129,0.7409999999999998,1.01725,0.3181597850967307,54.09488733356174,3751658.983332044,1787720.6391280857,2.764921853638884,2.6505823770580985,2.87938358224485,103731.78582596015,98317.74294031828,109088.75593626339,116657.72479610897,-12925.938970148822,103.0,1007.1047167568946,47.408497309882975,-7.562585596780264,31.975671548687064,2082.3178962203383,4.0,4.0,17569.563133333544,52708.689400000636,197.36165978009902,699.3884060168557,-0.013306266249121661,0.2058475378543596,374717.51435299264,12.154555736078807,1.2048067068291695,0.02821513165069576
"COUNTERFACTUAL - assumed: licensed live feed + courtside camera, not purchased; parameters from our measurements",own120_pess,3.142,0.5,30,0.95,100.0,1000.0,0.005,region,D>=3c,cap1,ref_short,delay1,ref,decay,point,0.0,0.0,0.0,False,ref,burned_OOS,10,17384.0,9005.1,8413.4,975.1,0.4839737689829729,0.06570097711006685,0.7925908881730328,0.05385411872986654,0.1535549930971008,0.7135999999999998,0.9776999999999998,0.32186689355757603,57.21295163703354,1216931.6771662112,580789.2457431632,2.6418892401758263,2.4326229787548193,2.8626021793343317,32142.004331701282,29280.36935781669,35208.17904298724,37147.46366785247,-5005.4593361511825,40.0,803.5501082925323,55.11274365449975,0.0,227.79611302146304,1419.4542104252694,3.0,3.0,12785.693390811743,38357.08017243522,83.8914040530032,765.5090619836544,0.0,0.22663357907399675,328584.2389729134,18.57162910116754,5.65046776619073,0.0805807711276147
"COUNTERFACTUAL - assumed: licensed live feed + courtside camera, not purchased; parameters from our measurements",own120_pess,3.142,0.5,30,0.95,1000.0,1000.0,0.005,region,D>=3c,cap1,ref_short,delay1,ref,decay,point,0.0,0.0,0.0,False,ref,IS,10,54704.0,36477.2,34099.2,2499.1,0.6233401579409185,0.06519340192611253,0.8000237642585551,0.050981646680315885,0.148994589061129,0.7409999999999998,1.0174,0.1786063837312731,125.70496978573055,19588444.447851516,9131915.955827221,2.702921940332036,2.518718715127063,2.8912822625685397,529414.9857866047,487549.2996790955,573224.4823150384,610117.9390866496,-80702.95330004483,103.0,5139.951318316552,36.79805526246567,-336.0517199737122,-289.1023438243968,12335.313264389519,4.0,4.0,87911.1518117121,263733.4554351363,201.18879723112278,712.9505921297068,-0.1279515139187511,0.20660830388495413,374717.51435299264,136.81913465496498,1.159915927216407,0.07856049555050487
"COUNTERFACTUAL - assumed: licensed live feed + courtside camera, not purchased; parameters from our measurements",own120_pess,3.142,0.5,30,0.95,1000.0,1000.0,0.005,region,D>=3c,cap1,ref_short,delay1,ref,decay,point,0.0,0.0,0.0,False,ref,burned_OOS,10,17384.0,11415.0,10666.4,975.1,0.6135757017947538,0.06557777617833738,0.7925908881730328,0.05385411872986654,0.1535549930971008,0.7135999999999998,0.98005,0.18444710578196136,140.99593389102512,6520180.0411527725,3039247.2323607844,2.494568964920865,2.154987429173681,2.8372425864847126,162611.12365521077,138093.70413678742,187606.88195583766,188288.82020483405,-25677.696549623295,40.0,4065.27809138027,38.11734486683772,-421.9786617651545,-93.37137804306929,9062.71362205876,3.0,3.0,66604.2576650548,199812.7729951644,81.58181989543593,744.4341065458528,-0.20478924104345655,0.22688433709344186,328584.2389729134,177.50086110239414,6.7056072281857695,0.11935905338164111
"COUNTERFACTUAL - assumed: licensed live feed + courtside camera, not purchased; parameters from our measurements",own120_pess,3.142,0.5,30,0.99,100.0,1000.0,0.005,region,D>=3c,cap1,ref_short,delay1,ref,decay,point,0.0,0.0,0.0,False,ref,IS,10,54704.0,28715.8,28069.6,2498.0,0.5131178707224335,0.02250418111155722,0.8000237642585551,0.050981646680315885,0.148994589061129,0.7409999999999998,1.0322999999999998,0.3162363878125444,53.39307520734265,3727237.789708854,1768602.018324726,3.1605432530408306,3.043879055126417,3.2769840080572243,117800.63204700712,112078.99807542791,123436.4553701285,121945.36037552306,-4144.728328515943,103.0,1143.6954567670593,49.364584896387676,-0.2044260518901865,55.32890348105244,2319.152196240715,4.0,4.0,17506.81055106777,52520.43165320331,224.6899248549671,796.2312871074076,-0.00036536664316368474,0.2021874732220203,389487.37215757044,10.926709873699624,0.9545102219910853,0.0276507036046977
"COUNTERFACTUAL - assumed: licensed live feed + courtside camera, not purchased; parameters from our measurements",own120_pess,3.142,0.5,30,0.99,100.0,1000.0,0.005,region,D>=3c,cap1,ref_short,delay1,ref,decay,point,0.0,0.0,0.0,False,ref,burned_OOS,10,17384.0,8982.6,8774.8,974.4,0.5047630004601932,0.023134127683884488,0.7925908881730328,0.05385411872986654,0.1535549930971008,0.7135999999999998,0.9949999999999999,0.3201332200826185,56.51239451200371,1206984.140038171,573598.4755939388,3.0370137256845826,2.8276794637334794,3.260666058453034,36651.008289310324,33628.38245215828,39876.92153775866,38588.54156841266,-1937.5332791023343,40.0,916.2752072327581,60.29484578750673,0.0,343.85930342578985,1538.7238656047339,3.0,3.0,12673.657543117251,38020.97262935176,96.49673648164102,880.5327203949743,0.0,0.22314385729521735,341488.4654208286,14.352789403435217,6.105644689623178,0.06385213653541603
"COUNTERFACTUAL - assumed: licensed live feed + courtside camera, not purchased; parameters from our measurements",own120_pess,3.142,0.5,30,0.99,1000.0,1000.0,0.005,region,D>=3c,cap1,ref_short,delay1,ref,decay,point,0.0,0.0,0.0,False,ref,IS,10,54704.0,36387.5,35554.3,2498.0,0.6499396753436677,0.022898249650465274,0.8000237642585551,0.050981646680315885,0.148994589061129,0.7409999999999998,1.0361999999999998,0.17662707729357552,124.21717964763181,19320524.28663825,8971597.280535743,3.1846949638047817,2.9980600904735217,3.37496494910894,615250.6603234374,572136.4118929461,658823.1212987676,641167.2435298857,-25916.583206448406,103.0,5973.307381780945,39.76162230185577,-124.23517362598795,22.642765496017432,13874.624637082763,4.0,4.0,85960.0456196708,257880.1368590124,239.3790345552483,848.284928278307,-0.048097133303944106,0.20273942657823088,389487.37215757044,117.38533686343467,0.7769522970371078,0.07203041015566278
"COUNTERFACTUAL - assumed: licensed live feed + courtside camera, not purchased; parameters from our measurements",own120_pess,3.142,0.5,30,0.99,1000.0,1000.0,0.005,region,D>=3c,cap1,ref_short,delay1,ref,decay,point,0.0,0.0,0.0,False,ref,burned_OOS,10,17384.0,11377.2,11116.8,974.4,0.6394845835250805,0.02288822918836623,0.7925908881730328,0.05385411872986654,0.1535549930971008,0.7135999999999998,0.9970999999999999,0.18269250954435962,137.81223748034625,6436579.651422994,2988505.6680434663,2.9726354753773467,2.6230804267744263,3.325613042858324,191322.34565460857,166018.27062870917,217599.26249022014,201703.07628075412,-10380.730626145521,40.0,4783.0586413652145,42.97095718259019,-220.52451821918075,489.0397856328524,9711.400440270514,3.0,3.0,66117.56846792792,198352.70540378377,96.52746773968215,880.8131431245998,-0.10944450157370729,0.2234602632109804,341488.4654208286,170.88080349191864,6.8632269628536,0.10738125119015156
"COUNTERFACTUAL - assumed: licensed live feed + courtside camera, not purchased; parameters from our measurements",own120_pess,3.142,1.0,3,0.95,100.0,1000.0,0.005,region,D>=3c,cap1,ref_short,delay1,ref,decay,point,0.0,0.0,0.0,False,ref,IS,10,6257.0,3043.2,2846.1,267.0,0.4548665494645997,0.06474811763333516,0.7988652708965958,0.0503595972510788,0.15077513185232544,0.7349999999999999,1.0236999999999998,0.3551271507992611,74.90301237044325,498914.9087086433,238610.39311071212,2.834519457595132,2.528465634041862,3.1529340384765403,14138.692103913045,12336.852314756095,16051.804365528038,16295.338372667402,-2156.6462687543526,103.0,137.26885537779657,24.04196047640385,-59.08984775426334,-59.08984775426338,528.3282583663388,4.0,4.0,7309.705157606462,21929.115472819387,64.80570572358164,229.65128727288635,-0.27404720855035464,0.3766814926172736,117759.13569624323,6.836473872427112,0.9748304158254606,0.1520295522760882
"COUNTERFACTUAL - assumed: licensed live feed + courtside camera, not purchased; parameters from our measurements",own120_pess,3.142,1.0,3,0.95,100.0,1000.0,0.005,region,D>=3c,cap1,ref_short,delay1,ref,decay,point,0.0,0.0,0.0,False,ref,burned_OOS,10,2402.0,1142.0,1067.0,102.8,0.4442131557035804,0.06567184893551234,0.7906744379683597,0.05278934221482099,0.15653621981681934,0.7192499999999997,0.9902499999999999,0.36198460000538935,74.77964226657289,188061.58035655954,89418.84581503265,2.7834171608384617,2.291316766410513,3.3036661353745016,5231.2641451681175,4185.463052647431,6342.149959282639,6261.706203116734,-1030.442057948619,40.0,130.78160362920292,23.988027698236102,-37.01738202816676,-35.650343848936025,398.99221533002725,3.0,3.0,3491.5096059014672,10474.528817704402,49.98396544085718,456.10368464782175,-0.35646566704300936,0.3658026708591965,111326.21998231793,7.084331838195706,2.721604839322257,0.16285540064226267
"COUNTERFACTUAL - assumed: licensed live feed + courtside camera, not purchased; parameters from our measurements",own120_pess,3.142,1.0,3,0.95,1000.0,1000.0,0.005,region,D>=3c,cap1,ref_short,delay1,ref,decay,point,0.0,0.0,0.0,False,ref,IS,10,6257.0,3852.7,3601.6,267.0,0.575611315326834,0.06517005359634027,0.7988652708965958,0.0503595972510788,0.15077513185232544,0.7349999999999999,1.0179999999999998,0.2270053392958063,279.83385159427837,3175597.696742017,1492475.4892799063,2.8494891740427413,2.4101050913091178,3.305091710375721,90504.0294391323,75000.7486375524,107181.05382115007,103637.4470256645,-13133.417586532203,103.0,878.6798974673038,18.66263075229825,-760.348299689081,-705.7760449752121,4052.0220014656215,4.0,4.0,46212.54659600888,138637.63978802663,65.5655233948415,232.34384503997225,-0.5538883036784322,0.3776783717045073,117759.13569624323,52.43696254008754,1.1483948926968945,0.15841690744793363
"COUNTERFACTUAL - assumed: licensed live feed + courtside camera, not purchased; parameters from our measurements",own120_pess,3.142,1.0,3,0.95,1000.0,1000.0,0.005,region,D>=3c,cap1,ref_short,delay1,ref,decay,point,0.0,0.0,0.0,False,ref,burned_OOS,10,2402.0,1453.9,1358.1,102.8,0.5654038301415486,0.06591852037681152,0.7906744379683597,0.05278934221482099,0.15653621981681934,0.7192499999999997,1.0017999999999998,0.23356865025625878,276.64390425510203,1197126.0798638905,558825.5942394906,2.7632405378580343,2.080302006412798,3.4538288023249493,33074.418684331926,24137.373201934886,42419.44710788992,37446.75436358401,-4372.335679252092,40.0,826.8604671082982,18.34504425986642,-737.7541043523228,-611.183736698357,2999.844612984033,2.9,3.0,22686.907999329596,68060.72399798878,48.63096209221248,443.75752909143887,-1.1128367131692332,0.3660349016671311,111326.21998231793,65.56381833790876,1.8760156214704833,0.19893236678298223
"COUNTERFACTUAL - assumed: licensed live feed + courtside camera, not purchased; parameters from our measurements",own120_pess,3.142,1.0,3,0.99,100.0,1000.0,0.005,region,D>=3c,cap1,ref_short,delay1,ref,decay,point,0.0,0.0,0.0,False,ref,IS,10,6257.0,3040.9,2973.0,267.0,0.47514783442544345,0.0223260619285763,0.7988652708965958,0.0503595972510788,0.15077513185232544,0.7349999999999999,1.038,0.35316030743042454,74.61596714120599,498774.4243378906,237615.9485857372,3.193679204669124,2.879480553473888,3.5243180254040256,15928.499174869812,14031.63342882253,17976.93059814356,16529.0832207307,-600.5840458608886,103.0,154.64562305698846,25.450264230140753,-50.33775577841243,-50.33775577841272,568.7163573512654,4.0,4.0,7221.1470716347685,21663.441214904306,73.67780067895578,261.09123541571705,-0.23368783931991852,0.37718629102534457,122197.4986717629,5.441869567679072,0.8569693679101066,0.11292265231063268
"COUNTERFACTUAL - assumed: licensed live feed + courtside camera, not purchased; parameters from our measurements",own120_pess,3.142,1.0,3,0.99,100.0,1000.0,0.005,region,D>=3c,cap1,ref_short,delay1,ref,decay,point,0.0,0.0,0.0,False,ref,burned_OOS,10,2402.0,1132.4,1106.6,102.7,0.46069941715237306,0.02282694198282076,0.7906744379683597,0.05278934221482099,0.15653621981681934,0.7192499999999997,0.9967999999999998,0.3628788405996207,74.15131392613397,186049.41261181023,87986.97928485893,3.171558206663453,2.691414513762296,3.68928800080329,5901.039143072341,4835.131124132358,7036.999123460564,6348.726161932968,-447.68701886062706,40.0,147.52597857680854,25.607889028181063,-20.599061838408808,-20.257861313078802,437.75030082953435,3.0,3.0,3386.8800724751004,10160.640217425305,58.15531059243168,530.6672091559392,-0.20225741255750496,0.36623034714299607,115496.7015996227,6.05132348806706,1.906235547042106,0.10270107229077365
"COUNTERFACTUAL - assumed: licensed live feed + courtside camera, not purchased; parameters from our measurements",own120_pess,3.142,1.0,3,0.99,1000.0,1000.0,0.005,region,D>=3c,cap1,ref_short,delay1,ref,decay,point,0.0,0.0,0.0,False,ref,IS,10,6257.0,3846.5,3761.4,267.0,0.6011507112034522,0.022124839686782548,0.7988652708965958,0.0503595972510788,0.15077513185232544,0.7349999999999999,1.0324499999999999,0.22465968165601652,279.359010095725,3180456.0478237225,1489368.6045603408,3.202372921978258,2.7674221553517766,3.6541942033332724,101850.79435041221,85846.89194821454,119069.05264435522,105311.34909528212,-3460.554744869939,103.0,988.8426635962348,20.434851022953588,-721.9720340755354,-645.9031154459019,4282.529345974237,4.0,4.0,45127.09288533209,135381.27865599626,75.5818521426233,267.8386022529855,-0.5410683890171983,0.3781285485855276,122197.4986717629,50.72659697190886,1.2635198747910363,0.15928149207620115
"COUNTERFACTUAL - assumed: licensed live feed + courtside camera, not purchased; parameters from our measurements",own120_pess,3.142,1.0,3,0.99,1000.0,1000.0,0.005,region,D>=3c,cap1,ref_short,delay1,ref,decay,point,0.0,0.0,0.0,False,ref,burned_OOS,10,2402.0,1440.2,1408.7,102.7,0.5864696086594504,0.021911365769383618,0.7906744379683597,0.05278934221482099,0.15653621981681934,0.7192499999999997,1.0116499999999997,0.2346516846161955,277.47403228485047,1190613.89356181,553546.0739843922,3.1624577407163406,2.4754673146134207,3.883158441145862,37651.711227642736,28384.68162522074,47442.53674829603,39341.709375664905,-1689.9981480221795,40.0,941.2927806910682,20.191939064982726,-652.5101040112224,-535.8604286433473,3029.857487247069,3.0,3.0,22478.33362719983,67435.0008815995,56.09042416055323,511.82512046504837,-0.9974650490583727,0.3682010397368513,115496.7015996227,60.953738028938425,2.126109513479095,0.16303158053214148
"COUNTERFACTUAL - assumed: licensed live feed + courtside camera, not purchased; parameters from our measurements",own120_pess,3.142,1.0,10,0.95,100.0,1000.0,0.005,region,D>=3c,cap1,ref_short,delay1,ref,decay,point,0.0,0.0,0.0,False,ref,IS,10,20795.0,10087.3,9444.0,887.4,0.45414763164222166,0.06376836850255467,0.7995720125030056,0.05081509978360184,0.14961288771339265,0.7375999999999998,1.007,0.3574046535387549,71.8975675870013,1609309.5841815476,767127.7306459693,2.895835613086421,2.7313987415142003,3.068896146783032,46600.62421758231,43179.33844220814,50081.14905115444,52071.11310756078,-5470.488889978462,103.0,452.43324483089634,39.83715633395842,-25.228608885669747,-0.41586297756859947,1220.9408236729128,4.0,4.0,10607.019148093665,31821.057444280992,147.05763033236752,521.1265540904287,-0.07394990568758848,0.3464397456210472,349491.97388506634,12.036122217036931,1.3946972635237624,0.08040699360960145
"COUNTERFACTUAL - assumed: licensed live feed + courtside camera, not purchased; parameters from our measurements",own120_pess,3.142,1.0,10,0.95,100.0,1000.0,0.005,region,D>=3c,cap1,ref_short,delay1,ref,decay,point,0.0,0.0,0.0,False,ref,burned_OOS,10,7093.0,3444.2,3219.8,335.8,0.4539405047229663,0.06513328754672618,0.7917383335683068,0.05440575215000705,0.15385591428168616,0.7112999999999998,0.9686499999999999,0.35360949934455904,73.28766345445277,557400.1632830622,266482.01847730693,2.6137130329894376,2.3348417474132335,2.904540056216189,14564.889057083414,12692.237570077948,16502.358224496515,16629.57772176688,-2064.688664683467,40.0,364.1222264270853,40.45278272883752,-1.638629798049169,30.88931168753381,810.2148269994592,3.0,3.0,8270.511545788862,24811.53463736659,58.929768855365026,537.7341408052058,-0.006334199341650426,0.35305012215708187,310566.93766923656,11.620914643444745,4.131347474822023,0.09752312624263713
"COUNTERFACTUAL - assumed: licensed live feed + courtside camera, not purchased; parameters from our measurements",own120_pess,3.142,1.0,10,0.95,1000.0,1000.0,0.005,region,D>=3c,cap1,ref_short,delay1,ref,decay,point,0.0,0.0,0.0,False,ref,IS,10,20795.0,12866.4,12029.2,887.4,0.5784659773984131,0.06506876367812853,0.7995720125030056,0.05081509978360184,0.14961288771339265,0.7375999999999998,1.0082999999999998,0.22561667783439887,252.44503957479537,10029056.072621671,4696685.569132183,2.9385536106188086,2.6955143579096936,3.185214390386408,294731.48872340284,265627.650343066,324414.257377543,329861.98731971637,-35130.498596313555,103.0,2861.470764304882,30.855940086628767,-665.5564821608248,-623.8519468091291,8825.024352856864,4.0,4.0,65592.50674062246,196777.52022186737,150.31240384542326,532.6604602289269,-0.33895416220698105,0.34582957955727667,349491.97388506634,92.68378422921326,1.1715257669598584,0.08590883687467928
"COUNTERFACTUAL - assumed: licensed live feed + courtside camera, not purchased; parameters from our measurements",own120_pess,3.142,1.0,10,0.95,1000.0,1000.0,0.005,region,D>=3c,cap1,ref_short,delay1,ref,decay,point,0.0,0.0,0.0,False,ref,burned_OOS,10,7093.0,4375.6,4089.1,335.8,0.5764979557310024,0.0654634068555635,0.7917383335683068,0.05440575215000705,0.15385591428168616,0.7112999999999998,0.9785999999999996,0.22367410870964136,261.2184719804149,3486749.5626182095,1635867.993935813,2.5503318229504366,2.1659679533607883,2.953087031570964,88911.02831308145,73379.35304168807,105272.2265614726,98303.5341772741,-9392.505864192644,40.0,2222.7757078270365,30.77963240041435,-585.1572051840518,-505.31243641398623,5730.763688742203,3.0,3.0,52905.816173973624,158717.4485219209,56.26094201122919,513.3810958524664,-0.3643578264170907,0.35275961523853705,310566.93766923656,130.90758813191908,4.5199476461336525,0.15218880290622555
"COUNTERFACTUAL - assumed: licensed live feed + courtside camera, not purchased; parameters from our measurements",own120_pess,3.142,1.0,10,0.99,100.0,1000.0,0.005,region,D>=3c,cap1,ref_short,delay1,ref,decay,point,0.0,0.0,0.0,False,ref,IS,10,20795.0,10067.1,9844.6,887.1,0.47341187785525357,0.0221028712341478,0.7995720125030056,0.05081509978360184,0.14961288771339265,0.7375999999999998,1.0314999999999999,0.35597899972373587,71.7541856297831,1607560.6016713816,763415.7585247403,3.238692637942786,3.071966741765432,3.4116179828317676,52063.22750365811,48545.82518778646,55689.39077897655,53734.99443474655,-1671.7669310884346,103.0,505.4682281908555,41.41437820983147,-6.226508432053015,37.45249565918882,1394.6243222985704,4.0,4.0,10694.770672108714,32084.31201632614,162.80075095149934,576.9152824980317,-0.017590250443552963,0.34603016996407593,362993.34016097966,9.242318809992495,1.1293369730635159,0.057508611067850365
"COUNTERFACTUAL - assumed: licensed live feed + courtside camera, not purchased; parameters from our measurements",own120_pess,3.142,1.0,10,0.99,100.0,1000.0,0.005,region,D>=3c,cap1,ref_short,delay1,ref,decay,point,0.0,0.0,0.0,False,ref,burned_OOS,10,7093.0,3426.1,3349.2,335.3,0.47218384322571544,0.022453959264090904,0.7917383335683068,0.05440575215000705,0.15385591428168616,0.7112999999999998,0.9864499999999998,0.3530923881199917,72.81670443591797,554683.5902112533,264013.0050597908,2.9828598567592834,2.70394104762455,3.271316028881418,16543.053498494388,14628.041563176263,18519.59976045905,17337.613646508933,-794.5601480145469,40.0,413.5763374623597,43.96715226208812,-4.342297295541857,65.37619566600117,907.0912673806421,3.0,3.0,8428.721656383466,25286.164969150395,65.87085903353167,601.0715886809766,-0.015599450733933715,0.3534261712168661,322969.1133001499,8.442312318976578,3.416130385104463,0.07105173582370329
"COUNTERFACTUAL - assumed: licensed live feed + courtside camera, not purchased; parameters from our measurements",own120_pess,3.142,1.0,10,0.99,1000.0,1000.0,0.005,region,D>=3c,cap1,ref_short,delay1,ref,decay,point,0.0,0.0,0.0,False,ref,IS,10,20795.0,12821.2,12530.2,887.1,0.6025583072854052,0.022697955442059558,0.7995720125030056,0.05081509978360184,0.14961288771339265,0.7375999999999998,1.031,0.22423396571272752,252.2377182182111,10009664.074373588,4672374.064251192,3.2970029703984176,3.055109771631017,3.5463069568109136,330048.1423164395,299944.79719927633,361054.9820166646,339818.07938269986,-9769.93706626045,103.0,3204.3508962761116,32.93906628783092,-434.0427120454493,-387.2326539531464,9764.45130080946,4.0,4.0,65375.55676621492,196126.67029864475,168.6925993144527,597.7941626191771,-0.21838348281070866,0.34583068252891114,362993.34016097966,82.63649960626502,1.3257397311389296,0.06933894466415616
"COUNTERFACTUAL - assumed: licensed live feed + courtside camera, not purchased; parameters from our measurements",own120_pess,3.142,1.0,10,0.99,1000.0,1000.0,0.005,region,D>=3c,cap1,ref_short,delay1,ref,decay,point,0.0,0.0,0.0,False,ref,burned_OOS,10,7093.0,4351.8,4254.5,335.3,0.5998167207105597,0.022363496427306773,0.7917383335683068,0.05440575215000705,0.15385591428168616,0.7112999999999998,0.9996999999999998,0.22290796972765295,261.91349383639573,3482362.9146895306,1628603.5528796327,2.9253070984735987,2.526499461356722,3.3283896952457943,101860.96593793652,85472.20432102824,118803.64945203846,105899.2540077996,-4038.2880698630993,40.0,2546.5241484484127,33.708356203715056,-356.4268495696433,-276.6987489648035,6463.317194416105,3.0,3.0,54281.2040365936,162843.6121097808,62.855499907958276,573.5564366601194,-0.21753156645769822,0.3543138768677693,322969.1133001499,152.5703928543252,4.5254754817027205,0.17539876982852132
"COUNTERFACTUAL - assumed: licensed live feed + courtside camera, not purchased; parameters from our measurements",own120_pess,3.142,1.0,30,0.95,100.0,1000.0,0.005,region,D>=3c,cap1,ref_short,delay1,ref,decay,point,0.0,0.0,0.0,False,ref,IS,10,54704.0,27282.6,25531.9,2499.1,0.4667282100029248,0.06417051583915173,0.8000237642585551,0.050981646680315885,0.148994589061129,0.7409999999999998,1.01965,0.3446954322645811,66.66725368219592,4096145.4972442,1955063.2094523697,2.822800694832763,2.714703421279184,2.929707015915531,115627.96309546751,109972.45601842992,121223.45747502675,128484.54128801156,-12856.57819254405,103.0,1122.601583451141,49.23527119026261,-5.547339451258449,45.422837362040454,2294.298121514995,4.0,4.0,19401.17087280442,58203.51261841327,199.17217136745836,705.8042965934205,-0.008868632815971491,0.2946673007422392,749435.0287059853,12.969034264487393,1.2284231075673553,0.02621207777228473
"COUNTERFACTUAL - assumed: licensed live feed + courtside camera, not purchased; parameters from our measurements",own120_pess,3.142,1.0,30,0.95,100.0,1000.0,0.005,region,D>=3c,cap1,ref_short,delay1,ref,decay,point,0.0,0.0,0.0,False,ref,burned_OOS,10,17384.0,8577.0,8015.1,975.1,0.4610618959963186,0.06550828747404047,0.7925908881730328,0.05385411872986654,0.1535549930971008,0.7135999999999998,0.9777999999999997,0.3461610357519882,68.36807494748163,1320377.5859901619,631685.4960727917,2.6910979891038713,2.4953562754042764,2.901930309089591,35525.450314766415,32528.26215953891,38644.4696761847,40420.86219713094,-4895.41188236453,40.0,888.1362578691603,58.04907944309355,0.0,278.1231457174689,1527.5675054805774,3.0,3.0,13917.625481800456,41752.876445401365,85.22469174569073,777.6753121794278,0.0,0.3172668837119517,657168.4779458268,17.836605391494132,4.568429353356638,0.07132351869691543
"COUNTERFACTUAL - assumed: licensed live feed + courtside camera, not purchased; parameters from our measurements",own120_pess,3.142,1.0,30,0.95,1000.0,1000.0,0.005,region,D>=3c,cap1,ref_short,delay1,ref,decay,point,0.0,0.0,0.0,False,ref,IS,10,54704.0,34776.9,32515.5,2499.1,0.5943898069610998,0.06502654821500559,0.8000237642585551,0.050981646680315885,0.148994589061129,0.7409999999999998,1.0205,0.20930826390567253,206.88385327878396,24285884.761817954,11370019.233562732,2.8496886535453156,2.6933602611155325,3.0085686441099804,692050.6901154893,646020.168781447,738882.1764466155,771590.3716027619,-79539.68148727274,103.0,6718.938738985332,41.204655569775284,-133.58937501246692,80.91596578887638,15040.4223986711,4.0,4.0,109710.38924731333,329131.16774193995,210.78177061602054,746.9451094645389,-0.04002985975876565,0.2946558415889207,749435.0287059853,112.17623938516947,0.9773092545251156,0.050593359650519025
"COUNTERFACTUAL - assumed: licensed live feed + courtside camera, not purchased; parameters from our measurements",own120_pess,3.142,1.0,30,0.95,1000.0,1000.0,0.005,region,D>=3c,cap1,ref_short,delay1,ref,decay,point,0.0,0.0,0.0,False,ref,burned_OOS,10,17384.0,10899.1,10184.5,975.1,0.5858548090197881,0.06556296840241567,0.7925908881730328,0.05385411872986654,0.1535549930971008,0.7135999999999998,0.9776499999999999,0.21384046580401347,230.21855095995335,8034874.165732518,3761922.164135969,2.6431633307712223,2.363101254427511,2.930575320588674,212349.21417602888,186758.49119896162,239223.43156588107,239038.147811589,-26688.933635560195,40.0,5308.730354400721,44.862706498868164,-328.4127235062653,596.5734265402018,10606.959734849388,3.0,3.0,82411.4902950128,247234.47088503838,85.9780576256221,784.5497758338017,-0.12883792039312042,0.3176582512035724,657168.4779458268,157.2891941384442,7.080814218514563,0.08519617198076153
"COUNTERFACTUAL - assumed: licensed live feed + courtside camera, not purchased; parameters from our measurements",own120_pess,3.142,1.0,30,0.99,100.0,1000.0,0.005,region,D>=3c,cap1,ref_short,delay1,ref,decay,point,0.0,0.0,0.0,False,ref,IS,10,54704.0,27184.1,26577.1,2498.0,0.4858346738812518,0.022330646549533695,0.8000237642585551,0.050981646680315885,0.148994589061129,0.7409999999999998,1.0320999999999998,0.3440752699211451,66.42711676774218,4085390.3069419945,1942476.9480751813,3.1822680003954376,3.0732654680837186,3.2900613352081343,130008.38963901941,124080.8182858174,135787.64425075374,134087.1858817081,-4078.7962426886806,103.0,1262.217375136111,50.97069865219854,0.0,71.88403427301773,2543.9148213643057,4.0,4.0,19459.272875842482,58377.818627527435,222.97529182405356,790.1551603473742,0.0,0.2949927228572359,778974.7443151409,11.89265526316653,0.7618044498369639,0.0257076582658888
"COUNTERFACTUAL - assumed: licensed live feed + courtside camera, not purchased; parameters from our measurements",own120_pess,3.142,1.0,30,0.99,100.0,1000.0,0.005,region,D>=3c,cap1,ref_short,delay1,ref,decay,point,0.0,0.0,0.0,False,ref,burned_OOS,10,17384.0,8533.2,8337.5,974.4,0.4796076852277956,0.02293631881377419,0.7925908881730328,0.05385411872986654,0.1535549930971008,0.7135999999999998,0.9977,0.34579631458813453,68.04874467174108,1313651.4159454978,625946.152976575,3.0591690962697013,2.8620698420041455,3.2700745703550838,40181.291808599664,37035.157670357155,43535.319418668245,42048.055645822744,-1866.7638372230879,40.0,1004.5322952149916,62.62638727080069,0.0,381.3190147707469,1656.6261600826615,3.0,3.0,13841.21958667087,41523.65876001261,96.8303592999682,883.5770286122099,0.0,0.317661876508181,682976.9308416572,14.825970767526151,5.133402965121615,0.061425750193758885
"COUNTERFACTUAL - assumed: licensed live feed + courtside camera, not purchased; parameters from our measurements",own120_pess,3.142,1.0,30,0.99,1000.0,1000.0,0.005,region,D>=3c,cap1,ref_short,delay1,ref,decay,point,0.0,0.0,0.0,False,ref,IS,10,54704.0,34601.3,33810.1,2498.0,0.6180553524422348,0.022865868025123692,0.8000237642585551,0.050981646680315885,0.148994589061129,0.7409999999999998,1.0333999999999999,0.20916072442529104,206.9531792242668,24208287.295672037,11296445.45246727,3.2322128093899423,3.0746059363913294,3.3919675831457092,782427.9381733694,734364.370584034,830538.0408960901,807938.467001074,-25510.52882770454,103.0,7596.387749256013,43.35519778713513,-20.263857034931426,220.21912648873604,16774.31628242587,4.0,4.0,108643.62765750448,325930.8829725134,240.74669338973914,853.1314862840272,-0.005840772572831977,0.2950069298827798,778974.7443151409,87.38918649631908,1.2421308397459347,0.04500693500934688
"COUNTERFACTUAL - assumed: licensed live feed + courtside camera, not purchased; parameters from our measurements",own120_pess,3.142,1.0,30,0.99,1000.0,1000.0,0.005,region,D>=3c,cap1,ref_short,delay1,ref,decay,point,0.0,0.0,0.0,False,ref,burned_OOS,10,17384.0,10841.1,10592.5,974.4,0.609324666359871,0.02292990120818238,0.7925908881730328,0.05385411872986654,0.1535549930971008,0.7135999999999998,0.9962,0.213460322332313,230.69729579807586,8010093.869006932,3738617.3999309293,3.019416121333138,2.728021872288312,3.31531344406669,241845.8895592774,214473.15927241664,270442.3384726158,252711.86662651497,-10865.977067237578,40.0,6046.147238981935,49.05453220082732,-169.73608609535512,1113.5433258677172,11204.73337270585,3.0,3.0,82099.28322304339,246297.84966913014,98.29835124569179,896.9724551169377,-0.06586194724006125,0.31875469885643404,682976.9308416572,142.19218598257257,7.341343642000111,0.07177376044299172
"COUNTERFACTUAL - assumed: licensed live feed + courtside camera, not purchased; parameters from our measurements",hawkeye340,1.0,0.25,3,0.95,100.0,1000.0,0.005,region,D>=3c,cap1,ref_short,delay1,ref,decay,point,0.0,0.0,0.0,False,ref,IS,10,6257.0,995.6,820.7,246.1,0.1311650950934953,0.17567824039952581,0.14086622982259872,0.05827073677481222,0.8008630334025891,-1.2381,0.040100000000000004,0.053588424363022615,31.61148248385001,90877.60115128223,43895.59368069697,2.0641280231951615,0.6804187003732809,3.4636902288869846,1875.420912175418,615.8795806013233,3130.1394691263736,1954.8892325320471,-79.4683203566295,103.0,18.207970021120566,5.457299243426388,-276.6307901728411,-167.67785304244472,209.00567805757254,3.8,4.0,1271.2527760491637,3813.7583281474917,50.11737588279514,177.60040968174974,-7.493844342474057,0.10514265184502483,5983.813508864036,5.12639769834486,1.527980475613802,0.5758396520129349
"COUNTERFACTUAL - assumed: licensed live feed + courtside camera, not purchased; parameters from our measurements",hawkeye340,1.0,0.25,3,0.95,100.0,1000.0,0.005,region,D>=3c,cap1,ref_short,delay1,ref,decay,point,0.0,0.0,0.0,False,ref,burned_OOS,10,2402.0,387.5,325.0,91.0,0.1353039134054954,0.16151075726564681,0.1312239800166528,0.06773522064945879,0.8010407993338886,-1.2607,0.014099999999999946,0.05141404088323835,30.994807102073032,34933.44303377521,16725.89942822853,1.6678362625832197,-0.5084323610375444,4.016083117042715,581.0580415413059,-176.50563481200098,1384.8574750337293,723.3795458043098,-142.32150426300421,40.0,14.526451038532645,3.8452838682389996,-248.1270642218109,-124.22277566127966,198.20298174003625,1.8,3.0,955.3752110000278,2866.1256330000842,20.201363629974306,184.3374431235155,-9.232733939494551,0.10121561413000191,6190.490105227747,7.635068892060968,2.0681372306870474,0.9113995406536857
"COUNTERFACTUAL - assumed: licensed live feed + courtside camera, not purchased; parameters from our measurements",hawkeye340,1.0,0.25,3,0.95,1000.0,1000.0,0.005,region,D>=3c,cap1,ref_short,delay1,ref,decay,point,0.0,0.0,0.0,False,ref,IS,10,6257.0,1208.3,997.0,246.1,0.15934153747802463,0.1748970870976815,0.14086622982259872,0.05827073677481222,0.8008630334025891,-1.2381,0.039999999999999966,0.02422978045190496,65.11714686583353,431317.1411485706,194517.22427875115,2.0188172865198792,-0.3951255095987938,4.387784166339535,8846.442918529336,-1479.7980335651246,19223.930412058493,9650.72733301094,-804.2844144816057,103.0,85.88779532552752,3.1917649798141072,-2973.40154282325,-1136.0724922143286,1609.4124303019576,3.1,4.0,5825.5375718889245,17476.61271566677,49.42578663578071,175.14963225300932,-18.65835412580166,0.10430873589815723,5983.813508864036,55.3444795299221,2.1065194963873455,1.291340369485799
"COUNTERFACTUAL - assumed: licensed live feed + courtside camera, not purchased; parameters from our measurements",hawkeye340,1.0,0.25,3,0.95,1000.0,1000.0,0.005,region,D>=3c,cap1,ref_short,delay1,ref,decay,point,0.0,0.0,0.0,False,ref,burned_OOS,10,2402.0,462.2,386.4,91.0,0.16086594504579516,0.16425314653448986,0.1312239800166528,0.06773522064945879,0.8010407993338886,-1.2607,0.013499999999999934,0.024841167763971474,64.57424870731795,164538.85690978903,73879.26144697255,2.333524616303891,-1.6223092617200987,6.237213174921253,3794.279713873667,-2592.14437338238,10386.61091567611,4313.11602428135,-518.8363104076828,40.0,94.85699284684169,3.310413271283955,-2034.7904335413903,-972.2372471474407,1587.4089378381493,2.0,3.0,4605.611373960174,13816.83412188052,27.088792968245816,247.18523583524302,-15.403960242219284,0.10366994562685028,6190.490105227747,68.38630357255424,2.5442837675974874,1.7028199019683754
"COUNTERFACTUAL - assumed: licensed live feed + courtside camera, not purchased; parameters from our measurements",hawkeye340,1.0,0.25,3,0.99,100.0,1000.0,0.005,region,D>=3c,cap1,ref_short,delay1,ref,decay,point,0.0,0.0,0.0,False,ref,IS,10,6257.0,926.4,862.1,243.0,0.1377816845133451,0.06933513181854986,0.14086622982259872,0.05827073677481222,0.8008630334025891,-1.2381,0.04609999999999994,0.049805826896376304,28.829649841618437,79853.84303761774,38827.9116484086,2.5593803197366167,1.0556124015623025,4.123302634805485,2051.780303589596,849.0190873809303,3265.223331547527,2164.4602200387476,-112.67991644915188,103.0,19.92019712222908,6.232896660399492,-247.9671978267742,-134.1153294437545,199.99681255917736,3.8,4.0,1189.5834766644025,3568.750429993208,57.93655018785311,205.30913416083862,-7.104016373129335,0.0828658170293077,6074.038778963236,4.9861883324551215,1.6454917217185683,0.5954586858013986
"COUNTERFACTUAL - assumed: licensed live feed + courtside camera, not purchased; parameters from our measurements",hawkeye340,1.0,0.25,3,0.99,100.0,1000.0,0.005,region,D>=3c,cap1,ref_short,delay1,ref,decay,point,0.0,0.0,0.0,False,ref,burned_OOS,10,2402.0,361.4,338.6,89.6,0.14096586178184847,0.06314795609718042,0.1312239800166528,0.06773522064945879,0.8010407993338886,-1.2607,0.02729999999999999,0.0484729551319769,27.876188009905626,30258.781833543053,14658.140399943853,1.8998644714141015,-0.5766511530756917,4.535010144048066,566.0829570245116,-175.19576275688138,1338.156530733071,785.4330022478256,-219.35004522331423,40.0,14.152073925612786,3.890533525135718,-258.382338032908,-134.50772038909545,181.29683454313633,2.3,3.0,831.096755738319,2493.2902672149567,24.067209551485632,219.6132871573064,-10.670786862657327,0.08032098106391367,6336.722638070074,8.738751573043134,2.2828712062499763,1.2348711943064914
"COUNTERFACTUAL - assumed: licensed live feed + courtside camera, not purchased; parameters from our measurements",hawkeye340,1.0,0.25,3,0.99,1000.0,1000.0,0.005,region,D>=3c,cap1,ref_short,delay1,ref,decay,point,0.0,0.0,0.0,False,ref,IS,10,6257.0,1123.9,1045.8,243.0,0.16714080230142242,0.06949146648138357,0.14086622982259872,0.05827073677481222,0.8008630334025891,-1.2381,0.04549999999999994,0.02001268271591492,55.033993236625896,358536.2609902306,163342.1197337402,2.511612739323921,-0.17252419516579875,5.220554289177181,9135.799293611006,-439.8828238462114,18860.748268837382,10618.462749279035,-1482.6634556680299,103.0,88.69708052049519,3.4945670711941887,-2711.828134249595,-1031.2376080746296,1664.4071537145132,3.5,4.0,5143.473129814284,15430.419389442855,56.752864726387976,201.11452063234577,-18.935296388157447,0.08085198806476303,6074.038778963236,53.07314742684003,2.0405820492141946,1.4843497516045225
"COUNTERFACTUAL - assumed: licensed live feed + courtside camera, not purchased; parameters from our measurements",hawkeye340,1.0,0.25,3,0.99,1000.0,1000.0,0.005,region,D>=3c,cap1,ref_short,delay1,ref,decay,point,0.0,0.0,0.0,False,ref,burned_OOS,10,2402.0,429.8,402.2,89.6,0.16744379683597002,0.06433616203916762,0.1312239800166528,0.06773522064945879,0.8010407993338886,-1.2607,0.023799999999999977,0.02164394447443145,53.15556662016503,136595.4770790246,62303.66849157623,2.7916764571540154,-1.7382370284074704,7.402157367447122,3753.588540391954,-2292.2839519571853,10045.711850912416,4849.246151560434,-1095.65761116848,40.0,93.83971350979884,3.477574558306601,-2151.136886560188,-994.4466504714389,1508.9571263954117,2.3,3.0,3938.204242010149,11814.612726030446,33.340815585243014,304.23494221534247,-18.633919630357955,0.08325738791522476,6336.722638070074,55.24600715836758,2.111862052342868,1.8431988230024658
"COUNTERFACTUAL - assumed: licensed live feed + courtside camera, not purchased; parameters from our measurements",hawkeye340,1.0,0.25,10,0.95,100.0,1000.0,0.005,region,D>=3c,cap1,ref_short,delay1,ref,decay,point,0.0,0.0,0.0,False,ref,IS,10,20795.0,3357.4,2782.9,801.5,0.1338254388074056,0.17117398408628154,0.14112046164943498,0.05997595575859581,0.7989035825919691,-1.2315,0.04059999999999995,0.05290128967311293,28.277830396897514,292491.5945690606,140455.71695402818,1.6930183793009825,0.9111882804844076,2.4528269126679643,4963.755084863878,2678.032431923626,7236.217197850094,5941.377939815952,-977.6228549520747,103.0,48.191796940426,7.65455580492339,-424.4991953144784,-269.9042276621154,372.15343795223464,3.9,4.0,2087.2915597060764,6261.874679118229,79.36089947670979,281.2303719320298,-6.874203819677412,0.0963084720850527,17967.738889762157,10.925193663340314,1.8970184127893202,0.365805228856225
"COUNTERFACTUAL - assumed: licensed live feed + courtside camera, not purchased; parameters from our measurements",hawkeye340,1.0,0.25,10,0.95,100.0,1000.0,0.005,region,D>=3c,cap1,ref_short,delay1,ref,decay,point,0.0,0.0,0.0,False,ref,burned_OOS,10,7093.0,1144.9,952.1,290.7,0.13423093190469476,0.16839694180061252,0.12416466939235864,0.07293105879035669,0.8029042718172846,-1.2646000000000002,0.010899999999999932,0.04961059367930326,28.5107929327843,98986.97142154728,47698.22107807073,1.1080444494812598,-0.21386665683559544,2.4873228203187407,1104.6724424786808,-198.63789347191567,2446.946490019289,1254.0342998957321,-149.36185741705108,40.0,27.616811061967024,4.855332131134797,-381.52382505037633,-225.87309852070507,276.3289054012022,2.5,3.0,1661.1068889732737,4983.320666919821,23.61221053388858,215.46142112173325,-7.544333879115591,0.0981405028552593,15999.861679255071,16.110051664415764,2.986407134877607,0.6369988643793971
"COUNTERFACTUAL - assumed: licensed live feed + courtside camera, not purchased; parameters from our measurements",hawkeye340,1.0,0.25,10,0.95,1000.0,1000.0,0.005,region,D>=3c,cap1,ref_short,delay1,ref,decay,point,0.0,0.0,0.0,False,ref,IS,10,20795.0,4048.1,3360.3,801.5,0.16159172878095698,0.1699468464223565,0.14112046164943498,0.05997595575859581,0.7989035825919691,-1.2315,0.04079999999999995,0.024000588240643533,55.16905751491818,1359869.2684446406,609058.5246484331,1.7896417061449772,0.4185406474157696,3.104270399227809,24423.198008248415,5789.684143561824,42760.491125292785,27682.884137418667,-3259.6861291702517,103.0,237.1184272645477,4.666404213288177,-4675.9784391972125,-2242.4063885335136,2986.417392619983,3.8,4.0,9395.751231703465,28187.2536951104,86.11109470028889,305.1509666563635,-16.876264385046536,0.09608512378278823,17967.738889762157,71.98550005493507,1.5752743361223445,0.5106235905452476
"COUNTERFACTUAL - assumed: licensed live feed + courtside camera, not purchased; parameters from our measurements",hawkeye340,1.0,0.25,10,0.95,1000.0,1000.0,0.005,region,D>=3c,cap1,ref_short,delay1,ref,decay,point,0.0,0.0,0.0,False,ref,burned_OOS,10,7093.0,1360.5,1128.4,290.7,0.15908642323417455,0.17056695134933347,0.12416466939235864,0.07293105879035669,0.8029042718172846,-1.2646000000000002,0.010749999999999926,0.02374842619480104,57.104970604726816,459963.645557269,205644.8287766015,1.105762403175333,-1.179227178277193,3.4238077244502874,5185.359246005299,-5280.761379214649,15913.450475614707,6252.276632850642,-1066.9173868453443,40.0,129.63398115013246,2.829519767991022,-3609.8816525256634,-1813.9727351306174,2421.226643975479,2.3,3.0,7984.862952165892,23954.588856497674,22.055614069231403,201.25747838173655,-14.978427724279433,0.09948431258517809,15999.861679255071,113.24362873741522,2.6207583419235756,0.9634554623724542
"COUNTERFACTUAL - assumed: licensed live feed + courtside camera, not purchased; parameters from our measurements",hawkeye340,1.0,0.25,10,0.99,100.0,1000.0,0.005,region,D>=3c,cap1,ref_short,delay1,ref,decay,point,0.0,0.0,0.0,False,ref,IS,10,20795.0,3131.0,2912.4,790.1,0.1400528973310892,0.06982785789388998,0.14112046164943498,0.05997595575859581,0.7989035825919691,-1.2315,0.045399999999999927,0.04951302362413319,26.197044187156045,257149.30513403943,124299.09786629761,2.2855040217793143,1.4374481044571599,3.1610323594776952,5885.3611642771375,3694.4428354341167,8145.729825265575,6332.174483555822,-446.81331927868393,103.0,57.13942877938969,9.22190538135837,-384.7861886607317,-260.56425280594897,366.09006932814475,4.0,4.0,1925.2148930016003,5775.644679004799,102.26839790169437,362.4074294574606,-6.79431645635192,0.07669073146503477,18307.66145028941,9.880899710394242,1.9568213945160455,0.37405599549786167
"COUNTERFACTUAL - assumed: licensed live feed + courtside camera, not purchased; parameters from our measurements",hawkeye340,1.0,0.25,10,0.99,100.0,1000.0,0.005,region,D>=3c,cap1,ref_short,delay1,ref,decay,point,0.0,0.0,0.0,False,ref,burned_OOS,10,7093.0,1068.3,997.8,285.9,0.14067390384886508,0.06601449422146292,0.12416466939235864,0.07293105879035669,0.8029042718172846,-1.2646000000000002,0.018199999999999994,0.04577719813776604,26.031477170011136,86205.2789034961,42168.75809924633,1.3042075471726053,-0.203958594748247,2.840649471243289,1126.852422460564,-166.33875856304226,2429.548343866005,1371.0433004757776,-244.19087801521354,40.0,28.171310561514098,5.163029775597768,-371.9460053678536,-209.80388059068582,267.9165730094786,2.4,3.0,1519.412019850235,4558.236059550705,25.492167074070203,232.61602455089056,-8.310633166262107,0.07909181788420486,16397.138456975048,14.47290168890501,2.866311731814806,0.6533207151889041
"COUNTERFACTUAL - assumed: licensed live feed + courtside camera, not purchased; parameters from our measurements",hawkeye340,1.0,0.25,10,0.99,1000.0,1000.0,0.005,region,D>=3c,cap1,ref_short,delay1,ref,decay,point,0.0,0.0,0.0,False,ref,IS,10,20795.0,3768.7,3505.2,790.1,0.16855974993988937,0.06993264839582965,0.14112046164943498,0.05997595575859581,0.7989035825919691,-1.2315,0.04569999999999994,0.02057850926098166,47.018536350146036,1131601.420064098,512774.6711706063,2.371005798271363,0.8283947744775892,3.8843989959001597,26846.024211974895,9402.50899300608,44270.416337066825,29951.209940936416,-3105.1857289615195,103.0,260.6410117667466,5.36019168990065,-4035.1599010328487,-1952.865599197644,2944.840963851882,4.0,4.0,8173.617873580524,24520.853620741567,109.48553887699185,387.9827348553595,-16.442416950231426,0.07640734114456374,18307.66145028941,71.58317480250925,1.5346683027962056,0.6364216283902162
"COUNTERFACTUAL - assumed: licensed live feed + courtside camera, not purchased; parameters from our measurements",hawkeye340,1.0,0.25,10,0.99,1000.0,1000.0,0.005,region,D>=3c,cap1,ref_short,delay1,ref,decay,point,0.0,0.0,0.0,False,ref,burned_OOS,10,7093.0,1265.0,1179.8,285.9,0.16633300437050613,0.06736739981016646,0.12416466939235864,0.07293105879035669,0.8029042718172846,-1.2646000000000002,0.017999999999999995,0.0197582105713105,47.11493852738996,378461.240365445,172634.8602367753,1.3579883254405178,-1.4063827358049779,4.086900085445693,5254.522880037721,-5128.172028822129,15599.245976102557,7058.97474886078,-1804.4518688230582,40.0,131.36307200094302,2.99290444950584,-3667.511818430954,-1521.8499665169934,2337.5617029890896,2.2,3.0,6612.451344309802,19837.354032929412,26.140495999836265,238.53202599850596,-19.013599220142076,0.08030228258070132,16397.138456975048,117.96888658518628,2.8039799062996185,1.2319958581587422
"COUNTERFACTUAL - assumed: licensed live feed + courtside camera, not purchased; parameters from our measurements",hawkeye340,1.0,0.25,30,0.95,100.0,1000.0,0.005,region,D>=3c,cap1,ref_short,delay1,ref,decay,point,0.0,0.0,0.0,False,ref,IS,10,54704.0,9087.6,7532.6,2222.1,0.1376974261479965,0.17110689532110573,0.14052354489616845,0.06025153553670663,0.7992249195671249,-1.2257000000000002,0.040899999999999936,0.04888462195685248,24.699484230831448,720516.7554677746,344356.9909537252,1.6615293003504914,1.160461906521986,2.1626772377189325,11970.081659404083,8345.242025735717,15625.918293508952,14107.057941099067,-2136.9762816949865,103.0,116.21438504275807,11.437044923792914,-665.205466380439,-378.16376871386734,633.1562981174122,4.0,4.0,3659.536422949395,10978.609268848182,110.59794437798396,391.9247543491665,-6.0040579569827806,0.08320456707319898,37864.69053125825,19.519174809661706,2.3200905532701332,0.2790961763175814
"COUNTERFACTUAL - assumed: licensed live feed + courtside camera, not purchased; parameters from our measurements",hawkeye340,1.0,0.25,30,0.95,100.0,1000.0,0.005,region,D>=3c,cap1,ref_short,delay1,ref,decay,point,0.0,0.0,0.0,False,ref,burned_OOS,10,17384.0,2873.7,2385.7,821.5,0.1372353888633226,0.16978704663174038,0.12740450989415553,0.07085826046939714,0.8017372296364472,-1.26395,0.014499999999999912,0.04672552623077015,25.91768855315213,232348.12678057904,111254.49742620574,1.4290940387157771,0.5064203281209212,2.374787886284096,3328.9742696974704,1183.7398606433414,5480.926199777624,3896.2634827312586,-567.2892130337881,40.0,83.22435674243675,8.610124385887378,-459.08890811813944,-326.35323754353476,507.29764187366766,2.9,3.0,2586.0833721973568,7758.250116592069,43.70757929137865,398.83166103383013,-6.0218904882681645,0.08824648713875669,32641.28805217895,20.765719198051542,3.2721213443942765,0.3388176921310557
"COUNTERFACTUAL - assumed: licensed live feed + courtside camera, not purchased; parameters from our measurements",hawkeye340,1.0,0.25,30,0.95,1000.0,1000.0,0.005,region,D>=3c,cap1,ref_short,delay1,ref,decay,point,0.0,0.0,0.0,False,ref,IS,10,54704.0,10842.4,8992.8,2222.1,0.1643901725650775,0.17058366146993104,0.14052354489616845,0.06025153553670663,0.7992249195671249,-1.2257000000000002,0.04089999999999996,0.02109685740658404,41.22789341834361,3207843.2623993033,1429269.139045156,1.652837925547248,0.7622528756538717,2.5149732683790917,53026.20433371143,24269.809695130567,81103.4611853141,62646.296233068606,-9620.091899357183,103.0,514.8175178030235,6.594321492397986,-6022.615532751614,-3457.616926800398,4381.191470810953,3.9,4.0,15594.518547723803,46783.55564317141,114.98946840115704,407.48695113031374,-12.884601402419852,0.08363799403194846,37864.69053125825,143.51682517497892,1.8821656737807009,0.46009069699907795
"COUNTERFACTUAL - assumed: licensed live feed + courtside camera, not purchased; parameters from our measurements",hawkeye340,1.0,0.25,30,0.95,1000.0,1000.0,0.005,region,D>=3c,cap1,ref_short,delay1,ref,decay,point,0.0,0.0,0.0,False,ref,burned_OOS,10,17384.0,3401.9,2822.1,821.5,0.16233893235158767,0.17042040413775253,0.12740450989415553,0.07085826046939714,0.8017372296364472,-1.26395,0.014599999999999901,0.020606949941007178,46.993330726993584,1065312.9218450603,473224.3056798933,1.5289569051515521,-0.09136543603633038,3.134978353909588,16482.625687826658,-667.8277610470464,33644.58882728167,17789.564847722904,-1306.9391598962443,40.0,412.06564219566644,5.413094975048741,-5138.665015451964,-2698.1796165910723,3512.8527675688083,2.6,3.0,11246.851911020789,33740.55573306236,50.02751047954713,456.5010331258676,-15.690065900811737,0.08935769809536713,32641.28805217895,199.3798711059711,2.6694134361154136,0.7145633775037286
"COUNTERFACTUAL - assumed: licensed live feed + courtside camera, not purchased; parameters from our measurements",hawkeye340,1.0,0.25,30,0.99,100.0,1000.0,0.005,region,D>=3c,cap1,ref_short,delay1,ref,decay,point,0.0,0.0,0.0,False,ref,IS,10,54704.0,8468.6,7879.6,2187.5,0.14404065516232817,0.06954360140626256,0.14052354489616845,0.06025153553670663,0.7992249195671249,-1.2257000000000002,0.04559999999999993,0.04551892218583682,22.94025675007705,630817.6624261998,304041.3081539219,2.211693424268585,1.6438284955062392,2.7725467824607266,13952.858642118363,10309.838703852287,17540.61291660378,14828.589166628095,-875.7305245097326,103.0,135.4646470108579,13.60286110183668,-628.6496419496943,-372.01157245715837,618.5866444394576,4.0,4.0,3314.7948768446563,9944.384630533968,141.12802568125664,500.11387741416195,-6.272268555118548,0.06880584917722868,38654.42165092674,17.369938952572063,2.438571974037583,0.27984428165810515
"COUNTERFACTUAL - assumed: licensed live feed + courtside camera, not purchased; parameters from our measurements",hawkeye340,1.0,0.25,30,0.99,100.0,1000.0,0.005,region,D>=3c,cap1,ref_short,delay1,ref,decay,point,0.0,0.0,0.0,False,ref,burned_OOS,10,17384.0,2683.6,2502.5,805.5,0.1439542107685228,0.06749467073650686,0.12740450989415553,0.07085826046939714,0.8017372296364472,-1.26395,0.03199999999999996,0.042996997856253806,23.93622334217192,203162.82832475816,98635.32330958996,1.8343522256653544,0.7820621241594887,2.9257248083683334,3736.5605190030597,1597.3983033957697,5952.145328027762,4111.31490907073,-374.7543900676707,40.0,93.4140129750765,10.212663005961863,-420.1667129814499,-309.73559742625906,466.0148764979907,2.8,3.0,2243.953523443353,6731.860570330058,56.497743160118645,515.5419063360827,-6.348809058945743,0.07180725932281243,33434.358573716956,17.649726488692284,3.323924837835682,0.30809978973547825
"COUNTERFACTUAL - assumed: licensed live feed + courtside camera, not purchased; parameters from our measurements",hawkeye340,1.0,0.25,30,0.99,1000.0,1000.0,0.005,region,D>=3c,cap1,ref_short,delay1,ref,decay,point,0.0,0.0,0.0,False,ref,IS,10,54704.0,10056.8,9353.5,2187.5,0.1709838403041825,0.06992722217111577,0.14052354489616845,0.06025153553670663,0.7992249195671249,-1.2257000000000002,0.04559999999999993,0.018172986004849963,35.04571727735855,2665770.8806453752,1205007.656056001,2.3166224278645737,1.3038503517853925,3.333011629579567,61728.294344346345,34624.93511647509,88911.3096516536,67195.88945652192,-5467.5951121756025,103.0,599.3038285858867,8.196526238598526,-4946.918977709494,-2618.843560232206,4388.762916966851,4.0,4.0,13175.168930015012,39525.50679004504,157.79345430978756,559.1709788647811,-12.549137145812074,0.06930069821414005,38654.42165092674,119.66528045085977,1.942617863654787,0.46580998711177657
"COUNTERFACTUAL - assumed: licensed live feed + courtside camera, not purchased; parameters from our measurements",hawkeye340,1.0,0.25,30,0.99,1000.0,1000.0,0.005,region,D>=3c,cap1,ref_short,delay1,ref,decay,point,0.0,0.0,0.0,False,ref,burned_OOS,10,17384.0,3161.7,2947.6,805.5,0.16955821445006902,0.06773620854058283,0.12740450989415553,0.07085826046939714,0.8017372296364472,-1.26395,0.033199999999999966,0.017026255954548104,39.331838595482154,878640.9729823895,397869.75543286774,1.9580446869633579,0.08037530411294234,3.8139310066182057,17328.69645366308,765.7805702032995,33978.54192634172,19844.441603916122,-2515.745150253041,40.0,433.217411341577,6.03527703280578,-4733.894853510106,-2134.9005060859135,3573.6477661558392,2.7,3.0,9229.111709160217,27687.335127480656,63.49798991925604,579.4191580132114,-17.113141171580757,0.07287178967821639,33434.358573716956,130.17870271458668,1.7226331258748442,0.5503916057837944
"COUNTERFACTUAL - assumed: licensed live feed + courtside camera, not purchased; parameters from our measurements",hawkeye340,1.0,0.5,3,0.95,100.0,1000.0,0.005,region,D>=3c,cap1,ref_short,delay1,ref,decay,point,0.0,0.0,0.0,False,ref,IS,10,6257.0,956.4,789.7,246.1,0.12621064407863192,0.174329467821077,0.14086622982259872,0.05827073677481222,0.8008630334025891,-1.2381,0.04029999999999998,0.05875125965838716,42.917870367644035,102342.7815150173,49757.87406118208,2.024330063527118,0.7708781482953709,3.297040560049343,2066.707829229662,783.9567386913311,3354.4813766774882,2252.9650667657143,-186.25723753605254,103.0,20.065124555627786,5.804749819114453,-271.7748201526566,-171.08567250792788,216.2376425203892,3.9,4.0,1387.4493104079847,4162.347931223953,50.573008699702655,179.21503082904337,-6.659333311770365,0.15089090956554005,11967.627017728071,4.900456113488007,1.3769493022788029,0.5068275607661377
"COUNTERFACTUAL - assumed: licensed live feed + courtside camera, not purchased; parameters from our measurements",hawkeye340,1.0,0.5,3,0.95,100.0,1000.0,0.005,region,D>=3c,cap1,ref_short,delay1,ref,decay,point,0.0,0.0,0.0,False,ref,burned_OOS,10,2402.0,369.2,308.6,91.0,0.12847626977518736,0.1643671475228434,0.1312239800166528,0.06773522064945879,0.8010407993338886,-1.2607,0.013799999999999929,0.058509339200931,42.60180903123115,39419.4952118349,19080.378766264337,1.5539256684417224,-0.44766206272785675,3.7467550266657765,614.78932850115,-172.83079041844297,1458.282649098624,744.0333255560615,-129.24399705491146,40.0,15.369733212528748,3.9238590782090954,-265.96722799448986,-134.77841374000408,193.39523677746547,2.1,3.0,1054.1019610601065,3162.3058831803196,19.12443902054506,174.51050606247367,-8.879253895588686,0.1405138586759741,12380.980210455495,7.453536767449387,1.8891029801965966,0.760582834203552
"COUNTERFACTUAL - assumed: licensed live feed + courtside camera, not purchased; parameters from our measurements",hawkeye340,1.0,0.5,3,0.95,1000.0,1000.0,0.005,region,D>=3c,cap1,ref_short,delay1,ref,decay,point,0.0,0.0,0.0,False,ref,IS,10,6257.0,1157.2,954.0,246.1,0.1524692344574077,0.17555812028121467,0.14086622982259872,0.05827073677481222,0.8008630334025891,-1.2381,0.04019999999999999,0.03138939506384058,104.32597292016253,543770.5577630083,250871.7486503535,2.2268339166317532,0.2402147093960667,4.220267287664386,12217.797402639759,1460.1265891684536,23265.51088762591,12347.657567017768,-129.86016437801072,103.0,118.61939225863844,4.09498486661391,-2875.542877357918,-1183.3865239886593,1789.0060739093296,3.2,4.0,7751.754355615207,23255.26306684562,51.91383832677286,183.9665144589524,-13.221352456154657,0.1521209287125797,11967.627017728071,53.82949009840669,1.9064670825527732,0.9682759576809512
"COUNTERFACTUAL - assumed: licensed live feed + courtside camera, not purchased; parameters from our measurements",hawkeye340,1.0,0.5,3,0.95,1000.0,1000.0,0.005,region,D>=3c,cap1,ref_short,delay1,ref,decay,point,0.0,0.0,0.0,False,ref,burned_OOS,10,2402.0,446.6,373.6,91.0,0.15553705245628643,0.16364878952165057,0.1312239800166528,0.06773522064945879,0.8010407993338886,-1.2607,0.013899999999999935,0.030380561807600737,102.48198994146,207865.53515782248,95405.67799176791,2.1823139574969987,-1.0704585048691349,5.457722501570582,4496.043803300212,-2197.573585589586,11416.968011796384,4713.210352858763,-217.16654955854938,40.0,112.40109508250535,3.6354153945531364,-2177.3543126989357,-1071.1443949851125,1725.729042801721,1.9,3.0,5649.043118350511,16947.129355051533,26.212994272690537,239.19357273830119,-13.322660255310605,0.14108232660960796,12380.980210455495,68.84841442430903,2.4663555267431705,1.3745783275265715
"COUNTERFACTUAL - assumed: licensed live feed + courtside camera, not purchased; parameters from our measurements",hawkeye340,1.0,0.5,3,0.99,100.0,1000.0,0.005,region,D>=3c,cap1,ref_short,delay1,ref,decay,point,0.0,0.0,0.0,False,ref,IS,10,6257.0,885.4,824.4,243.0,0.13175643279526933,0.06881354834165995,0.14086622982259872,0.05827073677481222,0.8008630334025891,-1.2381,0.04729999999999995,0.05592017791733654,41.409673441808394,91387.11225376943,44713.70847516567,2.530324456794798,1.180574436370554,3.936250181830919,2316.512121671463,1084.416287431679,3586.648967393749,2454.561630396713,-138.04950872525026,103.0,22.490408948266634,6.7866343259078095,-249.03895590527736,-134.65597621481734,210.9523758758578,3.9,4.0,1325.3940405449337,3976.182121634801,59.07962891947417,209.35985005444726,-6.351635717785134,0.13506987712454416,12148.077557926472,5.147021450733006,1.5969516568385629,0.5480189276815076
"COUNTERFACTUAL - assumed: licensed live feed + courtside camera, not purchased; parameters from our measurements",hawkeye340,1.0,0.5,3,0.99,100.0,1000.0,0.005,region,D>=3c,cap1,ref_short,delay1,ref,decay,point,0.0,0.0,0.0,False,ref,burned_OOS,10,2402.0,343.0,320.9,89.6,0.13359700249791837,0.06439472460727308,0.1312239800166528,0.06773522064945879,0.8010407993338886,-1.2607,0.025199999999999965,0.055937449820293514,40.8545460612019,34831.53194458001,17035.16171486961,1.7793562795623696,-0.4943551573698741,4.1921639722969335,614.5787554970673,-172.84002841268574,1430.5879982554602,818.5033153205792,-203.92455982351186,40.0,15.364468887426682,4.004381995834622,-278.0137005413311,-145.15924202997698,183.00558624660346,2.3,3.0,942.6571513457395,2827.971454037219,22.377530520750945,204.19496600185238,-10.133906837526265,0.12184281372632119,12673.445276140148,8.267367805696981,2.089069797168216,0.9957256344355732
"COUNTERFACTUAL - assumed: licensed live feed + courtside camera, not purchased; parameters from our measurements",hawkeye340,1.0,0.5,3,0.99,1000.0,1000.0,0.005,region,D>=3c,cap1,ref_short,delay1,ref,decay,point,0.0,0.0,0.0,False,ref,IS,10,6257.0,1066.9,992.9,243.0,0.15868627137605879,0.06934095534078133,0.14086622982259872,0.05827073677481222,0.8008630334025891,-1.2381,0.04579999999999993,0.028592184094573748,96.19165399032931,473165.10221569316,220591.5287385684,2.68336596813032,0.4802837244821635,4.953222075757587,12824.361443276523,2451.0861964173373,23636.611173880712,13977.860943683536,-1153.4995004070126,103.0,124.50836352695651,4.41533175704906,-2768.989832538872,-1125.7083854708383,1795.0817787867504,3.4,4.0,7135.795506660873,21407.386519982618,58.787718512125366,208.32541026141516,-13.623078353168864,0.13513178415276683,12148.077557926472,45.61489614695135,1.5822208859302158,0.9178112554326721
"COUNTERFACTUAL - assumed: licensed live feed + courtside camera, not purchased; parameters from our measurements",hawkeye340,1.0,0.5,3,0.99,1000.0,1000.0,0.005,region,D>=3c,cap1,ref_short,delay1,ref,decay,point,0.0,0.0,0.0,False,ref,burned_OOS,10,2402.0,411.7,385.6,89.6,0.16053288925895087,0.0634224666012869,0.1312239800166528,0.06773522064945879,0.8010407993338886,-1.2607,0.024199999999999954,0.02864538383015272,92.20934926430795,180809.81071938697,84230.98393240987,2.428169550887316,-1.185385615120598,6.184524245833768,4331.352563667403,-2113.9535201581557,11058.972921191553,5372.409851036407,-1041.0572873690041,40.0,108.28381409168507,3.727478367286016,-2318.4787034077426,-1152.6734542001516,1497.1658207704972,2.1,3.0,5037.690589061189,15113.071767183568,30.140659394767834,275.03351697725645,-15.619605276086535,0.12285259176951802,12673.445276140148,67.30498628354498,2.3867936050058693,1.6403194028644932
"COUNTERFACTUAL - assumed: licensed live feed + courtside camera, not purchased; parameters from our measurements",hawkeye340,1.0,0.5,10,0.95,100.0,1000.0,0.005,region,D>=3c,cap1,ref_short,delay1,ref,decay,point,0.0,0.0,0.0,False,ref,IS,10,20795.0,3218.6,2669.5,801.5,0.12837220485693676,0.1706583351737513,0.14112046164943498,0.05997595575859581,0.7989035825919691,-1.2315,0.04059999999999993,0.058577093983693596,39.93233916229613,332193.80969828664,160839.30851232033,1.7213300107450817,1.0115316379935788,2.415129086296258,5729.537629318389,3354.482818167608,8070.856152521739,6747.791782776485,-1018.2541534580945,103.0,55.626578925421256,8.496786336203792,-411.87896307605234,-267.14060237911275,401.43951353313633,3.9,4.0,2346.754782393526,7040.264347180579,81.41599018535302,288.51297492867815,-5.924506611684718,0.13587165078882807,35935.47777952431,11.173553585440473,1.8807974663255,0.3293272180473608
"COUNTERFACTUAL - assumed: licensed live feed + courtside camera, not purchased; parameters from our measurements",hawkeye340,1.0,0.5,10,0.95,100.0,1000.0,0.005,region,D>=3c,cap1,ref_short,delay1,ref,decay,point,0.0,0.0,0.0,False,ref,burned_OOS,10,7093.0,1095.8,909.9,290.7,0.12828140420132528,0.16963584506029855,0.12416466939235864,0.07293105879035669,0.8029042718172846,-1.2646000000000002,0.01079999999999992,0.05580090578302925,39.72151259706758,112133.52861425401,54568.93084532888,1.0680736424588673,-0.13940244540824775,2.3296756879970086,1201.9895097310493,-149.60032275647472,2595.451331994799,1357.7262558778295,-155.73674614678004,40.0,30.04973774327623,5.0657336222639415,-386.94934158839743,-219.16795728603196,292.05301341744774,2.7,3.0,1847.5189574031997,5542.556872209598,23.0087258995356,209.9546238332624,-6.992082826563177,0.12874238038873598,31999.723358510142,13.555552066550858,2.324022965928834,0.4753768851974276
"COUNTERFACTUAL - assumed: licensed live feed + courtside camera, not purchased; parameters from our measurements",hawkeye340,1.0,0.5,10,0.95,1000.0,1000.0,0.005,region,D>=3c,cap1,ref_short,delay1,ref,decay,point,0.0,0.0,0.0,False,ref,IS,10,20795.0,3893.8,3231.5,801.5,0.15539793219523923,0.1701333322619675,0.14112046164943498,0.05997595575859581,0.7989035825919691,-1.2315,0.04059999999999995,0.03044746249914182,90.0440646369037,1714682.09779513,785443.8882794452,1.9301463113721762,0.7888465419695795,3.0520905880727036,33158.18164353607,13567.711979631149,52849.92230044738,35614.467276966425,-2456.2856334303633,103.0,321.9240936265637,5.9565836637733565,-4567.800026301263,-2337.3470107961657,3092.4760820969905,3.9,4.0,12058.675960975857,36176.02788292758,91.13316745487542,322.94763224300516,-12.751522070433229,0.1361464808547936,35935.47777952431,88.66050335430097,1.8124686523279314,0.5123180433390943
"COUNTERFACTUAL - assumed: licensed live feed + courtside camera, not purchased; parameters from our measurements",hawkeye340,1.0,0.5,10,0.95,1000.0,1000.0,0.005,region,D>=3c,cap1,ref_short,delay1,ref,decay,point,0.0,0.0,0.0,False,ref,burned_OOS,10,7093.0,1313.8,1091.1,290.7,0.15382771746792614,0.16943627912773102,0.12416466939235864,0.07293105879035669,0.8029042718172846,-1.2646000000000002,0.010699999999999932,0.029219536158483838,89.60530341703287,581835.8190651191,266721.28444744734,1.2322932317804416,-0.6735789666978558,3.1851194113607386,7270.6079248299775,-3792.0956036203534,18775.956210609198,7850.957033877354,-580.3491090473761,40.0,181.76519812074943,3.8295307363169186,-3541.8132571670335,-1750.1120194194816,2403.3023581959014,2.3,3.0,9920.30293692826,29760.90881078477,24.5594269947155,224.10477132677892,-11.992675713843369,0.13021219857350957,31999.723358510142,114.38772583378496,2.72988258782273,0.7564417142283347
"COUNTERFACTUAL - assumed: licensed live feed + courtside camera, not purchased; parameters from our measurements",hawkeye340,1.0,0.5,10,0.99,100.0,1000.0,0.005,region,D>=3c,cap1,ref_short,delay1,ref,decay,point,0.0,0.0,0.0,False,ref,IS,10,20795.0,2987.4,2779.8,790.1,0.1336763645106997,0.06949472079016965,0.14112046164943498,0.05997595575859581,0.7989035825919691,-1.2315,0.04579999999999993,0.05598484254146245,38.2624679769699,297116.9638043681,144821.9356679159,2.23758145784742,1.4709015380069705,3.028078538964008,6656.601037862281,4366.940572667118,8985.09198562917,7066.984273320462,-410.3832354581811,103.0,64.62719454235226,9.957855387200041,-364.1560345232781,-253.3180566535644,386.1895681983807,4.0,4.0,2155.397962140324,6466.193886420972,103.28670981253451,366.01601050072907,-5.6909862702881515,0.12158635215213931,36615.32290057882,9.602769975228085,1.7781448835324405,0.3114882976133247
"COUNTERFACTUAL - assumed: licensed live feed + courtside camera, not purchased; parameters from our measurements",hawkeye340,1.0,0.5,10,0.99,100.0,1000.0,0.005,region,D>=3c,cap1,ref_short,delay1,ref,decay,point,0.0,0.0,0.0,False,ref,burned_OOS,10,7093.0,1016.5,948.5,285.9,0.13372338925701394,0.06690101037660898,0.12416466939235864,0.07293105879035669,0.8029042718172846,-1.2646000000000002,0.01849999999999996,0.05282475111658265,38.582123392068695,99452.8378765673,49064.298748084715,1.2437582874932112,-0.09130909599624999,2.626793267440775,1236.5426651169155,-89.13774531910636,2585.558342269312,1498.884561495011,-262.3418963780955,40.0,30.913566627922894,5.290306663443572,-374.24731981967557,-211.46784592794674,286.856230184835,2.6,3.0,1725.7877133884988,5177.363140165497,24.590014804808185,224.38388509387468,-7.458253998016394,0.11247467890575868,32794.276913950096,12.189144497543925,2.2089782314171993,0.4813240396158352
"COUNTERFACTUAL - assumed: licensed live feed + courtside camera, not purchased; parameters from our measurements",hawkeye340,1.0,0.5,10,0.99,1000.0,1000.0,0.005,region,D>=3c,cap1,ref_short,delay1,ref,decay,point,0.0,0.0,0.0,False,ref,IS,10,20795.0,3598.2,3346.9,790.1,0.16094734311132483,0.06985909876726512,0.14112046164943498,0.05997595575859581,0.7989035825919691,-1.2315,0.04579999999999993,0.028305296045726864,82.35842151580346,1497194.9562256397,694001.9677662625,2.416668008225999,1.153482140157298,3.6814030578229344,36202.603480181366,17129.681356926354,55224.46606640138,39349.88656256382,-3147.283082382449,103.0,351.4815871862269,6.645079236603775,-4049.90750103971,-2243.1891273342435,3194.1787717766542,4.0,4.0,11120.693400291397,33362.08020087419,108.9983350149369,386.25623573254336,-12.260329611108714,0.12131934410315559,36615.32290057882,87.78243094366384,1.7681505076141273,0.5969238678650097
"COUNTERFACTUAL - assumed: licensed live feed + courtside camera, not purchased; parameters from our measurements",hawkeye340,1.0,0.5,10,0.99,1000.0,1000.0,0.005,region,D>=3c,cap1,ref_short,delay1,ref,decay,point,0.0,0.0,0.0,False,ref,burned_OOS,10,7093.0,1210.8,1129.9,285.9,0.15929789933737487,0.06680980829277042,0.12416466939235864,0.07293105879035669,0.8029042718172846,-1.2646000000000002,0.017999999999999995,0.02689128570157621,81.12295433181241,502988.70506671036,234966.69236734803,1.3862185849575135,-0.8807013614549917,3.595412951339598,7093.5093484796325,-4202.475741271414,18299.208502198184,8800.957860265384,-1707.4485117857525,40.0,177.33773371199078,3.90356769898347,-3617.7423901968295,-1658.5834182138885,2276.76423787453,2.3,3.0,8590.966683148996,25772.900049446987,26.78330897243494,244.39769437346885,-14.535976666699678,0.11326364102146802,32794.276913950096,120.30648125772262,2.8737472231990786,0.9239165910843915
"COUNTERFACTUAL - assumed: licensed live feed + courtside camera, not purchased; parameters from our measurements",hawkeye340,1.0,0.5,30,0.95,100.0,1000.0,0.005,region,D>=3c,cap1,ref_short,delay1,ref,decay,point,0.0,0.0,0.0,False,ref,IS,10,54704.0,8704.4,7217.7,2222.1,0.13194099151798772,0.17078996376067568,0.14052354489616845,0.06025153553670663,0.7992249195671249,-1.2257000000000002,0.04099999999999994,0.054877081206966646,34.472899377106316,825460.86759079,398203.6796981589,1.7387582051263066,1.2844537904779856,2.1987015049771026,14354.176778950525,10551.007575651713,18193.87051873144,16512.52785255217,-2158.3510736016465,103.0,139.3609396014614,13.303559380222243,-581.2572895484034,-355.7683389441413,673.0394191931695,4.0,4.0,4193.276275703358,12579.828827110072,115.81191512781729,410.40144681216805,-4.56690341262477,0.11293223433201227,75729.3810625165,19.390002998856293,2.3083235233391335,0.23982829833496794
"COUNTERFACTUAL - assumed: licensed live feed + courtside camera, not purchased; parameters from our measurements",hawkeye340,1.0,0.5,30,0.95,100.0,1000.0,0.005,region,D>=3c,cap1,ref_short,delay1,ref,decay,point,0.0,0.0,0.0,False,ref,burned_OOS,10,17384.0,2760.1,2289.8,821.5,0.13171882190520018,0.17036401072774293,0.12740450989415553,0.07085826046939714,0.8017372296364472,-1.26395,0.013999999999999924,0.052465571594986736,35.44500300710257,264504.45442331384,127946.00123316553,1.438136093882668,0.5923462954014436,2.2891779881301737,3812.9782080109244,1582.798356323509,6042.957795116568,4376.613627841082,-563.6354198301576,40.0,95.3244552002731,9.536450154282061,-432.0629600842377,-297.9437455140634,516.7119022646837,3.0,3.0,2946.334839191798,8839.004517575395,43.57984520818441,397.66608752468267,-5.056482879894502,0.11317508616648526,65282.5761043579,22.150217500587033,3.1143439532767054,0.31650096259375265
"COUNTERFACTUAL - assumed: licensed live feed + courtside camera, not purchased; parameters from our measurements",hawkeye340,1.0,0.5,30,0.95,1000.0,1000.0,0.005,region,D>=3c,cap1,ref_short,delay1,ref,decay,point,0.0,0.0,0.0,False,ref,IS,10,54704.0,10481.7,8695.1,2222.1,0.15894815735595202,0.17044353621571134,0.14052354489616845,0.06025153553670663,0.7992249195671249,-1.2257000000000002,0.04074999999999995,0.026762182679896697,68.19629641369882,4067033.2357442724,1851058.4595381513,1.8340381218346953,1.0912222993232894,2.570021328027946,74564.91031313087,43998.42782065297,104601.46762313868,82841.76391280151,-8276.85359967064,103.0,723.9311680886492,8.66647639394186,-5818.214060207612,-3348.8262203711433,4826.096270948028,4.0,4.0,20015.707912285096,60047.1237368553,125.15521942295975,443.511214460003,-9.671675894586121,0.11307295971681501,75729.3810625165,160.35629271083758,2.125197696295196,0.4067750515226168
"COUNTERFACTUAL - assumed: licensed live feed + courtside camera, not purchased; parameters from our measurements",hawkeye340,1.0,0.5,30,0.95,1000.0,1000.0,0.005,region,D>=3c,cap1,ref_short,delay1,ref,decay,point,0.0,0.0,0.0,False,ref,burned_OOS,10,17384.0,3285.9,2726.8,821.5,0.1568568798895536,0.17012478869533815,0.12740450989415553,0.07085826046939714,0.8017372296364472,-1.26395,0.014399999999999923,0.026310399197432905,76.56723236424583,1351188.0943231967,615188.696738594,1.6323589534352032,0.2616741462101986,2.97751824588416,22218.530621831498,3754.180595133125,40665.992245978916,22586.13472058958,-367.6040987580844,40.0,555.4632655457874,6.998363540022725,-4474.737306258974,-2792.640411612344,3801.996556787519,2.8,3.0,14602.011445775957,43806.03433732786,51.731928789202456,472.0538502014723,-10.579430323921187,0.11486342389142734,65282.5761043579,185.2210213567883,2.5445137728442684,0.516211962293124
"COUNTERFACTUAL - assumed: licensed live feed + courtside camera, not purchased; parameters from our measurements",hawkeye340,1.0,0.5,30,0.99,100.0,1000.0,0.005,region,D>=3c,cap1,ref_short,delay1,ref,decay,point,0.0,0.0,0.0,False,ref,IS,10,54704.0,8072.8,7514.1,2187.5,0.13735924246855807,0.06920059733664621,0.14052354489616845,0.06025153553670663,0.7992249195671249,-1.2257000000000002,0.04559999999999993,0.052300117701232496,33.24517750459039,737018.7585020358,358481.4754541557,2.214540731407142,1.7114322958611925,2.7220168899653903,16326.647270084879,12605.289617724387,20067.909898640024,17232.21546594756,-905.5681958626759,103.0,158.51113854451341,15.302581278087311,-598.7433374547443,-362.3060698096266,662.9024331871971,4.0,4.0,3879.4521754256543,11638.356526276966,141.2534554839032,500.55836166625886,-5.121661093055745,0.10216932085080695,77308.84330185349,17.25270220218557,2.4323603352895367,0.23214422224696193
"COUNTERFACTUAL - assumed: licensed live feed + courtside camera, not purchased; parameters from our measurements",hawkeye340,1.0,0.5,30,0.99,100.0,1000.0,0.005,region,D>=3c,cap1,ref_short,delay1,ref,decay,point,0.0,0.0,0.0,False,ref,burned_OOS,10,17384.0,2564.2,2391.3,805.5,0.13755752416014727,0.06743679546753859,0.12740450989415553,0.07085826046939714,0.8017372296364472,-1.26395,0.03314999999999997,0.049485188136517866,33.91427088964575,235696.3153136719,115505.04245843951,1.7554747062883806,0.8140752655004807,2.739121554750586,4143.266601074801,1915.8707885980639,6433.506372227746,4577.834534233302,-434.56793315850075,40.0,103.58166502687001,10.887453129953894,-413.65792720830086,-290.9056944368862,487.9103119057653,2.9,3.0,2646.3114059914924,7938.934217974476,52.80759399333796,481.8692951892088,-5.38090351561446,0.09950534726930196,66868.71714743391,17.368401833228766,2.9263638336363136,0.2690282562599813
"COUNTERFACTUAL - assumed: licensed live feed + courtside camera, not purchased; parameters from our measurements",hawkeye340,1.0,0.5,30,0.99,1000.0,1000.0,0.005,region,D>=3c,cap1,ref_short,delay1,ref,decay,point,0.0,0.0,0.0,False,ref,IS,10,54704.0,9669.6,8994.7,2187.5,0.16442490494296577,0.06979167416951287,0.14052354489616845,0.06025153553670663,0.7992249195671249,-1.2257000000000002,0.04559999999999993,0.02483002946178032,61.797174301485654,3550986.175018461,1638573.460187902,2.3490663321306355,1.50899235559353,3.1777239986491423,83357.22182356415,53065.697940826765,113354.02353687347,88591.1868553626,-5233.965031798443,103.0,809.2934157627587,10.104709895322852,-5118.571179402365,-2975.277807781582,4743.848631473135,4.0,4.0,18076.91171955559,54230.73515866678,154.93236651074912,549.0321725866353,-9.447928357375734,0.10217475335781645,77308.84330185349,136.44832874399714,2.1418751019281426,0.40302282690362246
"COUNTERFACTUAL - assumed: licensed live feed + courtside camera, not purchased; parameters from our measurements",hawkeye340,1.0,0.5,30,0.99,1000.0,1000.0,0.005,region,D>=3c,cap1,ref_short,delay1,ref,decay,point,0.0,0.0,0.0,False,ref,burned_OOS,10,17384.0,3037.8,2831.4,805.5,0.16287390704095722,0.06795643668904908,0.12740450989415553,0.07085826046939714,0.8017372296364472,-1.26395,0.033449999999999994,0.023806215172201224,69.08540692115771,1172093.9101596014,543985.1491219874,1.9254142874756828,0.3596073744206473,3.46477426214773,22691.43577800075,4357.793170903182,41007.548334967345,24646.449982536626,-1955.0142045358784,40.0,567.2858944500188,7.490213080494573,-4560.944959452181,-2493.086602346051,3914.2016792708005,2.7,3.0,12710.991882082913,38132.97564624874,60.43325771496406,551.4534766490469,-12.021884179985427,0.1005772734521321,66868.71714743391,127.40456669648144,1.9292114784614796,0.388824263612365
"COUNTERFACTUAL - assumed: licensed live feed + courtside camera, not purchased; parameters from our measurements",hawkeye340,1.0,1.0,3,0.95,100.0,1000.0,0.005,region,D>=3c,cap1,ref_short,delay1,ref,decay,point,0.0,0.0,0.0,False,ref,IS,10,6257.0,919.3,758.9,246.1,0.12128815726386451,0.1744906366610353,0.14086622982259872,0.05827073677481222,0.8008630334025891,-1.2381,0.04029999999999998,0.06388027480013389,52.62084256851885,112952.53816443658,55220.12927914795,1.9844773572403889,0.8166262188794317,3.169566065235124,2237.890105840828,926.495697811002,3567.8780313705147,2518.247889853089,-280.35778401226094,103.0,21.727088406221633,6.047290322420166,-286.39071634670165,-178.04167701665088,216.0644519388606,3.9,4.0,1525.5436277006029,4576.630883101809,49.652904195442154,175.95446632365423,-6.2565118798923125,0.2547660682090153,23935.254035456142,5.149614566039543,1.339696595165614,0.4752045857058706
"COUNTERFACTUAL - assumed: licensed live feed + courtside camera, not purchased; parameters from our measurements",hawkeye340,1.0,1.0,3,0.95,100.0,1000.0,0.005,region,D>=3c,cap1,ref_short,delay1,ref,decay,point,0.0,0.0,0.0,False,ref,burned_OOS,10,2402.0,353.8,296.1,91.0,0.12327227310574522,0.1632056465204281,0.1312239800166528,0.06773522064945879,0.8010407993338886,-1.2607,0.013799999999999934,0.06391739055643116,52.89467670646744,43477.670699482704,21205.912523428073,1.4542323895172218,-0.4349163306466375,3.544414614638955,637.0354987879721,-189.30701777273345,1532.8907473236964,774.6501322898913,-137.61463350191946,40.0,15.925887469699301,3.911398997644464,-281.8969498224195,-140.2641956414422,208.1615900811384,2.2,3.0,1136.7166900213242,3410.150070063972,18.361451696921037,167.54824673440447,-8.712862032706337,0.2475648990781302,24761.96042091099,6.817477474902745,1.70599356017647,0.6152519216777026
"COUNTERFACTUAL - assumed: licensed live feed + courtside camera, not purchased; parameters from our measurements",hawkeye340,1.0,1.0,3,0.95,1000.0,1000.0,0.005,region,D>=3c,cap1,ref_short,delay1,ref,decay,point,0.0,0.0,0.0,False,ref,IS,10,6257.0,1116.1,919.8,246.1,0.14700335624101007,0.17587017753877116,0.14086622982259872,0.05827073677481222,0.8008630334025891,-1.2381,0.040149999999999963,0.037085469381299266,159.5639303577549,656587.7213141716,307203.83087188733,2.371058379246396,0.639281762548811,4.084186411195239,15629.362621991662,4275.164534417627,27268.09436436637,15075.89902515451,553.4635968371524,103.0,151.74138467953068,4.996943223988478,-2721.802474220964,-1253.651057856461,1895.5622841081197,3.5,4.0,9440.296744956964,28320.890234870894,55.62849777380099,197.13011347026563,-10.07977236377173,0.2567845587581469,23935.254035456142,46.555681490728055,1.5214112947111986,0.6780010952077675
"COUNTERFACTUAL - assumed: licensed live feed + courtside camera, not purchased; parameters from our measurements",hawkeye340,1.0,1.0,3,0.95,1000.0,1000.0,0.005,region,D>=3c,cap1,ref_short,delay1,ref,decay,point,0.0,0.0,0.0,False,ref,burned_OOS,10,2402.0,431.0,360.3,91.0,0.15,0.16419183978479018,0.1312239800166528,0.06773522064945879,0.8010407993338886,-1.2607,0.012099999999999934,0.03613660069172832,156.116884566524,251728.87813000302,117058.6986472609,2.2188898236157057,-0.5591957374809611,5.085376921313086,5556.573162243497,-1379.2914517032393,12820.565138751084,5346.393093610184,210.1800686333142,40.0,138.91432905608744,4.041824068573367,-2265.3197781772315,-1156.529163124453,1871.4403409342442,2.0,3.0,6526.604011730744,19579.812035192233,27.957559916146987,255.11273423484127,-11.989793442622425,0.25084776285280397,24761.96042091099,65.84144450624846,2.0116663727563107,1.0968342777261264
"COUNTERFACTUAL - assumed: licensed live feed + courtside camera, not purchased; parameters from our measurements",hawkeye340,1.0,1.0,3,0.99,100.0,1000.0,0.005,region,D>=3c,cap1,ref_short,delay1,ref,decay,point,0.0,0.0,0.0,False,ref,IS,10,6257.0,848.0,789.2,243.0,0.1261307335783922,0.06925591423445611,0.14086622982259872,0.05827073677481222,0.8008630334025891,-1.2381,0.04619999999999993,0.06162910682258012,52.41484141908147,101927.22676809148,50171.77685814521,2.4548788589339052,1.208426451887798,3.761477404254934,2506.5310475115352,1232.3053375418626,3813.62836055999,2679.580616963037,-173.0495694515023,103.0,24.3352528884615,7.004003804084522,-276.2987725344184,-144.74322050353916,214.96772424312636,3.9,4.0,1447.032453678591,4341.097361035772,58.675356772065435,207.92723516314445,-6.346015594151843,0.2514358788966912,24296.155115852944,5.9695672972744385,1.710852098632598,0.5743082243182256
"COUNTERFACTUAL - assumed: licensed live feed + courtside camera, not purchased; parameters from our measurements",hawkeye340,1.0,1.0,3,0.99,100.0,1000.0,0.005,region,D>=3c,cap1,ref_short,delay1,ref,decay,point,0.0,0.0,0.0,False,ref,burned_OOS,10,2402.0,327.5,306.4,89.6,0.12756036636136553,0.0643241986949749,0.1312239800166528,0.06773522064945879,0.8010407993338886,-1.2607,0.026599999999999978,0.0620520360114579,52.34081314736542,39009.02811411714,19225.037772542295,1.640603090925914,-0.5192400691922067,3.9587093863292333,637.2499718418653,-194.99467454862864,1495.0593342825982,832.7950559377377,-195.54508409587254,40.0,15.93124929604663,4.0127037448648455,-286.297494244464,-147.72611718538602,190.95548205202823,2.3,3.0,1026.1851213973825,3078.555364192147,20.989839054533924,191.53228137262207,-9.66083829518197,0.24152811011122757,25346.890552280296,7.591233004419742,1.9901166524690685,0.797115480784059
"COUNTERFACTUAL - assumed: licensed live feed + courtside camera, not purchased; parameters from our measurements",hawkeye340,1.0,1.0,3,0.99,1000.0,1000.0,0.005,region,D>=3c,cap1,ref_short,delay1,ref,decay,point,0.0,0.0,0.0,False,ref,IS,10,6257.0,1023.9,952.3,243.0,0.15219753875659264,0.06990167471415347,0.14086622982259872,0.05827073677481222,0.8008630334025891,-1.2381,0.04579999999999993,0.035176932397505,154.5358784185286,589335.45158722,278391.4294150995,2.747270484159278,0.8941429957549145,4.686260499376135,16281.180111689106,5281.055334185744,27547.778059362212,17215.625857940253,-934.4457462511467,103.0,158.06970982222433,5.315137836793733,-2731.9735141232786,-1145.3224808639814,1875.010172420981,3.7,4.0,8768.480855282858,26305.442565848574,62.38189188743695,221.0620440671309,-10.743431393633639,0.2531053685893318,24296.155115852944,39.50310000945053,1.2630334076891536,0.6172033331326875
"COUNTERFACTUAL - assumed: licensed live feed + courtside camera, not purchased; parameters from our measurements",hawkeye340,1.0,1.0,3,0.99,1000.0,1000.0,0.005,region,D>=3c,cap1,ref_short,delay1,ref,decay,point,0.0,0.0,0.0,False,ref,burned_OOS,10,2402.0,395.7,370.3,89.6,0.1541631973355537,0.06416301598881455,0.1312239800166528,0.06773522064945879,0.8010407993338886,-1.2607,0.02569999999999999,0.03509912314043011,150.44118456106193,224332.10320044198,105774.56788578027,2.383777230034407,-0.6836608821132376,5.589128931999161,5278.299057053055,-1528.9856930630983,12440.210904883734,6112.945965431551,-834.6469083784971,40.0,131.9574764263263,4.044631557920304,-2484.817044676679,-1225.1024454459014,1718.642831362388,2.1,3.0,6028.05336324081,18084.16008972243,30.303785949701375,276.5220467910251,-13.930268581740469,0.2475559179671003,25346.890552280296,73.36568372539901,2.278678369744836,1.433178372706013
"COUNTERFACTUAL - assumed: licensed live feed + courtside camera, not purchased; parameters from our measurements",hawkeye340,1.0,1.0,10,0.95,100.0,1000.0,0.005,region,D>=3c,cap1,ref_short,delay1,ref,decay,point,0.0,0.0,0.0,False,ref,IS,10,20795.0,3094.1,2566.6,801.5,0.12342389997595575,0.1705455855309581,0.14112046164943498,0.05997595575859581,0.7989035825919691,-1.2315,0.041199999999999924,0.0637275489600301,50.290071607198136,367686.1075519193,179108.614865075,1.7532040941920157,1.095240014066134,2.4035290893267645,6455.058440047398,4022.501920025442,8876.117438343914,7460.8594217259,-1005.800981678503,103.0,62.67047029172231,9.300259860575233,-408.5624144901599,-257.49675056831745,420.5687339174668,3.9,4.0,2581.5999700973325,7744.7999102919985,83.18979701811024,294.79879525835184,-5.317443051487238,0.23138238670063535,71870.95555904863,12.153491602715441,2.0058222120313305,0.3280648274946029
"COUNTERFACTUAL - assumed: licensed live feed + courtside camera, not purchased; parameters from our measurements",hawkeye340,1.0,1.0,10,0.95,100.0,1000.0,0.005,region,D>=3c,cap1,ref_short,delay1,ref,decay,point,0.0,0.0,0.0,False,ref,burned_OOS,10,7093.0,1050.9,873.1,290.7,0.12309319046947695,0.16914837378045622,0.12416466939235864,0.07293105879035669,0.8029042718172846,-1.2646000000000002,0.010899999999999932,0.06119852940546459,50.34801298711873,124310.64651318282,61015.52110043176,1.0563825288478816,-0.07063331926966107,2.237521146829806,1316.3988332012837,-87.33435497067934,2737.007736479097,1509.2902474426921,-192.89141424140854,40.0,32.90997083003209,5.3447186182701145,-384.92057124494454,-215.82368115375698,304.84798712927187,2.6,3.0,2091.8894283728123,6275.668285118436,22.159271570546103,202.20335308123316,-6.078660037027554,0.23416269849689403,63999.446717020284,12.015023869072904,1.8841011478425065,0.38133582827913376
"COUNTERFACTUAL - assumed: licensed live feed + courtside camera, not purchased; parameters from our measurements",hawkeye340,1.0,1.0,10,0.95,1000.0,1000.0,0.005,region,D>=3c,cap1,ref_short,delay1,ref,decay,point,0.0,0.0,0.0,False,ref,IS,10,20795.0,3754.4,3117.0,801.5,0.14989180091368118,0.16981164797042853,0.14112046164943498,0.05997595575859581,0.7989035825919691,-1.2315,0.04079999999999995,0.03617852810731688,139.46837874732827,2087467.0875303173,970173.3500738069,2.088803484491142,1.0996297843177982,3.0692035094330503,43658.63769222335,22922.748765726203,64494.24684001773,45485.75134958742,-1827.1136573640754,103.0,423.87026885653734,7.452426143002304,-4070.9962264468268,-2415.0481562360737,3319.860452259928,4.0,4.0,14827.789559325489,44483.36867797646,97.86448134052755,346.8013173717724,-9.31543580490359,0.23271625256875902,71870.95555904863,94.89057618559558,1.8880080154331835,0.4538025794945956
"COUNTERFACTUAL - assumed: licensed live feed + courtside camera, not purchased; parameters from our measurements",hawkeye340,1.0,1.0,10,0.95,1000.0,1000.0,0.005,region,D>=3c,cap1,ref_short,delay1,ref,decay,point,0.0,0.0,0.0,False,ref,burned_OOS,10,7093.0,1268.6,1054.0,290.7,0.14859720851543776,0.16911992697005213,0.12416466939235864,0.07293105879035669,0.8029042718172846,-1.2646000000000002,0.010699999999999932,0.0346626649584856,138.3369150463664,707162.814665192,330014.76051788253,1.3073762410820566,-0.3663283926122241,3.0364427265979184,9325.621781606435,-2444.4885459502652,21387.531203378254,9398.812915423705,-73.19113381727043,40.0,233.14054454016087,4.482239897992505,-3437.416836867258,-1837.2156052238067,2458.8233484363195,2.3,3.0,11600.989217487851,34802.96765246355,27.259954132520967,248.74708145925382,-9.900380700518014,0.2359705775819477,63999.446717020284,118.14524844675314,2.5325767729901316,0.638660537791974
"COUNTERFACTUAL - assumed: licensed live feed + courtside camera, not purchased; parameters from our measurements",hawkeye340,1.0,1.0,10,0.99,100.0,1000.0,0.005,region,D>=3c,cap1,ref_short,delay1,ref,decay,point,0.0,0.0,0.0,False,ref,IS,10,20795.0,2863.5,2665.5,790.1,0.12817985092570328,0.0691604728754096,0.14112046164943498,0.05997595575859581,0.7989035825919691,-1.2315,0.04579999999999993,0.061563798695503144,49.76337977614423,333360.010936337,163516.44821500848,2.1956236154634907,1.4889365770270218,2.9224487399989734,7326.696863395386,4960.755741884056,9739.286327160447,7775.089623606136,-448.3927602107494,103.0,71.1329792562659,10.551723622446538,-395.5082896731672,-238.74193666493815,408.02717845804034,4.0,4.0,2416.990508988188,7250.971526964565,101.11943806251568,358.33587274580793,-5.499668467681835,0.22856608282434396,73230.64580115765,10.218107550984902,1.8486263799176865,0.2975140812792334
"COUNTERFACTUAL - assumed: licensed live feed + courtside camera, not purchased; parameters from our measurements",hawkeye340,1.0,1.0,10,0.99,100.0,1000.0,0.005,region,D>=3c,cap1,ref_short,delay1,ref,decay,point,0.0,0.0,0.0,False,ref,burned_OOS,10,7093.0,971.9,907.0,285.9,0.12787255040180462,0.06676511312970768,0.12416466939235864,0.07293105879035669,0.8029042718172846,-1.2646000000000002,0.01849999999999997,0.05875707959500217,50.040263371297634,111840.81553912346,55613.78316611847,1.2044873190559784,-0.03671630568673975,2.4795100474069924,1344.1466401145965,-44.90359428046295,2732.844093371139,1624.0239943264587,-279.8773542118623,40.0,33.603666002864905,5.490960684129926,-363.59753598440875,-203.75313175447369,307.08619079435687,2.5,3.0,1963.993844917697,5891.981534753091,23.846973096494512,217.60362950551243,-6.296527314704333,0.22964171496582356,65588.55382790019,9.995467001233315,1.6537575942470066,0.3603697085891656
"COUNTERFACTUAL - assumed: licensed live feed + courtside camera, not purchased; parameters from our measurements",hawkeye340,1.0,1.0,10,0.99,1000.0,1000.0,0.005,region,D>=3c,cap1,ref_short,delay1,ref,decay,point,0.0,0.0,0.0,False,ref,IS,10,20795.0,3455.4,3213.5,790.1,0.15453233950468864,0.07001547223828238,0.14112046164943498,0.05997595575859581,0.7989035825919691,-1.2315,0.04559999999999993,0.034816365613603115,135.29995503686132,1879873.1395844899,882843.9968768002,2.5020214666564837,1.4513336872190201,3.5827096999930013,47056.5332938868,26858.74072377875,67405.88764019325,50141.393731327036,-3084.8604374402257,103.0,456.8595465425904,8.145313931070216,-3894.47599185766,-2327.8995560856897,3280.882012599662,4.0,4.0,13920.435446581954,41761.30633974586,113.88172734582061,403.56146098276236,-9.525624798015432,0.22965790272749848,73230.64580115765,92.18188004954466,1.825948205515323,0.500632591790871
"COUNTERFACTUAL - assumed: licensed live feed + courtside camera, not purchased; parameters from our measurements",hawkeye340,1.0,1.0,10,0.99,1000.0,1000.0,0.005,region,D>=3c,cap1,ref_short,delay1,ref,decay,point,0.0,0.0,0.0,False,ref,burned_OOS,10,7093.0,1164.6,1086.9,285.9,0.15323558437896517,0.06673816035368549,0.12416466939235864,0.07293105879035669,0.8029042718172846,-1.2646000000000002,0.017899999999999982,0.03303943245038597,134.2064891272308,631340.6727841606,299625.6543339622,1.4122009273332743,-0.44816936754637016,3.2834226613010125,9005.560089583565,-2673.144685621866,20822.070455515808,10469.258519968373,-1463.698430384805,40.0,225.13900223958913,4.425839332966542,-3606.973306000947,-1756.1136041247337,2391.61452610482,2.5,3.0,10665.671922216941,31997.015766650824,28.151333186057805,256.8809153227775,-11.506597656024804,0.23312563611758166,65588.55382790019,116.49052197090079,2.5104000735484537,0.6982210229830574
"COUNTERFACTUAL - assumed: licensed live feed + courtside camera, not purchased; parameters from our measurements",hawkeye340,1.0,1.0,30,0.95,100.0,1000.0,0.005,region,D>=3c,cap1,ref_short,delay1,ref,decay,point,0.0,0.0,0.0,False,ref,IS,10,54704.0,8353.9,6928.6,2222.1,0.1266561860193039,0.17060518718972814,0.14052354489616845,0.06025153553670663,0.7992249195671249,-1.2257000000000002,0.040849999999999956,0.06037856158672015,45.42791463869294,921753.7901050836,447949.961772395,1.794459162257762,1.376721693788503,2.222691914314516,16544.07745030981,12673.801519381286,20478.881322268477,18706.290058902076,-2162.212608592266,103.0,160.62211116805642,14.764241271051356,-542.431099002221,-356.1080094495762,721.4224774936783,4.0,4.0,4758.18664185361,14274.559925560834,117.18868166852857,415.2802796991547,-3.7496383207084256,0.19054704758078794,151458.762125033,18.678163482928024,2.3530010429221235,0.20470636899565992
"COUNTERFACTUAL - assumed: licensed live feed + courtside camera, not purchased; parameters from our measurements",hawkeye340,1.0,1.0,30,0.95,100.0,1000.0,0.005,region,D>=3c,cap1,ref_short,delay1,ref,decay,point,0.0,0.0,0.0,False,ref,burned_OOS,10,17384.0,2651.3,2201.0,821.5,0.12661067648412333,0.16980561776173483,0.12740450989415553,0.07085826046939714,0.8017372296364472,-1.26395,0.014299999999999913,0.05778034656972669,46.41392470848338,294311.61166710174,143620.35250609714,1.396112121171218,0.6052122382449995,2.210129547482184,4119.726325338198,1798.7452358023268,6465.376074030899,4670.08803225227,-550.3617069140726,40.0,102.99315813345495,10.097049005099521,-424.72691423928654,-310.76807866985644,520.943118795731,2.9,3.0,3233.5795215097605,9700.73856452928,42.53330163631151,388.1163774313425,-4.497417705355415,0.20874533522679806,130565.1522087158,26.092504394010476,3.0294231231087108,0.33490137970458944
"COUNTERFACTUAL - assumed: licensed live feed + courtside camera, not purchased; parameters from our measurements",hawkeye340,1.0,1.0,30,0.95,1000.0,1000.0,0.005,region,D>=3c,cap1,ref_short,delay1,ref,decay,point,0.0,0.0,0.0,False,ref,IS,10,54704.0,10103.7,8379.5,2222.1,0.15317892658672128,0.17064453380506373,0.14052354489616845,0.06025153553670663,0.7992249195671249,-1.2257000000000002,0.04079999999999995,0.03276806962881797,107.19150305504067,5011941.448524835,2318925.02495224,2.002920813127468,1.3630450141625623,2.6424914846085636,100330.73013334404,67939.2795892359,132745.80839951293,107142.85571349575,-6812.12558015172,103.0,974.0847585761558,10.788515993177866,-5673.677278659123,-3474.2966732490177,5546.911595617872,4.0,4.0,24913.660079290254,74740.98023787075,135.2644082690109,479.33503901154353,-7.607274614984353,0.191823866583607,151458.762125033,166.6730660477238,2.1297129994957635,0.3458079783369413
"COUNTERFACTUAL - assumed: licensed live feed + courtside camera, not purchased; parameters from our measurements",hawkeye340,1.0,1.0,30,0.95,1000.0,1000.0,0.005,region,D>=3c,cap1,ref_short,delay1,ref,decay,point,0.0,0.0,0.0,False,ref,burned_OOS,10,17384.0,3171.3,2631.3,821.5,0.1513633225954901,0.17024974977089874,0.12740450989415553,0.07085826046939714,0.8017372296364472,-1.26395,0.014399999999999923,0.03202620573874647,119.68944063820409,1650667.619648359,765445.7538572417,1.7102091272666864,0.5371997990449288,2.8785093262632477,28338.2429189928,8878.680292648536,48123.2571594721,28833.186643871286,-494.94372487849193,40.0,708.4560729748199,8.424704065227953,-4270.5850028994055,-2978.383672572131,4023.9565214263807,2.8,3.0,17684.997584766625,53054.99275429988,54.564576516158,497.90176070994175,-8.213875164702268,0.21057396374669005,130565.1522087158,175.72885091115614,2.8692273880758643,0.39582424894580037
"COUNTERFACTUAL - assumed: licensed live feed + courtside camera, not purchased; parameters from our measurements",hawkeye340,1.0,1.0,30,0.99,100.0,1000.0,0.005,region,D>=3c,cap1,ref_short,delay1,ref,decay,point,0.0,0.0,0.0,False,ref,IS,10,54704.0,7719.4,7186.2,2187.5,0.13136516525299793,0.06906233090442342,0.14052354489616845,0.06025153553670663,0.7992249195671249,-1.2257000000000002,0.04559999999999993,0.05838370010162271,45.07753016110189,835071.7407239003,409213.9628080373,2.208919136393122,1.7480301580431425,2.678174769983902,18453.649851609858,14595.104366531814,22391.51423173937,19410.364143888284,-956.7142922784249,103.0,179.1616490447559,16.580231256164375,-594.9557204253239,-363.72175131218944,691.2958414890032,4.0,4.0,4473.938913738398,13421.816741215196,138.3355116627631,490.2180753097916,-4.429175753808819,0.1892265014501757,154617.68660370697,17.357489767201077,2.5536127951801983,0.2019553893945301
"COUNTERFACTUAL - assumed: licensed live feed + courtside camera, not purchased; parameters from our measurements",hawkeye340,1.0,1.0,30,0.99,100.0,1000.0,0.005,region,D>=3c,cap1,ref_short,delay1,ref,decay,point,0.0,0.0,0.0,False,ref,burned_OOS,10,17384.0,2454.1,2289.9,805.5,0.13172457432121493,0.06691699809146548,0.12740450989415553,0.07085826046939714,0.8017372296364472,-1.26395,0.03184999999999999,0.05540150150298164,46.30989280276161,266078.29998633126,131496.34476110555,1.649393524695092,0.7720596759776465,2.5660201686571846,4392.558446100144,2070.0909841453094,6802.010147283276,4824.895329611143,-432.33688351099954,40.0,109.81396115250361,11.146927751804311,-407.7381551873952,-304.68256007203735,505.0293665140671,2.9,3.0,2989.009489737922,8967.028469213767,49.46948153376442,451.4090189956003,-4.698103958961338,0.20598077833188172,133737.43429486782,22.52796962709304,2.7853523325471814,0.32039660704356643
"COUNTERFACTUAL - assumed: licensed live feed + courtside camera, not purchased; parameters from our measurements",hawkeye340,1.0,1.0,30,0.99,1000.0,1000.0,0.005,region,D>=3c,cap1,ref_short,delay1,ref,decay,point,0.0,0.0,0.0,False,ref,IS,10,54704.0,9280.0,8630.8,2187.5,0.15777274056741736,0.06995203267261352,0.14052354489616845,0.06025153553670663,0.7992249195671249,-1.2257000000000002,0.04559999999999993,0.03158159125221783,105.55892683803044,4517949.048361136,2115783.3900420624,2.4138087900291483,1.699304139020952,3.1265884762298923,108986.6330740144,76366.82539687134,141536.85380725263,113638.29628074348,-4651.663206729085,103.0,1058.1226512040234,12.035741027801071,-5155.01728600875,-3334.646585557423,5484.088824365126,4.0,4.0,22991.335967567407,68974.00790270223,158.79284515660783,562.712509535552,-7.433325185149191,0.19055044387541714,154617.68660370697,142.10174866645923,2.265485018818175,0.3325450033529665
"COUNTERFACTUAL - assumed: licensed live feed + courtside camera, not purchased; parameters from our measurements",hawkeye340,1.0,1.0,30,0.99,1000.0,1000.0,0.005,region,D>=3c,cap1,ref_short,delay1,ref,decay,point,0.0,0.0,0.0,False,ref,burned_OOS,10,17384.0,2919.7,2720.8,805.5,0.15651173492867004,0.06814045037919624,0.12740450989415553,0.07085826046939714,0.8017372296364472,-1.26395,0.03289999999999997,0.03025973806847442,115.17899635470219,1480486.2577406014,698283.2866734085,1.975492342721782,0.6632303257472867,3.3157193233011277,29350.971064435627,9725.435062636407,49335.40590234165,31275.38722080271,-1924.4161563670846,40.0,733.7742766108906,8.993700996091537,-4236.562630574771,-2776.759878688996,4238.3300015738005,2.7,3.0,16031.115579261203,48093.346737783606,62.081175785048586,566.4907290385684,-8.828936398629562,0.2086583143082997,133737.43429486782,150.69890419295018,2.7516045615150695,0.3622570894912961
"COUNTERFACTUAL - assumed: licensed live feed + courtside camera, not purchased; parameters from our measurements",hawkeye340,2.0,0.25,3,0.95,100.0,1000.0,0.005,region,D>=3c,cap1,ref_short,delay1,ref,decay,point,0.0,0.0,0.0,False,ref,IS,10,6257.0,2396.0,2236.6,263.4,0.357455649672367,0.06654400199457183,0.44233658302700973,0.12841617388524856,0.42924724308774176,-0.23809999999999992,0.24945000000000003,0.19065599645758802,43.834170538851275,268629.25350665074,129717.43072493286,2.265896989476643,1.752895882474134,2.8038485030206903,6085.290387005259,4666.326038886944,7581.690915239099,7011.570473599839,-926.2800865945804,103.0,59.08048919422581,14.521794829568805,-136.67041624725096,-109.717925152282,294.85889888855166,4.0,4.0,3700.212667928655,11100.638003785962,56.51788534381929,200.28182670382563,-1.2751436847242654,0.145663057775766,19270.831071842727,5.254536151342663,1.1094391490473605,0.20343488820993386
"COUNTERFACTUAL - assumed: licensed live feed + courtside camera, not purchased; parameters from our measurements",hawkeye340,2.0,0.25,3,0.95,100.0,1000.0,0.005,region,D>=3c,cap1,ref_short,delay1,ref,decay,point,0.0,0.0,0.0,False,ref,burned_OOS,10,2402.0,908.0,852.0,100.5,0.3547044129891757,0.061665178156248425,0.4179433805162365,0.14746044962531227,0.4345961698584513,-0.26070000000000004,0.2605,0.19026755956286232,43.11101023185758,100958.3036377409,48487.580537285816,2.007353963258633,1.135769198727353,2.8889903955723253,2032.7837355088773,1139.5454375692054,2933.7069542122417,2244.230306772969,-211.4465712640919,40.0,50.81959338772193,12.561179939778384,-121.43496523159831,-78.20212040578848,250.76042848306534,2.9,3.0,2000.3556899818664,6001.067069945599,34.3907840646779,313.8159045901859,-2.0151839119738226,0.14038197708853856,18269.568998496172,9.827287411407047,2.1224803001503734,0.33968404865735813
"COUNTERFACTUAL - assumed: licensed live feed + courtside camera, not purchased; parameters from our measurements",hawkeye340,2.0,0.25,3,0.95,1000.0,1000.0,0.005,region,D>=3c,cap1,ref_short,delay1,ref,decay,point,0.0,0.0,0.0,False,ref,IS,10,6257.0,2966.8,2767.0,263.4,0.44222470832667415,0.06741286315528447,0.44233658302700973,0.12841617388524856,0.42924724308774176,-0.23809999999999992,0.2509,0.10233412872087613,94.32961241502345,1313852.071762652,612017.6590515125,2.299689188542287,1.3927790712585488,3.219373015245195,30281.69917245242,17981.516544636754,42888.95800607239,34244.83221111538,-3963.1330386629643,103.0,293.9970793441982,8.56304240531355,-2036.8306194380443,-1095.7283561907361,2317.8036566940063,3.9,4.0,16710.666112068655,50131.99833620596,60.76922635299394,215.34725843536685,-4.176331146997115,0.14693235950464226,19270.831071842727,51.74309604157149,1.3481233050706187,0.3698839306822498
"COUNTERFACTUAL - assumed: licensed live feed + courtside camera, not purchased; parameters from our measurements",hawkeye340,2.0,0.25,3,0.95,1000.0,1000.0,0.005,region,D>=3c,cap1,ref_short,delay1,ref,decay,point,0.0,0.0,0.0,False,ref,burned_OOS,10,2402.0,1120.7,1048.4,100.5,0.4364696086594505,0.064544780913569,0.4179433805162365,0.14746044962531227,0.4345961698584513,-0.26070000000000004,0.25045,0.10528565765333439,93.65404278658488,488420.3923037179,226588.84044817617,2.150102721919375,0.566646933625465,3.713060905547965,10562.462647589904,2824.1523205759977,18338.972689877555,11203.508284302286,-641.0456367123818,40.0,264.0615661897476,7.189544175194198,-1484.524889763793,-996.6968193948063,2031.6284687115124,2.7,3.0,10340.082348261025,31020.247044783067,34.3728046809355,313.65184271353644,-4.868423893465244,0.14293099969229317,18269.568998496172,72.27190433697429,1.8948262855916906,0.5504458350409772
"COUNTERFACTUAL - assumed: licensed live feed + courtside camera, not purchased; parameters from our measurements",hawkeye340,2.0,0.25,3,0.99,100.0,1000.0,0.005,region,D>=3c,cap1,ref_short,delay1,ref,decay,point,0.0,0.0,0.0,False,ref,IS,10,6257.0,2369.0,2309.5,263.4,0.3691066006073198,0.025144332746484244,0.44233658302700973,0.12841617388524856,0.42924724308774176,-0.23809999999999992,0.27304999999999996,0.1876997995983101,42.95299785097237,261983.97762466004,126375.43008128859,2.4996308638980476,1.974770394574605,3.0406086403217194,6548.351360696821,5140.13079819871,8040.05123023825,7061.014259098489,-512.6628984016681,103.0,63.57622680288175,15.539996183528293,-117.1229682915878,-106.20424113025888,290.4171413526743,4.0,4.0,3587.1207629275864,10761.362288782759,62.329298787827895,220.8756704617202,-1.1036696353299178,0.1374433441115072,19671.262406954476,5.36627911306729,1.0046286920863312,0.20825729776260324
"COUNTERFACTUAL - assumed: licensed live feed + courtside camera, not purchased; parameters from our measurements",hawkeye340,2.0,0.25,3,0.99,100.0,1000.0,0.005,region,D>=3c,cap1,ref_short,delay1,ref,decay,point,0.0,0.0,0.0,False,ref,burned_OOS,10,2402.0,897.4,878.0,100.3,0.3655287260616153,0.02163490457349817,0.4179433805162365,0.14746044962531227,0.4345961698584513,-0.26070000000000004,0.27479999999999993,0.18801250426917768,42.55898891689114,98752.59057954991,47403.16831735042,2.2052762731439306,1.3098005179322303,3.104073201450276,2184.3784045246334,1291.0843358526504,3080.857103143712,2282.935628132452,-98.5572236078181,40.0,54.60946011311586,13.473088329340731,-139.33305024216298,-88.52684417300658,262.8829564095446,3.0,3.0,1961.9180351720104,5885.754105516031,37.3382981134858,340.71197028555787,-2.420285664180117,0.1328872796814538,18751.504183392673,9.664459265375028,2.7316072995943173,0.3363755496176097
"COUNTERFACTUAL - assumed: licensed live feed + courtside camera, not purchased; parameters from our measurements",hawkeye340,2.0,0.25,3,0.99,1000.0,1000.0,0.005,region,D>=3c,cap1,ref_short,delay1,ref,decay,point,0.0,0.0,0.0,False,ref,IS,10,6257.0,2928.3,2854.8,263.4,0.4562569921687709,0.02513209920244842,0.44233658302700973,0.12841617388524856,0.42924724308774176,-0.23809999999999992,0.2713,0.09925995777598895,89.38042157378739,1262813.879333952,587943.2630393424,2.661429230618649,1.728818636648279,3.6144625843167524,33657.98439392342,21601.11496603858,46531.0004650795,36069.51383731214,-2411.5294433887066,103.0,326.77654751381965,9.707932130239007,-1746.5971965172714,-1118.573870682165,2273.5886436170913,4.0,4.0,16279.84608244845,48839.53824734536,69.612471121361,246.68497047860942,-3.66703357777943,0.1388650800681192,19671.262406954476,50.15109733206462,1.2689163524303329,0.37598804091592325
"COUNTERFACTUAL - assumed: licensed live feed + courtside camera, not purchased; parameters from our measurements",hawkeye340,2.0,0.25,3,0.99,1000.0,1000.0,0.005,region,D>=3c,cap1,ref_short,delay1,ref,decay,point,0.0,0.0,0.0,False,ref,burned_OOS,10,2402.0,1109.9,1084.1,100.3,0.45133222314737714,0.023251342311460255,0.4179433805162365,0.14746044962531227,0.4345961698584513,-0.26070000000000004,0.26625,0.10107330713381005,90.36402733327523,474394.4178463416,220735.64894228784,2.4040321212474396,0.76555980704608,4.021383499719219,11453.681106018224,3670.3757235205367,19498.44633950037,12167.364225421949,-713.6831194037244,40.0,286.34202765045563,7.779471075130307,-1664.7726427110258,-1067.1510740209167,1904.326815188504,2.5,3.0,9941.999409386286,29825.998228158853,38.6884296483923,353.0319205415798,-5.853152260597816,0.13507386920112413,18751.504183392673,70.70045887097355,1.715842796194351,0.5558621081594529
"COUNTERFACTUAL - assumed: licensed live feed + courtside camera, not purchased; parameters from our measurements",hawkeye340,2.0,0.25,10,0.95,100.0,1000.0,0.005,region,D>=3c,cap1,ref_short,delay1,ref,decay,point,0.0,0.0,0.0,False,ref,IS,10,20795.0,7950.1,7436.4,871.6,0.3576051935561433,0.06462870177838301,0.4417937004087521,0.12936763645106997,0.4288386631401779,-0.23150000000000004,0.25515000000000004,0.19144998351830234,41.02570339283163,858137.7609487341,413169.38955950266,2.3554267831212834,2.069925162687295,2.647081002212087,20210.45699367606,17624.43202974649,22920.90755241176,22209.812832456126,-1999.3558387800645,103.0,196.2180290648161,25.42135755936734,-120.57146606131633,-108.10220313592765,670.4932363311816,4.0,4.0,5727.077865078144,17181.233595234437,118.21099164068941,418.90302862962744,-0.7043452821363694,0.13010556469197893,57320.121446422454,6.817231869825257,1.2105049363602953,0.08695695729561803
"COUNTERFACTUAL - assumed: licensed live feed + courtside camera, not purchased; parameters from our measurements",hawkeye340,2.0,0.25,10,0.95,100.0,1000.0,0.005,region,D>=3c,cap1,ref_short,delay1,ref,decay,point,0.0,0.0,0.0,False,ref,burned_OOS,10,7093.0,2701.4,2527.5,325.9,0.35633723389257016,0.06436380428049282,0.4075708444945721,0.15719723671225153,0.4352319187931763,-0.26460000000000006,0.24350000000000005,0.18661369039893885,41.940520926742124,294967.493630681,142748.05694097068,1.7240019554283843,1.2258120970399575,2.2390711587346903,5090.565641296041,3600.7292386849053,6601.616894328089,5644.565555239604,-553.9999139435632,40.0,127.26414103240104,19.253097685341576,-138.7565448732974,-125.31512569847905,425.82817965454296,3.0,3.0,4656.452624233263,13969.35787269979,36.478639830566124,332.86758845391586,-1.004121951285912,0.13506077835535388,51019.40056631588,18.482563426262928,2.8947355824610317,0.2370868698040328
"COUNTERFACTUAL - assumed: licensed live feed + courtside camera, not purchased; parameters from our measurements",hawkeye340,2.0,0.25,10,0.95,1000.0,1000.0,0.005,region,D>=3c,cap1,ref_short,delay1,ref,decay,point,0.0,0.0,0.0,False,ref,IS,10,20795.0,9913.6,9264.7,871.6,0.4455253666746814,0.0654688402582898,0.4417937004087521,0.12936763645106997,0.4288386631401779,-0.23150000000000004,0.2537999999999999,0.09993951362368833,79.8554300251815,4098637.0494331755,1904159.624591671,2.3655898791808636,1.8543703396602378,2.8851427158224494,96989.34922704755,75178.27502077291,119929.42534306727,108311.12186312808,-11321.772636080499,103.0,941.644167252889,15.417114293711538,-2510.689261078839,-1887.9528623263498,4253.526461375247,4.0,4.0,26238.82659377784,78716.47978133352,124.28629072167212,440.4320011010711,-3.238301414831574,0.13048105626895173,57320.121446422454,71.29373802331641,0.9279939129760673,0.16329549381824637
"COUNTERFACTUAL - assumed: licensed live feed + courtside camera, not purchased; parameters from our measurements",hawkeye340,2.0,0.25,10,0.95,1000.0,1000.0,0.005,region,D>=3c,cap1,ref_short,delay1,ref,decay,point,0.0,0.0,0.0,False,ref,burned_OOS,10,7093.0,3340.4,3123.0,325.9,0.4402932468631045,0.06508479405975828,0.4075708444945721,0.15719723671225153,0.4352319187931763,-0.26460000000000006,0.23899999999999996,0.09926323411519351,84.63554809306899,1400295.9848272172,653410.420482839,1.6620538875173687,0.7697865663549601,2.5596188130083872,23275.649002385464,10648.067980899457,36233.255936819165,25627.00948254284,-2351.36048015737,40.0,581.8912250596366,9.774541003582245,-2825.7890177884615,-1715.1926301143042,3393.5268379995337,2.9,3.0,22194.189666126415,66582.56899837925,35.84837585792497,327.11642970356536,-4.259302154737609,0.13602489551679375,51019.40056631588,113.57051184797761,1.9276008914716543,0.32413307589749224
"COUNTERFACTUAL - assumed: licensed live feed + courtside camera, not purchased; parameters from our measurements",hawkeye340,2.0,0.25,10,0.99,100.0,1000.0,0.005,region,D>=3c,cap1,ref_short,delay1,ref,decay,point,0.0,0.0,0.0,False,ref,IS,10,20795.0,7858.9,7664.9,870.8,0.3685934118778552,0.0246993721008407,0.4417937004087521,0.12936763645106997,0.4288386631401779,-0.23150000000000004,0.275,0.1889078258617235,40.36199604969878,835896.0005240794,402014.1395441379,2.621911007879065,2.32861359760818,2.9221610859248432,21916.915657925478,19369.017361369744,24577.807372482443,23111.391451223564,-1194.4757932980872,103.0,212.78558891189786,27.454831757782955,-88.25943387764664,-88.25943387764677,703.1633752330517,4.0,4.0,5679.316243070489,17037.948729211465,129.23988587190053,457.98600333246304,-0.5234813455691002,0.12242342582731858,58566.845227468715,6.608623627039634,1.5017494719906936,0.0760899550210497
"COUNTERFACTUAL - assumed: licensed live feed + courtside camera, not purchased; parameters from our measurements",hawkeye340,2.0,0.25,10,0.99,100.0,1000.0,0.005,region,D>=3c,cap1,ref_short,delay1,ref,decay,point,0.0,0.0,0.0,False,ref,burned_OOS,10,7093.0,2675.6,2613.0,324.9,0.3683913717749895,0.02340513070903446,0.4075708444945721,0.15719723671225153,0.4352319187931763,-0.26460000000000006,0.2681,0.1831171573155105,41.52538704522449,288804.8046770013,139865.8517792428,1.9173448202897696,1.4046538040008671,2.4347125559327183,5540.492103908418,4067.7633123152204,7032.083894607873,5797.575171664133,-257.0830677557142,40.0,138.51230259771046,21.344875705502194,-123.46343119746173,-115.21239575994416,437.9518857731502,3.0,3.0,4599.5148022025405,13798.544406607622,40.303960027284326,367.7736352489695,-0.91171954394982,0.1284599805803509,52227.227759336805,18.684616746119403,3.5878320207143544,0.24979849551445002
"COUNTERFACTUAL - assumed: licensed live feed + courtside camera, not purchased; parameters from our measurements",hawkeye340,2.0,0.25,10,0.99,1000.0,1000.0,0.005,region,D>=3c,cap1,ref_short,delay1,ref,decay,point,0.0,0.0,0.0,False,ref,IS,10,20795.0,9788.0,9542.5,870.8,0.45888434719884585,0.02510114749927047,0.4417937004087521,0.12936763645106997,0.4288386631401779,-0.23150000000000004,0.27525000000000005,0.09726407409477304,75.16170944860818,3933071.188424705,1826801.4688187414,2.7342371544094575,2.1990044621927742,3.2769748796201066,107571.32214111151,85938.5823969504,130580.92678931283,114508.36935978415,-6937.04721867266,103.0,1044.381768360306,17.03895380833847,-2130.9136497426503,-1727.568856838286,4421.343835566381,4.0,4.0,25548.084413836263,76644.25324150879,141.13040521800488,500.1223097531241,-2.810889303499858,0.12310070371737085,58566.845227468715,65.44508394073394,0.7515765756479563,0.15319252154681814
"COUNTERFACTUAL - assumed: licensed live feed + courtside camera, not purchased; parameters from our measurements",hawkeye340,2.0,0.25,10,0.99,1000.0,1000.0,0.005,region,D>=3c,cap1,ref_short,delay1,ref,decay,point,0.0,0.0,0.0,False,ref,burned_OOS,10,7093.0,3305.2,3228.0,324.9,0.4550965740871281,0.023373082821415737,0.4075708444945721,0.15719723671225153,0.4352319187931763,-0.26460000000000006,0.26050000000000006,0.09519888205057161,81.57760080411335,1355677.8203434362,633912.9354471301,1.9061565901219475,0.9886075301285138,2.8458684660182216,25859.586913420946,13232.78674039657,38837.153491018464,27972.505936264915,-2112.91902284397,40.0,646.4896728355237,10.75661935457083,-2548.4263485651345,-1596.6068313280723,3316.0916906835823,2.8,3.0,21312.89266865725,63938.67800597176,41.36970145366034,377.49852576465054,-3.9247847778780587,0.1291675077010428,52227.227759336805,137.61764487560052,2.1678856884465714,0.4022700943083272
"COUNTERFACTUAL - assumed: licensed live feed + courtside camera, not purchased; parameters from our measurements",hawkeye340,2.0,0.25,30,0.95,100.0,1000.0,0.005,region,D>=3c,cap1,ref_short,delay1,ref,decay,point,0.0,0.0,0.0,False,ref,IS,10,54704.0,21616.3,20203.1,2446.9,0.36931668616554547,0.06537510532055553,0.4423533928049137,0.13002339865457738,0.42762320854050895,-0.22570000000000007,0.25360000000000005,0.18088995493383986,35.24581247297314,2126243.8006262174,1023402.0485439273,2.267932487382424,2.078019639631664,2.456876854348104,48215.78495444359,43856.39722843592,52493.218994617484,53586.204684086944,-5370.419729643361,103.0,468.11441703343297,34.619410725863126,-97.39293888866723,-93.20252760276739,1115.6443184782115,4.0,4.0,10156.261010324197,30468.78303097259,159.1565901710066,564.0015088584214,-0.31552078441745635,0.10548185552281734,123165.17396571774,14.029108767429335,1.247790931815694,0.0762740834394686
"COUNTERFACTUAL - assumed: licensed live feed + courtside camera, not purchased; parameters from our measurements",hawkeye340,2.0,0.25,30,0.95,100.0,1000.0,0.005,region,D>=3c,cap1,ref_short,delay1,ref,decay,point,0.0,0.0,0.0,False,ref,burned_OOS,10,17384.0,6734.7,6294.7,944.1,0.36209733087896917,0.06533683283978932,0.41179820524620336,0.15269788311090657,0.43550391164289,-0.26395,0.2444,0.18037577834271157,38.249034953916265,688933.8683669278,332847.12313834764,1.9277688843511989,1.5736243587619252,2.296102496413707,13278.421616023048,10763.882814540491,15859.121189353067,14655.206076628392,-1376.784460605341,40.0,331.9605404005762,30.298038397786804,-126.73107651606283,-120.60764063471906,807.5058127000824,3.0,3.0,7471.68740819682,22415.06222459046,59.51561798598658,543.0800141221276,-0.5545663486968341,0.11720584517575108,107028.6110156426,25.42130280689936,5.159613289397362,0.1500512801604197
"COUNTERFACTUAL - assumed: licensed live feed + courtside camera, not purchased; parameters from our measurements",hawkeye340,2.0,0.25,30,0.95,1000.0,1000.0,0.005,region,D>=3c,cap1,ref_short,delay1,ref,decay,point,0.0,0.0,0.0,False,ref,IS,10,54704.0,26752.9,24999.1,2446.9,0.45698852003509793,0.0655567530173948,0.4423533928049137,0.13002339865457738,0.42762320854050895,-0.22570000000000007,0.25345000000000006,0.08962219411081902,62.076001037394306,9618906.573622812,4455070.635456826,2.2453158383823504,1.8961746923296725,2.5948176927151505,215921.28077882418,180917.76913654193,251131.44152237143,246520.8078634537,-30599.5270846295,103.0,2096.3231143575167,21.656357184775676,-2762.1117504444287,-2357.9523089189797,7119.600529835295,4.0,4.0,42886.02689803546,128658.08069410636,168.4156309956182,596.8126729456374,-2.1460176451329493,0.10616115018320302,123165.17396571774,165.44118480656508,1.1990319233325148,0.18308923142718647
"COUNTERFACTUAL - assumed: licensed live feed + courtside camera, not purchased; parameters from our measurements",hawkeye340,2.0,0.25,30,0.95,1000.0,1000.0,0.005,region,D>=3c,cap1,ref_short,delay1,ref,decay,point,0.0,0.0,0.0,False,ref,burned_OOS,10,17384.0,8323.2,7779.4,944.1,0.44750345144960885,0.06533587855983351,0.41179820524620336,0.15269788311090657,0.43550391164289,-0.26395,0.2426,0.09151341680836701,70.70028125470772,3190241.0255911173,1479314.4726812593,1.949638164487429,1.30682601604766,2.5893260547271573,62139.057512319414,41263.40917625856,83104.25016170586,69962.07093787819,-7823.013425558776,40.0,1553.4764378079858,17.445752202578046,-2696.7304038799844,-2475.002230113637,5113.740432089019,3.0,3.0,33544.474410425275,100633.42323127584,62.33095223954736,568.7699391858697,-2.7052492404324933,0.11815055689211991,107028.6110156426,132.85384397007493,2.8713769016053594,0.18369212280116504
"COUNTERFACTUAL - assumed: licensed live feed + courtside camera, not purchased; parameters from our measurements",hawkeye340,2.0,0.25,30,0.99,100.0,1000.0,0.005,region,D>=3c,cap1,ref_short,delay1,ref,decay,point,0.0,0.0,0.0,False,ref,IS,10,54704.0,21343.3,20815.0,2443.9,0.38050233986545773,0.024752102486755745,0.4423533928049137,0.13002339865457738,0.42762320854050895,-0.22570000000000007,0.27055,0.17843296191373154,34.40552950852113,2068418.687546587,995039.0941850912,2.56496611218342,2.367026090514181,2.76152060281902,53052.5369535608,48724.138249885655,57323.208408522245,55650.05743147231,-2597.5204779115115,103.0,515.0731743064155,36.898840314134645,-82.23792993898397,-75.34310847334676,1227.4341354402895,4.0,4.0,9915.439453811061,29746.318361433187,179.82809135872128,637.2548868537211,-0.27554892013468774,0.09938944024320574,125995.70154935031,10.303201225229726,1.7013707482474931,0.05475393420977565
"COUNTERFACTUAL - assumed: licensed live feed + courtside camera, not purchased; parameters from our measurements",hawkeye340,2.0,0.25,30,0.99,100.0,1000.0,0.005,region,D>=3c,cap1,ref_short,delay1,ref,decay,point,0.0,0.0,0.0,False,ref,burned_OOS,10,17384.0,6658.2,6498.7,942.0,0.37383225954901056,0.023952609804771742,0.41179820524620336,0.15269788311090657,0.43550391164289,-0.26395,0.26480000000000004,0.17720824583417075,37.436043480203516,671537.4759786185,324738.5521815565,2.160599058624437,1.7949885012703841,2.541940141004812,14507.992037238248,12019.458530776963,17109.488405616015,15000.498962786198,-492.50692554795097,40.0,362.6998009309562,33.06064407277414,-94.22205475794124,-78.13655874393156,823.0462445790192,3.0,3.0,7365.825123295166,22097.4753698855,66.00636072119838,602.3080415809352,-0.4172063762029258,0.11146930707672702,109493.04924161543,26.037966764088914,4.999279510691626,0.15564705675474072
"COUNTERFACTUAL - assumed: licensed live feed + courtside camera, not purchased; parameters from our measurements",hawkeye340,2.0,0.25,30,0.99,1000.0,1000.0,0.005,region,D>=3c,cap1,ref_short,delay1,ref,decay,point,0.0,0.0,0.0,False,ref,IS,10,54704.0,26400.1,25740.4,2443.9,0.4705396314711905,0.024990744138721453,0.4423533928049137,0.13002339865457738,0.42762320854050895,-0.22570000000000007,0.2707,0.08705074571513664,59.78628050582806,9222004.431012783,4273321.293608082,2.64825465538346,2.288428936548377,3.008429562369403,244156.89545148239,209280.5017233822,278465.3798701204,257757.40014144714,-13600.504689964731,103.0,2370.45529564546,24.152602948437526,-2584.569457526139,-2299.3770058285622,7384.730023918944,4.0,4.0,41410.486638792594,124231.45991637776,197.64345138180664,700.3869879064023,-2.0769488875328763,0.10022657561566332,125995.70154935031,161.5872735860399,1.2309387290125018,0.18965462528575971
"COUNTERFACTUAL - assumed: licensed live feed + courtside camera, not purchased; parameters from our measurements",hawkeye340,2.0,0.25,30,0.99,1000.0,1000.0,0.005,region,D>=3c,cap1,ref_short,delay1,ref,decay,point,0.0,0.0,0.0,False,ref,burned_OOS,10,17384.0,8223.7,8026.0,942.0,0.46168890934192364,0.024042476303254134,0.41179820524620336,0.15269788311090657,0.43550391164289,-0.26395,0.26244999999999996,0.0880941154395323,68.28394066105966,3071750.7580107423,1427491.2047567873,2.2234575148368316,1.5446419061124783,2.9066086719083146,68278.9084478802,47089.46246213736,89729.23733223027,72362.89877159498,-4083.9903237147773,40.0,1706.9727111970049,19.122892878154857,-2353.8493937395347,-2159.558279002102,5359.549822946906,3.0,3.0,32889.568516273735,98668.70554882122,69.72221498688766,636.2152117553499,-2.403724477656591,0.11209527192992752,109493.04924161543,149.5912339721035,2.4528217157227434,0.19630355085770565
"COUNTERFACTUAL - assumed: licensed live feed + courtside camera, not purchased; parameters from our measurements",hawkeye340,2.0,0.5,3,0.95,100.0,1000.0,0.005,region,D>=3c,cap1,ref_short,delay1,ref,decay,point,0.0,0.0,0.0,False,ref,IS,10,6257.0,2279.1,2127.7,263.4,0.3400511427201534,0.06647664588990283,0.44233658302700973,0.12841617388524856,0.42924724308774176,-0.23809999999999992,0.24945,0.20879168748655613,55.85684662852616,299399.90795999405,144966.23005462493,2.3073361334506264,1.8263225407939419,2.800063739652949,6903.959778874737,5433.650318029536,8412.704457020847,7861.938096309537,-957.978317434801,103.0,67.02873571723045,15.86125570261585,-127.5378061644877,-105.33712700503096,307.9873397345674,4.0,4.0,4197.952506586895,12593.857519760684,56.61667211113784,200.63189631616805,-1.0555927174222943,0.23986489638435823,38541.662143685455,5.6026673402590195,1.285005734171032,0.202065161550494
"COUNTERFACTUAL - assumed: licensed live feed + courtside camera, not purchased; parameters from our measurements",hawkeye340,2.0,0.5,3,0.95,100.0,1000.0,0.005,region,D>=3c,cap1,ref_short,delay1,ref,decay,point,0.0,0.0,0.0,False,ref,burned_OOS,10,2402.0,860.2,806.8,100.5,0.33588676103247295,0.06205882257975959,0.4179433805162365,0.14746044962531227,0.4345961698584513,-0.26070000000000004,0.25945000000000007,0.20982053227631264,56.595401623221505,112989.17916813341,54435.10818432448,2.0560278776991074,1.2669160013517042,2.8559486514890424,2327.4686199379385,1428.7750808432986,3227.8555008516214,2536.136958954362,-208.66833901642423,40.0,58.186715498448464,13.684092326280355,-102.23870660663101,-72.9176572306242,279.9022105189221,3.0,3.0,2211.3286559252842,6633.985967775852,35.76003404039005,326.31031061855924,-1.532871314302598,0.22630358607718462,36539.137996992344,10.317081213545697,2.1067872898443127,0.3311261730584182
"COUNTERFACTUAL - assumed: licensed live feed + courtside camera, not purchased; parameters from our measurements",hawkeye340,2.0,0.5,3,0.95,1000.0,1000.0,0.005,region,D>=3c,cap1,ref_short,delay1,ref,decay,point,0.0,0.0,0.0,False,ref,IS,10,6257.0,2832.8,2643.0,263.4,0.4224069042672207,0.067053909683071,0.44233658302700973,0.12841617388524856,0.42924724308774176,-0.23809999999999992,0.24815,0.12298110620564626,151.68435563694138,1672290.6078804021,787414.0578203478,2.3341811164649355,1.575244456156491,3.0812294248193526,39101.85278377982,26131.66674339198,52350.200333331784,43382.440598468835,-4280.587814689018,103.0,379.6296386774739,10.412498685221662,-1840.212447455644,-1097.9021940707994,2469.38918641031,4.0,4.0,21954.726943513382,65864.18083054014,60.40251133120294,214.04773432902016,-2.850864950138747,0.24101393708086416,38541.662143685455,50.696670575143706,1.3152018765363587,0.27934829290765123
"COUNTERFACTUAL - assumed: licensed live feed + courtside camera, not purchased; parameters from our measurements",hawkeye340,2.0,0.5,3,0.95,1000.0,1000.0,0.005,region,D>=3c,cap1,ref_short,delay1,ref,decay,point,0.0,0.0,0.0,False,ref,burned_OOS,10,2402.0,1072.7,1004.5,100.5,0.41819317235636977,0.06359347749873853,0.4179433805162365,0.14746044962531227,0.4345961698584513,-0.26070000000000004,0.25605,0.12428031309289873,148.08955595871862,623363.1068630719,292458.1310548964,2.034399805633284,0.7542773749025493,3.290042587933468,12750.390821729827,4617.831870039335,20828.30333590648,12928.715737278682,-178.32491554885488,40.0,318.7597705432457,8.731218424727427,-1454.0724858430924,-930.8062417971717,2026.350575347166,2.7,3.0,12745.136829333525,38235.41048800058,33.67787284896339,307.31058974679087,-3.8949698703121123,0.23055544443373788,36539.137996992344,70.56172369384926,1.8579636520922023,0.3885611958605804
"COUNTERFACTUAL - assumed: licensed live feed + courtside camera, not purchased; parameters from our measurements",hawkeye340,2.0,0.5,3,0.99,100.0,1000.0,0.005,region,D>=3c,cap1,ref_short,delay1,ref,decay,point,0.0,0.0,0.0,False,ref,IS,10,6257.0,2248.3,2191.9,263.4,0.350311650950935,0.025122516063493437,0.44233658302700973,0.12841617388524856,0.42924724308774176,-0.23809999999999992,0.27209999999999995,0.2067733927288251,55.28361604743414,293232.660105433,141871.03429633894,2.514989027685296,2.0309319301705244,3.0159246150731605,7372.312343330237,5910.623093855675,8875.099521806667,7887.8149200261705,-515.5025766959343,103.0,71.57584799349745,16.770987183769574,-106.6845684774959,-99.80901871580481,306.8650626086343,4.0,4.0,4107.272518703043,12321.81755610913,61.56676449300771,218.1734858247361,-0.8819259672486565,0.2348864713935673,39342.52481390895,5.361729874998017,1.2600863603835186,0.19275006760764332
"COUNTERFACTUAL - assumed: licensed live feed + courtside camera, not purchased; parameters from our measurements",hawkeye340,2.0,0.5,3,0.99,100.0,1000.0,0.005,region,D>=3c,cap1,ref_short,delay1,ref,decay,point,0.0,0.0,0.0,False,ref,burned_OOS,10,2402.0,848.1,829.0,100.3,0.3451290591174022,0.022508136691122192,0.4179433805162365,0.14746044962531227,0.4345961698584513,-0.26070000000000004,0.27185,0.2086754715110307,56.730573862567056,110992.98349857016,53445.80753348845,2.2438706075014156,1.4453233372647365,3.0546392599246426,2495.197528263604,1601.1051715615183,3387.1999013965083,2564.751519591377,-69.55399132777299,40.0,62.3799382065901,14.580418667674985,-111.3629226390644,-81.51443381903098,288.769201316015,3.0,3.0,2211.336579568136,6634.009738704408,37.97297201382066,346.5033696261135,-1.7197638762962675,0.22363998156149562,37503.00836678535,9.97889866668126,2.3094189530071265,0.3195268102385701
"COUNTERFACTUAL - assumed: licensed live feed + courtside camera, not purchased; parameters from our measurements",hawkeye340,2.0,0.5,3,0.99,1000.0,1000.0,0.005,region,D>=3c,cap1,ref_short,delay1,ref,decay,point,0.0,0.0,0.0,False,ref,IS,10,6257.0,2791.2,2721.6,263.4,0.43496883490490656,0.0249703815016858,0.44233658302700973,0.12841617388524856,0.42924724308774176,-0.23809999999999992,0.26979999999999993,0.12086327409388206,146.541914774752,1630388.209895235,767243.788833723,2.6118849241495,1.849738128947786,3.3777211163834027,42649.78153171938,29740.529566909157,56119.35694452121,45107.87679697143,-2458.0952652520436,103.0,414.07554885164444,11.550898273625752,-1537.349579158701,-1102.0114198263032,2382.7312289574397,4.0,4.0,21723.200733848927,65169.602201546775,66.52398383102039,235.74033105167413,-2.4324430741627596,0.23644717399612886,39342.52481390895,54.98852176611875,1.3524404658842477,0.3165054058765006
"COUNTERFACTUAL - assumed: licensed live feed + courtside camera, not purchased; parameters from our measurements",hawkeye340,2.0,0.5,3,0.99,1000.0,1000.0,0.005,region,D>=3c,cap1,ref_short,delay1,ref,decay,point,0.0,0.0,0.0,False,ref,burned_OOS,10,2402.0,1062.0,1038.1,100.3,0.4321815154038301,0.022501529248913698,0.4179433805162365,0.14746044962531227,0.4345961698584513,-0.26070000000000004,0.2726,0.1204767705402503,146.16317113549536,613033.998358481,288228.5643211993,2.2439760711125123,0.9245605331053207,3.5445930198825337,13827.42611894104,5707.219591451652,22073.608787392703,14117.068305052599,-289.64218611155894,40.0,345.685652973526,9.373523950535366,-1716.8718115675133,-1006.5600130037798,1973.6826126509804,2.7,3.0,12414.444898270725,37243.334694812176,37.20101406776272,339.45925336833477,-4.8313047795527515,0.22758402484483745,37503.00836678535,67.65878243394985,1.8815703761162805,0.3581872369318063
"COUNTERFACTUAL - assumed: licensed live feed + courtside camera, not purchased; parameters from our measurements",hawkeye340,2.0,0.5,10,0.95,100.0,1000.0,0.005,region,D>=3c,cap1,ref_short,delay1,ref,decay,point,0.0,0.0,0.0,False,ref,IS,10,20795.0,7548.9,7064.5,871.6,0.33972108679971147,0.06418464496234669,0.4417937004087521,0.12936763645106997,0.4288386631401779,-0.23150000000000004,0.25595,0.21006515062765282,53.269091973057606,962565.9030000804,464815.5008491217,2.3779768768575296,2.113213864311766,2.6475410828776207,22886.360018486113,20239.335884002176,25684.198874985388,24918.732973646485,-2032.3729551603694,103.0,222.19767008238946,27.754641667872384,-116.86790627688238,-109.40286849354975,707.5623983851847,4.0,4.0,6356.704668251615,19070.11400475484,120.61861673796315,427.43490397433544,-0.6075689724689823,0.21715830752453497,114640.24289284491,6.557379023500962,1.5232661922417423,0.07781394176403056
"COUNTERFACTUAL - assumed: licensed live feed + courtside camera, not purchased; parameters from our measurements",hawkeye340,2.0,0.5,10,0.95,100.0,1000.0,0.005,region,D>=3c,cap1,ref_short,delay1,ref,decay,point,0.0,0.0,0.0,False,ref,burned_OOS,10,7093.0,2567.1,2402.8,325.9,0.338756520513182,0.06399192271216235,0.4075708444945721,0.15719723671225153,0.4352319187931763,-0.26460000000000006,0.24230000000000002,0.2049051705820915,54.923100455247,331498.4175177484,161013.56514636005,1.761364364746384,1.3035092292302966,2.22376347770331,5844.513397119833,4324.170311176818,7402.8839112888045,6415.3497759025095,-570.8363787826768,40.0,146.1128349279958,21.022172806922107,-125.17433272132011,-119.34447272734542,466.7142427910753,3.0,3.0,5238.544944310622,15715.634832931863,37.25547747453758,339.95623195515543,-0.8181611506898985,0.21565131405305044,102038.80113263176,18.94099743627628,3.0509184021918965,0.21466837953046633
"COUNTERFACTUAL - assumed: licensed live feed + courtside camera, not purchased; parameters from our measurements",hawkeye340,2.0,0.5,10,0.95,1000.0,1000.0,0.005,region,D>=3c,cap1,ref_short,delay1,ref,decay,point,0.0,0.0,0.0,False,ref,IS,10,20795.0,9452.9,8836.3,871.6,0.4249242606395768,0.06523772442181239,0.4417937004087521,0.12936763645106997,0.4288386631401779,-0.23150000000000004,0.25195,0.12138090468525256,134.62058724698863,5253767.438606821,2466586.0824999283,2.4623605424714827,2.0458527752974596,2.8840133344933863,129373.15112776496,106267.52877729219,153155.92486532117,141412.42020524928,-12039.269077484318,103.0,1256.0500109491743,19.24951460636033,-2040.434200752039,-1600.3332222506476,5018.235512889396,4.0,4.0,35092.68004109306,105278.04012327918,123.40687905954357,437.3156393857613,-1.9518362608789857,0.21669436699457534,114640.24289284491,67.20449920026584,0.8604100684737521,0.12653469855478888
"COUNTERFACTUAL - assumed: licensed live feed + courtside camera, not purchased; parameters from our measurements",hawkeye340,2.0,0.5,10,0.95,1000.0,1000.0,0.005,region,D>=3c,cap1,ref_short,delay1,ref,decay,point,0.0,0.0,0.0,False,ref,burned_OOS,10,7093.0,3199.3,2992.4,325.9,0.421880727477795,0.064674263826513,0.4075708444945721,0.15719723671225153,0.4352319187931763,-0.26460000000000006,0.24204999999999996,0.11842121054123522,140.54486711945543,1795256.3808414352,847210.8159034967,1.6676884303542203,0.9452393028706976,2.4118626440492172,29942.89940816527,16856.669798757328,43771.03164016136,31916.593870755507,-1973.6944625902365,40.0,748.5724852041318,12.285179280204604,-2307.9032043706825,-1643.4714788116084,3556.7018763123656,3.0,3.0,28257.65097129983,84772.95291389948,36.025976305661274,328.737033789159,-2.735987449864537,0.21818809620975546,102038.80113263176,141.71437694180605,2.0756067781823444,0.3145741707343011
"COUNTERFACTUAL - assumed: licensed live feed + courtside camera, not purchased; parameters from our measurements",hawkeye340,2.0,0.5,10,0.99,100.0,1000.0,0.005,region,D>=3c,cap1,ref_short,delay1,ref,decay,point,0.0,0.0,0.0,False,ref,IS,10,20795.0,7449.3,7266.4,870.8,0.34943015147872086,0.024567151299117886,0.4417937004087521,0.12936763645106997,0.4288386631401779,-0.23150000000000004,0.27619999999999995,0.20835830942968311,52.74985997556239,942376.5948077722,454704.51299416536,2.612913781804726,2.3419126712837404,2.889260494882695,24623.39218882026,21981.107583035344,27384.78118705579,25862.78996296689,-1239.3977741466294,103.0,239.06206008563362,29.686556132920025,-75.0629405300429,-74.73580195633716,736.5741696684323,4.0,4.0,6306.259761502638,18918.779284507917,130.70676002327858,463.18414959705507,-0.39831954560145777,0.212618817439355,117133.69045493743,6.012654573348134,1.5420845632345823,0.061772462140197555
"COUNTERFACTUAL - assumed: licensed live feed + courtside camera, not purchased; parameters from our measurements",hawkeye340,2.0,0.5,10,0.99,100.0,1000.0,0.005,region,D>=3c,cap1,ref_short,delay1,ref,decay,point,0.0,0.0,0.0,False,ref,burned_OOS,10,7093.0,2536.4,2476.5,324.9,0.3491470463837586,0.023617442952597344,0.4075708444945721,0.15719723671225153,0.4352319187931763,-0.26460000000000006,0.26349999999999996,0.20263030724114012,54.7524373879845,326126.5158123251,158542.2660108094,1.9362187430749322,1.474724378689761,2.401859622007568,6317.415201022387,4807.372715512009,7840.7208312338435,6579.6043371205105,-262.1891360981218,40.0,157.93538002555968,23.166857670480425,-106.18592232463905,-103.09407705164836,474.1142889658493,3.0,3.0,5199.57564585983,15598.726937579491,40.67991679344468,371.2042407401828,-0.701633047208242,0.21248786579569717,104454.45551867361,19.33451072536836,3.7759026897201067,0.22938110822078636
"COUNTERFACTUAL - assumed: licensed live feed + courtside camera, not purchased; parameters from our measurements",hawkeye340,2.0,0.5,10,0.99,1000.0,1000.0,0.005,region,D>=3c,cap1,ref_short,delay1,ref,decay,point,0.0,0.0,0.0,False,ref,IS,10,20795.0,9320.2,9088.4,870.8,0.43704736715556625,0.024887566205535772,0.4417937004087521,0.12936763645106997,0.4288386631401779,-0.23150000000000004,0.27509999999999996,0.11942810024090678,131.73743435373981,5117547.470089373,2402078.001140736,2.743027158289882,2.3240279533622807,3.173287894106749,140394.29972389498,117423.82884833151,163964.6741745753,147745.39790469193,-7351.09818079697,103.0,1363.0514536300484,20.82285175402854,-1694.9760929654708,-1482.480207213255,5098.790706441958,4.0,4.0,34759.6814656951,104279.0443970853,135.0470882428412,478.56492435569936,-1.6319044618030454,0.2126630579190562,117133.69045493743,66.72990529957201,0.9058703227713193,0.1237572414587104
"COUNTERFACTUAL - assumed: licensed live feed + courtside camera, not purchased; parameters from our measurements",hawkeye340,2.0,0.5,10,0.99,1000.0,1000.0,0.005,region,D>=3c,cap1,ref_short,delay1,ref,decay,point,0.0,0.0,0.0,False,ref,burned_OOS,10,7093.0,3162.1,3088.6,324.9,0.4354433948963766,0.023257827777941553,0.4075708444945721,0.15719723671225153,0.4352319187931763,-0.26460000000000006,0.26404999999999995,0.11512746784650094,139.85248385956848,1763136.7538473133,833349.4894626872,1.8478319051835914,1.1068077169861756,2.6056943127986227,32586.760794423823,19365.615303868643,46093.42509430723,34309.69727456046,-1722.936480136635,40.0,814.6690198605957,13.171102831914215,-2177.5878768128964,-1514.8451488984228,3548.4737061935,3.0,3.0,27808.719603582467,83426.1588107474,40.14754111477861,366.3463126723549,-2.6072896422212426,0.21459614990663475,104454.45551867361,166.46531021852357,2.5010370636896178,0.3747208163297688
"COUNTERFACTUAL - assumed: licensed live feed + courtside camera, not purchased; parameters from our measurements",hawkeye340,2.0,0.5,30,0.95,100.0,1000.0,0.005,region,D>=3c,cap1,ref_short,delay1,ref,decay,point,0.0,0.0,0.0,False,ref,IS,10,54704.0,20458.9,19127.2,2446.9,0.3496490201813396,0.06509028885314315,0.4423533928049137,0.13002339865457738,0.42762320854050895,-0.22570000000000007,0.254,0.2013643731444077,48.23234255351829,2418827.882977807,1168975.57192464,2.3003557543030055,2.127406831621418,2.471817889512093,55635.554670741825,51180.51415140742,59999.595801314535,60886.4330060359,-5250.878335294069,103.0,540.1510162207944,37.69942228934481,-59.868590822236,-50.06739309327408,1234.4058369261286,4.0,4.0,11704.217955088761,35112.65386526628,159.4483408849483,565.0353827476322,-0.16592018327462604,0.17746755002603826,246330.34793143548,14.321901533043263,1.3421667096275778,0.06923240288988476
"COUNTERFACTUAL - assumed: licensed live feed + courtside camera, not purchased; parameters from our measurements",hawkeye340,2.0,0.5,30,0.95,100.0,1000.0,0.005,region,D>=3c,cap1,ref_short,delay1,ref,decay,point,0.0,0.0,0.0,False,ref,burned_OOS,10,17384.0,6383.7,5967.6,944.1,0.34328117809479985,0.06518381658844016,0.41179820524620336,0.15269788311090657,0.43550391164289,-0.26395,0.24355000000000002,0.1999524115674352,50.44402081524588,778850.3580238518,377954.79523084714,1.9960849417782351,1.6730321857372945,2.328579989297617,15544.014771635217,12957.027245763798,18198.01554704844,16934.421925145965,-1390.4071535107464,40.0,388.6003692908804,33.14205280554124,-83.19612307337334,-69.49516900571145,903.745468278639,3.0,3.0,8430.560511967042,25291.68153590113,61.71616332992305,563.159990385548,-0.32377665047649856,0.18802395154674895,214057.2220312852,27.14737621958787,5.031362503882732,0.14233847402748406
"COUNTERFACTUAL - assumed: licensed live feed + courtside camera, not purchased; parameters from our measurements",hawkeye340,2.0,0.5,30,0.95,1000.0,1000.0,0.005,region,D>=3c,cap1,ref_short,delay1,ref,decay,point,0.0,0.0,0.0,False,ref,IS,10,54704.0,25583.4,23909.7,2446.9,0.43707407136589643,0.0654222344675781,0.4423533928049137,0.13002339865457738,0.42762320854050895,-0.22570000000000007,0.25395,0.11035333183154909,107.29881650661969,12518569.32907382,5865394.66475424,2.3680174876281206,2.0876396876193297,2.6537117337033846,296366.2640777884,258730.2675235151,333466.6368857323,327630.8941896347,-31264.630111846316,103.0,2877.342369687266,26.94263197675657,-1893.438179505842,-1772.3496890820302,8283.991831146024,4.0,4.0,56951.88759786413,170855.66279359238,174.6094783485897,618.7617436624781,-1.1050706753123156,0.17734754542808823,246330.34793143548,158.91830625784124,1.524553249875534,0.14075464748966007
"COUNTERFACTUAL - assumed: licensed live feed + courtside camera, not purchased; parameters from our measurements",hawkeye340,2.0,0.5,30,0.95,1000.0,1000.0,0.005,region,D>=3c,cap1,ref_short,delay1,ref,decay,point,0.0,0.0,0.0,False,ref,burned_OOS,10,17384.0,7962.6,7443.8,944.1,0.4281983433041877,0.0651547626314232,0.41179820524620336,0.15269788311090657,0.43550391164289,-0.26395,0.24290000000000003,0.11159971356782779,123.87703713518567,4119858.5706737116,1934167.7084742996,1.9764234979659343,1.4499634257049627,2.508574922697856,81395.52313085509,59213.55355762935,104039.25206720582,88076.91894298462,-6681.395812129517,40.0,2034.8880782713773,21.85799861908587,-1880.4780646571198,-1873.5861530249706,5712.30276904096,3.0,3.0,43289.65882614734,129868.97647844201,63.15047413458874,576.2480764781222,-1.4278868604895023,0.1902996724525618,214057.2220312852,151.82790955562947,2.6357416335089923,0.15475502842142355
"COUNTERFACTUAL - assumed: licensed live feed + courtside camera, not purchased; parameters from our measurements",hawkeye340,2.0,0.5,30,0.99,100.0,1000.0,0.005,region,D>=3c,cap1,ref_short,delay1,ref,decay,point,0.0,0.0,0.0,False,ref,IS,10,54704.0,20163.1,19665.1,2443.9,0.35948193916349813,0.024699310864799373,0.4423533928049137,0.13002339865457738,0.42762320854050895,-0.22570000000000007,0.26875000000000004,0.19976752351952493,47.70902541965263,2367413.7307718564,1143676.6251277593,2.5587015183392325,2.379116301859566,2.7365035468124455,60572.81426147955,56040.43934927265,65015.12657763834,63119.53430655542,-2546.720045075853,103.0,588.0855753541704,39.987038131079444,-51.94733308116029,-38.4499720198779,1312.0996596437212,4.0,4.0,11443.626350206187,34330.879050618554,177.8392386604834,630.2070107871499,-0.14550345968629025,0.17415787589805282,251991.40309870063,11.592031871785283,1.6971392638854956,0.054394730961626794
"COUNTERFACTUAL - assumed: licensed live feed + courtside camera, not purchased; parameters from our measurements",hawkeye340,2.0,0.5,30,0.99,100.0,1000.0,0.005,region,D>=3c,cap1,ref_short,delay1,ref,decay,point,0.0,0.0,0.0,False,ref,burned_OOS,10,17384.0,6295.8,6144.4,942.0,0.3534514496088357,0.024044650171965987,0.41179820524620336,0.15269788311090657,0.43550391164289,-0.26395,0.26415,0.19788083150930033,50.14760397286501,763059.5858669587,370657.8696716927,2.199482149481742,1.8663861011524756,2.5485146832767125,16780.616034969906,14197.58467313074,19483.36097792672,17267.1315864294,-486.5155514594975,40.0,419.51540087424763,35.58973536404255,-68.67538107634604,-40.778966431762086,910.5750320697982,3.0,3.0,8301.023966338777,24903.071899016326,67.70019768424837,617.7643038687663,-0.2685204139031036,0.18522232906020142,218986.09848323086,27.109358977678827,4.83579340907367,0.14607249092453523
"COUNTERFACTUAL - assumed: licensed live feed + courtside camera, not purchased; parameters from our measurements",hawkeye340,2.0,0.5,30,0.99,1000.0,1000.0,0.005,region,D>=3c,cap1,ref_short,delay1,ref,decay,point,0.0,0.0,0.0,False,ref,IS,10,54704.0,25184.9,24560.7,2443.9,0.4489744808423516,0.02478560806784914,0.4423533928049137,0.13002339865457738,0.42762320854050895,-0.22570000000000007,0.2705,0.10893786441830107,105.12263747013284,12192072.37980622,5715227.911867632,2.677279171358493,2.3855977325601057,2.966316604154123,326355.6176668539,288239.9445182228,363148.2607971632,340546.8241421528,-14191.206475298892,103.0,3168.50114239664,29.10003571082344,-1702.235196788392,-1660.3605982787763,8723.772202390872,4.0,4.0,55976.316048880726,167928.94814664216,195.6712740960098,693.3982043208114,-1.0060214084677601,0.1742408647028245,251991.40309870063,145.3391242487681,1.5657137376433785,0.1325256773193316
"COUNTERFACTUAL - assumed: licensed live feed + courtside camera, not purchased; parameters from our measurements",hawkeye340,2.0,0.5,30,0.99,1000.0,1000.0,0.005,region,D>=3c,cap1,ref_short,delay1,ref,decay,point,0.0,0.0,0.0,False,ref,burned_OOS,10,17384.0,7849.0,7661.6,942.0,0.44072710538426135,0.023875257545258786,0.41179820524620336,0.15269788311090657,0.43550391164289,-0.26395,0.2625,0.10935592378811812,122.78363421375627,4025969.2993658385,1893726.17849156,2.1930712082385937,1.6438271158744058,2.7400542658621925,88294.21748370216,65586.55138350758,111068.49639905477,91796.0401321806,-3501.8226484784477,40.0,2207.3554370925544,23.475873607485966,-1612.4869307260137,-1509.3709095520294,6122.500340154575,3.0,3.0,43055.46935744562,129166.40807233685,68.87962746225534,628.52660059308,-1.2479648184788785,0.18750908128396904,218986.09848323086,174.95045905526086,2.4336396152969293,0.17097349514112967
"COUNTERFACTUAL - assumed: licensed live feed + courtside camera, not purchased; parameters from our measurements",hawkeye340,2.0,1.0,3,0.95,100.0,1000.0,0.005,region,D>=3c,cap1,ref_short,delay1,ref,decay,point,0.0,0.0,0.0,False,ref,IS,10,6257.0,2181.2,2037.1,263.4,0.32557136007671406,0.06610237127200914,0.44233658302700973,0.12841617388524856,0.42924724308774176,-0.23809999999999992,0.24690000000000004,0.2238772782515402,65.74701122710145,323111.9884802465,156733.87328600872,2.3426306413513522,1.8922904875651756,2.8127421885976878,7562.711297826475,6079.953385427419,9107.370337280176,8558.40286428971,-995.6915664632368,103.0,73.42438153229587,16.819457225514594,-135.20030448673546,-111.49854996661111,328.0638220222166,4.0,4.0,4613.744335787518,13841.233007362554,56.39413767408139,199.84330340815248,-1.0136712667343581,0.34702871301208954,77083.32428737091,5.733145157827545,1.2878653973239784,0.19871629355038656
"COUNTERFACTUAL - assumed: licensed live feed + courtside camera, not purchased; parameters from our measurements",hawkeye340,2.0,1.0,3,0.95,100.0,1000.0,0.005,region,D>=3c,cap1,ref_short,delay1,ref,decay,point,0.0,0.0,0.0,False,ref,burned_OOS,10,2402.0,823.7,771.9,100.5,0.3213572023313905,0.06286946291534456,0.4179433805162365,0.14746044962531227,0.4345961698584513,-0.26070000000000004,0.26159999999999994,0.22492321046062091,66.19770144587818,122567.85749726246,59227.01381956982,2.0661787905324362,1.3220577203410875,2.810008830713925,2535.4626961020667,1618.3228071784372,3449.685123321874,2785.6242848344964,-250.16158873242907,40.0,63.38656740255167,14.507486868668636,-91.95604509641899,-67.44425888612832,285.5175029517285,3.0,3.0,2362.283536920509,7086.850610761527,36.567830738439625,333.6814554882616,-1.2851512659579796,0.3409603533269023,73078.27599398469,10.484484939956344,2.0936246246837946,0.31650570694627106
"COUNTERFACTUAL - assumed: licensed live feed + courtside camera, not purchased; parameters from our measurements",hawkeye340,2.0,1.0,3,0.95,1000.0,1000.0,0.005,region,D>=3c,cap1,ref_short,delay1,ref,decay,point,0.0,0.0,0.0,False,ref,IS,10,6257.0,2716.1,2534.7,263.4,0.4050982899152949,0.06683428992817017,0.44233658302700973,0.12841617388524856,0.42924724308774176,-0.23809999999999992,0.25115,0.14101520421024621,242.11640489578153,2030065.7693530216,962241.3008426372,2.3893888108326395,1.7559855192707563,3.0410174941964145,48535.4609589801,35080.39575087516,62587.89980177321,53667.22670195323,-5131.765742973131,103.0,471.21806756291363,12.309517011324957,-1554.8792499600363,-1030.272697899697,2715.7896891733517,4.0,4.0,26573.199773291493,79719.59931987448,61.796451637969554,218.9874257073678,-1.9711784174821763,0.3487664671660589,77083.32428737091,39.937843021223266,1.0559998088174747,0.18148012039796255
"COUNTERFACTUAL - assumed: licensed live feed + courtside camera, not purchased; parameters from our measurements",hawkeye340,2.0,1.0,3,0.95,1000.0,1000.0,0.005,region,D>=3c,cap1,ref_short,delay1,ref,decay,point,0.0,0.0,0.0,False,ref,burned_OOS,10,2402.0,1025.4,959.7,100.5,0.3995420482930891,0.06407535871959136,0.4179433805162365,0.14746044962531227,0.4345961698584513,-0.26070000000000004,0.25335,0.14366200024103928,238.14264396818038,758499.1879057859,357684.4837311796,2.0815215675326453,1.0039679280000884,3.146879550340984,15834.196961561998,7531.768671873195,24207.36147067228,15968.825000512297,-134.62803895029705,40.0,395.85492403904993,10.571674858142407,-1328.0834639247844,-873.1566776308116,2257.3224325373476,2.8,3.0,15023.965788487476,45071.89736546243,35.428124430187026,323.28163542545667,-2.999176660679958,0.3420112912520508,73078.27599398469,66.36538200573041,1.934839844662536,0.2908513289421985
"COUNTERFACTUAL - assumed: licensed live feed + courtside camera, not purchased; parameters from our measurements",hawkeye340,2.0,1.0,3,0.99,100.0,1000.0,0.005,region,D>=3c,cap1,ref_short,delay1,ref,decay,point,0.0,0.0,0.0,False,ref,IS,10,6257.0,2148.1,2094.3,263.4,0.3347131213041394,0.025075643712440154,0.44233658302700973,0.12841617388524856,0.42924724308774176,-0.23809999999999992,0.27155,0.22260166376680557,65.47946865790648,317362.5359774296,153857.32376146884,2.539975637413411,2.080087346163075,3.013186069140999,8057.224059550943,6547.676420555637,9587.499163954135,8612.832565256354,-555.6085057054124,103.0,78.22547630631985,17.666718726372515,-114.28589356094817,-106.22672754185189,326.28599901674824,4.0,4.0,4506.586825536949,13519.760476610845,61.39313964668004,217.55821331105068,-0.8557540975992615,0.34664861385665724,78685.0496278179,5.5794732666470965,1.4267123546157154,0.1896128759020607
"COUNTERFACTUAL - assumed: licensed live feed + courtside camera, not purchased; parameters from our measurements",hawkeye340,2.0,1.0,3,0.99,100.0,1000.0,0.005,region,D>=3c,cap1,ref_short,delay1,ref,decay,point,0.0,0.0,0.0,False,ref,burned_OOS,10,2402.0,809.6,791.1,100.3,0.3293505412156536,0.022846329636395157,0.4179433805162365,0.14746044962531227,0.4345961698584513,-0.26070000000000004,0.2725000000000001,0.2246650823009518,66.4779900579438,120563.43055103728,58201.729332263036,2.252258399497207,1.498142871650575,3.0141405261485743,2718.828579366519,1809.2201914943198,3626.1873296560007,2794.63715958017,-75.80858021365056,40.0,67.97071448416298,15.392492542323529,-94.48379020003549,-75.58750614810344,299.04363614122843,3.0,3.0,2352.7246552396914,7058.173965719075,39.11724780694941,356.9448862384133,-1.36661394735157,0.34304674691848064,75006.0167335707,9.827906034360595,2.0724769860522123,0.29499055728868845
"COUNTERFACTUAL - assumed: licensed live feed + courtside camera, not purchased; parameters from our measurements",hawkeye340,2.0,1.0,3,0.99,1000.0,1000.0,0.005,region,D>=3c,cap1,ref_short,delay1,ref,decay,point,0.0,0.0,0.0,False,ref,IS,10,6257.0,2668.9,2601.6,263.4,0.4157903148473709,0.02525222990752891,0.44233658302700973,0.12841617388524856,0.42924724308774176,-0.23809999999999992,0.2723,0.14032535014556272,244.1158780176272,1996389.646874132,945914.8493179542,2.596666839378891,1.9670162904617006,3.258271496865291,51878.45387362928,38627.74417537266,65864.62153220511,54859.07352862012,-2980.6196549908477,103.0,503.67430945271144,13.32197867816258,-1380.6357300840025,-1074.8205846014205,2598.1593612033776,4.0,4.0,26208.870981466214,78626.61294439866,66.79213226812223,236.69056580451084,-1.789737080215652,0.34987917066750635,78685.0496278179,47.90868101395993,1.110741885786485,0.2242471166855957
"COUNTERFACTUAL - assumed: licensed live feed + courtside camera, not purchased; parameters from our measurements",hawkeye340,2.0,1.0,3,0.99,1000.0,1000.0,0.005,region,D>=3c,cap1,ref_short,delay1,ref,decay,point,0.0,0.0,0.0,False,ref,burned_OOS,10,2402.0,1010.9,988.3,100.3,0.4114487926727726,0.0223790031544318,0.4179433805162365,0.14746044962531227,0.4345961698584513,-0.26070000000000004,0.2708,0.14148598497707918,240.85446467947722,751513.6208942772,354748.04849205946,2.2513835536673783,1.1502110871196893,3.3553825896853917,16981.6723379094,8602.48385686266,25497.06101228567,17114.44157528878,-132.76923737938202,40.0,424.5418084477351,11.159509690100924,-1576.3285939292314,-966.6950422724783,2228.130856164915,2.8,3.0,14875.693086381758,44627.07925914528,38.19874293322141,348.56352926564534,-3.6439895607700095,0.3444497657764875,75006.0167335707,64.96726671735495,2.0857518987065258,0.2632744426815532
"COUNTERFACTUAL - assumed: licensed live feed + courtside camera, not purchased; parameters from our measurements",hawkeye340,2.0,1.0,10,0.95,100.0,1000.0,0.005,region,D>=3c,cap1,ref_short,delay1,ref,decay,point,0.0,0.0,0.0,False,ref,IS,10,20795.0,7213.3,6752.1,871.6,0.3246982447703775,0.06395207299124658,0.4417937004087521,0.12936763645106997,0.4288386631401779,-0.23150000000000004,0.2534,0.22570205168183585,63.49472665131613,1043256.7019085481,504959.2620876682,2.386585256195693,2.1356661839915803,2.6424269971344905,24894.73328685548,22165.45050364529,27768.80192663573,27083.64733986802,-2188.9140530125433,103.0,241.69643967820858,29.17043169930584,-109.24554384816716,-107.01368028887657,738.9447419062143,4.0,4.0,6843.4726128589755,20530.417838576926,121.89903919804985,431.9723233717301,-0.5241645619884949,0.3217393722431773,229280.48578568982,6.0689497761052795,1.546625122474896,0.06878376442156744
"COUNTERFACTUAL - assumed: licensed live feed + courtside camera, not purchased; parameters from our measurements",hawkeye340,2.0,1.0,10,0.95,100.0,1000.0,0.005,region,D>=3c,cap1,ref_short,delay1,ref,decay,point,0.0,0.0,0.0,False,ref,burned_OOS,10,7093.0,2458.7,2301.3,325.9,0.32444663752995917,0.06400870301754624,0.4075708444945721,0.15719723671225153,0.4352319187931763,-0.26460000000000006,0.24364999999999998,0.21979253392767523,64.46749936855045,359965.9843089889,175366.6845953044,1.7827801218077322,1.354610579708667,2.2159461261939963,6421.3653605395875,4885.056332326765,8017.016502784869,7055.949330797497,-634.5839702579093,40.0,160.53413401348968,22.476439481385302,-128.23378940138247,-123.14518386679852,482.45962613690654,3.0,3.0,5601.498939865198,16804.496819595595,38.246738135986284,349.00148549087487,-0.7763010487605195,0.3263370564117421,204077.60226526353,18.74048473561717,3.1117822640571062,0.1978297206516971
"COUNTERFACTUAL - assumed: licensed live feed + courtside camera, not purchased; parameters from our measurements",hawkeye340,2.0,1.0,10,0.95,1000.0,1000.0,0.005,region,D>=3c,cap1,ref_short,delay1,ref,decay,point,0.0,0.0,0.0,False,ref,IS,10,20795.0,9042.2,8455.1,871.6,0.40659293099302724,0.0649394552547645,0.4417937004087521,0.12936763645106997,0.4288386631401779,-0.23150000000000004,0.25460000000000005,0.14046110470747314,216.82124780948274,6421902.788378011,3035971.8696926297,2.5092287264391495,2.153382792923524,2.874364411480013,161133.15981928178,137186.85526527005,186210.78945212363,173682.3177664783,-12549.157947196569,103.0,1564.3996098959396,22.445422852084143,-1429.7080565610822,-1288.0301394474538,5701.120776863803,4.0,4.0,42332.33961604731,126997.01884814193,127.30561650403857,451.13155363081626,-1.1301633915928069,0.32063028318463965,229280.48578568982,65.26250092930107,0.9500744568376663,0.10487594623167075
"COUNTERFACTUAL - assumed: licensed live feed + courtside camera, not purchased; parameters from our measurements",hawkeye340,2.0,1.0,10,0.95,1000.0,1000.0,0.005,region,D>=3c,cap1,ref_short,delay1,ref,decay,point,0.0,0.0,0.0,False,ref,burned_OOS,10,7093.0,3063.4,2864.6,325.9,0.4038629634851262,0.06489059403200978,0.4075708444945721,0.15719723671225153,0.4352319187931763,-0.26460000000000006,0.23845,0.1371666707675029,227.96175164899464,2200663.5386676476,1046133.2906427917,1.7460390105008248,1.1428271240033632,2.3743778211685505,38437.79970463375,24849.6913922062,52610.18828129531,40784.14656102077,-2346.346856387024,40.0,960.9449926158435,15.488261182284763,-1801.7144256132062,-1381.1184676019852,3904.321912192957,3.0,3.0,33488.18283781481,100464.54851344445,38.6426879393346,352.61452744642827,-1.794001446095604,0.32670822745350414,204077.60226526353,142.75846211723288,2.1192500358991815,0.2543702760486826
"COUNTERFACTUAL - assumed: licensed live feed + courtside camera, not purchased; parameters from our measurements",hawkeye340,2.0,1.0,10,0.99,100.0,1000.0,0.005,region,D>=3c,cap1,ref_short,delay1,ref,decay,point,0.0,0.0,0.0,False,ref,IS,10,20795.0,7101.4,6928.0,870.8,0.33315700889636934,0.024431194012433998,0.4417937004087521,0.12936763645106997,0.4288386631401779,-0.23150000000000004,0.2745,0.22487540056074878,63.29850949548684,1024656.1457851365,495601.0259646132,2.607638738310686,2.353663380731544,2.8701624978932063,26719.02049807198,24018.825321045413,29544.409945176234,28032.583918308996,-1313.5634202370159,103.0,259.4079660006988,31.115119026876197,-69.2360538619836,-69.23605386198338,755.6382372656609,4.0,4.0,6812.886895477639,20438.66068643292,131.37326009824446,465.54601879474984,-0.3377828869369316,0.32122880560592953,234267.38090987486,6.4971574835931385,1.2185765459392728,0.06302175548217032
"COUNTERFACTUAL - assumed: licensed live feed + courtside camera, not purchased; parameters from our measurements",hawkeye340,2.0,1.0,10,0.99,100.0,1000.0,0.005,region,D>=3c,cap1,ref_short,delay1,ref,decay,point,0.0,0.0,0.0,False,ref,burned_OOS,10,7093.0,2423.9,2367.3,324.9,0.333751586070774,0.023354576166003505,0.4075708444945721,0.15719723671225153,0.4352319187931763,-0.26460000000000006,0.26345,0.21824131484128073,64.61860270496315,354997.6607541444,173034.33386419562,1.9490519378872193,1.5191699105251668,2.3846212368632242,6920.319329118953,5371.303266319869,8476.148288256267,7227.149222604703,-306.82989348575177,40.0,173.00798322797382,24.749808579872884,-103.25568875707579,-98.93314699104303,487.895355362532,3.0,3.0,5573.573832862421,16720.721498587263,41.520294560219256,378.87268786200076,-0.6309843722557454,0.32877268955487876,208908.91103734722,19.122265744014452,4.14831494380608,0.21172256533526163
"COUNTERFACTUAL - assumed: licensed live feed + courtside camera, not purchased; parameters from our measurements",hawkeye340,2.0,1.0,10,0.99,1000.0,1000.0,0.005,region,D>=3c,cap1,ref_short,delay1,ref,decay,point,0.0,0.0,0.0,False,ref,IS,10,20795.0,8889.4,8668.4,870.8,0.4168502043760519,0.02487582351251464,0.4417937004087521,0.12936763645106997,0.4288386631401779,-0.23150000000000004,0.27545000000000003,0.1399276067536477,218.2097271699678,6314293.576867396,2984370.107987487,2.734113353831696,2.3761491824675423,3.097713395543901,172658.05742899037,148808.30982298998,197859.3180349511,180788.77983815625,-8130.722409165881,103.0,1676.2918196989358,23.90238827232411,-1232.5546983593806,-1184.3808907043165,5729.4216400181185,4.0,4.0,42171.34807102637,126514.04421307912,137.0205237894274,485.5581668266116,-0.979528498958153,0.3213072393622654,234267.38090987486,71.8365000185367,1.3802363342450503,0.10753458414098455
"COUNTERFACTUAL - assumed: licensed live feed + courtside camera, not purchased; parameters from our measurements",hawkeye340,2.0,1.0,10,0.99,1000.0,1000.0,0.005,region,D>=3c,cap1,ref_short,delay1,ref,decay,point,0.0,0.0,0.0,False,ref,burned_OOS,10,7093.0,3020.0,2949.5,324.9,0.4158325109262654,0.023353594076687023,0.4075708444945721,0.15719723671225153,0.4352319187931763,-0.26460000000000006,0.25865,0.1350114097838035,230.36826531399328,2179204.9110816247,1037097.0527754886,1.89166621896458,1.2672772230253018,2.526063651895827,41239.61111940974,27491.941923015598,55369.4222064459,42791.162264924766,-1551.5511455150195,40.0,1030.9902779852437,16.578947376382295,-1677.9034017130712,-1222.5290937137838,3907.002470145545,3.0,3.0,33672.43252301404,101017.29756904212,41.44472393421444,378.18310589970673,-1.670636875653922,0.32880637809346147,208908.91103734722,171.446944954208,3.028792217792435,0.30885484766254456
"COUNTERFACTUAL - assumed: licensed live feed + courtside camera, not purchased; parameters from our measurements",hawkeye340,2.0,1.0,30,0.95,100.0,1000.0,0.005,region,D>=3c,cap1,ref_short,delay1,ref,decay,point,0.0,0.0,0.0,False,ref,IS,10,54704.0,19490.8,18229.7,2446.9,0.3332425416788535,0.06469991256557606,0.4423533928049137,0.13002339865457738,0.42762320854050895,-0.22570000000000007,0.2532,0.21844368075136625,58.845669509934304,2652885.4658536236,1285937.1930448883,2.3213383027214722,2.159242987851546,2.481864682249437,61575.17769227928,57012.23499419206,66042.6004149636,66898.94920051067,-5323.7715082313925,103.0,597.8172591483425,39.54854368648784,-35.28497755251128,-25.292440192552835,1325.3070318374253,4.0,4.0,12986.364098827571,38959.09229648272,158.9802267336013,563.3765316287813,-0.08820566323767416,0.2702497762336584,492660.69586287095,16.33682921454257,1.5725224825362967,0.07191610941199572
"COUNTERFACTUAL - assumed: licensed live feed + courtside camera, not purchased; parameters from our measurements",hawkeye340,2.0,1.0,30,0.95,100.0,1000.0,0.005,region,D>=3c,cap1,ref_short,delay1,ref,decay,point,0.0,0.0,0.0,False,ref,burned_OOS,10,17384.0,6105.7,5707.1,944.1,0.3282961343764381,0.06528689478233908,0.41179820524620336,0.15269788311090657,0.43550391164289,-0.26395,0.24370000000000003,0.21554311476159738,60.677049754279686,850374.9173769068,414225.40770089027,2.0358265502338164,1.7296201864745364,2.3469841417958484,17308.964176258138,14677.406326642196,20009.837554917074,18817.573420217894,-1508.6092439597528,40.0,432.7241044064534,34.952401237986486,-64.25218643242314,-39.686351240382024,974.2594251629268,3.0,3.0,9170.650526301604,27511.95157890481,63.12719170157688,576.0356242768892,-0.23076613425543005,0.29017641160271607,428114.4440625704,28.36495822085122,4.793680316757125,0.1383017634861466
"COUNTERFACTUAL - assumed: licensed live feed + courtside camera, not purchased; parameters from our measurements",hawkeye340,2.0,1.0,30,0.95,1000.0,1000.0,0.005,region,D>=3c,cap1,ref_short,delay1,ref,decay,point,0.0,0.0,0.0,False,ref,IS,10,54704.0,24434.9,22835.8,2446.9,0.41744296577946766,0.06544251953113098,0.4423533928049137,0.13002339865457738,0.42762320854050895,-0.22570000000000007,0.25434999999999997,0.1307894152473821,180.3305374505374,15589905.003770288,7361147.780804279,2.4410910872510265,2.2060740964121743,2.677533126104954,380488.63987063686,340635.05989332125,420218.2005107743,412436.26617004554,-31947.626299408683,103.0,3694.0644647634654,31.146526566692007,-1390.51111807821,-1382.431014606307,9513.099957494062,4.0,4.0,72845.7917653418,218537.3752960254,175.33081346653347,621.3179312163566,-0.6427095408541897,0.2699284818568076,492660.69586287095,145.88822445610643,1.2051115986702072,0.10734126619873628
"COUNTERFACTUAL - assumed: licensed live feed + courtside camera, not purchased; parameters from our measurements",hawkeye340,2.0,1.0,30,0.95,1000.0,1000.0,0.005,region,D>=3c,cap1,ref_short,delay1,ref,decay,point,0.0,0.0,0.0,False,ref,burned_OOS,10,17384.0,7608.4,7111.0,944.1,0.409054302807179,0.06537846564407708,0.41179820524620336,0.15269788311090657,0.43550391164289,-0.26395,0.24225000000000002,0.13151862799299507,199.84321798659843,5102808.742965387,2416778.206420244,2.006148778944872,1.5679756972993641,2.4602956774947,102346.82134542915,79203.0908937256,125900.2439796499,108684.46361205184,-6337.642266622681,40.0,2558.6705336357286,25.92745909857721,-1627.8663690428361,-1493.9752549079694,6625.512234821634,3.0,3.0,53668.02229935913,161004.0668980774,63.83209919147289,582.4679051221901,-0.9912749550734057,0.29103090550682587,428114.4440625704,171.27067007575909,2.9989123831987228,0.13840772802885223
"COUNTERFACTUAL - assumed: licensed live feed + courtside camera, not purchased; parameters from our measurements",hawkeye340,2.0,1.0,30,0.99,100.0,1000.0,0.005,region,D>=3c,cap1,ref_short,delay1,ref,decay,point,0.0,0.0,0.0,False,ref,IS,10,54704.0,19169.6,18699.8,2443.9,0.3418360631763674,0.024507316518390554,0.4423533928049137,0.13002339865457738,0.42762320854050895,-0.22570000000000007,0.26850000000000007,0.21767700290805822,58.807597666625746,2607077.3542577503,1263243.83900419,2.5560400622834902,2.38866051286682,2.7208315722295158,66633.57000240027,62017.133799642615,71193.34235169218,69146.74569627657,-2513.1756938763233,103.0,646.9278641009735,41.75272532784527,-34.220725984777346,-17.71002116503531,1386.2079349110659,4.0,4.0,12737.221526024614,38211.66457807385,175.56349475458939,622.1424814118946,-0.08816216863943488,0.2711714744684476,503982.80619740125,15.027872119470524,1.8173714428031096,0.06523976493534826
"COUNTERFACTUAL - assumed: licensed live feed + courtside camera, not purchased; parameters from our measurements",hawkeye340,2.0,1.0,30,0.99,100.0,1000.0,0.005,region,D>=3c,cap1,ref_short,delay1,ref,decay,point,0.0,0.0,0.0,False,ref,burned_OOS,10,17384.0,6006.5,5863.1,942.0,0.337269903359411,0.023873139439365244,0.41179820524620336,0.15269788311090657,0.43550391164289,-0.26395,0.26744999999999997,0.21429422943776472,60.70174418983976,835590.1721077159,407329.9185034248,2.225910548855647,1.9108375730200122,2.553850452509988,18596.375672830236,15902.137124329203,21326.63880138203,19110.533664569415,-514.1579917391804,40.0,464.9093918207559,37.473682584289065,-39.11343185086298,1.1552402304009148,982.9132461485303,3.0,3.0,9053.493799976244,27160.481399928733,68.69379009171756,626.8308345869228,-0.13957790296319889,0.2921100662848869,437972.1969664617,27.83912138487614,4.428218351697313,0.13839922167384616
"COUNTERFACTUAL - assumed: licensed live feed + courtside camera, not purchased; parameters from our measurements",hawkeye340,2.0,1.0,30,0.99,1000.0,1000.0,0.005,region,D>=3c,cap1,ref_short,delay1,ref,decay,point,0.0,0.0,0.0,False,ref,IS,10,54704.0,23994.6,23399.1,2443.9,0.42774020181339567,0.02481780825604102,0.4423533928049137,0.13002339865457738,0.42762320854050895,-0.22570000000000007,0.2721,0.1304892783269282,182.13312784496367,15332542.330955695,7242911.836977442,2.684679574244604,2.4376568820766074,2.9232186782021703,411586.246491592,370676.86243410816,450935.96426886023,427205.3084849829,-15619.061993390827,103.0,3995.982975646525,32.921757277959415,-1368.7910677376778,-1334.2417823044088,10025.180705805382,4.0,4.0,71452.25221348356,214356.75664045065,193.45993013887627,685.5618883562122,-0.6353250346240211,0.27121498755731493,503982.80619740125,117.28209524620264,1.3986681353389487,0.08727069569143434
"COUNTERFACTUAL - assumed: licensed live feed + courtside camera, not purchased; parameters from our measurements",hawkeye340,2.0,1.0,30,0.99,1000.0,1000.0,0.005,region,D>=3c,cap1,ref_short,delay1,ref,decay,point,0.0,0.0,0.0,False,ref,burned_OOS,10,17384.0,7482.8,7304.4,942.0,0.42017947537965944,0.023840124305468956,0.41179820524620336,0.15269788311090657,0.43550391164289,-0.26395,0.2632,0.13019753143226037,202.02711164718392,5031342.5600838885,2386973.5372526078,2.184098363359988,1.7358443131994803,2.647963804203859,109894.24742849692,86393.15137609668,134024.73929042107,113078.78239311624,-3184.534964619336,40.0,2747.356185712423,27.750603228483584,-1364.7001622031207,-1169.321462503834,6992.035379838254,3.0,3.0,53828.272588686086,161484.81776605832,68.45867879704066,624.6854440229961,-0.8304995201848339,0.2930509914032239,437972.1969664617,196.17405995013468,3.586040664669225,0.15300869432586287
"COUNTERFACTUAL - assumed: licensed live feed + courtside camera, not purchased; parameters from our measurements",hawkeye340,3.0,0.25,3,0.95,100.0,1000.0,0.005,region,D>=3c,cap1,ref_short,delay1,ref,decay,point,0.0,0.0,0.0,False,ref,IS,10,6257.0,3348.9,3197.0,267.2,0.5109477385328433,0.045344947135529744,0.7922966277768899,0.05742368547227106,0.15027968675083908,0.7619,1.0141499999999999,0.3073122365353286,50.62386797154553,421334.66926196835,200462.36707931585,2.9603951350071647,2.6125479376397966,3.323623885814741,12472.282809472921,10763.907433457258,14287.316067079553,14125.791974833472,-1653.5091653605505,103.0,121.09012436381474,22.75154471087545,-60.272738560033574,-60.27273856003369,499.87191318823307,4.0,4.0,6137.234628274511,18411.703884823535,68.04613240006594,241.13435267984528,-0.32931819912624255,0.16523640976953577,30516.503471665746,6.170253055990188,0.9372549540784836,0.15263119427108252
"COUNTERFACTUAL - assumed: licensed live feed + courtside camera, not purchased; parameters from our measurements",hawkeye340,3.0,0.25,3,0.95,100.0,1000.0,0.005,region,D>=3c,cap1,ref_short,delay1,ref,decay,point,0.0,0.0,0.0,False,ref,burned_OOS,10,2402.0,1276.1,1222.1,103.0,0.5087843463780183,0.04233365166122316,0.7707743547044129,0.0757285595337219,0.1534970857618651,0.7392999999999998,0.9773999999999997,0.308177775223344,50.13685506174221,158130.53028517644,74814.80810751938,2.8766387152578887,2.3445774011475247,3.4431057016226623,4544.557972052835,3564.9958639682677,5558.729218127348,5098.3838740323135,-553.8259019794804,40.0,113.61394930132084,22.509195125522197,-49.7298028525392,-49.72980285253924,357.1066226200109,3.0,3.0,2959.6659719217323,8878.997915765196,51.44077215412998,469.3970459064361,-0.5641131270729983,0.15438666059275732,28758.999858187995,7.316675721349268,2.4416891428074052,0.21071081352887658
"COUNTERFACTUAL - assumed: licensed live feed + courtside camera, not purchased; parameters from our measurements",hawkeye340,3.0,0.25,3,0.95,1000.0,1000.0,0.005,region,D>=3c,cap1,ref_short,delay1,ref,decay,point,0.0,0.0,0.0,False,ref,IS,10,6257.0,4207.0,4014.8,267.2,0.6416493527249479,0.04569236201009978,0.7922966277768899,0.05742368547227106,0.15027968675083908,0.7619,1.0131000000000001,0.17112679039987114,109.80552261775264,2062899.9921925091,957540.0239142578,2.902482478361198,2.2765468434196827,3.5321879683884356,59943.16469514991,46071.469901154065,74498.64558903186,67931.17679829092,-7988.012103141019,103.0,581.9724727684456,14.577556328443467,-1159.6799022971488,-809.8794195892581,2908.7270700269787,4.0,4.0,28585.753198384995,85757.25959515499,70.28687861595088,249.07486111477743,-1.3808672306629126,0.1637084022378242,30516.503471665746,56.21261192184358,1.224047557115447,0.2401058258548069
"COUNTERFACTUAL - assumed: licensed live feed + courtside camera, not purchased; parameters from our measurements",hawkeye340,3.0,0.25,3,0.95,1000.0,1000.0,0.005,region,D>=3c,cap1,ref_short,delay1,ref,decay,point,0.0,0.0,0.0,False,ref,burned_OOS,10,2402.0,1605.7,1535.8,103.0,0.639383846794338,0.0435554587719774,0.7707743547044129,0.0757285595337219,0.1534970857618651,0.7392999999999998,0.98095,0.17243649632489474,106.23814872924615,770300.4974608116,356837.6782186304,2.607294792035304,1.6029019366648787,3.592363206602991,20042.401668288505,11858.526838245074,28435.56159829259,22283.98550167103,-2241.583833382529,40.0,501.06004170721263,12.99785280546032,-1112.5628992701634,-798.5579932056661,2384.5804515730188,3.0,3.0,14712.96446373761,44138.89339121284,45.468563961002346,414.90064614414644,-2.631649944115448,0.1555536557215062,28758.999858187995,79.9273444547928,3.0584010718252994,0.43002768781794004
"COUNTERFACTUAL - assumed: licensed live feed + courtside camera, not purchased; parameters from our measurements",hawkeye340,3.0,0.25,3,0.99,100.0,1000.0,0.005,region,D>=3c,cap1,ref_short,delay1,ref,decay,point,0.0,0.0,0.0,False,ref,IS,10,6257.0,3360.5,3305.5,267.2,0.5282883170848649,0.01636934650102807,0.7922966277768899,0.05742368547227106,0.15027968675083908,0.7619,1.0151999999999997,0.3031772560680172,49.931888841272944,419915.7518190072,199208.603478198,3.2200255552734944,2.8614935995843633,3.6004664845379772,13520.56101054858,11733.186717788976,15413.035915211347,14272.506797511198,-751.945786962617,103.0,131.26758262668528,23.66946876008067,-54.57650745724086,-54.576507457240815,525.0160266005673,4.0,4.0,6062.758602706985,18188.275808120954,74.55627088176452,264.20426089168984,-0.3006056405131832,0.15872475391303284,31239.572854398964,6.145433844877669,0.8661689255712219,0.15066387718183927
"COUNTERFACTUAL - assumed: licensed live feed + courtside camera, not purchased; parameters from our measurements",hawkeye340,3.0,0.25,3,0.99,100.0,1000.0,0.005,region,D>=3c,cap1,ref_short,delay1,ref,decay,point,0.0,0.0,0.0,False,ref,burned_OOS,10,2402.0,1276.5,1257.5,102.9,0.5235220649458784,0.014895490322651838,0.7707743547044129,0.0757285595337219,0.1534970857618651,0.7392999999999998,0.9776,0.3062542862274214,49.31716100543282,157020.68270271982,74025.25620450397,3.1313823326630597,2.599667752806978,3.700217411775951,4914.00899387047,3928.778685025571,5942.795798890759,5245.144814762282,-331.1358208918125,40.0,122.85022484676173,23.379568925424678,-43.91875104422579,-43.91875104422576,377.46350730917936,3.0,3.0,2889.044355302777,8667.13306590833,56.881468407772786,519.0433992209266,-0.5096805460886911,0.15003627208887202,29534.34614168603,6.702216629366617,1.8690510637837947,0.1847157029986343
"COUNTERFACTUAL - assumed: licensed live feed + courtside camera, not purchased; parameters from our measurements",hawkeye340,3.0,0.25,3,0.99,1000.0,1000.0,0.005,region,D>=3c,cap1,ref_short,delay1,ref,decay,point,0.0,0.0,0.0,False,ref,IS,10,6257.0,4212.5,4143.3,267.2,0.662186351286559,0.016436797733076693,0.7922966277768899,0.05742368547227106,0.15027968675083908,0.7619,1.0145,0.16729815558593544,106.98665718148365,2033705.2440704876,940110.6246711459,3.2799401526424994,2.6423055320824425,3.9258393115146424,66757.54262651461,52825.39198790792,81676.89396316544,70478.8313814023,-3721.288754887684,103.0,648.1314818108215,16.031929258045828,-1102.1842730633323,-765.3799060259582,3197.732860622483,4.0,4.0,28033.565183259674,84100.69554977902,80.04438442716682,283.65243025161055,-1.3528123153674152,0.1571944078411927,31239.572854398964,61.426059691653265,1.1585205758738493,0.27552673400049277
"COUNTERFACTUAL - assumed: licensed live feed + courtside camera, not purchased; parameters from our measurements",hawkeye340,3.0,0.25,3,0.99,1000.0,1000.0,0.005,region,D>=3c,cap1,ref_short,delay1,ref,decay,point,0.0,0.0,0.0,False,ref,burned_OOS,10,2402.0,1604.6,1580.9,102.9,0.6581598667776853,0.014767873699540657,0.7707743547044129,0.0757285595337219,0.1534970857618651,0.7392999999999998,0.9823999999999998,0.16983226927085454,103.37902281768292,758826.994276605,350540.9212561855,2.979436223090203,1.9391212815900878,4.01666381448931,22554.733325214616,14188.03234262467,31160.529638715554,24095.090806796616,-1540.357481581999,40.0,563.8683331303654,14.26121476198981,-1036.4106652379164,-773.3364865815923,2391.2308548697047,3.0,3.0,14338.601399276875,43015.804197830614,52.54874163410663,479.5072674112228,-2.484136386781585,0.14934430637939233,29534.34614168603,84.34244191392376,2.1669974424490177,0.4724677638011767
"COUNTERFACTUAL - assumed: licensed live feed + courtside camera, not purchased; parameters from our measurements",hawkeye340,3.0,0.25,10,0.95,100.0,1000.0,0.005,region,D>=3c,cap1,ref_short,delay1,ref,decay,point,0.0,0.0,0.0,False,ref,IS,10,20795.0,11191.6,10697.6,887.2,0.5144313536907911,0.04413944164475368,0.7920942534263045,0.058792979081509975,0.1491127674921856,0.7685000000000001,1.0137,0.3055909525451114,46.3614397957388,1340529.1276565152,635661.2648163682,3.0052647120910163,2.811194050838653,3.2058740924572766,40285.94115947514,37065.256754080605,43604.773093976066,44085.89520785577,-3799.954048380633,103.0,391.1256423250013,35.93695544412985,-48.19642792887426,-42.34763789746221,1139.4795087635346,4.0,4.0,8799.671965874131,26399.01589762239,153.13701789198186,542.6700148599357,-0.1814261772594094,0.14417408453081593,90553.92198192418,9.610286745281346,1.275365926949,0.07217438685131793
"COUNTERFACTUAL - assumed: licensed live feed + courtside camera, not purchased; parameters from our measurements",hawkeye340,3.0,0.25,10,0.95,100.0,1000.0,0.005,region,D>=3c,cap1,ref_short,delay1,ref,decay,point,0.0,0.0,0.0,False,ref,burned_OOS,10,7093.0,3841.0,3672.8,336.0,0.5178062878894686,0.04376951113388324,0.7649654589031438,0.08509798392781616,0.1499365571690399,0.7353999999999999,0.9579999999999999,0.30162480300587025,47.969526259779926,464423.45695831795,220895.85327068553,2.6698050064434873,2.350014318403647,3.005089445442146,12395.17980025672,10628.380824230548,14244.56866578816,13611.55065173926,-1216.3708514825448,40.0,309.8794950064179,37.87626290915442,-22.856063023640036,-9.756148617524753,698.2161869591757,3.0,3.0,7025.204584879614,21075.61375463884,58.853512411300564,537.0383007531176,-0.10980455819718973,0.14508286855911998,80707.64801283015,16.991106748097273,3.0474987803964733,0.15636435905559803
"COUNTERFACTUAL - assumed: licensed live feed + courtside camera, not purchased; parameters from our measurements",hawkeye340,3.0,0.25,10,0.95,1000.0,1000.0,0.005,region,D>=3c,cap1,ref_short,delay1,ref,decay,point,0.0,0.0,0.0,False,ref,IS,10,20795.0,14142.0,13509.6,887.2,0.6496561673479201,0.044717368088552444,0.7920942534263045,0.058792979081509975,0.1491127674921856,0.7685000000000001,1.0134,0.16484281067759082,94.32079027149724,6421945.127490578,2972350.4814160047,2.967196931494582,2.6177568006852425,3.325344965443866,190564.66977195238,165737.71880366054,216250.99603018412,214302.9257836494,-23738.25601169705,103.0,1850.1424249704116,23.865406905260684,-1564.9244093636555,-1181.4119136829263,6519.473284053559,4.0,4.0,41560.74127068375,124682.22381205126,153.66145557003713,544.5284590588694,-1.2807232052313795,0.14318015931998357,90553.92198192418,88.55631584789745,1.340538293952382,0.1363127021714257
"COUNTERFACTUAL - assumed: licensed live feed + courtside camera, not purchased; parameters from our measurements",hawkeye340,3.0,0.25,10,0.95,1000.0,1000.0,0.005,region,D>=3c,cap1,ref_short,delay1,ref,decay,point,0.0,0.0,0.0,False,ref,burned_OOS,10,7093.0,4818.2,4604.4,336.0,0.6491470463837586,0.044366550866026935,0.7649654589031438,0.08509798392781616,0.1499365571690399,0.7353999999999999,0.9592499999999999,0.16497614257774668,98.30417636656743,2224094.7694568066,1033810.749886939,2.400306440570436,1.8210795427093949,3.0038653943758464,53346.17664360513,39529.28462806005,67841.07002969191,59131.117976730646,-5784.941333125499,40.0,1333.6544160901285,20.458754727169442,-1536.5937506835048,-1198.2457567454053,4582.896720927378,3.0,3.0,34958.665787418046,104875.99736225414,51.3726151643833,468.77511337499766,-1.4762376791975027,0.144974402388296,80707.64801283015,156.60203862038762,3.562981296842694,0.2934969427793586
"COUNTERFACTUAL - assumed: licensed live feed + courtside camera, not purchased; parameters from our measurements",hawkeye340,3.0,0.25,10,0.99,100.0,1000.0,0.005,region,D>=3c,cap1,ref_short,delay1,ref,decay,point,0.0,0.0,0.0,False,ref,IS,10,20795.0,11212.3,11027.4,887.1,0.5302909353209906,0.016492486376502757,0.7920942534263045,0.058792979081509975,0.1491127674921856,0.7685000000000001,1.0154,0.30237614367079446,45.53629336884689,1331641.6375242425,629530.5108805607,3.2789719324190947,3.0828350471338886,3.4832592400247764,43664.284884120876,40340.937665516845,47054.257951342646,45262.19319949898,-1597.9083153780973,103.0,423.9250959623387,37.34299289490744,-29.166336673823025,-9.700962983410076,1226.70217246742,4.0,4.0,8822.905438058853,26468.716314176552,165.61524634507066,586.8889797665126,-0.11066724231989397,0.13791557294699547,92682.74666414523,8.543391234290793,1.005590583094537,0.06146388941890082
"COUNTERFACTUAL - assumed: licensed live feed + courtside camera, not purchased; parameters from our measurements",hawkeye340,3.0,0.25,10,0.99,100.0,1000.0,0.005,region,D>=3c,cap1,ref_short,delay1,ref,decay,point,0.0,0.0,0.0,False,ref,burned_OOS,10,7093.0,3847.5,3786.8,335.6,0.5338784717326941,0.01578555638298541,0.7649654589031438,0.08509798392781616,0.1499365571690399,0.7353999999999999,0.9603499999999998,0.2983156122238209,47.305487181278004,461645.9394996495,218941.1757866345,2.933825696940942,2.609022035511246,3.2681326137590387,13541.295109799637,11773.963097916992,15417.004954348338,14135.049682148698,-593.7545723490593,40.0,338.532377744991,40.35895510170755,-5.595746859301107,18.643658745174456,767.2711811575825,3.0,3.0,7169.008464235543,21507.02539270663,63.20669399180358,576.7610826752077,-0.024933735397298984,0.14010712208529402,82730.95302755517,14.53763414902864,3.454471012632668,0.13383056123431583
"COUNTERFACTUAL - assumed: licensed live feed + courtside camera, not purchased; parameters from our measurements",hawkeye340,3.0,0.25,10,0.99,1000.0,1000.0,0.005,region,D>=3c,cap1,ref_short,delay1,ref,decay,point,0.0,0.0,0.0,False,ref,IS,10,20795.0,14147.2,13910.1,887.1,0.6689156047126713,0.01676162344969425,0.7920942534263045,0.058792979081509975,0.1491127674921856,0.7685000000000001,1.0143999999999997,0.16167297952558107,91.41811300756065,6309137.788731589,2909128.8331213538,3.3658262576006464,3.0187334492011972,3.7320649150520717,212374.24881721754,186857.29006151744,238886.6147436589,222455.56231002416,-10081.313492806667,103.0,2061.8859108467723,26.1016275816123,-1132.9942532951245,-1032.448851859082,7200.54644435501,4.0,4.0,41592.81252489875,124778.43757469622,170.72180656848252,604.9850426941372,-0.9212171818050949,0.13712682799815706,92682.74666414523,77.33291892078432,1.6887608098774394,0.11475792437525076
"COUNTERFACTUAL - assumed: licensed live feed + courtside camera, not purchased; parameters from our measurements",hawkeye340,3.0,0.25,10,0.99,1000.0,1000.0,0.005,region,D>=3c,cap1,ref_short,delay1,ref,decay,point,0.0,0.0,0.0,False,ref,burned_OOS,10,7093.0,4822.4,4746.6,335.6,0.6691949809671507,0.015730613201047218,0.7649654589031438,0.08509798392781616,0.1499365571690399,0.7353999999999999,0.9613999999999999,0.16110457560084274,94.90413623656532,2191586.670769236,1016068.2574147828,2.7698914547388553,2.178068399286686,3.3696830839665908,60649.186227375714,46621.81653739717,75270.07574751339,64136.913329616924,-3487.7271022412124,40.0,1516.2296556843928,22.939717811809874,-1159.3354674392242,-955.7556604593283,4645.225882411025,3.0,3.0,34834.80704234819,104504.42112704458,58.788398921926806,536.4441401625822,-1.1082291669032716,0.13950243190698106,82730.95302755517,175.53188766559143,3.610518092001639,0.3368254925488883
"COUNTERFACTUAL - assumed: licensed live feed + courtside camera, not purchased; parameters from our measurements",hawkeye340,3.0,0.25,30,0.95,100.0,1000.0,0.005,region,D>=3c,cap1,ref_short,delay1,ref,decay,point,0.0,0.0,0.0,False,ref,IS,10,54704.0,30522.5,29164.3,2499.0,0.5331292044457443,0.044499027099500786,0.7920956420005849,0.05982926294238081,0.14807509505703423,0.7743,1.0141999999999998,0.28717575943865836,40.45493880659636,3306904.7977829417,1568231.473450413,2.9135965763460314,2.789176180318392,3.03932810959006,96349.04194623987,91057.25617772838,101514.52188662995,105578.00196789969,-9228.960021659801,103.0,935.4275917110668,45.88634869589595,-1.769692388234398,36.23734671949309,2001.8313056510553,4.0,4.0,15447.383513952716,46342.15054185815,208.54339568549761,739.0130041282197,-0.00408382182321731,0.11372910985600819,193988.20809156165,13.904322547361355,1.1623068864239483,0.04301877824341689
"COUNTERFACTUAL - assumed: licensed live feed + courtside camera, not purchased; parameters from our measurements",hawkeye340,3.0,0.25,30,0.95,100.0,1000.0,0.005,region,D>=3c,cap1,ref_short,delay1,ref,decay,point,0.0,0.0,0.0,False,ref,burned_OOS,10,17384.0,9584.3,9160.5,975.4,0.5269500690289922,0.04421165472401796,0.7689312011044639,0.0805338242061666,0.15053497468936955,0.7360499999999999,0.9623499999999998,0.2915354917940927,42.850176156691546,1079388.1845567094,512848.04849591496,2.7672301091415004,2.5387815393878563,3.005683033126805,29863.97279021187,26986.378367762372,32812.24485414018,32790.42887678641,-2926.4560865745425,40.0,746.5993197552967,52.79467421142076,0.0,179.92269707256594,1368.6697938961909,3.0,3.0,11305.71991539735,33917.159746192054,88.43978250534595,807.0130153612818,0.0,0.12432971478314267,170416.06353973667,14.084618587779262,6.046764010989516,0.06609044314050068
"COUNTERFACTUAL - assumed: licensed live feed + courtside camera, not purchased; parameters from our measurements",hawkeye340,3.0,0.25,30,0.95,1000.0,1000.0,0.005,region,D>=3c,cap1,ref_short,delay1,ref,decay,point,0.0,0.0,0.0,False,ref,IS,10,54704.0,38233.3,36513.7,2499.0,0.667477698157356,0.0449769067440736,0.7920956420005849,0.05982926294238081,0.14807509505703423,0.7743,1.01355,0.14731614052688782,71.03723636681737,15049150.541857079,6948310.320416989,2.796257583883462,2.558629848541441,3.0311387873082616,420774.90521513374,380219.85920279997,460901.32407733734,476767.8788511284,-55992.973635994655,103.0,4085.193254515862,32.784113474850315,-769.6619643568338,-767.6717673100032,10607.348398105736,4.0,4.0,65884.27905432173,197652.8371629651,213.34383645296253,756.024274809042,-0.38862324107762375,0.11425390352399338,193988.20809156165,141.78040378125186,1.0313783466376503,0.10294081174695503
"COUNTERFACTUAL - assumed: licensed live feed + courtside camera, not purchased; parameters from our measurements",hawkeye340,3.0,0.25,30,0.95,1000.0,1000.0,0.005,region,D>=3c,cap1,ref_short,delay1,ref,decay,point,0.0,0.0,0.0,False,ref,burned_OOS,10,17384.0,11991.9,11456.4,975.4,0.6590197883110906,0.044656616534718585,0.7689312011044639,0.0805338242061666,0.15053497468936955,0.7360499999999999,0.9633999999999998,0.15412478909708316,81.3452895648312,5042090.4733124515,2330006.714418573,2.5986534201833846,2.1727641854564292,3.0238146865118694,131011.89086040917,107580.79845617739,154862.6584917885,146973.970978631,-15962.080118221827,40.0,3275.2972715102296,31.972382956496723,-685.9500696763658,-516.1166851183366,7880.846804757768,3.0,3.0,52183.186344598435,156549.55903379535,84.2808238374341,769.0625175165862,-0.4270681782882148,0.12489472546241842,170416.06353973667,186.83567813587075,4.207054312451123,0.1514245801355218
"COUNTERFACTUAL - assumed: licensed live feed + courtside camera, not purchased; parameters from our measurements",hawkeye340,3.0,0.25,30,0.99,100.0,1000.0,0.005,region,D>=3c,cap1,ref_short,delay1,ref,decay,point,0.0,0.0,0.0,False,ref,IS,10,54704.0,30540.9,30037.5,2498.6,0.5490914741152384,0.016483604015776865,0.7920956420005849,0.05982926294238081,0.14807509505703423,0.7743,1.0151,0.2844976819947411,39.8980218056424,3278896.640141105,1550093.9024019637,3.214526368303825,3.086358805311708,3.3433357504960157,105398.74178179486,99918.49358447434,110824.97336987683,108932.69859642306,-3533.956814628168,103.0,1023.2887551630571,47.44980087279309,0.0,47.161426446173174,2138.0008461474563,4.0,4.0,15271.65004167679,45814.95012503037,230.7120482629564,817.57182151436,0.0,0.10851541455892791,198674.7499034222,12.264954613882372,1.0800059412449319,0.04130756186203531
"COUNTERFACTUAL - assumed: licensed live feed + courtside camera, not purchased; parameters from our measurements",hawkeye340,3.0,0.25,30,0.99,100.0,1000.0,0.005,region,D>=3c,cap1,ref_short,delay1,ref,decay,point,0.0,0.0,0.0,False,ref,burned_OOS,10,17384.0,9591.3,9437.3,974.9,0.5428727565577542,0.016054840115516045,0.7689312011044639,0.0805338242061666,0.15053497468936955,0.7360499999999999,0.9652,0.2886870134276398,42.25730433130016,1069922.4583182395,506970.8173133897,3.0434367106129954,2.8084599626655526,3.286308048924641,32557.617063474627,29617.8955061121,35560.13746539557,33615.482453451325,-1057.8653899767014,40.0,813.9404265868656,55.8467245274114,0.0,247.94851751270025,1439.9768622027843,3.0,3.0,11236.640116243996,33709.92034873199,97.01588971342419,885.2699936349958,0.0,0.11950785524465513,174555.62908107246,11.300570633048835,5.960354959551276,0.055891435404999815
"COUNTERFACTUAL - assumed: licensed live feed + courtside camera, not purchased; parameters from our measurements",hawkeye340,3.0,0.25,30,0.99,1000.0,1000.0,0.005,region,D>=3c,cap1,ref_short,delay1,ref,decay,point,0.0,0.0,0.0,False,ref,IS,10,54704.0,38226.7,37582.8,2498.6,0.6870210587891197,0.016844808439194094,0.7920956420005849,0.05982926294238081,0.14807509505703423,0.7743,1.0154,0.14450695974444389,68.48237396401325,14755271.579765668,6788793.906185852,3.2221562743236767,2.983113329092398,3.464513782922965,475403.04011742835,434564.9140518007,516398.8332483334,496566.584135787,-21163.544018358603,103.0,4615.563496285712,35.358824741540346,-543.6692575634079,-530.7345874019328,11573.173365580258,4.0,4.0,64150.652738539604,192451.9582156188,247.29616859011603,876.340791605751,-0.280052645180634,0.1091067247893509,198674.7499034222,145.8064082301714,1.372454040655192,0.10825399002561185
"COUNTERFACTUAL - assumed: licensed live feed + courtside camera, not purchased; parameters from our measurements",hawkeye340,3.0,0.25,30,0.99,1000.0,1000.0,0.005,region,D>=3c,cap1,ref_short,delay1,ref,decay,point,0.0,0.0,0.0,False,ref,burned_OOS,10,17384.0,11997.7,11804.2,974.9,0.6790266912103083,0.016129315516574406,0.7689312011044639,0.0805338242061666,0.15053497468936955,0.7360499999999999,0.9662000000000001,0.150583901799086,78.34458639743198,4957112.106353173,2284334.774701792,2.9683796158644897,2.5337656319973343,3.407658424164026,147144.9627830706,123576.01879744095,170938.92464416783,154119.62935746743,-6974.66657439681,40.0,3678.6240695767656,35.11345829716403,-480.59369074491735,-292.88096584775406,8247.86625678994,3.0,3.0,52192.53797735093,156577.6139320528,94.47210230585664,862.0579335409417,-0.29351091927704653,0.12002668118120288,174555.62908107246,207.50069530044837,4.354669557785804,0.16530589176268076
"COUNTERFACTUAL - assumed: licensed live feed + courtside camera, not purchased; parameters from our measurements",hawkeye340,3.0,0.5,3,0.95,100.0,1000.0,0.005,region,D>=3c,cap1,ref_short,delay1,ref,decay,point,0.0,0.0,0.0,False,ref,IS,10,6257.0,3166.6,3022.6,267.2,0.4830749560492249,0.045463452015251336,0.7922966277768899,0.05742368547227106,0.15027968675083908,0.7619,1.0143999999999997,0.3363549936940492,64.7637853338427,469064.60494160856,223599.51659294876,2.9827064918903567,2.659050649491527,3.3217652978130703,13988.613372517011,12193.285831958483,15881.27562879954,15667.265449622213,-1678.652077105203,103.0,135.81178031569914,24.092623691313182,-59.93830893729328,-59.938308937293485,525.6855875194647,4.0,4.0,6779.979984256247,20339.93995276874,69.07608168444301,244.7841729594339,-0.2970718158383669,0.2820149832604205,61033.00694333149,6.2303059372686596,0.8452710677896982,0.14466933154279416
"COUNTERFACTUAL - assumed: licensed live feed + courtside camera, not purchased; parameters from our measurements",hawkeye340,3.0,0.5,3,0.95,100.0,1000.0,0.005,region,D>=3c,cap1,ref_short,delay1,ref,decay,point,0.0,0.0,0.0,False,ref,burned_OOS,10,2402.0,1201.3,1149.3,103.0,0.4784762697751873,0.04328598658692841,0.7707743547044129,0.0757285595337219,0.1534970857618651,0.7392999999999998,0.9752999999999998,0.339676574479734,64.02352821656818,175965.66716878235,83436.78699766654,2.918329393332843,2.426820703051731,3.4383249231433446,5130.566576059269,4115.98261503739,6183.601222976895,5646.5251482175045,-515.9585721582359,40.0,128.26416440148174,23.764538399800397,-40.72418365939227,-40.7241836593922,396.1586776231653,3.0,3.0,3248.779168057954,9746.33750417386,52.89979561444956,482.71063498185214,-0.42204198915512325,0.2707079332291945,57517.99971637599,6.707910976678837,2.718051504372484,0.18595950986253534
"COUNTERFACTUAL - assumed: licensed live feed + courtside camera, not purchased; parameters from our measurements",hawkeye340,3.0,0.5,3,0.95,1000.0,1000.0,0.005,region,D>=3c,cap1,ref_short,delay1,ref,decay,point,0.0,0.0,0.0,False,ref,IS,10,6257.0,4023.1,3838.3,267.2,0.6134409461403227,0.04593384879611338,0.7922966277768899,0.05742368547227106,0.15027968675083908,0.7619,1.0129,0.20051643511266123,183.38615488889738,2617088.4050742215,1222037.9517713927,3.0140048834815074,2.4907878994992387,3.5404675970623236,78915.60816792646,63902.18277805448,94905.35674650405,87803.57768101357,-8887.969513087093,103.0,766.1709530866649,17.3716050022333,-965.7547105781421,-795.7164262295446,3653.227993226386,4.0,4.0,36934.447617480546,110803.34285244164,71.55227254149989,253.55902405482965,-0.8840822712469357,0.2823697107700303,61033.00694333149,56.57360739216897,1.2102718884337451,0.19825739640852622
"COUNTERFACTUAL - assumed: licensed live feed + courtside camera, not purchased; parameters from our measurements",hawkeye340,3.0,0.5,3,0.95,1000.0,1000.0,0.005,region,D>=3c,cap1,ref_short,delay1,ref,decay,point,0.0,0.0,0.0,False,ref,burned_OOS,10,2402.0,1531.8,1465.4,103.0,0.61007493755204,0.0433623211414074,0.7707743547044129,0.0757285595337219,0.1534970857618651,0.7392999999999998,0.9772000000000001,0.20290124338207766,178.71887869612445,980596.1189018547,456044.5368437361,2.8084047934995513,2.010282632428221,3.62406283975409,27479.018779006066,18850.957569399387,36356.05045535736,29886.231201123814,-2407.2124221177487,40.0,686.9754694751516,16.561672924776435,-891.0107536520769,-673.184505243502,2699.4497824194345,2.9,3.0,18526.40043169229,55579.20129507687,49.59791061014404,452.5809343175644,-1.6460857357987888,0.27282252495600917,57517.99971637599,64.6708020695253,2.268402995050711,0.30164465745769936
"COUNTERFACTUAL - assumed: licensed live feed + courtside camera, not purchased; parameters from our measurements",hawkeye340,3.0,0.5,3,0.99,100.0,1000.0,0.005,region,D>=3c,cap1,ref_short,delay1,ref,decay,point,0.0,0.0,0.0,False,ref,IS,10,6257.0,3171.3,3118.5,267.2,0.4984017899952054,0.016649866107729817,0.7922966277768899,0.05742368547227106,0.15027968675083908,0.7619,1.0153500000000002,0.3335060836062476,64.46194961173344,468663.5893443481,222833.04376234868,3.219142313727496,2.887633457041626,3.5685860968557,15084.9365794562,13215.052924748665,17073.343918343562,15806.42229519622,-721.4857157400183,103.0,146.4556949461767,24.938033450238805,-52.105724300836755,-52.10572430083702,550.9316303162859,4.0,4.0,6742.892689225069,20228.67806767521,74.76270631383106,264.93580392765375,-0.25901233841347426,0.27897672900166126,62479.14570879793,5.966684259746947,0.6827690116179181,0.13674669005533538
"COUNTERFACTUAL - assumed: licensed live feed + courtside camera, not purchased; parameters from our measurements",hawkeye340,3.0,0.5,3,0.99,100.0,1000.0,0.005,region,D>=3c,cap1,ref_short,delay1,ref,decay,point,0.0,0.0,0.0,False,ref,burned_OOS,10,2402.0,1199.5,1180.9,102.9,0.491631973355537,0.015507470199927353,0.7707743547044129,0.0757285595337219,0.1534970857618651,0.7392999999999998,0.97875,0.3385641041025566,63.6472237928381,175086.1044153828,82736.86839306515,3.153940775162033,2.668812900183459,3.6827416086490166,5519.787740933236,4492.343083068457,6621.574486254019,5839.67131709714,-319.8835761639044,40.0,137.99469352333088,24.627546464828473,-34.51843702206553,-34.5184370220654,421.71960503690053,3.0,3.0,3154.365158925565,9463.095476776696,58.48745404179273,533.6980181313587,-0.36599447148201536,0.26900967666702913,59068.69228337206,5.92242544514134,1.791706234345764,0.1508188100244573
"COUNTERFACTUAL - assumed: licensed live feed + courtside camera, not purchased; parameters from our measurements",hawkeye340,3.0,0.5,3,0.99,1000.0,1000.0,0.005,region,D>=3c,cap1,ref_short,delay1,ref,decay,point,0.0,0.0,0.0,False,ref,IS,10,6257.0,4022.1,3955.7,267.2,0.6322039315966119,0.016516991590532725,0.7922966277768899,0.05742368547227106,0.15027968675083908,0.7619,1.0140499999999997,0.1977239989921029,180.83032024785297,2603823.201017593,1211945.5424932959,3.29787218021866,2.773166025089291,3.8290013245997274,85904.48145404241,70736.50639141825,102106.10512896252,89936.59931809106,-4032.1178640486423,103.0,834.0240917868196,18.630072028022973,-925.0770457482424,-788.4633577362921,3953.2248841258215,4.0,4.0,36294.06359456216,108882.19078368647,79.22605525653674,280.7525259090865,-0.8613366264065403,0.27918022924862473,62479.14570879793,60.681563690688016,1.2474786736055175,0.21524563701990873
"COUNTERFACTUAL - assumed: licensed live feed + courtside camera, not purchased; parameters from our measurements",hawkeye340,3.0,0.5,3,0.99,1000.0,1000.0,0.005,region,D>=3c,cap1,ref_short,delay1,ref,decay,point,0.0,0.0,0.0,False,ref,burned_OOS,10,2402.0,1528.5,1506.4,102.9,0.6271440466278102,0.014455499638373193,0.7707743547044129,0.0757285595337219,0.1534970857618651,0.7392999999999998,0.97995,0.2012599604055559,176.573359534875,974821.7027516814,452288.77077912353,3.0840479867045127,2.254193917545257,3.9308251295890644,30002.604612963372,21087.497898257323,39280.01483577507,31485.400290912094,-1482.7956779487174,40.0,750.0651153240843,17.77919491864801,-862.0566614915699,-680.0709818225629,2672.073878999533,3.0,3.0,18497.635068810123,55492.905206430376,54.437487889668226,496.7420769932225,-1.5937914923645136,0.26984527123989227,59068.69228337206,65.2456554802833,1.9030575771705192,0.30597392405406026
"COUNTERFACTUAL - assumed: licensed live feed + courtside camera, not purchased; parameters from our measurements",hawkeye340,3.0,0.5,10,0.95,100.0,1000.0,0.005,region,D>=3c,cap1,ref_short,delay1,ref,decay,point,0.0,0.0,0.0,False,ref,IS,10,20795.0,10559.1,10095.0,887.2,0.4854532339504688,0.04395268604361513,0.7920942534263045,0.058792979081509975,0.1491127674921856,0.7685000000000001,1.0135999999999998,0.33575356779527155,60.95167374814149,1502927.131858755,714017.4322043108,3.0347192389776643,2.855603366266764,3.2211005052483896,45607.24814672848,42234.57866636223,49113.97046343519,49536.9860757644,-3929.7379290359213,103.0,442.78881695852897,38.25119638621042,-29.115079608729502,-5.828167098499651,1247.0997518651595,4.0,4.0,9905.159020259594,29715.477060778776,154.2041074899626,546.4514488721975,-0.0937431495795781,0.2532736287902561,181107.84396384837,9.363688210263208,1.1802329619794247,0.06747740289616783
"COUNTERFACTUAL - assumed: licensed live feed + courtside camera, not purchased; parameters from our measurements",hawkeye340,3.0,0.5,10,0.95,100.0,1000.0,0.005,region,D>=3c,cap1,ref_short,delay1,ref,decay,point,0.0,0.0,0.0,False,ref,burned_OOS,10,7093.0,3622.1,3461.9,336.0,0.48807274777950094,0.04420219661154956,0.7649654589031438,0.08509798392781616,0.1499365571690399,0.7353999999999999,0.9583999999999999,0.33255896033151394,62.19581278918902,520610.8937355168,248309.98571874393,2.7079466232364267,2.415290521931351,3.0168660728476477,14092.76104977591,12272.713074034666,16053.473474444469,15305.709998807166,-1212.948949031254,40.0,352.3190262443977,40.19268827790952,-10.64679140501421,11.985153134991569,782.4450646400625,3.0,3.0,7839.183831628786,23517.551494886364,60.05420824704775,547.9946502543108,-0.04339658972480844,0.25852881950133705,161415.2960256603,14.935468230200952,3.126317919328122,0.1305599496553497
"COUNTERFACTUAL - assumed: licensed live feed + courtside camera, not purchased; parameters from our measurements",hawkeye340,3.0,0.5,10,0.95,1000.0,1000.0,0.005,region,D>=3c,cap1,ref_short,delay1,ref,decay,point,0.0,0.0,0.0,False,ref,IS,10,20795.0,13487.7,12883.8,887.2,0.6195623948064439,0.04477330021736511,0.7920942534263045,0.058792979081509975,0.1491127674921856,0.7685000000000001,1.0129,0.19616509991583886,162.34482967842453,8209521.583334277,3821854.863475817,3.0658423044179086,2.778506159492781,3.3583837067587665,251713.98298695037,224653.69336792585,279607.3565874825,276569.07481083344,-24855.091823883056,103.0,2443.825077543207,27.974315808114635,-994.8604799724096,-926.0160028106508,8132.939408693445,4.0,4.0,53122.89556816234,159368.68670448702,158.54366728305538,561.8295005661673,-0.6307437173147932,0.25229521099074226,181107.84396384837,86.7227501233633,1.3517936567527167,0.09858218218339208
"COUNTERFACTUAL - assumed: licensed live feed + courtside camera, not purchased; parameters from our measurements",hawkeye340,3.0,0.5,10,0.95,1000.0,1000.0,0.005,region,D>=3c,cap1,ref_short,delay1,ref,decay,point,0.0,0.0,0.0,False,ref,burned_OOS,10,7093.0,4606.6,4402.3,336.0,0.6206541660792331,0.044338940815980374,0.7649654589031438,0.08509798392781616,0.1499365571690399,0.7353999999999999,0.9582999999999997,0.19461995098902693,165.49913530880144,2844532.876293002,1329064.8439294933,2.592499923096057,2.132153073489867,3.061975023511782,73726.00937132185,59081.48216874015,89019.1766447614,79545.9051198054,-5819.89574848354,40.0,1843.1502342830463,26.67570913751404,-938.5933502208729,-848.655860090297,5397.194954425596,3.0,3.0,44225.48716790749,132676.4615037225,55.86419548657913,509.7607838150345,-0.7112070235344568,0.25828619066727715,161415.2960256603,150.7492997527632,3.950393408972428,0.21666558719309534
"COUNTERFACTUAL - assumed: licensed live feed + courtside camera, not purchased; parameters from our measurements",hawkeye340,3.0,0.5,10,0.99,100.0,1000.0,0.005,region,D>=3c,cap1,ref_short,delay1,ref,decay,point,0.0,0.0,0.0,False,ref,IS,10,20795.0,10557.6,10384.5,887.1,0.4993748497234912,0.016397856384509822,0.7920942534263045,0.058792979081509975,0.1491127674921856,0.7685000000000001,1.0149,0.33375628874616814,60.4653103751569,1498060.2141652731,709783.199171942,3.2776050023233596,3.0984362227682025,3.4640793489622377,49098.260789303036,45630.21444475246,52663.286752603875,50742.44186542953,-1644.1810761264758,103.0,476.68214358546646,39.577615901816685,-12.782918281288584,22.767624778434953,1333.7141228836738,4.0,4.0,9952.278983167198,29856.836949501594,165.2186265670838,585.4834824950058,-0.04103187019141292,0.25014963246707095,185365.49332829047,7.883297138418855,0.7797186936274906,0.057216668639056424
"COUNTERFACTUAL - assumed: licensed live feed + courtside camera, not purchased; parameters from our measurements",hawkeye340,3.0,0.5,10,0.99,100.0,1000.0,0.005,region,D>=3c,cap1,ref_short,delay1,ref,decay,point,0.0,0.0,0.0,False,ref,burned_OOS,10,7093.0,3622.0,3564.0,335.6,0.502467221204004,0.01602191329216145,0.7649654589031438,0.08509798392781616,0.1499365571690399,0.7353999999999999,0.9602999999999998,0.33016601885654473,61.79440536506335,518921.45184923627,246838.7835468966,2.947945791631897,2.652003764903617,3.2534178491811723,15294.301567629882,13461.496114977728,17315.075116554515,15879.221206794735,-584.9196391648507,40.0,382.357539190747,42.56888093704152,-5.566890382004158,41.973962899817096,833.21913421835,3.0,3.0,8046.330158965687,24138.990476897055,63.68159038840897,581.0945122942319,-0.021846645406060298,0.25633715042593597,165461.90605511033,11.584655675833451,2.9320365620068647,0.10222472721980874
"COUNTERFACTUAL - assumed: licensed live feed + courtside camera, not purchased; parameters from our measurements",hawkeye340,3.0,0.5,10,0.99,1000.0,1000.0,0.005,region,D>=3c,cap1,ref_short,delay1,ref,decay,point,0.0,0.0,0.0,False,ref,IS,10,20795.0,13474.4,13247.6,887.1,0.6370569848521279,0.01683389281030263,0.7920942534263045,0.058792979081509975,0.1491127674921856,0.7685000000000001,1.0145,0.19400897398819433,158.67065152144204,8141899.5088769095,3779256.20248581,3.36425412139229,3.080950343719068,3.660810563881779,273943.2989692356,245947.250683924,302746.7389068434,284431.4327940647,-10488.133824829145,103.0,2659.643679312966,29.75598771565326,-776.0018781301085,-741.1431147815434,8855.513026636607,4.0,4.0,53289.67631915916,159869.0289574775,171.77265722675378,608.7089309491761,-0.48676424713773814,0.2494072358519686,185365.49332829047,83.75421885549271,1.529070660840394,0.09040305366130073
"COUNTERFACTUAL - assumed: licensed live feed + courtside camera, not purchased; parameters from our measurements",hawkeye340,3.0,0.5,10,0.99,1000.0,1000.0,0.005,region,D>=3c,cap1,ref_short,delay1,ref,decay,point,0.0,0.0,0.0,False,ref,burned_OOS,10,7093.0,4599.5,4527.6,335.6,0.6383194698999013,0.015639182628107005,0.7649654589031438,0.08509798392781616,0.1499365571690399,0.7353999999999999,0.9604999999999999,0.19241170297514526,163.4423006082024,2829154.7767443424,1318980.0345745308,2.8727618960875563,2.40578232304287,3.3473941372394016,81245.89784679076,66318.80886330515,96902.83555663718,84266.71457346379,-3020.816726673033,40.0,2031.147446169769,28.975608902371818,-705.7957861682793,-606.8302988608812,5523.36595966077,3.0,3.0,44989.80746826624,134969.42240479874,60.66979637675321,553.6118919378731,-0.5242050109935207,0.25598643210781163,165461.90605511033,169.89161911032818,4.123587173303505,0.2480212447282341
"COUNTERFACTUAL - assumed: licensed live feed + courtside camera, not purchased; parameters from our measurements",hawkeye340,3.0,0.5,30,0.95,100.0,1000.0,0.005,region,D>=3c,cap1,ref_short,delay1,ref,decay,point,0.0,0.0,0.0,False,ref,IS,10,54704.0,28723.0,27447.1,2499.0,0.5017384469143024,0.044420790197914596,0.7920956420005849,0.05982926294238081,0.14807509505703423,0.7743,1.0139,0.3198541625050276,54.31616643667822,3766779.9272176153,1790662.8236977216,2.95908970905259,2.844886640755602,3.0758025198654058,111461.32169066035,105923.64062784794,116928.6939437801,120836.51963046336,-9375.19793980302,103.0,1082.1487542782559,48.35356838823424,0.0,56.132766118519385,2237.7600538426263,4.0,4.0,17880.486722068927,53641.46016620678,208.50544417602282,738.8785157694012,0.0,0.20572448812730265,387976.4161831233,12.871107139463088,1.079889948391253,0.035158579632639075
"COUNTERFACTUAL - assumed: licensed live feed + courtside camera, not purchased; parameters from our measurements",hawkeye340,3.0,0.5,30,0.95,100.0,1000.0,0.005,region,D>=3c,cap1,ref_short,delay1,ref,decay,point,0.0,0.0,0.0,False,ref,burned_OOS,10,17384.0,9020.1,8619.1,975.4,0.49580648872526456,0.04444863232946059,0.7689312011044639,0.0805338242061666,0.15053497468936955,0.7360499999999999,0.9621999999999998,0.32393827817307813,57.11201512623934,1220538.2034460607,581859.9035864628,2.8121910479287546,2.6055675447467013,3.0289319129414602,34317.38812558784,31290.390525475443,37419.14405430017,37185.124781541985,-2867.736655954151,40.0,857.9347031396959,56.430084205858805,0.0,250.74629264362102,1513.5279059157378,3.0,3.0,12864.747818914246,38594.24345674274,89.14704221587967,813.466760219902,0.0,0.22522066293103382,340832.12707947334,15.293886851436318,5.120914643819161,0.06760907097410326
"COUNTERFACTUAL - assumed: licensed live feed + courtside camera, not purchased; parameters from our measurements",hawkeye340,3.0,0.5,30,0.95,1000.0,1000.0,0.005,region,D>=3c,cap1,ref_short,delay1,ref,decay,point,0.0,0.0,0.0,False,ref,IS,10,54704.0,36490.3,34851.2,2499.0,0.6370868675051184,0.04491940477171674,0.7920956420005849,0.05982926294238081,0.14807509505703423,0.7743,1.0135,0.1789535660389749,125.94339329930551,19563924.254083358,9095143.217189863,2.9566012403593804,2.7639507112593664,3.1460391772178427,578389.8663483795,533619.9485214101,622152.9572833793,635856.4018265833,-57466.53547820375,103.0,5615.435595615335,38.21196862950477,-227.95871140258095,-109.66145997863664,13338.842508391986,4.0,4.0,87443.54665226233,262330.639956787,221.12919064196004,783.6131513040331,-0.08490605630859122,0.20622646809639528,387976.4161831233,138.90596066837452,0.9124452388890162,0.07879254046495228
"COUNTERFACTUAL - assumed: licensed live feed + courtside camera, not purchased; parameters from our measurements",hawkeye340,3.0,0.5,30,0.95,1000.0,1000.0,0.005,region,D>=3c,cap1,ref_short,delay1,ref,decay,point,0.0,0.0,0.0,False,ref,burned_OOS,10,17384.0,11453.0,10942.6,975.4,0.6294638748274275,0.044563358386636345,0.7689312011044639,0.0805338242061666,0.15053497468936955,0.7360499999999999,0.9622999999999997,0.18487509410086125,139.9471244430751,6503538.029399013,3026339.6299191294,2.751011802863218,2.4053416215541796,3.1046578851556648,178885.00115131133,154063.4606183217,204423.78151100228,194387.56587512736,-15502.564723816027,40.0,4472.125028782783,39.208017613986314,-254.8765133203946,310.0384490196031,9555.485709093311,3.0,3.0,66176.2930185881,198528.8790557643,90.45265826585266,825.3805066759056,-0.12246122557292369,0.225509090817114,340832.12707947334,161.48188308744727,5.617571169783932,0.10746345048333018
"COUNTERFACTUAL - assumed: licensed live feed + courtside camera, not purchased; parameters from our measurements",hawkeye340,3.0,0.5,30,0.99,100.0,1000.0,0.005,region,D>=3c,cap1,ref_short,delay1,ref,decay,point,0.0,0.0,0.0,False,ref,IS,10,54704.0,28694.1,28219.5,2498.6,0.5158580725358292,0.016541283248869144,0.7920956420005849,0.05982926294238081,0.14807509505703423,0.7743,1.0151,0.31822783324928205,53.894677667736424,3750025.1815057374,1777867.12936312,3.218573369216653,3.1029093707855218,3.335828381569621,120694.6099410803,114955.92686962495,126413.20656095045,124278.26824071139,-3583.6582996310763,103.0,1171.7923295250516,49.683950557406845,0.0,73.71644294767276,2368.3158478394844,4.0,4.0,17732.997041504386,53198.991124513166,227.49735814661244,806.1799584807139,0.0,0.2034744820735494,397349.4998068444,10.826956738157017,1.0648364638922287,0.03369142860479155
"COUNTERFACTUAL - assumed: licensed live feed + courtside camera, not purchased; parameters from our measurements",hawkeye340,3.0,0.5,30,0.99,100.0,1000.0,0.005,region,D>=3c,cap1,ref_short,delay1,ref,decay,point,0.0,0.0,0.0,False,ref,burned_OOS,10,17384.0,9009.8,8864.4,974.9,0.5099171652093879,0.016136091090116787,0.7689312011044639,0.0805338242061666,0.15053497468936955,0.7360499999999999,0.9653,0.32211414784663256,56.7266861185023,1214128.7755913637,577402.2574846499,3.057747077631118,2.8438185321597738,3.278278604812485,37120.693753477855,34035.72089386561,40249.9385539175,38107.703165663224,-987.0094121853706,40.0,928.0173438369466,58.90588987500445,0.0,330.3056257392435,1600.6656568361457,3.0,3.0,12811.915182790466,38435.7455483714,96.84979163061423,883.7543486293549,0.0,0.2232072841089677,349111.2581621449,11.986667817191519,5.117855339610704,0.051616485556120605
"COUNTERFACTUAL - assumed: licensed live feed + courtside camera, not purchased; parameters from our measurements",hawkeye340,3.0,0.5,30,0.99,1000.0,1000.0,0.005,region,D>=3c,cap1,ref_short,delay1,ref,decay,point,0.0,0.0,0.0,False,ref,IS,10,54704.0,36414.3,35802.4,2498.6,0.6544749926879205,0.01680418991761843,0.7920956420005849,0.05982926294238081,0.14807509505703423,0.7743,1.0151,0.17753925337483895,124.9742551249495,19378602.44359635,8984659.340452118,3.2835272629481245,3.091552812304884,3.4768349815658155,636267.2926529729,591403.0461186708,680749.7783952283,657779.5155265712,-21512.22287359834,103.0,6177.352355854105,40.08961677072458,-153.60389608378608,52.36551586671563,14436.273251656288,4.0,4.0,85491.6351888061,256474.9055664184,248.80160972782966,881.6756072879401,-0.05902789504477124,0.20380160813928735,397349.4998068444,136.3394674831037,0.8162848488663019,0.0786885146185902
"COUNTERFACTUAL - assumed: licensed live feed + courtside camera, not purchased; parameters from our measurements",hawkeye340,3.0,0.5,30,0.99,1000.0,1000.0,0.005,region,D>=3c,cap1,ref_short,delay1,ref,decay,point,0.0,0.0,0.0,False,ref,burned_OOS,10,17384.0,11438.2,11254.9,974.9,0.6474286700414174,0.01602544210714262,0.7689312011044639,0.0805338242061666,0.15053497468936955,0.7360499999999999,0.9654999999999999,0.18263408331304481,137.37664343521845,6450750.845741424,2995266.208473622,3.0434162229429966,2.6894196075995414,3.4007780009840447,196306.55171308253,171047.87629130404,222087.96958656353,202689.04646370007,-6382.494750617548,40.0,4907.663792827063,42.19737838592119,-166.07287980604815,662.8481958645154,10005.479665313569,3.0,3.0,66571.13282510485,199713.39847531458,98.54214000354276,899.1970275323276,-0.08095599913125795,0.22353397940902328,349111.2581621449,184.91220835468465,6.337926078005834,0.11693719984805949
"COUNTERFACTUAL - assumed: licensed live feed + courtside camera, not purchased; parameters from our measurements",hawkeye340,3.0,1.0,3,0.95,100.0,1000.0,0.005,region,D>=3c,cap1,ref_short,delay1,ref,decay,point,0.0,0.0,0.0,False,ref,IS,10,6257.0,3027.4,2891.4,267.2,0.46210644078631924,0.04490381914252086,0.7922966277768899,0.05742368547227106,0.15027968675083908,0.7619,1.0146,0.35820243038791527,75.31190984285365,500977.337110045,239131.88954187403,3.0067963621138087,2.693888019073892,3.33096786042976,15059.56438388644,13200.235699097771,17019.739634779213,16695.93227880549,-1636.367894919044,103.0,146.2093629503538,24.995177079743208,-56.92250854162921,-56.92250854162934,548.338788340185,4.0,4.0,7240.201402328459,21720.604206985376,69.61895120812255,246.70793389286146,-0.2651943669799482,0.3769346396393349,122066.01388666299,5.268087776670265,0.8991033307221602,0.12428909856305133
"COUNTERFACTUAL - assumed: licensed live feed + courtside camera, not purchased; parameters from our measurements",hawkeye340,3.0,1.0,3,0.95,100.0,1000.0,0.005,region,D>=3c,cap1,ref_short,delay1,ref,decay,point,0.0,0.0,0.0,False,ref,burned_OOS,10,2402.0,1144.7,1094.4,103.0,0.45562031640299755,0.043933484451536484,0.7707743547044129,0.0757285595337219,0.1534970857618651,0.7392999999999998,0.9714499999999999,0.363429673469875,74.6246158392213,188580.61496100182,89620.81268072971,2.9326324904109775,2.4619797917477366,3.4337924602152277,5526.506996086724,4485.768869510878,6636.888073534816,6058.441354307403,-531.9343582206787,40.0,138.1626749021681,24.781865302102,-29.55481276098709,-29.554812760987097,423.0708934030683,3.0,3.0,3468.341457648314,10405.024372944943,53.24517558897013,485.8622272493523,-0.2850405864216309,0.36736918864293416,115035.99943275198,5.661850818773085,2.7076460967958584,0.15072444322045037
"COUNTERFACTUAL - assumed: licensed live feed + courtside camera, not purchased; parameters from our measurements",hawkeye340,3.0,1.0,3,0.95,1000.0,1000.0,0.005,region,D>=3c,cap1,ref_short,delay1,ref,decay,point,0.0,0.0,0.0,False,ref,IS,10,6257.0,3836.4,3662.7,267.2,0.5853763784561291,0.045268037075596144,0.7922966277768899,0.05742368547227106,0.15027968675083908,0.7619,1.0134,0.2297562733439368,287.2110712548013,3192708.0858068485,1497071.0805311287,3.064765035380595,2.620671449536295,3.5199791597971477,97865.02525846224,81799.16977778154,115103.68371376433,107531.8907325253,-9666.865474063034,103.0,950.14587629575,19.63177567387918,-719.0558205387879,-688.6943899686082,4331.258591922409,4.0,4.0,45561.765135921654,136685.29540776493,71.95627817307921,254.99069449683412,-0.5315642075087801,0.3778107890920779,122066.01388666299,49.21663712745554,1.1399953073654527,0.14436402407658272
"COUNTERFACTUAL - assumed: licensed live feed + courtside camera, not purchased; parameters from our measurements",hawkeye340,3.0,1.0,3,0.95,1000.0,1000.0,0.005,region,D>=3c,cap1,ref_short,delay1,ref,decay,point,0.0,0.0,0.0,False,ref,burned_OOS,10,2402.0,1456.2,1392.4,103.0,0.5796835970024979,0.0438294096021429,0.7707743547044129,0.0757285595337219,0.1534970857618651,0.7392999999999998,0.97645,0.23448825333979517,276.37674063178486,1200398.27641682,559506.3334780828,2.9538238348695263,2.2782181418079293,3.6386674287493186,35408.35897288406,26269.79523164715,44777.299658075885,37693.834862290656,-2285.475889406597,40.0,885.2089743221015,19.964392442987585,-590.7520776368849,-518.6693198607478,2946.5415034801404,2.9,3.0,22524.68772966804,67574.06318900413,52.52286477479665,479.27114107001944,-0.8789273672030165,0.36827010498293883,115035.99943275198,58.65387141917543,2.683279505894444,0.23117925310684578
"COUNTERFACTUAL - assumed: licensed live feed + courtside camera, not purchased; parameters from our measurements",hawkeye340,3.0,1.0,3,0.99,100.0,1000.0,0.005,region,D>=3c,cap1,ref_short,delay1,ref,decay,point,0.0,0.0,0.0,False,ref,IS,10,6257.0,3028.4,2978.2,267.2,0.47597890362793677,0.016576016009175597,0.7922966277768899,0.05742368547227106,0.15027968675083908,0.7619,1.0151999999999999,0.35626011890881754,75.1990018568606,501279.5523383488,238695.42416597623,3.2267279929354387,2.9105181021863595,3.5634863913035844,16172.046691132218,14233.259960380188,18229.854258447263,16872.908380246732,-700.8616891145132,103.0,157.01016204982736,25.791664374664816,-49.67356986722034,-49.673569867220415,569.7129885528554,4.0,4.0,7216.862142286393,21650.58642685918,74.86295554121827,265.2910560441231,-0.23178181636263565,0.3766784114003293,124958.29141759586,4.893905768507569,0.6942008780102333,0.1132557575354211
"COUNTERFACTUAL - assumed: licensed live feed + courtside camera, not purchased; parameters from our measurements",hawkeye340,3.0,1.0,3,0.99,100.0,1000.0,0.005,region,D>=3c,cap1,ref_short,delay1,ref,decay,point,0.0,0.0,0.0,False,ref,burned_OOS,10,2402.0,1140.4,1122.5,102.9,0.46731890091590333,0.015700679657693662,0.7707743547044129,0.0757285595337219,0.1534970857618651,0.7392999999999998,0.9776,0.36319846152720653,74.31427923387544,187813.92438372638,88958.03467940497,3.160205292371555,2.6923768227204112,3.6667850442911343,5934.093769971614,4865.497093843122,7075.851027077978,6257.619729347212,-323.5259593755977,40.0,148.35234424929033,25.617555451420763,-22.388205807933637,-22.071709645728806,446.67179182405135,3.0,3.0,3381.7007690831515,10145.102307249452,58.59492270725534,534.678669703705,-0.22059247437365417,0.3673669478144026,118137.38456674412,5.184505676414321,1.7684227510161614,0.1160511741106286
"COUNTERFACTUAL - assumed: licensed live feed + courtside camera, not purchased; parameters from our measurements",hawkeye340,3.0,1.0,3,0.99,1000.0,1000.0,0.005,region,D>=3c,cap1,ref_short,delay1,ref,decay,point,0.0,0.0,0.0,False,ref,IS,10,6257.0,3832.3,3770.0,267.2,0.6025251718075756,0.01626150447613567,0.7922966277768899,0.05742368547227106,0.15027968675083908,0.7619,1.0146,0.22784053863228504,287.0705027002571,3197801.998148812,1495702.728909701,3.2883221179241424,2.8424500651060187,3.746796293809519,105165.22384824666,88832.59934289884,122665.494107476,109838.68659807913,-4673.462749832472,103.0,1021.0215907596764,20.70806337082879,-733.1720674170556,-660.0327959241611,4533.952423201094,4.0,4.0,44990.4141144619,134971.2423433857,78.17162218965713,277.0159427109209,-0.5498281386335253,0.3781265038666848,124958.29141759586,53.72329152458986,1.163350571130829,0.16186980754405747
"COUNTERFACTUAL - assumed: licensed live feed + courtside camera, not purchased; parameters from our measurements",hawkeye340,3.0,1.0,3,0.99,1000.0,1000.0,0.005,region,D>=3c,cap1,ref_short,delay1,ref,decay,point,0.0,0.0,0.0,False,ref,burned_OOS,10,2402.0,1451.1,1430.0,102.9,0.5953372189841798,0.01454842558984586,0.7707743547044129,0.0757285595337219,0.1534970857618651,0.7392999999999998,0.9792,0.233489395674499,277.87798343178326,1199148.2932046573,557809.925835217,3.17538226295333,2.488395128566741,3.8782843938472107,38043.290128505556,28735.005216069163,47888.59376796672,39521.44271091213,-1478.1525824065789,40.0,951.0822532126389,20.79096924850937,-606.657446284083,-533.4990271225058,3022.0020984397215,3.0,3.0,22506.0383794535,67518.1151383605,56.56756174042545,516.1790008813822,-0.9038483016590032,0.36959502739649264,118137.38456674412,57.001043084361505,2.3181004314220055,0.20453511290474552
"COUNTERFACTUAL - assumed: licensed live feed + courtside camera, not purchased; parameters from our measurements",hawkeye340,3.0,1.0,10,0.95,100.0,1000.0,0.005,region,D>=3c,cap1,ref_short,delay1,ref,decay,point,0.0,0.0,0.0,False,ref,IS,10,20795.0,10054.6,9616.3,887.2,0.46243327723010336,0.04359131415592672,0.7920942534263045,0.058792979081509975,0.1491127674921856,0.7685000000000001,1.0133999999999999,0.35971336137763305,72.45457092498606,1617353.3674178345,769564.777518881,3.0569074065247994,2.8889740666720516,3.232025746185881,49438.71483072931,45974.940319686415,53010.52154510978,53326.567305112956,-3887.852474383651,103.0,479.98752262843993,40.13994933088101,-19.054281726408952,15.52995806724493,1321.498368467184,4.0,4.0,10683.91710306538,32051.751309196137,154.79677005791515,548.551660884845,-0.05582786866139776,0.3468742168504567,362215.68792769674,8.486931485309308,1.1399899226598855,0.05789696196545844
"COUNTERFACTUAL - assumed: licensed live feed + courtside camera, not purchased; parameters from our measurements",hawkeye340,3.0,1.0,10,0.95,100.0,1000.0,0.005,region,D>=3c,cap1,ref_short,delay1,ref,decay,point,0.0,0.0,0.0,False,ref,burned_OOS,10,7093.0,3452.7,3300.6,336.0,0.4653320174820245,0.044026649225552536,0.7649654589031438,0.08509798392781616,0.1499365571690399,0.7353999999999999,0.9578499999999999,0.3562193578708147,73.42245410149243,560291.4392719228,267837.57206437766,2.7153697693173355,2.436806087474161,3.01033787543153,15208.37990031603,13326.552148811912,17244.166631844368,16469.676356832962,-1261.296456516931,40.0,380.2094975079008,41.5053948990352,-6.651236168840796,26.16170561866118,834.54358899555,3.0,3.0,8337.958750222484,25013.87625066745,60.93047163505501,555.9905536698768,-0.024441695772026383,0.3525621707467469,322830.5920513206,12.15408447384011,3.27270272555553,0.10634482975222484
"COUNTERFACTUAL - assumed: licensed live feed + courtside camera, not purchased; parameters from our measurements",hawkeye340,3.0,1.0,10,0.95,1000.0,1000.0,0.005,region,D>=3c,cap1,ref_short,delay1,ref,decay,point,0.0,0.0,0.0,False,ref,IS,10,20795.0,12838.1,12266.5,887.2,0.5898773743688387,0.044519376222561836,0.7920942534263045,0.058792979081509975,0.1491127674921856,0.7685000000000001,1.0131000000000001,0.2270613887053034,255.03200358939165,10088400.998896414,4715977.992122671,3.1221671917754796,2.8784091281044053,3.3696135335759214,314989.28226398106,285602.9835488675,345407.7247320377,339850.7432931483,-24861.4610291672,103.0,3058.148371494962,31.514508504989948,-736.1163040710693,-730.0728085525573,9538.105227300835,4.0,4.0,65475.451925678135,196426.35577703436,160.91535389663872,570.2340210900304,-0.382007881355073,0.3457024618575534,362215.68792769674,73.3202432281966,1.1859703021857337,0.06618457195528855
"COUNTERFACTUAL - assumed: licensed live feed + courtside camera, not purchased; parameters from our measurements",hawkeye340,3.0,1.0,10,0.95,1000.0,1000.0,0.005,region,D>=3c,cap1,ref_short,delay1,ref,decay,point,0.0,0.0,0.0,False,ref,burned_OOS,10,7093.0,4390.8,4196.0,336.0,0.5915691526857466,0.04435264007382568,0.7649654589031438,0.08509798392781616,0.1499365571690399,0.7353999999999999,0.9585999999999997,0.22488009645175494,260.15768425891923,3495322.1657414176,1638500.1632108209,2.7114537241312466,2.3228148766887387,3.1114442194427263,94757.86839546505,78767.28760421873,111355.64946447898,100837.54025161527,-6079.671856150229,40.0,2368.946709886626,32.67213135150802,-466.11974326195633,-397.05695558076087,5986.333499767702,3.0,3.0,52789.440399815634,158368.3211994469,59.934470099991564,546.902039662423,-0.29353545946934384,0.3529732510380245,322830.5920513206,140.13526589130174,4.757572556998219,0.16372398721663822
"COUNTERFACTUAL - assumed: licensed live feed + courtside camera, not purchased; parameters from our measurements",hawkeye340,3.0,1.0,10,0.99,100.0,1000.0,0.005,region,D>=3c,cap1,ref_short,delay1,ref,decay,point,0.0,0.0,0.0,False,ref,IS,10,20795.0,10041.1,9877.3,887.1,0.4749843712430873,0.016314614859646016,0.7920942534263045,0.058792979081509975,0.1491127674921856,0.7685000000000001,1.0145,0.35851188522928823,72.25154330165012,1615396.7405073652,766709.0318904206,3.27992520670915,3.1119584066101735,3.455809387993503,52981.885167369364,49422.894292139266,56614.78655145309,54660.9638998872,-1679.078732517854,103.0,514.387234634654,41.44551492307101,-3.876479348820067,42.171659579523336,1405.8156381577396,4.0,4.0,10724.787159173991,32174.361477521976,165.35486945948492,585.9662849777862,-0.011390717848150936,0.34615749756361724,370730.98665658094,7.420352447047773,0.7347090835255785,0.05015867091969295
"COUNTERFACTUAL - assumed: licensed live feed + courtside camera, not purchased; parameters from our measurements",hawkeye340,3.0,1.0,10,0.99,100.0,1000.0,0.005,region,D>=3c,cap1,ref_short,delay1,ref,decay,point,0.0,0.0,0.0,False,ref,burned_OOS,10,7093.0,3445.5,3391.5,335.6,0.47814746933596497,0.01568186656134629,0.7649654589031438,0.08509798392781616,0.1499365571690399,0.7353999999999999,0.9595499999999998,0.35482641998003195,73.2280843125428,559444.502315728,266744.0826395518,2.942474679579396,2.6591415828264426,3.2399434171604256,16457.779468551988,14570.615657546121,18534.874727377628,17043.16859036811,-585.3891218161195,40.0,411.4444867137997,43.643769790652115,-5.553033071441041,50.30496987019332,883.3425421485927,3.0,3.0,8596.074974790308,25788.224924370923,64.09970319292269,584.9097916354195,-0.020401139992689592,0.3528700327895727,330923.81211022066,8.913555353737182,2.624800064277175,0.08120100049788197
"COUNTERFACTUAL - assumed: licensed live feed + courtside camera, not purchased; parameters from our measurements",hawkeye340,3.0,1.0,10,0.99,1000.0,1000.0,0.005,region,D>=3c,cap1,ref_short,delay1,ref,decay,point,0.0,0.0,0.0,False,ref,IS,10,20795.0,12806.9,12592.5,887.1,0.6055542197643664,0.01674152749815473,0.7920942534263045,0.058792979081509975,0.1491127674921856,0.7685000000000001,1.0145,0.22598351089876045,254.4663266123714,10072423.609683331,4697314.217140448,3.3608925214806957,3.1197262535582007,3.611371472068042,338549.1056161448,308078.43383272557,369787.6396402116,349058.02331992186,-10508.917703777091,103.0,3286.884520545095,32.94385300221818,-543.2517256233056,-505.84428213587864,10251.400165177927,4.0,4.0,65682.268279687,197046.80483906102,172.30609539224798,610.5992700793254,-0.27872195448763054,0.3457287484435139,370730.98665658094,75.74628851864388,1.178801831021588,0.06162451587375183
"COUNTERFACTUAL - assumed: licensed live feed + courtside camera, not purchased; parameters from our measurements",hawkeye340,3.0,1.0,10,0.99,1000.0,1000.0,0.005,region,D>=3c,cap1,ref_short,delay1,ref,decay,point,0.0,0.0,0.0,False,ref,burned_OOS,10,7093.0,4380.5,4312.7,335.6,0.6080219935147329,0.015486324034735943,0.7649654589031438,0.08509798392781616,0.1499365571690399,0.7353999999999999,0.9607999999999999,0.22313355016526457,260.50557274022077,3497087.484959848,1636384.7796774406,2.937318344643952,2.548304079013103,3.3396684070405045,102705.53036264644,86480.71157171435,119670.5973550851,105694.79559828201,-2989.265235635549,40.0,2567.6382590661615,34.690823487801566,-370.8768528316174,-284.1878909582873,6343.4803927514495,3.0,3.0,54359.17681518387,163077.53044555162,63.21670784547958,576.8524590900013,-0.22455741960129125,0.35381614209316187,330923.81211022066,154.8456156550071,4.705754148961394,0.18018351308080618
"COUNTERFACTUAL - assumed: licensed live feed + courtside camera, not purchased; parameters from our measurements",hawkeye340,3.0,1.0,30,0.95,100.0,1000.0,0.005,region,D>=3c,cap1,ref_short,delay1,ref,decay,point,0.0,0.0,0.0,False,ref,IS,10,54704.0,27229.9,26029.8,2499.0,0.4758299210295408,0.04407312937137159,0.7920956420005849,0.05982926294238081,0.14807509505703423,0.7743,1.01365,0.346825411236071,66.96025041052172,4117401.747530469,1961360.5333331288,2.988725244710184,2.8808186781779197,3.0993388504378396,123057.75436888896,117352.3782471258,128687.7986929804,132372.34464677086,-9314.59027788189,103.0,1194.7354793096017,50.307829067446306,0.0,69.64778033432184,2448.47416730673,4.0,4.0,19895.59074034182,59686.77222102545,206.74041938170626,732.6238162555611,0.0,0.2947036473387021,775952.8323662466,12.585959826640746,1.0181991577015421,0.029177230822407245
"COUNTERFACTUAL - assumed: licensed live feed + courtside camera, not purchased; parameters from our measurements",hawkeye340,3.0,1.0,30,0.95,100.0,1000.0,0.005,region,D>=3c,cap1,ref_short,delay1,ref,decay,point,0.0,0.0,0.0,False,ref,burned_OOS,10,17384.0,8585.7,8204.0,975.4,0.4719282098481362,0.044449190956895604,0.7689312011044639,0.0805338242061666,0.15053497468936955,0.7360499999999999,0.96275,0.3487817098358494,68.34250447808304,1325742.0695789224,633841.204633925,2.830588792645596,2.637207024654613,3.0360727961447194,37520.212588210416,34420.966436915434,40765.470008701566,40402.168662154545,-2881.956073944129,40.0,938.0053147052602,59.18943261273838,0.0,297.1709334095725,1614.4768899028845,3.0,3.0,13997.507786613496,41992.52335984048,89.52847324465873,816.9473183575108,0.0,0.3163812341393265,681664.2541589467,14.321351030088621,4.679446572395081,0.060185453667515494
"COUNTERFACTUAL - assumed: licensed live feed + courtside camera, not purchased; parameters from our measurements",hawkeye340,3.0,1.0,30,0.95,1000.0,1000.0,0.005,region,D>=3c,cap1,ref_short,delay1,ref,decay,point,0.0,0.0,0.0,False,ref,IS,10,54704.0,34733.4,33179.7,2499.0,0.6065315150628839,0.04473241557279058,0.7920956420005849,0.05982926294238081,0.14807509505703423,0.7743,1.0138,0.21076222821809557,209.9177791257539,24407207.2466806,11400741.047289956,3.048893988572553,2.8897984603009386,3.2061569501399205,744125.0190619659,696456.067936527,791287.6086196618,801075.9634524353,-56950.944390469565,103.0,7224.514748174425,42.2778794817224,-120.70582501978497,102.37834105131435,16128.306834563275,4.0,4.0,110462.27312889657,331386.81938668975,225.19786484863033,798.0312686383501,-0.03652328658477779,0.29436671208097775,775952.8323662466,117.48440629654489,0.98157429531256,0.053431180592875875
"COUNTERFACTUAL - assumed: licensed live feed + courtside camera, not purchased; parameters from our measurements",hawkeye340,3.0,1.0,30,0.95,1000.0,1000.0,0.005,region,D>=3c,cap1,ref_short,delay1,ref,decay,point,0.0,0.0,0.0,False,ref,burned_OOS,10,17384.0,10921.1,10435.2,975.4,0.6002761159687069,0.04449037624399216,0.7689312011044639,0.0805338242061666,0.15053497468936955,0.7360499999999999,0.9625999999999998,0.21524404038076325,230.29370159561304,8053420.82374499,3765467.150378529,2.8451348331437583,2.5554309405657634,3.137321863439832,229100.33788738554,202459.87116614246,256737.3511123517,244542.5751551244,-15442.23726773886,40.0,5727.508447184638,45.61230048881564,-131.7297816596343,976.2979068559501,11225.683450318587,3.0,3.0,81762.05472643123,245286.16417929367,93.69545443863167,854.971021752514,-0.0495421414006407,0.3174457975171944,681664.2541589467,147.5074466125276,6.300728151786041,0.08211589297637754
"COUNTERFACTUAL - assumed: licensed live feed + courtside camera, not purchased; parameters from our measurements",hawkeye340,3.0,1.0,30,0.99,100.0,1000.0,0.005,region,D>=3c,cap1,ref_short,delay1,ref,decay,point,0.0,0.0,0.0,False,ref,IS,10,54704.0,27170.0,26724.3,2498.6,0.4885255191576484,0.01640555780387949,0.7920956420005849,0.05982926294238081,0.14807509505703423,0.7743,1.015,0.34596880588558343,66.8291650067192,4109752.4461197807,1952921.8249337606,3.222137124564468,3.1137596055297596,3.3333299159714884,132420.6722064392,126536.38388658369,138301.09008604803,135979.85729433017,-3559.185087890952,103.0,1285.6375942372738,51.48318504779921,0.0,86.47232394591133,2576.302924037775,4.0,4.0,19806.916485604004,59420.749456812024,223.28304893617593,791.245755938876,0.0,0.2950507930442251,794698.9996136888,11.101969643650992,0.9372863756137036,0.028540904687279017
"COUNTERFACTUAL - assumed: licensed live feed + courtside camera, not purchased; parameters from our measurements",hawkeye340,3.0,1.0,30,0.99,100.0,1000.0,0.005,region,D>=3c,cap1,ref_short,delay1,ref,decay,point,0.0,0.0,0.0,False,ref,burned_OOS,10,17384.0,8558.0,8421.5,974.9,0.4844397146801656,0.015948224995226634,0.7689312011044639,0.0805338242061666,0.15053497468936955,0.7360499999999999,0.9666,0.3479563214945117,68.20557507031563,1321772.2213228887,630490.2020851502,3.0609265543881063,2.859728447956315,3.270190220276116,40454.64214516604,37328.90130420864,43690.645787769,41419.00169018165,-964.3595450156039,40.0,1011.3660536291512,61.448310348336484,0.0,376.7492553920685,1691.3525110913135,3.0,3.0,13976.443023050937,41929.32906915281,96.63415109579987,881.7866287491737,0.0,0.31689230051645306,698222.5163242898,12.278929447445305,4.944255728414466,0.04757379558299023
"COUNTERFACTUAL - assumed: licensed live feed + courtside camera, not purchased; parameters from our measurements",hawkeye340,3.0,1.0,30,0.99,1000.0,1000.0,0.005,region,D>=3c,cap1,ref_short,delay1,ref,decay,point,0.0,0.0,0.0,False,ref,IS,10,54704.0,34606.2,34029.0,2498.6,0.6220568879789411,0.0166794054997906,0.7920956420005849,0.05982926294238081,0.14807509505703423,0.7743,1.0151999999999999,0.21044167997305538,209.87472044366996,24348816.38363277,11348314.318330273,3.3063225073695803,3.1475539554713374,3.467647728885263,805021.0972975851,756000.8869146185,853694.7717931282,826232.6938652012,-21211.596567615787,103.0,7815.738808714419,43.65898197717774,-45.81618595180917,218.1437653570843,17283.856060630475,4.0,4.0,108907.4847639204,326722.4542917612,247.0440678674961,875.4474249673406,-0.013842389436195262,0.2947938969830385,794698.9996136888,107.01350772114203,1.2398422568717016,0.05111169284126396
"COUNTERFACTUAL - assumed: licensed live feed + courtside camera, not purchased; parameters from our measurements",hawkeye340,3.0,1.0,30,0.99,1000.0,1000.0,0.005,region,D>=3c,cap1,ref_short,delay1,ref,decay,point,0.0,0.0,0.0,False,ref,burned_OOS,10,17384.0,10888.5,10714.5,974.9,0.6163426138978372,0.01597840067827343,0.7689312011044639,0.0805338242061666,0.15053497468936955,0.7360499999999999,0.9654000000000001,0.21416530773380504,230.16340853352418,8036878.863364479,3751371.9985537967,3.0780979194691502,2.7819200477192823,3.376362288038,247357.23386521102,220172.93557299953,275233.40523188683,253851.7298538573,-6494.495988646346,40.0,6183.9308466302755,48.22165883916045,-82.24011326353647,1201.1505646879068,11523.961820821369,3.0,3.0,82284.12149620181,246852.3644886054,100.49207082999615,916.990146323715,-0.03135487561985485,0.31815139974381634,698222.5163242898,160.66101693569513,6.808647529364244,0.08509165291229714
"COUNTERFACTUAL - assumed: licensed live feed + courtside camera, not purchased; parameters from our measurements",hawkeye340,3.142,0.25,3,0.95,100.0,1000.0,0.005,region,D>=3c,cap1,ref_short,delay1,ref,decay,point,0.0,0.0,0.0,False,ref,IS,10,6257.0,3462.9,3310.7,267.3,0.5291193862873581,0.043945303639579145,0.8185232539555697,0.059789036279367117,0.12168770976506313,0.9038999999999999,1.1460999999999997,0.31733786631732464,50.79572034393668,434834.0562965499,206910.79861031464,2.957912434425761,2.6211635604570027,3.3111204018470266,12861.017727305509,11142.224352116562,14700.988008287202,14505.714680557308,-1644.696953251801,103.0,124.86424977966513,23.176115245665198,-59.10094792770924,-59.100947927709264,506.81365679280736,4.0,4.0,6359.74384920503,19079.23154761509,67.79705505930914,240.2516999674548,-0.31149110787669926,0.17189814682711152,32471.61492596076,5.895213448053414,1.0749714997869086,0.14212836629899558
"COUNTERFACTUAL - assumed: licensed live feed + courtside camera, not purchased; parameters from our measurements",hawkeye340,3.142,0.25,3,0.95,100.0,1000.0,0.005,region,D>=3c,cap1,ref_short,delay1,ref,decay,point,0.0,0.0,0.0,False,ref,burned_OOS,10,2402.0,1311.9,1257.6,103.1,0.5235636969192339,0.041401097602408024,0.8114487926727726,0.06069941715237302,0.1278517901748543,0.8812999999999999,1.0920999999999998,0.31869585008428164,50.180898700715936,163295.1382909137,77161.17127004296,2.9401483963495303,2.4239181682618525,3.484438269580788,4796.54878287861,3811.785687825571,5838.056538889667,5364.834076501798,-568.2852936231867,40.0,119.91371957196527,23.19253613229398,-45.65898246973018,-45.65898246973027,368.20497700888757,3.0,3.0,3089.246304658872,9267.738913976616,51.86189434150422,473.239785866226,-0.49700309047211066,0.16207443084017614,30605.856380445686,6.745105416101995,2.7472827453987514,0.19547047772959958
"COUNTERFACTUAL - assumed: licensed live feed + courtside camera, not purchased; parameters from our measurements",hawkeye340,3.142,0.25,3,0.95,1000.0,1000.0,0.005,region,D>=3c,cap1,ref_short,delay1,ref,decay,point,0.0,0.0,0.0,False,ref,IS,10,6257.0,4348.9,4156.3,267.3,0.6642640242927921,0.04429493051837626,0.8185232539555697,0.059789036279367117,0.12168770976506313,0.9038999999999999,1.1446999999999998,0.17652238395075565,108.28752438343854,2128589.6355082286,988526.9114512263,2.9093041573494887,2.3037340533549004,3.527786325439324,61996.11363902579,48100.34612652725,76658.19183131387,70659.06375404407,-8662.950115018288,103.0,601.9040159128717,14.9999550583863,-1137.0632272124094,-794.2485557907671,2985.1532590043134,4.0,4.0,29715.97067137775,89147.91201413327,69.91574472756706,247.75967791807744,-1.301992521519732,0.1708901053790918,32471.61492596076,61.01719303188169,1.2162345026675858,0.255839094880729
"COUNTERFACTUAL - assumed: licensed live feed + courtside camera, not purchased; parameters from our measurements",hawkeye340,3.142,0.25,3,0.95,1000.0,1000.0,0.005,region,D>=3c,cap1,ref_short,delay1,ref,decay,point,0.0,0.0,0.0,False,ref,burned_OOS,10,2402.0,1651.9,1581.9,103.1,0.6585761865112406,0.0424016636313441,0.8114487926727726,0.06069941715237302,0.1278517901748543,0.8812999999999999,1.1010999999999997,0.17836687191499861,107.12416551296033,796472.5541295434,368675.3415278364,2.6832543061422824,1.715145031168369,3.649912954545613,21327.863247058012,13084.38610654276,29804.205172818656,23621.690407676197,-2293.82716061819,40.0,533.1965811764501,13.745876165868395,-1116.3465180940796,-782.1253254725485,2405.247717153956,3.0,3.0,15082.918314770825,45248.75494431247,47.240025332573644,431.0652311597345,-2.5561375287047836,0.1626330176220909,30605.856380445686,79.02021643975736,3.1511510706761605,0.4131580280878829
"COUNTERFACTUAL - assumed: licensed live feed + courtside camera, not purchased; parameters from our measurements",hawkeye340,3.142,0.25,3,0.99,100.0,1000.0,0.005,region,D>=3c,cap1,ref_short,delay1,ref,decay,point,0.0,0.0,0.0,False,ref,IS,10,6257.0,3475.5,3420.1,267.3,0.5466038037398114,0.015945953675326842,0.8185232539555697,0.059789036279367117,0.12168770976506313,0.9038999999999999,1.1483999999999999,0.31325003628039827,50.13888498953389,433462.635916881,205622.73921423784,3.2227277126456784,2.8704920362807345,3.5885000096158115,13968.002807802866,12163.341394701718,15902.216502842046,14729.80960433133,-761.8067965284636,103.0,135.61167774565888,24.11870066085344,-51.5024065321722,-51.50240653217238,530.9033363610512,4.0,4.0,6282.941783498298,18848.825350494895,74.41716115550109,263.71129924036796,-0.2741422579261211,0.16587953355153168,33237.91033212341,5.326636614190273,0.9564532943047822,0.1288794982851417
"COUNTERFACTUAL - assumed: licensed live feed + courtside camera, not purchased; parameters from our measurements",hawkeye340,3.142,0.25,3,0.99,100.0,1000.0,0.005,region,D>=3c,cap1,ref_short,delay1,ref,decay,point,0.0,0.0,0.0,False,ref,burned_OOS,10,2402.0,1312.7,1293.5,103.0,0.5385095753538718,0.014625702494992298,0.8114487926727726,0.06069941715237302,0.1278517901748543,0.8812999999999999,1.0918999999999999,0.3167995152962551,49.292290401253695,162198.20619122317,76359.35278012145,3.1972757453689367,2.680831926410227,3.757141619762538,5184.0868828966095,4183.654867820075,6250.516541580705,5528.154888152252,-344.0680052556443,40.0,129.60217207241521,23.97299921124666,-39.2317700078526,-39.17407860149518,398.1917004992075,3.0,3.0,2995.170773657902,8985.512320973707,57.88615231582255,528.2111398818809,-0.4377940931089276,0.15735892262284598,31416.653177295426,6.3061495792482685,1.9310291954970427,0.16203014490733147
"COUNTERFACTUAL - assumed: licensed live feed + courtside camera, not purchased; parameters from our measurements",hawkeye340,3.142,0.25,3,0.99,1000.0,1000.0,0.005,region,D>=3c,cap1,ref_short,delay1,ref,decay,point,0.0,0.0,0.0,False,ref,IS,10,6257.0,4355.5,4285.9,267.3,0.6849768259549305,0.01599054994574779,0.8185232539555697,0.059789036279367117,0.12168770976506313,0.9038999999999999,1.1469999999999998,0.17282953665456338,106.2629167258784,2101292.3247264507,971773.6397813096,3.2966564753831,2.686226500551173,3.9162357469561755,69320.4282054289,55323.01439550867,84156.88707440547,73311.5982886133,-3991.170083184402,103.0,673.0138660721253,16.526897760039557,-1065.9999495354198,-764.6226015935415,3290.2010435090037,4.0,4.0,29120.69524631922,87362.08573895767,79.94631770096169,283.304912241272,-1.263186695814585,0.16488776676863423,33237.91033212341,63.45855026893963,1.2453458784928249,0.2765968661599292
"COUNTERFACTUAL - assumed: licensed live feed + courtside camera, not purchased; parameters from our measurements",hawkeye340,3.142,0.25,3,0.99,1000.0,1000.0,0.005,region,D>=3c,cap1,ref_short,delay1,ref,decay,point,0.0,0.0,0.0,False,ref,burned_OOS,10,2402.0,1652.3,1628.3,103.0,0.6778934221482098,0.014521329666077687,0.8114487926727726,0.06069941715237302,0.1278517901748543,0.8812999999999999,1.1028499999999997,0.17556637811592885,103.81049400586456,785179.8926971576,362434.70469420985,3.0374987562468836,2.048639455043112,4.028211737636366,23805.896360430976,15415.462482396533,32545.126755857364,25338.93799349319,-1533.0416330622152,40.0,595.1474090107744,14.888116167234518,-1039.653694101778,-746.0171356029839,2397.2622771830074,3.0,3.0,14663.884565379765,43991.65369613929,54.27724685312402,495.27987753475674,-2.4239340079553067,0.15677299976247927,31416.653177295426,81.58434385842192,2.1715080497671333,0.4369128550927141
"COUNTERFACTUAL - assumed: licensed live feed + courtside camera, not purchased; parameters from our measurements",hawkeye340,3.142,0.25,10,0.95,100.0,1000.0,0.005,region,D>=3c,cap1,ref_short,delay1,ref,decay,point,0.0,0.0,0.0,False,ref,IS,10,20795.0,11571.2,11074.8,888.3,0.5325703294061073,0.04289674319847027,0.819201731185381,0.06025006011060351,0.12054820870401539,0.9104999999999999,1.1453999999999998,0.31557589122106783,46.43564089652712,1383418.1144061135,655853.4351863515,3.0071141565797577,2.8235517280490487,3.199269497164542,41599.43050802609,38373.14447289202,44926.83985408705,45578.09794325413,-3978.66743522804,103.0,403.8779660973407,36.43256449514454,-38.12052022696516,-27.21363145284285,1181.6655853677662,4.0,4.0,9091.986841776077,27275.960525328228,152.8555459386297,541.6725657048528,-0.13891706487513783,0.15016140467806016,96270.20802749302,9.057444079758401,1.0852326760524984,0.06797751100917264
"COUNTERFACTUAL - assumed: licensed live feed + courtside camera, not purchased; parameters from our measurements",hawkeye340,3.142,0.25,10,0.95,100.0,1000.0,0.005,region,D>=3c,cap1,ref_short,delay1,ref,decay,point,0.0,0.0,0.0,False,ref,burned_OOS,10,7093.0,3940.7,3772.6,336.3,0.5318764979557311,0.042642120823670936,0.8136331594529818,0.061694628506978696,0.12467221204003946,0.8773999999999997,1.0912499999999998,0.3125082813979678,48.441701592774244,479894.9122374292,227995.64500159508,2.726945582670804,2.4187762618130955,3.0520216076679763,13081.863526880677,11324.753425789113,14963.529426547422,14387.3754301502,-1305.5119032695206,40.0,327.046588172017,38.67997803254358,-14.896561945220492,2.2185902839798968,728.3160170628541,3.0,3.0,7293.510258624122,21880.53077587237,59.86739816642934,546.2900082686677,-0.06829985169670104,0.15215577863348648,85873.95648231114,15.159290579449133,3.261802350491279,0.1402954428085764
"COUNTERFACTUAL - assumed: licensed live feed + courtside camera, not purchased; parameters from our measurements",hawkeye340,3.142,0.25,10,0.95,1000.0,1000.0,0.005,region,D>=3c,cap1,ref_short,delay1,ref,decay,point,0.0,0.0,0.0,False,ref,IS,10,20795.0,14600.0,13968.0,888.3,0.6716999278672758,0.04328655460614493,0.819201731185381,0.06025006011060351,0.12054820870401539,0.9104999999999999,1.1421,0.17076344869072255,92.60333267394522,6630166.547863048,3069890.1107555972,2.9662921831468356,2.6270142554332683,3.30394745279665,196684.36914632405,171707.0296648917,222138.24859019712,221720.15375893036,-25035.784612606338,103.0,1909.5569820031462,24.359542336853497,-1295.9882606821527,-1074.213923751824,6617.528728398896,4.0,4.0,42815.76951275265,128447.30853825796,153.9085288233913,545.4040099081342,-1.0260443714763132,0.14940221901238035,96270.20802749302,90.51367860799375,1.2519619670936908,0.1348303738003168
"COUNTERFACTUAL - assumed: licensed live feed + courtside camera, not purchased; parameters from our measurements",hawkeye340,3.142,0.25,10,0.95,1000.0,1000.0,0.005,region,D>=3c,cap1,ref_short,delay1,ref,decay,point,0.0,0.0,0.0,False,ref,burned_OOS,10,7093.0,4953.9,4740.1,336.3,0.6682785845199491,0.04315614861336946,0.8136331594529818,0.061694628506978696,0.12467221204003946,0.8773999999999997,1.0925499999999997,0.17059467610462567,99.39590067131054,2303553.31691924,1070733.7071886237,2.4543036038906267,1.8940229313215824,3.0304625332469657,56501.39992658321,42589.419661023894,70949.75118116297,62412.720809416685,-5911.320882833471,40.0,1412.5349981645802,21.630561712291904,-1471.4464922915008,-1109.361971344997,4587.769090841983,3.0,3.0,36258.75327872375,108776.25983617124,52.43918171846674,478.50753318100897,-1.3620237065838896,0.15210428534073536,85873.95648231114,141.1592486320107,3.5933642052542,0.2564118112763735
"COUNTERFACTUAL - assumed: licensed live feed + courtside camera, not purchased; parameters from our measurements",hawkeye340,3.142,0.25,10,0.99,100.0,1000.0,0.005,region,D>=3c,cap1,ref_short,delay1,ref,decay,point,0.0,0.0,0.0,False,ref,IS,10,20795.0,11600.2,11413.6,888.2,0.5488627073815822,0.01608814005264081,0.819201731185381,0.06025006011060351,0.12054820870401539,0.9104999999999999,1.1479,0.31214793407121016,45.561844260026405,1375081.1086396724,649879.3914035156,3.2790085071220654,3.09232872741727,3.4718452929395,45088.0464951975,41676.97761015898,48536.944413738966,46798.803017374026,-1710.7565221765276,103.0,437.7480242252185,37.80418025214796,-20.98692051627113,0.3255714126413814,1268.5391585721816,4.0,4.0,9115.228326401653,27345.684979204954,165.3808199790563,586.05824555685,-0.07724926728983963,0.1441668071913458,98532.99596194887,7.488710672524789,0.735351203815001,0.05466319527488327
"COUNTERFACTUAL - assumed: licensed live feed + courtside camera, not purchased; parameters from our measurements",hawkeye340,3.142,0.25,10,0.99,100.0,1000.0,0.005,region,D>=3c,cap1,ref_short,delay1,ref,decay,point,0.0,0.0,0.0,False,ref,burned_OOS,10,7093.0,3948.8,3888.1,335.9,0.548160157902157,0.015376740108128294,0.8136331594529818,0.061694628506978696,0.12467221204003946,0.8773999999999997,1.0922999999999998,0.3091516277185269,47.65191539158655,477372.4592878615,226090.77322833985,2.996970358468398,2.683428175500487,3.3157849458346655,14303.281285600446,12513.160504757278,16203.731013317092,14963.346215476555,-660.0649298761102,40.0,357.5820321400111,41.05743518092664,-4.517540221393938,30.19058673448597,804.6528712285228,3.0,3.0,7453.205220542211,22359.615661626634,64.19795783046368,585.8063652029812,-0.01931486064944962,0.14733397161268474,88057.29330440328,12.998704936206526,3.5665814094562838,0.12218703727950257
"COUNTERFACTUAL - assumed: licensed live feed + courtside camera, not purchased; parameters from our measurements",hawkeye340,3.142,0.25,10,0.99,1000.0,1000.0,0.005,region,D>=3c,cap1,ref_short,delay1,ref,decay,point,0.0,0.0,0.0,False,ref,IS,10,20795.0,14609.1,14371.4,888.2,0.6910988218321712,0.016273047936348095,0.819201731185381,0.06025006011060351,0.12054820870401539,0.9104999999999999,1.1458999999999997,0.1677787439441155,89.55630765766618,6520230.872955136,3007646.3691101084,3.3638466989959683,3.0195051213799076,3.71055685467406,219348.17747080224,193340.4432050343,245350.31110284833,230158.14668318856,-10809.969212386302,103.0,2129.593956027206,26.624952314460153,-969.5890100128948,-896.7413180391972,7344.622223144535,4.0,4.0,42974.31864480779,128922.95593442337,170.6230733346128,604.6351627877056,-0.7606510074723934,0.14369698940220382,98532.99596194887,77.24807211131532,1.6395200971708057,0.11164544163015029
"COUNTERFACTUAL - assumed: licensed live feed + courtside camera, not purchased; parameters from our measurements",hawkeye340,3.142,0.25,10,0.99,1000.0,1000.0,0.005,region,D>=3c,cap1,ref_short,delay1,ref,decay,point,0.0,0.0,0.0,False,ref,burned_OOS,10,7093.0,4957.9,4881.5,335.9,0.688213731848301,0.015418911554326032,0.8136331594529818,0.061694628506978696,0.12467221204003946,0.8773999999999997,1.0933499999999996,0.16713674304978304,96.3789316218434,2272494.4001673427,1053279.8052573486,2.8321834324082595,2.2650613922442147,3.402622039474541,64308.837479362264,50288.87994523337,78744.25901874078,67797.42830031992,-3488.590820957669,40.0,1607.720936984057,24.210188476794166,-1126.2497116954116,-911.9802131284663,4685.931913305022,3.0,3.0,36255.44826514785,108766.34479544354,59.818757458758455,545.8461618111709,-1.0367816809127102,0.14688156868734314,88057.29330440328,161.97436992096814,3.5482253264918544,0.30273735486295633
"COUNTERFACTUAL - assumed: licensed live feed + courtside camera, not purchased; parameters from our measurements",hawkeye340,3.142,0.25,30,0.95,100.0,1000.0,0.005,region,D>=3c,cap1,ref_short,delay1,ref,decay,point,0.0,0.0,0.0,False,ref,IS,10,54704.0,31512.0,30152.6,2503.8,0.5511955250073121,0.043139343667594574,0.8197316466803158,0.06038132494881544,0.11988702837086869,0.9162999999999999,1.1448499999999995,0.2967818092615149,40.43423683790318,3413288.200215279,1618583.2581988326,2.912900643891334,2.7888036347269414,3.0370924622008224,99425.47771489847,94004.74761077002,104763.98302612398,108917.16121247827,-9491.6834975798,103.0,965.2959001446454,46.30364745900054,-2.124859901950549,44.52694511449368,2078.94401454779,4.0,4.0,15973.168006201635,47919.504018604915,208.1574780537053,737.6454319378877,-0.004714472711720247,0.11843439781623735,206129.8260016976,12.081760058770536,1.0638123722573107,0.034939884106650256
"COUNTERFACTUAL - assumed: licensed live feed + courtside camera, not purchased; parameters from our measurements",hawkeye340,3.142,0.25,30,0.95,100.0,1000.0,0.005,region,D>=3c,cap1,ref_short,delay1,ref,decay,point,0.0,0.0,0.0,False,ref,burned_OOS,10,17384.0,9837.0,9414.3,977.2,0.5415497008743673,0.042965516221589374,0.813782788771284,0.06153934652554073,0.12467786470317532,0.8780499999999998,1.0932999999999997,0.302524178090615,43.29245131437231,1115663.6744768969,529734.9648424711,2.8110355878574675,2.5817928573666546,3.044248032579275,31355.3358745655,28363.222552005096,34416.565930365505,34397.47240159557,-3042.1365270300726,40.0,783.8833968641374,54.124275524307244,0.0,204.5118710919841,1410.0774088233197,3.0,3.0,11684.22713597814,35052.68140793442,89.72879499046408,818.7752542879847,0.0,0.13007063633126473,181493.4281762627,13.4429515509641,5.437440089478663,0.06750512576711216
"COUNTERFACTUAL - assumed: licensed live feed + courtside camera, not purchased; parameters from our measurements",hawkeye340,3.142,0.25,30,0.95,1000.0,1000.0,0.005,region,D>=3c,cap1,ref_short,delay1,ref,decay,point,0.0,0.0,0.0,False,ref,IS,10,54704.0,39433.7,37716.7,2503.8,0.6894687774202983,0.04354134504671037,0.8197316466803158,0.06038132494881544,0.11988702837086869,0.9162999999999999,1.1447999999999996,0.1528364013865213,70.46415656029048,15555256.929553572,7187575.777094233,2.7949206622715677,2.570601587316901,3.0177934239757938,434718.9465682258,394959.8329159083,473977.44489825127,492484.35124424304,-57765.40467601725,103.0,4220.572296778891,33.251094812489036,-653.2969638384639,-653.078549132424,10997.130114651427,4.0,4.0,68535.59332617246,205606.77997851733,211.840427135506,750.6966592665988,-0.31630711541399104,0.1190559957324027,206129.8260016976,140.8092095362056,1.0139120878905388,0.09904004301958415
"COUNTERFACTUAL - assumed: licensed live feed + courtside camera, not purchased; parameters from our measurements",hawkeye340,3.142,0.25,30,0.95,1000.0,1000.0,0.005,region,D>=3c,cap1,ref_short,delay1,ref,decay,point,0.0,0.0,0.0,False,ref,burned_OOS,10,17384.0,12332.6,11797.3,977.2,0.6786297745052922,0.04340689989565967,0.813782788771284,0.06153934652554073,0.12467786470317532,0.8780499999999998,1.0936999999999997,0.15990054071451343,82.15478786553433,5220707.9309661,2413675.2310955036,2.63062581225366,2.2064478522786377,3.0531057667138293,137316.03627188836,113496.85706711847,161874.7474974788,153539.45337045108,-16223.417098562717,40.0,3432.900906797209,33.77684440849943,-647.3389157416266,-468.6944095049059,7974.30472676495,3.0,3.0,53710.382615882285,161131.14784764685,85.72762751845067,782.2646011058623,-0.39559625906037954,0.13074490731183655,181493.4281762627,152.50824998959123,4.413308851759902,0.12236961639360804
"COUNTERFACTUAL - assumed: licensed live feed + courtside camera, not purchased; parameters from our measurements",hawkeye340,3.142,0.25,30,0.99,100.0,1000.0,0.005,region,D>=3c,cap1,ref_short,delay1,ref,decay,point,0.0,0.0,0.0,False,ref,IS,10,54704.0,31554.8,31049.5,2503.4,0.5675910353904651,0.01601429346591472,0.8197316466803158,0.06038132494881544,0.11988702837086869,0.9162999999999999,1.1473499999999996,0.29393757166202933,39.83628436788932,3386875.012797912,1600969.3985671757,3.2098869566895574,3.0849212452188968,3.3347257160319344,108712.99269666336,103203.9904435009,114295.60626741746,112439.07605767646,-3726.0833610130967,103.0,1055.4659485112948,47.871226070523704,0.0,58.40498532186818,2216.8612621459965,4.0,4.0,15816.706065545022,47450.11819663508,229.79366559904906,814.3173586762418,0.0,0.11344924819521338,211132.47979630763,9.117270269033014,0.935192897007575,0.030371996656332077
"COUNTERFACTUAL - assumed: licensed live feed + courtside camera, not purchased; parameters from our measurements",hawkeye340,3.142,0.25,30,0.99,100.0,1000.0,0.005,region,D>=3c,cap1,ref_short,delay1,ref,decay,point,0.0,0.0,0.0,False,ref,burned_OOS,10,17384.0,9850.4,9696.4,976.7,0.5577772664519097,0.01563251769010905,0.813782788771284,0.06153934652554073,0.12467786470317532,0.8780499999999998,1.0942999999999996,0.29952204105829916,42.71114468940853,1106729.7142315705,523949.56239429006,3.091037813932844,2.868846311974279,3.3281725790665257,34203.52581144966,31217.7270944612,37422.8528966671,35334.63010518754,-1131.1042937378838,40.0,855.0881452862416,57.04163797565674,0.0,276.1758510892188,1480.9013912311734,3.0,3.0,11616.679506883336,34850.03852065001,98.43816443442111,898.2482504640926,0.0,0.1253657215727219,185923.47658874167,12.05259693475055,5.197894361611221,0.062137551246236926
"COUNTERFACTUAL - assumed: licensed live feed + courtside camera, not purchased; parameters from our measurements",hawkeye340,3.142,0.25,30,0.99,1000.0,1000.0,0.005,region,D>=3c,cap1,ref_short,delay1,ref,decay,point,0.0,0.0,0.0,False,ref,IS,10,54704.0,39443.9,38799.4,2503.4,0.7092607487569464,0.01634009335560298,0.8197316466803158,0.06038132494881544,0.11988702837086869,0.9162999999999999,1.1470999999999996,0.1501507045857262,68.17701221424215,15267328.411227271,7029793.139947722,3.214077660268976,2.985985153769366,3.4408961138154046,490661.49951838824,449829.7731869525,531058.7093262022,512646.27706966305,-21984.77755127493,103.0,4763.703878819303,35.87272147460534,-413.29961177296354,-362.51759673817367,12025.183777395345,4.0,4.0,66473.83567760061,199421.5070328018,246.31868728944556,872.8769015596857,-0.20781619847257318,0.11412942355321187,211132.47979630763,145.59862384580197,1.5293920044851297,0.10600396515334805
"COUNTERFACTUAL - assumed: licensed live feed + courtside camera, not purchased; parameters from our measurements",hawkeye340,3.142,0.25,30,0.99,1000.0,1000.0,0.005,region,D>=3c,cap1,ref_short,delay1,ref,decay,point,0.0,0.0,0.0,False,ref,burned_OOS,10,17384.0,12342.3,12148.4,976.7,0.6988265071329959,0.015710934424749846,0.813782788771284,0.06153934652554073,0.12467786470317532,0.8780499999999998,1.0948999999999995,0.1564535696490657,79.29225949899084,5138598.724104063,2368469.1174217327,3.0082387261116947,2.5807788223738752,3.43359955183523,154571.62732862326,131012.74829809368,179257.49660826434,161288.5229887028,-6716.895660079521,40.0,3864.2906832155822,37.10863992430272,-355.2854012385927,-191.99349244831825,8533.158717163165,3.0,3.0,53763.835943408,161291.50783022397,96.20454359371925,877.8664602926881,-0.21644119917847818,0.12583039745171756,185923.47658874167,179.88354933166582,4.562713303885372,0.1403283189516662
"COUNTERFACTUAL - assumed: licensed live feed + courtside camera, not purchased; parameters from our measurements",hawkeye340,3.142,0.5,3,0.95,100.0,1000.0,0.005,region,D>=3c,cap1,ref_short,delay1,ref,decay,point,0.0,0.0,0.0,False,ref,IS,10,6257.0,3271.5,3128.2,267.3,0.49995205369985624,0.04379596472092233,0.8185232539555697,0.059789036279367117,0.12168770976506313,0.9038999999999999,1.1447999999999998,0.3477286852673423,64.57725335630315,483818.7059646983,230612.8350623091,2.9831450950386103,2.6687255176246056,3.312372803768534,14430.19999587498,12610.512549402189,16354.464451206746,16105.36439421093,-1675.16439833595,103.0,140.09902908616488,24.510102338347213,-55.04819681448798,-55.048196814487866,536.0345119926358,4.0,4.0,7038.840186277965,21116.520558833894,68.73889994057106,243.58930561464504,-0.263089500153045,0.2780272080689902,64943.22985192152,5.769224159561205,0.9687776828968073,0.13390781632822096
"COUNTERFACTUAL - assumed: licensed live feed + courtside camera, not purchased; parameters from our measurements",hawkeye340,3.142,0.5,3,0.95,100.0,1000.0,0.005,region,D>=3c,cap1,ref_short,delay1,ref,decay,point,0.0,0.0,0.0,False,ref,burned_OOS,10,2402.0,1235.5,1183.0,103.1,0.4925062447960034,0.042486606295883224,0.8114487926727726,0.06069941715237302,0.1278517901748543,0.8812999999999999,1.0930999999999997,0.3509740830248521,63.997609885480244,181684.96472660027,86028.68647894604,2.978382606654604,2.4939449139344587,3.48480074086702,5407.254321186387,4370.85735066296,6507.665931966627,5947.168400911538,-539.9140797251516,40.0,135.18135802965966,24.60131861040034,-32.06046768018905,-32.01520902051491,407.4923064835405,3.0,3.0,3392.723446551504,10178.17033965451,53.18775681932042,485.33828097629885,-0.31689967270567176,0.27035924393517585,61211.71276089137,5.9040069330714875,2.971596192683694,0.16033479314008658
"COUNTERFACTUAL - assumed: licensed live feed + courtside camera, not purchased; parameters from our measurements",hawkeye340,3.142,0.5,3,0.95,1000.0,1000.0,0.005,region,D>=3c,cap1,ref_short,delay1,ref,decay,point,0.0,0.0,0.0,False,ref,IS,10,6257.0,4155.0,3970.9,267.3,0.6346332108038997,0.04431004299207614,0.8185232539555697,0.059789036279367117,0.12168770976506313,0.9038999999999999,1.14445,0.20739416780886244,180.2182302981443,2702110.997309896,1262454.5940989899,3.007975068437318,2.5009780464239197,3.520355128792039,81313.2889930491,66339.81477249556,97223.06693990508,90745.27423817785,-9431.985245128773,103.0,789.4494076995055,17.79905409351823,-930.1254445387165,-789.3574841146326,3741.7926171209283,4.0,4.0,38406.63959463564,115219.91878390689,70.96910754334135,251.492468478831,-0.8162916780926857,0.27907494562600677,64943.22985192152,57.11355689019458,1.2828277224573665,0.19370004925710035
"COUNTERFACTUAL - assumed: licensed live feed + courtside camera, not purchased; parameters from our measurements",hawkeye340,3.142,0.5,3,0.95,1000.0,1000.0,0.005,region,D>=3c,cap1,ref_short,delay1,ref,decay,point,0.0,0.0,0.0,False,ref,burned_OOS,10,2402.0,1573.0,1506.7,103.1,0.6272689425478768,0.04216819686313692,0.8114487926727726,0.06069941715237302,0.1278517901748543,0.8812999999999999,1.0996999999999997,0.21091025043998157,180.33713500200628,1013616.7292964663,470850.056373007,2.8938080406449607,2.119609268000377,3.689028622594944,29267.30996156729,20494.27360098431,38356.28603555221,31764.24601261737,-2496.9360510500746,40.0,731.6827490391822,17.305756095868297,-865.9516638084446,-627.821707496347,2728.9103043112436,2.9,3.0,18949.8382608545,56849.51478256351,51.65709128460617,471.3709579720313,-1.5537667634590853,0.2718867033208529,61211.71276089137,59.68476784792802,2.5591789607289837,0.28043038168211093
"COUNTERFACTUAL - assumed: licensed live feed + courtside camera, not purchased; parameters from our measurements",hawkeye340,3.142,0.5,3,0.99,100.0,1000.0,0.005,region,D>=3c,cap1,ref_short,delay1,ref,decay,point,0.0,0.0,0.0,False,ref,IS,10,6257.0,3276.2,3223.9,267.3,0.5152469234457409,0.015967747243556273,0.8185232539555697,0.059789036279367117,0.12168770976506313,0.9038999999999999,1.1478999999999997,0.34507068249495193,64.22253018073205,483620.06341854634,229907.6146388948,3.2212808469579044,2.898127628276846,3.558314572038779,15576.27960673818,13686.291545480402,17597.305529971414,16327.479836402574,-751.2002296643927,103.0,151.22601559939983,25.374727490210454,-48.61819942359914,-48.618199423598945,555.0017937649152,4.0,4.0,7004.743681352962,21014.231044058884,74.40002670790292,263.6505800814035,-0.23283196478256238,0.27494626831398494,66475.82066424681,5.067673557286615,0.7865656481363145,0.11704341289858221
"COUNTERFACTUAL - assumed: licensed live feed + courtside camera, not purchased; parameters from our measurements",hawkeye340,3.142,0.5,3,0.99,100.0,1000.0,0.005,region,D>=3c,cap1,ref_short,delay1,ref,decay,point,0.0,0.0,0.0,False,ref,burned_OOS,10,2402.0,1233.2,1214.4,103.0,0.505578684429642,0.015231566478498725,0.8114487926727726,0.06069941715237302,0.1278517901748543,0.8812999999999999,1.0933499999999996,0.3501644043921387,63.65417797266109,180764.10073545415,85293.28532152758,3.2201766052023486,2.745305943356798,3.739897436456564,5819.6112780487465,4776.383828521705,6943.9147741664365,6156.607464915443,-336.99618686669646,40.0,145.49028195121863,25.363919388930114,-25.64506104246402,-25.31241306103418,435.52124825989176,3.0,3.0,3308.48336934965,9925.45010804895,58.656541439387524,535.2409406344111,-0.2570283462677831,0.26826336358132147,62833.30635459085,5.771253232895826,1.9007303273581817,0.13327883306765925
"COUNTERFACTUAL - assumed: licensed live feed + courtside camera, not purchased; parameters from our measurements",hawkeye340,3.142,0.5,3,0.99,1000.0,1000.0,0.005,region,D>=3c,cap1,ref_short,delay1,ref,decay,point,0.0,0.0,0.0,False,ref,IS,10,6257.0,4155.0,4088.4,267.3,0.6534121783602366,0.016038323821365143,0.8185232539555697,0.059789036279367117,0.12168770976506313,0.9038999999999999,1.1471999999999998,0.2048607021020953,178.17690541117582,2690935.433359171,1252998.4879006478,3.2931455332615913,2.7864027773173534,3.810541239335231,88639.91798777916,73365.11784008719,104937.33672683744,92905.60944727011,-4265.691459490948,103.0,860.5817280366907,19.064977079058743,-907.661990854964,-774.2085797781672,4037.734572971714,4.0,4.0,37844.73521767592,113534.20565302778,78.46324776048826,278.0493731318273,-0.8111512154163926,0.2758573563570203,66475.82066424681,59.00063858604747,1.4089452376770932,0.20472375278776497
"COUNTERFACTUAL - assumed: licensed live feed + courtside camera, not purchased; parameters from our measurements",hawkeye340,3.142,0.5,3,0.99,1000.0,1000.0,0.005,region,D>=3c,cap1,ref_short,delay1,ref,decay,point,0.0,0.0,0.0,False,ref,burned_OOS,10,2402.0,1570.3,1548.2,103.0,0.6445462114904247,0.014074467218324305,0.8114487926727726,0.06069941715237302,0.1278517901748543,0.8812999999999999,1.1011499999999999,0.20935897510150125,178.43330497489706,1008064.5923750142,467100.9658350361,3.170704839280389,2.375611301437577,3.9906015300082567,31904.374740343268,22963.89963765003,41285.16744564924,33452.38720737138,-1548.0124670281166,40.0,797.6093685085818,18.40471588696993,-804.297142357701,-647.9230547921147,2782.405968040568,3.0,3.0,18864.052172949796,56592.15651884939,56.71912244085472,517.5619922727993,-1.4503357032508355,0.2688999742604748,62833.30635459085,58.445547724488236,1.9527150887994178,0.2719793566641976
"COUNTERFACTUAL - assumed: licensed live feed + courtside camera, not purchased; parameters from our measurements",hawkeye340,3.142,0.5,10,0.95,100.0,1000.0,0.005,region,D>=3c,cap1,ref_short,delay1,ref,decay,point,0.0,0.0,0.0,False,ref,IS,10,20795.0,10914.0,10448.8,888.3,0.5024669391680694,0.042623033588124484,0.819201731185381,0.06025006011060351,0.12054820870401539,0.9104999999999999,1.1453499999999996,0.34690972643370765,60.973134865769076,1551880.4198588468,737173.7002222876,3.0316013107770665,2.8636247202567917,3.206086799440043,47043.95798909219,43642.7272042194,50551.62437481815,51136.74443788772,-4092.786448795528,103.0,456.7374562047785,38.888037610439326,-26.072394368513052,6.9558043415701345,1289.2437571259165,4.0,4.0,10247.954931022974,30743.864793068926,153.50553448292393,543.9759231676431,-0.08189497446011623,0.25067469568849676,192540.41605498604,9.101828678119148,1.1445709498879817,0.06484063452612701
"COUNTERFACTUAL - assumed: licensed live feed + courtside camera, not purchased; parameters from our measurements",hawkeye340,3.142,0.5,10,0.95,100.0,1000.0,0.005,region,D>=3c,cap1,ref_short,delay1,ref,decay,point,0.0,0.0,0.0,False,ref,burned_OOS,10,7093.0,3716.2,3555.5,336.3,0.5012688566192021,0.04322440615579846,0.8136331594529818,0.061694628506978696,0.12467221204003946,0.8773999999999997,1.0911,0.3443533679133671,62.41864811348444,537357.4643929537,255914.23268281188,2.773752531890346,2.4892057985226748,3.0703416642683754,14900.147275096533,13057.626716408035,16861.124762339456,16207.19589343508,-1307.0486183385447,40.0,372.5036818774134,40.98810487054841,-4.903408813196847,31.238317071231222,814.9227692757939,3.0,3.0,8063.177421747028,24189.532265241087,61.762778112281595,563.5853502745695,-0.019070171968736584,0.2592511581902378,171747.9129646223,12.867180009911907,3.3659603931555657,0.11334145089675221
"COUNTERFACTUAL - assumed: licensed live feed + courtside camera, not purchased; parameters from our measurements",hawkeye340,3.142,0.5,10,0.95,1000.0,1000.0,0.005,region,D>=3c,cap1,ref_short,delay1,ref,decay,point,0.0,0.0,0.0,False,ref,IS,10,20795.0,13921.8,13318.9,888.3,0.6404856936763644,0.0433054814025298,0.819201731185381,0.06025006011060351,0.12054820870401539,0.9104999999999999,1.1427999999999998,0.20325260951085405,159.9138198598251,8478604.873264406,3948523.26385717,3.0661859139498198,2.793082280814306,3.347469169292252,259989.82405963595,232722.42955988809,288049.7550772213,285879.19924353546,-25889.375183899534,103.0,2524.173049122679,28.409003831235072,-929.7486688460846,-877.6306073699936,8380.720320164895,4.0,4.0,54876.59378240232,164629.78134720694,158.34606004746328,561.1292419157678,-0.57027398549686,0.2503913814481077,192540.41605498604,83.76076350204508,1.1896392412577632,0.09201465827253437
"COUNTERFACTUAL - assumed: licensed live feed + courtside camera, not purchased; parameters from our measurements",hawkeye340,3.142,0.5,10,0.95,1000.0,1000.0,0.005,region,D>=3c,cap1,ref_short,delay1,ref,decay,point,0.0,0.0,0.0,False,ref,burned_OOS,10,7093.0,4730.4,4526.5,336.3,0.6381643874242211,0.0430991166834863,0.8136331594529818,0.061694628506978696,0.12467221204003946,0.8773999999999997,1.0920999999999998,0.2019256494357829,167.2688573007637,2945924.2191268904,1375712.817815035,2.652301272799696,2.2030508502404182,3.111459294803299,78110.97938551812,63381.693986802944,93467.61484742584,84149.26650065256,-6038.287115134453,40.0,1952.774484637953,27.907871278403768,-816.9777978798669,-742.2413629099414,5399.688224651602,3.0,3.0,45943.50419565099,137830.51258695294,56.97430507901049,519.8905338459706,-0.6003373306410703,0.25927329562031926,171747.9129646223,126.64620836725365,4.23289585305737,0.17941176918888793
"COUNTERFACTUAL - assumed: licensed live feed + courtside camera, not purchased; parameters from our measurements",hawkeye340,3.142,0.5,10,0.99,100.0,1000.0,0.005,region,D>=3c,cap1,ref_short,delay1,ref,decay,point,0.0,0.0,0.0,False,ref,IS,10,20795.0,10918.9,10744.8,888.2,0.516701130079346,0.01594740559739788,0.819201731185381,0.06025006011060351,0.12054820870401539,0.9104999999999999,1.1477,0.34479208142661144,60.53140493354738,1547882.8922464964,733264.5597039541,3.2726034722742496,3.1035043200965218,3.4475775397695765,50653.25753101768,47072.23755695409,54249.24475644003,52443.733268894255,-1790.4757378765776,103.0,491.7791993302688,40.175958458493284,-11.06242260107756,33.443391027151044,1376.363031045825,4.0,4.0,10283.177740446703,30849.53322134011,164.91987897158867,584.424813831358,-0.035414589610499585,0.24743394648232725,197065.99192389773,7.114968707488607,0.6472075687818372,0.0526775921503169
"COUNTERFACTUAL - assumed: licensed live feed + courtside camera, not purchased; parameters from our measurements",hawkeye340,3.142,0.5,10,0.99,100.0,1000.0,0.005,region,D>=3c,cap1,ref_short,delay1,ref,decay,point,0.0,0.0,0.0,False,ref,burned_OOS,10,7093.0,3716.0,3657.8,335.9,0.5156915268574651,0.01566357930573927,0.8136331594529818,0.061694628506978696,0.12467221204003946,0.8773999999999997,1.09245,0.3420748604658487,62.10826921263295,535835.207263537,254445.18089558525,3.0223699196739444,2.7338527402605965,3.3177347923994773,16191.484750066204,14322.354563809087,18230.095480129825,16838.239932515968,-646.7551824497643,40.0,404.7871187516551,43.111811612733234,-4.446755624799152,53.6789080419161,881.7790920653099,3.0,3.0,8263.690492789847,24791.07147836954,65.66992756988363,599.2380890751881,-0.01660800498614342,0.2569081309448306,176114.58660880657,10.16272445327997,2.8991799290462867,0.09220040864617599
"COUNTERFACTUAL - assumed: licensed live feed + courtside camera, not purchased; parameters from our measurements",hawkeye340,3.142,0.5,10,0.99,1000.0,1000.0,0.005,region,D>=3c,cap1,ref_short,delay1,ref,decay,point,0.0,0.0,0.0,False,ref,IS,10,20795.0,13911.8,13685.3,888.2,0.6581053137773504,0.016284114905547965,0.819201731185381,0.06025006011060351,0.12054820870401539,0.9104999999999999,1.1456499999999998,0.2012672474631377,156.89177885952094,8416193.124017738,3908032.4565421217,3.359376989337381,3.077701758804487,3.638415619631941,282757.3276987314,254170.03212735947,311415.12018468935,293636.9365724704,-10879.608873739042,103.0,2745.2167737740906,30.18560771778437,-706.4359939464587,-678.1795021131645,9093.688056717803,4.0,4.0,54968.28863128428,164904.86589385284,171.82763952821594,608.9037711436779,-0.4289926939492717,0.24748964393066636,197065.99192389773,73.93991450714601,1.348762469659208,0.07393317511533135
"COUNTERFACTUAL - assumed: licensed live feed + courtside camera, not purchased; parameters from our measurements",hawkeye340,3.142,0.5,10,0.99,1000.0,1000.0,0.005,region,D>=3c,cap1,ref_short,delay1,ref,decay,point,0.0,0.0,0.0,False,ref,burned_OOS,10,7093.0,4724.2,4652.1,335.9,0.6558719864655294,0.015266950171664606,0.8136331594529818,0.061694628506978696,0.12467221204003946,0.8773999999999997,1.0933499999999998,0.19993100811681558,165.836647866154,2932494.5078485953,1366048.285078299,2.9394000254979797,2.4935964661055166,3.393416536420717,86162.41320079012,71134.0093305262,101994.96608764667,89388.45239702282,-3226.0391962326967,40.0,2154.060330019753,30.319950562343905,-606.0158727807211,-533.6193282182614,5647.992505034433,3.0,3.0,46876.88838061946,140630.6651418584,61.696030132864436,562.9762749623881,-0.43937447085825027,0.25700675957001895,176114.58660880657,146.72241791909073,4.413798981888538,0.21193120806685195
"COUNTERFACTUAL - assumed: licensed live feed + courtside camera, not purchased; parameters from our measurements",hawkeye340,3.142,0.5,30,0.95,100.0,1000.0,0.005,region,D>=3c,cap1,ref_short,delay1,ref,decay,point,0.0,0.0,0.0,False,ref,IS,10,54704.0,29649.3,28374.2,2503.8,0.51868601930389,0.04300637550639515,0.8197316466803158,0.06038132494881544,0.11988702837086869,0.9162999999999999,1.1452499999999997,0.3306251410367965,54.29789428557026,3889186.8396369666,1848640.1978755773,2.9587670843323592,2.845166286759187,3.0706980193508904,115071.57073155654,109366.01822782848,120814.91334339038,124717.97061053857,-9646.399878982023,103.0,1117.1997158403549,48.820501102196495,0.0,63.73676781098644,2327.246462283554,4.0,4.0,18569.891962947186,55709.675888841564,207.23749307450424,734.3852909921754,0.0,0.20484259412278508,412259.6520033952,10.647246853252685,1.1976362840013917,0.026295118589382927
"COUNTERFACTUAL - assumed: licensed live feed + courtside camera, not purchased; parameters from our measurements",hawkeye340,3.142,0.5,30,0.95,100.0,1000.0,0.005,region,D>=3c,cap1,ref_short,delay1,ref,decay,point,0.0,0.0,0.0,False,ref,burned_OOS,10,17384.0,9264.1,8862.5,977.2,0.5098078693051082,0.04334406475909636,0.813782788771284,0.06153934652554073,0.12467786470317532,0.8780499999999998,1.0933999999999997,0.3355494903190987,57.561002529388475,1260502.2272009312,600294.0469548531,2.8647785129738415,2.659854783247328,3.0786879695823295,36103.50679475672,33005.2677002914,39315.24239945398,39132.64915254489,-3029.1423577881624,40.0,902.587669868918,58.03826395797014,0.0,275.0379829852868,1564.2133827026805,3.0,3.0,13371.080013558394,40113.24004067518,90.12465537831555,822.3874803271295,0.0,0.22657532447310427,362986.8563525254,13.819453848752138,4.691225724377715,0.06544282485518622
"COUNTERFACTUAL - assumed: licensed live feed + courtside camera, not purchased; parameters from our measurements",hawkeye340,3.142,0.5,30,0.95,1000.0,1000.0,0.005,region,D>=3c,cap1,ref_short,delay1,ref,decay,point,0.0,0.0,0.0,False,ref,IS,10,54704.0,37642.2,36005.4,2503.8,0.6581858730622989,0.04348371490439244,0.8197316466803158,0.06038132494881544,0.11988702837086869,0.9162999999999999,1.1439999999999997,0.18540279041414925,125.34475682240782,20226900.20761446,9409783.044217313,2.948870747956809,2.767216940648698,3.130371518793062,596421.945201995,552247.095654146,640734.2532198903,655365.8743705795,-58943.92916858474,103.0,5790.504322349465,38.67547190627246,-249.3799062146718,-142.07503253889783,13771.342641266552,4.0,4.0,91238.32381909268,273714.971457278,218.36110389154655,773.8039118486845,-0.08804704637119304,0.20565381903143484,412259.6520033952,141.6553535093703,0.7526924086544037,0.07864272397439417
"COUNTERFACTUAL - assumed: licensed live feed + courtside camera, not purchased; parameters from our measurements",hawkeye340,3.142,0.5,30,0.95,1000.0,1000.0,0.005,region,D>=3c,cap1,ref_short,delay1,ref,decay,point,0.0,0.0,0.0,False,ref,burned_OOS,10,17384.0,11773.2,11263.5,977.2,0.6479233778186839,0.04329285085579817,0.813782788771284,0.06153934652554073,0.12467786470317532,0.8780499999999998,1.0932,0.19184816720539993,141.54573079400146,6736176.26367463,3135048.316187434,2.7811229500620707,2.4394033875719088,3.1224061086627435,187308.62306582864,161576.34467745663,213835.7367572338,202947.52437654854,-15638.901310719837,40.0,4682.715576645717,40.97331061356111,-222.8287543830076,368.31138168628934,9742.416020264714,3.0,3.0,68293.28370955885,204879.85112867653,91.69488199415407,836.715798196656,-0.10434225338796618,0.22694262979574464,362986.8563525254,135.1131860939037,5.892356282185839,0.09139442867863609
"COUNTERFACTUAL - assumed: licensed live feed + courtside camera, not purchased; parameters from our measurements",hawkeye340,3.142,0.5,30,0.99,100.0,1000.0,0.005,region,D>=3c,cap1,ref_short,delay1,ref,decay,point,0.0,0.0,0.0,False,ref,IS,10,54704.0,29639.8,29165.2,2503.4,0.5331456566247441,0.01601400737134754,0.8197316466803158,0.06038132494881544,0.11988702837086869,0.9162999999999999,1.1471999999999996,0.3288979595242333,53.89451910627874,3874682.0574723147,1836706.544868193,3.215449396338569,3.1007184542653192,3.327323816865627,124586.40581180071,118730.06958184656,130477.9773832369,128383.7511175689,-3797.3453057682245,103.0,1209.5767554543759,50.15160544624164,0.0,79.80871740618957,2457.8116101946744,4.0,4.0,18479.968314809827,55439.90494442948,225.2762746219543,798.3091285146922,0.0,0.20245902577507396,422264.95959261525,7.561571601906305,1.0908404642971095,0.023125764756814146
"COUNTERFACTUAL - assumed: licensed live feed + courtside camera, not purchased; parameters from our measurements",hawkeye340,3.142,0.5,30,0.99,100.0,1000.0,0.005,region,D>=3c,cap1,ref_short,delay1,ref,decay,point,0.0,0.0,0.0,False,ref,burned_OOS,10,17384.0,9258.1,9111.8,976.7,0.5241486424298206,0.01580020771389582,0.813782788771284,0.06153934652554073,0.12467786470317532,0.8780499999999998,1.0948999999999998,0.33363219317153175,57.14640387893072,1254534.2546900027,595867.6671967134,3.1155568876546247,2.912579440742475,3.3299394497076036,39080.62046632198,35927.805076053235,42401.191200032205,40145.19131289461,-1064.5708465726218,40.0,977.0155116580497,60.285777798199604,0.0,359.4365407039204,1633.298629876701,3.0,3.0,13316.234512007033,39948.703536021094,97.95688076386195,893.8565369702401,0.0,0.2244764171853244,371846.95317748334,11.806373260754636,4.481055320303745,0.054303231355401764
"COUNTERFACTUAL - assumed: licensed live feed + courtside camera, not purchased; parameters from our measurements",hawkeye340,3.142,0.5,30,0.99,1000.0,1000.0,0.005,region,D>=3c,cap1,ref_short,delay1,ref,decay,point,0.0,0.0,0.0,False,ref,IS,10,54704.0,37586.9,36975.6,2503.4,0.6759213220239836,0.016264461002854246,0.8197316466803158,0.06038132494881544,0.11988702837086869,0.9162999999999999,1.1470999999999998,0.1839884526794046,124.49197331095627,20052847.06457709,9303621.150262913,3.267268198783993,3.080789713757255,3.453893197647864,655134.9680812873,610292.5942603914,700716.9266139499,677357.6039346379,-22222.63585335048,103.0,6360.533670692111,40.53831908662387,-103.00778992059422,76.71691452592506,14776.330211740496,4.0,4.0,88935.65677804759,266806.9703341428,246.15503380464776,872.2969644533634,-0.038705788744502534,0.20312088674159096,422264.95959261525,133.65409443235637,0.848869108117354,0.0769852154200445
"COUNTERFACTUAL - assumed: licensed live feed + courtside camera, not purchased; parameters from our measurements",hawkeye340,3.142,0.5,30,0.99,1000.0,1000.0,0.005,region,D>=3c,cap1,ref_short,delay1,ref,decay,point,0.0,0.0,0.0,False,ref,burned_OOS,10,17384.0,11758.3,11574.5,976.7,0.6658133916244823,0.015631953023507793,0.813782788771284,0.06153934652554073,0.12467786470317532,0.8780499999999998,1.0948999999999998,0.18993942874612527,139.44999109919257,6687091.277152218,3104688.014182995,3.076652936900788,2.739393515245774,3.4212403220724994,205715.28154260333,180166.84766707278,232197.2855685594,212148.95689544492,-6433.675352841524,40.0,5142.882038565084,43.89564721832322,-127.87745495281779,718.8083771974342,10215.217216899273,3.0,3.0,68828.15985882888,206484.47957648666,99.79046044466139,910.5879515575352,-0.06024611561801564,0.2249223119569181,371846.95317748334,159.37548177451706,6.302324873303516,0.10029828768346696
"COUNTERFACTUAL - assumed: licensed live feed + courtside camera, not purchased; parameters from our measurements",hawkeye340,3.142,1.0,3,0.95,100.0,1000.0,0.005,region,D>=3c,cap1,ref_short,delay1,ref,decay,point,0.0,0.0,0.0,False,ref,IS,10,6257.0,3125.4,2989.6,267.3,0.4778008630334026,0.04343614035930112,0.8185232539555697,0.059789036279367117,0.12168770976506313,0.9038999999999999,1.1446999999999998,0.37080879533188815,75.33321666672381,517140.8302803046,246832.05896976768,2.9963146700701135,2.691565179955946,3.3102344651465465,15491.237644642353,13600.88707080867,17483.769378779434,17167.007830837192,-1675.7701861948353,103.0,150.40036548196463,25.31413195223904,-50.4285182175181,-50.428518217518175,563.1756289816519,4.0,4.0,7513.471183252477,22540.41354975743,69.07202961484765,244.76981368368348,-0.22623115497780688,0.3802540657252157,129886.45970384304,4.9623583791425645,1.0315033343158218,0.11610844943937418
"COUNTERFACTUAL - assumed: licensed live feed + courtside camera, not purchased; parameters from our measurements",hawkeye340,3.142,1.0,3,0.95,100.0,1000.0,0.005,region,D>=3c,cap1,ref_short,delay1,ref,decay,point,0.0,0.0,0.0,False,ref,burned_OOS,10,2402.0,1176.7,1126.0,103.1,0.4687760199833472,0.0430610169012504,0.8114487926727726,0.06069941715237302,0.1278517901748543,0.8812999999999999,1.0910999999999997,0.3756323223459616,74.59182860307686,194250.0742560288,92161.53175687967,2.997791824778434,2.5316213552957043,3.4941883793922086,5820.214875525215,4747.205732842092,6949.984788298789,6366.648015525538,-546.4331400003227,40.0,145.50537188813036,25.626245986553016,-22.760988143303052,-22.659318114742888,433.5672875491835,3.0,3.0,3623.482387079305,10870.447161237915,53.546727470005905,488.61388816380384,-0.21032775384830785,0.3700788722345523,122423.42552178274,5.046123879058786,2.9363742918592557,0.1295980289976656
"COUNTERFACTUAL - assumed: licensed live feed + courtside camera, not purchased; parameters from our measurements",hawkeye340,3.142,1.0,3,0.95,1000.0,1000.0,0.005,region,D>=3c,cap1,ref_short,delay1,ref,decay,point,0.0,0.0,0.0,False,ref,IS,10,6257.0,3968.9,3794.3,267.3,0.6064088221192265,0.043988123384574404,0.8185232539555697,0.059789036279367117,0.12168770976506313,0.9038999999999999,1.1454499999999999,0.23680175853524887,284.10840682828757,3297920.8015236845,1547242.4812808393,3.0575625991130573,2.625332658047824,3.500744363753026,100852.3760627173,84641.1159156914,118281.4750708595,110862.9757945105,-10010.599731793198,103.0,979.1492821623038,20.062439014238816,-704.4732486973446,-686.7784306494311,4397.885498725054,4.0,4.0,47363.282858029146,142089.84857408743,71.47159271767119,253.27311982475712,-0.501278285636348,0.3807320835612531,129886.45970384304,47.42665653123193,1.2140103362049839,0.1317638000622671
"COUNTERFACTUAL - assumed: licensed live feed + courtside camera, not purchased; parameters from our measurements",hawkeye340,3.142,1.0,3,0.95,1000.0,1000.0,0.005,region,D>=3c,cap1,ref_short,delay1,ref,decay,point,0.0,0.0,0.0,False,ref,burned_OOS,10,2402.0,1497.3,1433.3,103.1,0.5967110741049125,0.0427589344646113,0.8114487926727726,0.06069941715237302,0.1278517901748543,0.8812999999999999,1.0964,0.24267002142771243,278.76239693668055,1241959.3011882433,578317.9406180304,3.025407272118493,2.3707672885432287,3.6954452056574825,37527.83952626757,28256.85480958755,47175.81364944645,39848.097949923176,-2320.2584236556077,40.0,938.195988156689,20.51588395595419,-596.8908161962374,-497.9786135595982,3023.3823898194605,3.0,3.0,23186.34311119898,69559.02933359696,54.07183299538464,493.4054760828848,-0.8660432067918261,0.3716595160363815,122423.42552178274,54.3677438968953,2.801555876292721,0.2093642083457565
"COUNTERFACTUAL - assumed: licensed live feed + courtside camera, not purchased; parameters from our measurements",hawkeye340,3.142,1.0,3,0.99,100.0,1000.0,0.005,region,D>=3c,cap1,ref_short,delay1,ref,decay,point,0.0,0.0,0.0,False,ref,IS,10,6257.0,3127.4,3077.4,267.3,0.4918331468754994,0.015990103600270922,0.8185232539555697,0.059789036279367117,0.12168770976506313,0.9038999999999999,1.1465999999999998,0.36883009665255667,75.20429344155494,517723.19392027135,246502.00385188116,3.2171890339428133,2.9051812362684073,3.545050818634821,16653.469598644002,14719.599975458515,18744.254616214508,17389.107039485833,-735.6374408418302,103.0,161.68417086062138,26.123614936020907,-44.791792684837446,-44.79179268483763,580.5824717252101,4.0,4.0,7489.474901421304,22468.424704263914,74.33698094293226,263.4271654773813,-0.20133960026699999,0.38001551313319604,132951.64132849363,4.141251736537813,0.8155311575717074,0.0952184380955534
"COUNTERFACTUAL - assumed: licensed live feed + courtside camera, not purchased; parameters from our measurements",hawkeye340,3.142,1.0,3,0.99,100.0,1000.0,0.005,region,D>=3c,cap1,ref_short,delay1,ref,decay,point,0.0,0.0,0.0,False,ref,burned_OOS,10,2402.0,1172.5,1154.4,103.0,0.4805995004163197,0.015433392207511476,0.8114487926727726,0.06069941715237302,0.1278517901748543,0.8812999999999999,1.0919999999999996,0.37547272984129376,74.17682553212283,193443.5189874358,91472.74443117484,3.2308928524637124,2.7702224291538684,3.736212845709827,6249.5206570271275,5161.727828678397,7412.192112791994,6593.22451249635,-343.70385546922324,40.0,156.2380164256782,26.383093408459274,-18.012492354747053,-17.59142027655677,456.71064514206336,3.0,3.0,3544.624318751904,10633.872956255713,58.8029946144603,536.5773258569502,-0.17041006120083538,0.36905800508837594,125666.6127091817,5.719304765361908,1.8824656961694708,0.11555882873384718
"COUNTERFACTUAL - assumed: licensed live feed + courtside camera, not purchased; parameters from our measurements",hawkeye340,3.142,1.0,3,0.99,1000.0,1000.0,0.005,region,D>=3c,cap1,ref_short,delay1,ref,decay,point,0.0,0.0,0.0,False,ref,IS,10,6257.0,3965.9,3903.3,267.3,0.623829311171488,0.01579167490348592,0.8185232539555697,0.059789036279367117,0.12168770976506313,0.9038999999999999,1.1472999999999998,0.23488081625188606,283.4137767209171,3303303.060623102,1545728.677321177,3.282455348083114,2.8461802680020796,3.7330348836083713,108437.68294761641,91858.25319190533,126082.61621735078,113137.82724366202,-4700.144296045599,103.0,1052.793038326373,21.09256439324074,-713.4257659338733,-638.3421163329306,4608.369614382562,4.0,4.0,46855.20376010967,140565.611280329,77.55240025308349,274.82161254733467,-0.5138010729855222,0.38109323637068304,132951.64132849363,49.26989843381761,1.2487142858375142,0.14283772894000352
"COUNTERFACTUAL - assumed: licensed live feed + courtside camera, not purchased; parameters from our measurements",hawkeye340,3.142,1.0,3,0.99,1000.0,1000.0,0.005,region,D>=3c,cap1,ref_short,delay1,ref,decay,point,0.0,0.0,0.0,False,ref,burned_OOS,10,2402.0,1492.9,1471.4,103.0,0.6125728559533721,0.014405294056075624,0.8114487926727726,0.06069941715237302,0.1278517901748543,0.8812999999999999,1.0988499999999999,0.24175641856976865,280.439773157454,1241683.265412353,576954.2302796439,3.2520164072003377,2.5932076946047347,3.930692150490175,40355.031682940826,30880.10969651321,50274.96236551237,41846.8499980138,-1491.8183150729812,40.0,1008.8757920735209,21.27069207403309,-585.5056698842607,-482.76334539663355,3134.43631161266,3.0,3.0,23073.772012080408,69221.31603624122,58.4585655209158,533.4344103783567,-0.853726825258595,0.3724552260199689,125666.6127091817,56.710737291621015,2.3043804998322996,0.1868790015070203
"COUNTERFACTUAL - assumed: licensed live feed + courtside camera, not purchased; parameters from our measurements",hawkeye340,3.142,1.0,10,0.95,100.0,1000.0,0.005,region,D>=3c,cap1,ref_short,delay1,ref,decay,point,0.0,0.0,0.0,False,ref,IS,10,20795.0,10386.9,9947.8,888.3,0.4783746092810771,0.042272566223434116,0.819201731185381,0.06025006011060351,0.12054820870401539,0.9104999999999999,1.1452999999999998,0.3719859233122391,72.5085841071805,1670884.690193611,795027.4337932229,3.0447945798117417,2.88571338199439,3.2100089534780016,50872.69770352967,47371.275659706094,54497.282623063424,54940.49653825971,-4067.798834730035,103.0,493.90968644203565,40.71543840089982,-18.520744178968016,30.894096564128887,1360.9008359090728,4.0,4.0,11022.924200582294,33068.77260174689,154.30813879561475,546.820103499023,-0.05370102302021681,0.3492101969851068,385080.8321099721,8.915048315328523,1.1864045545231254,0.05886102413166445
"COUNTERFACTUAL - assumed: licensed live feed + courtside camera, not purchased; parameters from our measurements",hawkeye340,3.142,1.0,10,0.95,100.0,1000.0,0.005,region,D>=3c,cap1,ref_short,delay1,ref,decay,point,0.0,0.0,0.0,False,ref,burned_OOS,10,7093.0,3541.2,3389.6,336.3,0.47787959960524456,0.04278768151612913,0.8136331594529818,0.061694628506978696,0.12467221204003946,0.8773999999999997,1.0913,0.36868728480594093,73.58491516355748,577165.2839276679,275391.45157753944,2.792082073395261,2.523840649692034,3.0779826516929774,16110.781492683996,14217.881725043699,18146.39086145885,17431.4248469601,-1320.6433542761017,40.0,402.7695373170999,42.57535212534634,-3.3564127957928123,42.80964037493368,869.5799508850514,3.0,3.0,8596.546944925349,25789.640834776048,62.6129860257475,571.3434974849458,-0.012081493928503604,0.35665207456366604,343495.8259292446,10.145906404113283,3.3696426085189795,0.0872987857408921
"COUNTERFACTUAL - assumed: licensed live feed + courtside camera, not purchased; parameters from our measurements",hawkeye340,3.142,1.0,10,0.95,1000.0,1000.0,0.005,region,D>=3c,cap1,ref_short,delay1,ref,decay,point,0.0,0.0,0.0,False,ref,IS,10,20795.0,13262.9,12690.0,888.3,0.6102428468381823,0.04319171276924645,0.819201731185381,0.06025006011060351,0.12054820870401539,0.9104999999999999,1.1435,0.2347294924228907,253.46520763755058,10416219.366130553,4870107.653687008,3.12321289463569,2.89261070101282,3.3624345470300705,325330.36725155904,295733.65813108924,356006.80682879785,351551.52213643177,-26221.154884872733,103.0,3158.547254869505,32.00922632266342,-628.4276528609171,-625.1662287668884,9848.77710165861,4.0,4.0,67627.65350750687,202882.9605225206,160.7676760644333,569.7106967331858,-0.31549339656962316,0.34803838234652423,385080.8321099721,66.62678210813456,0.9238055968008532,0.05673232525099997
"COUNTERFACTUAL - assumed: licensed live feed + courtside camera, not purchased; parameters from our measurements",hawkeye340,3.142,1.0,10,0.95,1000.0,1000.0,0.005,region,D>=3c,cap1,ref_short,delay1,ref,decay,point,0.0,0.0,0.0,False,ref,burned_OOS,10,7093.0,4509.3,4314.3,336.3,0.6082475680248132,0.04323453568362713,0.8136331594529818,0.061694628506978696,0.12467221204003946,0.8773999999999997,1.0917999999999997,0.2330504222794451,262.4086458173148,3621764.9341350035,1696543.0721669346,2.767347845080632,2.393713746953983,3.155906929209183,100205.92256571332,84148.52971965795,116897.46821804035,106375.52633201377,-6169.603766300445,40.0,2505.148064142833,33.7878353591296,-388.6497075212621,-339.102256129768,6096.885604550428,3.0,3.0,54859.790510310966,164579.3715309329,61.00553629716421,556.6755187116235,-0.23813082108938693,0.357712978548832,343495.8259292446,118.62848959901619,4.965398323694087,0.1370733818584643
"COUNTERFACTUAL - assumed: licensed live feed + courtside camera, not purchased; parameters from our measurements",hawkeye340,3.142,1.0,10,0.99,100.0,1000.0,0.005,region,D>=3c,cap1,ref_short,delay1,ref,decay,point,0.0,0.0,0.0,False,ref,IS,10,20795.0,10379.9,10215.6,888.2,0.4912527049771579,0.015830896399741713,0.819201731185381,0.06025006011060351,0.12054820870401539,0.9104999999999999,1.1462999999999999,0.3706215792452477,72.28683381945196,1670033.176427757,792592.3475593899,3.266185711852752,3.1060864989000314,3.434623647172051,54544.369378578755,50888.05685852545,58248.06401090964,56328.55278694087,-1784.1834083621102,103.0,529.5569842580461,41.99017786908073,-1.6329215564590414,56.22417839495658,1446.0773409363417,4.0,4.0,11097.840798217014,33293.52239465104,164.42797020655362,582.6816419940977,-0.004786607981969493,0.3484255201848091,394131.98384779546,7.142395198029988,0.6392786059186308,0.04764017123089798
"COUNTERFACTUAL - assumed: licensed live feed + courtside camera, not purchased; parameters from our measurements",hawkeye340,3.142,1.0,10,0.99,100.0,1000.0,0.005,region,D>=3c,cap1,ref_short,delay1,ref,decay,point,0.0,0.0,0.0,False,ref,burned_OOS,10,7093.0,3535.0,3481.3,335.9,0.4908078387142253,0.015195473534978932,0.8136331594529818,0.061694628506978696,0.12467221204003946,0.8773999999999997,1.0920999999999998,0.3673065731823446,73.34537924770439,576457.5221570383,274300.35215132765,3.0259644890329938,2.7453666102176,3.315532746843288,17440.521208811257,15509.29956575164,19573.957749964866,18090.478672677382,-649.9574638661297,40.0,436.0130302202814,44.49355839393466,-4.6657036224237345,65.2187338426028,928.9842111470564,3.0,3.0,8834.886951501061,26504.66085450318,66.11842050198428,603.3305870806064,-0.016284907682972284,0.35689802378645824,352229.17321761313,7.63579974933731,2.6370808512451274,0.0676588168660227
"COUNTERFACTUAL - assumed: licensed live feed + courtside camera, not purchased; parameters from our measurements",hawkeye340,3.142,1.0,10,0.99,1000.0,1000.0,0.005,region,D>=3c,cap1,ref_short,delay1,ref,decay,point,0.0,0.0,0.0,False,ref,IS,10,20795.0,13234.7,13019.8,888.2,0.6261024284683818,0.016239079081728346,0.819201731185381,0.06025006011060351,0.12054820870401539,0.9104999999999999,1.1469999999999998,0.23374919470355104,253.10555311991297,10403668.429423379,4852879.4286793005,3.3569842857257406,3.122240385338866,3.5943187180506655,349270.9430651095,318477.4636653264,380733.05785599403,360323.2831025241,-11052.34003741462,103.0,3390.980029758344,33.371886625645814,-450.03957648975774,-410.6532297715852,10549.907062750255,4.0,4.0,67833.6694221572,203501.00826647162,172.04798671080232,609.684613101387,-0.22409843173126945,0.34806583502675625,394131.98384779546,66.90151360687821,0.9150444368046219,0.050048045946618436
"COUNTERFACTUAL - assumed: licensed live feed + courtside camera, not purchased; parameters from our measurements",hawkeye340,3.142,1.0,10,0.99,1000.0,1000.0,0.005,region,D>=3c,cap1,ref_short,delay1,ref,decay,point,0.0,0.0,0.0,False,ref,burned_OOS,10,7093.0,4500.8,4432.5,335.9,0.6249118849569999,0.015180239820770469,0.8136331594529818,0.061694628506978696,0.12467221204003946,0.8773999999999997,1.09315,0.23132457725667838,263.1258286350991,3626289.531344504,1695294.9886206992,2.997569671274465,2.618070957034355,3.380008524939671,108680.99762615343,92316.39748321677,125838.4070568311,111769.7602914342,-3088.7626652807553,40.0,2717.024940653836,35.716974517442495,-328.13527369974946,-214.58471640119978,6585.871722202361,3.0,3.0,56565.16208767206,169695.48626301618,64.24765754859831,586.2598751309597,-0.19390647907310174,0.3584497142242928,352229.17321761313,135.04014393593397,4.742757462826608,0.1545289744712282
"COUNTERFACTUAL - assumed: licensed live feed + courtside camera, not purchased; parameters from our measurements",hawkeye340,3.142,1.0,30,0.95,100.0,1000.0,0.005,region,D>=3c,cap1,ref_short,delay1,ref,decay,point,0.0,0.0,0.0,False,ref,IS,10,54704.0,28106.7,26906.6,2503.8,0.49185799941503366,0.04269829539121857,0.8197316466803158,0.06038132494881544,0.11988702837086869,0.9162999999999999,1.1449999999999998,0.3585533729497786,66.95340395608348,4251790.877291724,2025221.692791663,2.9825248727156435,2.8762050575569984,3.087796285626711,126810.80403836086,120983.01009981598,132702.3824748153,136410.34970947067,-9599.545671109789,103.0,1231.1728547413675,50.56381094732281,0.0,75.00847988507303,2547.8562656819277,4.0,4.0,20653.78372035246,61961.35116105738,205.23685067073717,727.2956358720297,0.0,0.29679118740011046,824519.3040067904,11.146313006938241,1.2311167238418426,0.024078724400120675
"COUNTERFACTUAL - assumed: licensed live feed + courtside camera, not purchased; parameters from our measurements",hawkeye340,3.142,1.0,30,0.95,100.0,1000.0,0.005,region,D>=3c,cap1,ref_short,delay1,ref,decay,point,0.0,0.0,0.0,False,ref,burned_OOS,10,17384.0,8806.7,8425.5,977.2,0.48466981132075465,0.04327870644947511,0.813782788771284,0.06153934652554073,0.12467786470317532,0.8780499999999998,1.0931999999999997,0.36170348848741346,68.73145567560556,1367730.4539622678,652993.5266520523,2.8895327306754064,2.6953038128554176,3.090713481490072,39515.46668777107,36327.87735517347,42845.56458067132,42536.59515590968,-3021.1284681386155,40.0,987.8866671942766,60.79481023720585,0.0,332.5045675692577,1657.878512804376,3.0,3.0,14559.174031884357,43677.52209565307,90.55600102945293,826.3235093937581,0.0,0.3197039674420242,725973.7127050508,13.592475576652468,4.37277028944722,0.05690481507326508
"COUNTERFACTUAL - assumed: licensed live feed + courtside camera, not purchased; parameters from our measurements",hawkeye340,3.142,1.0,30,0.95,1000.0,1000.0,0.005,region,D>=3c,cap1,ref_short,delay1,ref,decay,point,0.0,0.0,0.0,False,ref,IS,10,54704.0,35839.5,34286.2,2503.8,0.6267585551330799,0.043340635769267645,0.8197316466803158,0.06038132494881544,0.11988702837086869,0.9162999999999999,1.1447999999999996,0.2181191794566511,210.61954034739128,25217606.942164373,11783993.595869584,3.0439515103671866,2.888848906175109,3.19567192429059,767587.105368823,719066.8401888551,816055.4601902098,826193.9386096757,-58606.83324085267,103.0,7452.30199387207,42.81210162983132,-52.304382736200935,181.50297916382146,16784.57369109898,4.0,4.0,114596.58889582657,343789.7666874797,223.9324774283894,793.5471287510886,-0.01509901652414301,0.2965827788924972,824519.3040067904,111.48008625725556,0.9751443944067079,0.04943104022609778
"COUNTERFACTUAL - assumed: licensed live feed + courtside camera, not purchased; parameters from our measurements",hawkeye340,3.142,1.0,30,0.95,1000.0,1000.0,0.005,region,D>=3c,cap1,ref_short,delay1,ref,decay,point,0.0,0.0,0.0,False,ref,burned_OOS,10,17384.0,11228.9,10743.2,977.2,0.6179935572940636,0.04325318251266473,0.813782788771284,0.06153934652554073,0.12467786470317532,0.8780499999999998,1.0931499999999998,0.22298899478850806,232.81492288615726,8342842.113082086,3900283.977067729,2.873272317589305,2.5889453259235315,3.163972283074917,239678.64559634798,212525.82121456135,268261.5463153268,255228.24355027513,-15549.59795392715,40.0,5991.9661399087,47.068457410649856,-139.6516427405135,1084.7864676841984,11456.406144806242,3.0,3.0,84567.1563125186,253701.4689375558,94.7203291508718,864.3230035017053,-0.05087378176933564,0.3206798434639479,725973.7127050508,132.12020152451893,5.927271439120274,0.074723790397059
"COUNTERFACTUAL - assumed: licensed live feed + courtside camera, not purchased; parameters from our measurements",hawkeye340,3.142,1.0,30,0.99,100.0,1000.0,0.005,region,D>=3c,cap1,ref_short,delay1,ref,decay,point,0.0,0.0,0.0,False,ref,IS,10,54704.0,28061.8,27617.4,2503.4,0.5048515647850248,0.015838426242199576,0.8197316466803158,0.06038132494881544,0.11988702837086869,0.9162999999999999,1.1468999999999998,0.3576147745950307,66.82866485486673,4246940.146729978,2017882.5297257423,3.2134483147413606,3.106498676703132,3.3183706320329023,136472.41414689328,130405.68041017279,142509.14967807636,140204.170377475,-3731.7562305816873,103.0,1324.974894630032,51.71936826526003,0.0,88.60228377197082,2680.8150579847206,4.0,4.0,20645.0652681194,61935.19580435819,220.7254015467723,782.1822481997272,0.0,0.2969975769057131,844529.9191852305,8.12237057519714,1.0348496555148468,0.019221756447993888
"COUNTERFACTUAL - assumed: licensed live feed + courtside camera, not purchased; parameters from our measurements",hawkeye340,3.142,1.0,30,0.99,100.0,1000.0,0.005,region,D>=3c,cap1,ref_short,delay1,ref,decay,point,0.0,0.0,0.0,False,ref,burned_OOS,10,17384.0,8784.5,8647.8,976.7,0.497457432121491,0.015560173327229776,0.813782788771284,0.06153934652554073,0.12467786470317532,0.8780499999999998,1.0950499999999996,0.36070518463987133,68.58490749836564,1364353.3833895666,649772.7507501568,3.1236201283171985,2.9297798059065507,3.324978712944412,42612.86385788268,39373.398100391394,46046.661771458246,43683.20191793839,-1070.3380600557143,40.0,1065.3215964470671,62.819457850696644,0.0,393.9668383548642,1725.6392059401794,3.0,3.0,14539.636109604442,43618.90832881333,97.75277649253387,891.9940854943716,0.0,0.31998086098947126,743693.9063549667,12.071149386725484,4.255926821848898,0.049247486475127535
"COUNTERFACTUAL - assumed: licensed live feed + courtside camera, not purchased; parameters from our measurements",hawkeye340,3.142,1.0,30,0.99,1000.0,1000.0,0.005,region,D>=3c,cap1,ref_short,delay1,ref,decay,point,0.0,0.0,0.0,False,ref,IS,10,54704.0,35734.3,35156.6,2503.4,0.6426696402456857,0.01616712338124394,0.8197316466803158,0.06038132494881544,0.11988702837086869,0.9162999999999999,1.1472499999999997,0.21773688392633012,210.55517615160633,25170591.568172507,11736239.004903097,3.29509973727004,3.1393494442284817,3.451167578278322,829364.9697162805,779343.5221421702,879888.8801737208,851374.1406863146,-22009.170970033876,103.0,8052.087084624084,44.14945877925864,-16.681565087480703,288.3535995948504,17953.759548772996,4.0,4.0,112905.78217898752,338717.34653696255,245.52417496930644,870.0613967358917,-0.004891990831328448,0.29689441260469146,844529.9191852305,89.28242785994058,1.2670446545945726,0.04344084655873365
"COUNTERFACTUAL - assumed: licensed live feed + courtside camera, not purchased; parameters from our measurements",hawkeye340,3.142,1.0,30,0.99,1000.0,1000.0,0.005,region,D>=3c,cap1,ref_short,delay1,ref,decay,point,0.0,0.0,0.0,False,ref,burned_OOS,10,17384.0,11200.4,11026.2,976.7,0.6342728946157385,0.015551500419538566,0.813782788771284,0.06153934652554073,0.12467786470317532,0.8780499999999998,1.0949999999999995,0.22193153973333693,232.73803780995846,8332073.108914663,3887961.7820331203,3.107253122205451,2.8284476479168617,3.394737886144342,258868.87640009905,231582.7310739967,288126.02748096344,265458.5060695404,-6589.62966944141,40.0,6471.721910002476,49.4005105473277,-91.79577716135027,1313.3878777030154,11841.873805842837,3.0,3.0,85158.67217603745,255476.0165281124,101.58492920185776,926.9624789669521,-0.033855691399167366,0.3213025331480828,743693.9063549667,146.36043382912598,6.062711857673456,0.07780697727452429
