month,n,wallets,matches,shares,usd_in,net30_c,net_res_c,pnl,pnl30,sh_mo30,sh_mores,sh_pq,fee_c,variant
2025-12,71,2,14,12536.494704140709,7106.389878033334,1.969006152816902,2.0810087390140852,-771.2618678926253,317.4733439389713,317.4733439389713,-771.2618678926253,1901.3989448276413,0.0,all|t2|mm5
2026-01,5100,4,626,561463.941178211,283277.4922201707,2.499663064168959,0.7747117329509804,1971.6140184858862,9963.897406003796,9968.765848003797,1976.4824604858861,104112.57701424893,0.00025429411764705883,all|t2|mm5
2026-02,8934,12,939,1306653.0969349886,650488.0608460377,1.171971165185684,1.7571893949759265,33020.93805691707,15034.784093054308,15034.784093054308,33020.93805691707,254831.75619540046,0.0,all|t2|mm5
2026-03,5417,19,419,785578.0486583094,384474.9825041151,1.4454691476323442,-0.12232478166414057,-10930.396051060461,10959.485413754594,11861.476590964028,-10027.997741050049,141246.1484125684,0.13236385529345568,all|t2|mm5
2026-04,14179,20,1362,2109003.2340640905,1009497.8379354399,1.4120076629315417,1.8950200518350995,20079.49717146774,25241.615209693733,37384.58049069296,32227.423782595946,404930.8870376068,0.6040603886931464,all|t2|mm5
2026-05,36378,36,1415,2986880.1370478766,1175224.6338543857,0.7935898064017437,1.0879556931062082,50539.56942988265,42233.572927392976,56824.82370066688,65130.82020315656,486375.0257757969,0.6105832835700798,all|t2|mm5
2026-06,24080,54,1251,2678897.193960285,1179014.460274413,0.6595589169157823,1.1692809723634596,47796.65288168777,23954.7642015662,37878.30260986976,61756.31385905611,465332.4597786535,0.6037429484830074,all|t2|mm5
2026-07,28148,69,1400,3255672.3354383027,1490273.4405529911,0.5530139156442172,0.8347345598819512,78725.51761709369,18956.53631858487,47058.221871025475,106864.0431963145,616086.2556441865,0.9128386570540853,all|t2|mm5
2026-08,18173,88,1156,2874845.679067936,1312535.6059617759,0.7166428231350997,0.22822355312016965,50239.20298590955,18459.689382188808,45011.57698692974,76820.06525342021,531617.2453502129,1.0036569162184095,all|t2|mm5
2025-12,71,2,14,12536.494704140709,7106.389878033334,1.969006152816902,2.0810087390140852,-771.2618678926253,317.4733439389713,317.4733439389713,-771.2618678926253,1901.3989448276413,0.0,all|t2|mm10
2026-01,4442,3,606,462475.9996533379,231911.71725510294,2.406436185197428,1.0927938217244484,5110.3164994559165,7006.979750851305,7011.773222851305,5115.109971455916,84336.41114961459,0.00012318775326429537,all|t2|mm10
2026-02,8933,11,939,1306501.4369349885,650338.2674460302,1.171971165185684,1.7572483434669655,33019.071456924525,15034.784093054308,15034.784093054308,33019.071456924525,254829.91256913554,0.0,all|t2|mm10
2026-03,5414,18,419,785155.7886583094,384061.714804114,1.4453292383328138,-0.12365980215453445,-10939.388351059395,10955.085413754594,11857.076590964029,-10036.990041048983,141237.39667264535,0.13243720061408376,all|t2|mm10
2026-04,14136,18,1361,2088561.9741100546,989816.7114342571,1.4126138474157208,1.924591897523158,19624.43147857396,24944.324083316973,37073.777306404,31757.391044232023,404431.9855219355,0.605146697134454,all|t2|mm10
2026-05,36267,32,1414,2982935.3672958766,1171344.1788873575,0.7921039417960605,1.0743833163715701,49685.630724423354,42053.17615404247,56630.39027580382,64262.8448461847,485907.1373920449,0.6106867857570869,all|t2|mm10
2026-06,23978,48,1251,2570700.6959799733,1174342.743759414,0.6626288156502339,1.13429969707077,47580.663707724554,23978.060323188918,37876.04835729471,61511.65830086513,464376.91363772796,0.6041345995652145,all|t2|mm10
2026-07,27951,60,1400,3225914.366649523,1475607.506241037,0.5374562796158423,0.7801960468889066,74714.50825460795,16297.565062390755,44151.003031756365,102586.22997168689,610258.3056032185,0.9128429460385943,all|t2|mm10
2026-08,18098,83,1156,2841875.330394103,1298159.7822126143,0.7181743579392397,0.28684153585944716,52318.737770176915,17989.272260479876,44179.3623017233,78536.86195958195,524362.4837881007,1.0023146794129585,all|t2|mm10
2025-12,71,2,14,12536.494704140709,7106.389878033334,1.969006152816902,2.0810087390140852,-771.2618678926253,317.4733439389713,317.4733439389713,-771.2618678926253,1901.3989448276413,0.0,all|t2|mm20
2026-01,4442,3,606,462475.9996533379,231911.71725510294,2.406436185197428,1.0927938217244484,5110.3164994559165,7006.979750851305,7011.773222851305,5115.109971455916,84336.41114961459,0.00012318775326429537,all|t2|mm20
2026-02,8612,10,932,1302022.2886991655,648381.2491249712,1.1854146700494645,1.9736970855813682,32466.91004024553,14984.510217911313,14984.510217911313,32466.91004024553,253857.3071962058,0.0,all|t2|mm20
2026-03,5365,14,419,724161.4367802863,377117.79132192134,1.4472175338632887,-0.14490524333506932,-10777.247373192156,10914.4311914749,11786.60975309736,-9904.661678768716,138532.44893009728,0.1313319775046872,all|t2|mm20
2026-04,14136,18,1361,2088561.9741100546,989816.7114342571,1.4126138474157208,1.924591897523158,19624.43147857396,24944.324083316973,37073.777306404,31757.391044232023,404431.9855219355,0.605146697134454,all|t2|mm20
2026-05,36245,29,1414,2973129.453542794,1164204.2792243653,0.79025470303296,1.0661043891641508,48148.232513090465,41905.03900149236,56448.90076816713,62692.09427976523,484795.3922224921,0.6109172704691783,all|t2|mm20
2026-06,23841,43,1250,2565730.703293763,1171099.1924294238,0.6597805725552622,1.1450296021418882,47605.80190958513,23888.29882930108,37769.476409257804,61519.11831415302,463787.64068530535,0.6045029470570844,all|t2|mm20
2026-07,27324,44,1399,3108423.5764609403,1421049.3674125455,0.47312113168646863,0.6653544963222919,55642.685722342794,14990.487184757752,41721.87416584117,82391.84194673915,586692.1991475914,0.912717817693038,all|t2|mm20
2026-08,17919,70,1157,2823953.4539953684,1287577.7554165975,0.6961478646632522,0.2520383734142263,47841.20507708295,15080.27216703159,41053.6892580372,73842.52337826058,520026.3660235523,1.001311547632707,all|t2|mm20
2025-12,71,2,14,12536.494704140709,7106.389878033334,1.969006152816902,2.0810087390140852,-771.2618678926253,317.4733439389713,317.4733439389713,-771.2618678926253,1901.3989448276413,0.0,all|t3|mm5
2026-01,5100,4,626,561463.941178211,283277.4922201707,2.499663064168959,0.7747117329509804,1971.6140184858862,9963.897406003796,9968.765848003797,1976.4824604858861,104112.57701424893,0.00025429411764705883,all|t3|mm5
2026-02,8612,10,932,1301726.5635640305,648365.5100249787,1.1853769583709697,1.9781378777024048,32634.30914023807,14977.757405919145,14977.757405919145,32634.30914023807,253754.8653474707,0.0,all|t3|mm5
2026-03,3281,12,403,629519.8160406607,308676.00282742846,2.0189289543660065,0.6469920987208339,1176.983114869911,8936.453482898298,9547.279848068258,1788.1859367578495,111058.49677620232,0.11364108648794409,all|t3|mm5
2026-04,14056,13,1359,2042892.9454863502,961629.6484862814,1.419896107451625,2.0472318415328665,27993.99387071032,25262.729284588335,37162.786197989306,39897.55670712751,396785.4278805728,0.6057287051255003,all|t3|mm5
2026-05,34839,22,1408,2384798.4694275158,1083422.8571041874,0.8070342862312258,1.2128660633020372,69438.40077793892,42918.34339016138,56455.476817316376,82975.5342050939,451237.7809051664,0.6120823627960139,all|t3|mm5
2026-06,22555,36,1248,2481929.4694210337,1137474.4732863042,0.6968478980394437,1.2801070596713338,51031.81118212463,24447.365435764063,37833.4873959968,64423.80079298981,446399.653695506,0.6030350180209743,all|t3|mm5
2026-07,26542,51,1399,3180131.40212551,1454592.5705798909,0.5446230296123198,0.830462503586311,75343.49552965985,16249.984648384192,43729.388596634024,102840.85212673224,601833.657497539,0.9144161511373516,all|t3|mm5
2026-08,17161,72,1153,2719148.6559446966,1249024.820156516,0.7930270564196519,0.3629570639436299,55616.83395793547,19202.557457362283,44077.86059218644,80521.47817185354,498092.88427836116,0.998553904902591,all|t3|mm5
2025-12,71,2,14,12536.494704140709,7106.389878033334,1.969006152816902,2.0810087390140852,-771.2618678926253,317.4733439389713,317.4733439389713,-771.2618678926253,1901.3989448276413,0.0,all|t3|mm10
2026-01,4442,3,606,462475.9996533379,231911.71725510294,2.406436185197428,1.0927938217244484,5110.3164994559165,7006.979750851305,7011.773222851305,5115.109971455916,84336.41114961459,0.00012318775326429537,all|t3|mm10
2026-02,8611,9,932,1301574.9035640303,648215.7166249712,1.1853769583709697,1.9782246990903811,32632.44254024553,14977.757405919145,14977.757405919145,32632.44254024553,253753.0217212058,0.0,all|t3|mm10
2026-03,3277,11,403,628897.5560406607,308064.73512742744,2.0188734791682017,0.6453830483103618,1165.9908148709771,8932.053482898298,9542.879848068258,1777.1936367589155,111047.76503627925,0.11377980005094432,all|t3|mm10
2026-04,14056,13,1359,2042892.9454863502,961629.6484862814,1.419896107451625,2.0472318415328665,27993.99387071032,25262.729284588335,37162.786197989306,39897.55670712751,396785.4278805728,0.6057287051255003,all|t3|mm10
2026-05,34772,20,1408,2379054.069675516,1079205.4745371921,0.8027612553278993,1.2037596903862797,69282.48227966431,42690.67421433497,56204.698382759816,82796.50644808916,450467.4722808283,0.6122558205124319,all|t3|mm10
2026-06,22528,34,1248,2377629.724355443,1134023.1769363033,0.6968899818930292,1.279843111129469,51086.84172689065,24431.684671155992,37816.44338106296,64474.35207740006,446250.34501698025,0.6037042640503076,all|t3|mm10
2026-07,26529,49,1399,3180130.731336036,1454278.2840799044,0.5438088799270978,0.8200710039528238,74107.1761736528,16328.358788806923,43808.4035400401,101605.087837245,601844.758827935,0.9143188291048182,all|t3|mm10
2026-08,17128,70,1153,2718473.412483697,1248527.800368515,0.7968441916701285,0.39296509964013165,55664.112572994614,19207.0721367255,44077.93445749138,80564.3159728544,498004.0679971956,0.9983208695010406,all|t3|mm10
2025-12,71,2,14,12536.494704140709,7106.389878033334,1.969006152816902,2.0810087390140852,-771.2618678926253,317.4733439389713,317.4733439389713,-771.2618678926253,1901.3989448276413,0.0,all|t3|mm20
2026-01,4442,3,606,462475.9996533379,231911.71725510294,2.406436185197428,1.0927938217244484,5110.3164994559165,7006.979750851305,7011.773222851305,5115.109971455916,84336.41114961459,0.00012318775326429537,all|t3|mm20
2026-02,8611,9,932,1301574.9035640303,648215.7166249712,1.1853769583709697,1.9782246990903811,32632.44254024553,14977.757405919145,14977.757405919145,32632.44254024553,253753.0217212058,0.0,all|t3|mm20
2026-03,3235,9,403,578881.3297902455,305482.1560141592,2.0252845005347986,0.5224142024353337,1664.9556986340476,8914.361293041828,9515.318634520045,2266.289496830242,110512.4975411857,0.11232832856002965,all|t3|mm20
2026-04,14056,13,1359,2042892.9454863502,961629.6484862814,1.419896107451625,2.0472318415328665,27993.99387071032,25262.729284588335,37162.786197989306,39897.55670712751,396785.4278805728,0.6057287051255003,all|t3|mm20
2026-05,34750,18,1408,2369840.565922433,1072705.4696742042,0.8006419806322308,1.1971331518745334,67201.883366735,42499.63758405218,55983.61529898276,80685.86108166557,449465.9238310193,0.6124951707778411,all|t3|mm20
2026-06,22528,34,1248,2377629.724355443,1134023.1769363033,0.6968899818930292,1.279843111129469,51086.84172689065,24431.684671155992,37816.44338106296,64474.35207740006,446250.34501698025,0.6037042640503076,all|t3|mm20
2026-07,26035,36,1398,3071583.8288464267,1404173.782728369,0.48487422061443475,0.6974300837483622,56209.504950567876,15156.048369820473,41607.93057455789,82678.61695126894,580362.7246662889,0.9142769950504,all|t3|mm20
2026-08,16933,61,1154,2704583.025341726,1241623.1429305195,0.7743095357426579,0.3296802631785064,52790.87119730304,18406.853182262614,43108.56004512954,77521.91913926387,494620.9588392167,0.9972224773264247,all|t3|mm20
2025-12,68,1,14,12373.484544614035,7041.256878029734,1.7908899579411774,2.6872456110294123,-739.1390274156987,311.82628569516476,311.82628569516476,-739.1390274156987,1874.939292908073,0.0,all|t4|mm5
2026-01,4572,2,613,468722.4881339317,242578.9611680201,2.570867130113985,0.6916624212795277,-1347.2047236938236,8435.144402918228,8440.012844918228,-1342.3362816938236,86370.00184256725,0.00028366141732283465,all|t4|mm5
2026-02,8258,7,928,1251662.5647712236,621860.2866099665,1.1810170817753096,2.035241071665657,30089.745906165623,14864.88021367259,14864.88021367259,30089.745906165623,244769.0136219359,0.0,all|t4|mm5
2026-03,3141,9,403,626007.8940662455,305649.288408747,2.065246182026937,0.7184876466438408,1656.9135355163562,8886.092125138885,9485.924953147021,2257.1228202424704,110267.64419226575,0.11498393597316012,all|t4|mm5
2026-04,10083,10,1319,1902054.258177118,893649.3372242956,1.7611752986141376,2.0584825105147577,24649.281445538447,24826.13882594248,35899.34306510256,35725.991607714735,369223.6720725431,0.6056474761290985,all|t4|mm5
2026-05,17917,13,1337,2111598.4494398865,927883.748583421,1.793041020162531,2.5654690740836674,66477.08417448812,43440.06056246017,55295.07819294843,78332.10180497638,395167.25434960873,0.600633374293293,all|t4|mm5
2026-06,15037,29,1224,2361017.1445507063,1070331.402897091,1.2410986718826627,1.8643634844139574,59471.67107606804,24400.842439082156,37084.072046968984,72160.73566458731,422968.8196173088,0.5971071811183964,all|t4|mm5
2026-07,18193,42,1362,2928273.606955803,1314595.301373415,1.069305279118732,1.6725969997178716,61545.82133922886,18340.31888393966,43232.32761238284,86457.31109371707,547700.6969301883,0.8967139638141309,all|t4|mm5
2026-08,16182,58,1150,2610982.6788206603,1192992.748388255,0.7409736876248124,0.20928051383370527,45540.15427892283,16740.301668799097,40368.97967121792,69196.84887756403,473133.89197282377,0.9965787157936584,all|t4|mm5
2025-12,68,1,14,12373.484544614035,7041.256878029734,1.7908899579411774,2.6872456110294123,-739.1390274156987,311.82628569516476,311.82628569516476,-739.1390274156987,1874.939292908073,0.0,all|t4|mm10
2026-01,3922,1,585,368125.4491025971,190119.58979595685,2.485886192765849,1.136522414645589,2996.2817892716957,5599.204079180737,5603.997551180736,3001.0752612716956,66242.08300814517,0.0001395206527281999,all|t4|mm10
2026-02,8258,7,928,1251662.5647712236,621860.2866099665,1.1810170817753096,2.035241071665657,30089.745906165623,14864.88021367259,14864.88021367259,30089.745906165623,244769.0136219359,0.0,all|t4|mm10
2026-03,3141,9,403,626007.8940662455,305649.288408747,2.065246182026937,0.7184876466438408,1656.9135355163562,8886.092125138885,9485.924953147021,2257.1228202424704,110267.64419226575,0.11498393597316012,all|t4|mm10
2026-04,10083,10,1319,1902054.258177118,893649.3372242956,1.7611752986141376,2.0584825105147577,24649.281445538447,24826.13882594248,35899.34306510256,35725.991607714735,369223.6720725431,0.6056474761290985,all|t4|mm10
2026-05,17862,12,1334,2107242.859687886,924996.2615164253,1.7881632722296432,2.5532364860122545,66378.44792337755,43232.9286937978,55066.46931839232,78211.98854797207,394451.3541531506,0.6005865734967593,all|t4|mm10
2026-06,15013,28,1224,2258697.604550706,1068839.06014709,1.2418365607397226,1.864848769051368,59547.32241502481,24386.013088008927,37068.477446969984,72232.5384145883,422840.53331878304,0.5979876652195977,all|t4|mm10
2026-07,18193,42,1362,2928273.606955803,1314595.301373415,1.069305279118732,1.6725969997178716,61545.82133922886,18340.31888393966,43232.32761238284,86457.31109371707,547700.6969301883,0.8967139638141309,all|t4|mm10
2026-08,16182,58,1150,2610982.6788206603,1192992.748388255,0.7409736876248124,0.20928051383370527,45540.15427892283,16740.301668799097,40368.97967121792,69196.84887756403,473133.89197282377,0.9965787157936584,all|t4|mm10
2025-12,68,1,14,12373.484544614035,7041.256878029734,1.7908899579411774,2.6872456110294123,-739.1390274156987,311.82628569516476,311.82628569516476,-739.1390274156987,1874.939292908073,0.0,all|t4|mm20
2026-01,3922,1,585,368125.4491025971,190119.58979595685,2.485886192765849,1.136522414645589,2996.2817892716957,5599.204079180737,5603.997551180736,3001.0752612716956,66242.08300814517,0.0001395206527281999,all|t4|mm20
2026-02,8258,7,928,1251662.5647712236,621860.2866099665,1.1810170817753096,2.035241071665657,30089.745906165623,14864.88021367259,14864.88021367259,30089.745906165623,244769.0136219359,0.0,all|t4|mm20
2026-03,3132,8,403,577505.2940662456,304789.4354387399,2.062945550522017,0.710225707218488,1676.4565055234693,8867.321745145997,9467.154573154134,2276.6657902495836,110193.43153271191,0.1153143495822784,all|t4|mm20
2026-04,10083,10,1319,1902054.258177118,893649.3372242956,1.7611752986141376,2.0584825105147577,24649.281445538447,24826.13882594248,35899.34306510256,35725.991607714735,369223.6720725431,0.6056474761290985,all|t4|mm20
2026-05,17862,12,1334,2107242.859687886,924996.2615164253,1.7881632722296432,2.5532364860122545,66378.44792337755,43232.9286937978,55066.46931839232,78211.98854797207,394451.3541531506,0.6005865734967593,all|t4|mm20
2026-06,15013,28,1224,2258697.604550706,1068839.06014709,1.2418365607397226,1.864848769051368,59547.32241502481,24386.013088008927,37068.477446969984,72232.5384145883,422840.53331878304,0.5979876652195977,all|t4|mm20
2026-07,17783,32,1361,2893250.727911213,1293534.0714713652,1.0081069019761932,1.5628906741048665,56167.30480508906,17494.522480602318,42107.71424628812,80797.66915876124,541319.7335005568,0.8957106881386517,all|t4|mm20
2026-08,16030,51,1150,2597378.2731534946,1185351.6816202824,0.7151740624100569,0.16900548506937704,43935.31666241024,15938.239566740354,39411.64229493596,67436.73598682821,470028.38648835936,0.9958855641633115,all|t4|mm20
2025-12,68,1,14,12373.484544614035,7041.256878029734,1.7908899579411774,2.6872456110294123,-739.1390274156987,311.82628569516476,311.82628569516476,-739.1390274156987,1874.939292908073,0.0,all|t5|mm5
2026-01,3922,1,585,368125.4491025971,190119.58979595685,2.485886192765849,1.136522414645589,2996.2817892716957,5599.204079180737,5603.997551180736,3001.0752612716956,66242.08300814517,0.0001395206527281999,all|t5|mm5
2026-02,4499,4,827,853117.5467654621,441555.58648216294,1.6902447884061527,2.6618481139484214,20228.25567141636,10332.54650891295,10332.54650891295,20228.25567141636,166983.72149364033,0.0,all|t5|mm5
2026-03,3095,7,402,558148.3918030593,295920.8273835096,2.067192064111043,0.6630351138787473,-164.42960052063682,8680.422145696692,9254.740717291614,410.26542779226276,106234.20436301302,0.11405098324564694,all|t5|mm5
2026-04,10028,8,1319,1890473.8833456158,886346.2667115424,1.760291038011261,2.1135890519635137,26271.27069819318,24638.91264307544,35655.016479411046,37289.88888931662,367287.273037448,0.6065188444216079,all|t5|mm5
2026-05,17729,11,1327,2005621.8003041598,885825.5690993839,1.7972868244300226,2.564790438024416,71850.58552287656,43615.1424206693,54871.93844061177,83107.38154281903,375226.53399808245,0.6004956782494855,all|t5|mm5
2026-06,12978,20,1213,1964271.8019808624,968477.6059199283,1.4254135767884732,2.1850764786730363,51774.166561079684,24727.941752115126,35820.60574577893,62868.86152007592,369823.1652998747,0.5943724692311094,all|t5|mm5
2026-07,17296,27,1360,2813887.3854662,1264881.2899103551,1.08432567186868,1.6617179448641748,65199.05235444005,19271.20314096215,43086.25624146735,89030.99734839839,522243.3768389186,0.8976336023975048,all|t5|mm5
2026-08,12022,45,1132,2414939.7834314983,1083356.3056264175,1.1082887826545227,0.6649092057780389,52697.31819014376,18113.200501827123,39711.355137859035,74322.5597385696,432504.8309685169,0.9976423593775091,all|t5|mm5
2025-12,68,1,14,12373.484544614035,7041.256878029734,1.7908899579411774,2.6872456110294123,-739.1390274156987,311.82628569516476,311.82628569516476,-739.1390274156987,1874.939292908073,0.0,all|t5|mm10
2026-01,3922,1,585,368125.4491025971,190119.58979595685,2.485886192765849,1.136522414645589,2996.2817892716957,5599.204079180737,5603.997551180736,3001.0752612716956,66242.08300814517,0.0001395206527281999,all|t5|mm10
2026-02,4499,4,827,853117.5467654621,441555.58648216294,1.6902447884061527,2.6618481139484214,20228.25567141636,10332.54650891295,10332.54650891295,20228.25567141636,166983.72149364033,0.0,all|t5|mm10
2026-03,3095,7,402,558148.3918030593,295920.8273835096,2.067192064111043,0.6630351138787473,-164.42960052063682,8680.422145696692,9254.740717291614,410.26542779226276,106234.20436301302,0.11405098324564694,all|t5|mm10
2026-04,10028,8,1319,1890473.8833456158,886346.2667115424,1.760291038011261,2.1135890519635137,26271.27069819318,24638.91264307544,35655.016479411046,37289.88888931662,367287.273037448,0.6065188444216079,all|t5|mm10
2026-05,17729,11,1327,2005621.8003041598,885825.5690993839,1.7972868244300226,2.564790438024416,71850.58552287656,43615.1424206693,54871.93844061177,83107.38154281903,375226.53399808245,0.6004956782494855,all|t5|mm10
2026-06,12978,20,1213,1964271.8019808624,968477.6059199283,1.4254135767884732,2.1850764786730363,51774.166561079684,24727.941752115126,35820.60574577893,62868.86152007592,369823.1652998747,0.5943724692311094,all|t5|mm10
2026-07,17296,27,1360,2813887.3854662,1264881.2899103551,1.08432567186868,1.6617179448641748,65199.05235444005,19271.20314096215,43086.25624146735,89030.99734839839,522243.3768389186,0.8976336023975048,all|t5|mm10
2026-08,12022,45,1132,2414939.7834314983,1083356.3056264175,1.1082887826545227,0.6649092057780389,52697.31819014376,18113.200501827123,39711.355137859035,74322.5597385696,432504.8309685169,0.9976423593775091,all|t5|mm10
2025-12,68,1,14,12373.484544614035,7041.256878029734,1.7908899579411774,2.6872456110294123,-739.1390274156987,311.82628569516476,311.82628569516476,-739.1390274156987,1874.939292908073,0.0,all|t5|mm20
2026-01,3922,1,585,368125.4491025971,190119.58979595685,2.485886192765849,1.136522414645589,2996.2817892716957,5599.204079180737,5603.997551180736,3001.0752612716956,66242.08300814517,0.0001395206527281999,all|t5|mm20
2026-02,4499,4,827,853117.5467654621,441555.58648216294,1.6902447884061527,2.6618481139484214,20228.25567141636,10332.54650891295,10332.54650891295,20228.25567141636,166983.72149364033,0.0,all|t5|mm20
2026-03,3095,7,402,558148.3918030593,295920.8273835096,2.067192064111043,0.6630351138787473,-164.42960052063682,8680.422145696692,9254.740717291614,410.26542779226276,106234.20436301302,0.11405098324564694,all|t5|mm20
2026-04,10028,8,1319,1890473.8833456158,886346.2667115424,1.760291038011261,2.1135890519635137,26271.27069819318,24638.91264307544,35655.016479411046,37289.88888931662,367287.273037448,0.6065188444216079,all|t5|mm20
2026-05,17729,11,1327,2005621.8003041598,885825.5690993839,1.7972868244300226,2.564790438024416,71850.58552287656,43615.1424206693,54871.93844061177,83107.38154281903,375226.53399808245,0.6004956782494855,all|t5|mm20
2026-06,12978,20,1213,1964271.8019808624,968477.6059199283,1.4254135767884732,2.1850764786730363,51774.166561079684,24727.941752115126,35820.60574577893,62868.86152007592,369823.1652998747,0.5943724692311094,all|t5|mm20
2026-07,17041,22,1359,2783053.7138703256,1244761.039791268,1.0301463981958403,1.5988486681183953,63060.121982276745,18091.37614798428,41673.855788100875,86658.18189095822,517178.2751988943,0.8966461723407633,all|t5|mm20
2026-08,11889,40,1132,2401309.7937613986,1076620.5984474164,1.0830728793622626,0.6602867347190929,50228.22687247897,17705.489457404572,39155.397999002416,71705.22232647076,429539.90907983563,0.9964501431327026,all|t5|mm20
2025-12,71,2,14,12536.494704140709,7106.389878033334,1.969006152816902,2.0810087390140852,-771.2618678926253,317.4733439389713,317.4733439389713,-771.2618678926253,1901.3989448276413,0.0,all|top10|mm5
2026-01,5100,4,626,561463.941178211,283277.4922201707,2.499663064168959,0.7747117329509804,1971.6140184858862,9963.897406003796,9968.765848003797,1976.4824604858861,104112.57701424893,0.00025429411764705883,all|top10|mm5
2026-02,8523,8,930,1277197.0767492931,639201.7192220185,1.1925211566211926,2.0006537805422537,33907.39416511365,15319.147827617422,15319.147827617422,33907.39416511365,249092.77876724955,0.0,all|top10|mm5
2026-03,3141,9,403,626007.8940662455,305649.288408747,2.065246182026937,0.7184876466438408,1656.9135355163562,8886.092125138885,9485.924953147021,2257.1228202424704,110267.64419226575,0.11498393597316012,all|top10|mm5
2026-04,10028,8,1319,1890473.8833456158,886346.2667115424,1.760291038011261,2.1135890519635137,26271.27069819318,24638.91264307544,35655.016479411046,37289.88888931662,367287.273037448,0.6065188444216079,all|top10|mm5
2026-05,17428,8,1325,1976608.671670751,873715.6259383128,1.809889814540277,2.7000108696782736,74732.73453141519,43649.46574372221,54730.456419570786,85813.72520726376,369366.3558616192,0.6003138887971682,all|top10|mm5
2026-06,10358,7,1185,1568138.578075808,776609.4850447916,1.4079225585675919,1.9347482952867305,45597.66708208282,20243.94883442004,29144.312755936982,54499.91959905095,296741.75056560425,0.592111135033795,all|top10|mm5
2026-07,13706,8,1325,2082114.3309732166,946264.9630993285,1.1336777486004348,1.9919440053416972,56838.44551925523,18037.720397151057,35614.123192034895,74430.25103059963,388571.4169920665,0.8926447711725026,all|top10|mm5
2026-08,9100,9,1110,1637532.2479857518,741364.1600673485,1.1338612168430064,1.2380971358088873,54843.30095758993,18955.891664593935,33708.10816195221,69612.88185846512,295391.6180175037,0.9929416031482556,all|top10|mm5
2025-12,71,2,14,12536.494704140709,7106.389878033334,1.969006152816902,2.0810087390140852,-771.2618678926253,317.4733439389713,317.4733439389713,-771.2618678926253,1901.3989448276413,0.0,all|top10|mm10
2026-01,4442,3,606,462475.9996533379,231911.71725510294,2.406436185197428,1.0927938217244484,5110.3164994559165,7006.979750851305,7011.773222851305,5115.109971455916,84336.41114961459,0.00012318775326429537,all|top10|mm10
2026-02,8611,9,932,1301574.9035640303,648215.7166249712,1.1853769583709697,1.9782246990903811,32632.44254024553,14977.757405919145,14977.757405919145,32632.44254024553,253753.0217212058,0.0,all|top10|mm10
2026-03,3141,9,403,626007.8940662455,305649.288408747,2.065246182026937,0.7184876466438408,1656.9135355163562,8886.092125138885,9485.924953147021,2257.1228202424704,110267.64419226575,0.11498393597316012,all|top10|mm10
2026-04,10028,8,1319,1890473.8833456158,886346.2667115424,1.760291038011261,2.1135890519635137,26271.27069819318,24638.91264307544,35655.016479411046,37289.88888931662,367287.273037448,0.6065188444216079,all|top10|mm10
2026-05,17428,8,1325,1976608.671670751,873715.6259383128,1.809889814540277,2.7000108696782736,74732.73453141519,43649.46574372221,54730.456419570786,85813.72520726376,369366.3558616192,0.6003138887971682,all|top10|mm10
2026-06,10358,7,1185,1568138.578075808,776609.4850447916,1.4079225585675919,1.9347482952867305,45597.66708208282,20243.94883442004,29144.312755936982,54499.91959905095,296741.75056560425,0.592111135033795,all|top10|mm10
2026-07,13706,8,1325,2082114.3309732166,946264.9630993285,1.1336777486004348,1.9919440053416972,56838.44551925523,18037.720397151057,35614.123192034895,74430.25103059963,388571.4169920665,0.8926447711725026,all|top10|mm10
2026-08,9100,9,1110,1637532.2479857518,741364.1600673485,1.1338612168430064,1.2380971358088873,54843.30095758993,18955.891664593935,33708.10816195221,69612.88185846512,295391.6180175037,0.9929416031482556,all|top10|mm10
2025-12,71,2,14,12536.494704140709,7106.389878033334,1.969006152816902,2.0810087390140852,-771.2618678926253,317.4733439389713,317.4733439389713,-771.2618678926253,1901.3989448276413,0.0,all|top10|mm20
2026-01,4442,3,606,462475.9996533379,231911.71725510294,2.406436185197428,1.0927938217244484,5110.3164994559165,7006.979750851305,7011.773222851305,5115.109971455916,84336.41114961459,0.00012318775326429537,all|top10|mm20
2026-02,8611,9,932,1301574.9035640303,648215.7166249712,1.1853769583709697,1.9782246990903811,32632.44254024553,14977.757405919145,14977.757405919145,32632.44254024553,253753.0217212058,0.0,all|top10|mm20
2026-03,3235,9,403,578881.3297902455,305482.1560141592,2.0252845005347986,0.5224142024353337,1664.9556986340476,8914.361293041828,9515.318634520045,2266.289496830242,110512.4975411857,0.11232832856002965,all|top10|mm20
2026-04,10028,8,1319,1890473.8833456158,886346.2667115424,1.760291038011261,2.1135890519635137,26271.27069819318,24638.91264307544,35655.016479411046,37289.88888931662,367287.273037448,0.6065188444216079,all|top10|mm20
2026-05,17428,8,1325,1976608.671670751,873715.6259383128,1.809889814540277,2.7000108696782736,74732.73453141519,43649.46574372221,54730.456419570786,85813.72520726376,369366.3558616192,0.6003138887971682,all|top10|mm20
2026-06,10358,7,1185,1568138.578075808,776609.4850447916,1.4079225585675919,1.9347482952867305,45597.66708208282,20243.94883442004,29144.312755936982,54499.91959905095,296741.75056560425,0.592111135033795,all|top10|mm20
2026-07,13706,8,1325,2082114.3309732166,946264.9630993285,1.1336777486004348,1.9919440053416972,56838.44551925523,18037.720397151057,35614.123192034895,74430.25103059963,388571.4169920665,0.8926447711725026,all|top10|mm20
2026-08,9100,9,1110,1637532.2479857518,741364.1600673485,1.1338612168430064,1.2380971358088873,54843.30095758993,18955.891664593935,33708.10816195221,69612.88185846512,295391.6180175037,0.9929416031482556,all|top10|mm20
2025-12,71,2,14,12536.494704140709,7106.389878033334,1.969006152816902,2.0810087390140852,-771.2618678926253,317.4733439389713,317.4733439389713,-771.2618678926253,1901.3989448276413,0.0,all|top25|mm5
2026-01,5100,4,626,561463.941178211,283277.4922201707,2.499663064168959,0.7747117329509804,1971.6140184858862,9963.897406003796,9968.765848003797,1976.4824604858861,104112.57701424893,0.00025429411764705883,all|top25|mm5
2026-02,8934,12,939,1306653.0969349886,650488.0608460377,1.171971165185684,1.7571893949759265,33020.93805691707,15034.784093054308,15034.784093054308,33020.93805691707,254831.75619540046,0.0,all|top25|mm5
2026-03,5237,17,417,712221.9848189823,351452.65677631384,1.4720602129720202,0.21701495270594723,2874.450277525611,9498.684056593813,10221.812136529783,3597.9548141795567,127395.25045102717,0.12642660972101483,all|top25|mm5
2026-04,14121,14,1360,2083781.1683326138,987275.7936131028,1.4126986022063404,1.9195628874219903,18310.76956986709,24466.688966959835,36569.0148907168,30416.60183619509,403527.7422109333,0.605144784414282,all|top25|mm5
2026-05,18012,14,1337,2116196.447087936,929561.301053421,1.7854594274800055,2.5555550916389,66463.15828788409,43441.73568492524,55324.82658532506,78346.24918828391,396103.03001332737,0.6007167086925458,all|top25|mm5
2026-06,12597,17,1209,1957155.63807368,965685.2274279118,1.3870824479317891,2.2128276604857047,50236.287672456856,24291.356874235942,35344.98464259387,61291.86260582756,368519.16444569017,0.5931069763897421,all|top25|mm5
2026-07,16536,18,1355,2600368.4172217343,1190388.438313737,1.0811705502228013,1.7070245525416707,70874.31766084196,17392.939206068328,39271.10269399273,92768.97281733125,481516.5584222382,0.8930681134255136,all|top25|mm5
2026-08,10679,20,1125,2091725.3127038467,961381.9651240844,1.0772147292262222,1.125788131787188,57269.311172016794,18481.261473139948,37334.29505985811,76143.8236262289,377490.24908424186,0.9905628471340591,all|top25|mm5
2025-12,71,2,14,12536.494704140709,7106.389878033334,1.969006152816902,2.0810087390140852,-771.2618678926253,317.4733439389713,317.4733439389713,-771.2618678926253,1901.3989448276413,0.0,all|top25|mm10
2026-01,4442,3,606,462475.9996533379,231911.71725510294,2.406436185197428,1.0927938217244484,5110.3164994559165,7006.979750851305,7011.773222851305,5115.109971455916,84336.41114961459,0.00012318775326429537,all|top25|mm10
2026-02,8933,11,939,1306501.4369349885,650338.2674460302,1.171971165185684,1.7572483434669655,33019.071456924525,15034.784093054308,15034.784093054308,33019.071456924525,254829.91256913554,0.0,all|top25|mm10
2026-03,5414,18,419,785155.7886583094,384061.714804114,1.4453292383328138,-0.12365980215453445,-10939.388351059395,10955.085413754594,11857.076590964029,-10036.990041048983,141237.39667264535,0.13243720061408376,all|top25|mm10
2026-04,14135,17,1360,2087731.7979818052,989564.6314342427,1.4127137618734704,1.9269211206274517,19881.77758298675,24944.315595693108,37068.50271438175,32009.471044246424,404256.4487086558,0.6051446321111408,all|top25|mm10
2026-05,18179,15,1334,2160170.4484579,951050.3053393745,1.761218085697046,2.5327875041048244,70429.78498569377,43982.0807226691,56112.05513586439,82559.75939888906,404332.480439843,0.6007936341910115,all|top25|mm10
2026-06,12638,18,1210,1959356.44657468,967066.0206729269,1.396710113166269,2.1885562554921463,51912.215255885916,24614.901673802084,35683.01247739618,62982.357024812445,369004.72563088447,0.5933089732616125,all|top25|mm10
2026-07,16536,18,1355,2600368.4172217343,1190388.438313737,1.0811705502228013,1.7070245525416707,70874.31766084196,17392.939206068328,39271.10269399273,92768.97281733125,481516.5584222382,0.8930681134255136,all|top25|mm10
2026-08,10679,20,1125,2091725.3127038467,961381.9651240844,1.0772147292262222,1.125788131787188,57269.311172016794,18481.261473139948,37334.29505985811,76143.8236262289,377490.24908424186,0.9905628471340591,all|top25|mm10
2025-12,71,2,14,12536.494704140709,7106.389878033334,1.969006152816902,2.0810087390140852,-771.2618678926253,317.4733439389713,317.4733439389713,-771.2618678926253,1901.3989448276413,0.0,all|top25|mm20
2026-01,4442,3,606,462475.9996533379,231911.71725510294,2.406436185197428,1.0927938217244484,5110.3164994559165,7006.979750851305,7011.773222851305,5115.109971455916,84336.41114961459,0.00012318775326429537,all|top25|mm20
2026-02,8612,10,932,1302022.2886991655,648381.2491249712,1.1854146700494645,1.9736970855813682,32466.91004024553,14984.510217911313,14984.510217911313,32466.91004024553,253857.3071962058,0.0,all|top25|mm20
2026-03,5365,14,419,724161.4367802863,377117.79132192134,1.4472175338632887,-0.14490524333506932,-10777.247373192156,10914.4311914749,11786.60975309736,-9904.661678768716,138532.44893009728,0.1313319775046872,all|top25|mm20
2026-04,14135,17,1360,2087731.7979818052,989564.6314342427,1.4127137618734704,1.9269211206274517,19881.77758298675,24944.315595693108,37068.50271438175,32009.471044246424,404256.4487086558,0.6051446321111408,all|top25|mm20
2026-05,18710,15,1340,2161762.3241962628,947630.9803093778,1.7013016887532877,2.4572054605533946,70230.1449800799,43838.72569133164,55995.373990044274,82386.79327879255,405221.609957088,0.6014059435401384,all|top25|mm20
2026-06,12640,19,1210,1959402.94657168,967072.4206709281,1.3966544403656422,2.18593794906438,51905.650828625076,24615.458330121426,35683.73356297523,62975.95702681131,369010.2066062079,0.5932718563185314,all|top25|mm20
2026-07,16499,18,1355,2597009.4000746594,1185564.779058951,1.0731866333021673,1.7044661171074944,68064.10421898602,16935.69878636243,38833.39078814443,89977.3764893329,481724.3484807844,0.8929056587742253,all|top25|mm20
2026-08,10679,20,1125,2091725.3127038467,961381.9651240844,1.0772147292262222,1.125788131787188,57269.311172016794,18481.261473139948,37334.29505985811,76143.8236262289,377490.24908424186,0.9905628471340591,all|top25|mm20
2025-12,71,2,14,12536.494704140709,7106.389878033334,1.969006152816902,2.0810087390140852,-771.2618678926253,317.4733439389713,317.4733439389713,-771.2618678926253,1901.3989448276413,0.0,all|top50|mm5
2026-01,5100,4,626,561463.941178211,283277.4922201707,2.499663064168959,0.7747117329509804,1971.6140184858862,9963.897406003796,9968.765848003797,1976.4824604858861,104112.57701424893,0.00025429411764705883,all|top50|mm5
2026-02,8934,12,939,1306653.0969349886,650488.0608460377,1.171971165185684,1.7571893949759265,33020.93805691707,15034.784093054308,15034.784093054308,33020.93805691707,254831.75619540046,0.0,all|top50|mm5
2026-03,5417,19,419,785578.0486583094,384474.9825041151,1.4454691476323442,-0.12232478166414057,-10930.396051060461,10959.485413754594,11861.476590964028,-10027.997741050049,141246.1484125684,0.13236385529345568,all|top50|mm5
2026-04,14179,20,1362,2109003.2340640905,1009497.8379354399,1.4120076629315417,1.8950200518350995,20079.49717146774,25241.615209693733,37384.58049069296,32227.423782595946,404930.8870376068,0.6040603886931464,all|top50|mm5
2026-05,35365,30,1414,2832937.6265329565,1103342.894971164,0.8045599440468006,1.1955159286442842,68410.26437792393,42064.22388980644,55845.4213941997,82191.46188231719,459373.25014644203,0.611791842511661,all|top50|mm5
2026-06,15132,33,1224,2371137.2161881602,1076891.172904149,1.2430520595750938,1.7761739829532632,49899.62482316626,24147.79674711291,36931.1548093106,62688.81786599639,426306.43476100435,0.5978899984206465,all|top50|mm5
2026-07,17560,33,1360,2828930.735775864,1272486.1519213542,1.1024973175393769,1.7467521281588583,66794.08221290847,19439.02522687034,43359.21122747366,90732.97195094448,524892.2872132198,0.8968078774177135,all|top50|mm5
2026-08,11442,36,1129,2279433.7198235276,1029663.5415268923,1.0906887631841886,0.8262057715070912,52097.874512526694,17982.24514537988,38484.761915585455,72626.61057272622,410574.7212039903,0.9969916576425328,all|top50|mm5
2025-12,71,2,14,12536.494704140709,7106.389878033334,1.969006152816902,2.0810087390140852,-771.2618678926253,317.4733439389713,317.4733439389713,-771.2618678926253,1901.3989448276413,0.0,all|top50|mm10
2026-01,4442,3,606,462475.9996533379,231911.71725510294,2.406436185197428,1.0927938217244484,5110.3164994559165,7006.979750851305,7011.773222851305,5115.109971455916,84336.41114961459,0.00012318775326429537,all|top50|mm10
2026-02,8933,11,939,1306501.4369349885,650338.2674460302,1.171971165185684,1.7572483434669655,33019.071456924525,15034.784093054308,15034.784093054308,33019.071456924525,254829.91256913554,0.0,all|top50|mm10
2026-03,5414,18,419,785155.7886583094,384061.714804114,1.4453292383328138,-0.12365980215453445,-10939.388351059395,10955.085413754594,11857.076590964029,-10036.990041048983,141237.39667264535,0.13243720061408376,all|top50|mm10
2026-04,14136,18,1361,2088561.9741100546,989816.7114342571,1.4126138474157208,1.924591897523158,19624.43147857396,24944.324083316973,37073.777306404,31757.391044232023,404431.9855219355,0.605146697134454,all|top50|mm10
2026-05,36248,31,1414,2978183.648007695,1169269.9168003814,0.7914772121444431,1.0699125932432627,51384.80273079816,42211.29835509429,56755.41787245697,65928.92224816084,484803.9839120893,0.6106520636329791,all|top50|mm10
2026-06,22528,34,1248,2377629.724355443,1134023.1769363033,0.6968899818930292,1.279843111129469,51086.84172689065,24431.684671155992,37816.44338106296,64474.35207740006,446250.34501698025,0.6037042640503076,all|top50|mm10
2026-07,17834,35,1362,2909415.585062965,1305074.9897042722,1.0753037019946805,1.663642786962953,60364.62967335399,18292.685468241438,43016.645232149735,85105.61910411257,543510.8658540358,0.8976664962977962,all|top50|mm10
2026-08,11483,37,1129,2295746.545802549,1036456.284983713,1.099082260931639,0.8574266945827542,53808.61148469876,18224.20919550852,38884.87470344614,74495.49628263032,413737.6959586312,0.9970791095581497,all|top50|mm10
2025-12,71,2,14,12536.494704140709,7106.389878033334,1.969006152816902,2.0810087390140852,-771.2618678926253,317.4733439389713,317.4733439389713,-771.2618678926253,1901.3989448276413,0.0,all|top50|mm20
2026-01,4442,3,606,462475.9996533379,231911.71725510294,2.406436185197428,1.0927938217244484,5110.3164994559165,7006.979750851305,7011.773222851305,5115.109971455916,84336.41114961459,0.00012318775326429537,all|top50|mm20
2026-02,8612,10,932,1302022.2886991655,648381.2491249712,1.1854146700494645,1.9736970855813682,32466.91004024553,14984.510217911313,14984.510217911313,32466.91004024553,253857.3071962058,0.0,all|top50|mm20
2026-03,5365,14,419,724161.4367802863,377117.79132192134,1.4472175338632887,-0.14490524333506932,-10777.247373192156,10914.4311914749,11786.60975309736,-9904.661678768716,138532.44893009728,0.1313319775046872,all|top50|mm20
2026-04,14136,18,1361,2088561.9741100546,989816.7114342571,1.4126138474157208,1.924591897523158,19624.43147857396,24944.324083316973,37073.777306404,31757.391044232023,404431.9855219355,0.605146697134454,all|top50|mm20
2026-05,36245,29,1414,2973129.453542794,1164204.2792243653,0.79025470303296,1.0661043891641508,48148.232513090465,41905.03900149236,56448.90076816713,62692.09427976523,484795.3922224921,0.6109172704691783,all|top50|mm20
2026-06,22528,34,1248,2377629.724355443,1134023.1769363033,0.6968899818930292,1.279843111129469,51086.84172689065,24431.684671155992,37816.44338106296,64474.35207740006,446250.34501698025,0.6037042640503076,all|top50|mm20
2026-07,18428,33,1363,2897709.940610252,1295197.993548365,0.9716321828984237,1.4255487966376916,55979.39058969035,17497.10157522583,42148.18826211247,80647.64986456338,542108.3950010695,0.8989045325440725,all|top50|mm20
2026-08,11722,37,1131,2367278.5656368807,1064146.7943475344,1.058141122918277,0.5796981845428956,48099.57988682928,17280.16788532704,38460.594847874374,69307.09376177055,424150.27749882545,0.9959090114296347,all|top50|mm20
2025-12,71,2,14,12536.494704140709,7106.389878033334,1.969006152816902,2.0810087390140852,-771.2618678926253,317.4733439389713,317.4733439389713,-771.2618678926253,1901.3989448276413,0.0,all|tnet2|mm5
2026-01,5100,4,626,561463.941178211,283277.4922201707,2.499663064168959,0.7747117329509804,1971.6140184858862,9963.897406003796,9968.765848003797,1976.4824604858861,104112.57701424893,0.00025429411764705883,all|tnet2|mm5
2026-02,8934,12,939,1306653.0969349886,650488.0608460377,1.171971165185684,1.7571893949759265,33020.93805691707,15034.784093054308,15034.784093054308,33020.93805691707,254831.75619540046,0.0,all|tnet2|mm5
2026-03,5417,19,419,785578.0486583094,384474.9825041151,1.4454691476323442,-0.12232478166414057,-10930.396051060461,10959.485413754594,11861.476590964028,-10027.997741050049,141246.1484125684,0.13236385529345568,all|tnet2|mm5
2026-04,10110,11,1320,1922195.9657704425,913282.167433253,1.7603857173757047,2.058500778606866,25144.139701416363,25133.59742257559,36219.36580266685,36234.86899208177,369690.9763555136,0.6041908636512944,all|tnet2|mm5
2026-05,19116,24,1347,2514565.4499344933,934242.587143303,1.6929155369252764,2.4449282082937636,75600.3348964717,44911.58407515096,56726.70709601434,87415.45791733508,393837.43402877933,0.6001125085282702,all|tnet2|mm5
2026-06,15178,39,1226,2371744.6269413256,1078128.8613801815,1.246706222949345,1.8121284705056189,50231.400656391146,24232.92680845879,36968.26817701196,62973.16459400909,424735.8917869739,0.5964368903219653,all|tnet2|mm5
2026-07,18486,55,1363,3024196.491477772,1358683.466445003,1.0889609508878368,1.7469660095350301,79258.25438923288,21746.709704127385,47554.745930522884,105084.67015731157,566240.6294129823,0.8959688068599361,all|tnet2|mm5
2026-08,12492,58,1132,2366442.6837613075,1078501.2589057807,1.1834090562230846,0.7637809486767707,49590.200768626564,19891.144469817988,41189.82515702757,70914.89752305907,426493.93508865,0.9980273487455795,all|tnet2|mm5
2025-12,71,2,14,12536.494704140709,7106.389878033334,1.969006152816902,2.0810087390140852,-771.2618678926253,317.4733439389713,317.4733439389713,-771.2618678926253,1901.3989448276413,0.0,all|tnet2|mm10
2026-01,4442,3,606,462475.9996533379,231911.71725510294,2.406436185197428,1.0927938217244484,5110.3164994559165,7006.979750851305,7011.773222851305,5115.109971455916,84336.41114961459,0.00012318775326429537,all|tnet2|mm10
2026-02,8933,11,939,1306501.4369349885,650338.2674460302,1.171971165185684,1.7572483434669655,33019.071456924525,15034.784093054308,15034.784093054308,33019.071456924525,254829.91256913554,0.0,all|tnet2|mm10
2026-03,5414,18,419,785155.7886583094,384061.714804114,1.4453292383328138,-0.12365980215453445,-10939.388351059395,10955.085413754594,11857.076590964029,-10036.990041048983,141237.39667264535,0.13243720061408376,all|tnet2|mm10
2026-04,10083,10,1319,1902054.258177118,893649.3372242956,1.7611752986141376,2.0584825105147577,24649.281445538447,24826.13882594248,35899.34306510256,35725.991607714735,369223.6720725431,0.6056474761290985,all|tnet2|mm10
2026-05,19040,21,1343,2508689.0501824934,929955.4045763077,1.6875266427760314,2.434229296453552,75444.17210219709,44679.245603857744,56470.30366199098,87235.23016033032,393035.2686044412,0.6003353816404604,all|tnet2|mm10
2026-06,15113,35,1226,2265382.442119014,1074033.3442331753,1.2470287217481395,1.7929631272393645,50245.962541352026,24226.70449300261,36950.430483441225,62972.99509082542,424244.8455154887,0.5973498657612178,all|tnet2|mm10
2026-07,18400,48,1363,3001798.8377456698,1346892.1212640062,1.0795354365160108,1.7206982926254413,77285.8624253315,19369.255108580695,44973.5591305334,102908.37659388824,561858.8962454795,0.8964032503850768,all|tnet2|mm10
2026-08,12477,55,1132,2362872.5457469537,1076608.8303057807,1.1880066185371387,0.7805880508832428,49579.17673722657,19921.293920469197,41183.16738407878,70867.03112305907,425757.08771665,0.9980053009962153,all|tnet2|mm10
2025-12,71,2,14,12536.494704140709,7106.389878033334,1.969006152816902,2.0810087390140852,-771.2618678926253,317.4733439389713,317.4733439389713,-771.2618678926253,1901.3989448276413,0.0,all|tnet2|mm20
2026-01,4442,3,606,462475.9996533379,231911.71725510294,2.406436185197428,1.0927938217244484,5110.3164994559165,7006.979750851305,7011.773222851305,5115.109971455916,84336.41114961459,0.00012318775326429537,all|tnet2|mm20
2026-02,8612,10,932,1302022.2886991655,648381.2491249712,1.1854146700494645,1.9736970855813682,32466.91004024553,14984.510217911313,14984.510217911313,32466.91004024553,253857.3071962058,0.0,all|tnet2|mm20
2026-03,5365,14,419,724161.4367802863,377117.79132192134,1.4472175338632887,-0.14490524333506932,-10777.247373192156,10914.4311914749,11786.60975309736,-9904.661678768716,138532.44893009728,0.1313319775046872,all|tnet2|mm20
2026-04,10083,10,1319,1902054.258177118,893649.3372242956,1.7611752986141376,2.0584825105147577,24649.281445538447,24826.13882594248,35899.34306510256,35725.991607714735,369223.6720725431,0.6056474761290985,all|tnet2|mm20
2026-05,19015,18,1342,2499489.2064294103,923346.6958033174,1.6850271168874862,2.4300669009143077,74364.21322585442,44440.196136351486,56203.27161440621,86127.28870390913,392102.51593515737,0.6007614677630526,all|tnet2|mm20
2026-06,15077,32,1225,2262492.9821190136,1072059.9240331843,1.2476146281606768,1.8014125687003164,50257.39590751581,24226.06437591517,36944.85493460454,62978.62529081635,424051.4066430602,0.5979496347532394,all|tnet2|mm20
2026-07,17763,33,1361,2888095.0798550225,1292545.088791386,1.0090254371653828,1.5428501196991395,55173.510982259686,17626.348073092082,42162.56735241844,79726.94378254969,539415.3468107325,0.8951716148821632,all|tnet2|mm20
2026-08,12304,47,1133,2347107.2325983583,1069217.9672328113,1.1535874729469329,0.7528114436737827,47008.13600409089,19115.31333630465,40194.12699772327,68112.48943802732,422087.0686787284,0.9970472799664967,all|tnet2|mm20
2025-12,71,2,14,12536.494704140709,7106.389878033334,1.969006152816902,2.0810087390140852,-771.2618678926253,317.4733439389713,317.4733439389713,-771.2618678926253,1901.3989448276413,0.0,all|tnet3|mm5
2026-01,5100,4,626,561463.941178211,283277.4922201707,2.499663064168959,0.7747117329509804,1971.6140184858862,9963.897406003796,9968.765848003797,1976.4824604858861,104112.57701424893,0.00025429411764705883,all|tnet3|mm5
2026-02,8612,10,932,1301726.5635640305,648365.5100249787,1.1853769583709697,1.9781378777024048,32634.30914023807,14977.757405919145,14977.757405919145,32634.30914023807,253754.8653474707,0.0,all|tnet3|mm5
2026-03,3281,12,403,629519.8160406607,308676.00282742846,2.0189289543660065,0.6469920987208339,1176.983114869911,8936.453482898298,9547.279848068258,1788.1859367578495,111058.49677620232,0.11364108648794409,all|tnet3|mm5
2026-04,10046,9,1319,1894112.4258856159,889818.7210636525,1.7621301087221743,2.1164763531018584,26432.809223770502,24746.454467164403,35766.11639758418,37455.97707720648,367438.92844786606,0.6056216319996748,all|tnet3|mm5
2026-05,17802,13,1334,2015811.781280601,894389.3254163763,1.8020485519388927,2.573395999490011,72079.86536793705,43928.548110388896,55211.329516719314,83362.64677426747,376092.7135443473,0.6000405886972716,all|tnet3|mm5
2026-06,13445,27,1215,2113463.3951520245,993595.3976510371,1.4074464990534699,2.154711174074192,47210.799071721915,24160.251965668976,35497.73984257589,58554.0520895785,378108.43392855296,0.5955207396602817,all|tnet3|mm5
2026-07,17609,37,1357,2669741.4892391553,1229736.1717082034,1.119345100067823,1.752872566393329,71019.80621254498,18593.441634151626,41064.51045597004,93511.96210208161,494557.86311127845,0.8978325107729535,all|tnet3|mm5
2026-08,11097,47,1119,1936001.3581600103,878467.8810490425,1.3017002871403716,0.9612168480827519,56042.99038335223,23140.20227275225,40541.80221265625,73466.11372688535,348462.4668706622,0.9993197617658557,all|tnet3|mm5
2025-12,71,2,14,12536.494704140709,7106.389878033334,1.969006152816902,2.0810087390140852,-771.2618678926253,317.4733439389713,317.4733439389713,-771.2618678926253,1901.3989448276413,0.0,all|tnet3|mm10
2026-01,4442,3,606,462475.9996533379,231911.71725510294,2.406436185197428,1.0927938217244484,5110.3164994559165,7006.979750851305,7011.773222851305,5115.109971455916,84336.41114961459,0.00012318775326429537,all|tnet3|mm10
2026-02,8611,9,932,1301574.9035640303,648215.7166249712,1.1853769583709697,1.9782246990903811,32632.44254024553,14977.757405919145,14977.757405919145,32632.44254024553,253753.0217212058,0.0,all|tnet3|mm10
2026-03,3277,11,403,628897.5560406607,308064.73512742744,2.0188734791682017,0.6453830483103618,1165.9908148709771,8932.053482898298,9542.879848068258,1777.1936367589155,111047.76503627925,0.11377980005094432,all|tnet3|mm10
2026-04,10046,9,1319,1894112.4258856159,889818.7210636525,1.7621301087221743,2.1164763531018584,26432.809223770502,24746.454467164403,35766.11639758418,37455.97707720648,367438.92844786606,0.6056216319996748,all|tnet3|mm10
2026-05,17746,12,1328,2011440.1915286009,891492.8783493807,1.7966338290487986,2.558815253900315,71974.30738882649,43719.61451346573,54980.8006419024,83235.49351726317,375372.8709478891,0.5999838030302611,all|tnet3|mm10
2026-06,13416,25,1215,2009116.3900864336,990097.3238410352,1.4088445354535164,2.156202043829649,47265.36140483601,24144.577141060905,35480.69582764205,58604.12083398958,377958.64763845253,0.5967136778593793,all|tnet3|mm10
2026-07,17607,36,1357,2669132.869239155,1229133.8275082086,1.1194117009282256,1.7529570879571033,71013.84095820325,18593.666443351627,41064.51045597004,93505.68630207636,494551.65219800774,0.8979285326843571,all|tnet3|mm10
2026-08,11095,46,1119,1935320.3681600103,877793.7009490425,1.301822545581119,0.9612187799165659,56036.51757340223,23140.35416845225,40541.80221265625,73459.30382688534,348455.72506966215,0.9994909775859127,all|tnet3|mm10
2025-12,71,2,14,12536.494704140709,7106.389878033334,1.969006152816902,2.0810087390140852,-771.2618678926253,317.4733439389713,317.4733439389713,-771.2618678926253,1901.3989448276413,0.0,all|tnet3|mm20
2026-01,4442,3,606,462475.9996533379,231911.71725510294,2.406436185197428,1.0927938217244484,5110.3164994559165,7006.979750851305,7011.773222851305,5115.109971455916,84336.41114961459,0.00012318775326429537,all|tnet3|mm20
2026-02,8611,9,932,1301574.9035640303,648215.7166249712,1.1853769583709697,1.9782246990903811,32632.44254024553,14977.757405919145,14977.757405919145,32632.44254024553,253753.0217212058,0.0,all|tnet3|mm20
2026-03,3235,9,403,578881.3297902455,305482.1560141592,2.0252845005347986,0.5224142024353337,1664.9556986340476,8914.361293041828,9515.318634520045,2266.289496830242,110512.4975411857,0.11232832856002965,all|tnet3|mm20
2026-04,10046,9,1319,1894112.4258856159,889818.7210636525,1.7621301087221743,2.1164763531018584,26432.809223770502,24746.454467164403,35766.11639758418,37455.97707720648,367438.92844786606,0.6056216319996748,all|tnet3|mm20
2026-05,17729,11,1327,2005621.8003041598,885825.5690993839,1.7972868244300226,2.564790438024416,71850.58552287656,43615.1424206693,54871.93844061177,83107.38154281903,375226.53399808245,0.6004956782494855,all|tnet3|mm20
2026-06,13416,25,1215,2009116.3900864336,990097.3238410352,1.4088445354535164,2.156202043829649,47265.36140483601,24144.577141060905,35480.69582764205,58604.12083398958,377958.64763845253,0.5967136778593793,all|tnet3|mm20
2026-07,17189,26,1356,2632806.647313786,1207604.221784066,1.0533640328347331,1.6227526401981367,65616.4684804198,17662.997324829084,39835.499136297236,87807.63760843403,487780.04314741964,0.8968130803230497,all|tnet3|mm20
2026-08,10931,40,1119,1914336.5606667155,867111.2372810501,1.267370367551368,0.8972206871888269,53080.82072670039,22134.819135194266,39315.51658490876,70282.856385694,344040.7131798721,0.9984145888380692,all|tnet3|mm20
2025-12,74,3,14,12884.404704140708,7216.863378033334,1.760803193243244,1.8885354117567577,-790.8253678926253,303.9065439004713,303.9065439004713,-790.8253678926253,1941.8949698276413,0.0,all|eb0c|mm5
2026-01,6113,9,639,619508.1559877982,307927.36601520656,2.3103069881184775,1.0918519799357218,2569.2179272399085,10167.372518380154,10174.490405710694,2576.3358145704474,115429.88138709501,0.000574916375418414,all|eb0c|mm5
2026-02,13396,26,966,1547092.1652323096,772704.9165920073,0.4871362039428186,0.5084313892212351,41707.24194714377,13848.14511249613,13848.14511249613,41707.24194714377,300896.8857705754,0.0,all|eb0c|mm5
2026-03,5774,38,421,828829.3426579675,406733.7865532969,1.4158520697715455,-0.0849825584122148,-12084.911691831896,12284.11194130277,13228.597799750274,-11140.004235472376,150398.25572793282,0.1291202754662501,all|eb0c|mm5
2026-04,12959,24,1360,2031493.4299171066,973185.7608407191,1.511319495855406,2.0455919163883474,18280.86556496797,24452.839052803756,36137.257614826594,29970.24545711979,389645.9964050606,0.6036372681382368,all|eb0c|mm5
2026-05,21986,42,1374,2866675.351694184,1095803.0099024347,1.537193090452515,2.2319593977169108,57577.557074393706,43580.18991188123,57350.82897431849,71348.19613683097,459021.30208124197,0.6008738838163378,all|eb0c|mm5
2026-06,16674,70,1230,2596925.237358409,1124312.8348184472,1.1643209591062829,1.537083189040842,45408.867051258196,24827.689873285293,38209.22590965455,58826.525656692225,447265.7140475101,0.5976093075922155,all|eb0c|mm5
2026-07,20820,81,1370,4109227.823922814,1397196.0696830375,0.9995525637749074,1.4876542726257043,81994.83747229821,20876.501127134303,47413.186705655884,108618.26841859998,583122.0612506807,0.9001269508443446,all|eb0c|mm5
2026-08,14657,82,1141,2677193.031079653,1216905.0232218574,1.0724707950062333,0.6642982834657251,57001.25959727588,20131.375391834583,44419.45691100729,81320.00629282446,486374.9339109714,0.9933373468228741,all|eb0c|mm5
2025-12,91,4,14,29261.4816786489,9259.059878024387,2.842646788461539,13.57289086901099,8769.528132116324,1760.309714502538,1760.309714502538,8769.528132116324,3626.6386663373623,0.0,all|eb0c|mm10
2026-01,5049,6,622,498768.9855103379,248469.74233811334,2.2283634770787857,1.2464144754050308,6257.372460445488,7049.441265420311,7054.234737420311,6262.165932445489,91658.22275479305,0.00010837789661319074,all|eb0c|mm10
2026-02,12587,18,958,1462096.9702533856,727160.0638450653,0.5731556386558669,0.601951435626192,29381.214429395797,14040.236537571214,14040.236537571214,29381.214429395797,287151.24497396685,0.0,all|eb0c|mm10
2026-03,5666,30,421,821585.3337465952,401743.3342899251,1.4359900936467689,-0.02267734961633438,-9563.287156320435,12375.814617939866,13312.160014558713,-8626.520161789571,148702.84415732956,0.1285930744822009,all|eb0c|mm10
2026-04,12878,20,1359,2008832.2524180708,952302.3814080054,1.5228077725963436,2.0782212239088502,17856.85246106549,24223.597900594457,35883.83443024477,29520.59533328684,388791.4290740451,0.6049878744286246,all|eb0c|mm10
2026-05,22147,38,1375,2867619.6620546062,1094592.0957594253,1.5233394608370272,2.147190476929726,54385.73861552686,43173.40196458251,56962.21025218999,68174.54690313434,459626.9429202492,0.6012622441295596,all|eb0c|mm10
2026-06,16528,59,1230,2485543.2883740226,1117928.144336434,1.176102262603591,1.4865616286660583,44812.31546802211,24876.512118582057,38210.5536213709,58179.36352984573,445578.69592716295,0.5979369932585077,all|eb0c|mm10
2026-07,20512,69,1370,3070704.2210116303,1376734.867285104,0.9882700876122759,1.4758488766538105,82638.42976689864,18238.3962122073,44465.216003912035,108883.5594323167,575049.0076067182,0.9002865661051856,all|eb0c|mm10
2026-08,14519,73,1141,2645989.415414556,1204887.3699997591,1.0810186131621502,0.6643573951255713,61796.53508292887,21856.793400615275,45840.33179905087,85809.77894313223,480264.8772040669,0.9926240074786022,all|eb0c|mm10
2025-12,91,4,14,29261.4816786489,9259.059878024387,2.842646788461539,13.57289086901099,8769.528132116324,1760.309714502538,1760.309714502538,8769.528132116324,3626.6386663373623,0.0,all|eb0c|mm20
2026-01,5035,5,622,497791.3956403379,248257.5649391184,2.241148526128358,1.2310878120854023,6111.3199894404515,7082.997480524775,7087.790952524775,6116.113461440451,91500.90328897031,0.00010867924528301887,all|eb0c|mm20
2026-02,11615,15,952,1433072.5298835624,712685.5136099765,0.6490911451617773,0.702384973534275,29430.83239574661,14327.627508185542,14327.627508185542,29430.83239574661,281358.9699955863,0.0,all|eb0c|mm20
2026-03,5556,20,420,749454.0031734608,389016.57615090156,1.455423684123013,-0.129504219329018,-8899.297487759603,12139.637777002436,13045.578637373272,-7992.949494587788,144110.70236575272,0.1290083304647271,all|eb0c|mm20
2026-04,12845,19,1358,2004310.7708806521,949479.0830030922,1.5416682583460646,2.070878698426035,16292.914397963576,24868.50814430651,36503.15877048895,27931.07136671706,387938.5656251161,0.6051463946646622,all|eb0c|mm20
2026-05,21784,31,1373,2842501.837455868,1078174.837342476,1.5372077771170187,2.195669509750603,54741.25357236293,43077.94869003075,56762.27562735087,68425.58050968306,456144.231244004,0.6017562966834771,all|eb0c|mm20
2026-06,16179,45,1228,2472050.1048139725,1110979.3876814467,1.2020994266740577,1.5407693598764725,45114.262193031616,24852.048306886896,38121.866157559874,58416.218868315766,443408.98304251384,0.5992206842554539,all|eb0c|mm20
2026-07,19701,44,1368,2941966.2440142874,1316694.8122935833,0.9236390385551568,1.2389676399043348,58708.476215587165,17332.68248719569,42344.03495927671,83737.64251198612,549514.7767701112,0.8991212608451513,all|eb0c|mm20
2026-08,14312,58,1142,2616260.8490732303,1188753.5587997367,1.0576507349634836,0.6032462731874934,53046.97438913194,19030.300115676313,42675.250312535245,76721.1888980535,473484.2901784311,0.9915184967635967,all|eb0c|mm20
2025-12,71,2,14,12536.494704140709,7106.389878033334,1.969006152816902,2.0810087390140852,-771.2618678926253,317.4733439389713,317.4733439389713,-771.2618678926253,1901.3989448276413,0.0,all|eb0.25c|mm5
2026-01,5523,6,627,584671.5871013205,291909.67992820096,2.4483734399695387,0.9533889282268816,1395.2040164344248,10084.855801657965,10091.973688988503,1402.3219037649637,108364.44222110789,0.0006363323923470513,all|eb0.25c|mm5
2026-02,11050,20,955,1467837.6142585573,733200.7937000081,0.8053664440641736,0.8781912684638364,41743.17622032481,14857.213193125557,14857.213193125557,41743.17622032481,284163.3992293926,0.0,all|eb0.25c|mm5
2026-03,5659,29,421,809230.1644206615,396261.2784804956,1.4187209735058353,-0.11194455423336974,-11420.589786269113,11667.552937173863,12591.65805009922,-10496.063075431739,146085.4222824764,0.13031206595805606,all|eb0.25c|mm5
2026-04,10278,19,1324,1976016.3210669474,944892.4371206363,1.7292476960356966,1.9117751986947162,15386.289719708575,24106.915889103122,35469.6680322665,26754.00319300092,378923.7824430783,0.6033061992494365,all|eb0.25c|mm5
2026-05,20112,32,1364,2792493.7034929115,1059585.8757054587,1.64066211599862,2.31481999186999,55539.08349008997,44115.75564528548,57450.21698877682,68873.54483358131,444482.0447830446,0.5985279564046717,all|eb0.25c|mm5
2026-06,15834,56,1229,2572117.71376394,1114350.0601121301,1.2141861445180715,1.6457673390438439,46810.655499508226,24969.216637798698,38215.20486183201,60092.76629260632,442747.45363631204,0.5981505332821386,all|eb0.25c|mm5
2026-07,20180,69,1367,4088794.1800509132,1389896.014845998,1.0346714405453454,1.622750682376036,77993.80473883609,21762.766908016016,48137.31908966085,104454.65294322654,579763.3169212587,0.9003853631067708,all|eb0.25c|mm5
2026-08,12620,71,1126,2125511.829809765,959455.7870513446,1.2945681748592879,0.9617828660425256,66612.50477066849,25655.39981594036,44895.55555262526,85879.04688309673,385330.8422485646,1.0029144553734806,all|eb0.25c|mm5
2025-12,71,2,14,12536.494704140709,7106.389878033334,1.969006152816902,2.0810087390140852,-771.2618678926253,317.4733439389713,317.4733439389713,-771.2618678926253,1901.3989448276413,0.0,all|eb0.25c|mm10
2026-01,4459,5,606,463483.5895233379,232144.2946540979,2.390714285252866,1.1089503719600808,5255.968970460953,6973.824582255841,6978.618054255841,5260.762442460953,84500.01661543734,0.00012271809822830232,all|eb0.25c|mm10
2026-02,10269,16,946,1387682.86397727,689015.2410360639,0.9324670042035916,1.060118386145529,28972.039317807477,15172.479143821209,15172.479143821209,28972.039317807477,271645.96007346886,0.0,all|eb0.25c|mm10
2026-03,5582,25,421,805985.571085416,393457.87101896794,1.4269769213181154,-0.13074183172628293,-9244.51953925216,11706.400691669125,12628.143782203493,-8322.354850805774,145114.09333532758,0.12994256600790244,all|eb0.25c|mm10
2026-04,10291,18,1323,1960738.629568852,927956.8270580062,1.7194447758652258,1.8958457059871363,16381.182652574815,23267.431496361634,34644.12101661217,27761.37851539638,379339.8620940522,0.6051081116554643,all|eb0.25c|mm10
2026-05,19991,28,1363,2784510.970995672,1054620.7146384516,1.6435578824482284,2.2911257805336174,53741.46189905536,43943.80874532547,57240.87967761887,67038.53283134876,443235.69774311315,0.5986624828559081,all|eb0.25c|mm10
2026-06,15734,49,1229,2464114.0342839453,1109279.3112971343,1.220885358381421,1.619709768586352,46990.0182395572,24981.384159481582,38201.87016046794,60243.51079957833,441793.51253374683,0.5987487896174836,all|eb0.25c|mm10
2026-07,19925,61,1367,3047134.6324098106,1368593.488971066,1.0156492954839078,1.5747675579273135,76737.49025444646,19078.37312700711,45100.34980414381,102777.16941924959,570748.4242998988,0.9005244917789663,all|eb0.25c|mm10
2026-08,13826,67,1131,2176941.6184898242,1000096.9372793194,1.1787074194057903,0.834766571998783,65738.87104791623,25316.33243871424,45067.69219423888,85516.6372681337,395555.3244043495,0.9939988755268931,all|eb0.25c|mm10
2025-12,71,2,14,12536.494704140709,7106.389878033334,1.969006152816902,2.0810087390140852,-771.2618678926253,317.4733439389713,317.4733439389713,-771.2618678926253,1901.3989448276413,0.0,all|eb0.25c|mm20
2026-01,4445,4,606,462505.9996533379,231932.11725510293,2.4057126579222095,1.0911563905736783,5109.916499455917,7007.380797360305,7012.1742693603055,5114.709971455916,84342.69714961459,0.00012310461192350958,all|eb0.25c|mm20
2026-02,11350,13,952,1427603.5103303597,710363.0326919629,0.6812660914803531,1.1771466629673042,30628.622766760214,14389.028786965187,14389.028786965187,30628.622766760214,280178.2685314943,0.0,all|eb0.25c|mm20
2026-03,5483,18,420,736379.2647529567,382213.12450072484,1.4368441334941064,-0.06828509254417817,-8279.223130983555,11472.446508475901,12360.900748816848,-7390.361757841631,141104.1419709631,0.12959494055439152,all|eb0.25c|mm20
2026-04,10273,17,1323,1956289.679277144,925098.773227171,1.7313638974357701,1.8876536691211192,14781.38950533539,23907.15462140541,35257.70142498016,26135.442651481175,378468.4382048595,0.6051134503853545,all|eb0.25c|mm20
2026-05,20020,26,1364,2777632.9509148565,1047627.2888564814,1.6355417439426516,2.3369781658355087,52783.612688231704,43557.32300726717,56855.25553121036,66081.54521217488,443264.4174647728,0.5994395865556,all|eb0.25c|mm20
2026-06,15518,40,1228,2453477.7430803436,1103419.8281391545,1.2348239368931317,1.6687232063069404,47133.06259613747,24999.31231733882,38166.77955661009,60332.6686600199,439997.2959957902,0.5988855563877928,all|eb0.25c|mm20
2026-07,19207,39,1366,2925797.708287366,1311033.32863449,0.9534158954298223,1.3881873653297494,55035.54882994229,17894.747284463327,42771.31143786113,79929.27259461115,546709.2251365471,0.8996261295368048,all|eb0.25c|mm20
2026-08,13602,56,1132,2154008.9124141494,989083.8896472991,1.1546306311370789,0.8086298991926052,64609.68868447937,24351.861996732277,43862.77046233869,84146.5624650735,390737.4756118824,0.9928794455508148,all|eb0.25c|mm20
2025-12,71,2,14,12536.494704140709,7106.389878033334,1.969006152816902,2.0810087390140852,-771.2618678926253,317.4733439389713,317.4733439389713,-771.2618678926253,1901.3989448276413,0.0,all|eb0.5c|mm5
2026-01,5523,6,627,584671.5871013205,291909.67992820096,2.4483734399695387,0.9533889282268816,1395.2040164344248,10084.855801657965,10091.973688988503,1402.3219037649637,108364.44222110789,0.0006363323923470513,all|eb0.5c|mm5
2026-02,11050,20,955,1467837.6142585573,733200.7937000081,0.8053664440641736,0.8781912684638364,41743.17622032481,14857.213193125557,14857.213193125557,41743.17622032481,284163.3992293926,0.0,all|eb0.5c|mm5
2026-03,4472,23,417,746199.8077294943,365937.28137028683,1.688348139919206,-0.40880132656815904,-13601.464355329406,11701.158503855931,12522.019004782118,-12780.182256491202,134183.90683997946,0.12444853775107488,all|eb0.5c|mm5
2026-04,10115,13,1321,1926636.321327883,915643.8447202675,1.762001793426319,2.0546466332213296,26357.952843264342,25604.71946885856,36715.17684927871,37473.37113425864,370513.94303314335,0.604122310164731,all|eb0.5c|mm5
2026-05,17392,24,1342,2482535.546183054,919796.6005922677,1.7142773120201338,2.480335655553943,75224.05125019203,44631.42001991508,56243.628677653964,86836.25990793093,387073.6219246296,0.6012710317620646,all|eb0.5c|mm5
2026-06,15307,42,1224,2255012.1271207426,1040874.5178920495,1.2510725553626456,1.8137404004999258,55305.72012628892,23050.327322369685,35031.44606134211,67293.35963032613,399598.41066761577,0.5963147861833602,all|eb0.5c|mm5
2026-07,19376,59,1364,2876047.5502849985,1319639.3415247414,1.080285308106405,1.7976864372723456,82517.74253347421,20740.625188427628,45219.969203940316,107015.4051969898,538131.113390147,0.8983189182214474,all|eb0.5c|mm5
2026-08,11769,61,1125,2077446.108181511,939217.4423443049,1.345595338936974,0.8305437305627303,57362.07670864914,24637.47936191631,43405.94572502874,76155.90796818693,375876.62519075576,1.0037065169230373,all|eb0.5c|mm5
2025-12,71,2,14,12536.494704140709,7106.389878033334,1.969006152816902,2.0810087390140852,-771.2618678926253,317.4733439389713,317.4733439389713,-771.2618678926253,1901.3989448276413,0.0,all|eb0.5c|mm10
2026-01,4456,4,606,463453.5895233379,232123.89465409788,2.3914254138551505,1.1105946383684921,5256.368970460953,6973.423535746841,6978.217007746841,5261.162442460953,84493.73061543734,0.0001228007181328546,all|eb0.5c|mm10
2026-02,10269,16,946,1387682.86397727,689015.2410360639,0.9324670042035916,1.060118386145529,28972.039317807477,15172.479143821209,15172.479143821209,28972.039317807477,271645.96007346886,0.0,all|eb0.5c|mm10
2026-03,4491,22,417,749763.9162858826,365263.8671343525,1.6823645282436135,-0.45152346476571076,-12140.96399902855,11929.163606019581,12750.02410694577,-11319.681900190346,134366.05852652478,0.12392203536468645,all|eb0.5c|mm10
2026-04,10097,14,1320,1906826.5587345585,896191.10959005,1.7617525998410557,2.075154658177848,25972.726488043972,25304.86322639422,36405.17586648571,37076.545051151676,370127.2854369233,0.605682263225539,all|eb0.5c|mm10
2026-05,17316,21,1337,2476659.1464310535,915509.4180252724,1.7084456505686196,2.4687269517282413,75067.88845591743,44399.08154862187,55987.225243630615,86656.03215092617,386271.4565002915,0.6015211791299251,all|eb0.5c|mm10
2026-06,15207,38,1224,2147318.775614026,1036054.4559770513,1.2574025007128156,1.7778940158356988,55066.085843402754,23049.075854426912,35005.87793012385,67026.29267413446,398683.9882240993,0.596834228926345,all|eb0.5c|mm10
2026-07,19233,52,1364,2854231.8845486483,1308187.5554717807,1.0666707724104119,1.7518220580309225,82050.04691241798,18137.93401128196,42426.42627654238,106356.69541458985,533996.2962215903,0.8981868100650585,all|eb0.5c|mm10
2026-08,11730,57,1125,2076287.870509985,938247.467056304,1.3539019498791862,0.8879374865551845,57419.69132413197,24642.993286553163,43406.88366400732,76208.70705866149,375780.3146905902,1.003737492621286,all|eb0.5c|mm10
2025-12,71,2,14,12536.494704140709,7106.389878033334,1.969006152816902,2.0810087390140852,-771.2618678926253,317.4733439389713,317.4733439389713,-771.2618678926253,1901.3989448276413,0.0,all|eb0.5c|mm20
2026-01,4442,3,606,462475.9996533379,231911.71725510294,2.406436185197428,1.0927938217244484,5110.3164994559165,7006.979750851305,7011.773222851305,5115.109971455916,84336.41114961459,0.00012318775326429537,all|eb0.5c|mm20
2026-02,9058,12,934,1357166.7078025145,673884.8661760195,1.1154427497265884,1.8227430031120928,30969.767218181514,15369.510150386923,15369.510150386923,30969.767218181514,265506.42301791563,0.0,all|eb0.5c|mm20
2026-03,4416,17,418,682167.3610204248,355246.7707377244,1.6915885915422695,-0.37887698718807294,-9605.965822776163,11459.845576042135,12262.871496176125,-8802.532769841193,130888.74544510631,0.12324472735564541,all|eb0.5c|mm20
2026-04,10097,14,1320,1906826.5587345585,896191.10959005,1.7617525998410557,2.075154658177848,25972.726488043972,25304.86322639422,36405.17586648571,37076.545051151676,370127.2854369233,0.605682263225539,all|eb0.5c|mm20
2026-05,17845,19,1353,2613407.9248203402,976990.1902545163,1.674770813583761,2.3275616154941003,57203.158871567175,44247.00612153421,56589.39207562804,69545.54482566101,411412.8651364612,0.5999349498261576,all|eb0.5c|mm20
2026-06,15072,33,1223,2142630.010071816,1032885.293648074,1.2555984056367318,1.7931190516065048,55005.531813504254,22956.521633641307,34898.17362993526,66949.72083040937,398150.06109654636,0.5973237853243716,all|eb0.5c|mm20
2026-07,18487,35,1362,2725629.6423941036,1247382.518766075,0.99909924095906,1.5663688907043103,58939.8832399913,16612.61627866316,39691.76415038964,82036.19072298885,508654.9310608377,0.8969919251926997,all|eb0.5c|mm20
2026-08,11506,48,1126,2055265.7405883295,928121.7203192839,1.3250522936414806,0.7968079947382304,54917.47464225166,23622.701601689405,42159.13749068779,73478.59473862029,371222.40192737244,1.0024612925371041,all|eb0.5c|mm20
2025-12,71,2,14,12536.494704140709,7106.389878033334,1.969006152816902,2.0810087390140852,-771.2618678926253,317.4733439389713,317.4733439389713,-771.2618678926253,1901.3989448276413,0.0,1m|t2|mm5
2026-02,8934,12,939,1306653.0969349886,650488.0608460377,1.171971165185684,1.7571893949759265,33020.93805691707,15034.784093054308,15034.784093054308,33020.93805691707,254831.75619540046,0.0,1m|t2|mm5
2026-03,4367,17,416,719144.654078583,352401.60407258465,1.6663124861168332,-0.4501573928344649,-14129.915547086875,10881.08143540717,11673.4172057778,-13337.172643915268,128347.43325341317,0.12543318320771885,1m|t2|mm5
2026-04,12955,13,1361,1983439.2908520873,930955.9309914374,1.5386082538891295,2.1542770120678685,26028.863849457764,25650.825733662256,37233.16603740997,37613.71850799331,386161.82195118483,0.6070873249603064,1m|t2|mm5
2026-05,36688,33,1416,3024190.682013126,1192845.1189153744,0.7790048901660312,1.1498681003358417,57187.84403946028,41648.03308176159,56462.51343491924,72002.32439261793,493816.01177192165,0.6106344809629483,1m|t2|mm5
2026-06,23774,49,1250,2566328.333588529,1173684.437420314,0.6616888930314422,1.2803415774663294,52274.91659830115,24279.56731536488,38142.474352867604,66170.74742868704,463204.7882125723,0.6038819158691645,1m|t2|mm5
2026-07,19808,45,1365,2954256.713691016,1327371.5701650176,1.0441827752070725,1.681535065033452,89662.8426538347,20536.729970188557,45672.52628851493,114835.14804007356,550853.1066127123,0.9021269438367528,1m|t2|mm5
2026-08,17285,68,1153,2783605.0394883705,1280819.5339206965,0.7725545559587322,0.3213369190352069,58531.98321744773,17787.574197633745,43388.59422171649,84165.30199183259,512666.375487697,1.0001663840796324,1m|t2|mm5
2025-12,71,2,14,12536.494704140709,7106.389878033334,1.969006152816902,2.0810087390140852,-771.2618678926253,317.4733439389713,317.4733439389713,-771.2618678926253,1901.3989448276413,0.0,1m|t2|mm10
2026-02,8933,11,939,1306501.4369349885,650338.2674460302,1.171971165185684,1.7572483434669655,33019.071456924525,15034.784093054308,15034.784093054308,33019.071456924525,254829.91256913554,0.0,1m|t2|mm10
2026-03,4362,16,416,718322.394078583,351592.3363725836,1.6661895732854461,-0.45270475953647593,-14142.90784708581,10876.68143540717,11669.0172057778,-13350.164943914202,128334.72151349009,0.12557696264743423,1m|t2|mm10
2026-04,12927,11,1360,1983112.253951376,930894.8660274121,1.542982825441396,2.2080058295004124,26075.2431983114,25661.597221826465,37242.80957452365,37658.969905796424,386124.22358283406,0.6070934233757388,1m|t2|mm10
2026-05,36531,27,1415,3016952.386070126,1187984.4200363457,0.7790439548526007,1.1207774913021917,55965.38017303505,41442.570176924644,56223.783964536204,70746.59396064661,492707.1262537188,0.6106716615701635,1m|t2|mm10
2026-06,23657,41,1249,2550515.0454866746,1162273.5710563066,0.6657454153617316,1.2569517557735188,51413.204830168084,24126.68641334462,37943.08793080215,65261.07682543518,461606.16037527873,0.6040893664244074,1m|t2|mm10
2026-07,19604,41,1365,2940907.425835094,1321485.5905660517,1.0358332314834346,1.6302643496612819,84745.29805905501,20485.80719777464,45512.209327451834,109789.81538866926,547999.6113709826,0.9013495708750828,1m|t2|mm10
2026-08,17149,62,1153,2734778.0575147625,1259482.81672176,0.7658025279848016,0.37563527544691155,61023.616163184226,16946.031105899372,42041.82654276527,86150.58594324414,502539.3956011979,0.9989916744055577,1m|t2|mm10
2025-12,68,1,14,12373.484544614035,7041.256878029734,1.7908899579411774,2.6872456110294123,-739.1390274156987,311.82628569516476,311.82628569516476,-739.1390274156987,1874.939292908073,0.0,1m|t2|mm20
2026-02,8612,10,932,1302022.2886991655,648381.2491249712,1.1854146700494645,1.9736970855813682,32466.91004024553,14984.510217911313,14984.510217911313,32466.91004024553,253857.3071962058,0.0,1m|t2|mm20
2026-03,4302,12,416,653439.6170388877,343069.61478933715,1.6756618147859097,-0.4621632154291273,-13633.059908496167,10520.20677429244,11282.729929076097,-12870.129620911532,124834.9412770683,0.12444160071039181,1m|t2|mm20
2026-04,12854,9,1360,1961696.105346479,921634.5174343165,1.5451803787531746,2.2625927504433854,27351.110684426636,25570.546865325,37010.36851939144,38793.446693280915,381411.2002951426,0.6070542265513248,1m|t2|mm20
2026-05,36485,23,1414,3004436.363134285,1179689.1714003517,0.7773404835459984,1.092867319368117,53841.6219352185,41525.44285796814,56253.323781109226,68569.50285835957,490929.3641047027,0.6108452039403659,1m|t2|mm20
2026-06,23300,36,1249,2536117.387218456,1154448.9286032985,0.6605443173240576,1.2294700930652842,50492.60610512655,23939.92473321325,37685.722464018225,64269.87431374109,459252.7008201937,0.6047934690142708,1m|t2|mm20
2026-07,18867,26,1364,2806710.859468205,1255435.3561343118,0.9527036456650364,1.4066531560414168,61763.96071018663,18221.242987938367,41982.70986315863,85542.55951529858,521523.1413482645,0.900612468430096,1m|t2|mm20
2026-08,16571,46,1153,2667191.2065666164,1226656.3554777515,0.7104425393117473,0.33454046229336565,59155.58277381284,15764.815251515598,40137.20740570445,83556.77178728607,488023.78026946425,0.9974799572220527,1m|t2|mm20
2025-12,68,1,14,12373.484544614035,7041.256878029734,1.7908899579411774,2.6872456110294123,-739.1390274156987,311.82628569516476,311.82628569516476,-739.1390274156987,1874.939292908073,0.0,1m|t3|mm5
2026-02,8511,9,931,1244164.8565443,629648.6648238465,1.1918500353716137,1.8850186317795017,31888.84740791683,16260.690990816585,16260.690990816585,31888.84740791683,243572.0079467294,0.0,1m|t3|mm5
2026-03,3143,10,402,609186.8780534745,299510.6741967789,2.0600287830804573,0.7912392009161547,-648.4021842847732,8702.514335553162,9286.701930839828,-63.83813228012939,106784.16359802963,0.11532359370681702,1m|t3|mm5
2026-04,9989,7,1319,1877212.361232221,881124.3834010898,1.764506716336308,2.144484010371068,25852.28354830096,24641.649405746026,35570.770587966595,36783.91908530937,364387.85123361356,0.6064542699683056,1m|t3|mm5
2026-05,34864,22,1412,2378448.245675022,1076819.5784202388,0.8061951157230555,1.223530687336181,71010.34927207469,41913.6260016045,55447.632173796505,84544.35544426668,451133.5390730667,0.612219550346816,1m|t3|mm5
2026-06,15005,29,1222,2134538.870387453,1029605.0422810834,1.260635486409107,1.7901833377499416,56486.7520851321,23086.59645313837,34969.298712303236,68372.77633318014,396211.2354679771,0.5971019780666734,1m|t3|mm5
2026-07,17821,33,1356,2615657.6982690617,1197093.145440103,1.1327006922302174,1.7321725490354676,68363.3869457515,19536.874887288337,41603.89376034424,90448.64917843703,485377.73239422234,0.8984556663781652,1m|t3|mm5
2026-08,14505,54,1140,2540513.8629565383,1175827.332522952,1.029073597157582,0.791499957686117,65210.80252277975,19941.867937998868,43047.51039268371,88341.01157535789,462604.18105156254,0.9927436967130556,1m|t3|mm5
2025-12,68,1,14,12373.484544614035,7041.256878029734,1.7908899579411774,2.6872456110294123,-739.1390274156987,311.82628569516476,311.82628569516476,-739.1390274156987,1874.939292908073,0.0,1m|t3|mm10
2026-02,8510,8,931,1244013.1965442998,629498.8714238391,1.1918500353716137,1.8850955377700718,31886.980807924287,16260.690990816585,16260.690990816585,31886.980807924287,243570.16432046448,0.0,1m|t3|mm10
2026-03,3137,9,402,608164.6180534745,298503.40649677784,2.0599839779534026,0.7896091749727364,-663.3944842837071,8698.114335553162,9282.301930839829,-78.83043227906336,106769.47185810655,0.11554416800144275,1m|t3|mm10
2026-04,9989,7,1319,1877212.361232221,881124.3834010898,1.764506716336308,2.144484010371068,25852.28354830096,24641.649405746026,35570.770587966595,36783.91908530937,364387.85123361356,0.6064542699683056,1m|t3|mm10
2026-05,34799,19,1412,2373650.6659230217,1072607.9667532458,0.8028120493179663,1.2117095132913567,70581.36971969782,41952.47561197783,55465.48267953979,84094.37678725978,450433.568918732,0.6123070948666366,1m|t3|mm10
2026-06,14974,26,1221,2124317.1478539295,1019975.0279820763,1.257502452413184,1.7927802050528292,56140.98703170558,22836.534498615296,34708.75314176392,68015.07434866377,395813.3377649819,0.5979201672502037,1m|t3|mm10
2026-07,17810,32,1356,2616652.7674795883,1197453.1783401114,1.1320485970192933,1.7192846232559185,67438.49217488617,19649.286461336076,41726.85641577531,89534.30548895504,485588.7540218891,0.8982674155860124,1m|t3|mm10
2026-08,14505,53,1140,2540633.9623297607,1175950.4515179284,1.0297277011485129,0.8016182762136513,65302.496409328494,19947.407379608645,43053.29410376853,88432.94973138167,462609.06644106336,0.9925789968859693,1m|t3|mm10
2025-12,68,1,14,12373.484544614035,7041.256878029734,1.7908899579411774,2.6872456110294123,-739.1390274156987,311.82628569516476,311.82628569516476,-739.1390274156987,1874.939292908073,0.0,1m|t3|mm20
2026-02,8510,8,931,1244013.1965442998,629498.8714238391,1.1918500353716137,1.8850955377700718,31886.980807924287,16260.690990816585,16260.690990816585,31886.980807924287,243570.16432046448,0.0,1m|t3|mm20
2026-03,3095,7,402,558148.3918030593,295920.8273835096,2.067192064111043,0.6630351138787473,-164.42960052063682,8680.422145696692,9254.740717291614,410.26542779226276,106234.20436301302,0.11405098324564694,1m|t3|mm20
2026-04,9989,7,1319,1877212.361232221,881124.3834010898,1.764506716336308,2.144484010371068,25852.28354830096,24641.649405746026,35570.770587966595,36783.91908530937,364387.85123361356,0.6064542699683056,1m|t3|mm20
2026-05,34771,17,1411,2367580.005936768,1070477.9920302504,0.8005960692476725,1.205221777823785,69340.98737693549,41839.772159036955,55313.72806506814,82814.94328296668,449131.86353437277,0.6123007547556637,1m|t3|mm20
2026-06,14974,26,1221,2124317.1478539295,1019975.0279820763,1.257502452413184,1.7927802050528292,56140.98703170558,22836.534498615296,34708.75314176392,68015.07434866377,395813.3377649819,0.5979201672502037,1m|t3|mm20
2026-07,17292,21,1355,2563157.454378042,1166166.684329988,1.0566354245358593,1.6277655180720902,60495.88173751533,17913.18175058345,39528.62010462401,82128.58018114015,475416.81233868236,0.8967928136058203,1m|t3|mm20
2026-08,14033,40,1139,2488511.6206819904,1150878.2242199045,0.9745456495018946,0.7102681256529514,66428.93610311979,18938.27529106887,41512.70157492978,89026.06178529953,451942.51364359475,0.9913150630244518,1m|t3|mm20
2025-12,68,1,14,12373.484544614035,7041.256878029734,1.7908899579411774,2.6872456110294123,-739.1390274156987,311.82628569516476,311.82628569516476,-739.1390274156987,1874.939292908073,0.0,1m|t4|mm5
2026-02,8157,6,926,1195401.2939422403,604088.8814088344,1.188774012263119,1.9405772190115282,29699.280364591585,16265.011474982739,16265.011474982739,29699.280364591585,234845.6296929946,0.0,1m|t4|mm5
2026-03,3029,7,401,566993.9255905065,282369.7722759123,2.099817528217311,0.6265362275887933,-1602.343337660335,9090.737429799476,9613.11143970068,-1079.5928710411524,98977.81530951998,0.11350737727089623,1m|t4|mm5
2026-04,8874,5,1286,1600753.8179420703,749345.9721245604,1.8884930690084825,2.5614099568651647,44673.163336925005,25584.70879569651,34990.20464071891,54081.173536735245,313600.3399936746,0.6084528671623314,1m|t4|mm5
2026-05,17911,12,1337,2110234.4594398863,926563.6139834236,1.7929990684604744,2.565451385031576,66434.4785222218,43405.79381019386,55259.561692945834,78288.24640497378,395125.5960917322,0.6008087515827953,1m|t4|mm5
2026-06,14444,23,1218,2103538.8058012705,1008433.9271599526,1.2518403228021728,2.0552423440444887,66720.36271504182,22602.976799310563,34315.24808363863,78435.57522668467,390507.08372142893,0.5965173646546249,1m|t4|mm5
2026-07,16938,28,1355,2594939.62458094,1186302.9775340292,1.1806758104333868,1.8075160012980263,68038.63113141964,19614.20849212448,41491.67359838625,89934.19686370491,481120.7594041969,0.8943252780289823,1m|t4|mm5
2026-08,11711,40,1130,2295613.3032188127,1055456.8869260468,1.1359255412864158,0.7996215372850856,60240.19219580412,19131.41720141437,39900.20915617747,81031.59678546117,415828.09179314075,0.9974295638335209,1m|t4|mm5
2025-12,68,1,14,12373.484544614035,7041.256878029734,1.7908899579411774,2.6872456110294123,-739.1390274156987,311.82628569516476,311.82628569516476,-739.1390274156987,1874.939292908073,0.0,1m|t4|mm10
2026-02,8157,6,926,1195401.2939422403,604088.8814088344,1.188774012263119,1.9405772190115282,29699.280364591585,16265.011474982739,16265.011474982739,29699.280364591585,234845.6296929946,0.0,1m|t4|mm10
2026-03,3029,7,401,566993.9255905065,282369.7722759123,2.099817528217311,0.6265362275887933,-1602.343337660335,9090.737429799476,9613.11143970068,-1079.5928710411524,98977.81530951998,0.11350737727089623,1m|t4|mm10
2026-04,8874,5,1286,1600753.8179420703,749345.9721245604,1.8884930690084825,2.5614099568651647,44673.163336925005,25584.70879569651,34990.20464071891,54081.173536735245,313600.3399936746,0.6084528671623314,1m|t4|mm10
2026-05,17856,11,1334,2105878.8696878864,923676.1269164279,1.7881195522798705,2.553214632061737,66335.84227111125,43198.6619415315,55030.95281838972,78168.13314796946,394409.695895274,0.6007624752568117,1m|t4|mm10
2026-06,14433,22,1217,2101806.42580127,1006738.1609599616,1.2523084427683648,2.055596242795212,66684.8057158656,22599.690062308804,34311.748083637634,78398.96142667561,390471.8570270004,0.5969356259264675,1m|t4|mm10
2026-07,16938,28,1355,2594939.62458094,1186302.9775340292,1.1806758104333868,1.8075160012980263,68038.63113141964,19614.20849212448,41491.67359838625,89934.19686370491,481120.7594041969,0.8943252780289823,1m|t4|mm10
2026-08,11705,39,1130,2294886.282754035,1054868.8859320327,1.1361233852050843,0.8103520318398927,60220.0445332899,19088.93967504386,39852.817599335285,81006.53509247529,415729.81118370726,0.9974773302891119,1m|t4|mm10
2025-12,68,1,14,12373.484544614035,7041.256878029734,1.7908899579411774,2.6872456110294123,-739.1390274156987,311.82628569516476,311.82628569516476,-739.1390274156987,1874.939292908073,0.0,1m|t4|mm20
2026-02,8157,6,926,1195401.2939422403,604088.8814088344,1.188774012263119,1.9405772190115282,29699.280364591585,16265.011474982739,16265.011474982739,29699.280364591585,234845.6296929946,0.0,1m|t4|mm20
2026-03,3020,6,401,518491.32559050655,281509.9193059052,2.097488728662707,0.6176938577041243,-1582.8003676532219,9071.96704980659,9594.341059707795,-1060.0499010340393,98903.60264996612,0.1138456442892532,1m|t4|mm20
2026-04,8874,5,1286,1600753.8179420703,749345.9721245604,1.8884930690084825,2.5614099568651647,44673.163336925005,25584.70879569651,34990.20464071891,54081.173536735245,313600.3399936746,0.6084528671623314,1m|t4|mm20
2026-05,17856,11,1334,2105878.8696878864,923676.1269164279,1.7881195522798705,2.553214632061737,66335.84227111125,43198.6619415315,55030.95281838972,78168.13314796946,394409.695895274,0.6007624752568117,1m|t4|mm20
2026-06,14433,22,1217,2101806.42580127,1006738.1609599616,1.2523084427683648,2.055596242795212,66684.8057158656,22599.690062308804,34311.748083637634,78398.96142667561,390471.8570270004,0.5969356259264675,1m|t4|mm20
2026-07,16461,18,1354,2548605.5752788233,1158141.9821428866,1.1053030118552818,1.6724147804742444,60244.22995370839,17932.197323233166,39427.88652440798,81755.27064031477,472579.48993979,0.8930336599904433,1m|t4|mm20
2026-08,11344,28,1129,2252872.2505626697,1032834.8926550477,1.0682272515348301,0.7070166412855119,56351.713524207735,17670.304783362917,38035.09478939523,76737.25421810953,407710.8138780358,0.9969175267451651,1m|t4|mm20
2026-02,4499,4,827,853117.5467654621,441555.58648216294,1.6902447884061527,2.6618481139484214,20228.25567141636,10332.54650891295,10332.54650891295,20228.25567141636,166983.72149364033,0.0,1m|t5|mm5
2026-03,2891,5,399,494558.4078705066,264298.62042924407,2.115467569230953,0.8502907263443963,-986.9765709777643,8682.561939168692,9180.551289055573,-488.61076437290586,95169.73743789771,0.11227933141762364,1m|t5|mm5
2026-04,7920,4,1268,1581299.4479020701,736331.4153773418,2.1468614851774226,3.055098547511601,44674.7081545945,25713.219548256584,35013.130642828015,53977.133603953764,310080.8483119757,0.6085306799416822,1m|t5|mm5
2026-05,17469,9,1326,1978004.7578991598,873638.6103784353,1.813454142166903,2.580824233458906,69764.58710919967,43972.318819383356,55056.676749951184,80848.9450397675,369478.59768559417,0.6000644430171374,1m|t5|mm5
2026-06,12875,15,1212,1954162.4497181482,963417.3335909393,1.4239060639899133,2.155714431656781,51398.7230025683,24531.587671891775,35559.76823293724,62428.79215906494,367668.97188322153,0.594244720683413,1m|t5|mm5
2026-07,15732,19,1347,2177167.294868529,995289.8745502492,1.1965740047154287,1.98575172509016,65348.679679855144,20067.03901919239,38386.69534928625,83685.67070939213,405084.38283697475,0.8950950242712289,1m|t5|mm5
2026-08,10863,32,1127,2133087.6422456317,979986.5951181683,1.1414473040491575,0.7647533588655987,57867.48391414135,20064.84170698483,39379.04043271238,77202.91012023839,386708.5241219406,0.9992031484031115,1m|t5|mm5
2026-02,4499,4,827,853117.5467654621,441555.58648216294,1.6902447884061527,2.6618481139484214,20228.25567141636,10332.54650891295,10332.54650891295,20228.25567141636,166983.72149364033,0.0,1m|t5|mm10
2026-03,2891,5,399,494558.4078705066,264298.62042924407,2.115467569230953,0.8502907263443963,-986.9765709777643,8682.561939168692,9180.551289055573,-488.61076437290586,95169.73743789771,0.11227933141762364,1m|t5|mm10
2026-04,7920,4,1268,1581299.4479020701,736331.4153773418,2.1468614851774226,3.055098547511601,44674.7081545945,25713.219548256584,35013.130642828015,53977.133603953764,310080.8483119757,0.6085306799416822,1m|t5|mm10
2026-05,17469,9,1326,1978004.7578991598,873638.6103784353,1.813454142166903,2.580824233458906,69764.58710919967,43972.318819383356,55056.676749951184,80848.9450397675,369478.59768559417,0.6000644430171374,1m|t5|mm10
2026-06,12875,15,1212,1954162.4497181482,963417.3335909393,1.4239060639899133,2.155714431656781,51398.7230025683,24531.587671891775,35559.76823293724,62428.79215906494,367668.97188322153,0.594244720683413,1m|t5|mm10
2026-07,15732,19,1347,2177167.294868529,995289.8745502492,1.1965740047154287,1.98575172509016,65348.679679855144,20067.03901919239,38386.69534928625,83685.67070939213,405084.38283697475,0.8950950242712289,1m|t5|mm10
2026-08,10855,31,1127,2132265.852552854,979386.2741261536,1.1409484676155468,0.778945135031657,57860.19216955131,20013.64809632782,39322.39687166002,77190.168425253,386599.52511403355,0.9993355440167079,1m|t5|mm10
2026-02,4499,4,827,853117.5467654621,441555.58648216294,1.6902447884061527,2.6618481139484214,20228.25567141636,10332.54650891295,10332.54650891295,20228.25567141636,166983.72149364033,0.0,1m|t5|mm20
2026-03,2891,5,399,494558.4078705066,264298.62042924407,2.115467569230953,0.8502907263443963,-986.9765709777643,8682.561939168692,9180.551289055573,-488.61076437290586,95169.73743789771,0.11227933141762364,1m|t5|mm20
2026-04,7920,4,1268,1581299.4479020701,736331.4153773418,2.1468614851774226,3.055098547511601,44674.7081545945,25713.219548256584,35013.130642828015,53977.133603953764,310080.8483119757,0.6085306799416822,1m|t5|mm20
2026-05,17469,9,1326,1978004.7578991598,873638.6103784353,1.813454142166903,2.580824233458906,69764.58710919967,43972.318819383356,55056.676749951184,80848.9450397675,369478.59768559417,0.6000644430171374,1m|t5|mm20
2026-06,12875,15,1212,1954162.4497181482,963417.3335909393,1.4239060639899133,2.155714431656781,51398.7230025683,24531.587671891775,35559.76823293724,62428.79215906494,367668.97188322153,0.594244720683413,1m|t5|mm20
2026-07,15402,13,1346,2130718.8554273006,966638.2468342924,1.1316579536657694,1.9171724119322486,59940.187351345616,18472.568103152647,36430.12374985317,77913.28821446771,397061.5666365119,0.8942444243825293,1m|t5|mm20
2026-08,10582,23,1126,2109120.20240902,968247.1594781212,1.081792215749608,0.7066455601576292,55517.94265950595,19295.845395426928,38374.52042858407,74616.34326813256,381968.01217253227,0.9978521021576231,1m|t5|mm20
2025-12,71,2,14,12536.494704140709,7106.389878033334,1.969006152816902,2.0810087390140852,-771.2618678926253,317.4733439389713,317.4733439389713,-771.2618678926253,1901.3989448276413,0.0,1m|top10|mm5
2026-02,8511,9,931,1244164.8565443,629648.6648238465,1.1918500353716137,1.8850186317795017,31888.84740791683,16260.690990816585,16260.690990816585,31888.84740791683,243572.0079467294,0.0,1m|top10|mm5
2026-03,3143,10,402,609186.8780534745,299510.6741967789,2.0600287830804573,0.7912392009161547,-648.4021842847732,8702.514335553162,9286.701930839828,-63.83813228012939,106784.16359802963,0.11532359370681702,1m|top10|mm5
2026-04,12559,8,1355,1928656.8519936195,906278.892271811,1.5615535506076155,2.247373418439481,26237.577706835156,25018.265694965914,36251.72108932972,37473.5474559868,374532.3249717214,0.6061336972807194,1m|top10|mm5
2026-05,17449,8,1326,1974985.5278991598,872175.3997784312,1.8149260146674098,2.608259809457082,70700.71680119679,43989.009988285165,55052.95882686011,81764.66563977173,368798.29461916484,0.5999521202924735,1m|top10|mm5
2026-06,11850,10,1198,1721856.9541981695,852004.0575346434,1.4449918010306155,2.28855332983419,44608.089684183265,23593.572853409612,33412.35373744897,54428.75916367381,327355.64931635134,0.5968096414780466,1m|top10|mm5
2026-07,14299,10,1339,2108957.6348903007,955338.6426532929,1.1683310958424735,2.011596487413941,59861.6596094615,18441.258347261064,36186.60775480621,77622.46573346722,392519.7930380031,0.8884941330102629,1m|top10|mm5
2026-08,7895,10,1094,1773347.150076066,807569.1020186944,1.136795745316288,1.294229652753353,58531.87453748233,16770.850602709463,33036.94142243835,74811.29240168282,325588.3572840098,0.9973204985804025,1m|top10|mm5
2025-12,71,2,14,12536.494704140709,7106.389878033334,1.969006152816902,2.0810087390140852,-771.2618678926253,317.4733439389713,317.4733439389713,-771.2618678926253,1901.3989448276413,0.0,1m|top10|mm10
2026-02,8611,9,932,1301574.9035640303,648215.7166249712,1.1853769583709697,1.9782246990903811,32632.44254024553,14977.757405919145,14977.757405919145,32632.44254024553,253753.0217212058,0.0,1m|top10|mm10
2026-03,3987,10,413,626626.7271534745,308233.90312088,1.7772023033737008,0.31442608844287856,-1038.558410738697,8820.57381045367,9430.349108093118,-428.40665638127206,110322.45491351883,0.12170802513374544,1m|top10|mm10
2026-04,12559,8,1355,1928656.8519936195,906278.892271811,1.5615535506076155,2.247373418439481,26237.577706835156,25018.265694965914,36251.72108932972,37473.5474559868,374532.3249717214,0.6061336972807194,1m|top10|mm10
2026-05,17449,8,1326,1974985.5278991598,872175.3997784312,1.8149260146674098,2.608259809457082,70700.71680119679,43989.009988285165,55052.95882686011,81764.66563977173,368798.29461916484,0.5999521202924735,1m|top10|mm10
2026-06,11850,10,1198,1721856.9541981695,852004.0575346434,1.4449918010306155,2.28855332983419,44608.089684183265,23593.572853409612,33412.35373744897,54428.75916367381,327355.64931635134,0.5968096414780466,1m|top10|mm10
2026-07,14299,10,1339,2108957.6348903007,955338.6426532929,1.1683310958424735,2.011596487413941,59861.6596094615,18441.258347261064,36186.60775480621,77622.46573346722,392519.7930380031,0.8884941330102629,1m|top10|mm10
2026-08,7895,10,1094,1773347.150076066,807569.1020186944,1.136795745316288,1.294229652753353,58531.87453748233,16770.850602709463,33036.94142243835,74811.29240168282,325588.3572840098,0.9973204985804025,1m|top10|mm10
2025-12,68,1,14,12373.484544614035,7041.256878029734,1.7908899579411774,2.6872456110294123,-739.1390274156987,311.82628569516476,311.82628569516476,-739.1390274156987,1874.939292908073,0.0,1m|top10|mm20
2026-02,8611,9,932,1301574.9035640303,648215.7166249712,1.1853769583709697,1.9782246990903811,32632.44254024553,14977.757405919145,14977.757405919145,32632.44254024553,253753.0217212058,0.0,1m|top10|mm20
2026-03,4107,10,414,583534.9210970593,309156.6758666794,1.7213772537410017,0.001482367251017659,-1458.537979294668,8833.21302883514,9435.19963603429,-856.1749153775421,111340.76620510849,0.117481065030453,1m|top10|mm20
2026-04,12854,9,1360,1961696.105346479,921634.5174343165,1.5451803787531746,2.2625927504433854,27351.110684426636,25570.546865325,37010.36851939144,38793.446693280915,381411.2002951426,0.6070542265513248,1m|top10|mm20
2026-05,17449,8,1326,1974985.5278991598,872175.3997784312,1.8149260146674098,2.608259809457082,70700.71680119679,43989.009988285165,55052.95882686011,81764.66563977173,368798.29461916484,0.5999521202924735,1m|top10|mm20
2026-06,11850,10,1198,1721856.9541981695,852004.0575346434,1.4449918010306155,2.28855332983419,44608.089684183265,23593.572853409612,33412.35373744897,54428.75916367381,327355.64931635134,0.5968096414780466,1m|top10|mm20
2026-07,14299,10,1339,2108957.6348903007,955338.6426532929,1.1683310958424735,2.011596487413941,59861.6596094615,18441.258347261064,36186.60775480621,77622.46573346722,392519.7930380031,0.8884941330102629,1m|top10|mm20
2026-08,7895,10,1094,1773347.150076066,807569.1020186944,1.136795745316288,1.294229652753353,58531.87453748233,16770.850602709463,33036.94142243835,74811.29240168282,325588.3572840098,0.9973204985804025,1m|top10|mm20
2025-12,71,2,14,12536.494704140709,7106.389878033334,1.969006152816902,2.0810087390140852,-771.2618678926253,317.4733439389713,317.4733439389713,-771.2618678926253,1901.3989448276413,0.0,1m|top25|mm5
2026-02,8934,12,939,1306653.0969349886,650488.0608460377,1.171971165185684,1.7571893949759265,33020.93805691707,15034.784093054308,15034.784093054308,33020.93805691707,254831.75619540046,0.0,1m|top25|mm5
2026-03,4367,17,416,719144.654078583,352401.60407258465,1.6663124861168332,-0.4501573928344649,-14129.915547086875,10881.08143540717,11673.4172057778,-13337.172643915268,128347.43325341317,0.12543318320771885,1m|top25|mm5
2026-04,12955,13,1361,1983439.2908520873,930955.9309914374,1.5386082538891295,2.1542770120678685,26028.863849457764,25650.825733662256,37233.16603740997,37613.71850799331,386161.82195118483,0.6070873249603064,1m|top25|mm5
2026-05,34859,21,1412,2378152.245675022,1076669.428420239,0.8063950927151844,1.2207437127653868,70872.63024707469,41899.322856906496,55431.1980540985,84404.50544426669,451062.50657306676,0.6122290141223613,1m|top25|mm5
2026-06,14433,22,1217,2101806.42580127,1006738.1609599616,1.2523084427683648,2.055596242795212,66684.8057158656,22599.690062308804,34311.748083637634,78398.96142667561,390471.8570270004,0.5969356259264675,1m|top25|mm5
2026-07,16126,24,1349,2222806.382971129,1012365.0222673597,1.214458853336776,1.980071234473298,58187.19823695166,19937.60738854998,38626.322462949014,76893.41522980382,414795.7917108976,0.8960456031536865,1m|top25|mm5
2026-08,10411,25,1125,2097834.034808384,962578.6775872936,1.1420113662515818,1.0938874959622749,60464.081209945514,18563.52797604264,37540.069673284575,79461.72136255693,379952.80305222824,0.9957125089479163,1m|top25|mm5
2025-12,71,2,14,12536.494704140709,7106.389878033334,1.969006152816902,2.0810087390140852,-771.2618678926253,317.4733439389713,317.4733439389713,-771.2618678926253,1901.3989448276413,0.0,1m|top25|mm10
2026-02,8933,11,939,1306501.4369349885,650338.2674460302,1.171971165185684,1.7572483434669655,33019.071456924525,15034.784093054308,15034.784093054308,33019.071456924525,254829.91256913554,0.0,1m|top25|mm10
2026-03,4362,16,416,718322.394078583,351592.3363725836,1.6661895732854461,-0.45270475953647593,-14142.90784708581,10876.68143540717,11669.0172057778,-13350.164943914202,128334.72151349009,0.12557696264743423,1m|top25|mm10
2026-04,12927,11,1360,1983112.253951376,930894.8660274121,1.542982825441396,2.2080058295004124,26075.2431983114,25661.597221826465,37242.80957452365,37658.969905796424,386124.22358283406,0.6070934233757388,1m|top25|mm10
2026-05,35069,21,1413,2803928.3579001743,1085028.5866552272,0.8018294450580017,1.232722672732016,71329.76145617582,41715.21618094669,55367.511516860795,84982.05679208993,455076.5111971367,0.6118939746819395,1m|top25|mm10
2026-06,14433,22,1217,2101806.42580127,1006738.1609599616,1.2523084427683648,2.055596242795212,66684.8057158656,22599.690062308804,34311.748083637634,78398.96142667561,390471.8570270004,0.5969356259264675,1m|top25|mm10
2026-07,16126,24,1349,2222806.382971129,1012365.0222673597,1.214458853336776,1.980071234473298,58187.19823695166,19937.60738854998,38626.322462949014,76893.41522980382,414795.7917108976,0.8960456031536865,1m|top25|mm10
2026-08,10411,25,1125,2097834.034808384,962578.6775872936,1.1420113662515818,1.0938874959622749,60464.081209945514,18563.52797604264,37540.069673284575,79461.72136255693,379952.80305222824,0.9957125089479163,1m|top25|mm10
2025-12,68,1,14,12373.484544614035,7041.256878029734,1.7908899579411774,2.6872456110294123,-739.1390274156987,311.82628569516476,311.82628569516476,-739.1390274156987,1874.939292908073,0.0,1m|top25|mm20
2026-02,8612,10,932,1302022.2886991655,648381.2491249712,1.1854146700494645,1.9736970855813682,32466.91004024553,14984.510217911313,14984.510217911313,32466.91004024553,253857.3071962058,0.0,1m|top25|mm20
2026-03,4302,12,416,653439.6170388877,343069.61478933715,1.6756618147859097,-0.4621632154291273,-13633.059908496167,10520.20677429244,11282.729929076097,-12870.129620911532,124834.9412770683,0.12444160071039181,1m|top25|mm20
2026-04,12854,9,1360,1961696.105346479,921634.5174343165,1.5451803787531746,2.2625927504433854,27351.110684426636,25570.546865325,37010.36851939144,38793.446693280915,381411.2002951426,0.6070542265513248,1m|top25|mm20
2026-05,35685,21,1414,2956803.5723163676,1157199.543747388,0.7994352279637873,1.1261903514845948,51465.411407588705,42333.87265093329,56789.62423727185,65921.16299392725,481858.3862112851,0.610927475985491,1m|top25|mm20
2026-06,14883,23,1219,2117939.9699582704,1015162.8017479455,1.2431197943401262,1.8901762568034965,64439.844763500914,22647.95715565499,34463.14646136458,76257.13175869168,393909.5665063591,0.5977706172400432,1m|top25|mm20
2026-07,18702,23,1362,2578352.627790335,1173757.326487986,0.984161181443113,1.4133814507182927,60431.51051566074,17884.2786629829,39634.49546816485,82198.85925073439,478154.5230608063,0.9012628690746742,1m|top25|mm20
2026-08,10951,25,1126,2117299.877832572,973370.4143351123,1.079463891302152,0.7611088917283456,55786.473401593226,19428.437890727564,38584.79832535801,74962.57978169316,383522.12760199845,0.99563884550661,1m|top25|mm20
2025-12,71,2,14,12536.494704140709,7106.389878033334,1.969006152816902,2.0810087390140852,-771.2618678926253,317.4733439389713,317.4733439389713,-771.2618678926253,1901.3989448276413,0.0,1m|top50|mm5
2026-02,8934,12,939,1306653.0969349886,650488.0608460377,1.171971165185684,1.7571893949759265,33020.93805691707,15034.784093054308,15034.784093054308,33020.93805691707,254831.75619540046,0.0,1m|top50|mm5
2026-03,4367,17,416,719144.654078583,352401.60407258465,1.6663124861168332,-0.4501573928344649,-14129.915547086875,10881.08143540717,11673.4172057778,-13337.172643915268,128347.43325341317,0.12543318320771885,1m|top50|mm5
2026-04,12955,13,1361,1983439.2908520873,930955.9309914374,1.5386082538891295,2.1542770120678685,26028.863849457764,25650.825733662256,37233.16603740997,37613.71850799331,386161.82195118483,0.6070873249603064,1m|top50|mm5
2026-05,36688,33,1416,3024190.682013126,1192845.1189153744,0.7790048901660312,1.1498681003358417,57187.84403946028,41648.03308176159,56462.51343491924,72002.32439261793,493816.01177192165,0.6106344809629483,1m|top50|mm5
2026-06,23253,43,1250,2535430.541501068,1159830.4091793385,0.68586724794977,1.3080193499372312,52848.2982149767,24557.9507892775,38212.69850131302,66535.9697198954,456266.1440303321,0.6025816284565457,1m|top50|mm5
2026-07,19694,42,1363,2732169.1891320245,1247528.5490777334,1.0779334158304557,1.6877356247044788,87514.03240545123,20030.17448486029,43216.21518516974,110736.58217367317,508862.6095964853,0.9026293594927401,1m|top50|mm5
2026-08,12842,49,1133,2436063.1843478405,1116798.3654301325,1.1914202843600825,0.9731967542647858,57540.34123623011,19377.845681247087,41561.453359124374,79747.48111370119,444142.79754942143,1.0013795816283773,1m|top50|mm5
2025-12,71,2,14,12536.494704140709,7106.389878033334,1.969006152816902,2.0810087390140852,-771.2618678926253,317.4733439389713,317.4733439389713,-771.2618678926253,1901.3989448276413,0.0,1m|top50|mm10
2026-02,8933,11,939,1306501.4369349885,650338.2674460302,1.171971165185684,1.7572483434669655,33019.071456924525,15034.784093054308,15034.784093054308,33019.071456924525,254829.91256913554,0.0,1m|top50|mm10
2026-03,4362,16,416,718322.394078583,351592.3363725836,1.6661895732854461,-0.45270475953647593,-14142.90784708581,10876.68143540717,11669.0172057778,-13350.164943914202,128334.72151349009,0.12557696264743423,1m|top50|mm10
2026-04,12927,11,1360,1983112.253951376,930894.8660274121,1.542982825441396,2.2080058295004124,26075.2431983114,25661.597221826465,37242.80957452365,37658.969905796424,386124.22358283406,0.6070934233757388,1m|top50|mm10
2026-05,36531,27,1415,3016952.386070126,1187984.4200363457,0.7790439548526007,1.1207774913021917,55965.38017303505,41442.570176924644,56223.783964536204,70746.59396064661,492707.1262537188,0.6106716615701635,1m|top50|mm10
2026-06,23657,41,1249,2550515.0454866746,1162273.5710563066,0.6657454153617316,1.2569517557735188,51413.204830168084,24126.68641334462,37943.08793080215,65261.07682543518,461606.16037527873,0.6040893664244074,1m|top50|mm10
2026-07,19604,41,1365,2940907.425835094,1321485.5905660517,1.0358332314834346,1.6302643496612819,84745.29805905501,20485.80719777464,45512.209327451834,109789.81538866926,547999.6113709826,0.9013495708750828,1m|top50|mm10
2026-08,14056,49,1138,2502533.5301802144,1157622.6015290879,1.0799803161518988,0.846512287889184,58563.53678373068,19442.038001960933,42184.03114079053,81329.25987545357,455314.4618344577,0.9933966528151414,1m|top50|mm10
2025-12,68,1,14,12373.484544614035,7041.256878029734,1.7908899579411774,2.6872456110294123,-739.1390274156987,311.82628569516476,311.82628569516476,-739.1390274156987,1874.939292908073,0.0,1m|top50|mm20
2026-02,8612,10,932,1302022.2886991655,648381.2491249712,1.1854146700494645,1.9736970855813682,32466.91004024553,14984.510217911313,14984.510217911313,32466.91004024553,253857.3071962058,0.0,1m|top50|mm20
2026-03,4302,12,416,653439.6170388877,343069.61478933715,1.6756618147859097,-0.4621632154291273,-13633.059908496167,10520.20677429244,11282.729929076097,-12870.129620911532,124834.9412770683,0.12444160071039181,1m|top50|mm20
2026-04,12854,9,1360,1961696.105346479,921634.5174343165,1.5451803787531746,2.2625927504433854,27351.110684426636,25570.546865325,37010.36851939144,38793.446693280915,381411.2002951426,0.6070542265513248,1m|top50|mm20
2026-05,36485,23,1414,3004436.363134285,1179689.1714003517,0.7773404835459984,1.092867319368117,53841.6219352185,41525.44285796814,56253.323781109226,68569.50285835957,490929.3641047027,0.6108452039403659,1m|top50|mm20
2026-06,23300,36,1249,2536117.387218456,1154448.9286032985,0.6605443173240576,1.2294700930652842,50492.60610512655,23939.92473321325,37685.722464018225,64269.87431374109,459252.7008201937,0.6047934690142708,1m|top50|mm20
2026-07,18867,26,1364,2806710.859468205,1255435.3561343118,0.9527036456650364,1.4066531560414168,61763.96071018663,18221.242987938367,41982.70986315863,85542.55951529858,521523.1413482645,0.900612468430096,1m|top50|mm20
2026-08,16571,46,1153,2667191.2065666164,1226656.3554777515,0.7104425393117473,0.33454046229336565,59155.58277381284,15764.815251515598,40137.20740570445,83556.77178728607,488023.78026946425,0.9974799572220527,1m|top50|mm20
2025-12,71,2,14,12536.494704140709,7106.389878033334,1.969006152816902,2.0810087390140852,-771.2618678926253,317.4733439389713,317.4733439389713,-771.2618678926253,1901.3989448276413,0.0,1m|tnet2|mm5
2026-02,8934,12,939,1306653.0969349886,650488.0608460377,1.171971165185684,1.7571893949759265,33020.93805691707,15034.784093054308,15034.784093054308,33020.93805691707,254831.75619540046,0.0,1m|tnet2|mm5
2026-03,4367,17,416,719144.654078583,352401.60407258465,1.6663124861168332,-0.4501573928344649,-14129.915547086875,10881.08143540717,11673.4172057778,-13337.172643915268,128347.43325341317,0.12543318320771885,1m|tnet2|mm5
2026-04,10285,8,1326,1910293.3933850804,896490.5881195953,1.739036903024917,2.1563949374442806,26945.020971624042,25197.912488313064,36333.615928504674,38083.23876660348,371273.9264993148,0.6075689768260162,1m|tnet2|mm5
2026-05,19269,24,1352,2521808.2907794565,937631.828499302,1.6861964148573538,2.48077878259076,78780.75266855615,44254.10384910811,56133.08046441245,90659.72928386048,395965.8871768113,0.600709793894268,1m|tnet2|mm5
2026-06,15068,31,1222,2138935.0630380483,1030976.1374260839,1.2478401587017387,1.7645980014458253,56229.823756651924,22963.13475305832,34871.608520702845,68141.61951317961,397070.28575063235,0.5974230062819428,1m|tnet2|mm5
2026-07,16633,34,1350,2343111.177453311,1066058.398881248,1.2410635190271757,2.1267377166099184,75059.24022277277,20893.807631325504,40780.00363106865,94965.38812855151,439728.5533978337,0.896693020039206,1m|tnet2|mm5
2026-08,11173,47,1118,1972488.6528949754,888589.7805083388,1.3270096979093138,1.2604822471425745,56522.56483062146,22467.4200356356,40176.145388144476,74253.86906522412,354626.08469205315,0.9968194904006097,1m|tnet2|mm5
2025-12,71,2,14,12536.494704140709,7106.389878033334,1.969006152816902,2.0810087390140852,-771.2618678926253,317.4733439389713,317.4733439389713,-771.2618678926253,1901.3989448276413,0.0,1m|tnet2|mm10
2026-02,8933,11,939,1306501.4369349885,650338.2674460302,1.171971165185684,1.7572483434669655,33019.071456924525,15034.784093054308,15034.784093054308,33019.071456924525,254829.91256913554,0.0,1m|tnet2|mm10
2026-03,4362,16,416,718322.394078583,351592.3363725836,1.6661895732854461,-0.45270475953647593,-14142.90784708581,10876.68143540717,11669.0172057778,-13350.164943914202,128334.72151349009,0.12557696264743423,1m|tnet2|mm10
2026-04,10285,8,1326,1910293.3933850804,896490.5881195953,1.739036903024917,2.1563949374442806,26945.020971624042,25197.912488313064,36333.615928504674,38083.23876660348,371273.9264993148,0.6075689768260162,1m|tnet2|mm10
2026-05,19194,20,1349,2515660.7110274564,933204.256832309,1.68117080910043,2.4659755981806115,78501.54744417928,43993.73278801464,55846.895970688936,90354.71062685357,395105.4394224765,0.6007932379661013,1m|tnet2|mm10
2026-06,15030,27,1221,2127990.8262979295,1021287.7479300746,1.245587488050269,1.7672798210054366,55919.74775499321,22735.381073588567,34631.88780645132,67818.12316166553,396622.94075545296,0.5982998383479609,1m|tnet2|mm10
2026-07,16564,32,1350,2335512.1629737327,1062802.7882122404,1.2410747659109256,2.119813614899413,72875.09094158164,20958.549559440882,40760.95582703507,92697.44213122371,437960.2422265853,0.8964832273435949,1m|tnet2|mm10
2026-08,11147,44,1118,1966918.2829588437,885334.580206305,1.3316304957718663,1.291450915578182,56555.75519258729,22436.23786223236,40095.44400830918,74237.32118325791,353631.31981341215,0.9969862918516197,1m|tnet2|mm10
2025-12,68,1,14,12373.484544614035,7041.256878029734,1.7908899579411774,2.6872456110294123,-739.1390274156987,311.82628569516476,311.82628569516476,-739.1390274156987,1874.939292908073,0.0,1m|tnet2|mm20
2026-02,8612,10,932,1302022.2886991655,648381.2491249712,1.1854146700494645,1.9736970855813682,32466.91004024553,14984.510217911313,14984.510217911313,32466.91004024553,253857.3071962058,0.0,1m|tnet2|mm20
2026-03,4302,12,416,653439.6170388877,343069.61478933715,1.6756618147859097,-0.4621632154291273,-13633.059908496167,10520.20677429244,11282.729929076097,-12870.129620911532,124834.9412770683,0.12444160071039181,1m|tnet2|mm20
2026-04,10285,8,1326,1910293.3933850804,896490.5881195953,1.739036903024917,2.1563949374442806,26945.020971624042,25197.912488313064,36333.615928504674,38083.23876660348,371273.9264993148,0.6075689768260162,1m|tnet2|mm20
2026-05,19123,16,1347,2502007.3398167617,925098.6057693191,1.6766674762729084,2.446031070036178,76162.53340574038,43736.10039298571,55533.22922535928,87959.66223811393,393237.6277457855,0.6011893176054056,1m|tnet2|mm20
2026-06,14974,26,1221,2124317.1478539295,1019975.0279820763,1.257502452413184,1.7927802050528292,56140.98703170558,22836.534498615296,34708.75314176392,68015.07434866377,395813.3377649819,0.5979201672502037,1m|tnet2|mm20
2026-07,15790,18,1348,2191936.6475802157,992972.7878733252,1.1527459411482168,1.8545773423357104,50291.0740983359,18646.964587351147,37104.24038476523,68765.99473533923,409598.64374695555,0.8948943777783248,1m|tnet2|mm20
2026-08,10708,32,1116,1913175.188330877,860284.1454853318,1.2581857758355184,1.254418348707431,56073.6854386467,21244.547860369108,38352.18250196696,73201.81272526388,342562.5457323435,0.9955845760908506,1m|tnet2|mm20
2025-12,68,1,14,12373.484544614035,7041.256878029734,1.7908899579411774,2.6872456110294123,-739.1390274156987,311.82628569516476,311.82628569516476,-739.1390274156987,1874.939292908073,0.0,1m|tnet3|mm5
2026-02,8511,9,931,1244164.8565443,629648.6648238465,1.1918500353716137,1.8850186317795017,31888.84740791683,16260.690990816585,16260.690990816585,31888.84740791683,243572.0079467294,0.0,1m|tnet3|mm5
2026-03,3143,10,402,609186.8780534745,299510.6741967789,2.0600287830804573,0.7912392009161547,-648.4021842847732,8702.514335553162,9286.701930839828,-63.83813228012939,106784.16359802963,0.11532359370681702,1m|tnet3|mm5
2026-04,8874,5,1286,1600753.8179420703,749345.9721245604,1.8884930690084825,2.5614099568651647,44673.163336925005,25584.70879569651,34990.20464071891,54081.173536735245,313600.3399936746,0.6084528671623314,1m|tnet3|mm5
2026-05,17531,11,1332,1983740.3376511598,877855.1920454284,1.8189347124457431,2.5955728860051526,69912.75074057654,44215.51916857283,55322.72212477069,81019.95369677439,370240.0985399289,0.5999428648732916,1m|tnet3|mm5
2026-06,13375,24,1216,2003347.2739754338,988230.2481530537,1.4182686984202069,2.0984428615166175,48604.924083186306,24300.45810733169,35589.17247427209,59897.06416097115,376404.669259495,0.5962884324175883,1m|tnet3|mm5
2026-07,16229,27,1349,2240008.4265916636,1020850.4568354266,1.2288724337943355,1.984977728151713,58488.41921446339,20328.151132874602,39191.381185606246,77370.13964321854,418773.50198279286,0.8967462561021806,1m|tnet3|mm5
2026-08,9663,32,1114,1757211.0779700826,804860.6201884503,1.3189958089689875,1.1747558377414404,60244.300173895295,23602.257201137483,39520.63362257137,76182.01160087057,318754.2285395052,0.9985517307072814,1m|tnet3|mm5
2025-12,68,1,14,12373.484544614035,7041.256878029734,1.7908899579411774,2.6872456110294123,-739.1390274156987,311.82628569516476,311.82628569516476,-739.1390274156987,1874.939292908073,0.0,1m|tnet3|mm10
2026-02,8510,8,931,1244013.1965442998,629498.8714238391,1.1918500353716137,1.8850955377700718,31886.980807924287,16260.690990816585,16260.690990816585,31886.980807924287,243570.16432046448,0.0,1m|tnet3|mm10
2026-03,3137,9,402,608164.6180534745,298503.40649677784,2.0599839779534026,0.7896091749727364,-663.3944842837071,8698.114335553162,9282.301930839829,-78.83043227906336,106769.47185810655,0.11554416800144275,1m|tnet3|mm10
2026-04,8874,5,1286,1600753.8179420703,749345.9721245604,1.8884930690084825,2.5614099568651647,44673.163336925005,25584.70879569651,34990.20464071891,54081.173536735245,313600.3399936746,0.6084528671623314,1m|tnet3|mm10
2026-05,17469,9,1326,1978004.7578991598,873638.6103784353,1.813454142166903,2.580824233458906,69764.58710919967,43972.318819383356,55056.676749951184,80848.9450397675,369478.59768559417,0.6000644430171374,1m|tnet3|mm10
2026-06,13344,21,1215,1993125.5514419102,978600.2338540466,1.4150368286333697,2.102072877955684,48259.15902975979,24050.396152808615,35328.62690373277,59539.36217645478,376006.77155649976,0.5972046752922181,1m|tnet3|mm10
2026-07,16229,27,1349,2240008.4265916636,1020850.4568354266,1.2288724337943355,1.984977728151713,58488.41921446339,20328.151132874602,39191.381185606246,77370.13964321854,418773.50198279286,0.8967462561021806,1m|tnet3|mm10
2026-08,9655,31,1114,1756389.288277305,804260.2991964357,1.3185823704693918,1.1910512028490083,60237.00842930525,23551.063590480473,39463.990061519005,76169.26990588517,318645.22953159816,0.9987000417423949,1m|tnet3|mm10
2025-12,68,1,14,12373.484544614035,7041.256878029734,1.7908899579411774,2.6872456110294123,-739.1390274156987,311.82628569516476,311.82628569516476,-739.1390274156987,1874.939292908073,0.0,1m|tnet3|mm20
2026-02,8510,8,931,1244013.1965442998,629498.8714238391,1.1918500353716137,1.8850955377700718,31886.980807924287,16260.690990816585,16260.690990816585,31886.980807924287,243570.16432046448,0.0,1m|tnet3|mm20
2026-03,3095,7,402,558148.3918030593,295920.8273835096,2.067192064111043,0.6630351138787473,-164.42960052063682,8680.422145696692,9254.740717291614,410.26542779226276,106234.20436301302,0.11405098324564694,1m|tnet3|mm20
2026-04,8874,5,1286,1600753.8179420703,749345.9721245604,1.8884930690084825,2.5614099568651647,44673.163336925005,25584.70879569651,34990.20464071891,54081.173536735245,313600.3399936746,0.6084528671623314,1m|tnet3|mm20
2026-05,17469,9,1326,1978004.7578991598,873638.6103784353,1.813454142166903,2.580824233458906,69764.58710919967,43972.318819383356,55056.676749951184,80848.9450397675,369478.59768559417,0.6000644430171374,1m|tnet3|mm20
2026-06,13344,21,1215,1993125.5514419102,978600.2338540466,1.4150368286333697,2.102072877955684,48259.15902975979,24050.396152808615,35328.62690373277,59539.36217645478,376006.77155649976,0.5972046752922181,1m|tnet3|mm20
2026-07,15741,17,1348,2189140.6576969973,990850.3439462812,1.1505382003140254,1.8545318444456935,50282.74433887911,18649.511381487187,37096.3276536328,68745.30184645628,409333.24520414544,0.895325318173119,1m|tnet3|mm20
2026-08,9287,20,1111,1703640.2068321824,776969.5445184394,1.2461525734289487,1.0853216522602915,56713.72883799268,21530.258033353188,36952.71358539477,72153.65744855118,308798.5722111698,0.9982318069859666,1m|tnet3|mm20
2025-12,94,5,15,29501.6616786489,9436.934878024387,2.8689452952127668,12.043968820000002,8755.653132116324,1770.7951145025381,1770.7951145025381,8755.653132116324,3657.7740163373624,0.0,1m|eb0c|mm5
2026-01,3922,1,585,368125.4491025971,190119.58979595685,2.485886192765849,1.136522414645589,2996.2817892716957,5599.204079180737,5603.997551180736,3001.0752612716956,66242.08300814517,0.0001395206527281999,1m|eb0c|mm5
2026-02,13391,24,966,1545070.1287730483,772036.7356870122,0.48850428095762205,0.5374062618651031,41755.4510866368,13801.202751045646,13801.202751045646,41755.4510866368,300571.16238087974,0.0,1m|eb0c|mm5
2026-03,5608,29,421,809492.0495631768,395498.9080158131,1.4126214071174912,-0.1997541227249574,-9534.147029764468,11665.590273466085,12594.820168558123,-8604.495536760413,145677.38198860452,0.13033418976133399,1m|eb0c|mm5
2026-04,13563,26,1367,2061919.4681997811,985103.4324734894,1.4480313107970741,1.9276536378236322,13405.25466550532,25169.997156464673,37078.44955411113,25317.343255728134,397069.6196740938,0.5995807032572495,1m|eb0c|mm5
2026-05,21454,37,1375,2856670.4297091025,1091221.9501604356,1.533153500528805,2.1778104139708208,57988.32994819771,43387.307652859425,57112.64286384648,71713.66515918476,457511.17369956843,0.5997789776633736,1m|eb0c|mm5
2026-06,17030,60,1229,2505301.188509019,1128174.860230344,1.1332431328422075,1.5850627223751852,46857.269663287814,24945.394882990844,38401.65033750176,60346.47310727191,449650.5419991787,0.5996000076056097,1m|eb0c|mm5
2026-07,20896,64,1370,3018981.6731211836,1356132.8082061335,0.9914213094535888,1.5070181612657563,90245.14193280875,19707.923926176096,45462.711655503655,116037.19677201599,563923.4282659121,0.9048929301857036,1m|eb0c|mm5
2026-08,14586,68,1141,2706703.2537222346,1233801.477633896,1.0497368514561674,0.7151312715653603,57994.95917443231,18622.72886050502,43255.413161182565,82659.50805234027,493290.97755815904,0.9927206089536305,1m|eb0c|mm5
2025-12,91,4,14,29261.4816786489,9259.059878024387,2.842646788461539,13.57289086901099,8769.528132116324,1760.309714502538,1760.309714502538,8769.528132116324,3626.6386663373623,0.0,1m|eb0c|mm10
2026-01,3922,1,585,368125.4491025971,190119.58979595685,2.485886192765849,1.136522414645589,2996.2817892716957,5599.204079180737,5603.997551180736,3001.0752612716956,66242.08300814517,0.0001395206527281999,1m|eb0c|mm10
2026-02,12791,19,960,1497946.846918235,742555.1020451039,0.5590947613501763,0.6955636708531436,37219.21760008924,14356.506511852918,14356.506511852918,37219.21760008924,293803.9378335365,0.0,1m|eb0c|mm10
2026-03,5583,25,421,801112.7275213222,391903.6870430542,1.4296245731252437,-0.09723162310266181,-8450.174498547518,11544.761337231892,12467.009494608805,-7527.504743258587,144358.87989796646,0.13062786680139007,1m|eb0c|mm10
2026-04,13345,16,1363,2040836.2943755256,965120.9753847119,1.5087206894660459,2.051868101377576,13292.453446727646,24963.88332156822,36860.69393369107,25191.77883319316,396644.1795488504,0.607592619426471,1m|eb0c|mm10
2026-05,21252,29,1374,2843561.024386109,1080914.5213574728,1.5443911794311482,2.1504360838839056,58216.32808451466,43190.74382426401,56870.9380104418,71896.52227069244,456006.4728725929,0.6003043849307942,1m|eb0c|mm10
2026-06,16806,46,1228,2480866.2017991957,1112218.3515293698,1.1491835650683224,1.5512893874905733,47908.323593570414,24923.370121567026,38271.219680137685,61287.64362995064,445987.7617457165,0.5995981982858191,1m|eb0c|mm10
2026-07,20741,52,1372,2998466.5650326125,1347631.220566156,0.9659024497990722,1.4736660105502088,88213.52497308711,19413.329332619185,45005.472005373704,113824.43244171808,560030.8451391928,0.9054205282327603,1m|eb0c|mm10
2026-08,14422,60,1141,2651355.373261454,1209807.0266069921,1.045625412642931,0.7658615502654077,59632.965305064055,17634.497450733033,41704.47267493545,83733.68069938879,482014.3078864944,0.9914810871843218,1m|eb0c|mm10
2025-12,71,2,14,12721.394544614035,7151.730378029734,1.5814157266197189,2.4610239654929584,-758.7025274156987,298.2594856566647,298.2594856566647,-758.7025274156987,1915.435317908073,0.0,1m|eb0c|mm20
2026-02,11628,16,954,1467007.2345896482,727347.6298360055,0.6555149993087399,1.2191217900180644,38081.47267518764,14646.539967492212,14646.539967492212,38081.47267518764,287566.2697308136,0.0,1m|eb0c|mm20
2026-03,5499,19,420,736550.3854759566,382336.30446172704,1.432832927912949,-0.09609148667570992,-8275.477000985737,11474.509309060428,12362.963549401375,-7386.615627843813,141130.1074656901,0.12921786853241113,1m|eb0c|mm20
2026-04,13180,12,1362,2018032.0593264985,954322.672490592,1.5209815633311612,2.120628261409985,16145.87259934289,24183.690582523006,35926.16406173182,27890.860852894362,391499.6084517158,0.607539126401851,1m|eb0c|mm20
2026-05,20902,23,1371,2817891.982902414,1066241.7845944916,1.5520273094813,2.1664188364375727,56392.04068486056,43006.08832431426,56556.43437639792,69942.38673694423,451678.20173612214,0.6005186228888079,1m|eb0c|mm20
2026-06,16478,42,1229,2473521.692489819,1106784.9844573305,1.1507334464031218,1.5746772585964561,48116.136652241126,24520.63624724138,37825.795905867904,61452.76678867721,444564.76508091204,0.6004273164933095,1m|eb0c|mm20
2026-07,19863,32,1370,2851623.9064110867,1276112.0803355782,0.8910902669839571,1.2383873144193493,64735.870668720345,17842.76656945824,42055.63170664815,88966.18126705204,531184.4736768844,0.9047595092955562,1m|eb0c|mm20
2026-08,13819,42,1141,2588442.9761965494,1178559.0549059366,0.997509855866348,0.7602105347610224,57580.43560630346,16194.431684867239,39629.798826479564,81044.16543412844,469274.59655649966,0.9904502990518439,1m|eb0c|mm20
2025-12,77,4,15,13124.584704140709,7394.738378033334,1.8350576142857151,0.4772937723376632,-804.7003678926253,314.3919439004713,314.3919439004713,-804.7003678926253,1973.0303198276413,0.0,1m|eb0.25c|mm5
2026-01,3922,1,585,368125.4491025971,190119.58979595685,2.485886192765849,1.136522414645589,2996.2817892716957,5599.204079180737,5603.997551180736,3001.0752612716956,66242.08300814517,0.0001395206527281999,1m|eb0.25c|mm5
2026-02,11050,20,955,1467837.6142585573,733200.7937000081,0.8053664440641736,0.8781912684638364,41743.17622032481,14857.213193125557,14857.213193125557,41743.17622032481,284163.3992293926,0.0,1m|eb0.25c|mm5
2026-03,5550,25,420,800638.8013490916,391255.5085048244,1.439717849811296,-0.06063927219749647,-9838.260189681592,11641.35485379279,12547.778085390039,-8931.415360172326,143811.1900620074,0.13042664927137032,1m|eb0.25c|mm5
2026-04,10552,16,1330,2001595.7577423663,954842.6694591467,1.7017975932042926,1.8772075221046673,14997.591676044116,24166.342742162018,35707.04930931615,26542.268005098846,384822.54430182435,0.6052143170499955,1m|eb0.25c|mm5
2026-05,20717,33,1373,2838158.295138342,1081455.787244475,1.5786583432966488,2.2493162951132732,59491.66729605515,43504.10670897944,57119.15472668276,73106.71531375848,453834.93392344425,0.5996614298232524,1m|eb0.25c|mm5
2026-06,15936,50,1228,2464800.632176282,1111418.670231185,1.2127042994367314,1.6980902980438108,50456.94331528714,25222.873712198278,38440.611583136546,63707.62917569859,441699.95588009054,0.598337544073948,1m|eb0.25c|mm5
2026-07,20093,54,1366,2995845.2287727,1345251.0592550472,1.0405751252408415,1.6388644129765115,85622.1982571214,20230.673734211883,45743.87780106589,111172.00322791582,559048.93937492,0.9023042454316322,1m|eb0.25c|mm5
2026-08,13008,58,1133,2550472.1496756063,1162976.2009061244,1.2337510715690954,1.1142321230587404,62451.18902948507,21412.6013455546,44638.70672950633,85705.15687736771,465079.3569576527,0.9982077890945499,1m|eb0.25c|mm5
2025-12,91,4,14,29261.4816786489,9259.059878024387,2.842646788461539,13.57289086901099,8769.528132116324,1760.309714502538,1760.309714502538,8769.528132116324,3626.6386663373623,0.0,1m|eb0.25c|mm10
2026-01,3922,1,585,368125.4491025971,190119.58979595685,2.485886192765849,1.136522414645589,2996.2817892716957,5599.204079180737,5603.997551180736,3001.0752612716956,66242.08300814517,0.0001395206527281999,1m|eb0.25c|mm10
2026-02,10269,16,946,1387682.86397727,689015.2410360639,0.9324670042035916,1.060118386145529,28972.039317807477,15172.479143821209,15172.479143821209,28972.039317807477,271645.96007346886,0.0,1m|eb0.25c|mm10
2026-03,5543,23,420,795927.3481503222,389567.4536508355,1.4306212384678278,-0.09152047976296328,-9343.101257549144,11452.720137410102,12359.14336900735,-8436.256428039878,143195.90591211012,0.1305913590936506,1m|eb0.25c|mm10
2026-04,10552,13,1329,1983970.4774914726,936395.8433363865,1.7040059496504278,1.9200806025037847,11995.11502491393,24009.54896238368,35561.060783247034,23549.141620119943,385134.2198402005,0.606872847991856,1m|eb0.25c|mm10
2026-05,20590,26,1372,2827406.759260887,1073116.3960774895,1.5814841055160442,2.2374429450226008,58647.67218627631,43226.46450556893,56807.63345458129,72228.84113528866,452705.6316337453,0.600080897026938,1m|eb0.25c|mm10
2026-06,15776,37,1227,2445441.862707271,1097772.8679251624,1.2257410926180898,1.6727120340786366,49650.27946709199,25191.741872632087,38341.741953701705,62831.750025971174,439392.7791623485,0.5986686056985335,1m|eb0.25c|mm10
2026-07,19792,44,1366,2976965.200771018,1337016.6834630899,1.0325882617599016,1.6361528971011199,84782.95005236237,20001.498154116878,45369.58558168872,110169.15267987127,555455.424519959,0.9021868976173127,1m|eb0.25c|mm10
2026-08,12832,52,1133,2490473.967883648,1137732.5733741685,1.2313364008145185,1.1683066795164625,64558.69003625905,20600.021944961412,43214.95899674252,87200.36514486297,452833.50217207806,0.9970126346808563,1m|eb0.25c|mm10
2025-12,71,2,14,12721.394544614035,7151.730378029734,1.5814157266197189,2.4610239654929584,-758.7025274156987,298.2594856566647,298.2594856566647,-758.7025274156987,1915.435317908073,0.0,1m|eb0.25c|mm20
2026-02,11350,13,952,1427603.5103303597,710363.0326919629,0.6812660914803531,1.1771466629673042,30628.622766760214,14389.028786965187,14389.028786965187,30628.622766760214,280178.2685314943,0.0,1m|eb0.25c|mm20
2026-03,5458,17,419,731400.9552109566,379941.4191975835,1.4381647106016895,-0.08386166932754174,-9203.720793905131,11385.739012475347,12258.873393879176,-8330.179279700327,139982.39294534287,0.1299189371674098,1m|eb0.25c|mm20
2026-04,10383,9,1328,1957629.8311984334,924805.3895642667,1.7250207523050276,2.02714017662873,15959.205624341774,23815.55255274389,35191.59467188061,27337.76251782115,379285.2297826459,0.6067640880250307,1m|eb0.25c|mm20
2026-05,20530,22,1371,2815363.785808192,1065312.6972024974,1.577279727615176,2.212892733327061,56441.650114955635,42999.63726030196,56536.49230589775,69978.50516055143,451228.5015198596,0.6004559001590569,1m|eb0.25c|mm20
2026-06,15427,34,1227,2439889.2374623674,1092729.3804603296,1.2320127910259846,1.6349046627558952,47368.20876428584,24875.004800039856,37998.23382231773,60522.90826437328,438500.410535957,0.5995193097593906,1m|eb0.25c|mm20
2026-07,18907,27,1364,2827005.497094151,1265105.5174423864,0.9561554014263683,1.396773769851691,61456.67923375126,18538.418915426093,42493.07359367709,85428.46584189394,525756.715418177,0.9009731932188894,1m|eb0.25c|mm20
2026-08,12383,38,1134,2420955.38242045,1107132.1917981699,1.1457533251649172,0.9656641536644028,61565.56227824299,19129.137201169182,41075.34130215863,83536.1269521456,439411.2934780521,0.9967784589286682,1m|eb0.25c|mm20
2025-12,74,3,15,12776.674704140709,7284.264878033334,2.0378302277027034,0.6047516279729737,-785.1368678926253,327.95874393897134,327.95874393897134,-785.1368678926253,1932.5342948276414,0.0,1m|eb0.5c|mm5
2026-01,3922,1,585,368125.4491025971,190119.58979595685,2.485886192765849,1.136522414645589,2996.2817892716957,5599.204079180737,5603.997551180736,3001.0752612716956,66242.08300814517,0.0001395206527281999,1m|eb0.5c|mm5
2026-02,11050,20,955,1467837.6142585573,733200.7937000081,0.8053664440641736,0.8781912684638364,41743.17622032481,14857.213193125557,14857.213193125557,41743.17622032481,284163.3992293926,0.0,1m|eb0.5c|mm5
2026-03,4466,21,417,744331.5597064643,363787.0178693613,1.6891240045745795,-0.3165061347632796,-11040.794044913939,11740.777536872705,12561.638037798892,-10219.511946075734,133352.07348247123,0.12461573238307365,1m|eb0.5c|mm5
2026-04,10297,9,1327,1910320.8779250802,896503.3567913953,1.734345273785914,2.130386979859612,26938.43418575454,25197.30847040521,36333.191944666316,38076.83201480348,371279.92763496476,0.6076307785428354,1m|eb0.5c|mm5
2026-05,19999,28,1366,2587665.34720518,968652.4996712198,1.6179815537329463,2.379982766954857,81918.39129176391,43921.48320456099,56203.694027223864,94200.6021144268,409407.027422096,0.6022470436836748,1m|eb0.5c|mm5
2026-06,15641,41,1224,2322221.731156801,1059914.454577041,1.2597986373824361,1.8331467461359996,55987.756862463466,24396.142510815116,36675.552392999605,68300.21293012112,410425.6294549644,0.5968589274517954,1m|eb0.5c|mm5
2026-07,17808,44,1355,2387905.1647100067,1086586.2936921695,1.193249275535109,1.9960659972389425,77023.59279129264,20985.801760145667,41265.290862596856,97341.38436010247,448664.0511403957,0.8986876655379212,1m|eb0.5c|mm5
2026-08,11981,55,1122,2166282.53149452,982355.3968646487,1.3413638990256354,1.2749039385075187,66639.34815391852,24149.657025612025,43909.59402829916,86424.89510358399,395710.9389933095,1.0012242207855284,1m|eb0.5c|mm5
2025-12,71,2,14,12536.494704140709,7106.389878033334,1.969006152816902,2.0810087390140852,-771.2618678926253,317.4733439389713,317.4733439389713,-771.2618678926253,1901.3989448276413,0.0,1m|eb0.5c|mm10
2026-01,3922,1,585,368125.4491025971,190119.58979595685,2.485886192765849,1.136522414645589,2996.2817892716957,5599.204079180737,5603.997551180736,3001.0752612716956,66242.08300814517,0.0001395206527281999,1m|eb0.5c|mm10
2026-02,10269,16,946,1387682.86397727,689015.2410360639,0.9324670042035916,1.060118386145529,28972.039317807477,15172.479143821209,15172.479143821209,28972.039317807477,271645.96007346886,0.0,1m|eb0.5c|mm10
2026-03,4462,20,417,743709.2997064643,363175.75016936025,1.6890089424134478,-0.3185515966926954,-11051.786344912873,11736.377536872706,12557.238037798892,-10230.504246074668,133341.34174254816,0.12472744527629019,1m|eb0.5c|mm10
2026-04,10361,10,1326,1931496.7477899774,905543.0875906909,1.7342062382887387,2.0698677613518948,25580.480343284205,25274.860084420554,36551.0884874675,36859.223101118994,375958.09192782623,0.6076454765508176,1m|eb0.5c|mm10
2026-05,20412,24,1372,2724457.260649557,1033436.5575884586,1.5916664326487842,2.204471758139917,63942.83132168419,43602.32758055233,56602.07433978105,76942.5780809129,433324.8919742908,0.6001595740916138,1m|eb0.5c|mm10
2026-06,15514,32,1223,2306722.5761602544,1048601.5586440272,1.2684582936646014,1.7968380927198921,55006.513890629954,24209.389466028515,36441.70437617795,67270.39747458896,408806.54666500894,0.5972467309711793,1m|eb0.5c|mm10
2026-07,17493,35,1355,2362072.3410196924,1075754.2637061917,1.1887876391297736,1.9905333364292428,74272.18902617208,20735.062842259038,40792.40039859611,94349.34334486446,443295.8018919559,0.8985690621987098,1m|eb0.5c|mm10
2026-08,11830,50,1122,2114226.403005219,960277.9228914932,1.3476819941982066,1.3749870280430725,69674.65094943912,23340.805219557347,42583.74638109488,88942.0776508469,385348.5340281554,1.0002478209197336,1m|eb0.5c|mm10
2025-12,68,1,14,12373.484544614035,7041.256878029734,1.7908899579411774,2.6872456110294123,-739.1390274156987,311.82628569516476,311.82628569516476,-739.1390274156987,1874.939292908073,0.0,1m|eb0.5c|mm20
2026-02,9058,12,934,1357166.7078025145,673884.8661760195,1.1154427497265884,1.8227430031120928,30969.767218181514,15369.510150386923,15369.510150386923,30969.767218181514,265506.42301791563,0.0,1m|eb0.5c|mm20
2026-03,4377,15,417,676229.3482921002,352512.860534582,1.697607478324006,-0.3207285041152671,-10259.401776206654,11347.550069140425,12135.256130337297,-9471.288582208805,129542.46203310667,0.12400667489205489,1m|eb0.5c|mm20
2026-04,10285,8,1326,1910293.3933850804,896490.5881195953,1.739036903024917,2.1563949374442806,26945.020971624042,25197.912488313064,36333.615928504674,38083.23876660348,371273.9264993148,0.6075689768260162,1m|eb0.5c|mm20
2026-05,20342,20,1371,2711540.5340408627,1025228.9006144665,1.5876167757245054,2.1885900304288124,61702.249924678115,43379.17280083111,56329.63308132867,74652.71020517568,431682.0093499187,0.6005440903980488,1m|eb0.5c|mm20
2026-06,15336,30,1223,2307417.137753441,1046751.9118210642,1.2453596725268743,1.708019750411065,52965.20898847019,23654.133546970552,35905.39445254035,65248.03856784956,409438.07984568784,0.5984216638717319,1m|eb0.5c|mm20
2026-07,16564,19,1353,2201480.52331508,997935.8544443318,1.1099441131716907,1.7478123391721185,50037.434568462675,18629.840077941208,37170.893494959855,68596.004665378,411284.67876184674,0.8966483330763879,1m|eb0.5c|mm20
2026-08,11242,35,1121,2044737.2914600524,927594.8142754924,1.2823421991814203,1.3418387946281367,67370.79045267576,21764.031000660343,40318.165799441835,85947.03330741785,371524.8570948418,0.9989130066981395,1m|eb0.5c|mm20
2025-12,71,2,14,12536.494704140709,7106.389878033334,1.969006152816902,2.0810087390140852,-771.2618678926253,317.4733439389713,317.4733439389713,-771.2618678926253,1901.3989448276413,0.0,2m|t2|mm5
2026-01,5100,4,626,561463.941178211,283277.4922201707,2.499663064168959,0.7747117329509804,1971.6140184858862,9963.897406003796,9968.765848003797,1976.4824604858861,104112.57701424893,0.00025429411764705883,2m|t2|mm5
2026-02,8934,12,939,1306653.0969349886,650488.0608460377,1.171971165185684,1.7571893949759265,33020.93805691707,15034.784093054308,15034.784093054308,33020.93805691707,254831.75619540046,0.0,2m|t2|mm5
2026-03,5417,19,419,785578.0486583094,384474.9825041151,1.4454691476323442,-0.12232478166414057,-10930.396051060461,10959.485413754594,11861.476590964028,-10027.997741050049,141246.1484125684,0.13236385529345568,2m|t2|mm5
2026-04,14243,19,1362,2110612.8142133225,1009849.2041511484,1.4041628818118577,1.8460034741179636,19841.206958816772,25219.826993709205,37368.62653321254,31994.96782844908,405125.362321077,0.604132973947753,2m|t2|mm5
2026-05,36138,32,1413,2974744.891631164,1170230.3077944173,0.7969612315269603,1.1832352846347693,55130.84688647213,42528.74563344398,57049.22743344714,69651.32868647529,484016.0600001053,0.6103508912764599,2m|t2|mm5
2026-06,24144,54,1250,2680322.258897233,1180143.818188383,0.6524798931811228,1.1635853992098544,47701.88919831539,23872.46898188129,37801.88471435592,61667.427499854784,465528.3705843558,0.6036904513840727,2m|t2|mm5
2026-07,27884,65,1400,3181582.68320796,1461468.6666260588,0.5702830244333452,0.9774066797226487,86077.90376641162,20666.17533259396,47990.55048344085,113441.08525045258,598113.6196435197,0.9124606244200525,2m|t2|mm5
2026-08,17678,76,1154,2804045.3574235784,1290555.4254456635,0.7679744982896414,0.29845935413209224,57465.505213719225,18281.125156681373,44085.955519244104,83300.91839117357,516708.2635490869,1.0010955643196555,2m|t2|mm5
2025-12,71,2,14,12536.494704140709,7106.389878033334,1.969006152816902,2.0810087390140852,-771.2618678926253,317.4733439389713,317.4733439389713,-771.2618678926253,1901.3989448276413,0.0,2m|t2|mm10
2026-01,4442,3,606,462475.9996533379,231911.71725510294,2.406436185197428,1.0927938217244484,5110.3164994559165,7006.979750851305,7011.773222851305,5115.109971455916,84336.41114961459,0.00012318775326429537,2m|t2|mm10
2026-02,8933,11,939,1306501.4369349885,650338.2674460302,1.171971165185684,1.7572483434669655,33019.071456924525,15034.784093054308,15034.784093054308,33019.071456924525,254829.91256913554,0.0,2m|t2|mm10
2026-03,5414,18,419,785155.7886583094,384061.714804114,1.4453292383328138,-0.12365980215453445,-10939.388351059395,10955.085413754594,11857.076590964029,-10036.990041048983,141237.39667264535,0.13243720061408376,2m|t2|mm10
2026-04,14200,17,1361,2090171.5542592867,990168.0776499656,1.4047447766975971,1.8752936077661715,19386.141265922986,24922.535867332448,37057.823348923586,31524.935090085157,404626.4608054057,0.6052146061514342,2m|t2|mm10
2026-05,35978,26,1412,2967154.7156881643,1164400.8750153892,0.7967779595524632,1.1542219230559934,53848.10523714286,42326.40905540098,56817.80597276166,68339.50215450354,483046.5639120225,0.6105357269726355,2m|t2|mm10
2026-06,24056,47,1250,2571623.239676047,1174662.6109884027,0.6566066748913335,1.1462604467374324,47524.06575949044,23909.223429794874,37812.413891075536,61460.20421024428,464548.3755581703,0.6042871543694558,2m|t2|mm10
2026-07,27653,54,1400,3146844.890351827,1442847.367914076,0.5584250801065952,0.9168757439987761,81951.14826647287,18087.530519397944,45141.80366421157,109025.7233825,591812.5375239959,0.9125241278071007,2m|t2|mm10
2026-08,17587,70,1154,2769822.8664770187,1275093.0504965319,0.7673929346865824,0.35166327955464527,58739.67842155069,17603.848170906127,43042.28046983967,84207.62402457817,509358.9120605491,1.000340907688773,2m|t2|mm10
2025-12,71,2,14,12536.494704140709,7106.389878033334,1.969006152816902,2.0810087390140852,-771.2618678926253,317.4733439389713,317.4733439389713,-771.2618678926253,1901.3989448276413,0.0,2m|t2|mm20
2026-01,4355,2,600,434691.97582956165,223061.30643608706,2.426798015723654,1.182967758661309,3059.278696588546,6342.101364270108,6346.8948362701085,3064.0721685885464,79340.79665172622,0.00012564867967853043,2m|t2|mm20
2026-02,8612,10,932,1302022.2886991655,648381.2491249712,1.1854146700494645,1.9736970855813682,32466.91004024553,14984.510217911313,14984.510217911313,32466.91004024553,253857.3071962058,0.0,2m|t2|mm20
2026-03,5365,14,419,724161.4367802863,377117.79132192134,1.4472175338632887,-0.14490524333506932,-10777.247373192156,10914.4311914749,11786.60975309736,-9904.661678768716,138532.44893009728,0.1313319775046872,2m|t2|mm20
2026-04,14182,16,1361,2086533.0117192867,986695.6232978555,1.403066298501993,1.8729459032653002,19224.60274034567,24814.994043243485,36946.723430750455,31358.846902195295,404474.80539498763,0.6058485026189194,2m|t2|mm20
2026-05,35944,22,1411,2956915.803791323,1156886.871351395,0.7953186258912384,1.1433803823351514,52148.684467424246,42431.73061159542,56885.64061438746,66602.5944702163,481797.00009306817,0.6107929142918243,2m|t2|mm20
2026-06,23917,41,1249,2557621.1516932393,1163285.483327397,0.6522836220260445,1.146568371086908,47006.27738695245,23633.82903187607,37506.238189770454,60910.1570226564,463473.08172317396,0.6048194765600233,2m|t2|mm20
2026-07,26998,37,1399,3022491.1992714447,1382300.0688796125,0.4905801351491112,0.7726668887282832,63207.710292368654,16539.143669232577,42452.12247572726,89138.42566080189,567821.3590524476,0.9127916233137977,2m|t2|mm20
2026-08,17370,59,1155,2750368.4540131353,1265726.8149735306,0.7516478456067924,0.3060272448949276,57654.12733890016,17137.811448730074,42351.51403923106,82897.12419599506,504859.93714189786,0.9993691514856132,2m|t2|mm20
2025-12,71,2,14,12536.494704140709,7106.389878033334,1.969006152816902,2.0810087390140852,-771.2618678926253,317.4733439389713,317.4733439389713,-771.2618678926253,1901.3989448276413,0.0,2m|t3|mm5
2026-01,4572,2,613,468722.4881339317,242578.9611680201,2.570867130113985,0.6916624212795277,-1347.2047236938236,8435.144402918228,8440.012844918228,-1342.3362816938236,86370.00184256725,0.00028366141732283465,2m|t3|mm5
2026-02,8511,9,931,1244164.8565443,629648.6648238465,1.1918500353716137,1.8850186317795017,31888.84740791683,16260.690990816585,16260.690990816585,31888.84740791683,243572.0079467294,0.0,2m|t3|mm5
2026-03,3281,12,403,629519.8160406607,308676.00282742846,2.0189289543660065,0.6469920987208339,1176.983114869911,8936.453482898298,9547.279848068258,1788.1859367578495,111058.49677620232,0.11364108648794409,2m|t3|mm5
2026-04,12610,10,1355,1940152.6330251216,913551.9015065642,1.563357538789352,2.217129032720986,24646.21145880502,25204.665760760756,36494.65983132444,35939.711452384916,376449.9997859965,0.6054226355351604,2m|t3|mm5
2026-05,34953,22,1411,2388899.7833705917,1082381.6589211903,0.8072403297618013,1.2268070262340642,70055.75839360527,42172.1407141216,55772.42137651388,83656.03905599755,453342.68874640943,0.6124418420393318,2m|t3|mm5
2026-06,22574,38,1249,2485216.8862120337,1140290.0394712794,0.6966381613479881,1.2783522987160862,51105.71539342712,24449.00071490959,37844.60917803103,64508.03504501461,446743.98838624964,0.6027628934767023,2m|t3|mm5
2026-07,19734,46,1365,2945664.407089221,1327033.1693250753,1.0192737398372498,1.600080232846286,84066.23721281937,20253.291779248535,45270.75590371684,109103.52328918154,547864.755725335,0.899337254552845,2m|t3|mm5
2026-08,14761,62,1141,2627202.953728596,1195712.2434736192,1.037479763992224,0.5546702696525125,57065.115295923286,19316.44928687209,43090.819628343546,80870.44484501705,476106.5909818749,0.9930690968409499,2m|t3|mm5
2025-12,71,2,14,12536.494704140709,7106.389878033334,1.969006152816902,2.0810087390140852,-771.2618678926253,317.4733439389713,317.4733439389713,-771.2618678926253,1901.3989448276413,0.0,2m|t3|mm10
2026-01,3922,1,585,368125.4491025971,190119.58979595685,2.485886192765849,1.136522414645589,2996.2817892716957,5599.204079180737,5603.997551180736,3001.0752612716956,66242.08300814517,0.0001395206527281999,2m|t3|mm10
2026-02,8510,8,931,1244013.1965442998,629498.8714238391,1.1918500353716137,1.8850955377700718,31886.980807924287,16260.690990816585,16260.690990816585,31886.980807924287,243570.16432046448,0.0,2m|t3|mm10
2026-03,3277,11,403,628897.5560406607,308064.73512742744,2.0188734791682017,0.6453830483103618,1165.9908148709771,8932.053482898298,9542.879848068258,1777.1936367589155,111047.76503627925,0.11377980005094432,2m|t3|mm10
2026-04,12610,10,1355,1940152.6330251216,913551.9015065642,1.563357538789352,2.217129032720986,24646.21145880502,25204.665760760756,36494.65983132444,35939.711452384916,376449.9997859965,0.6054226355351604,2m|t3|mm10
2026-05,34880,19,1411,2381791.3936185916,1076844.1417541977,0.8027898072064152,1.217516270631731,69857.23424306435,41910.20478602888,55486.12644195472,83433.1558989902,452530.7218641948,0.6127075413014688,2m|t3|mm10
2026-06,22534,34,1249,2379112.104355443,1135472.4351362942,0.6968595761704696,1.2799781526476957,51119.00984562847,24435.015958157746,37819.94338106396,64507.473877409124,446282.13439268875,0.6035576616435975,2m|t3|mm10
2026-07,19717,44,1365,2943642.8144852663,1324719.711825084,1.018653958776396,1.5867028362480113,82808.80881989945,20324.60696714506,45342.0253135477,107846.00818521871,547854.2663751569,0.8993737057570936,2m|t3|mm10
2026-08,14759,61,1141,2626202.953728596,1194898.5559736192,1.0353254031960644,0.5523232927967757,56886.373436157664,19147.707427106467,42914.507128343546,80684.13234501705,475955.17817718745,0.9931010780149322,2m|t3|mm10
2025-12,71,2,14,12536.494704140709,7106.389878033334,1.969006152816902,2.0810087390140852,-771.2618678926253,317.4733439389713,317.4733439389713,-771.2618678926253,1901.3989448276413,0.0,2m|t3|mm20
2026-01,3922,1,585,368125.4491025971,190119.58979595685,2.485886192765849,1.136522414645589,2996.2817892716957,5599.204079180737,5603.997551180736,3001.0752612716956,66242.08300814517,0.0001395206527281999,2m|t3|mm20
2026-02,8510,8,931,1244013.1965442998,629498.8714238391,1.1918500353716137,1.8850955377700718,31886.980807924287,16260.690990816585,16260.690990816585,31886.980807924287,243570.16432046448,0.0,2m|t3|mm20
2026-03,3235,9,403,578881.3297902455,305482.1560141592,2.0252845005347986,0.5224142024353337,1664.9556986340476,8914.361293041828,9515.318634520045,2266.289496830242,110512.4975411857,0.11232832856002965,2m|t3|mm20
2026-04,12592,9,1355,1936514.0904851216,910079.4471544541,1.5616561905944277,2.214973528624562,24484.6729332277,25097.123936671793,36383.55991315131,35773.62326449505,376298.34437557845,0.6061368718940219,2m|t3|mm20
2026-05,34874,18,1411,2377540.28108995,1075335.231031204,0.8009251476415038,1.2108525909280499,68580.83305115161,41844.99613716437,55391.0007030259,82126.83761701314,451533.4855287176,0.6126831958641165,2m|t3|mm20
2026-06,22511,32,1248,2369246.9297369192,1125953.0108362876,0.6961636043012026,1.2789180979493144,50782.98017221988,24210.720655868852,37587.380748740354,64161.72355889221,445958.11288907786,0.6041046311129219,2m|t3|mm20
2026-07,19170,31,1364,2829829.2246161005,1267683.767026537,0.9516638777350415,1.4167543817046786,63161.057730804074,18444.141932433628,42430.01070677408,87164.0584350362,526321.615668808,0.8990689583600595,2m|t3|mm20
2026-08,14558,52,1142,2610777.473287667,1187091.5350316325,1.0155529699012884,0.4838256719022094,54490.994683154,18590.958673224417,42184.179536074334,78114.95571612622,472479.2206594442,0.9921305711710149,2m|t3|mm20
2025-12,68,1,14,12373.484544614035,7041.256878029734,1.7908899579411774,2.6872456110294123,-739.1390274156987,311.82628569516476,311.82628569516476,-739.1390274156987,1874.939292908073,0.0,2m|t4|mm5
2026-01,4572,2,613,468722.4881339317,242578.9611680201,2.570867130113985,0.6916624212795277,-1347.2047236938236,8435.144402918228,8440.012844918228,-1342.3362816938236,86370.00184256725,0.00028366141732283465,2m|t4|mm5
2026-02,8157,6,926,1195401.2939422403,604088.8814088344,1.188774012263119,1.9405772190115282,29699.280364591585,16265.011474982739,16265.011474982739,29699.280364591585,234845.6296929946,0.0,2m|t4|mm5
2026-03,3104,8,402,606650.9918030592,296780.6803535167,2.0695133655602325,0.6715323648694338,-183.9725705277495,8699.19252568958,9273.511097284501,390.72245778515054,106308.41702256686,0.1137202941834012,2m|t4|mm5
2026-04,10044,9,1319,1888792.736063723,888427.453913843,1.7653725739595678,2.0889943170078435,24230.294295646225,24828.875588613064,35815.09717365811,35220.02180370749,366324.2502687087,0.605579871830269,2m|t4|mm5
2026-05,18059,14,1341,2122750.2912022863,932867.8562494218,1.7860285827065794,2.576661226130911,66976.49421374097,42829.60613440073,54758.5587821596,78905.44686149983,397631.7549252955,0.600850498281847,2m|t4|mm5
2026-06,15105,28,1226,2379757.229599844,1066131.3130560776,1.262475668221108,1.8575041823194371,57694.841619066574,25223.724819276213,37962.706759854314,70438.9901934755,424804.95248029794,0.5977522250834099,2m|t4|mm5
2026-07,17865,38,1357,2676333.763680705,1231485.5204361961,1.1219335334728113,1.783670032951255,70791.00305450232,18637.158307235208,41172.57814248469,93347.61056375648,496124.40556253504,0.8960739368877702,2m|t4|mm5
2026-08,13645,49,1136,2405637.644243714,1110020.2872965601,1.0358292328098422,0.6084681499131492,52672.553792582374,19509.21870203258,41132.7151239264,74320.88980734981,432966.7202953486,0.9895900478691886,2m|t4|mm5
2025-12,68,1,14,12373.484544614035,7041.256878029734,1.7908899579411774,2.6872456110294123,-739.1390274156987,311.82628569516476,311.82628569516476,-739.1390274156987,1874.939292908073,0.0,2m|t4|mm10
2026-01,3922,1,585,368125.4491025971,190119.58979595685,2.485886192765849,1.136522414645589,2996.2817892716957,5599.204079180737,5603.997551180736,3001.0752612716956,66242.08300814517,0.0001395206527281999,2m|t4|mm10
2026-02,8157,6,926,1195401.2939422403,604088.8814088344,1.188774012263119,1.9405772190115282,29699.280364591585,16265.011474982739,16265.011474982739,29699.280364591585,234845.6296929946,0.0,2m|t4|mm10
2026-03,3104,8,402,606650.9918030592,296780.6803535167,2.0695133655602325,0.6715323648694338,-183.9725705277495,8699.19252568958,9273.511097284501,390.72245778515054,106308.41702256686,0.1137202941834012,2m|t4|mm10
2026-04,10044,9,1319,1888792.736063723,888427.453913843,1.7653725739595678,2.0889943170078435,24230.294295646225,24828.875588613064,35815.09717365811,35220.02180370749,366324.2502687087,0.605579871830269,2m|t4|mm10
2026-05,17998,12,1339,2117030.711450286,928660.2345824288,1.7811221770394168,2.5645414019577415,66835.2523103641,42588.207513472065,54494.43340760089,78741.47820449292,396874.19647096074,0.6009793165598718,2m|t4|mm10
2026-06,15081,27,1226,2277437.689599844,1064638.9703060766,1.263239780180494,1.8579763628784964,57770.49295802335,25208.895468202987,37947.112159855315,70510.79294347651,424676.6661817722,0.5986297656222663,2m|t4|mm10
2026-07,17859,37,1357,2674135.071866224,1229310.5467361961,1.1222229112581084,1.7839059202796155,70768.02399249772,18630.110893159,41164.832608909484,93323.89244927565,496100.86938369024,0.896363464723959,2m|t4|mm10
2026-08,13643,48,1136,2404637.644243714,1109206.5997965601,1.0334990346718764,0.6059370764210069,52493.81193281675,19340.476842266955,40956.4026239264,74134.57730734981,432815.3074906611,0.9896241350969877,2m|t4|mm10
2025-12,68,1,14,12373.484544614035,7041.256878029734,1.7908899579411774,2.6872456110294123,-739.1390274156987,311.82628569516476,311.82628569516476,-739.1390274156987,1874.939292908073,0.0,2m|t4|mm20
2026-01,3922,1,585,368125.4491025971,190119.58979595685,2.485886192765849,1.136522414645589,2996.2817892716957,5599.204079180737,5603.997551180736,3001.0752612716956,66242.08300814517,0.0001395206527281999,2m|t4|mm20
2026-02,8157,6,926,1195401.2939422403,604088.8814088344,1.188774012263119,1.9405772190115282,29699.280364591585,16265.011474982739,16265.011474982739,29699.280364591585,234845.6296929946,0.0,2m|t4|mm20
2026-03,3095,7,402,558148.3918030593,295920.8273835096,2.067192064111043,0.6630351138787473,-164.42960052063682,8680.422145696692,9254.740717291614,410.26542779226276,106234.20436301302,0.11405098324564694,2m|t4|mm20
2026-04,10026,8,1319,1885154.1935237232,884954.9995617329,1.7635379888155647,2.0860571005242003,24068.755770068903,24721.3337645241,35703.99725548499,35053.93361581762,366172.5948582906,0.6064771882559716,2m|t4|mm20
2026-05,17998,12,1339,2117030.711450286,928660.2345824288,1.7811221770394168,2.5645414019577415,66835.2523103641,42588.207513472065,54494.43340760089,78741.47820449292,396874.19647096074,0.6009793165598718,2m|t4|mm20
2026-06,15081,27,1226,2277437.689599844,1064638.9703060766,1.263239780180494,1.8579763628784964,57770.49295802335,25208.895468202987,37947.112159855315,70510.79294347651,424676.6661817722,0.5986297656222663,2m|t4|mm20
2026-07,17432,27,1356,2633272.3707316825,1203492.076711072,1.0566590494304524,1.6579365079387998,65209.98107628593,17548.081165256564,39777.82384682411,87456.97884744272,489156.29137165734,0.8956560875869092,2m|t4|mm20
2026-08,13489,42,1136,2390091.2686125897,1101654.4786255963,1.0080565517060163,0.5633203845960537,51305.27485342207,18722.02199416291,40179.40640318092,72787.4988553137,429644.4800378324,0.9888173384701484,2m|t4|mm20
2025-12,68,1,14,12373.484544614035,7041.256878029734,1.7908899579411774,2.6872456110294123,-739.1390274156987,311.82628569516476,311.82628569516476,-739.1390274156987,1874.939292908073,0.0,2m|t5|mm5
2026-02,4499,4,827,853117.5467654621,441555.58648216294,1.6902447884061527,2.6618481139484214,20228.25567141636,10332.54650891295,10332.54650891295,20228.25567141636,166983.72149364033,0.0,2m|t5|mm5
2026-03,3095,7,402,558148.3918030593,295920.8273835096,2.067192064111043,0.6630351138787473,-164.42960052063682,8680.422145696692,9254.740717291614,410.26542779226276,106234.20436301302,0.11405098324564694,2m|t5|mm5
2026-04,9552,7,1310,1789326.6395607092,842057.2116251006,1.8090786998619466,2.2528515881608855,27393.464503812364,26188.962374197523,36568.48952366331,37776.497576294365,346101.10241606657,0.6041997283330426,2m|t5|mm5
2026-05,17723,10,1327,2004257.8103041598,884505.4344993865,1.79724586510542,2.5647723315848534,71807.97987061024,43580.875668402994,54836.421940609165,83063.52614281642,375184.8757402059,0.6006728692699679,2m|t5|mm5
2026-06,12973,19,1213,1964021.8019808624,968231.0979199283,1.425750460623198,2.1853961904988717,51770.77768064129,24727.986302115125,35820.60574577893,62865.369520075925,369819.72798115463,0.5945856522437477,2m|t5|mm5
2026-07,17196,24,1357,2631949.2340886416,1207514.5608199455,1.097811895755106,1.6797744159726407,70177.27713935837,18478.333726985504,40664.02522352919,92379.8605293552,487881.2780689734,0.8985461478945512,2m|t5|mm5
2026-08,11810,40,1130,2279519.591124586,1044088.8475488273,1.149979771021603,0.8760615599924865,57637.358449150124,19970.63567590906,40469.98014065946,78159.17842879448,410436.39959288685,0.9965614966713576,2m|t5|mm5
2025-12,68,1,14,12373.484544614035,7041.256878029734,1.7908899579411774,2.6872456110294123,-739.1390274156987,311.82628569516476,311.82628569516476,-739.1390274156987,1874.939292908073,0.0,2m|t5|mm10
2026-02,4499,4,827,853117.5467654621,441555.58648216294,1.6902447884061527,2.6618481139484214,20228.25567141636,10332.54650891295,10332.54650891295,20228.25567141636,166983.72149364033,0.0,2m|t5|mm10
2026-03,3095,7,402,558148.3918030593,295920.8273835096,2.067192064111043,0.6630351138787473,-164.42960052063682,8680.422145696692,9254.740717291614,410.26542779226276,106234.20436301302,0.11405098324564694,2m|t5|mm10
2026-04,9552,7,1310,1789326.6395607092,842057.2116251006,1.8090786998619466,2.2528515881608855,27393.464503812364,26188.962374197523,36568.48952366331,37776.497576294365,346101.10241606657,0.6041997283330426,2m|t5|mm10
2026-05,17723,10,1327,2004257.8103041598,884505.4344993865,1.79724586510542,2.5647723315848534,71807.97987061024,43580.875668402994,54836.421940609165,83063.52614281642,375184.8757402059,0.6006728692699679,2m|t5|mm10
2026-06,12973,19,1213,1964021.8019808624,968231.0979199283,1.425750460623198,2.1853961904988717,51770.77768064129,24727.986302115125,35820.60574577893,62865.369520075925,369819.72798115463,0.5945856522437477,2m|t5|mm10
2026-07,17196,24,1357,2631949.2340886416,1207514.5608199455,1.097811895755106,1.6797744159726407,70177.27713935837,18478.333726985504,40664.02522352919,92379.8605293552,487881.2780689734,0.8985461478945512,2m|t5|mm10
2026-08,11810,40,1130,2279519.591124586,1044088.8475488273,1.149979771021603,0.8760615599924865,57637.358449150124,19970.63567590906,40469.98014065946,78159.17842879448,410436.39959288685,0.9965614966713576,2m|t5|mm10
2025-12,68,1,14,12373.484544614035,7041.256878029734,1.7908899579411774,2.6872456110294123,-739.1390274156987,311.82628569516476,311.82628569516476,-739.1390274156987,1874.939292908073,0.0,2m|t5|mm20
2026-02,4499,4,827,853117.5467654621,441555.58648216294,1.6902447884061527,2.6618481139484214,20228.25567141636,10332.54650891295,10332.54650891295,20228.25567141636,166983.72149364033,0.0,2m|t5|mm20
2026-03,3095,7,402,558148.3918030593,295920.8273835096,2.067192064111043,0.6630351138787473,-164.42960052063682,8680.422145696692,9254.740717291614,410.26542779226276,106234.20436301302,0.11405098324564694,2m|t5|mm20
2026-04,9534,6,1309,1785688.0970207094,838584.7572729905,1.8072181967657541,2.2500721564864303,27231.925978235045,26081.42055010856,36457.38960549018,37610.4093884045,345949.4470056485,0.6051407448949417,2m|t5|mm20
2026-05,17723,10,1327,2004257.8103041598,884505.4344993865,1.79724586510542,2.5647723315848534,71807.97987061024,43580.875668402994,54836.421940609165,83063.52614281642,375184.8757402059,0.6006728692699679,2m|t5|mm20
2026-06,12973,19,1213,1964021.8019808624,968231.0979199283,1.425750460623198,2.1853961904988717,51770.77768064129,24727.986302115125,35820.60574577893,62865.369520075925,369819.72798115463,0.5945856522437477,2m|t5|mm20
2026-07,16940,19,1356,2601015.5724927676,1187332.6168708585,1.0431294710249819,1.620613719495919,68101.22203403956,17290.939042487473,39242.87564179805,90068.73890191503,482792.54769205913,0.8975498606839672,2m|t5|mm20
2026-08,11675,35,1130,2267290.1859088046,1038325.1603708247,1.1244160711625502,0.8672613738499467,54171.336480475315,19595.586819726,39961.59584005385,74559.8210156971,407769.69070443575,0.9953020627796035,2m|t5|mm20
2025-12,71,2,14,12536.494704140709,7106.389878033334,1.969006152816902,2.0810087390140852,-771.2618678926253,317.4733439389713,317.4733439389713,-771.2618678926253,1901.3989448276413,0.0,2m|top10|mm5
2026-01,5100,4,626,561463.941178211,283277.4922201707,2.499663064168959,0.7747117329509804,1971.6140184858862,9963.897406003796,9968.765848003797,1976.4824604858861,104112.57701424893,0.00025429411764705883,2m|top10|mm5
2026-02,8511,9,931,1244164.8565443,629648.6648238465,1.1918500353716137,1.8850186317795017,31888.84740791683,16260.690990816585,16260.690990816585,31888.84740791683,243572.0079467294,0.0,2m|top10|mm5
2026-03,3110,9,402,607673.2518030592,297787.9480535178,2.0695555669297145,0.6734074878278851,-168.98027052881554,8703.592525689579,9277.911097284501,405.7147577840845,106323.10876248994,0.11350089811745251,2m|top10|mm5
2026-04,10007,8,1319,1880850.903772221,884596.8377532,1.7663466358206286,2.1473269920823173,26013.82207387828,24749.19122983499,35681.87050613973,36950.007273199226,364539.5066440316,0.6055536770183125,2m|top10|mm5
2026-05,17428,8,1325,1976608.671670751,873715.6259383128,1.809889814540277,2.7000108696782736,74732.73453141519,43649.46574372221,54730.456419570786,85813.72520726376,369366.3558616192,0.6003138887971682,2m|top10|mm5
2026-06,11489,9,1195,1708532.4820781697,845052.4290436419,1.4659123871549349,2.258007377975861,45065.27315233688,23535.09525323244,33266.5890401197,54798.655534675316,324446.07941128133,0.5955908282500948,2m|top10|mm5
2026-07,13982,9,1333,2088620.9360422166,949948.9642573138,1.1191029041825644,1.8435212598315616,57034.08626748199,17902.635208347274,35513.648384019,74660.50215961428,389789.3608262114,0.8890434134232027,2m|top10|mm5
2026-08,8842,10,1112,1640755.133064176,743834.4860603095,1.1690618621268645,1.2229606165035014,55550.81229373735,19236.748697695875,34001.38885546984,70334.29838992824,295669.72192381765,0.9959034286638815,2m|top10|mm5
2025-12,71,2,14,12536.494704140709,7106.389878033334,1.969006152816902,2.0810087390140852,-771.2618678926253,317.4733439389713,317.4733439389713,-771.2618678926253,1901.3989448276413,0.0,2m|top10|mm10
2026-01,4442,3,606,462475.9996533379,231911.71725510294,2.406436185197428,1.0927938217244484,5110.3164994559165,7006.979750851305,7011.773222851305,5115.109971455916,84336.41114961459,0.00012318775326429537,2m|top10|mm10
2026-02,8611,9,932,1301574.9035640303,648215.7166249712,1.1853769583709697,1.9782246990903811,32632.44254024553,14977.757405919145,14977.757405919145,32632.44254024553,253753.0217212058,0.0,2m|top10|mm10
2026-03,3240,10,402,609540.6537774745,299196.12707219715,2.022429126610297,0.5995638925183562,-674.8952911731288,8745.153883448993,9330.465992205738,-89.20672569840525,107088.53786658036,0.11255544908040924,2m|top10|mm10
2026-04,10044,9,1319,1888792.736063723,888427.453913843,1.7653725739595678,2.0889943170078435,24230.294295646225,24828.875588613064,35815.09717365811,35220.02180370749,366324.2502687087,0.605579871830269,2m|top10|mm10
2026-05,17428,8,1325,1976608.671670751,873715.6259383128,1.809889814540277,2.7000108696782736,74732.73453141519,43649.46574372221,54730.456419570786,85813.72520726376,369366.3558616192,0.6003138887971682,2m|top10|mm10
2026-06,11489,9,1195,1708532.4820781697,845052.4290436419,1.4659123871549349,2.258007377975861,45065.27315233688,23535.09525323244,33266.5890401197,54798.655534675316,324446.07941128133,0.5955908282500948,2m|top10|mm10
2026-07,13982,9,1333,2088620.9360422166,949948.9642573138,1.1191029041825644,1.8435212598315616,57034.08626748199,17902.635208347274,35513.648384019,74660.50215961428,389789.3608262114,0.8890434134232027,2m|top10|mm10
2026-08,8842,10,1112,1640755.133064176,743834.4860603095,1.1690618621268645,1.2229606165035014,55550.81229373735,19236.748697695875,34001.38885546984,70334.29838992824,295669.72192381765,0.9959034286638815,2m|top10|mm10
2025-12,71,2,14,12536.494704140709,7106.389878033334,1.969006152816902,2.0810087390140852,-771.2618678926253,317.4733439389713,317.4733439389713,-771.2618678926253,1901.3989448276413,0.0,2m|top10|mm20
2026-01,4355,2,600,434691.97582956165,223061.30643608706,2.426798015723654,1.182967758661309,3059.278696588546,6342.101364270108,6346.8948362701085,3064.0721685885464,79340.79665172622,0.00012564867967853043,2m|top10|mm20
2026-02,8611,9,932,1301574.9035640303,648215.7166249712,1.1853769583709697,1.9782246990903811,32632.44254024553,14977.757405919145,14977.757405919145,32632.44254024553,253753.0217212058,0.0,2m|top10|mm20
2026-03,4327,10,415,637869.6768252455,334932.95864835905,1.628036749078559,0.5147701103931374,874.3039571732812,9182.296249727984,9869.287673467135,1561.671837630411,121743.01326069559,0.12215012386154254,2m|top10|mm20
2026-04,12592,9,1355,1936514.0904851216,910079.4471544541,1.5616561905944277,2.214973528624562,24484.6729332277,25097.123936671793,36383.55991315131,35773.62326449505,376298.34437557845,0.6061368718940219,2m|top10|mm20
2026-05,17428,8,1325,1976608.671670751,873715.6259383128,1.809889814540277,2.7000108696782736,74732.73453141519,43649.46574372221,54730.456419570786,85813.72520726376,369366.3558616192,0.6003138887971682,2m|top10|mm20
2026-06,11489,9,1195,1708532.4820781697,845052.4290436419,1.4659123871549349,2.258007377975861,45065.27315233688,23535.09525323244,33266.5890401197,54798.655534675316,324446.07941128133,0.5955908282500948,2m|top10|mm20
2026-07,13982,9,1333,2088620.9360422166,949948.9642573138,1.1191029041825644,1.8435212598315616,57034.08626748199,17902.635208347274,35513.648384019,74660.50215961428,389789.3608262114,0.8890434134232027,2m|top10|mm20
2026-08,8842,10,1112,1640755.133064176,743834.4860603095,1.1690618621268645,1.2229606165035014,55550.81229373735,19236.748697695875,34001.38885546984,70334.29838992824,295669.72192381765,0.9959034286638815,2m|top10|mm20
2025-12,71,2,14,12536.494704140709,7106.389878033334,1.969006152816902,2.0810087390140852,-771.2618678926253,317.4733439389713,317.4733439389713,-771.2618678926253,1901.3989448276413,0.0,2m|top25|mm5
2026-01,5100,4,626,561463.941178211,283277.4922201707,2.499663064168959,0.7747117329509804,1971.6140184858862,9963.897406003796,9968.765848003797,1976.4824604858861,104112.57701424893,0.00025429411764705883,2m|top25|mm5
2026-02,8934,12,939,1306653.0969349886,650488.0608460377,1.171971165185684,1.7571893949759265,33020.93805691707,15034.784093054308,15034.784093054308,33020.93805691707,254831.75619540046,0.0,2m|top25|mm5
2026-03,5417,19,419,785578.0486583094,384474.9825041151,1.4454691476323442,-0.12232478166414057,-10930.396051060461,10959.485413754594,11861.476590964028,-10027.997741050049,141246.1484125684,0.13236385529345568,2m|top25|mm5
2026-04,14243,19,1362,2110612.8142133225,1009849.2041511484,1.4041628818118577,1.8460034741179636,19841.206958816772,25219.826993709205,37368.62653321254,31994.96782844908,405125.362321077,0.604132973947753,2m|top25|mm5
2026-05,19058,19,1350,2182485.4882393046,957125.1520553651,1.6895513316543542,2.4489064765507234,72270.01720517321,43594.31271144012,55882.229090567176,84557.93358430026,409597.21263756853,0.6018886962591204,2m|top25|mm5
2026-06,12973,19,1213,1964021.8019808624,968231.0979199283,1.425750460623198,2.1853961904988717,51770.77768064129,24727.986302115125,35820.60574577893,62865.369520075925,369819.72798115463,0.5945856522437477,2m|top25|mm5
2026-07,16584,21,1355,2568249.6259591207,1174520.9451537991,1.1463459527691482,1.7269677335691587,67479.27038497648,18986.207626657382,40609.67430551564,89119.62895728787,475182.1218842797,0.8938856811429385,2m|top25|mm5
2026-08,10709,24,1126,2108996.1199262463,970194.8120633444,1.1144515815419072,1.12693979218409,61033.0900024338,18782.394211835006,37826.85735694261,80099.03201503535,381318.84025203076,0.9909278729900627,2m|top25|mm5
2025-12,71,2,14,12536.494704140709,7106.389878033334,1.969006152816902,2.0810087390140852,-771.2618678926253,317.4733439389713,317.4733439389713,-771.2618678926253,1901.3989448276413,0.0,2m|top25|mm10
2026-01,4442,3,606,462475.9996533379,231911.71725510294,2.406436185197428,1.0927938217244484,5110.3164994559165,7006.979750851305,7011.773222851305,5115.109971455916,84336.41114961459,0.00012318775326429537,2m|top25|mm10
2026-02,8933,11,939,1306501.4369349885,650338.2674460302,1.171971165185684,1.7572483434669655,33019.071456924525,15034.784093054308,15034.784093054308,33019.071456924525,254829.91256913554,0.0,2m|top25|mm10
2026-03,5414,18,419,785155.7886583094,384061.714804114,1.4453292383328138,-0.12365980215453445,-10939.388351059395,10955.085413754594,11857.076590964029,-10036.990041048983,141237.39667264535,0.13243720061408376,2m|top25|mm10
2026-04,14200,17,1361,2090171.5542592867,990168.0776499656,1.4047447766975971,1.8752936077661715,19386.141265922986,24922.535867332448,37057.823348923586,31524.935090085157,404626.4608054057,0.6052146061514342,2m|top25|mm10
2026-05,34880,19,1411,2381791.3936185916,1076844.1417541977,0.8027898072064152,1.217516270631731,69857.23424306435,41910.20478602888,55486.12644195472,83433.1558989902,452530.7218641948,0.6127075413014688,2m|top25|mm10
2026-06,13022,20,1217,2095722.160323126,1012612.3500750797,1.4145087832531835,2.1789360183922493,41890.464129819586,25678.565621766178,37628.31735123682,53842.09005906106,398387.53097471606,0.5950876915578353,2m|top25|mm10
2026-07,16714,22,1356,2622378.2357985335,1203068.8423069294,1.125153493591762,1.7332393317245607,71439.21466824171,18295.766599236485,40369.85997642327,93530.19993888163,485625.0828511818,0.894087912603651,2m|top25|mm10
2026-08,10709,24,1126,2108996.1199262463,970194.8120633444,1.1144515815419072,1.12693979218409,61033.0900024338,18782.394211835006,37826.85735694261,80099.03201503535,381318.84025203076,0.9909278729900627,2m|top25|mm10
2025-12,71,2,14,12536.494704140709,7106.389878033334,1.969006152816902,2.0810087390140852,-771.2618678926253,317.4733439389713,317.4733439389713,-771.2618678926253,1901.3989448276413,0.0,2m|top25|mm20
2026-01,4355,2,600,434691.97582956165,223061.30643608706,2.426798015723654,1.182967758661309,3059.278696588546,6342.101364270108,6346.8948362701085,3064.0721685885464,79340.79665172622,0.00012564867967853043,2m|top25|mm20
2026-02,8612,10,932,1302022.2886991655,648381.2491249712,1.1854146700494645,1.9736970855813682,32466.91004024553,14984.510217911313,14984.510217911313,32466.91004024553,253857.3071962058,0.0,2m|top25|mm20
2026-03,5365,14,419,724161.4367802863,377117.79132192134,1.4472175338632887,-0.14490524333506932,-10777.247373192156,10914.4311914749,11786.60975309736,-9904.661678768716,138532.44893009728,0.1313319775046872,2m|top25|mm20
2026-04,14182,16,1361,2086533.0117192867,986695.6232978555,1.403066298501993,1.8729459032653002,19224.60274034567,24814.994043243485,36946.723430750455,31358.846902195295,404474.80539498763,0.6058485026189194,2m|top25|mm20
2026-05,35134,20,1411,2806386.0609661024,1086587.8699531846,0.8008141669533244,1.2195114505351827,68658.48154121949,42006.38205774836,55678.44386137306,82330.54334484419,455735.3934541567,0.612238523538649,2m|top25|mm20
2026-06,13022,20,1217,2095722.160323126,1012612.3500750797,1.4145087832531835,2.1789360183922493,41890.464129819586,25678.565621766178,37628.31735123682,53842.09005906106,398387.53097471606,0.5950876915578353,2m|top25|mm20
2026-07,17116,23,1356,2617325.3911456685,1195525.6213759093,1.0605116170517233,1.6517407862037998,66057.91809836886,17659.105670254106,39735.97426520323,88150.58723688286,485749.25016880786,0.8973592286449197,2m|top25|mm20
2026-08,10709,24,1126,2108049.5641395836,969362.7467033274,1.1002386344181012,1.1162530747614778,60207.56594574552,18654.526569233392,37688.971219403764,79263.48946340985,381118.47035328625,0.991189004653967,2m|top25|mm20
2025-12,71,2,14,12536.494704140709,7106.389878033334,1.969006152816902,2.0810087390140852,-771.2618678926253,317.4733439389713,317.4733439389713,-771.2618678926253,1901.3989448276413,0.0,2m|top50|mm5
2026-01,5100,4,626,561463.941178211,283277.4922201707,2.499663064168959,0.7747117329509804,1971.6140184858862,9963.897406003796,9968.765848003797,1976.4824604858861,104112.57701424893,0.00025429411764705883,2m|top50|mm5
2026-02,8934,12,939,1306653.0969349886,650488.0608460377,1.171971165185684,1.7571893949759265,33020.93805691707,15034.784093054308,15034.784093054308,33020.93805691707,254831.75619540046,0.0,2m|top50|mm5
2026-03,5417,19,419,785578.0486583094,384474.9825041151,1.4454691476323442,-0.12232478166414057,-10930.396051060461,10959.485413754594,11861.476590964028,-10027.997741050049,141246.1484125684,0.13236385529345568,2m|top50|mm5
2026-04,14243,19,1362,2110612.8142133225,1009849.2041511484,1.4041628818118577,1.8460034741179636,19841.206958816772,25219.826993709205,37368.62653321254,31994.96782844908,405125.362321077,0.604132973947753,2m|top50|mm5
2026-05,36138,32,1413,2974744.891631164,1170230.3077944173,0.7969612315269603,1.1832352846347693,55130.84688647213,42528.74563344398,57049.22743344714,69651.32868647529,484016.0600001053,0.6103508912764599,2m|top50|mm5
2026-06,22574,38,1249,2485216.8862120337,1140290.0394712794,0.6966381613479881,1.2783522987160862,51105.71539342712,24449.00071490959,37844.60917803103,64508.03504501461,446743.98838624964,0.6027628934767023,2m|top50|mm5
2026-07,19015,44,1363,2875416.103162064,1297137.8434505016,1.050259113692234,1.6511545451501617,68666.140461633,19426.095142069604,43753.8063855919,93013.67365704916,534038.9350299189,0.8967620822719452,2m|top50|mm5
2026-08,13571,48,1136,2396736.434180487,1108484.83224253,1.0254944119164402,0.6244534547909755,55520.52062148013,19649.315579643542,41150.65198310445,77046.69136526466,430523.4148756905,0.9888885066311744,2m|top50|mm5
2025-12,71,2,14,12536.494704140709,7106.389878033334,1.969006152816902,2.0810087390140852,-771.2618678926253,317.4733439389713,317.4733439389713,-771.2618678926253,1901.3989448276413,0.0,2m|top50|mm10
2026-01,4442,3,606,462475.9996533379,231911.71725510294,2.406436185197428,1.0927938217244484,5110.3164994559165,7006.979750851305,7011.773222851305,5115.109971455916,84336.41114961459,0.00012318775326429537,2m|top50|mm10
2026-02,8933,11,939,1306501.4369349885,650338.2674460302,1.171971165185684,1.7572483434669655,33019.071456924525,15034.784093054308,15034.784093054308,33019.071456924525,254829.91256913554,0.0,2m|top50|mm10
2026-03,5414,18,419,785155.7886583094,384061.714804114,1.4453292383328138,-0.12365980215453445,-10939.388351059395,10955.085413754594,11857.076590964029,-10036.990041048983,141237.39667264535,0.13243720061408376,2m|top50|mm10
2026-04,14200,17,1361,2090171.5542592867,990168.0776499656,1.4047447766975971,1.8752936077661715,19386.141265922986,24922.535867332448,37057.823348923586,31524.935090085157,404626.4608054057,0.6052146061514342,2m|top50|mm10
2026-05,35978,26,1412,2967154.7156881643,1164400.8750153892,0.7967779595524632,1.1542219230559934,53848.10523714286,42326.40905540098,56817.80597276166,68339.50215450354,483046.5639120225,0.6105357269726355,2m|top50|mm10
2026-06,23216,37,1250,2395101.5110459644,1142286.3195703053,0.67805477807403,1.1731544087325554,51206.98871054946,24267.64296681633,37741.06232984848,64683.631866464784,449231.86573021975,0.6037148044423797,2m|top50|mm10
2026-07,19717,44,1365,2943642.8144852663,1324719.711825084,1.018653958776396,1.5867028362480113,82808.80881989945,20324.60696714506,45342.0253135477,107846.00818521871,547854.2663751569,0.8993737057570936,2m|top50|mm10
2026-08,13639,48,1135,2403573.4460804486,1108182.1741965602,1.033329332474576,0.5967840042240484,52455.575680351445,19335.640906172146,40950.03037703159,74094.80474408451,432784.5812746611,0.9896403383773152,2m|top50|mm10
2025-12,71,2,14,12536.494704140709,7106.389878033334,1.969006152816902,2.0810087390140852,-771.2618678926253,317.4733439389713,317.4733439389713,-771.2618678926253,1901.3989448276413,0.0,2m|top50|mm20
2026-01,4355,2,600,434691.97582956165,223061.30643608706,2.426798015723654,1.182967758661309,3059.278696588546,6342.101364270108,6346.8948362701085,3064.0721685885464,79340.79665172622,0.00012564867967853043,2m|top50|mm20
2026-02,8612,10,932,1302022.2886991655,648381.2491249712,1.1854146700494645,1.9736970855813682,32466.91004024553,14984.510217911313,14984.510217911313,32466.91004024553,253857.3071962058,0.0,2m|top50|mm20
2026-03,5365,14,419,724161.4367802863,377117.79132192134,1.4472175338632887,-0.14490524333506932,-10777.247373192156,10914.4311914749,11786.60975309736,-9904.661678768716,138532.44893009728,0.1313319775046872,2m|top50|mm20
2026-04,14182,16,1361,2086533.0117192867,986695.6232978555,1.403066298501993,1.8729459032653002,19224.60274034567,24814.994043243485,36946.723430750455,31358.846902195295,404474.80539498763,0.6058485026189194,2m|top50|mm20
2026-05,35944,22,1411,2956915.803791323,1156886.871351395,0.7953186258912384,1.1433803823351514,52148.684467424246,42431.73061159542,56885.64061438746,66602.5944702163,481797.00009306817,0.6107929142918243,2m|top50|mm20
2026-06,23410,38,1249,2536899.351758109,1153920.4501453973,0.6725208379568604,1.1754781736826374,48408.97136833149,23847.725488276257,37595.57365175981,62188.29000962461,459321.04857614625,0.6041587432197225,2m|top50|mm20
2026-07,26998,37,1399,3022491.1992714447,1382300.0688796125,0.4905801351491112,0.7726668887282832,63207.710292368654,16539.143669232577,42452.12247572726,89138.42566080189,567821.3590524476,0.9127916233137977,2m|top50|mm20
2026-08,14230,47,1139,2483497.0938959247,1148546.17605972,1.0478974378001689,0.6200988646126006,57397.70837128725,20136.662432344736,42569.66252377933,79855.7853449503,449161.53947326104,0.9910071107443916,2m|top50|mm20
2025-12,71,2,14,12536.494704140709,7106.389878033334,1.969006152816902,2.0810087390140852,-771.2618678926253,317.4733439389713,317.4733439389713,-771.2618678926253,1901.3989448276413,0.0,2m|tnet2|mm5
2026-01,5100,4,626,561463.941178211,283277.4922201707,2.499663064168959,0.7747117329509804,1971.6140184858862,9963.897406003796,9968.765848003797,1976.4824604858861,104112.57701424893,0.00025429411764705883,2m|tnet2|mm5
2026-02,8934,12,939,1306653.0969349886,650488.0608460377,1.171971165185684,1.7571893949759265,33020.93805691707,15034.784093054308,15034.784093054308,33020.93805691707,254831.75619540046,0.0,2m|tnet2|mm5
2026-03,5417,19,419,785578.0486583094,384474.9825041151,1.4454691476323442,-0.12232478166414057,-10930.396051060461,10959.485413754594,11861.476590964028,-10027.997741050049,141246.1484125684,0.13236385529345568,2m|tnet2|mm5
2026-04,10071,10,1320,1908934.4436570476,908060.2841228005,1.7645703368219956,2.08893085475344,24725.152551524145,25136.334185246174,36135.1199112224,35728.899188074516,366791.5545516792,0.6041177998578201,2m|tnet2|mm5
2026-05,19234,24,1350,2517887.5733218445,936788.5665992999,1.6842549335802741,2.4697645288082564,78259.45560869061,44277.414117371336,56125.71047022561,90107.75196154487,394943.2117618092,0.6003696990278677,2m|tnet2|mm5
2026-06,15216,38,1228,2397945.537849861,1082275.0380241652,1.2667441317238843,1.7916641144500645,48767.80667995378,25264.912600096643,38059.893220492755,61569.185672824664,426723.0602954054,0.5965232596439823,2m|tnet2|mm5
2026-07,18953,51,1362,2792922.969235423,1285637.1123449027,1.1070162949812814,1.8315698777507414,88865.88257138168,21731.558295043928,45394.29006943442,112548.54677493166,519367.2837053684,0.8968439885548124,2m|tnet2|mm5
2026-08,11329,51,1118,2001907.809758661,904363.615025125,1.3543798413163275,1.2516109438860348,52218.15463587038,23023.03210289912,40997.88857710709,70218.02940439615,359997.4953705154,0.9958038246901852,2m|tnet2|mm5
2025-12,71,2,14,12536.494704140709,7106.389878033334,1.969006152816902,2.0810087390140852,-771.2618678926253,317.4733439389713,317.4733439389713,-771.2618678926253,1901.3989448276413,0.0,2m|tnet2|mm10
2026-01,4442,3,606,462475.9996533379,231911.71725510294,2.406436185197428,1.0927938217244484,5110.3164994559165,7006.979750851305,7011.773222851305,5115.109971455916,84336.41114961459,0.00012318775326429537,2m|tnet2|mm10
2026-02,8933,11,939,1306501.4369349885,650338.2674460302,1.171971165185684,1.7572483434669655,33019.071456924525,15034.784093054308,15034.784093054308,33019.071456924525,254829.91256913554,0.0,2m|tnet2|mm10
2026-03,5414,18,419,785155.7886583094,384061.714804114,1.4453292383328138,-0.12365980215453445,-10939.388351059395,10955.085413754594,11857.076590964029,-10036.990041048983,141237.39667264535,0.13243720061408376,2m|tnet2|mm10
2026-04,10044,9,1319,1888792.736063723,888427.453913843,1.7653725739595678,2.0889943170078435,24230.294295646225,24828.875588613064,35815.09717365811,35220.02180370749,366324.2502687087,0.605579871830269,2m|tnet2|mm10
2026-05,19152,20,1347,2510647.183569845,931181.2494323072,1.6787898717637073,2.4591802150570974,78060.6871621497,44010.80889381182,55833.79053619965,89883.66880453752,394099.38807959453,0.6007562200760481,2m|tnet2|mm10
2026-06,15168,33,1228,2291098.2417866755,1077379.2584921778,1.2693288248144112,1.7956461550309586,48816.59612392293,25273.242058398126,38056.052279813484,61602.63013822147,426211.5610096603,0.5977849628873951,2m|tnet2|mm10
2026-07,18863,44,1362,2768014.1436888403,1271714.4393639015,1.0990522435746974,1.8070685541838576,87108.99657773018,19359.703488764186,42813.52115689956,110582.62919703218,514818.44500051363,0.8973639546115862,2m|tnet2|mm10
2026-08,11298,48,1118,1996463.579244307,901308.639825125,1.3558035851264587,1.2633383794770547,52002.485700854755,22848.754638072718,40768.21312409632,69946.89960439615,358888.2780708279,0.9965040185756977,2m|tnet2|mm10
2025-12,71,2,14,12536.494704140709,7106.389878033334,1.969006152816902,2.0810087390140852,-771.2618678926253,317.4733439389713,317.4733439389713,-771.2618678926253,1901.3989448276413,0.0,2m|tnet2|mm20
2026-01,4355,2,600,434691.97582956165,223061.30643608706,2.426798015723654,1.182967758661309,3059.278696588546,6342.101364270108,6346.8948362701085,3064.0721685885464,79340.79665172622,0.00012564867967853043,2m|tnet2|mm20
2026-02,8612,10,932,1302022.2886991655,648381.2491249712,1.1854146700494645,1.9736970855813682,32466.91004024553,14984.510217911313,14984.510217911313,32466.91004024553,253857.3071962058,0.0,2m|tnet2|mm20
2026-03,5365,14,419,724161.4367802863,377117.79132192134,1.4472175338632887,-0.14490524333506932,-10777.247373192156,10914.4311914749,11786.60975309736,-9904.661678768716,138532.44893009728,0.1313319775046872,2m|tnet2|mm20
2026-04,10026,8,1319,1885154.1935237232,884954.9995617329,1.7635379888155647,2.0860571005242003,24068.755770068903,24721.3337645241,35703.99725548499,35053.93361581762,366172.5948582906,0.6064771882559716,2m|tnet2|mm20
2026-05,19128,17,1347,2502303.3398167617,925248.7557693191,1.676075498033084,2.4507905140266537,76300.25243074038,43750.40353768371,55549.66334505728,88099.51223811394,393308.66024578555,0.6011749540238484,2m|tnet2|mm20
2026-06,15145,31,1227,2281233.067168152,1067859.8341921712,1.2688994256987491,1.7948535951220548,48480.56645051434,25048.94675610923,37823.48964748988,61256.87981970456,425887.53950604936,0.5985891925112029,2m|tnet2|mm20
2026-07,18198,29,1360,2643314.6177198505,1210259.9966641895,1.027999851890288,1.6082733172590291,65941.43810066752,17443.94497281476,39763.881771693574,88278.50182944302,491039.65937937744,0.8968254989585601,2m|tnet2|mm20
2026-08,11118,40,1119,1975407.1275028645,890520.1814591308,1.3226784560865348,1.231143117778959,49282.66499092823,21986.329224042845,39689.488769083226,67010.56091598641,354557.9185011634,0.9955542786628471,2m|tnet2|mm20
2025-12,71,2,14,12536.494704140709,7106.389878033334,1.969006152816902,2.0810087390140852,-771.2618678926253,317.4733439389713,317.4733439389713,-771.2618678926253,1901.3989448276413,0.0,2m|tnet3|mm5
2026-01,4572,2,613,468722.4881339317,242578.9611680201,2.570867130113985,0.6916624212795277,-1347.2047236938236,8435.144402918228,8440.012844918228,-1342.3362816938236,86370.00184256725,0.00028366141732283465,2m|tnet3|mm5
2026-02,8511,9,931,1244164.8565443,629648.6648238465,1.1918500353716137,1.8850186317795017,31888.84740791683,16260.690990816585,16260.690990816585,31888.84740791683,243572.0079467294,0.0,2m|tnet3|mm5
2026-03,3281,12,403,629519.8160406607,308676.00282742846,2.0189289543660065,0.6469920987208339,1176.983114869911,8936.453482898298,9547.279848068258,1788.1859367578495,111058.49677620232,0.11364108648794409,2m|tnet3|mm5
2026-04,9552,7,1310,1789326.6395607092,842057.2116251006,1.8090786998619466,2.2528515881608855,27393.464503812364,26188.962374197523,36568.48952366331,37776.497576294365,346101.10241606657,0.6041997283330426,2m|tnet3|mm5
2026-05,17927,13,1338,2021145.2318185598,893706.1238323805,1.7955640496726786,2.590530788491221,72455.55354123996,43213.621589533024,54565.94790463985,83807.87985634679,378410.8771702274,0.6007702823873424,2m|tnet3|mm5
2026-06,13462,29,1216,2116723.8119430244,996386.8138360123,1.4064603008538143,2.1479443467358132,47281.91875802441,24161.537719780004,35508.44662457561,58635.4363416033,378450.5861192966,0.595102218883709,2m|tnet3|mm5
2026-07,17593,35,1356,2621046.5476882234,1202189.8457731823,1.1494990691613947,1.7790932770498358,66664.8556898679,19306.53810680694,41382.88018547734,88762.38544254299,485440.85972886754,0.8977758892641744,2m|tnet3|mm5
2026-08,10941,44,1117,1948147.3018981628,881756.9252060315,1.3324619621416107,1.1595739481153766,54935.73640442382,23509.39950412122,40982.54384457915,72431.08183416087,349906.9085947409,0.9957431680760135,2m|tnet3|mm5
2025-12,71,2,14,12536.494704140709,7106.389878033334,1.969006152816902,2.0810087390140852,-771.2618678926253,317.4733439389713,317.4733439389713,-771.2618678926253,1901.3989448276413,0.0,2m|tnet3|mm10
2026-01,3922,1,585,368125.4491025971,190119.58979595685,2.485886192765849,1.136522414645589,2996.2817892716957,5599.204079180737,5603.997551180736,3001.0752612716956,66242.08300814517,0.0001395206527281999,2m|tnet3|mm10
2026-02,8510,8,931,1244013.1965442998,629498.8714238391,1.1918500353716137,1.8850955377700718,31886.980807924287,16260.690990816585,16260.690990816585,31886.980807924287,243570.16432046448,0.0,2m|tnet3|mm10
2026-03,3277,11,403,628897.5560406607,308064.73512742744,2.0188734791682017,0.6453830483103618,1165.9908148709771,8932.053482898298,9542.879848068258,1777.1936367589155,111047.76503627925,0.11377980005094432,2m|tnet3|mm10
2026-04,9552,7,1310,1789326.6395607092,842057.2116251006,1.8090786998619466,2.2528515881608855,27393.464503812364,26188.962374197523,36568.48952366331,37776.497576294365,346101.10241606657,0.6041997283330426,2m|tnet3|mm10
2026-05,17865,11,1333,2015409.6520665598,889489.5421653874,1.790123855813569,2.5760915597547953,72307.3899098631,42970.42124034356,54299.902529820334,83636.87119933988,377649.3763158927,0.6008920371301755,2m|tnet3|mm10
2026-06,13422,25,1216,2010598.7700864337,991546.5820410262,1.4085809323613685,2.156037006724562,47297.52952357382,24147.908428062663,35484.195827643045,58637.24263399865,377990.437014161,0.5964706742000394,2m|tnet3|mm10
2026-07,17587,34,1356,2618847.8558737426,1200014.8720731826,1.1497992256884413,1.779331251430679,66641.8766278633,19299.49069273073,41375.13465190214,88738.66732806216,485417.32355002273,0.8980704755688742,2m|tnet3|mm10
2026-08,10939,43,1117,1947147.3018981628,880943.2377060315,1.3296079131076521,1.156517981019948,54756.99454465819,23340.657644355593,40806.23134457915,72244.76933416087,349755.49579005345,0.9957868062777939,2m|tnet3|mm10
2025-12,71,2,14,12536.494704140709,7106.389878033334,1.969006152816902,2.0810087390140852,-771.2618678926253,317.4733439389713,317.4733439389713,-771.2618678926253,1901.3989448276413,0.0,2m|tnet3|mm20
2026-01,3922,1,585,368125.4491025971,190119.58979595685,2.485886192765849,1.136522414645589,2996.2817892716957,5599.204079180737,5603.997551180736,3001.0752612716956,66242.08300814517,0.0001395206527281999,2m|tnet3|mm20
2026-02,8510,8,931,1244013.1965442998,629498.8714238391,1.1918500353716137,1.8850955377700718,31886.980807924287,16260.690990816585,16260.690990816585,31886.980807924287,243570.16432046448,0.0,2m|tnet3|mm20
2026-03,3235,9,403,578881.3297902455,305482.1560141592,2.0252845005347986,0.5224142024353337,1664.9556986340476,8914.361293041828,9515.318634520045,2266.289496830242,110512.4975411857,0.11232832856002965,2m|tnet3|mm20
2026-04,9534,6,1309,1785688.0970207094,838584.7572729905,1.8072181967657541,2.2500721564864303,27231.925978235045,26081.42055010856,36457.38960549018,37610.4093884045,345949.4470056485,0.6051407448949417,2m|tnet3|mm20
2026-05,17865,11,1333,2015409.6520665598,889489.5421653874,1.790123855813569,2.5760915597547953,72307.3899098631,42970.42124034356,54299.902529820334,83636.87119933988,377649.3763158927,0.6008920371301755,2m|tnet3|mm20
2026-06,13399,23,1215,2000733.5954679102,982027.1577410196,1.4082620183222097,2.155759856364723,46961.499850165244,23923.61312577377,35251.63319531944,58291.49231548174,377666.41551055014,0.5973774455272101,2m|tnet3|mm20
2026-07,17150,24,1355,2577418.8184872014,1173786.1000500503,1.0818670957730214,1.6387871687712001,60931.20222421689,18198.044695898512,39964.21685432944,82714.62947223707,478350.6354380718,0.897484990213396,2m|tnet3|mm20
2026-08,10772,36,1117,1925243.966062642,869156.6842390394,1.2993179187200197,1.1045333638629244,51957.729331951974,22490.615281864397,39741.632073876506,69230.72817574319,345459.9768758244,0.9950849995301315,2m|tnet3|mm20
2025-12,74,3,14,12884.404704140708,7216.863378033334,1.760803193243244,1.8885354117567577,-790.8253678926253,303.9065439004713,303.9065439004713,-790.8253678926253,1941.8949698276413,0.0,2m|eb0c|mm5
2026-01,6882,7,648,658892.7650733205,328485.72971621325,2.1969365739209703,0.9952457032563679,2509.0199784221445,10320.002517149273,10327.120404479812,2516.1378657526834,122920.02429771468,0.0005106747752009249,2m|eb0c|mm5
2026-02,13642,26,968,1580973.5518604056,786760.7694370507,0.47437003663089816,0.6138135047444828,49080.5069613397,14091.772708394055,14091.772708394055,49080.5069613397,307397.09967459936,0.0,2m|eb0c|mm5
2026-03,5721,35,421,815698.8495365153,399845.09535131976,1.3823382295964581,-0.07000407738194182,-11230.113121976088,11530.36517330615,12466.325790829802,-10293.73090654042,147431.4914282851,0.13020720070478747,2m|eb0c|mm5
2026-04,12925,22,1359,2030880.880005274,972960.9458091012,1.5217733498071315,2.0128683106313416,18159.296474350762,24451.987595410206,36133.08785317717,29845.358062246694,389535.3862631978,0.6036348454498961,2m|eb0c|mm5
2026-05,21191,38,1373,2847673.7950868253,1087412.8130984546,1.5489318494898863,2.247948579562323,59764.17725476679,43552.82780036135,57208.11262848335,73419.4620828888,455176.16093739984,0.599439752831618,2m|eb0c|mm5
2026-06,16845,73,1229,2612636.417303636,1132887.5388144532,1.1564190155994116,1.5681083052277132,47296.59434252316,24021.90271977501,37480.72475939133,60791.53895120425,449841.91415574535,0.5966299870041532,2m|eb0c|mm5
2026-07,20660,74,1366,3038430.5135441693,1365701.1721690658,1.01839518778886,1.5977719965227943,87190.16639545513,22765.39062364697,48486.649867786095,112954.23971613834,563848.9834901929,0.8983894992262608,2m|eb0c|mm5
2026-08,14448,73,1139,2667009.702324839,1211167.020772909,1.0830388003698217,0.7770092990281725,55243.79949284469,19552.046248274837,43757.00594487648,79481.12101338188,484746.4304107436,0.9909858314244853,2m|eb0c|mm5
2025-12,91,4,14,29261.4816786489,9259.059878024387,2.842646788461539,13.57289086901099,8769.528132116324,1760.309714502538,1760.309714502538,8769.528132116324,3626.6386663373623,0.0,2m|eb0c|mm10
2026-01,5032,4,622,497761.3956403379,248237.1649391184,2.241688745261848,1.2326166800178857,6111.719989440451,7082.596434015775,7087.3899060157755,6116.513461440451,91494.6172889703,0.00010874403815580287,2m|eb0c|mm10
2026-02,12841,20,960,1499740.5351604712,743520.0175951038,0.5557004032118611,0.6826583753598692,37034.492123827185,14315.471886142428,14315.471886142428,37034.492123827185,294187.4184635865,0.0,2m|eb0c|mm10
2026-03,5615,28,421,809747.606472373,395843.7514889469,1.4060597767922753,-0.010065713910260267,-8677.122775113496,11661.889353257919,12588.001143832913,-7750.589386626485,145912.6657505634,0.12951809166627096,2m|eb0c|mm10
2026-04,13002,22,1360,2016469.617660043,956119.4867312888,1.5155370188395827,2.085514787512768,15112.50886848679,24458.00316301145,36170.116025848765,26828.128073895135,390520.6401802783,0.6055361402775716,2m|eb0c|mm10
2026-05,22128,34,1375,2857092.6487464244,1088322.377963453,1.5244521950925876,2.170094168658206,56074.94307205715,43099.76309363781,56855.042329941636,69830.22230836097,458509.3078767941,0.6017490744496212,2m|eb0c|mm10
2026-06,16690,58,1229,2489852.8494481836,1121436.1623564505,1.1783362295456539,1.5622175895412316,45690.96623066219,25111.459903830917,38465.52672489278,59077.98104119723,446244.2542175437,0.5971965995498468,2m|eb0c|mm10
2026-07,20576,61,1368,3011526.675789741,1353708.7500311881,0.998483499613013,1.6002981298434933,90326.90036516056,19515.930476223955,45159.14034725926,115990.43247140937,561483.7392136522,0.8992598827301501,2m|eb0c|mm10
2026-08,14312,63,1139,2623608.3530070907,1192143.0464677701,1.0797360378143213,0.775056762945935,53355.499527319735,18890.02142979952,42641.69061511003,77138.12792025255,475652.5678586561,0.9905542440426061,2m|eb0c|mm10
2025-12,91,4,14,29261.4816786489,9259.059878024387,2.842646788461539,13.57289086901099,8769.528132116324,1760.309714502538,1760.309714502538,8769.528132116324,3626.6386663373623,0.0,2m|eb0c|mm20
2026-01,4945,3,619,469977.3718165616,239386.75412010253,2.2567463294661674,1.314491722289181,4060.6821865730813,6417.718047434579,6422.511519434579,4065.4756585730815,86499.00279108193,0.0001106572295247725,2m|eb0c|mm20
2026-02,11628,16,954,1467007.2345896482,727347.6298360055,0.6555149993087399,1.2191217900180644,38081.47267518764,14646.539967492212,14646.539967492212,38081.47267518764,287566.2697308136,0.0,2m|eb0c|mm20
2026-03,5556,20,420,749454.0031734608,389016.57615090156,1.455423684123013,-0.129504219329018,-8899.297487759603,12139.637777002436,13045.578637373272,-7992.949494587788,144110.70236575272,0.1290083304647271,2m|eb0c|mm20
2026-04,12933,18,1359,2007931.40761038,949674.0345062655,1.5320653173193501,2.0416376244378034,13318.401520699845,24997.905524228634,36678.216317104714,25001.22708791858,389427.51890729123,0.6062604148500655,2m|eb0c|mm20
2026-05,21769,28,1373,2840230.317982711,1077685.5453284518,1.5349619655189968,2.208446335672426,53900.66605712356,42845.7364272642,56533.447970239606,67588.37760009896,456257.05143251334,0.6019798218185013,2m|eb0c|mm20
2026-06,16157,43,1227,2463101.284176449,1102600.1046754299,1.1958208870782363,1.5438103570020274,44712.12647036314,24583.23662681942,37840.95596245589,58001.316283809174,442983.4209812434,0.5997850740165753,2m|eb0c|mm20
2026-07,19802,41,1366,2915168.272114592,1306276.8952966642,0.921827739509371,1.3765869124832166,64665.01644443884,17364.1676286647,42132.091666896515,89450.72076360922,542647.4879629922,0.8986436759544846,2m|eb0c|mm20
2026-08,14070,51,1140,2605235.190136468,1183873.7607697505,1.0734384502157115,0.7393109304152442,52978.596745405834,18757.627078988637,42285.06813566612,76536.77797220561,471163.62453599565,0.9892539664845424,2m|eb0c|mm20
2025-12,71,2,14,12536.494704140709,7106.389878033334,1.969006152816902,2.0810087390140852,-771.2618678926253,317.4733439389713,317.4733439389713,-771.2618678926253,1901.3989448276413,0.0,2m|eb0.25c|mm5
2026-01,6303,6,638,624561.3746403205,312744.76283020445,2.303172499006846,0.8689994320909342,1555.391244430944,10229.582282068486,10236.700169399026,1562.5091317614824,115938.9967796924,0.000557585880205103,2m|eb0.25c|mm5
2026-02,11050,20,955,1467837.6142585573,733200.7937000081,0.8053664440641736,0.8781912684638364,41743.17622032481,14857.213193125557,14857.213193125557,41743.17622032481,284163.3992293926,0.0,2m|eb0.25c|mm5
2026-03,5659,29,421,809230.1644206615,396261.2784804956,1.4187209735058353,-0.11194455423336974,-11420.589786269113,11667.552937173863,12591.65805009922,-10496.063075431739,146085.4222824764,0.13031206595805606,2m|eb0.25c|mm5
2026-04,10302,17,1323,1975995.3788511797,944362.1725096125,1.7326074917707137,1.824684801438382,15143.520817553519,24210.285108370335,35569.09798927424,26507.29502858639,378792.4737010959,0.6034629536344195,2m|eb0.25c|mm5
2026-05,20646,33,1369,2836618.879000342,1082113.930247462,1.5855456137646717,2.3072708744568162,59695.15293966622,43691.54240973245,57285.73165583769,73289.34218577146,453139.64153684146,0.5991796335389219,2m|eb0.25c|mm5
2026-06,16069,57,1228,2580075.040146491,1119677.641207246,1.2104260326925926,1.6994313618263566,47206.28675662897,25071.302039262344,38357.9771668278,60529.0844532592,444103.6837540499,0.5973776271675069,2m|eb0.25c|mm5
2026-07,20046,66,1366,3016262.4691164833,1358789.4302660627,1.058518799061667,1.6800836478068466,85221.87979161019,22805.22506115693,48435.314698916896,110890.28874251735,561545.3558329776,0.8997621043591383,2m|eb0.25c|mm5
2026-08,13552,66,1129,2209973.39467092,1012526.7551635279,1.2077405424911043,0.9636632833613329,65661.43289811494,25500.00883651838,45600.82054191965,85788.81904725176,402547.722982736,0.991220253622138,2m|eb0.25c|mm5
2025-12,71,2,14,12536.494704140709,7106.389878033334,1.969006152816902,2.0810087390140852,-771.2618678926253,317.4733439389713,317.4733439389713,-771.2618678926253,1901.3989448276413,0.0,2m|eb0.25c|mm10
2026-01,5032,4,622,497761.3956403379,248237.1649391184,2.241688745261848,1.2326166800178857,6111.719989440451,7082.596434015775,7087.3899060157755,6116.513461440451,91494.6172889703,0.00010874403815580287,2m|eb0.25c|mm10
2026-02,10269,16,946,1387682.86397727,689015.2410360639,0.9324670042035916,1.060118386145529,28972.039317807477,15172.479143821209,15172.479143821209,28972.039317807477,271645.96007346886,0.0,2m|eb0.25c|mm10
2026-03,5582,25,421,805985.571085416,393457.87101896794,1.4269769213181154,-0.13074183172628293,-9244.51953925216,11706.400691669125,12628.143782203493,-8322.354850805774,145114.09333532758,0.12994256600790244,2m|eb0.25c|mm10
2026-04,10277,16,1322,1960003.069188852,927539.099839265,1.7227213713200993,1.8733800321366214,16288.248271899161,23273.270856949803,34644.71439661729,27663.19815413768,379164.9960746173,0.6049522145559934,2m|eb0.25c|mm10
2026-05,20475,26,1367,2822425.3335308866,1070748.3706884966,1.5896658101266752,2.2842979722631833,58821.256536163535,43389.65089199515,56937.51190111303,72369.1175452814,451595.3669705958,0.5998324867917618,2m|eb0.25c|mm10
2026-06,16046,51,1228,2474275.692204622,1114858.125605274,1.2129516015030757,1.697712664345657,47266.58501080175,25146.47162936153,38416.73595989316,60569.797330806556,443450.83786653593,0.5970669576944094,2m|eb0.25c|mm10
2026-07,19723,53,1366,2976914.822674452,1338340.0141230815,1.0503854899108793,1.658224955600621,85640.03204196088,20112.67332496037,45439.57386134399,110986.81831451111,554587.8195083196,0.8999349109918203,2m|eb0.25c|mm10
2026-08,13405,58,1128,2163850.266919875,993063.933166351,1.2089143147763592,0.9791371566078847,63753.660611242834,24565.79040272852,44199.45760244667,83412.53553358329,393177.49844680907,0.9911683089825664,2m|eb0.25c|mm10
2025-12,71,2,14,12536.494704140709,7106.389878033334,1.969006152816902,2.0810087390140852,-771.2618678926253,317.4733439389713,317.4733439389713,-771.2618678926253,1901.3989448276413,0.0,2m|eb0.25c|mm20
2026-01,4945,3,619,469977.3718165616,239386.75412010253,2.2567463294661674,1.314491722289181,4060.6821865730813,6417.718047434579,6422.511519434579,4065.4756585730815,86499.00279108193,0.0001106572295247725,2m|eb0.25c|mm20
2026-02,11373,14,952,1429410.6696825624,711051.8056859669,0.6765610202211844,1.1345646307836412,30264.065380756245,14350.253586850296,14350.253586850296,30264.065380756245,280553.9303789557,0.0,2m|eb0.25c|mm20
2026-03,5483,18,420,736379.2647529567,382213.12450072484,1.4368441334941064,-0.06828509254417817,-8279.223130983555,11472.446508475901,12360.900748816848,-7390.361757841631,141104.1419709631,0.12959494055439152,2m|eb0.25c|mm20
2026-04,10241,14,1322,1951915.576357144,921208.5916563196,1.7328212898336737,1.8618683861599983,14526.916599082415,23805.452157904616,35147.194886812154,25871.17410233261,378141.91677500657,0.6058346708861888,2m|eb0.25c|mm20
2026-05,20441,23,1367,2815567.413766192,1065256.1524155042,1.584882750294319,2.3111635037359317,57861.21397103393,43036.43523790937,56576.482235419964,71401.26096854453,451334.89991701994,0.6003753659358064,2m|eb0.25c|mm20
2026-06,15588,38,1227,2449962.86065182,1097177.694822256,1.221783421100243,1.666051292215237,45239.16769480287,24570.936995262222,37762.277439044774,58461.97861639499,440770.7912527795,0.599758797856791,2m|eb0.25c|mm20
2026-07,18930,34,1364,2843917.9238230847,1274235.8028246032,0.9755656853683585,1.3961325445931785,61638.40489165713,18784.24703579211,42898.61412142881,85769.89890719051,529034.233556818,0.8995653400787547,2m|eb0.25c|mm20
2026-08,13156,46,1129,2135530.191904609,979876.7581493197,1.190757718897228,0.9706453765616037,63867.632480348926,23854.695471360057,43193.59794674634,83231.52364085751,387277.82321017166,0.9898619767334709,2m|eb0.25c|mm20
2025-12,71,2,14,12536.494704140709,7106.389878033334,1.969006152816902,2.0810087390140852,-771.2618678926253,317.4733439389713,317.4733439389713,-771.2618678926253,1901.3989448276413,0.0,2m|eb0.5c|mm5
2026-01,6303,6,638,624561.3746403205,312744.76283020445,2.303172499006846,0.8689994320909342,1555.391244430944,10229.582282068486,10236.700169399026,1562.5091317614824,115938.9967796924,0.000557585880205103,2m|eb0.5c|mm5
2026-02,11050,20,955,1467837.6142585573,733200.7937000081,0.8053664440641736,0.8781912684638364,41743.17622032481,14857.213193125557,14857.213193125557,41743.17622032481,284163.3992293926,0.0,2m|eb0.5c|mm5
2026-03,4472,23,417,746199.8077294943,365937.28137028683,1.688348139919206,-0.40880132656815904,-13601.464355329406,11701.158503855931,12522.019004782118,-12780.182256491202,134183.90683997946,0.12444853775107488,2m|eb0.5c|mm5
2026-04,10114,12,1320,1925806.1451996337,915391.764720253,1.7621760787989529,2.0579147391452857,26615.298947677133,25604.710981234693,36709.90225725645,37725.45113427304,370338.4062198636,0.6041193228707321,2m|eb0.5c|mm5
2026-05,19249,25,1350,2521873.5012943,940671.2961892899,1.684019511187666,2.46950922777632,78359.66163599143,44338.67373494761,56189.96244296627,90210.9503440101,395042.9569339555,0.5999518421597808,2m|eb0.5c|mm5
2026-06,15387,45,1224,2288102.801219375,1048178.5156679624,1.2664866108346555,1.7652168541881625,53845.97223982283,23922.80666043809,36028.34454915363,65958.03089360315,403745.71565905295,0.5970767639599335,2m|eb0.5c|mm5
2026-07,19166,57,1362,2821437.2597385845,1298386.180880944,1.1114880556317455,1.8475021784281374,88303.04444283174,22126.483102564966,46022.20179422943,112237.0754636557,524693.5690326862,0.8975873795036792,2m|eb0.5c|mm5
2026-08,12140,62,1122,2148692.838171242,967086.4781705287,1.3712360306957252,1.305740238767564,63727.50812617357,25885.337492072238,45363.849087713716,83232.39641225108,390097.76572155015,0.9989441298502282,2m|eb0.5c|mm5
2025-12,71,2,14,12536.494704140709,7106.389878033334,1.969006152816902,2.0810087390140852,-771.2618678926253,317.4733439389713,317.4733439389713,-771.2618678926253,1901.3989448276413,0.0,2m|eb0.5c|mm10
2026-01,4442,3,606,462475.9996533379,231911.71725510294,2.406436185197428,1.0927938217244484,5110.3164994559165,7006.979750851305,7011.773222851305,5115.109971455916,84336.41114961459,0.00012318775326429537,2m|eb0.5c|mm10
2026-02,10269,16,946,1387682.86397727,689015.2410360639,0.9324670042035916,1.060118386145529,28972.039317807477,15172.479143821209,15172.479143821209,28972.039317807477,271645.96007346886,0.0,2m|eb0.5c|mm10
2026-03,4515,23,418,754727.2258278825,367528.37243749376,1.6794397774539733,-0.44218871572376806,-11224.266336106974,12015.646102032884,12851.826461896191,-10387.66437833165,135484.06355214503,0.12358922720328079,2m|eb0.5c|mm10
2026-04,10088,12,1320,1906494.6137345587,896011.01451131,1.762794669828704,2.0546180587667164,25863.094587386422,25297.260872225448,36395.15411171442,36964.49374989161,370046.63875017286,0.6055780172096916,2m|eb0.5c|mm10
2026-05,19178,21,1348,2512556.0310274567,931818.722432309,1.6815154462359811,2.4574654307789476,78022.90507809928,44075.48496298819,55907.95491174248,89855.37502685358,394415.66495847655,0.6007033585108639,2m|eb0.5c|mm10
2026-06,15486,39,1224,2183315.9596233647,1046055.8785759847,1.279868733955489,1.8167580416526385,55575.80937658866,24291.12742204788,36381.91359395335,67669.94173396731,403148.172445664,0.5968961085541425,2m|eb0.5c|mm10
2026-07,18951,47,1362,2788732.346529469,1280519.7954459412,1.1004325514277238,1.7910191715145245,87192.1570953859,19441.05289948721,43095.711776730626,110866.63092379594,518909.44589052827,0.897572605945264,2m|eb0.5c|mm10
2026-08,11971,54,1121,2094012.7734732453,944256.2889863295,1.3771105692386918,1.3341918671359987,63980.8441056467,25170.07872172968,44094.10965255027,82929.82313079009,378979.58050286776,0.9984730153040645,2m|eb0.5c|mm10
2025-12,71,2,14,12536.494704140709,7106.389878033334,1.969006152816902,2.0810087390140852,-771.2618678926253,317.4733439389713,317.4733439389713,-771.2618678926253,1901.3989448276413,0.0,2m|eb0.5c|mm20
2026-01,4355,2,600,434691.97582956165,223061.30643608706,2.426798015723654,1.182967758661309,3059.278696588546,6342.101364270108,6346.8948362701085,3064.0721685885464,79340.79665172622,0.00012564867967853043,2m|eb0.5c|mm20
2026-02,9058,12,934,1357166.7078025145,673884.8661760195,1.1154427497265884,1.8227430031120928,30969.767218181514,15369.510150386923,15369.510150386923,30969.767218181514,265506.42301791563,0.0,2m|eb0.5c|mm20
2026-03,4416,17,418,682167.3610204248,355246.7707377244,1.6915885915422695,-0.37887698718807294,-9605.965822776163,11459.845576042135,12262.871496176125,-8802.532769841193,130888.74544510631,0.12324472735564541,2m|eb0.5c|mm20
2026-04,10144,13,1320,1904803.0059437908,893066.1681096483,1.7463906215122407,1.9933545268476798,25563.032040868482,25175.429315977588,36278.02277343622,36668.139853114946,370170.26040821546,0.6066344208632829,2m|eb0.5c|mm20
2026-05,19679,18,1360,2653572.1238984093,998037.235862503,1.6501691720993115,2.3201506133628413,59505.54616909983,44022.23956838858,56613.32261688754,72096.62921759879,419702.7682832988,0.5988974533783548,2m|eb0.5c|mm20
2026-06,15160,32,1223,2165723.2401589537,1030868.7452409889,1.2711037042545856,1.7528002329787067,53186.73287332884,23659.925945006773,35709.17057423777,65237.8461763694,401714.2039677277,0.5987918101455377,2m|eb0.5c|mm20
2026-07,18203,30,1360,2655856.0750873834,1215662.8228412839,1.0283100231098496,1.5819606046432573,64141.28705944509,17578.793107308662,40018.129102572224,86597.74998460533,493427.6433070723,0.8970182745244535,2m|eb0.5c|mm20
2026-08,11746,44,1122,2072730.998100931,933758.3998522909,1.353023094045209,1.2818711210114835,61775.127000971566,24305.90602798162,43009.753965073665,80503.70399488641,374571.5398782967,0.9973428382708251,2m|eb0.5c|mm20
2025-12,71,2,14,12536.494704140709,7106.389878033334,1.969006152816902,2.0810087390140852,-771.2618678926253,317.4733439389713,317.4733439389713,-771.2618678926253,1901.3989448276413,0.0,3m|t2|mm5
2026-01,5100,4,626,561463.941178211,283277.4922201707,2.499663064168959,0.7747117329509804,1971.6140184858862,9963.897406003796,9968.765848003797,1976.4824604858861,104112.57701424893,0.00025429411764705883,3m|t2|mm5
2026-02,8934,12,939,1306653.0969349886,650488.0608460377,1.171971165185684,1.7571893949759265,33020.93805691707,15034.784093054308,15034.784093054308,33020.93805691707,254831.75619540046,0.0,3m|t2|mm5
2026-03,5417,19,419,785578.0486583094,384474.9825041151,1.4454691476323442,-0.12232478166414057,-10930.396051060461,10959.485413754594,11861.476590964028,-10027.997741050049,141246.1484125684,0.13236385529345568,3m|t2|mm5
2026-04,14179,20,1362,2109003.2340640905,1009497.8379354399,1.4120076629315417,1.8950200518350995,20079.49717146774,25241.615209693733,37384.58049069296,32227.423782595946,404930.8870376068,0.6040603886931464,3m|t2|mm5
2026-05,37014,34,1415,2997431.4065440767,1180912.2748163978,0.8058475220230147,1.165286347002077,52840.96171410524,42569.98709107856,57224.14119794418,67495.11582097085,488471.80356218707,0.611003910153594,3m|t2|mm5
2026-06,24077,56,1250,2677423.828120233,1179351.4647782745,0.6556307243339423,1.1487387479280642,48885.47423697639,23979.896617145914,37888.80080506804,62830.500993963295,464844.65243260574,0.6034906851104577,3m|t2|mm5
2026-07,28185,70,1400,3258766.353443577,1490900.7273149877,0.5484536519068821,0.8614362546291208,79142.5015746114,18585.371464769054,46710.435220947526,107304.45504359227,616620.7127471598,0.91255228142764,3m|t2|mm5
2026-08,17698,85,1154,2804812.4520938783,1292956.0498107073,0.7625642917192822,0.2184993256268555,59102.15225706358,20534.77509586105,46342.2385736489,84940.55989758347,516768.15281039785,1.0014118047121656,3m|t2|mm5
2025-12,71,2,14,12536.494704140709,7106.389878033334,1.969006152816902,2.0810087390140852,-771.2618678926253,317.4733439389713,317.4733439389713,-771.2618678926253,1901.3989448276413,0.0,3m|t2|mm10
2026-01,4442,3,606,462475.9996533379,231911.71725510294,2.406436185197428,1.0927938217244484,5110.3164994559165,7006.979750851305,7011.773222851305,5115.109971455916,84336.41114961459,0.00012318775326429537,3m|t2|mm10
2026-02,8933,11,939,1306501.4369349885,650338.2674460302,1.171971165185684,1.7572483434669655,33019.071456924525,15034.784093054308,15034.784093054308,33019.071456924525,254829.91256913554,0.0,3m|t2|mm10
2026-03,5414,18,419,785155.7886583094,384061.714804114,1.4453292383328138,-0.12365980215453445,-10939.388351059395,10955.085413754594,11857.076590964029,-10036.990041048983,141237.39667264535,0.13243720061408376,3m|t2|mm10
2026-04,14136,18,1361,2088561.9741100546,989816.7114342571,1.4126138474157208,1.924591897523158,19624.43147857396,24944.324083316973,37073.777306404,31757.391044232023,404431.9855219355,0.605146697134454,3m|t2|mm10
2026-05,36903,30,1414,2993486.6367920768,1177031.8198493696,0.8044241351650262,1.1521804834014844,51987.02300864594,42389.590317728056,57029.70777308111,66627.14046399899,488003.915178435,0.6111068937421086,3m|t2|mm10
2026-06,23995,49,1250,2568972.290329047,1174113.513879295,0.6609845264592952,1.1304019299701376,48713.71534944944,24019.305953015886,37902.01544788389,62629.43140335222,463867.62899646827,0.6039792328325518,3m|t2|mm10
2026-07,27991,61,1400,3229489.3667957974,1476488.383001016,0.5327208822403199,0.8024447741440298,74874.40229476539,15924.61046876467,43804.92656124596,102773.0518209822,610909.4266854518,0.9125248445065487,3m|t2|mm10
2026-08,17614,78,1154,2773624.982015046,1279053.0116615265,0.7659380165570306,0.30691803477409746,62693.89941365507,20200.558921236232,45674.717324261925,88197.70405876428,510076.09290218406,1.0002192022413448,3m|t2|mm10
2025-12,71,2,14,12536.494704140709,7106.389878033334,1.969006152816902,2.0810087390140852,-771.2618678926253,317.4733439389713,317.4733439389713,-771.2618678926253,1901.3989448276413,0.0,3m|t2|mm20
2026-01,4442,3,606,462475.9996533379,231911.71725510294,2.406436185197428,1.0927938217244484,5110.3164994559165,7006.979750851305,7011.773222851305,5115.109971455916,84336.41114961459,0.00012318775326429537,3m|t2|mm20
2026-02,8612,10,932,1302022.2886991655,648381.2491249712,1.1854146700494645,1.9736970855813682,32466.91004024553,14984.510217911313,14984.510217911313,32466.91004024553,253857.3071962058,0.0,3m|t2|mm20
2026-03,5365,14,419,724161.4367802863,377117.79132192134,1.4472175338632887,-0.14490524333506932,-10777.247373192156,10914.4311914749,11786.60975309736,-9904.661678768716,138532.44893009728,0.1313319775046872,3m|t2|mm20
2026-04,14136,18,1361,2088561.9741100546,989816.7114342571,1.4126138474157208,1.924591897523158,19624.43147857396,24944.324083316973,37073.777306404,31757.391044232023,404431.9855219355,0.605146697134454,3m|t2|mm20
2026-05,36881,27,1414,2983680.723038994,1169891.9201863774,0.8026141350371971,1.144090730440386,50449.62479731305,42241.453165177954,56848.21826544442,65056.389897579524,486892.1700088822,0.6113336544255342,3m|t2|mm20
2026-06,23849,42,1249,2562048.1629147627,1170002.7465493008,0.6581808096498737,1.139299799574969,48608.47778850612,23971.80658117982,37828.332990899966,62497.08445327583,462963.9826920327,0.6044734943145079,3m|t2|mm20
2026-07,27354,42,1399,3108143.176626905,1418536.0446735353,0.469213008686105,0.6834531599618572,55724.77565988234,14514.76586514869,41260.00175779726,82487.78954888882,587081.6957099496,0.9125142167141607,3m|t2|mm20
2026-08,17419,64,1155,2753023.6580643803,1267021.223468524,0.7426829333335847,0.2530653761951376,57662.30400912713,17121.815059979646,42362.31041475664,82932.09363049804,505395.792427418,0.9995362146355644,3m|t2|mm20
2025-12,71,2,14,12536.494704140709,7106.389878033334,1.969006152816902,2.0810087390140852,-771.2618678926253,317.4733439389713,317.4733439389713,-771.2618678926253,1901.3989448276413,0.0,3m|t3|mm5
2026-01,5100,4,626,561463.941178211,283277.4922201707,2.499663064168959,0.7747117329509804,1971.6140184858862,9963.897406003796,9968.765848003797,1976.4824604858861,104112.57701424893,0.00025429411764705883,3m|t3|mm5
2026-02,8612,10,932,1301726.5635640305,648365.5100249787,1.1853769583709697,1.9781378777024048,32634.30914023807,14977.757405919145,14977.757405919145,32634.30914023807,253754.8653474707,0.0,3m|t3|mm5
2026-03,4369,13,415,687996.2430756608,337704.9230616283,1.6256530000443044,0.5862168456616748,296.2937734091443,9190.527054761647,9887.387502192543,993.5306775580179,122223.95442371219,0.12314439181143125,3m|t3|mm5
2026-04,14056,13,1359,2042892.9454863502,961629.6484862814,1.419896107451625,2.0472318415328665,27993.99387071032,25262.729284588335,37162.786197989306,39897.55670712751,396785.4278805728,0.6057287051255003,3m|t3|mm5
2026-05,34948,23,1412,2387651.4683135157,1084840.2811921802,0.8043611498112809,1.1766481841783407,68786.6020851571,42829.11808331745,56384.49509426152,82341.97909610116,451845.9003648023,0.6121358086338377,3m|t3|mm5
2026-06,22555,36,1248,2481929.4694210337,1137474.4732863042,0.6968478980394437,1.2801070596713338,51031.81118212463,24447.365435764063,37833.4873959968,64423.80079298981,446399.653695506,0.6030350180209743,3m|t3|mm5
2026-07,27466,52,1400,3187876.5356898257,1460024.547620865,0.5331024729399115,0.8068760507558435,71300.98114359834,16820.370133767065,44343.02894486588,98841.46444382714,602963.335815452,0.9143666858832078,3m|t3|mm5
2026-08,16966,69,1153,2684910.2554196347,1231327.390886629,0.8111608143629727,0.3699587230611662,55550.274859546764,19308.63335982792,43704.128607157894,79976.23751689895,488519.25314704375,0.9966356600715697,3m|t3|mm5
2025-12,71,2,14,12536.494704140709,7106.389878033334,1.969006152816902,2.0810087390140852,-771.2618678926253,317.4733439389713,317.4733439389713,-771.2618678926253,1901.3989448276413,0.0,3m|t3|mm10
2026-01,4442,3,606,462475.9996533379,231911.71725510294,2.406436185197428,1.0927938217244484,5110.3164994559165,7006.979750851305,7011.773222851305,5115.109971455916,84336.41114961459,0.00012318775326429537,3m|t3|mm10
2026-02,8611,9,932,1301574.9035640303,648215.7166249712,1.1853769583709697,1.9782246990903811,32632.44254024553,14977.757405919145,14977.757405919145,32632.44254024553,253753.0217212058,0.0,3m|t3|mm10
2026-03,4366,12,415,687573.9830756608,337291.6553616272,1.6255209965968311,0.5850482299830181,287.30147341021035,9186.127054761648,9882.987502192544,984.538377559084,122215.20268378912,0.12322900774716974,3m|t3|mm10
2026-04,14056,13,1359,2042892.9454863502,961629.6484862814,1.419896107451625,2.0472318415328665,27993.99387071032,25262.729284588335,37162.786197989306,39897.55670712751,396785.4278805728,0.6057287051255003,3m|t3|mm10
2026-05,34881,21,1412,2381907.068561516,1080622.898625185,0.8000963371421888,1.1675006999626358,68630.68358688249,42601.44890749104,56133.716659704965,82162.95133909641,451075.59174046415,0.6123088269700785,3m|t3|mm10
2026-06,22528,34,1248,2377629.724355443,1134023.1769363033,0.6968899818930292,1.279843111129469,51086.84172689065,24431.684671155992,37816.44338106296,64474.35207740006,446250.34501698025,0.6037042640503076,3m|t3|mm10
2026-07,27452,50,1400,3185098.0871225744,1458710.2611208786,0.5321349658971207,0.7982053138031835,71096.66178759128,16750.188695439796,44241.48830952195,98605.70015433988,602334.4371458481,0.9142639562983508,3m|t3|mm10
2026-08,16964,68,1153,2686102.048085635,1231637.9527836028,0.8104904518987117,0.39891749107455554,57040.6885401617,19341.565725965298,43748.141106706506,81477.73133092513,488740.8558152684,0.9966264211318814,3m|t3|mm10
2025-12,71,2,14,12536.494704140709,7106.389878033334,1.969006152816902,2.0810087390140852,-771.2618678926253,317.4733439389713,317.4733439389713,-771.2618678926253,1901.3989448276413,0.0,3m|t3|mm20
2026-01,4442,3,606,462475.9996533379,231911.71725510294,2.406436185197428,1.0927938217244484,5110.3164994559165,7006.979750851305,7011.773222851305,5115.109971455916,84336.41114961459,0.00012318775326429537,3m|t3|mm20
2026-02,8611,9,932,1301574.9035640303,648215.7166249712,1.1853769583709697,1.9782246990903811,32632.44254024553,14977.757405919145,14977.757405919145,32632.44254024553,253753.0217212058,0.0,3m|t3|mm20
2026-03,4327,10,415,637869.6768252455,334932.95864835905,1.628036749078559,0.5147701103931374,874.3039571732812,9182.296249727984,9869.287673467135,1561.671837630411,121743.01326069559,0.12215012386154254,3m|t3|mm20
2026-04,14056,13,1359,2042892.9454863502,961629.6484862814,1.419896107451625,2.0472318415328665,27993.99387071032,25262.729284588335,37162.786197989306,39897.55670712751,396785.4278805728,0.6057287051255003,3m|t3|mm20
2026-05,34859,19,1412,2372693.564808433,1074122.8937621969,0.797982007302705,1.1608719983053157,66550.08467395317,42410.41227720825,55912.6335759279,80052.30597267282,450074.0432906552,0.6125474622684244,3m|t3|mm20
2026-06,22523,33,1248,2377379.724355443,1133776.6689363034,0.6969868433374693,1.2798263040735192,51083.45284645225,24431.72922115599,37816.44338106296,64470.86007740006,446246.9076982602,0.6038291267327679,3m|t3|mm20
2026-07,26962,36,1399,3074180.0937641556,1405516.5231503225,0.47517771600433456,0.7073969480755982,54298.04987542919,15378.246873136408,41846.34501899358,80783.2137245752,580979.1688830592,0.914398889251015,3m|t3|mm20
2026-08,16756,57,1154,2669608.7516984805,1222972.5521476166,0.7886865895225775,0.33350835591002215,54059.32309182379,18519.76130550201,42743.669577297616,78313.47973614161,485083.1328863564,0.9958440783105555,3m|t3|mm20
2025-12,68,1,14,12373.484544614035,7041.256878029734,1.7908899579411774,2.6872456110294123,-739.1390274156987,311.82628569516476,311.82628569516476,-739.1390274156987,1874.939292908073,0.0,3m|t4|mm5
2026-01,4572,2,613,468722.4881339317,242578.9611680201,2.570867130113985,0.6916624212795277,-1347.2047236938236,8435.144402918228,8440.012844918228,-1342.3362816938236,86370.00184256725,0.00028366141732283465,3m|t4|mm5
2026-02,8157,6,926,1195401.2939422403,604088.8814088344,1.188774012263119,1.9405772190115282,29699.280364591585,16265.011474982739,16265.011474982739,29699.280364591585,234845.6296929946,0.0,3m|t4|mm5
2026-03,3104,8,402,606650.9918030592,296780.6803535167,2.0695133655602325,0.6715323648694338,-183.9725705277495,8699.19252568958,9273.511097284501,390.72245778515054,106308.41702256686,0.1137202941834012,3m|t4|mm5
2026-04,10044,9,1319,1888792.736063723,888427.453913843,1.7653725739595678,2.0889943170078435,24230.294295646225,24828.875588613064,35815.09717365811,35220.02180370749,366324.2502687087,0.605579871830269,3m|t4|mm5
2026-05,17917,13,1337,2111598.4494398865,927883.748583421,1.793041020162531,2.5654690740836674,66477.08417448812,43440.06056246017,55295.07819294843,78332.10180497638,395167.25434960873,0.600633374293293,3m|t4|mm5
2026-06,15111,30,1226,2380028.0395998443,1066387.8098560774,1.2622842959942768,1.8539891228119845,57688.08587422498,25224.14874311595,37963.33105897405,70432.49339347551,424813.58397501794,0.5975780821261403,3m|t4|mm5
2026-07,18193,42,1362,2928273.606955803,1314595.301373415,1.069305279118732,1.6725969997178716,61545.82133922886,18340.31888393966,43232.32761238284,86457.31109371707,547700.6969301883,0.8967139638141309,3m|t4|mm5
2026-08,13903,56,1137,2418555.7879122375,1117585.6736525577,1.0099088818302582,0.39408573269316854,51252.5123915152,19976.70487692946,41711.97543586176,73013.92608714612,435228.2739126182,0.9902624830394071,3m|t4|mm5
2025-12,68,1,14,12373.484544614035,7041.256878029734,1.7908899579411774,2.6872456110294123,-739.1390274156987,311.82628569516476,311.82628569516476,-739.1390274156987,1874.939292908073,0.0,3m|t4|mm10
2026-01,3922,1,585,368125.4491025971,190119.58979595685,2.485886192765849,1.136522414645589,2996.2817892716957,5599.204079180737,5603.997551180736,3001.0752612716956,66242.08300814517,0.0001395206527281999,3m|t4|mm10
2026-02,8157,6,926,1195401.2939422403,604088.8814088344,1.188774012263119,1.9405772190115282,29699.280364591585,16265.011474982739,16265.011474982739,29699.280364591585,234845.6296929946,0.0,3m|t4|mm10
2026-03,3104,8,402,606650.9918030592,296780.6803535167,2.0695133655602325,0.6715323648694338,-183.9725705277495,8699.19252568958,9273.511097284501,390.72245778515054,106308.41702256686,0.1137202941834012,3m|t4|mm10
2026-04,10044,9,1319,1888792.736063723,888427.453913843,1.7653725739595678,2.0889943170078435,24230.294295646225,24828.875588613064,35815.09717365811,35220.02180370749,366324.2502687087,0.605579871830269,3m|t4|mm10
2026-05,17862,12,1334,2107242.859687886,924996.2615164253,1.7881632722296432,2.5532364860122545,66378.44792337755,43232.9286937978,55066.46931839232,78211.98854797207,394451.3541531506,0.6005865734967593,3m|t4|mm10
2026-06,15087,29,1226,2277708.499599844,1064895.4671060764,1.2630479384291686,1.8544555239243987,57763.73721318175,25209.319392042722,37947.73645897505,70504.29614347652,424685.2976764922,0.5984549966509312,3m|t4|mm10
2026-07,18193,42,1362,2928273.606955803,1314595.301373415,1.069305279118732,1.6725969997178716,61545.82133922886,18340.31888393966,43232.32761238284,86457.31109371707,547700.6969301883,0.8967139638141309,3m|t4|mm10
2026-08,13898,55,1137,2419570.6520082373,1118034.6455505604,1.0094385640841685,0.43502133865764403,52730.545616072974,20003.342574948714,41748.83147232048,74502.08133014335,435430.71428140765,0.9902887682404706,3m|t4|mm10
2025-12,68,1,14,12373.484544614035,7041.256878029734,1.7908899579411774,2.6872456110294123,-739.1390274156987,311.82628569516476,311.82628569516476,-739.1390274156987,1874.939292908073,0.0,3m|t4|mm20
2026-01,3922,1,585,368125.4491025971,190119.58979595685,2.485886192765849,1.136522414645589,2996.2817892716957,5599.204079180737,5603.997551180736,3001.0752612716956,66242.08300814517,0.0001395206527281999,3m|t4|mm20
2026-02,8157,6,926,1195401.2939422403,604088.8814088344,1.188774012263119,1.9405772190115282,29699.280364591585,16265.011474982739,16265.011474982739,29699.280364591585,234845.6296929946,0.0,3m|t4|mm20
2026-03,3095,7,402,558148.3918030593,295920.8273835096,2.067192064111043,0.6630351138787473,-164.42960052063682,8680.422145696692,9254.740717291614,410.26542779226276,106234.20436301302,0.11405098324564694,3m|t4|mm20
2026-04,10044,9,1319,1888792.736063723,888427.453913843,1.7653725739595678,2.0889943170078435,24230.294295646225,24828.875588613064,35815.09717365811,35220.02180370749,366324.2502687087,0.605579871830269,3m|t4|mm20
2026-05,17862,12,1334,2107242.859687886,924996.2615164253,1.7881632722296432,2.5532364860122545,66378.44792337755,43232.9286937978,55066.46931839232,78211.98854797207,394451.3541531506,0.6005865734967593,3m|t4|mm20
2026-06,15082,28,1226,2277458.499599844,1064648.9591060765,1.2633053553822609,1.8546209208706144,57760.34833274335,25209.36394204272,37947.73645897505,70500.8041434765,424681.8603577722,0.598639722540074,3m|t4|mm20
2026-07,17783,32,1361,2893250.727911213,1293534.0714713652,1.0081069019761932,1.5628906741048665,56167.30480508906,17494.522480602318,42107.71424628812,80797.66915876124,541319.7335005568,0.8957106881386517,3m|t4|mm20
2026-08,13738,47,1137,2403828.186377113,1109474.7077795966,0.9818778977736154,0.3885722322692665,51361.40284146267,19215.901584129046,40795.400441575,72966.72947810724,432106.53273289144,0.9898119214190432,3m|t4|mm20
2025-12,68,1,14,12373.484544614035,7041.256878029734,1.7908899579411774,2.6872456110294123,-739.1390274156987,311.82628569516476,311.82628569516476,-739.1390274156987,1874.939292908073,0.0,3m|t5|mm5
2026-01,3922,1,585,368125.4491025971,190119.58979595685,2.485886192765849,1.136522414645589,2996.2817892716957,5599.204079180737,5603.997551180736,3001.0752612716956,66242.08300814517,0.0001395206527281999,3m|t5|mm5
2026-02,4499,4,827,853117.5467654621,441555.58648216294,1.6902447884061527,2.6618481139484214,20228.25567141636,10332.54650891295,10332.54650891295,20228.25567141636,166983.72149364033,0.0,3m|t5|mm5
2026-03,3095,7,402,558148.3918030593,295920.8273835096,2.067192064111043,0.6630351138787473,-164.42960052063682,8680.422145696692,9254.740717291614,410.26542779226276,106234.20436301302,0.11405098324564694,3m|t5|mm5
2026-04,9989,7,1319,1877212.361232221,881124.3834010898,1.764506716336308,2.144484010371068,25852.28354830096,24641.649405746026,35570.770587966595,36783.91908530937,364387.85123361356,0.6064542699683056,3m|t5|mm5
2026-05,17729,11,1327,2005621.8003041598,885825.5690993839,1.7972868244300226,2.564790438024416,71850.58552287656,43615.1424206693,54871.93844061177,83107.38154281903,375226.53399808245,0.6004956782494855,3m|t5|mm5
2026-06,13060,20,1215,1991228.681648524,972116.7241789306,1.4491995463607112,2.173126304956504,50281.880953310596,25766.64387259632,36923.49309098687,61440.70256747198,371960.72047204623,0.5946415890894382,3m|t5|mm5
2026-07,17412,28,1360,2820448.645117749,1266978.0699293425,1.0918975436687732,1.6978839982236353,64936.633032270795,19303.86672823478,43177.81383658947,88827.69230907861,523631.6088510597,0.8973701600812539,3m|t5|mm5
2026-08,11992,43,1131,2299136.8502437035,1053641.8945056493,1.1333816533116676,0.7458073269117597,57252.70531226995,20209.616350188986,40886.274902000114,77952.05841647502,413987.06208410126,0.9972509183592543,3m|t5|mm5
2025-12,68,1,14,12373.484544614035,7041.256878029734,1.7908899579411774,2.6872456110294123,-739.1390274156987,311.82628569516476,311.82628569516476,-739.1390274156987,1874.939292908073,0.0,3m|t5|mm10
2026-01,3922,1,585,368125.4491025971,190119.58979595685,2.485886192765849,1.136522414645589,2996.2817892716957,5599.204079180737,5603.997551180736,3001.0752612716956,66242.08300814517,0.0001395206527281999,3m|t5|mm10
2026-02,4499,4,827,853117.5467654621,441555.58648216294,1.6902447884061527,2.6618481139484214,20228.25567141636,10332.54650891295,10332.54650891295,20228.25567141636,166983.72149364033,0.0,3m|t5|mm10
2026-03,3095,7,402,558148.3918030593,295920.8273835096,2.067192064111043,0.6630351138787473,-164.42960052063682,8680.422145696692,9254.740717291614,410.26542779226276,106234.20436301302,0.11405098324564694,3m|t5|mm10
2026-04,9989,7,1319,1877212.361232221,881124.3834010898,1.764506716336308,2.144484010371068,25852.28354830096,24641.649405746026,35570.770587966595,36783.91908530937,364387.85123361356,0.6064542699683056,3m|t5|mm10
2026-05,17729,11,1327,2005621.8003041598,885825.5690993839,1.7972868244300226,2.564790438024416,71850.58552287656,43615.1424206693,54871.93844061177,83107.38154281903,375226.53399808245,0.6004956782494855,3m|t5|mm10
2026-06,13060,20,1215,1991228.681648524,972116.7241789306,1.4491995463607112,2.173126304956504,50281.880953310596,25766.64387259632,36923.49309098687,61440.70256747198,371960.72047204623,0.5946415890894382,3m|t5|mm10
2026-07,17412,28,1360,2820448.645117749,1266978.0699293425,1.0918975436687732,1.6978839982236353,64936.633032270795,19303.86672823478,43177.81383658947,88827.69230907861,523631.6088510597,0.8973701600812539,3m|t5|mm10
2026-08,11992,43,1131,2299136.8502437035,1053641.8945056493,1.1333816533116676,0.7458073269117597,57252.70531226995,20209.616350188986,40886.274902000114,77952.05841647502,413987.06208410126,0.9972509183592543,3m|t5|mm10
2025-12,68,1,14,12373.484544614035,7041.256878029734,1.7908899579411774,2.6872456110294123,-739.1390274156987,311.82628569516476,311.82628569516476,-739.1390274156987,1874.939292908073,0.0,3m|t5|mm20
2026-01,3922,1,585,368125.4491025971,190119.58979595685,2.485886192765849,1.136522414645589,2996.2817892716957,5599.204079180737,5603.997551180736,3001.0752612716956,66242.08300814517,0.0001395206527281999,3m|t5|mm20
2026-02,4499,4,827,853117.5467654621,441555.58648216294,1.6902447884061527,2.6618481139484214,20228.25567141636,10332.54650891295,10332.54650891295,20228.25567141636,166983.72149364033,0.0,3m|t5|mm20
2026-03,3095,7,402,558148.3918030593,295920.8273835096,2.067192064111043,0.6630351138787473,-164.42960052063682,8680.422145696692,9254.740717291614,410.26542779226276,106234.20436301302,0.11405098324564694,3m|t5|mm20
2026-04,9989,7,1319,1877212.361232221,881124.3834010898,1.764506716336308,2.144484010371068,25852.28354830096,24641.649405746026,35570.770587966595,36783.91908530937,364387.85123361356,0.6064542699683056,3m|t5|mm20
2026-05,17729,11,1327,2005621.8003041598,885825.5690993839,1.7972868244300226,2.564790438024416,71850.58552287656,43615.1424206693,54871.93844061177,83107.38154281903,375226.53399808245,0.6004956782494855,3m|t5|mm20
2026-06,13060,20,1215,1991228.681648524,972116.7241789306,1.4491995463607112,2.173126304956504,50281.880953310596,25766.64387259632,36923.49309098687,61440.70256747198,371960.72047204623,0.5946415890894382,3m|t5|mm20
2026-07,17158,23,1359,2790667.6051018196,1247857.8198102554,1.0383510938741645,1.6361596658164919,62847.83424000708,18163.644999357068,41807.51864736814,86507.50843158305,518616.5072119354,0.8963470895868134,3m|t5|mm20
2026-08,11851,37,1131,2284262.0796656036,1045704.0782276468,1.1079428991680498,0.7414628706870884,54781.29950814514,19790.078553882013,40317.04363422059,75330.74010337766,410988.8119046501,0.9964077141361333,3m|t5|mm20
2025-12,71,2,14,12536.494704140709,7106.389878033334,1.969006152816902,2.0810087390140852,-771.2618678926253,317.4733439389713,317.4733439389713,-771.2618678926253,1901.3989448276413,0.0,3m|top10|mm5
2026-01,5100,4,626,561463.941178211,283277.4922201707,2.499663064168959,0.7747117329509804,1971.6140184858862,9963.897406003796,9968.765848003797,1976.4824604858861,104112.57701424893,0.00025429411764705883,3m|top10|mm5
2026-02,8611,9,932,1301574.9035640303,648215.7166249712,1.1853769583709697,1.9782246990903811,32632.44254024553,14977.757405919145,14977.757405919145,32632.44254024553,253753.0217212058,0.0,3m|top10|mm5
2026-03,3110,9,402,607673.2518030592,297787.9480535178,2.0695555669297145,0.6734074878278851,-168.98027052881554,8703.592525689579,9277.911097284501,405.7147577840845,106323.10876248994,0.11350089811745251,3m|top10|mm5
2026-04,10007,8,1319,1880850.903772221,884596.8377532,1.7663466358206286,2.1473269920823173,26013.82207387828,24749.19122983499,35681.87050613973,36950.007273199226,364539.5066440316,0.6055536770183125,3m|top10|mm5
2026-05,12261,8,1315,1932430.4541956685,858578.6047584419,1.871711736326194,2.7526249235107634,71895.40855903814,42562.065531802386,53392.97483628554,82726.3178635213,361030.3101494384,0.5939600286978658,3m|top10|mm5
2026-06,11489,9,1195,1708532.4820781697,845052.4290436419,1.4659123871549349,2.258007377975861,45065.27315233688,23535.09525323244,33266.5890401197,54798.655534675316,324446.07941128133,0.5955908282500948,3m|top10|mm5
2026-07,13982,9,1333,2088620.9360422166,949948.9642573138,1.1191029041825644,1.8435212598315616,57034.08626748199,17902.635208347274,35513.648384019,74660.50215961428,389789.3608262114,0.8890434134232027,3m|top10|mm5
2026-08,9100,9,1110,1637532.2479857518,741364.1600673485,1.1338612168430064,1.2380971358088873,54843.30095758993,18955.891664593935,33708.10816195221,69612.88185846512,295391.6180175037,0.9929416031482556,3m|top10|mm5
2025-12,71,2,14,12536.494704140709,7106.389878033334,1.969006152816902,2.0810087390140852,-771.2618678926253,317.4733439389713,317.4733439389713,-771.2618678926253,1901.3989448276413,0.0,3m|top10|mm10
2026-01,4442,3,606,462475.9996533379,231911.71725510294,2.406436185197428,1.0927938217244484,5110.3164994559165,7006.979750851305,7011.773222851305,5115.109971455916,84336.41114961459,0.00012318775326429537,3m|top10|mm10
2026-02,8611,9,932,1301574.9035640303,648215.7166249712,1.1853769583709697,1.9782246990903811,32632.44254024553,14977.757405919145,14977.757405919145,32632.44254024553,253753.0217212058,0.0,3m|top10|mm10
2026-03,3174,10,403,627521.5203166608,307372.01455200807,2.0558728856564414,0.8346998170898096,1177.4916217603993,8885.013935002467,9494.715786702349,1787.569930178258,110728.69902780544,0.11677341044957294,3m|top10|mm10
2026-04,10044,9,1319,1888792.736063723,888427.453913843,1.7653725739595678,2.0889943170078435,24230.294295646225,24828.875588613064,35815.09717365811,35220.02180370749,366324.2502687087,0.605579871830269,3m|top10|mm10
2026-05,12261,8,1315,1932430.4541956685,858578.6047584419,1.871711736326194,2.7526249235107634,71895.40855903814,42562.065531802386,53392.97483628554,82726.3178635213,361030.3101494384,0.5939600286978658,3m|top10|mm10
2026-06,11489,9,1195,1708532.4820781697,845052.4290436419,1.4659123871549349,2.258007377975861,45065.27315233688,23535.09525323244,33266.5890401197,54798.655534675316,324446.07941128133,0.5955908282500948,3m|top10|mm10
2026-07,13982,9,1333,2088620.9360422166,949948.9642573138,1.1191029041825644,1.8435212598315616,57034.08626748199,17902.635208347274,35513.648384019,74660.50215961428,389789.3608262114,0.8890434134232027,3m|top10|mm10
2026-08,9100,9,1110,1637532.2479857518,741364.1600673485,1.1338612168430064,1.2380971358088873,54843.30095758993,18955.891664593935,33708.10816195221,69612.88185846512,295391.6180175037,0.9929416031482556,3m|top10|mm10
2025-12,71,2,14,12536.494704140709,7106.389878033334,1.969006152816902,2.0810087390140852,-771.2618678926253,317.4733439389713,317.4733439389713,-771.2618678926253,1901.3989448276413,0.0,3m|top10|mm20
2026-01,4442,3,606,462475.9996533379,231911.71725510294,2.406436185197428,1.0927938217244484,5110.3164994559165,7006.979750851305,7011.773222851305,5115.109971455916,84336.41114961459,0.00012318775326429537,3m|top10|mm20
2026-02,8611,9,932,1301574.9035640303,648215.7166249712,1.1853769583709697,1.9782246990903811,32632.44254024553,14977.757405919145,14977.757405919145,32632.44254024553,253753.0217212058,0.0,3m|top10|mm20
2026-03,4327,10,415,637869.6768252455,334932.95864835905,1.628036749078559,0.5147701103931374,874.3039571732812,9182.296249727984,9869.287673467135,1561.671837630411,121743.01326069559,0.12215012386154254,3m|top10|mm20
2026-04,10044,9,1319,1888792.736063723,888427.453913843,1.7653725739595678,2.0889943170078435,24230.294295646225,24828.875588613064,35815.09717365811,35220.02180370749,366324.2502687087,0.605579871830269,3m|top10|mm20
2026-05,12261,8,1315,1932430.4541956685,858578.6047584419,1.871711736326194,2.7526249235107634,71895.40855903814,42562.065531802386,53392.97483628554,82726.3178635213,361030.3101494384,0.5939600286978658,3m|top10|mm20
2026-06,11489,9,1195,1708532.4820781697,845052.4290436419,1.4659123871549349,2.258007377975861,45065.27315233688,23535.09525323244,33266.5890401197,54798.655534675316,324446.07941128133,0.5955908282500948,3m|top10|mm20
2026-07,13982,9,1333,2088620.9360422166,949948.9642573138,1.1191029041825644,1.8435212598315616,57034.08626748199,17902.635208347274,35513.648384019,74660.50215961428,389789.3608262114,0.8890434134232027,3m|top10|mm20
2026-08,9100,9,1110,1637532.2479857518,741364.1600673485,1.1338612168430064,1.2380971358088873,54843.30095758993,18955.891664593935,33708.10816195221,69612.88185846512,295391.6180175037,0.9929416031482556,3m|top10|mm20
2025-12,71,2,14,12536.494704140709,7106.389878033334,1.969006152816902,2.0810087390140852,-771.2618678926253,317.4733439389713,317.4733439389713,-771.2618678926253,1901.3989448276413,0.0,3m|top25|mm5
2026-01,5100,4,626,561463.941178211,283277.4922201707,2.499663064168959,0.7747117329509804,1971.6140184858862,9963.897406003796,9968.765848003797,1976.4824604858861,104112.57701424893,0.00025429411764705883,3m|top25|mm5
2026-02,8934,12,939,1306653.0969349886,650488.0608460377,1.171971165185684,1.7571893949759265,33020.93805691707,15034.784093054308,15034.784093054308,33020.93805691707,254831.75619540046,0.0,3m|top25|mm5
2026-03,5417,19,419,785578.0486583094,384474.9825041151,1.4454691476323442,-0.12232478166414057,-10930.396051060461,10959.485413754594,11861.476590964028,-10027.997741050049,141246.1484125684,0.13236385529345568,3m|top25|mm5
2026-04,14127,16,1360,2087410.471761805,989390.5890601028,1.413685205663264,1.9150169981797922,19776.63367783986,24937.537757934995,37059.383555910455,31901.98581838636,404178.4046848833,0.605079061422388,3m|top25|mm5
2026-05,18782,17,1343,2171936.3051727037,956185.7766263703,1.7056790547460496,2.4636076708625443,70452.5030971404,44150.32965279044,56332.84506589102,82635.01851024099,406083.8471033529,0.6009637250526938,3m|top25|mm5
2026-06,13060,20,1215,1991228.681648524,972116.7241789306,1.4491995463607112,2.173126304956504,50281.880953310596,25766.64387259632,36923.49309098687,61440.70256747198,371960.72047204623,0.5946415890894382,3m|top25|mm5
2026-07,16734,21,1355,2618948.2651587804,1199104.8614288154,1.1015747453383151,1.809865388992419,70888.66995455434,17440.7558922429,39479.37776748254,92944.00358582888,485100.1369977846,0.8929593768917847,3m|top25|mm5
2026-08,10780,23,1126,2099278.460401537,965207.4595721618,1.0817781055324918,1.1601476398994162,57502.928375188436,18635.88433266415,37569.33293984416,76457.85584986239,379098.54949347884,0.991583671315797,3m|top25|mm5
2025-12,71,2,14,12536.494704140709,7106.389878033334,1.969006152816902,2.0810087390140852,-771.2618678926253,317.4733439389713,317.4733439389713,-771.2618678926253,1901.3989448276413,0.0,3m|top25|mm10
2026-01,4442,3,606,462475.9996533379,231911.71725510294,2.406436185197428,1.0927938217244484,5110.3164994559165,7006.979750851305,7011.773222851305,5115.109971455916,84336.41114961459,0.00012318775326429537,3m|top25|mm10
2026-02,8933,11,939,1306501.4369349885,650338.2674460302,1.171971165185684,1.7572483434669655,33019.071456924525,15034.784093054308,15034.784093054308,33019.071456924525,254829.91256913554,0.0,3m|top25|mm10
2026-03,5414,18,419,785155.7886583094,384061.714804114,1.4453292383328138,-0.12365980215453445,-10939.388351059395,10955.085413754594,11857.076590964029,-10036.990041048983,141237.39667264535,0.13243720061408376,3m|top25|mm10
2026-04,14136,18,1361,2088561.9741100546,989816.7114342571,1.4126138474157208,1.924591897523158,19624.43147857396,24944.324083316973,37073.777306404,31757.391044232023,404431.9855219355,0.605146697134454,3m|top25|mm10
2026-05,18879,18,1344,2173652.4479493457,955597.0816823677,1.6898258618208033,2.415557796369243,71115.21692569308,44080.75147501178,56281.90668453293,83316.37213521423,406705.17365070514,0.6011618962929741,3m|top25|mm10
2026-06,13060,20,1215,1991228.681648524,972116.7241789306,1.4491995463607112,2.173126304956504,50281.880953310596,25766.64387259632,36923.49309098687,61440.70256747198,371960.72047204623,0.5946415890894382,3m|top25|mm10
2026-07,16734,21,1355,2618948.2651587804,1199104.8614288154,1.1015747453383151,1.809865388992419,70888.66995455434,17440.7558922429,39479.37776748254,92944.00358582888,485100.1369977846,0.8929593768917847,3m|top25|mm10
2026-08,10780,23,1126,2099278.460401537,965207.4595721618,1.0817781055324918,1.1601476398994162,57502.928375188436,18635.88433266415,37569.33293984416,76457.85584986239,379098.54949347884,0.991583671315797,3m|top25|mm10
2025-12,71,2,14,12536.494704140709,7106.389878033334,1.969006152816902,2.0810087390140852,-771.2618678926253,317.4733439389713,317.4733439389713,-771.2618678926253,1901.3989448276413,0.0,3m|top25|mm20
2026-01,4442,3,606,462475.9996533379,231911.71725510294,2.406436185197428,1.0927938217244484,5110.3164994559165,7006.979750851305,7011.773222851305,5115.109971455916,84336.41114961459,0.00012318775326429537,3m|top25|mm20
2026-02,8612,10,932,1302022.2886991655,648381.2491249712,1.1854146700494645,1.9736970855813682,32466.91004024553,14984.510217911313,14984.510217911313,32466.91004024553,253857.3071962058,0.0,3m|top25|mm20
2026-03,5365,14,419,724161.4367802863,377117.79132192134,1.4472175338632887,-0.14490524333506932,-10777.247373192156,10914.4311914749,11786.60975309736,-9904.661678768716,138532.44893009728,0.1313319775046872,3m|top25|mm20
2026-04,14136,18,1361,2088561.9741100546,989816.7114342571,1.4126138474157208,1.924591897523158,19624.43147857396,24944.324083316973,37073.777306404,31757.391044232023,404431.9855219355,0.605146697134454,3m|top25|mm20
2026-05,18973,17,1345,2175314.6473718854,954410.8348103218,1.681237677428584,2.3951613024849805,69220.56114974726,43754.56756645147,56004.876551993446,81470.87013528922,408343.6328513991,0.6022565540553667,3m|top25|mm20
2026-06,13107,21,1219,2122845.0399907874,1016482.426334082,1.4387631838446104,2.1698216292739723,40417.49622748889,26722.412017247374,38736.01469644477,52432.97310645712,400515.8959656076,0.5951650954769249,3m|top25|mm20
2026-07,16617,19,1355,2604663.2913061534,1188686.3590779381,1.0822220687968798,1.7443618600421749,67866.54527671635,17014.109404337214,38973.666614013695,89841.90302995773,483172.0044938255,0.8926403324539655,3m|top25|mm20
2026-08,10778,23,1126,2101922.22426987,966253.2426142134,1.0761771825299489,1.1484227852864464,58170.12223069458,18504.33787480605,37464.87789542829,77152.14111881076,379640.3777623235,0.9914496592459344,3m|top25|mm20
2025-12,71,2,14,12536.494704140709,7106.389878033334,1.969006152816902,2.0810087390140852,-771.2618678926253,317.4733439389713,317.4733439389713,-771.2618678926253,1901.3989448276413,0.0,3m|top50|mm5
2026-01,5100,4,626,561463.941178211,283277.4922201707,2.499663064168959,0.7747117329509804,1971.6140184858862,9963.897406003796,9968.765848003797,1976.4824604858861,104112.57701424893,0.00025429411764705883,3m|top50|mm5
2026-02,8934,12,939,1306653.0969349886,650488.0608460377,1.171971165185684,1.7571893949759265,33020.93805691707,15034.784093054308,15034.784093054308,33020.93805691707,254831.75619540046,0.0,3m|top50|mm5
2026-03,5417,19,419,785578.0486583094,384474.9825041151,1.4454691476323442,-0.12232478166414057,-10930.396051060461,10959.485413754594,11861.476590964028,-10027.997741050049,141246.1484125684,0.13236385529345568,3m|top50|mm5
2026-04,14179,20,1362,2109003.2340640905,1009497.8379354399,1.4120076629315417,1.8950200518350995,20079.49717146774,25241.615209693733,37384.58049069296,32227.423782595946,404930.8870376068,0.6040603886931464,3m|top50|mm5
2026-05,37014,34,1415,2997431.4065440767,1180912.2748163978,0.8058475220230147,1.165286347002077,52840.96171410524,42569.98709107856,57224.14119794418,67495.11582097085,488471.80356218707,0.611003910153594,3m|top50|mm5
2026-06,22555,36,1248,2481929.4694210337,1137474.4732863042,0.6968478980394437,1.2801070596713338,51031.81118212463,24447.365435764063,37833.4873959968,64423.80079298981,446399.653695506,0.6030350180209743,3m|top50|mm5
2026-07,18095,40,1362,2918263.3092455897,1309543.9934634361,1.0786868410904111,1.6540274860159836,60205.19603405231,18335.007236653917,43129.23924683816,85018.90907028157,545370.6518135093,0.8958391922758271,3m|top50|mm5
2026-08,11992,43,1131,2299136.8502437035,1053641.8945056493,1.1333816533116676,0.7458073269117597,57252.70531226995,20209.616350188986,40886.274902000114,77952.05841647502,413987.06208410126,0.9972509183592543,3m|top50|mm5
2025-12,71,2,14,12536.494704140709,7106.389878033334,1.969006152816902,2.0810087390140852,-771.2618678926253,317.4733439389713,317.4733439389713,-771.2618678926253,1901.3989448276413,0.0,3m|top50|mm10
2026-01,4442,3,606,462475.9996533379,231911.71725510294,2.406436185197428,1.0927938217244484,5110.3164994559165,7006.979750851305,7011.773222851305,5115.109971455916,84336.41114961459,0.00012318775326429537,3m|top50|mm10
2026-02,8933,11,939,1306501.4369349885,650338.2674460302,1.171971165185684,1.7572483434669655,33019.071456924525,15034.784093054308,15034.784093054308,33019.071456924525,254829.91256913554,0.0,3m|top50|mm10
2026-03,5414,18,419,785155.7886583094,384061.714804114,1.4453292383328138,-0.12365980215453445,-10939.388351059395,10955.085413754594,11857.076590964029,-10036.990041048983,141237.39667264535,0.13243720061408376,3m|top50|mm10
2026-04,14136,18,1361,2088561.9741100546,989816.7114342571,1.4126138474157208,1.924591897523158,19624.43147857396,24944.324083316973,37073.777306404,31757.391044232023,404431.9855219355,0.605146697134454,3m|top50|mm10
2026-05,36903,30,1414,2993486.6367920768,1177031.8198493696,0.8044241351650262,1.1521804834014844,51987.02300864594,42389.590317728056,57029.70777308111,66627.14046399899,488003.915178435,0.6111068937421086,3m|top50|mm10
2026-06,22549,35,1248,2378942.4693174427,1135060.2469023142,0.6956414139267767,1.2672931618085364,50910.51534051942,24422.472959239738,37813.585838506966,64304.37986038908,446462.15066232224,0.603602557707185,3m|top50|mm10
2026-07,18124,41,1362,2927115.3192455894,1314036.578943415,1.077312967510586,1.6758180301218295,61383.71767538996,18357.13555358433,43236.33044245201,86282.39359030267,547444.4201386784,0.896035909494068,3m|top50|mm10
2026-08,12059,44,1131,2317559.3532672925,1057430.7791736796,1.1474809284347247,0.6878218355205905,54550.76390406623,20433.087270607175,41224.062709106016,75365.43389495902,416293.39981785556,0.9973537559621194,3m|top50|mm10
2025-12,71,2,14,12536.494704140709,7106.389878033334,1.969006152816902,2.0810087390140852,-771.2618678926253,317.4733439389713,317.4733439389713,-771.2618678926253,1901.3989448276413,0.0,3m|top50|mm20
2026-01,4442,3,606,462475.9996533379,231911.71725510294,2.406436185197428,1.0927938217244484,5110.3164994559165,7006.979750851305,7011.773222851305,5115.109971455916,84336.41114961459,0.00012318775326429537,3m|top50|mm20
2026-02,8612,10,932,1302022.2886991655,648381.2491249712,1.1854146700494645,1.9736970855813682,32466.91004024553,14984.510217911313,14984.510217911313,32466.91004024553,253857.3071962058,0.0,3m|top50|mm20
2026-03,5365,14,419,724161.4367802863,377117.79132192134,1.4472175338632887,-0.14490524333506932,-10777.247373192156,10914.4311914749,11786.60975309736,-9904.661678768716,138532.44893009728,0.1313319775046872,3m|top50|mm20
2026-04,14136,18,1361,2088561.9741100546,989816.7114342571,1.4126138474157208,1.924591897523158,19624.43147857396,24944.324083316973,37073.777306404,31757.391044232023,404431.9855219355,0.605146697134454,3m|top50|mm20
2026-05,36881,27,1414,2983680.723038994,1169891.9201863774,0.8026141350371971,1.144090730440386,50449.62479731305,42241.453165177954,56848.21826544442,65056.389897579524,486892.1700088822,0.6113336544255342,3m|top50|mm20
2026-06,23226,37,1249,2394681.8760079644,1141627.6233363254,0.6769775249553999,1.1608683595998703,50995.10532500202,24255.144517898323,37734.704787291485,64477.045849444745,449408.4446811332,0.6038793760042012,3m|top50|mm20
2026-07,26962,36,1399,3074180.0937641556,1405516.5231503225,0.47517771600433456,0.7073969480755982,54298.04987542919,15378.246873136408,41846.34501899358,80783.2137245752,580979.1688830592,0.914398889251015,3m|top50|mm20
2026-08,13609,44,1137,2393480.5370365093,1106865.8240325355,0.979105533706572,0.4561595224340597,54114.580080667896,19330.335265452006,40776.070188595695,75586.1375304602,429431.14899584604,0.9889707859728768,3m|top50|mm20
2025-12,71,2,14,12536.494704140709,7106.389878033334,1.969006152816902,2.0810087390140852,-771.2618678926253,317.4733439389713,317.4733439389713,-771.2618678926253,1901.3989448276413,0.0,3m|tnet2|mm5
2026-01,5100,4,626,561463.941178211,283277.4922201707,2.499663064168959,0.7747117329509804,1971.6140184858862,9963.897406003796,9968.765848003797,1976.4824604858861,104112.57701424893,0.00025429411764705883,3m|tnet2|mm5
2026-02,8934,12,939,1306653.0969349886,650488.0608460377,1.171971165185684,1.7571893949759265,33020.93805691707,15034.784093054308,15034.784093054308,33020.93805691707,254831.75619540046,0.0,3m|tnet2|mm5
2026-03,5417,19,419,785578.0486583094,384474.9825041151,1.4454691476323442,-0.12232478166414057,-10930.396051060461,10959.485413754594,11861.476590964028,-10027.997741050049,141246.1484125684,0.13236385529345568,3m|tnet2|mm5
2026-04,10110,11,1320,1922195.9657704425,913282.167433253,1.7603857173757047,2.058500778606866,25144.139701416363,25133.59742257559,36219.36580266685,36234.86899208177,369690.9763555136,0.6041908636512944,3m|tnet2|mm5
2026-05,19116,24,1347,2514565.4499344933,934242.587143303,1.6929155369252764,2.4449282082937636,75600.3348964717,44911.58407515096,56726.70709601434,87415.45791733508,393837.43402877933,0.6001125085282702,3m|tnet2|mm5
2026-06,15241,40,1228,2399102.6178498613,1082552.6920241653,1.2665745588857162,1.7834535793541817,48720.816314613774,25262.26598018232,38061.968769328436,61526.941672824665,426881.2724734054,0.5963279883697156,3m|tnet2|mm5
2026-07,19237,56,1366,3041980.1426644996,1367737.0484150138,1.055410058676761,1.7100061316502584,80134.11766918887,21783.820411779023,47765.495233724774,106133.68436388022,570077.8775567876,0.8973540190208888,3m|tnet2|mm5
2026-08,12579,61,1132,2378605.489325908,1083544.6726067865,1.1811899482518422,0.6909566300801008,47001.2727040468,19955.40735037017,41328.9790308666,68401.79341676614,428010.4142543869,0.997517317994468,3m|tnet2|mm5
2025-12,71,2,14,12536.494704140709,7106.389878033334,1.969006152816902,2.0810087390140852,-771.2618678926253,317.4733439389713,317.4733439389713,-771.2618678926253,1901.3989448276413,0.0,3m|tnet2|mm10
2026-01,4442,3,606,462475.9996533379,231911.71725510294,2.406436185197428,1.0927938217244484,5110.3164994559165,7006.979750851305,7011.773222851305,5115.109971455916,84336.41114961459,0.00012318775326429537,3m|tnet2|mm10
2026-02,8933,11,939,1306501.4369349885,650338.2674460302,1.171971165185684,1.7572483434669655,33019.071456924525,15034.784093054308,15034.784093054308,33019.071456924525,254829.91256913554,0.0,3m|tnet2|mm10
2026-03,5414,18,419,785155.7886583094,384061.714804114,1.4453292383328138,-0.12365980215453445,-10939.388351059395,10955.085413754594,11857.076590964029,-10036.990041048983,141237.39667264535,0.13243720061408376,3m|tnet2|mm10
2026-04,10083,10,1319,1902054.258177118,893649.3372242956,1.7611752986141376,2.0584825105147577,24649.281445538447,24826.13882594248,35899.34306510256,35725.991607714735,369223.6720725431,0.6056474761290985,3m|tnet2|mm10
2026-05,19040,21,1343,2508689.0501824934,929955.4045763077,1.6875266427760314,2.434229296453552,75444.17210219709,44679.245603857744,56470.30366199098,87235.23016033032,393035.2686044412,0.6003353816404604,3m|tnet2|mm10
2026-06,15198,36,1228,2292505.321786675,1077903.4204921778,1.2688978670270403,1.7872610411417615,48772.99463902133,25270.550888483805,38058.127828649165,61563.87813822147,426373.2105063803,0.597403968166812,3m|tnet2|mm10
2026-07,19154,49,1366,3020663.832506377,1356985.1832320157,1.0467008580806976,1.6838540153907937,78180.94417206329,19414.37405863171,45193.14575609515,103977.79785643819,565724.7096299946,0.8977652306294677,3m|tnet2|mm10
2026-08,12559,57,1132,2375905.553977554,1081777.8565037602,1.1850033684667145,0.7604628611283225,48719.19496306174,20032.95195501966,41376.719655527326,70089.78023079233,427411.7053546116,0.9974542035480051,3m|tnet2|mm10
2025-12,71,2,14,12536.494704140709,7106.389878033334,1.969006152816902,2.0810087390140852,-771.2618678926253,317.4733439389713,317.4733439389713,-771.2618678926253,1901.3989448276413,0.0,3m|tnet2|mm20
2026-01,4442,3,606,462475.9996533379,231911.71725510294,2.406436185197428,1.0927938217244484,5110.3164994559165,7006.979750851305,7011.773222851305,5115.109971455916,84336.41114961459,0.00012318775326429537,3m|tnet2|mm20
2026-02,8612,10,932,1302022.2886991655,648381.2491249712,1.1854146700494645,1.9736970855813682,32466.91004024553,14984.510217911313,14984.510217911313,32466.91004024553,253857.3071962058,0.0,3m|tnet2|mm20
2026-03,5365,14,419,724161.4367802863,377117.79132192134,1.4472175338632887,-0.14490524333506932,-10777.247373192156,10914.4311914749,11786.60975309736,-9904.661678768716,138532.44893009728,0.1313319775046872,3m|tnet2|mm20
2026-04,10083,10,1319,1902054.258177118,893649.3372242956,1.7611752986141376,2.0584825105147577,24649.281445538447,24826.13882594248,35899.34306510256,35725.991607714735,369223.6720725431,0.6056474761290985,3m|tnet2|mm20
2026-05,19015,18,1342,2499489.2064294103,923346.6958033174,1.6850271168874862,2.4300669009143077,74364.21322585442,44440.196136351486,56203.27161440621,86127.28870390913,392102.51593515737,0.6007614677630526,3m|tnet2|mm20
2026-06,15157,32,1227,2289365.861786675,1075683.4922921867,1.269782735837444,1.7957947603747197,48781.03912474672,25269.95532139637,38052.55227981249,61566.0163382124,426176.33431523177,0.5981841651383066,3m|tnet2|mm20
2026-07,18524,33,1364,2903373.1776961456,1299134.6750563611,0.9776877971649426,1.503006129047427,56555.198014662215,17520.26119529067,42222.64731888446,81274.62856654983,543114.1032815167,0.8970240890859704,3m|tnet2|mm20
2026-08,12372,46,1133,2357396.0195429586,1072319.4107328001,1.1521028838048437,0.7320225499738685,46199.10013111341,19201.771399096546,40355.4251317166,67378.91124375125,423596.22225275694,0.9970881302031439,3m|tnet2|mm20
2025-12,71,2,14,12536.494704140709,7106.389878033334,1.969006152816902,2.0810087390140852,-771.2618678926253,317.4733439389713,317.4733439389713,-771.2618678926253,1901.3989448276413,0.0,3m|tnet3|mm5
2026-01,5100,4,626,561463.941178211,283277.4922201707,2.499663064168959,0.7747117329509804,1971.6140184858862,9963.897406003796,9968.765848003797,1976.4824604858861,104112.57701424893,0.00025429411764705883,3m|tnet3|mm5
2026-02,8612,10,932,1301726.5635640305,648365.5100249787,1.1853769583709697,1.9781378777024048,32634.30914023807,14977.757405919145,14977.757405919145,32634.30914023807,253754.8653474707,0.0,3m|tnet3|mm5
2026-03,4369,13,415,687996.2430756608,337704.9230616283,1.6256530000443044,0.5862168456616748,296.2937734091443,9190.527054761647,9887.387502192543,993.5306775580179,122223.95442371219,0.12314439181143125,3m|tnet3|mm5
2026-04,10007,8,1319,1880850.903772221,884596.8377532,1.7663466358206286,2.1473269920823173,26013.82207387828,24749.19122983499,35681.87050613973,36950.007273199226,364539.5066440316,0.6055536770183125,3m|tnet3|mm5
2026-05,17802,13,1334,2015811.781280601,894389.3254163763,1.8020485519388927,2.573395999490011,72079.86536793705,43928.548110388896,55211.329516719314,83362.64677426747,376092.7135443473,0.6000405886972716,3m|tnet3|mm5
2026-06,13531,28,1217,2140611.274819686,997469.2239100394,1.4310192233686985,2.1447384893073385,45733.985544391224,25204.50273615017,36605.93718778383,57141.18513697455,380239.9864194445,0.5955772545770758,3m|tnet3|mm5
2026-07,17725,38,1357,2676326.748890705,1231844.1517271907,1.1274136359710054,1.7890705324764313,70769.81769037571,18632.188988026257,41162.521017694155,93321.45706276184,495953.47912341956,0.8976029124100698,3m|tnet3|mm5
2026-08,11176,47,1119,1949699.2237830418,883342.2851550651,1.302539529283451,0.8428410848799864,52789.508291934406,23524.369005521585,41012.68762653658,70300.12432222851,350212.3206058821,0.999017536458596,3m|tnet3|mm5
2025-12,71,2,14,12536.494704140709,7106.389878033334,1.969006152816902,2.0810087390140852,-771.2618678926253,317.4733439389713,317.4733439389713,-771.2618678926253,1901.3989448276413,0.0,3m|tnet3|mm10
2026-01,4442,3,606,462475.9996533379,231911.71725510294,2.406436185197428,1.0927938217244484,5110.3164994559165,7006.979750851305,7011.773222851305,5115.109971455916,84336.41114961459,0.00012318775326429537,3m|tnet3|mm10
2026-02,8611,9,932,1301574.9035640303,648215.7166249712,1.1853769583709697,1.9782246990903811,32632.44254024553,14977.757405919145,14977.757405919145,32632.44254024553,253753.0217212058,0.0,3m|tnet3|mm10
2026-03,4366,12,415,687573.9830756608,337291.6553616272,1.6255209965968311,0.5850482299830181,287.30147341021035,9186.127054761648,9882.987502192544,984.538377559084,122215.20268378912,0.12322900774716974,3m|tnet3|mm10
2026-04,10007,8,1319,1880850.903772221,884596.8377532,1.7663466358206286,2.1473269920823173,26013.82207387828,24749.19122983499,35681.87050613973,36950.007273199226,364539.5066440316,0.6055536770183125,3m|tnet3|mm10
2026-05,17746,12,1328,2011440.1915286009,891492.8783493807,1.7966338290487986,2.558815253900315,71974.30738882649,43719.61451346573,54980.8006419024,83235.49351726317,375372.8709478891,0.5999838030302611,3m|tnet3|mm10
2026-06,13502,26,1217,2036264.2697540952,993971.1501000376,1.4324503048846895,2.146198443446056,45788.54787750532,25188.827911542103,36588.89317284999,57191.25388138564,380090.20012934407,0.596762715828126,3m|tnet3|mm10
2026-07,17723,37,1357,2675718.128890705,1231241.807527196,1.1274802637810128,1.7891585860886658,70763.852436034,18632.413797226258,41162.521017694155,93315.18126275658,495947.26821014885,0.8976982799323494,3m|tnet3|mm10
2026-08,11177,46,1119,1950630.2741831243,883219.9965470467,1.3022294589298058,0.9171104625585201,54774.85667782148,23559.077675376095,41056.74628360494,72294.72637532945,350397.39395015914,0.9988771120572085,3m|tnet3|mm10
2025-12,71,2,14,12536.494704140709,7106.389878033334,1.969006152816902,2.0810087390140852,-771.2618678926253,317.4733439389713,317.4733439389713,-771.2618678926253,1901.3989448276413,0.0,3m|tnet3|mm20
2026-01,4442,3,606,462475.9996533379,231911.71725510294,2.406436185197428,1.0927938217244484,5110.3164994559165,7006.979750851305,7011.773222851305,5115.109971455916,84336.41114961459,0.00012318775326429537,3m|tnet3|mm20
2026-02,8611,9,932,1301574.9035640303,648215.7166249712,1.1853769583709697,1.9782246990903811,32632.44254024553,14977.757405919145,14977.757405919145,32632.44254024553,253753.0217212058,0.0,3m|tnet3|mm20
2026-03,4327,10,415,637869.6768252455,334932.95864835905,1.628036749078559,0.5147701103931374,874.3039571732812,9182.296249727984,9869.287673467135,1561.671837630411,121743.01326069559,0.12215012386154254,3m|tnet3|mm20
2026-04,10007,8,1319,1880850.903772221,884596.8377532,1.7663466358206286,2.1473269920823173,26013.82207387828,24749.19122983499,35681.87050613973,36950.007273199226,364539.5066440316,0.6055536770183125,3m|tnet3|mm20
2026-05,17729,11,1327,2005621.8003041598,885825.5690993839,1.7972868244300226,2.564790438024416,71850.58552287656,43615.1424206693,54871.93844061177,83107.38154281903,375226.53399808245,0.6004956782494855,3m|tnet3|mm20
2026-06,13497,25,1217,2036014.2697540952,993724.6421000377,1.4327757333967939,2.1464913404854298,45785.15899706692,25188.8724615421,36588.89317284999,57187.76188138564,380086.7628106241,0.5969685078156745,3m|tnet3|mm20
2026-07,17299,26,1356,2636792.176601471,1207240.3990030535,1.0617114190709698,1.6611233139079258,65243.663219641865,17583.562942353292,39810.25806939193,87489.20500524931,489064.68752511597,0.8968932661149713,3m|tnet3|mm20
2026-08,11007,38,1119,1927688.5566898296,870616.8201790543,1.2681301711883393,0.8527059697014033,51783.78617926964,22537.40674276811,39812.72014585745,69081.0816341381,345945.90909736906,0.9983077092519897,3m|tnet3|mm20
2025-12,74,3,14,12884.404704140708,7216.863378033334,1.760803193243244,1.8885354117567577,-790.8253678926253,303.9065439004713,303.9065439004713,-790.8253678926253,1941.8949698276413,0.0,3m|eb0c|mm5
2026-01,6113,9,639,619508.1559877982,307927.36601520656,2.3103069881184775,1.0918519799357218,2569.2179272399085,10167.372518380154,10174.490405710694,2576.3358145704474,115429.88138709501,0.000574916375418414,3m|eb0c|mm5
2026-02,13622,26,966,1547903.1695160484,773181.8222140202,0.46608078143556336,0.14348439404728694,40270.46740662881,13670.54901462475,13670.54901462475,40270.46740662881,301158.22573743993,0.0,3m|eb0c|mm5
2026-03,5769,36,421,827091.4695960195,405517.3273532969,1.4173003336025043,-0.08784699120681717,-12140.732220446547,12284.393544799157,13228.87940324666,-11195.824764087027,150113.3634919328,0.12923218418133614,3m|eb0c|mm5
2026-04,12961,25,1360,2031512.5539171065,973190.959000719,1.5108757150633818,2.0410320534277133,18275.570426679973,24452.574285119816,36137.08982543065,29965.04729711979,389649.2290146606,0.6036219857883968,3m|eb0c|mm5
2026-05,21970,38,1374,2863823.513960654,1094699.4289024372,1.5372007888405033,2.2255144857034987,56416.06685615911,43591.05341539952,57342.84596253879,70167.85940329837,458393.08490464237,0.6008684973442938,3m|eb0c|mm5
2026-06,16549,72,1229,2591994.9464746905,1122265.3130213353,1.1618149570385512,1.5092114130771022,46770.5453531545,24908.47258782252,38256.58192405495,60154.77725845171,446151.4907096158,0.5973302832189665,3m|eb0c|mm5
2026-07,20998,82,1370,4117670.1146441153,1401803.91903905,0.9942963010314294,1.5374749014502045,82115.55967890339,20953.298022310788,47566.61693954786,108815.69474892065,584899.3350030127,0.8988338968373332,3m|eb0c|mm5
2026-08,14670,82,1141,2684506.138426393,1221567.9557499725,1.0690656557892446,0.6171973592245314,59708.527677301354,21873.666102085324,46261.34946668447,84126.87621827637,488366.9708195002,0.9939364323160274,3m|eb0c|mm5
2025-12,91,4,14,29261.4816786489,9259.059878024387,2.842646788461539,13.57289086901099,8769.528132116324,1760.309714502538,1760.309714502538,8769.528132116324,3626.6386663373623,0.0,3m|eb0c|mm10
2026-01,5049,6,622,498768.9855103379,248469.74233811334,2.2283634770787857,1.2464144754050308,6257.372460445488,7049.441265420311,7054.234737420311,6262.165932445489,91658.22275479305,0.00010837789661319074,3m|eb0c|mm10
2026-02,12587,18,958,1462096.9702533856,727160.0638450653,0.5731556386558669,0.601951435626192,29381.214429395797,14040.236537571214,14040.236537571214,29381.214429395797,287151.24497396685,0.0,3m|eb0c|mm10
2026-03,5664,29,421,821353.3557978772,401636.6150899251,1.4364991298595116,-0.02144948144882602,-9496.95257170505,12376.570662387783,13312.91605900663,-8560.185577174187,148646.98452132955,0.12863848164126948,3m|eb0c|mm10
2026-04,12889,22,1359,2009040.4694041929,952382.4293020053,1.522590037800616,2.0908551805026128,17885.872702331344,24222.066162113468,35883.728706256385,29551.041589045297,388838.9628904651,0.6050379662418982,3m|eb0c|mm10
2026-05,22144,36,1375,2867157.197066316,1094346.5694594332,1.5236570135483276,2.1460880606850243,54496.651911275185,43167.62831951692,56953.01462307774,68282.038214836,459512.87678536057,0.6012442206327143,3m|eb0c|mm10
2026-06,16412,59,1229,2479380.16553543,1114905.973759337,1.1763679575996748,1.4736219385490077,46279.283143169014,24946.574436363157,38239.38826480328,59605.10353064391,444204.44011553895,0.5977112879254689,3m|eb0c|mm10
2026-07,20684,70,1370,3078683.5065941727,1381313.3618181192,0.9799317266732964,1.5346926121328495,82428.06427636433,18265.593263025265,44563.56423467728,108744.34512172967,576714.5512115492,0.8988915143607902,3m|eb0c|mm10
2026-08,14561,72,1141,2651606.543706513,1207833.70456883,1.0742831365502408,0.6355723913000817,60168.3308944996,21615.974591126913,45666.320376918215,84248.02473601824,481593.8768303726,0.993214509583786,3m|eb0c|mm10
2025-12,91,4,14,29261.4816786489,9259.059878024387,2.842646788461539,13.57289086901099,8769.528132116324,1760.309714502538,1760.309714502538,8769.528132116324,3626.6386663373623,0.0,3m|eb0c|mm20
2026-01,5035,5,622,497791.3956403379,248257.5649391184,2.241148526128358,1.2310878120854023,6111.3199894404515,7082.997480524775,7087.790952524775,6116.113461440451,91500.90328897031,0.00010867924528301887,3m|eb0c|mm20
2026-02,11373,14,952,1429410.6696825624,711051.8056859669,0.6765610202211844,1.1345646307836412,30264.065380756245,14350.253586850296,14350.253586850296,30264.065380756245,280553.9303789557,0.0,3m|eb0c|mm20
2026-03,5561,21,420,749719.5994934608,389128.49502170156,1.457673923488096,-0.12678848095522818,-8861.328408114441,12152.419892149665,13059.235002075342,-7954.106165387788,144152.41691358073,0.1291162711854026,3m|eb0c|mm20
2026-04,12847,20,1358,2004329.894880652,949484.2811630922,1.541215948472101,2.0662744361549326,16287.619259675575,24868.243376622566,36502.99098109301,27925.87320671706,387941.7982347161,0.6051307417659832,3m|eb0c|mm20
2026-05,21782,30,1373,2842363.802467577,1078091.343142476,1.537544874769862,2.1921273299241184,54687.70154621254,43078.035472774456,56761.37364795458,68371.03972139266,456111.272506004,0.6017448474406787,3m|eb0c|mm20
2026-06,16060,43,1227,2465467.165230306,1108194.8010963304,1.2024428042559152,1.5254898839054052,46492.6829104688,24962.218738289623,38190.60002353665,59753.144450765394,442025.8118762622,0.5991907798812989,3m|eb0c|mm20
2026-07,19877,43,1368,2947294.62406147,1318086.854801614,0.9159369670078792,1.320443030348473,59188.61849443314,17136.058903905774,42220.748376160554,84291.08585802362,551274.4898725798,0.8979130088891865,3m|eb0c|mm20
2026-08,14347,56,1142,2621782.4045290467,1191674.2346718137,1.0503436631213192,0.5749928995435631,51056.69855742662,18704.926519276716,42426.7936941205,74807.25360079262,475011.1008673199,0.9924393791376942,3m|eb0c|mm20
2025-12,71,2,14,12536.494704140709,7106.389878033334,1.969006152816902,2.0810087390140852,-771.2618678926253,317.4733439389713,317.4733439389713,-771.2618678926253,1901.3989448276413,0.0,3m|eb0.25c|mm5
2026-01,5523,6,627,584671.5871013205,291909.67992820096,2.4483734399695387,0.9533889282268816,1395.2040164344248,10084.855801657965,10091.973688988503,1402.3219037649637,108364.44222110789,0.0006363323923470513,3m|eb0.25c|mm5
2026-02,11050,20,955,1467837.6142585573,733200.7937000081,0.8053664440641736,0.8781912684638364,41743.17622032481,14857.213193125557,14857.213193125557,41743.17622032481,284163.3992293926,0.0,3m|eb0.25c|mm5
2026-03,5659,29,421,809230.1644206615,396261.2784804956,1.4187209735058353,-0.11194455423336974,-11420.589786269113,11667.552937173863,12591.65805009922,-10496.063075431739,146085.4222824764,0.13031206595805606,3m|eb0.25c|mm5
2026-04,10278,19,1324,1976016.3210669474,944892.4371206363,1.7292476960356966,1.9117751986947162,15386.289719708575,24106.915889103122,35469.6680322665,26754.00319300092,378923.7824430783,0.6033061992494365,3m|eb0.25c|mm5
2026-05,20990,31,1368,2804851.476035549,1065983.1146384305,1.6180245114280079,2.2400948330849877,51864.5200851895,44038.846942831005,57451.85595188827,65277.52909424676,447100.30030190875,0.6001769627377852,3m|eb0.25c|mm5
2026-06,15794,55,1228,2571804.422941888,1114057.0256121308,1.2073908386378132,1.6204051325226332,46751.04628223077,24866.581440083784,38108.574324162626,60029.161735374386,442614.2756378297,0.5980049782113851,3m|eb0.25c|mm5
2026-07,20274,70,1369,4092962.4364833613,1391739.724404093,1.0291854626570502,1.6098753597802984,81675.39943425878,21200.977433937012,47646.47863297796,108207.19665604534,580895.8885817449,0.9005239422175931,3m|eb0.25c|mm5
2026-08,13958,73,1131,2223408.067787099,1019740.6489754963,1.1744332467469236,0.7748153626915693,64561.26832879932,25879.96217320998,46108.20111809516,84816.73568629504,405109.3471499142,0.9949863899599567,3m|eb0.25c|mm5
2025-12,71,2,14,12536.494704140709,7106.389878033334,1.969006152816902,2.0810087390140852,-771.2618678926253,317.4733439389713,317.4733439389713,-771.2618678926253,1901.3989448276413,0.0,3m|eb0.25c|mm10
2026-01,4459,5,606,463483.5895233379,232144.2946540979,2.390714285252866,1.1089503719600808,5255.968970460953,6973.824582255841,6978.618054255841,5260.762442460953,84500.01661543734,0.00012271809822830232,3m|eb0.25c|mm10
2026-02,10269,16,946,1387682.86397727,689015.2410360639,0.9324670042035916,1.060118386145529,28972.039317807477,15172.479143821209,15172.479143821209,28972.039317807477,271645.96007346886,0.0,3m|eb0.25c|mm10
2026-03,5582,25,421,805985.571085416,393457.87101896794,1.4269769213181154,-0.13074183172628293,-9244.51953925216,11706.400691669125,12628.143782203493,-8322.354850805774,145114.09333532758,0.12994256600790244,3m|eb0.25c|mm10
2026-04,10291,18,1323,1960738.629568852,927956.8270580062,1.7194447758652258,1.8958457059871363,16381.182652574815,23267.431496361634,34644.12101661217,27761.37851539638,379339.8620940522,0.6051081116554643,3m|eb0.25c|mm10
2026-05,20917,28,1368,2799232.056283549,1061857.7646714353,1.6138424521248713,2.2293944122572995,51634.88741377489,43828.9753946586,57219.53671812572,65025.44873724201,446352.0441155706,0.6003812784469121,3m|eb0.25c|mm10
2026-06,15755,49,1228,2464700.632221019,1108770.8924121538,1.2118770478281962,1.6495942403144577,47108.415665226414,24884.18638561413,38101.406372279824,60358.64221092688,441684.6453897246,0.5975670195008947,3m|eb0.25c|mm10
2026-07,20092,62,1370,3058514.8854743033,1372540.0969961258,1.0105544153174024,1.6087970031311922,82401.25133868217,18239.9887983872,44396.89356477906,108575.85859274048,573298.6248182702,0.900793151588519,3m|eb0.25c|mm10
2026-08,13813,65,1132,2188368.562842419,1009593.501184337,1.1843460387046614,0.8756785702054323,73282.11817740172,27635.445004461915,47535.2573564215,93207.97958801372,398517.22821224004,0.9943409863268197,3m|eb0.25c|mm10
2025-12,71,2,14,12536.494704140709,7106.389878033334,1.969006152816902,2.0810087390140852,-771.2618678926253,317.4733439389713,317.4733439389713,-771.2618678926253,1901.3989448276413,0.0,3m|eb0.25c|mm20
2026-01,4445,4,606,462505.9996533379,231932.11725510293,2.4057126579222095,1.0911563905736783,5109.916499455917,7007.380797360305,7012.1742693603055,5114.709971455916,84342.69714961459,0.00012310461192350958,3m|eb0.25c|mm20
2026-02,11350,13,952,1427603.5103303597,710363.0326919629,0.6812660914803531,1.1771466629673042,30628.622766760214,14389.028786965187,14389.028786965187,30628.622766760214,280178.2685314943,0.0,3m|eb0.25c|mm20
2026-03,5483,18,420,736379.2647529567,382213.12450072484,1.4368441334941064,-0.06828509254417817,-8279.223130983555,11472.446508475901,12360.900748816848,-7390.361757841631,141104.1419709631,0.12959494055439152,3m|eb0.25c|mm20
2026-04,10275,18,1323,1956308.8032771437,925103.9713871711,1.7307613409437688,1.8819325491855234,14776.09436704739,23906.889853721466,35257.533635584216,26130.244491481175,378471.67081445944,0.605093885723479,3m|eb0.25c|mm20
2026-05,20947,27,1369,2792678.4662027336,1055026.3709894572,1.606231395114754,2.2707765646306757,50512.57288105252,43448.35008440959,56842.20622143315,63906.42901807609,446461.87123411894,0.6011287548761755,3m|eb0.25c|mm20
2026-06,15499,38,1227,2452530.2430803436,1102825.6232391545,1.2298287443788984,1.660198511510388,47019.041267629065,24951.79500757711,38114.657044918386,60213.9835600199,439841.83694607025,0.5990930721273998,3m|eb0.25c|mm20
2026-07,19287,38,1368,2926325.1828486794,1309396.704792586,0.9463860141258826,1.3588059153241425,58256.68073731889,17136.4142378129,42076.1932834944,83213.57846129422,547683.7313059202,0.9000575955345647,3m|eb0.25c|mm20
2026-08,13580,51,1132,2150972.7111455663,987677.8476523078,1.1585242521927153,0.8067385838231326,64748.515901972656,24363.133202544865,43855.00227400589,84265.77384488098,390345.1588581664,0.9933531882004312,3m|eb0.25c|mm20
2025-12,71,2,14,12536.494704140709,7106.389878033334,1.969006152816902,2.0810087390140852,-771.2618678926253,317.4733439389713,317.4733439389713,-771.2618678926253,1901.3989448276413,0.0,3m|eb0.5c|mm5
2026-01,5523,6,627,584671.5871013205,291909.67992820096,2.4483734399695387,0.9533889282268816,1395.2040164344248,10084.855801657965,10091.973688988503,1402.3219037649637,108364.44222110789,0.0006363323923470513,3m|eb0.5c|mm5
2026-02,11050,20,955,1467837.6142585573,733200.7937000081,0.8053664440641736,0.8781912684638364,41743.17622032481,14857.213193125557,14857.213193125557,41743.17622032481,284163.3992293926,0.0,3m|eb0.5c|mm5
2026-03,4472,23,417,746199.8077294943,365937.28137028683,1.688348139919206,-0.40880132656815904,-13601.464355329406,11701.158503855931,12522.019004782118,-12780.182256491202,134183.90683997946,0.12444853775107488,3m|eb0.5c|mm5
2026-04,10115,13,1321,1926636.321327883,915643.8447202675,1.762001793426319,2.0546466332213296,26357.952843264342,25604.71946885856,36715.17684927871,37473.37113425864,370513.94303314335,0.604122310164731,3m|eb0.5c|mm5
2026-05,17384,23,1341,2482419.546183054,919735.7605922677,1.7140680404178654,2.484448085676149,75230.72868219204,44628.55245270908,56239.923678447965,86842.09990793093,387045.7075246296,0.6012228476993688,3m|eb0.5c|mm5
2026-06,15364,45,1224,2283416.6513273525,1045593.7273350356,1.2648265353031587,1.7759596737867227,53798.82055108475,23988.867051057437,36039.39660841517,65855.87087350726,401912.1046137926,0.5962427377170746,3m|eb0.5c|mm5
2026-07,19445,62,1364,2889580.367671029,1325598.2723867516,1.0830243699028055,1.8265622165397264,84119.32187086961,20926.621236834777,45517.18758469358,108746.23424147401,541312.4927021556,0.8984770500535125,3m|eb0.5c|mm5
2026-08,12146,65,1126,2091144.2293586275,945985.0464173862,1.3243936853856122,0.8927825312410529,58086.151621611876,24447.922034244537,43358.87988093485,77022.59105472756,378728.7886623135,1.00150785329542,3m|eb0.5c|mm5
2025-12,71,2,14,12536.494704140709,7106.389878033334,1.969006152816902,2.0810087390140852,-771.2618678926253,317.4733439389713,317.4733439389713,-771.2618678926253,1901.3989448276413,0.0,3m|eb0.5c|mm10
2026-01,4456,4,606,463453.5895233379,232123.89465409788,2.3914254138551505,1.1105946383684921,5256.368970460953,6973.423535746841,6978.217007746841,5261.162442460953,84493.73061543734,0.0001228007181328546,3m|eb0.5c|mm10
2026-02,10269,16,946,1387682.86397727,689015.2410360639,0.9324670042035916,1.060118386145529,28972.039317807477,15172.479143821209,15172.479143821209,28972.039317807477,271645.96007346886,0.0,3m|eb0.5c|mm10
2026-03,4491,22,417,749763.9162858826,365263.8671343525,1.6823645282436135,-0.45152346476571076,-12140.96399902855,11929.163606019581,12750.02410694577,-11319.681900190346,134366.05852652478,0.12392203536468645,3m|eb0.5c|mm10
2026-04,10097,14,1320,1906826.5587345585,896191.10959005,1.7617525998410557,2.075154658177848,25972.726488043972,25304.86322639422,36405.17586648571,37076.545051151676,370127.2854369233,0.605682263225539,3m|eb0.5c|mm10
2026-05,17316,21,1337,2476659.1464310535,915509.4180252724,1.7084456505686196,2.4687269517282413,75067.88845591743,44399.08154862187,55987.225243630615,86656.03215092617,386271.4565002915,0.6015211791299251,3m|eb0.5c|mm10
2026-06,15299,41,1224,2176312.7390347617,1040515.8862340647,1.2743617258671907,1.7636828810018195,53628.992907846616,24014.471050032593,36045.36973903864,65663.29635188743,401153.8753344029,0.5969164695584502,3m|eb0.5c|mm10
2026-07,19262,54,1364,2862073.09611661,1311695.7148517915,1.066403321669087,1.7776364011562957,82920.21088837754,18204.413712030935,42577.90494191193,107311.49884592497,536050.2691240021,0.8984583740367986,3m|eb0.5c|mm10
2026-08,12089,59,1125,2084894.8191308486,942775.6534052927,1.3408470993947756,0.9345603562196759,57372.3492405657,24838.855920986243,43672.72587354433,76231.36492019915,377180.31359266886,1.0009675717727136,3m|eb0.5c|mm10
2025-12,71,2,14,12536.494704140709,7106.389878033334,1.969006152816902,2.0810087390140852,-771.2618678926253,317.4733439389713,317.4733439389713,-771.2618678926253,1901.3989448276413,0.0,3m|eb0.5c|mm20
2026-01,4442,3,606,462475.9996533379,231911.71725510294,2.406436185197428,1.0927938217244484,5110.3164994559165,7006.979750851305,7011.773222851305,5115.109971455916,84336.41114961459,0.00012318775326429537,3m|eb0.5c|mm20
2026-02,9058,12,934,1357166.7078025145,673884.8661760195,1.1154427497265884,1.8227430031120928,30969.767218181514,15369.510150386923,15369.510150386923,30969.767218181514,265506.42301791563,0.0,3m|eb0.5c|mm20
2026-03,4416,17,418,682167.3610204248,355246.7707377244,1.6915885915422695,-0.37887698718807294,-9605.965822776163,11459.845576042135,12262.871496176125,-8802.532769841193,130888.74544510631,0.12324472735564541,3m|eb0.5c|mm20
2026-04,10097,14,1320,1906826.5587345585,896191.10959005,1.7617525998410557,2.075154658177848,25972.726488043972,25304.86322639422,36405.17586648571,37076.545051151676,370127.2854369233,0.605682263225539,3m|eb0.5c|mm20
2026-05,17837,18,1353,2613069.29482034,976836.1637545152,1.6743985593272879,2.3291669785934204,57259.12506838371,44239.294221659744,56579.60047893814,69599.43132566211,411343.5419092798,0.5999535217536114,3m|eb0.5c|mm20
2026-06,15147,33,1223,2169186.9376544775,1036275.5050060769,1.2750821330885729,1.7743266162546456,53424.432337683094,23979.021746594975,35982.2314016672,65430.12044380489,400200.0307371022,0.5975685376792563,3m|eb0.5c|mm20
2026-07,18509,34,1362,2730443.99583491,1248229.122346054,0.9986979142537399,1.5804398938755368,60080.42673577067,16526.58074938558,39678.33053452149,83249.29519920041,510471.906291662,0.8975373868418186,3m|eb0.5c|mm20
2026-08,11842,46,1126,2060387.61744393,930710.0060792952,1.3144332177084657,0.8801715763912279,55256.75379975223,23675.15046054615,42268.16009953269,73874.24897860902,372349.90357713547,1.0004094559918153,3m|eb0.5c|mm20
2025-12,71,2,14,12536.494704140709,7106.389878033334,1.969006152816902,2.0810087390140852,-771.2618678926253,317.4733439389713,317.4733439389713,-771.2618678926253,1901.3989448276413,0.0,6m|t2|mm5
2026-01,5100,4,626,561463.941178211,283277.4922201707,2.499663064168959,0.7747117329509804,1971.6140184858862,9963.897406003796,9968.765848003797,1976.4824604858861,104112.57701424893,0.00025429411764705883,6m|t2|mm5
2026-02,8934,12,939,1306653.0969349886,650488.0608460377,1.171971165185684,1.7571893949759265,33020.93805691707,15034.784093054308,15034.784093054308,33020.93805691707,254831.75619540046,0.0,6m|t2|mm5
2026-03,5417,19,419,785578.0486583094,384474.9825041151,1.4454691476323442,-0.12232478166414057,-10930.396051060461,10959.485413754594,11861.476590964028,-10027.997741050049,141246.1484125684,0.13236385529345568,6m|t2|mm5
2026-04,14179,20,1362,2109003.2340640905,1009497.8379354399,1.4120076629315417,1.8950200518350995,20079.49717146774,25241.615209693733,37384.58049069296,32227.423782595946,404930.8870376068,0.6040603886931464,6m|t2|mm5
2026-05,36378,36,1415,2986880.1370478766,1175224.6338543857,0.7935898064017437,1.0879556931062082,50539.56942988265,42233.572927392976,56824.82370066688,65130.82020315656,486375.0257757969,0.6105832835700798,6m|t2|mm5
2026-06,24050,53,1251,2677577.2684101593,1178448.41467441,0.6578536084477635,1.1559448545648021,47720.68923011482,23941.90843566476,37856.684074945064,61671.5874384599,465040.36747787823,0.6036448716071365,6m|t2|mm5
2026-07,28148,69,1400,3255672.3354383027,1490273.4405529911,0.5530139156442172,0.8347345598819512,78725.51761709369,18956.53631858487,47058.221871025475,106864.0431963145,616086.2556441865,0.9128386570540853,6m|t2|mm5
2026-08,18177,90,1156,2873758.009649675,1312236.4880628462,0.7150527421431645,0.19608108933380017,48634.25592257064,18303.28741059817,44845.26403760769,75205.20721234988,531419.0257955848,1.0036893730103709,6m|t2|mm5
2025-12,71,2,14,12536.494704140709,7106.389878033334,1.969006152816902,2.0810087390140852,-771.2618678926253,317.4733439389713,317.4733439389713,-771.2618678926253,1901.3989448276413,0.0,6m|t2|mm10
2026-01,4442,3,606,462475.9996533379,231911.71725510294,2.406436185197428,1.0927938217244484,5110.3164994559165,7006.979750851305,7011.773222851305,5115.109971455916,84336.41114961459,0.00012318775326429537,6m|t2|mm10
2026-02,8933,11,939,1306501.4369349885,650338.2674460302,1.171971165185684,1.7572483434669655,33019.071456924525,15034.784093054308,15034.784093054308,33019.071456924525,254829.91256913554,0.0,6m|t2|mm10
2026-03,5414,18,419,785155.7886583094,384061.714804114,1.4453292383328138,-0.12365980215453445,-10939.388351059395,10955.085413754594,11857.076590964029,-10036.990041048983,141237.39667264535,0.13243720061408376,6m|t2|mm10
2026-04,14136,18,1361,2088561.9741100546,989816.7114342571,1.4126138474157208,1.924591897523158,19624.43147857396,24944.324083316973,37073.777306404,31757.391044232023,404431.9855219355,0.605146697134454,6m|t2|mm10
2026-05,36267,32,1414,2982935.3672958766,1171344.1788873575,0.7921039417960605,1.0743833163715701,49685.630724423354,42053.17615404247,56630.39027580382,64262.8448461847,485907.1373920449,0.6106867857570869,6m|t2|mm10
2026-06,23978,48,1251,2570700.6959799733,1174342.743759414,0.6626288156502339,1.13429969707077,47580.663707724554,23978.060323188918,37876.04835729471,61511.65830086513,464376.91363772796,0.6041345995652145,6m|t2|mm10
2026-07,27951,60,1400,3225914.366649523,1475607.506241037,0.5374562796158423,0.7801960468889066,74714.50825460795,16297.565062390755,44151.003031756365,102586.22997168689,610258.3056032185,0.9128429460385943,6m|t2|mm10
2026-08,18100,84,1156,2842901.2866868423,1298609.0622116365,0.7169935042386703,0.2872590885397502,52727.83528052898,17943.25707350214,44145.96937637134,78958.5817315598,524614.9290206161,1.002340402070747,6m|t2|mm10
2025-12,71,2,14,12536.494704140709,7106.389878033334,1.969006152816902,2.0810087390140852,-771.2618678926253,317.4733439389713,317.4733439389713,-771.2618678926253,1901.3989448276413,0.0,6m|t2|mm20
2026-01,4442,3,606,462475.9996533379,231911.71725510294,2.406436185197428,1.0927938217244484,5110.3164994559165,7006.979750851305,7011.773222851305,5115.109971455916,84336.41114961459,0.00012318775326429537,6m|t2|mm20
2026-02,8612,10,932,1302022.2886991655,648381.2491249712,1.1854146700494645,1.9736970855813682,32466.91004024553,14984.510217911313,14984.510217911313,32466.91004024553,253857.3071962058,0.0,6m|t2|mm20
2026-03,5365,14,419,724161.4367802863,377117.79132192134,1.4472175338632887,-0.14490524333506932,-10777.247373192156,10914.4311914749,11786.60975309736,-9904.661678768716,138532.44893009728,0.1313319775046872,6m|t2|mm20
2026-04,14136,18,1361,2088561.9741100546,989816.7114342571,1.4126138474157208,1.924591897523158,19624.43147857396,24944.324083316973,37073.777306404,31757.391044232023,404431.9855219355,0.605146697134454,6m|t2|mm20
2026-05,36245,29,1414,2973129.453542794,1164204.2792243653,0.79025470303296,1.0661043891641508,48148.232513090465,41905.03900149236,56448.90076816713,62692.09427976523,484795.3922224921,0.6109172704691783,6m|t2|mm20
2026-06,23841,43,1250,2565730.703293763,1171099.1924294238,0.6597805725552622,1.1450296021418882,47605.80190958513,23888.29882930108,37769.476409257804,61519.11831415302,463787.64068530535,0.6045029470570844,6m|t2|mm20
2026-07,27324,44,1399,3108423.5764609403,1421049.3674125455,0.47312113168646863,0.6653544963222919,55642.685722342794,14990.487184757752,41721.87416584117,82391.84194673915,586692.1991475914,0.912717817693038,6m|t2|mm20
2026-08,17919,70,1157,2823953.4539953684,1287577.7554165975,0.6961478646632522,0.2520383734142263,47841.20507708295,15080.27216703159,41053.6892580372,73842.52337826058,520026.3660235523,1.001311547632707,6m|t2|mm20
2025-12,71,2,14,12536.494704140709,7106.389878033334,1.969006152816902,2.0810087390140852,-771.2618678926253,317.4733439389713,317.4733439389713,-771.2618678926253,1901.3989448276413,0.0,6m|t3|mm5
2026-01,5100,4,626,561463.941178211,283277.4922201707,2.499663064168959,0.7747117329509804,1971.6140184858862,9963.897406003796,9968.765848003797,1976.4824604858861,104112.57701424893,0.00025429411764705883,6m|t3|mm5
2026-02,8612,10,932,1301726.5635640305,648365.5100249787,1.1853769583709697,1.9781378777024048,32634.30914023807,14977.757405919145,14977.757405919145,32634.30914023807,253754.8653474707,0.0,6m|t3|mm5
2026-03,3281,12,403,629519.8160406607,308676.00282742846,2.0189289543660065,0.6469920987208339,1176.983114869911,8936.453482898298,9547.279848068258,1788.1859367578495,111058.49677620232,0.11364108648794409,6m|t3|mm5
2026-04,14056,13,1359,2042892.9454863502,961629.6484862814,1.419896107451625,2.0472318415328665,27993.99387071032,25262.729284588335,37162.786197989306,39897.55670712751,396785.4278805728,0.6057287051255003,6m|t3|mm5
2026-05,34839,22,1408,2384798.4694275158,1083422.8571041874,0.8070342862312258,1.2128660633020372,69438.40077793892,42918.34339016138,56455.476817316376,82975.5342050939,451237.7809051664,0.6120823627960139,6m|t3|mm5
2026-06,22938,37,1248,2498014.84154068,1144189.416991307,0.6786700380063369,1.2487181717886242,51085.60616491652,24352.222615519324,37833.37226398895,64572.62346401858,449567.2433034021,0.6037982992114632,6m|t3|mm5
2026-07,26449,50,1399,3172409.89131235,1451632.5234228089,0.548606547642637,0.8514500595808199,73042.62865482777,16926.07742362601,44312.351435201825,100446.85531522614,599958.9479572771,0.9144255705699399,6m|t3|mm5
2026-08,17164,73,1153,2718007.950233697,1248737.7582585406,0.7930716896924959,0.33156301280563855,54102.28577834205,19164.611709690013,44029.469211082825,78996.48435882878,497883.97160973435,0.998576996196925,6m|t3|mm5
2025-12,71,2,14,12536.494704140709,7106.389878033334,1.969006152816902,2.0810087390140852,-771.2618678926253,317.4733439389713,317.4733439389713,-771.2618678926253,1901.3989448276413,0.0,6m|t3|mm10
2026-01,4442,3,606,462475.9996533379,231911.71725510294,2.406436185197428,1.0927938217244484,5110.3164994559165,7006.979750851305,7011.773222851305,5115.109971455916,84336.41114961459,0.00012318775326429537,6m|t3|mm10
2026-02,8611,9,932,1301574.9035640303,648215.7166249712,1.1853769583709697,1.9782246990903811,32632.44254024553,14977.757405919145,14977.757405919145,32632.44254024553,253753.0217212058,0.0,6m|t3|mm10
2026-03,3277,11,403,628897.5560406607,308064.73512742744,2.0188734791682017,0.6453830483103618,1165.9908148709771,8932.053482898298,9542.879848068258,1777.1936367589155,111047.76503627925,0.11377980005094432,6m|t3|mm10
2026-04,14056,13,1359,2042892.9454863502,961629.6484862814,1.419896107451625,2.0472318415328665,27993.99387071032,25262.729284588335,37162.786197989306,39897.55670712751,396785.4278805728,0.6057287051255003,6m|t3|mm10
2026-05,34772,20,1408,2379054.069675516,1079205.4745371921,0.8027612553278993,1.2037596903862797,69282.48227966431,42690.67421433497,56204.698382759816,82796.50644808916,450467.4722808283,0.6122558205124319,6m|t3|mm10
2026-06,22911,35,1248,2393715.0964750894,1140738.120641306,0.6786931524891628,1.2484216446739644,51140.63670968254,24336.541850911253,37816.32824905511,64623.17474842883,449417.93462487636,0.6044572570544631,6m|t3|mm10
2026-07,26436,48,1399,3172409.2205228764,1451318.2369228224,0.547791339898725,0.8410323221006962,71806.30929882072,17004.45156404874,44391.36637860789,99211.09102573889,599970.0492876732,0.9143279107973399,6m|t3|mm10
2026-08,17128,70,1153,2718473.412483697,1248527.800368515,0.7968441916701285,0.39296509964013165,55664.112572994614,19207.0721367255,44077.93445749138,80564.3159728544,498004.0679971956,0.9983208695010406,6m|t3|mm10
2025-12,71,2,14,12536.494704140709,7106.389878033334,1.969006152816902,2.0810087390140852,-771.2618678926253,317.4733439389713,317.4733439389713,-771.2618678926253,1901.3989448276413,0.0,6m|t3|mm20
2026-01,4442,3,606,462475.9996533379,231911.71725510294,2.406436185197428,1.0927938217244484,5110.3164994559165,7006.979750851305,7011.773222851305,5115.109971455916,84336.41114961459,0.00012318775326429537,6m|t3|mm20
2026-02,8611,9,932,1301574.9035640303,648215.7166249712,1.1853769583709697,1.9782246990903811,32632.44254024553,14977.757405919145,14977.757405919145,32632.44254024553,253753.0217212058,0.0,6m|t3|mm20
2026-03,3235,9,403,578881.3297902455,305482.1560141592,2.0252845005347986,0.5224142024353337,1664.9556986340476,8914.361293041828,9515.318634520045,2266.289496830242,110512.4975411857,0.11232832856002965,6m|t3|mm20
2026-04,14056,13,1359,2042892.9454863502,961629.6484862814,1.419896107451625,2.0472318415328665,27993.99387071032,25262.729284588335,37162.786197989306,39897.55670712751,396785.4278805728,0.6057287051255003,6m|t3|mm20
2026-05,34750,18,1408,2369840.565922433,1072705.4696742042,0.8006419806322308,1.1971331518745334,67201.883366735,42499.63758405218,55983.61529898276,80685.86108166557,449465.9238310193,0.6124951707778411,6m|t3|mm20
2026-06,22911,35,1248,2393715.0964750894,1140738.120641306,0.6786931524891628,1.2484216446739644,51140.63670968254,24336.541850911253,37816.32824905511,64623.17474842883,449417.93462487636,0.6044572570544631,6m|t3|mm20
2026-07,25942,35,1398,3063862.3180332673,1401213.7355712869,0.4887209579311603,0.718350896329004,53908.638075735806,15832.141145062293,42190.89341312569,80284.62013976285,578488.015126027,0.9142860997091171,6m|t3|mm20
2026-08,16933,61,1154,2704583.025341726,1241623.1429305195,0.7743095357426579,0.3296802631785064,52790.87119730304,18406.853182262614,43108.56004512954,77521.91913926387,494620.9588392167,0.9972224773264247,6m|t3|mm20
2025-12,68,1,14,12373.484544614035,7041.256878029734,1.7908899579411774,2.6872456110294123,-739.1390274156987,311.82628569516476,311.82628569516476,-739.1390274156987,1874.939292908073,0.0,6m|t4|mm5
2026-01,4572,2,613,468722.4881339317,242578.9611680201,2.570867130113985,0.6916624212795277,-1347.2047236938236,8435.144402918228,8440.012844918228,-1342.3362816938236,86370.00184256725,0.00028366141732283465,6m|t4|mm5
2026-02,8258,7,928,1251662.5647712236,621860.2866099665,1.1810170817753096,2.035241071665657,30089.745906165623,14864.88021367259,14864.88021367259,30089.745906165623,244769.0136219359,0.0,6m|t4|mm5
2026-03,3141,9,403,626007.8940662455,305649.288408747,2.065246182026937,0.7184876466438408,1656.9135355163562,8886.092125138885,9485.924953147021,2257.1228202424704,110267.64419226575,0.11498393597316012,6m|t4|mm5
2026-04,10083,10,1319,1902054.258177118,893649.3372242956,1.7611752986141376,2.0584825105147577,24649.281445538447,24826.13882594248,35899.34306510256,35725.991607714735,369223.6720725431,0.6056474761290985,6m|t4|mm5
2026-05,17917,13,1337,2111598.4494398865,927883.748583421,1.793041020162531,2.5654690740836674,66477.08417448812,43440.06056246017,55295.07819294843,78332.10180497638,395167.25434960873,0.600633374293293,6m|t4|mm5
2026-06,15037,29,1224,2361017.1445507063,1070331.402897091,1.2410986718826627,1.8643634844139574,59471.67107606804,24400.842439082156,37084.072046968984,72160.73566458731,422968.8196173088,0.5971071811183964,6m|t4|mm5
2026-07,18193,42,1362,2928273.606955803,1314595.301373415,1.069305279118732,1.6725969997178716,61545.82133922886,18340.31888393966,43232.32761238284,86457.31109371707,547700.6969301883,0.8967139638141309,6m|t4|mm5
2026-08,16186,60,1150,2609737.34358806,1192186.2470942687,0.7414542084578787,0.1780709966524493,43937.68532571873,16706.43571518629,40325.2425427954,67584.50874955021,472936.46847662947,0.9966384702621681,6m|t4|mm5
2025-12,68,1,14,12373.484544614035,7041.256878029734,1.7908899579411774,2.6872456110294123,-739.1390274156987,311.82628569516476,311.82628569516476,-739.1390274156987,1874.939292908073,0.0,6m|t4|mm10
2026-01,3922,1,585,368125.4491025971,190119.58979595685,2.485886192765849,1.136522414645589,2996.2817892716957,5599.204079180737,5603.997551180736,3001.0752612716956,66242.08300814517,0.0001395206527281999,6m|t4|mm10
2026-02,8258,7,928,1251662.5647712236,621860.2866099665,1.1810170817753096,2.035241071665657,30089.745906165623,14864.88021367259,14864.88021367259,30089.745906165623,244769.0136219359,0.0,6m|t4|mm10
2026-03,3141,9,403,626007.8940662455,305649.288408747,2.065246182026937,0.7184876466438408,1656.9135355163562,8886.092125138885,9485.924953147021,2257.1228202424704,110267.64419226575,0.11498393597316012,6m|t4|mm10
2026-04,10083,10,1319,1902054.258177118,893649.3372242956,1.7611752986141376,2.0584825105147577,24649.281445538447,24826.13882594248,35899.34306510256,35725.991607714735,369223.6720725431,0.6056474761290985,6m|t4|mm10
2026-05,17862,12,1334,2107242.859687886,924996.2615164253,1.7881632722296432,2.5532364860122545,66378.44792337755,43232.9286937978,55066.46931839232,78211.98854797207,394451.3541531506,0.6005865734967593,6m|t4|mm10
2026-06,15013,28,1224,2258697.604550706,1068839.06014709,1.2418365607397226,1.864848769051368,59547.32241502481,24386.013088008927,37068.477446969984,72232.5384145883,422840.53331878304,0.5979876652195977,6m|t4|mm10
2026-07,18193,42,1362,2928273.606955803,1314595.301373415,1.069305279118732,1.6725969997178716,61545.82133922886,18340.31888393966,43232.32761238284,86457.31109371707,547700.6969301883,0.8967139638141309,6m|t4|mm10
2026-08,16185,59,1150,2611635.92196506,1193259.8889882548,0.740647302634243,0.20704184583608398,45365.23703032283,16737.93959196965,40374.39424298848,69029.70827756403,473289.4249448238,0.9966167302423836,6m|t4|mm10
2025-12,68,1,14,12373.484544614035,7041.256878029734,1.7908899579411774,2.6872456110294123,-739.1390274156987,311.82628569516476,311.82628569516476,-739.1390274156987,1874.939292908073,0.0,6m|t4|mm20
2026-01,3922,1,585,368125.4491025971,190119.58979595685,2.485886192765849,1.136522414645589,2996.2817892716957,5599.204079180737,5603.997551180736,3001.0752612716956,66242.08300814517,0.0001395206527281999,6m|t4|mm20
2026-02,8258,7,928,1251662.5647712236,621860.2866099665,1.1810170817753096,2.035241071665657,30089.745906165623,14864.88021367259,14864.88021367259,30089.745906165623,244769.0136219359,0.0,6m|t4|mm20
2026-03,3132,8,403,577505.2940662456,304789.4354387399,2.062945550522017,0.710225707218488,1676.4565055234693,8867.321745145997,9467.154573154134,2276.6657902495836,110193.43153271191,0.1153143495822784,6m|t4|mm20
2026-04,10083,10,1319,1902054.258177118,893649.3372242956,1.7611752986141376,2.0584825105147577,24649.281445538447,24826.13882594248,35899.34306510256,35725.991607714735,369223.6720725431,0.6056474761290985,6m|t4|mm20
2026-05,17862,12,1334,2107242.859687886,924996.2615164253,1.7881632722296432,2.5532364860122545,66378.44792337755,43232.9286937978,55066.46931839232,78211.98854797207,394451.3541531506,0.6005865734967593,6m|t4|mm20
2026-06,15013,28,1224,2258697.604550706,1068839.06014709,1.2418365607397226,1.864848769051368,59547.32241502481,24386.013088008927,37068.477446969984,72232.5384145883,422840.53331878304,0.5979876652195977,6m|t4|mm20
2026-07,17783,32,1361,2893250.727911213,1293534.0714713652,1.0081069019761932,1.5628906741048665,56167.30480508906,17494.522480602318,42107.71424628812,80797.66915876124,541319.7335005568,0.8957106881386517,6m|t4|mm20
2026-08,16033,52,1150,2598031.5162978936,1185618.8222202822,0.7148494164743143,0.1667531295242384,43760.399413810235,15935.877489910907,39417.056866706516,67269.59538682821,470183.9194603593,0.9959240687044149,6m|t4|mm20
2025-12,68,1,14,12373.484544614035,7041.256878029734,1.7908899579411774,2.6872456110294123,-739.1390274156987,311.82628569516476,311.82628569516476,-739.1390274156987,1874.939292908073,0.0,6m|t5|mm5
2026-01,3922,1,585,368125.4491025971,190119.58979595685,2.485886192765849,1.136522414645589,2996.2817892716957,5599.204079180737,5603.997551180736,3001.0752612716956,66242.08300814517,0.0001395206527281999,6m|t5|mm5
2026-02,4499,4,827,853117.5467654621,441555.58648216294,1.6902447884061527,2.6618481139484214,20228.25567141636,10332.54650891295,10332.54650891295,20228.25567141636,166983.72149364033,0.0,6m|t5|mm5
2026-03,3095,7,402,558148.3918030593,295920.8273835096,2.067192064111043,0.6630351138787473,-164.42960052063682,8680.422145696692,9254.740717291614,410.26542779226276,106234.20436301302,0.11405098324564694,6m|t5|mm5
2026-04,10028,8,1319,1890473.8833456158,886346.2667115424,1.760291038011261,2.1135890519635137,26271.27069819318,24638.91264307544,35655.016479411046,37289.88888931662,367287.273037448,0.6065188444216079,6m|t5|mm5
2026-05,17729,11,1327,2005621.8003041598,885825.5690993839,1.7972868244300226,2.564790438024416,71850.58552287656,43615.1424206693,54871.93844061177,83107.38154281903,375226.53399808245,0.6004956782494855,6m|t5|mm5
2026-06,12978,20,1213,1964271.8019808624,968477.6059199283,1.4254135767884732,2.1850764786730363,51774.166561079684,24727.941752115126,35820.60574577893,62868.86152007592,369823.1652998747,0.5943724692311094,6m|t5|mm5
2026-07,17296,27,1360,2813887.3854662,1264881.2899103551,1.08432567186868,1.6617179448641748,65199.05235444005,19271.20314096215,43086.25624146735,89030.99734839839,522243.3768389186,0.8976336023975048,6m|t5|mm5
2026-08,12022,45,1132,2414939.7834314983,1083356.3056264175,1.1082887826545227,0.6649092057780389,52697.31819014376,18113.200501827123,39711.355137859035,74322.5597385696,432504.8309685169,0.9976423593775091,6m|t5|mm5
2025-12,68,1,14,12373.484544614035,7041.256878029734,1.7908899579411774,2.6872456110294123,-739.1390274156987,311.82628569516476,311.82628569516476,-739.1390274156987,1874.939292908073,0.0,6m|t5|mm10
2026-01,3922,1,585,368125.4491025971,190119.58979595685,2.485886192765849,1.136522414645589,2996.2817892716957,5599.204079180737,5603.997551180736,3001.0752612716956,66242.08300814517,0.0001395206527281999,6m|t5|mm10
2026-02,4499,4,827,853117.5467654621,441555.58648216294,1.6902447884061527,2.6618481139484214,20228.25567141636,10332.54650891295,10332.54650891295,20228.25567141636,166983.72149364033,0.0,6m|t5|mm10
2026-03,3095,7,402,558148.3918030593,295920.8273835096,2.067192064111043,0.6630351138787473,-164.42960052063682,8680.422145696692,9254.740717291614,410.26542779226276,106234.20436301302,0.11405098324564694,6m|t5|mm10
2026-04,10028,8,1319,1890473.8833456158,886346.2667115424,1.760291038011261,2.1135890519635137,26271.27069819318,24638.91264307544,35655.016479411046,37289.88888931662,367287.273037448,0.6065188444216079,6m|t5|mm10
2026-05,17729,11,1327,2005621.8003041598,885825.5690993839,1.7972868244300226,2.564790438024416,71850.58552287656,43615.1424206693,54871.93844061177,83107.38154281903,375226.53399808245,0.6004956782494855,6m|t5|mm10
2026-06,12978,20,1213,1964271.8019808624,968477.6059199283,1.4254135767884732,2.1850764786730363,51774.166561079684,24727.941752115126,35820.60574577893,62868.86152007592,369823.1652998747,0.5943724692311094,6m|t5|mm10
2026-07,17296,27,1360,2813887.3854662,1264881.2899103551,1.08432567186868,1.6617179448641748,65199.05235444005,19271.20314096215,43086.25624146735,89030.99734839839,522243.3768389186,0.8976336023975048,6m|t5|mm10
2026-08,12022,45,1132,2414939.7834314983,1083356.3056264175,1.1082887826545227,0.6649092057780389,52697.31819014376,18113.200501827123,39711.355137859035,74322.5597385696,432504.8309685169,0.9976423593775091,6m|t5|mm10
2025-12,68,1,14,12373.484544614035,7041.256878029734,1.7908899579411774,2.6872456110294123,-739.1390274156987,311.82628569516476,311.82628569516476,-739.1390274156987,1874.939292908073,0.0,6m|t5|mm20
2026-01,3922,1,585,368125.4491025971,190119.58979595685,2.485886192765849,1.136522414645589,2996.2817892716957,5599.204079180737,5603.997551180736,3001.0752612716956,66242.08300814517,0.0001395206527281999,6m|t5|mm20
2026-02,4499,4,827,853117.5467654621,441555.58648216294,1.6902447884061527,2.6618481139484214,20228.25567141636,10332.54650891295,10332.54650891295,20228.25567141636,166983.72149364033,0.0,6m|t5|mm20
2026-03,3095,7,402,558148.3918030593,295920.8273835096,2.067192064111043,0.6630351138787473,-164.42960052063682,8680.422145696692,9254.740717291614,410.26542779226276,106234.20436301302,0.11405098324564694,6m|t5|mm20
2026-04,10028,8,1319,1890473.8833456158,886346.2667115424,1.760291038011261,2.1135890519635137,26271.27069819318,24638.91264307544,35655.016479411046,37289.88888931662,367287.273037448,0.6065188444216079,6m|t5|mm20
2026-05,17729,11,1327,2005621.8003041598,885825.5690993839,1.7972868244300226,2.564790438024416,71850.58552287656,43615.1424206693,54871.93844061177,83107.38154281903,375226.53399808245,0.6004956782494855,6m|t5|mm20
2026-06,12978,20,1213,1964271.8019808624,968477.6059199283,1.4254135767884732,2.1850764786730363,51774.166561079684,24727.941752115126,35820.60574577893,62868.86152007592,369823.1652998747,0.5943724692311094,6m|t5|mm20
2026-07,17041,22,1359,2783053.7138703256,1244761.039791268,1.0301463981958403,1.5988486681183953,63060.121982276745,18091.37614798428,41673.855788100875,86658.18189095822,517178.2751988943,0.8966461723407633,6m|t5|mm20
2026-08,11889,40,1132,2401309.7937613986,1076620.5984474164,1.0830728793622626,0.6602867347190929,50228.22687247897,17705.489457404572,39155.397999002416,71705.22232647076,429539.90907983563,0.9964501431327026,6m|t5|mm20
2025-12,71,2,14,12536.494704140709,7106.389878033334,1.969006152816902,2.0810087390140852,-771.2618678926253,317.4733439389713,317.4733439389713,-771.2618678926253,1901.3989448276413,0.0,6m|top10|mm5
2026-01,5100,4,626,561463.941178211,283277.4922201707,2.499663064168959,0.7747117329509804,1971.6140184858862,9963.897406003796,9968.765848003797,1976.4824604858861,104112.57701424893,0.00025429411764705883,6m|top10|mm5
2026-02,8523,8,930,1277197.0767492931,639201.7192220185,1.1925211566211926,2.0006537805422537,33907.39416511365,15319.147827617422,15319.147827617422,33907.39416511365,249092.77876724955,0.0,6m|top10|mm5
2026-03,3141,9,403,626007.8940662455,305649.288408747,2.065246182026937,0.7184876466438408,1656.9135355163562,8886.092125138885,9485.924953147021,2257.1228202424704,110267.64419226575,0.11498393597316012,6m|top10|mm5
2026-04,10028,8,1319,1890473.8833456158,886346.2667115424,1.760291038011261,2.1135890519635137,26271.27069819318,24638.91264307544,35655.016479411046,37289.88888931662,367287.273037448,0.6065188444216079,6m|top10|mm5
2026-05,17428,8,1325,1976608.671670751,873715.6259383128,1.809889814540277,2.7000108696782736,74732.73453141519,43649.46574372221,54730.456419570786,85813.72520726376,369366.3558616192,0.6003138887971682,6m|top10|mm5
2026-06,10358,7,1185,1568138.578075808,776609.4850447916,1.4079225585675919,1.9347482952867305,45597.66708208282,20243.94883442004,29144.312755936982,54499.91959905095,296741.75056560425,0.592111135033795,6m|top10|mm5
2026-07,13706,8,1325,2082114.3309732166,946264.9630993285,1.1336777486004348,1.9919440053416972,56838.44551925523,18037.720397151057,35614.123192034895,74430.25103059963,388571.4169920665,0.8926447711725026,6m|top10|mm5
2026-08,9100,9,1110,1637532.2479857518,741364.1600673485,1.1338612168430064,1.2380971358088873,54843.30095758993,18955.891664593935,33708.10816195221,69612.88185846512,295391.6180175037,0.9929416031482556,6m|top10|mm5
2025-12,71,2,14,12536.494704140709,7106.389878033334,1.969006152816902,2.0810087390140852,-771.2618678926253,317.4733439389713,317.4733439389713,-771.2618678926253,1901.3989448276413,0.0,6m|top10|mm10
2026-01,4442,3,606,462475.9996533379,231911.71725510294,2.406436185197428,1.0927938217244484,5110.3164994559165,7006.979750851305,7011.773222851305,5115.109971455916,84336.41114961459,0.00012318775326429537,6m|top10|mm10
2026-02,8611,9,932,1301574.9035640303,648215.7166249712,1.1853769583709697,1.9782246990903811,32632.44254024553,14977.757405919145,14977.757405919145,32632.44254024553,253753.0217212058,0.0,6m|top10|mm10
2026-03,3141,9,403,626007.8940662455,305649.288408747,2.065246182026937,0.7184876466438408,1656.9135355163562,8886.092125138885,9485.924953147021,2257.1228202424704,110267.64419226575,0.11498393597316012,6m|top10|mm10
2026-04,10028,8,1319,1890473.8833456158,886346.2667115424,1.760291038011261,2.1135890519635137,26271.27069819318,24638.91264307544,35655.016479411046,37289.88888931662,367287.273037448,0.6065188444216079,6m|top10|mm10
2026-05,17428,8,1325,1976608.671670751,873715.6259383128,1.809889814540277,2.7000108696782736,74732.73453141519,43649.46574372221,54730.456419570786,85813.72520726376,369366.3558616192,0.6003138887971682,6m|top10|mm10
2026-06,10358,7,1185,1568138.578075808,776609.4850447916,1.4079225585675919,1.9347482952867305,45597.66708208282,20243.94883442004,29144.312755936982,54499.91959905095,296741.75056560425,0.592111135033795,6m|top10|mm10
2026-07,13706,8,1325,2082114.3309732166,946264.9630993285,1.1336777486004348,1.9919440053416972,56838.44551925523,18037.720397151057,35614.123192034895,74430.25103059963,388571.4169920665,0.8926447711725026,6m|top10|mm10
2026-08,9100,9,1110,1637532.2479857518,741364.1600673485,1.1338612168430064,1.2380971358088873,54843.30095758993,18955.891664593935,33708.10816195221,69612.88185846512,295391.6180175037,0.9929416031482556,6m|top10|mm10
2025-12,71,2,14,12536.494704140709,7106.389878033334,1.969006152816902,2.0810087390140852,-771.2618678926253,317.4733439389713,317.4733439389713,-771.2618678926253,1901.3989448276413,0.0,6m|top10|mm20
2026-01,4442,3,606,462475.9996533379,231911.71725510294,2.406436185197428,1.0927938217244484,5110.3164994559165,7006.979750851305,7011.773222851305,5115.109971455916,84336.41114961459,0.00012318775326429537,6m|top10|mm20
2026-02,8611,9,932,1301574.9035640303,648215.7166249712,1.1853769583709697,1.9782246990903811,32632.44254024553,14977.757405919145,14977.757405919145,32632.44254024553,253753.0217212058,0.0,6m|top10|mm20
2026-03,3235,9,403,578881.3297902455,305482.1560141592,2.0252845005347986,0.5224142024353337,1664.9556986340476,8914.361293041828,9515.318634520045,2266.289496830242,110512.4975411857,0.11232832856002965,6m|top10|mm20
2026-04,10028,8,1319,1890473.8833456158,886346.2667115424,1.760291038011261,2.1135890519635137,26271.27069819318,24638.91264307544,35655.016479411046,37289.88888931662,367287.273037448,0.6065188444216079,6m|top10|mm20
2026-05,17428,8,1325,1976608.671670751,873715.6259383128,1.809889814540277,2.7000108696782736,74732.73453141519,43649.46574372221,54730.456419570786,85813.72520726376,369366.3558616192,0.6003138887971682,6m|top10|mm20
2026-06,10358,7,1185,1568138.578075808,776609.4850447916,1.4079225585675919,1.9347482952867305,45597.66708208282,20243.94883442004,29144.312755936982,54499.91959905095,296741.75056560425,0.592111135033795,6m|top10|mm20
2026-07,13706,8,1325,2082114.3309732166,946264.9630993285,1.1336777486004348,1.9919440053416972,56838.44551925523,18037.720397151057,35614.123192034895,74430.25103059963,388571.4169920665,0.8926447711725026,6m|top10|mm20
2026-08,9100,9,1110,1637532.2479857518,741364.1600673485,1.1338612168430064,1.2380971358088873,54843.30095758993,18955.891664593935,33708.10816195221,69612.88185846512,295391.6180175037,0.9929416031482556,6m|top10|mm20
2025-12,71,2,14,12536.494704140709,7106.389878033334,1.969006152816902,2.0810087390140852,-771.2618678926253,317.4733439389713,317.4733439389713,-771.2618678926253,1901.3989448276413,0.0,6m|top25|mm5
2026-01,5100,4,626,561463.941178211,283277.4922201707,2.499663064168959,0.7747117329509804,1971.6140184858862,9963.897406003796,9968.765848003797,1976.4824604858861,104112.57701424893,0.00025429411764705883,6m|top25|mm5
2026-02,8934,12,939,1306653.0969349886,650488.0608460377,1.171971165185684,1.7571893949759265,33020.93805691707,15034.784093054308,15034.784093054308,33020.93805691707,254831.75619540046,0.0,6m|top25|mm5
2026-03,5237,17,417,712221.9848189823,351452.65677631384,1.4720602129720202,0.21701495270594723,2874.450277525611,9498.684056593813,10221.812136529783,3597.9548141795567,127395.25045102717,0.12642660972101483,6m|top25|mm5
2026-04,14121,14,1360,2083781.1683326138,987275.7936131028,1.4126986022063404,1.9195628874219903,18310.76956986709,24466.688966959835,36569.0148907168,30416.60183619509,403527.7422109333,0.605144784414282,6m|top25|mm5
2026-05,18012,14,1337,2116196.447087936,929561.301053421,1.7854594274800055,2.5555550916389,66463.15828788409,43441.73568492524,55324.82658532506,78346.24918828391,396103.03001332737,0.6007167086925458,6m|top25|mm5
2026-06,12638,18,1210,1959356.44657468,967066.0206729269,1.396710113166269,2.1885562554921463,51912.215255885916,24614.901673802084,35683.01247739618,62982.357024812445,369004.72563088447,0.5933089732616125,6m|top25|mm5
2026-07,16536,18,1355,2600368.4172217343,1190388.438313737,1.0811705502228013,1.7070245525416707,70874.31766084196,17392.939206068328,39271.10269399273,92768.97281733125,481516.5584222382,0.8930681134255136,6m|top25|mm5
2026-08,10707,21,1125,2095825.5890782003,963311.2258181481,1.0794630607806883,1.1344993387112252,56809.75735044278,18547.913477120943,37444.65477470284,75727.97751551862,378364.40330151666,0.9907748177835913,6m|top25|mm5
2025-12,71,2,14,12536.494704140709,7106.389878033334,1.969006152816902,2.0810087390140852,-771.2618678926253,317.4733439389713,317.4733439389713,-771.2618678926253,1901.3989448276413,0.0,6m|top25|mm10
2026-01,4442,3,606,462475.9996533379,231911.71725510294,2.406436185197428,1.0927938217244484,5110.3164994559165,7006.979750851305,7011.773222851305,5115.109971455916,84336.41114961459,0.00012318775326429537,6m|top25|mm10
2026-02,8933,11,939,1306501.4369349885,650338.2674460302,1.171971165185684,1.7572483434669655,33019.071456924525,15034.784093054308,15034.784093054308,33019.071456924525,254829.91256913554,0.0,6m|top25|mm10
2026-03,5414,18,419,785155.7886583094,384061.714804114,1.4453292383328138,-0.12365980215453445,-10939.388351059395,10955.085413754594,11857.076590964029,-10036.990041048983,141237.39667264535,0.13243720061408376,6m|top25|mm10
2026-04,14135,17,1360,2087731.7979818052,989564.6314342427,1.4127137618734704,1.9269211206274517,19881.77758298675,24944.315595693108,37068.50271438175,32009.471044246424,404256.4487086558,0.6051446321111408,6m|top25|mm10
2026-05,18179,15,1334,2160170.4484579,951050.3053393745,1.761218085697046,2.5327875041048244,70429.78498569377,43982.0807226691,56112.05513586439,82559.75939888906,404332.480439843,0.6007936341910115,6m|top25|mm10
2026-06,12640,19,1210,1959402.94657168,967072.4206709281,1.3966544403656422,2.18593794906438,51905.650828625076,24615.458330121426,35683.73356297523,62975.95702681131,369010.2066062079,0.5932718563185314,6m|top25|mm10
2026-07,16536,18,1355,2600368.4172217343,1190388.438313737,1.0811705502228013,1.7070245525416707,70874.31766084196,17392.939206068328,39271.10269399273,92768.97281733125,481516.5584222382,0.8930681134255136,6m|top25|mm10
2026-08,10707,21,1125,2095825.5890782003,963311.2258181481,1.0794630607806883,1.1344993387112252,56809.75735044278,18547.913477120943,37444.65477470284,75727.97751551862,378364.40330151666,0.9907748177835913,6m|top25|mm10
2025-12,71,2,14,12536.494704140709,7106.389878033334,1.969006152816902,2.0810087390140852,-771.2618678926253,317.4733439389713,317.4733439389713,-771.2618678926253,1901.3989448276413,0.0,6m|top25|mm20
2026-01,4442,3,606,462475.9996533379,231911.71725510294,2.406436185197428,1.0927938217244484,5110.3164994559165,7006.979750851305,7011.773222851305,5115.109971455916,84336.41114961459,0.00012318775326429537,6m|top25|mm20
2026-02,8612,10,932,1302022.2886991655,648381.2491249712,1.1854146700494645,1.9736970855813682,32466.91004024553,14984.510217911313,14984.510217911313,32466.91004024553,253857.3071962058,0.0,6m|top25|mm20
2026-03,5365,14,419,724161.4367802863,377117.79132192134,1.4472175338632887,-0.14490524333506932,-10777.247373192156,10914.4311914749,11786.60975309736,-9904.661678768716,138532.44893009728,0.1313319775046872,6m|top25|mm20
2026-04,14135,17,1360,2087731.7979818052,989564.6314342427,1.4127137618734704,1.9269211206274517,19881.77758298675,24944.315595693108,37068.50271438175,32009.471044246424,404256.4487086558,0.6051446321111408,6m|top25|mm20
2026-05,18710,15,1340,2161762.3241962628,947630.9803093778,1.7013016887532877,2.4572054605533946,70230.1449800799,43838.72569133164,55995.373990044274,82386.79327879255,405221.609957088,0.6014059435401384,6m|top25|mm20
2026-06,12640,19,1210,1959402.94657168,967072.4206709281,1.3966544403656422,2.18593794906438,51905.650828625076,24615.458330121426,35683.73356297523,62975.95702681131,369010.2066062079,0.5932718563185314,6m|top25|mm20
2026-07,16499,18,1355,2597009.4000746594,1185564.779058951,1.0731866333021673,1.7044661171074944,68064.10421898602,16935.69878636243,38833.39078814443,89977.3764893329,481724.3484807844,0.8929056587742253,6m|top25|mm20
2026-08,10707,21,1125,2095825.5890782003,963311.2258181481,1.0794630607806883,1.1344993387112252,56809.75735044278,18547.913477120943,37444.65477470284,75727.97751551862,378364.40330151666,0.9907748177835913,6m|top25|mm20
2025-12,71,2,14,12536.494704140709,7106.389878033334,1.969006152816902,2.0810087390140852,-771.2618678926253,317.4733439389713,317.4733439389713,-771.2618678926253,1901.3989448276413,0.0,6m|top50|mm5
2026-01,5100,4,626,561463.941178211,283277.4922201707,2.499663064168959,0.7747117329509804,1971.6140184858862,9963.897406003796,9968.765848003797,1976.4824604858861,104112.57701424893,0.00025429411764705883,6m|top50|mm5
2026-02,8934,12,939,1306653.0969349886,650488.0608460377,1.171971165185684,1.7571893949759265,33020.93805691707,15034.784093054308,15034.784093054308,33020.93805691707,254831.75619540046,0.0,6m|top50|mm5
2026-03,5417,19,419,785578.0486583094,384474.9825041151,1.4454691476323442,-0.12232478166414057,-10930.396051060461,10959.485413754594,11861.476590964028,-10027.997741050049,141246.1484125684,0.13236385529345568,6m|top50|mm5
2026-04,14179,20,1362,2109003.2340640905,1009497.8379354399,1.4120076629315417,1.8950200518350995,20079.49717146774,25241.615209693733,37384.58049069296,32227.423782595946,404930.8870376068,0.6040603886931464,6m|top50|mm5
2026-05,35948,32,1414,2980233.2573987395,1172172.5395753756,0.8014845427293993,1.0999972472075348,51893.50341857558,42408.567109395044,56956.025428689856,66440.96173787038,484915.2773098271,0.6105997441744617,6m|top50|mm5
2026-06,15132,33,1224,2371137.2161881602,1076891.172904149,1.2430520595750938,1.7761739829532632,49899.62482316626,24147.79674711291,36931.1548093106,62688.81786599639,426306.43476100435,0.5978899984206465,6m|top50|mm5
2026-07,17834,35,1362,2909415.585062965,1305074.9897042722,1.0753037019946805,1.663642786962953,60364.62967335399,18292.685468241438,43016.645232149735,85105.61910411257,543510.8658540358,0.8976664962977962,6m|top50|mm5
2026-08,11442,36,1129,2279433.7198235276,1029663.5415268923,1.0906887631841886,0.8262057715070912,52097.874512526694,17982.24514537988,38484.761915585455,72626.61057272622,410574.7212039903,0.9969916576425328,6m|top50|mm5
2025-12,71,2,14,12536.494704140709,7106.389878033334,1.969006152816902,2.0810087390140852,-771.2618678926253,317.4733439389713,317.4733439389713,-771.2618678926253,1901.3989448276413,0.0,6m|top50|mm10
2026-01,4442,3,606,462475.9996533379,231911.71725510294,2.406436185197428,1.0927938217244484,5110.3164994559165,7006.979750851305,7011.773222851305,5115.109971455916,84336.41114961459,0.00012318775326429537,6m|top50|mm10
2026-02,8933,11,939,1306501.4369349885,650338.2674460302,1.171971165185684,1.7572483434669655,33019.071456924525,15034.784093054308,15034.784093054308,33019.071456924525,254829.91256913554,0.0,6m|top50|mm10
2026-03,5414,18,419,785155.7886583094,384061.714804114,1.4453292383328138,-0.12365980215453445,-10939.388351059395,10955.085413754594,11857.076590964029,-10036.990041048983,141237.39667264535,0.13243720061408376,6m|top50|mm10
2026-04,14136,18,1361,2088561.9741100546,989816.7114342571,1.4126138474157208,1.924591897523158,19624.43147857396,24944.324083316973,37073.777306404,31757.391044232023,404431.9855219355,0.605146697134454,6m|top50|mm10
2026-05,36267,32,1414,2982935.3672958766,1171344.1788873575,0.7921039417960605,1.0743833163715701,49685.630724423354,42053.17615404247,56630.39027580382,64262.8448461847,485907.1373920449,0.6106867857570869,6m|top50|mm10
2026-06,22911,35,1248,2393715.0964750894,1140738.120641306,0.6786931524891628,1.2484216446739644,51140.63670968254,24336.541850911253,37816.32824905511,64623.17474842883,449417.93462487636,0.6044572570544631,6m|top50|mm10
2026-07,18026,37,1362,2913319.9722352773,1307276.6213203077,1.0760214425836776,1.665684373779184,60714.436053069745,18249.074950683058,42999.76113558225,85483.1403623896,544324.58971319,0.8959068677067719,6m|top50|mm10
2026-08,11483,37,1129,2295746.545802549,1036456.284983713,1.099082260931639,0.8574266945827542,53808.61148469876,18224.20919550852,38884.87470344614,74495.49628263032,413737.6959586312,0.9970791095581497,6m|top50|mm10
2025-12,71,2,14,12536.494704140709,7106.389878033334,1.969006152816902,2.0810087390140852,-771.2618678926253,317.4733439389713,317.4733439389713,-771.2618678926253,1901.3989448276413,0.0,6m|top50|mm20
2026-01,4442,3,606,462475.9996533379,231911.71725510294,2.406436185197428,1.0927938217244484,5110.3164994559165,7006.979750851305,7011.773222851305,5115.109971455916,84336.41114961459,0.00012318775326429537,6m|top50|mm20
2026-02,8612,10,932,1302022.2886991655,648381.2491249712,1.1854146700494645,1.9736970855813682,32466.91004024553,14984.510217911313,14984.510217911313,32466.91004024553,253857.3071962058,0.0,6m|top50|mm20
2026-03,5365,14,419,724161.4367802863,377117.79132192134,1.4472175338632887,-0.14490524333506932,-10777.247373192156,10914.4311914749,11786.60975309736,-9904.661678768716,138532.44893009728,0.1313319775046872,6m|top50|mm20
2026-04,14136,18,1361,2088561.9741100546,989816.7114342571,1.4126138474157208,1.924591897523158,19624.43147857396,24944.324083316973,37073.777306404,31757.391044232023,404431.9855219355,0.605146697134454,6m|top50|mm20
2026-05,36245,29,1414,2973129.453542794,1164204.2792243653,0.79025470303296,1.0661043891641508,48148.232513090465,41905.03900149236,56448.90076816713,62692.09427976523,484795.3922224921,0.6109172704691783,6m|top50|mm20
2026-06,22911,35,1248,2393715.0964750894,1140738.120641306,0.6786931524891628,1.2484216446739644,51140.63670968254,24336.541850911253,37816.32824905511,64623.17474842883,449417.93462487636,0.6044572570544631,6m|top50|mm20
2026-07,25935,34,1398,3060217.266089458,1397751.4096712873,0.48825554804134746,0.717741037044537,53733.61331877751,15674.284606161718,42025.376520351114,80101.89409595332,578325.2342596822,0.9144994074120804,6m|top50|mm20
2026-08,11722,38,1131,2364506.2030801126,1063164.7943475344,1.0585525566050706,0.5881799441122525,49163.28823230427,17392.241718005225,38540.960335077565,70339.09376177055,423516.1105893255,0.9959097044323644,6m|top50|mm20
2025-12,71,2,14,12536.494704140709,7106.389878033334,1.969006152816902,2.0810087390140852,-771.2618678926253,317.4733439389713,317.4733439389713,-771.2618678926253,1901.3989448276413,0.0,6m|tnet2|mm5
2026-01,5100,4,626,561463.941178211,283277.4922201707,2.499663064168959,0.7747117329509804,1971.6140184858862,9963.897406003796,9968.765848003797,1976.4824604858861,104112.57701424893,0.00025429411764705883,6m|tnet2|mm5
2026-02,8934,12,939,1306653.0969349886,650488.0608460377,1.171971165185684,1.7571893949759265,33020.93805691707,15034.784093054308,15034.784093054308,33020.93805691707,254831.75619540046,0.0,6m|tnet2|mm5
2026-03,5417,19,419,785578.0486583094,384474.9825041151,1.4454691476323442,-0.12232478166414057,-10930.396051060461,10959.485413754594,11861.476590964028,-10027.997741050049,141246.1484125684,0.13236385529345568,6m|tnet2|mm5
2026-04,10110,11,1320,1922195.9657704425,913282.167433253,1.7603857173757047,2.058500778606866,25144.139701416363,25133.59742257559,36219.36580266685,36234.86899208177,369690.9763555136,0.6041908636512944,6m|tnet2|mm5
2026-05,19116,24,1347,2514565.4499344933,934242.587143303,1.6929155369252764,2.4449282082937636,75600.3348964717,44911.58407515096,56726.70709601434,87415.45791733508,393837.43402877933,0.6001125085282702,6m|tnet2|mm5
2026-06,15148,38,1226,2370424.7013911996,1077562.8157801786,1.2451620117499578,1.7922278385655879,50155.43700481819,24220.071042557356,36946.649642087265,62888.43817341288,424443.7994861987,0.5962667074193032,6m|tnet2|mm5
2026-07,18486,55,1363,3024196.491477772,1358683.466445003,1.0889609508878368,1.7469660095350301,79258.25438923288,21746.709704127385,47554.745930522884,105084.67015731157,566240.6294129823,0.8959688068599361,6m|tnet2|mm5
2026-08,12571,60,1132,2377819.178039908,1083397.8026087957,1.182467412302039,0.6906279908560722,47087.592257084136,19946.3432779616,41314.46540341138,68482.66341475683,427901.4231534538,0.9976576052333399,6m|tnet2|mm5
2025-12,71,2,14,12536.494704140709,7106.389878033334,1.969006152816902,2.0810087390140852,-771.2618678926253,317.4733439389713,317.4733439389713,-771.2618678926253,1901.3989448276413,0.0,6m|tnet2|mm10
2026-01,4442,3,606,462475.9996533379,231911.71725510294,2.406436185197428,1.0927938217244484,5110.3164994559165,7006.979750851305,7011.773222851305,5115.109971455916,84336.41114961459,0.00012318775326429537,6m|tnet2|mm10
2026-02,8933,11,939,1306501.4369349885,650338.2674460302,1.171971165185684,1.7572483434669655,33019.071456924525,15034.784093054308,15034.784093054308,33019.071456924525,254829.91256913554,0.0,6m|tnet2|mm10
2026-03,5414,18,419,785155.7886583094,384061.714804114,1.4453292383328138,-0.12365980215453445,-10939.388351059395,10955.085413754594,11857.076590964029,-10036.990041048983,141237.39667264535,0.13243720061408376,6m|tnet2|mm10
2026-04,10083,10,1319,1902054.258177118,893649.3372242956,1.7611752986141376,2.0584825105147577,24649.281445538447,24826.13882594248,35899.34306510256,35725.991607714735,369223.6720725431,0.6056474761290985,6m|tnet2|mm10
2026-05,19040,21,1343,2508689.0501824934,929955.4045763077,1.6875266427760314,2.434229296453552,75444.17210219709,44679.245603857744,56470.30366199098,87235.23016033032,393035.2686044412,0.6003353816404604,6m|tnet2|mm10
2026-06,15113,35,1226,2265382.442119014,1074033.3442331753,1.2470287217481395,1.7929631272393645,50245.962541352026,24226.70449300261,36950.430483441225,62972.99509082542,424244.8455154887,0.5973498657612178,6m|tnet2|mm10
2026-07,18400,48,1363,3001798.8377456698,1346892.1212640062,1.0795354365160108,1.7206982926254413,77285.8624253315,19369.255108580695,44973.5591305334,102908.37659388824,561858.8962454795,0.8964032503850768,6m|tnet2|mm10
2026-08,12551,56,1132,2375119.242691554,1081630.9865057694,1.1862851143668207,0.7601780014488644,48805.51451609907,20023.887882611096,41362.206028072105,70170.65022878301,427302.7142536785,0.9975946741052745,6m|tnet2|mm10
2025-12,71,2,14,12536.494704140709,7106.389878033334,1.969006152816902,2.0810087390140852,-771.2618678926253,317.4733439389713,317.4733439389713,-771.2618678926253,1901.3989448276413,0.0,6m|tnet2|mm20
2026-01,4442,3,606,462475.9996533379,231911.71725510294,2.406436185197428,1.0927938217244484,5110.3164994559165,7006.979750851305,7011.773222851305,5115.109971455916,84336.41114961459,0.00012318775326429537,6m|tnet2|mm20
2026-02,8612,10,932,1302022.2886991655,648381.2491249712,1.1854146700494645,1.9736970855813682,32466.91004024553,14984.510217911313,14984.510217911313,32466.91004024553,253857.3071962058,0.0,6m|tnet2|mm20
2026-03,5365,14,419,724161.4367802863,377117.79132192134,1.4472175338632887,-0.14490524333506932,-10777.247373192156,10914.4311914749,11786.60975309736,-9904.661678768716,138532.44893009728,0.1313319775046872,6m|tnet2|mm20
2026-04,10083,10,1319,1902054.258177118,893649.3372242956,1.7611752986141376,2.0584825105147577,24649.281445538447,24826.13882594248,35899.34306510256,35725.991607714735,369223.6720725431,0.6056474761290985,6m|tnet2|mm20
2026-05,19015,18,1342,2499489.2064294103,923346.6958033174,1.6850271168874862,2.4300669009143077,74364.21322585442,44440.196136351486,56203.27161440621,86127.28870390913,392102.51593515737,0.6007614677630526,6m|tnet2|mm20
2026-06,15077,32,1225,2262492.9821190136,1072059.9240331843,1.2476146281606768,1.8014125687003164,50257.39590751581,24226.06437591517,36944.85493460454,62978.62529081635,424051.4066430602,0.5979496347532394,6m|tnet2|mm20
2026-07,17763,33,1361,2888095.0798550225,1292545.088791386,1.0090254371653828,1.5428501196991395,55173.510982259686,17626.348073092082,42162.56735241844,79726.94378254969,539415.3468107325,0.8951716148821632,6m|tnet2|mm20
2026-08,12378,48,1133,2359353.9295429587,1074240.1234328002,1.152037833614075,0.7322821932684359,46234.4737829634,19217.907298446546,40373.1656417166,67416.10854375125,423632.69521575695,0.9966366413696314,6m|tnet2|mm20
2025-12,71,2,14,12536.494704140709,7106.389878033334,1.969006152816902,2.0810087390140852,-771.2618678926253,317.4733439389713,317.4733439389713,-771.2618678926253,1901.3989448276413,0.0,6m|tnet3|mm5
2026-01,5100,4,626,561463.941178211,283277.4922201707,2.499663064168959,0.7747117329509804,1971.6140184858862,9963.897406003796,9968.765848003797,1976.4824604858861,104112.57701424893,0.00025429411764705883,6m|tnet3|mm5
2026-02,8612,10,932,1301726.5635640305,648365.5100249787,1.1853769583709697,1.9781378777024048,32634.30914023807,14977.757405919145,14977.757405919145,32634.30914023807,253754.8653474707,0.0,6m|tnet3|mm5
2026-03,3281,12,403,629519.8160406607,308676.00282742846,2.0189289543660065,0.6469920987208339,1176.983114869911,8936.453482898298,9547.279848068258,1788.1859367578495,111058.49677620232,0.11364108648794409,6m|tnet3|mm5
2026-04,10046,9,1319,1894112.4258856159,889818.7210636525,1.7621301087221743,2.1164763531018584,26432.809223770502,24746.454467164403,35766.11639758418,37455.97707720648,367438.92844786606,0.6056216319996748,6m|tnet3|mm5
2026-05,17802,13,1334,2015811.781280601,894389.3254163763,1.8020485519388927,2.573395999490011,72079.86536793705,43928.548110388896,55211.329516719314,83362.64677426747,376092.7135443473,0.6000405886972716,6m|tnet3|mm5
2026-06,13445,27,1215,2113463.3951520245,993595.3976510371,1.4074464990534699,2.154711174074192,47210.799071721915,24160.251965668976,35497.73984257589,58554.0520895785,378108.43392855296,0.5955207396602817,6m|tnet3|mm5
2026-07,17609,37,1357,2669741.4892391553,1229736.1717082034,1.119345100067823,1.752872566393329,71019.80621254498,18593.441634151626,41064.51045597004,93511.96210208161,494557.86311127845,0.8978325107729535,6m|tnet3|mm5
2026-08,11096,48,1119,1934489.355384928,878059.6096620609,1.3010897635091556,0.8842804332891536,53955.32385742515,23074.640280779702,40462.815993509845,71365.11929378442,348195.9087271851,0.9994338412322955,6m|tnet3|mm5
2025-12,71,2,14,12536.494704140709,7106.389878033334,1.969006152816902,2.0810087390140852,-771.2618678926253,317.4733439389713,317.4733439389713,-771.2618678926253,1901.3989448276413,0.0,6m|tnet3|mm10
2026-01,4442,3,606,462475.9996533379,231911.71725510294,2.406436185197428,1.0927938217244484,5110.3164994559165,7006.979750851305,7011.773222851305,5115.109971455916,84336.41114961459,0.00012318775326429537,6m|tnet3|mm10
2026-02,8611,9,932,1301574.9035640303,648215.7166249712,1.1853769583709697,1.9782246990903811,32632.44254024553,14977.757405919145,14977.757405919145,32632.44254024553,253753.0217212058,0.0,6m|tnet3|mm10
2026-03,3277,11,403,628897.5560406607,308064.73512742744,2.0188734791682017,0.6453830483103618,1165.9908148709771,8932.053482898298,9542.879848068258,1777.1936367589155,111047.76503627925,0.11377980005094432,6m|tnet3|mm10
2026-04,10046,9,1319,1894112.4258856159,889818.7210636525,1.7621301087221743,2.1164763531018584,26432.809223770502,24746.454467164403,35766.11639758418,37455.97707720648,367438.92844786606,0.6056216319996748,6m|tnet3|mm10
2026-05,17746,12,1328,2011440.1915286009,891492.8783493807,1.7966338290487986,2.558815253900315,71974.30738882649,43719.61451346573,54980.8006419024,83235.49351726317,375372.8709478891,0.5999838030302611,6m|tnet3|mm10
2026-06,13416,25,1215,2009116.3900864336,990097.3238410352,1.4088445354535164,2.156202043829649,47265.36140483601,24144.577141060905,35480.69582764205,58604.12083398958,377958.64763845253,0.5967136778593793,6m|tnet3|mm10
2026-07,17607,36,1357,2669132.869239155,1229133.8275082086,1.1194117009282256,1.7529570879571033,71013.84095820325,18593.666443351627,41064.51045597004,93505.68630207636,494551.65219800774,0.8979285326843571,6m|tnet3|mm10
2026-08,11095,46,1119,1935320.3681600103,877793.7009490425,1.301822545581119,0.9612187799165659,56036.51757340223,23140.35416845225,40541.80221265625,73459.30382688534,348455.72506966215,0.9994909775859127,6m|tnet3|mm10
2025-12,71,2,14,12536.494704140709,7106.389878033334,1.969006152816902,2.0810087390140852,-771.2618678926253,317.4733439389713,317.4733439389713,-771.2618678926253,1901.3989448276413,0.0,6m|tnet3|mm20
2026-01,4442,3,606,462475.9996533379,231911.71725510294,2.406436185197428,1.0927938217244484,5110.3164994559165,7006.979750851305,7011.773222851305,5115.109971455916,84336.41114961459,0.00012318775326429537,6m|tnet3|mm20
2026-02,8611,9,932,1301574.9035640303,648215.7166249712,1.1853769583709697,1.9782246990903811,32632.44254024553,14977.757405919145,14977.757405919145,32632.44254024553,253753.0217212058,0.0,6m|tnet3|mm20
2026-03,3235,9,403,578881.3297902455,305482.1560141592,2.0252845005347986,0.5224142024353337,1664.9556986340476,8914.361293041828,9515.318634520045,2266.289496830242,110512.4975411857,0.11232832856002965,6m|tnet3|mm20
2026-04,10046,9,1319,1894112.4258856159,889818.7210636525,1.7621301087221743,2.1164763531018584,26432.809223770502,24746.454467164403,35766.11639758418,37455.97707720648,367438.92844786606,0.6056216319996748,6m|tnet3|mm20
2026-05,17729,11,1327,2005621.8003041598,885825.5690993839,1.7972868244300226,2.564790438024416,71850.58552287656,43615.1424206693,54871.93844061177,83107.38154281903,375226.53399808245,0.6004956782494855,6m|tnet3|mm20
2026-06,13416,25,1215,2009116.3900864336,990097.3238410352,1.4088445354535164,2.156202043829649,47265.36140483601,24144.577141060905,35480.69582764205,58604.12083398958,377958.64763845253,0.5967136778593793,6m|tnet3|mm20
2026-07,17189,26,1356,2632806.647313786,1207604.221784066,1.0533640328347331,1.6227526401981367,65616.4684804198,17662.997324829084,39835.499136297236,87807.63760843403,487780.04314741964,0.8968130803230497,6m|tnet3|mm20
2026-08,10931,40,1119,1914336.5606667155,867111.2372810501,1.267370367551368,0.8972206871888269,53080.82072670039,22134.819135194266,39315.51658490876,70282.856385694,344040.7131798721,0.9984145888380692,6m|tnet3|mm20
2025-12,74,3,14,12884.404704140708,7216.863378033334,1.760803193243244,1.8885354117567577,-790.8253678926253,303.9065439004713,303.9065439004713,-790.8253678926253,1941.8949698276413,0.0,6m|eb0c|mm5
2026-01,6113,9,639,619508.1559877982,307927.36601520656,2.3103069881184775,1.0918519799357218,2569.2179272399085,10167.372518380154,10174.490405710694,2576.3358145704474,115429.88138709501,0.000574916375418414,6m|eb0c|mm5
2026-02,13396,26,966,1547092.1652323096,772704.9165920073,0.4871362039428186,0.5084313892212351,41707.24194714377,13848.14511249613,13848.14511249613,41707.24194714377,300896.8857705754,0.0,6m|eb0c|mm5
2026-03,5774,38,421,828829.3426579675,406733.7865532969,1.4158520697715455,-0.0849825584122148,-12084.911691831896,12284.11194130277,13228.597799750274,-11140.004235472376,150398.25572793282,0.1291202754662501,6m|eb0c|mm5
2026-04,12959,24,1360,2031493.4299171066,973185.7608407191,1.511319495855406,2.0455919163883474,18280.86556496797,24452.839052803756,36137.257614826594,29970.24545711979,389645.9964050606,0.6036372681382368,6m|eb0c|mm5
2026-05,22137,42,1375,2866722.5094095552,1095729.2143994435,1.5256239150122675,2.1514270387345427,57011.3050204869,43326.10154667513,57095.39626493692,70780.59973874869,458976.49060872634,0.6011779288816658,6m|eb0c|mm5
2026-06,17026,70,1230,2613472.477518413,1131245.0998254474,1.1269633123312683,1.4641684692891042,44334.21108668767,24667.08854636889,38149.60353374078,57852.84864312433,450631.6790809312,0.5986374678822719,6m|eb0c|mm5
2026-07,20819,80,1370,4109027.823922814,1397156.0696830375,1.0005547103691632,1.488725022290495,82036.43747229822,20916.1011271343,47451.186705655884,108658.26841859998,583090.0612506807,0.900131760246854,6m|eb0c|mm5
2026-08,14661,83,1141,2675033.134325506,1215495.7059229277,1.0700252616143764,0.6134153512530672,55132.91890582047,19962.707940524233,44240.24417419554,79441.12031586764,486164.02820094326,0.9934372435180941,6m|eb0c|mm5
2025-12,91,4,14,29261.4816786489,9259.059878024387,2.842646788461539,13.57289086901099,8769.528132116324,1760.309714502538,1760.309714502538,8769.528132116324,3626.6386663373623,0.0,6m|eb0c|mm10
2026-01,5049,6,622,498768.9855103379,248469.74233811334,2.2283634770787857,1.2464144754050308,6257.372460445488,7049.441265420311,7054.234737420311,6262.165932445489,91658.22275479305,0.00010837789661319074,6m|eb0c|mm10
2026-02,12587,18,958,1462096.9702533856,727160.0638450653,0.5731556386558669,0.601951435626192,29381.214429395797,14040.236537571214,14040.236537571214,29381.214429395797,287151.24497396685,0.0,6m|eb0c|mm10
2026-03,5666,30,421,821585.3337465952,401743.3342899251,1.4359900936467689,-0.02267734961633438,-9563.287156320435,12375.814617939866,13312.160014558713,-8626.520161789571,148702.84415732956,0.1285930744822009,6m|eb0c|mm10
2026-04,12878,20,1359,2008832.2524180708,952302.3814080054,1.5228077725963436,2.0782212239088502,17856.85246106549,24223.597900594457,35883.83443024477,29520.59533328684,388791.4290740451,0.6049878744286246,6m|eb0c|mm10
2026-05,22299,38,1376,2868878.8197699776,1095136.4202564342,1.5127879572669272,2.0698846957632724,54404.28019762006,43164.74723537641,56961.29754280842,68200.83050505206,459885.01024773356,0.601568107215785,6m|eb0c|mm10
2026-06,16912,60,1230,2503705.480446153,1125717.175741442,1.1396852267536668,1.4326125136356667,43817.80151236903,24729.99465129157,38173.905080757024,57294.718500869254,449240.9934830501,0.5990497669635646,6m|eb0c|mm10
2026-07,20511,68,1370,3070504.2210116303,1376694.867285104,0.9892864301412488,1.4769351325116469,82680.02976689865,18277.996212207298,44503.216003912035,108923.5594323167,575017.0076067182,0.9002914555092177,6m|eb0c|mm10
2026-08,14521,74,1141,2647015.371707295,1205336.6499987813,1.0794951603597078,0.664825866428853,62205.63259328094,21810.77821363754,45806.93887369891,86231.49871511006,480517.3224365825,0.9926574047274034,6m|eb0c|mm10
2025-12,91,4,14,29261.4816786489,9259.059878024387,2.842646788461539,13.57289086901099,8769.528132116324,1760.309714502538,1760.309714502538,8769.528132116324,3626.6386663373623,0.0,6m|eb0c|mm20
2026-01,5035,5,622,497791.3956403379,248257.5649391184,2.241148526128358,1.2310878120854023,6111.3199894404515,7082.997480524775,7087.790952524775,6116.113461440451,91500.90328897031,0.00010867924528301887,6m|eb0c|mm20
2026-02,11615,15,952,1433072.5298835624,712685.5136099765,0.6490911451617773,0.702384973534275,29430.83239574661,14327.627508185542,14327.627508185542,29430.83239574661,281358.9699955863,0.0,6m|eb0c|mm20
2026-03,5556,20,420,749454.0031734608,389016.57615090156,1.455423684123013,-0.129504219329018,-8899.297487759603,12139.637777002436,13045.578637373272,-7992.949494587788,144110.70236575272,0.1290083304647271,6m|eb0c|mm20
2026-04,12845,19,1358,2004310.7708806521,949479.0830030922,1.5416682583460646,2.070878698426035,16292.914397963576,24868.50814430651,36503.15877048895,27931.07136671706,387938.5656251161,0.6051463946646622,6m|eb0c|mm20
2026-05,21936,32,1374,2842873.4251712393,1078263.0739394769,1.5255447626421486,2.112237965692158,54010.53619655741,42829.72075263394,56515.13656768525,67695.95201160872,456180.527168377,0.6020638114545418,6m|eb0c|mm20
2026-06,16563,46,1228,2490212.2968861028,1118768.4190864547,1.1643215074836202,1.4844265719846867,44119.74823737853,24705.530839596413,38085.21761694601,57531.57383933929,447071.28059840103,0.6003271439280432,6m|eb0c|mm20
2026-07,19701,44,1368,2941966.2440142874,1316694.8122935833,0.9236390385551568,1.2389676399043348,58708.476215587165,17332.68248719569,42344.03495927671,83737.64251198612,549514.7767701112,0.8991212608451513,6m|eb0c|mm20
2026-08,14312,58,1142,2616260.8490732303,1188753.5587997367,1.0576507349634836,0.6032462731874934,53046.97438913194,19030.300115676313,42675.250312535245,76721.1888980535,473484.2901784311,0.9915184967635967,6m|eb0c|mm20
2025-12,71,2,14,12536.494704140709,7106.389878033334,1.969006152816902,2.0810087390140852,-771.2618678926253,317.4733439389713,317.4733439389713,-771.2618678926253,1901.3989448276413,0.0,6m|eb0.25c|mm5
2026-01,5523,6,627,584671.5871013205,291909.67992820096,2.4483734399695387,0.9533889282268816,1395.2040164344248,10084.855801657965,10091.973688988503,1402.3219037649637,108364.44222110789,0.0006363323923470513,6m|eb0.25c|mm5
2026-02,11050,20,955,1467837.6142585573,733200.7937000081,0.8053664440641736,0.8781912684638364,41743.17622032481,14857.213193125557,14857.213193125557,41743.17622032481,284163.3992293926,0.0,6m|eb0.25c|mm5
2026-03,5659,29,421,809230.1644206615,396261.2784804956,1.4187209735058353,-0.11194455423336974,-11420.589786269113,11667.552937173863,12591.65805009922,-10496.063075431739,146085.4222824764,0.13031206595805606,6m|eb0.25c|mm5
2026-04,10278,19,1324,1976016.3210669474,944892.4371206363,1.7292476960356966,1.9117751986947162,15386.289719708575,24106.915889103122,35469.6680322665,26754.00319300092,378923.7824430783,0.6033061992494365,6m|eb0.25c|mm5
2026-05,20112,32,1364,2792493.7034929115,1059585.8757054587,1.64066211599862,2.31481999186999,55539.08349008997,44115.75564528548,57450.21698877682,68873.54483358131,444482.0447830446,0.5985279564046717,6m|eb0.25c|mm5
2026-06,15804,55,1229,2570797.788213814,1113784.0145121273,1.2126442065693444,1.6263769887344404,46734.691847935275,24956.36087189726,38193.586326907316,60008.03987201011,442455.36133553676,0.5979906673418247,6m|eb0.25c|mm5
2026-07,20179,68,1367,4088594.1800509132,1389856.014845998,1.0357070639393482,1.6238620399633859,78035.40473883608,21802.366908016014,48175.31908966085,104494.65294322654,579731.3169212587,0.9003903378509657,6m|eb0.25c|mm5
2026-08,12634,73,1126,2125033.954893504,959760.8167563896,1.2923483040873984,0.9004500228982897,64941.74330784601,25557.964558617332,44800.16311612025,84210.06715505186,385366.4769441168,1.0024870430594433,6m|eb0.25c|mm5
2025-12,71,2,14,12536.494704140709,7106.389878033334,1.969006152816902,2.0810087390140852,-771.2618678926253,317.4733439389713,317.4733439389713,-771.2618678926253,1901.3989448276413,0.0,6m|eb0.25c|mm10
2026-01,4459,5,606,463483.5895233379,232144.2946540979,2.390714285252866,1.1089503719600808,5255.968970460953,6973.824582255841,6978.618054255841,5260.762442460953,84500.01661543734,0.00012271809822830232,6m|eb0.25c|mm10
2026-02,10269,16,946,1387682.86397727,689015.2410360639,0.9324670042035916,1.060118386145529,28972.039317807477,15172.479143821209,15172.479143821209,28972.039317807477,271645.96007346886,0.0,6m|eb0.25c|mm10
2026-03,5582,25,421,805985.571085416,393457.87101896794,1.4269769213181154,-0.13074183172628293,-9244.51953925216,11706.400691669125,12628.143782203493,-8322.354850805774,145114.09333532758,0.12994256600790244,6m|eb0.25c|mm10
2026-04,10291,18,1323,1960738.629568852,927956.8270580062,1.7194447758652258,1.8958457059871363,16381.182652574815,23267.431496361634,34644.12101661217,27761.37851539638,379339.8620940522,0.6051081116554643,6m|eb0.25c|mm10
2026-05,19990,27,1363,2784186.540995672,1054458.6825384595,1.6435497374366719,2.293776343266337,53905.92722095408,43937.94831751618,57232.586027902915,67200.56493134082,443154.5903462245,0.5986549122424176,6m|eb0.25c|mm10
2026-06,15734,49,1229,2464114.0342839453,1109279.3112971343,1.220885358381421,1.619709768586352,46990.0182395572,24981.384159481582,38201.87016046794,60243.51079957833,441793.51253374683,0.5987487896174836,6m|eb0.25c|mm10
2026-07,20046,60,1367,3047342.1970165935,1368740.2589380662,1.006453213801457,1.495654803359595,76754.04395160543,19112.069488091456,45136.84157696644,102796.51852814686,570804.3325346645,0.9016841195227431,6m|eb0.25c|mm10
2026-08,13828,68,1131,2177967.5747825634,1000546.2172783415,1.1770928597233403,0.8352338740989571,66147.96855826829,25270.317251736502,45034.29926888692,85938.35704011154,395807.769636865,0.9940337476496688,6m|eb0.25c|mm10
2025-12,71,2,14,12536.494704140709,7106.389878033334,1.969006152816902,2.0810087390140852,-771.2618678926253,317.4733439389713,317.4733439389713,-771.2618678926253,1901.3989448276413,0.0,6m|eb0.25c|mm20
2026-01,4445,4,606,462505.9996533379,231932.11725510293,2.4057126579222095,1.0911563905736783,5109.916499455917,7007.380797360305,7012.1742693603055,5114.709971455916,84342.69714961459,0.00012310461192350958,6m|eb0.25c|mm20
2026-02,11350,13,952,1427603.5103303597,710363.0326919629,0.6812660914803531,1.1771466629673042,30628.622766760214,14389.028786965187,14389.028786965187,30628.622766760214,280178.2685314943,0.0,6m|eb0.25c|mm20
2026-03,5483,18,420,736379.2647529567,382213.12450072484,1.4368441334941064,-0.06828509254417817,-8279.223130983555,11472.446508475901,12360.900748816848,-7390.361757841631,141104.1419709631,0.12959494055439152,6m|eb0.25c|mm20
2026-04,10273,17,1323,1956289.679277144,925098.773227171,1.7313638974357701,1.8876536691211192,14781.38950533539,23907.15462140541,35257.70142498016,26135.442651481175,378468.4382048595,0.6051134503853545,6m|eb0.25c|mm20
2026-05,20020,26,1364,2777632.9509148565,1047627.2888564814,1.6355417439426516,2.3369781658355087,52783.612688231704,43557.32300726717,56855.25553121036,66081.54521217488,443264.4174647728,0.5994395865556,6m|eb0.25c|mm20
2026-06,15517,39,1228,2453449.7430803436,1103402.4681391546,1.2349492433750224,1.672872183053931,47150.62050013746,24999.51022133882,38166.77955661009,60350.0286600199,439990.6991957902,0.5988786017932441,6m|eb0.25c|mm20
2026-07,19335,40,1366,2926298.4835191495,1311264.9862014896,0.9438422670283642,1.3060245562613286,54995.61452676347,17894.302586320755,42776.26255179525,79894.73410350904,546817.141378081,0.9008638691912028,6m|eb0.25c|mm20
2026-08,13602,56,1132,2154008.9124141494,989083.8896472991,1.1546306311370789,0.8086298991926052,64609.68868447937,24351.861996732277,43862.77046233869,84146.5624650735,390737.4756118824,0.9928794455508148,6m|eb0.25c|mm20
2025-12,71,2,14,12536.494704140709,7106.389878033334,1.969006152816902,2.0810087390140852,-771.2618678926253,317.4733439389713,317.4733439389713,-771.2618678926253,1901.3989448276413,0.0,6m|eb0.5c|mm5
2026-01,5523,6,627,584671.5871013205,291909.67992820096,2.4483734399695387,0.9533889282268816,1395.2040164344248,10084.855801657965,10091.973688988503,1402.3219037649637,108364.44222110789,0.0006363323923470513,6m|eb0.5c|mm5
2026-02,11050,20,955,1467837.6142585573,733200.7937000081,0.8053664440641736,0.8781912684638364,41743.17622032481,14857.213193125557,14857.213193125557,41743.17622032481,284163.3992293926,0.0,6m|eb0.5c|mm5
2026-03,4472,23,417,746199.8077294943,365937.28137028683,1.688348139919206,-0.40880132656815904,-13601.464355329406,11701.158503855931,12522.019004782118,-12780.182256491202,134183.90683997946,0.12444853775107488,6m|eb0.5c|mm5
2026-04,10115,13,1321,1926636.321327883,915643.8447202675,1.762001793426319,2.0546466332213296,26357.952843264342,25604.71946885856,36715.17684927871,37473.37113425864,370513.94303314335,0.604122310164731,6m|eb0.5c|mm5
2026-05,17392,24,1342,2482535.546183054,919796.6005922677,1.7142773120201338,2.480335655553943,75224.05125019203,44631.42001991508,56243.628677653964,86836.25990793093,387073.6219246296,0.6012710317620646,6m|eb0.5c|mm5
2026-06,15277,41,1224,2253692.201570617,1040308.4722920465,1.2495499005718846,1.794010987427406,55229.75647471597,23037.47155646825,35009.827526417415,67208.63320972992,399306.3183668405,0.596145800536068,6m|eb0.5c|mm5
2026-07,19376,59,1364,2876047.5502849985,1319639.3415247414,1.080285308106405,1.7976864372723456,82517.74253347421,20740.625188427628,45219.969203940316,107015.4051969898,538131.113390147,0.8983189182214474,6m|eb0.5c|mm5
2026-08,11772,62,1125,2075965.386173145,939015.7365483342,1.343836001502401,0.75624579869326,55052.74689687892,24547.604020079605,43303.93766256656,73834.54175579123,375635.89717824623,1.0037715764834303,6m|eb0.5c|mm5
2025-12,71,2,14,12536.494704140709,7106.389878033334,1.969006152816902,2.0810087390140852,-771.2618678926253,317.4733439389713,317.4733439389713,-771.2618678926253,1901.3989448276413,0.0,6m|eb0.5c|mm10
2026-01,4456,4,606,463453.5895233379,232123.89465409788,2.3914254138551505,1.1105946383684921,5256.368970460953,6973.423535746841,6978.217007746841,5261.162442460953,84493.73061543734,0.0001228007181328546,6m|eb0.5c|mm10
2026-02,10269,16,946,1387682.86397727,689015.2410360639,0.9324670042035916,1.060118386145529,28972.039317807477,15172.479143821209,15172.479143821209,28972.039317807477,271645.96007346886,0.0,6m|eb0.5c|mm10
2026-03,4491,22,417,749763.9162858826,365263.8671343525,1.6823645282436135,-0.45152346476571076,-12140.96399902855,11929.163606019581,12750.02410694577,-11319.681900190346,134366.05852652478,0.12392203536468645,6m|eb0.5c|mm10
2026-04,10097,14,1320,1906826.5587345585,896191.10959005,1.7617525998410557,2.075154658177848,25972.726488043972,25304.86322639422,36405.17586648571,37076.545051151676,370127.2854369233,0.605682263225539,6m|eb0.5c|mm10
2026-05,17316,21,1337,2476659.1464310535,915509.4180252724,1.7084456505686196,2.4687269517282413,75067.88845591743,44399.08154862187,55987.225243630615,86656.03215092617,386271.4565002915,0.6015211791299251,6m|eb0.5c|mm10
2026-06,15207,38,1224,2147318.775614026,1036054.4559770513,1.2574025007128156,1.7778940158356988,55066.085843402754,23049.075854426912,35005.87793012385,67026.29267413446,398683.9882240993,0.596834228926345,6m|eb0.5c|mm10
2026-07,19233,52,1364,2854231.8845486483,1308187.5554717807,1.0666707724104119,1.7518220580309225,82050.04691241798,18137.93401128196,42426.42627654238,106356.69541458985,533996.2962215903,0.8981868100650585,6m|eb0.5c|mm10
2026-08,11730,57,1125,2076287.870509985,938247.467056304,1.3539019498791862,0.8879374865551845,57419.69132413197,24642.993286553163,43406.88366400732,76208.70705866149,375780.3146905902,1.003737492621286,6m|eb0.5c|mm10
2025-12,71,2,14,12536.494704140709,7106.389878033334,1.969006152816902,2.0810087390140852,-771.2618678926253,317.4733439389713,317.4733439389713,-771.2618678926253,1901.3989448276413,0.0,6m|eb0.5c|mm20
2026-01,4442,3,606,462475.9996533379,231911.71725510294,2.406436185197428,1.0927938217244484,5110.3164994559165,7006.979750851305,7011.773222851305,5115.109971455916,84336.41114961459,0.00012318775326429537,6m|eb0.5c|mm20
2026-02,9058,12,934,1357166.7078025145,673884.8661760195,1.1154427497265884,1.8227430031120928,30969.767218181514,15369.510150386923,15369.510150386923,30969.767218181514,265506.42301791563,0.0,6m|eb0.5c|mm20
2026-03,4416,17,418,682167.3610204248,355246.7707377244,1.6915885915422695,-0.37887698718807294,-9605.965822776163,11459.845576042135,12262.871496176125,-8802.532769841193,130888.74544510631,0.12324472735564541,6m|eb0.5c|mm20
2026-04,10097,14,1320,1906826.5587345585,896191.10959005,1.7617525998410557,2.075154658177848,25972.726488043972,25304.86322639422,36405.17586648571,37076.545051151676,370127.2854369233,0.605682263225539,6m|eb0.5c|mm20
2026-05,17845,19,1353,2613407.9248203402,976990.1902545163,1.674770813583761,2.3275616154941003,57203.158871567175,44247.00612153421,56589.39207562804,69545.54482566101,411412.8651364612,0.5999349498261576,6m|eb0.5c|mm20
2026-06,15072,33,1223,2142630.010071816,1032885.293648074,1.2555984056367318,1.7931190516065048,55005.531813504254,22956.521633641307,34898.17362993526,66949.72083040937,398150.06109654636,0.5973237853243716,6m|eb0.5c|mm20
2026-07,18487,35,1362,2725629.6423941036,1247382.518766075,0.99909924095906,1.5663688907043103,58939.8832399913,16612.61627866316,39691.76415038964,82036.19072298885,508654.9310608377,0.8969919251926997,6m|eb0.5c|mm20
2026-08,11506,48,1126,2055265.7405883295,928121.7203192839,1.3250522936414806,0.7968079947382304,54917.47464225166,23622.701601689405,42159.13749068779,73478.59473862029,371222.40192737244,1.0024612925371041,6m|eb0.5c|mm20
2025-12,71,2,14,12536.494704140709,7106.389878033334,1.969006152816902,2.0810087390140852,-771.2618678926253,317.4733439389713,317.4733439389713,-771.2618678926253,1901.3989448276413,0.0,ew1|t2|mm5
2026-01,4442,3,606,462475.9996533379,231911.71725510294,2.406436185197428,1.0927938217244484,5110.3164994559165,7006.979750851305,7011.773222851305,5115.109971455916,84336.41114961459,0.00012318775326429537,ew1|t2|mm5
2026-02,8934,12,939,1306653.0969349886,650488.0608460377,1.171971165185684,1.7571893949759265,33020.93805691707,15034.784093054308,15034.784093054308,33020.93805691707,254831.75619540046,0.0,ew1|t2|mm5
2026-03,5452,19,419,787696.5112825168,385684.2363887618,1.422613920173474,-0.07914109688953147,-10700.90104499851,10787.134722349956,11690.081719340757,-9797.546915206733,141636.28693127236,0.1323397842758117,ew1|t2|mm5
2026-04,14506,20,1365,2123116.7866218574,1005344.0117621454,1.387461297040031,1.8585498513552356,20430.00750513301,25417.830072616867,37757.86611783995,32773.54989292713,411451.41292647074,0.6060105949766271,ew1|t2|mm5
2026-05,36800,36,1416,3029674.579255657,1194965.0423003726,0.7770651165534074,1.0907000218813967,55404.91141184397,41652.99438964342,56493.107898068636,70245.02492026918,494670.45028084045,0.6107761751911578,ew1|t2|mm5
2026-06,24132,57,1250,2681199.107844969,1180770.5647252686,0.6508371780909801,1.1346697863148152,48554.46751699809,23904.578703055067,37838.10095369702,62524.112336704835,465665.25452326686,0.6036757463686291,ew1|t2|mm5
2026-07,28142,65,1400,3241622.6979667274,1482244.273662024,0.5504384079986818,0.853018960161453,79017.46293239719,16651.189335807754,44633.85797883978,107036.87875214587,613505.8618159442,0.9129274176001274,ew1|t2|mm5
2026-08,17434,79,1153,2803981.3422349016,1290836.525551682,0.761952552501099,0.30056204926700103,55114.82820744269,17904.399460741974,43709.12902728112,80949.93716067346,516702.17906461516,1.0005862533388266,ew1|t2|mm5
2025-12,71,2,14,12536.494704140709,7106.389878033334,1.969006152816902,2.0810087390140852,-771.2618678926253,317.4733439389713,317.4733439389713,-771.2618678926253,1901.3989448276413,0.0,ew1|t2|mm10
2026-01,4442,3,606,462475.9996533379,231911.71725510294,2.406436185197428,1.0927938217244484,5110.3164994559165,7006.979750851305,7011.773222851305,5115.109971455916,84336.41114961459,0.00012318775326429537,ew1|t2|mm10
2026-02,8933,11,939,1306501.4369349885,650338.2674460302,1.171971165185684,1.7572483434669655,33019.071456924525,15034.784093054308,15034.784093054308,33019.071456924525,254829.91256913554,0.0,ew1|t2|mm10
2026-03,5449,18,419,787274.2512825168,385270.9686887607,1.422470702399003,-0.08044376708235007,-10709.893344997445,10782.734722349956,11685.681719340757,-9806.539215205667,141627.53519134928,0.13241264523246934,ew1|t2|mm10
2026-04,14490,19,1365,2122817.234261146,1005295.7154699202,1.388029419931368,1.8876763016129499,20469.800068117143,25427.997542873218,37767.08567111528,32812.39453893024,411419.81569376995,0.6060591635506114,ew1|t2|mm10
2026-05,36696,32,1415,3026277.6895036567,1192176.4712333442,0.7756813305826862,1.0776528906236988,54676.560814288714,41483.86573419697,56307.300583206015,69499.99566329776,494114.49496696837,0.6107253344111824,ew1|t2|mm10
2026-06,24014,46,1249,2568224.5126739736,1172641.5443282987,0.6545778353729937,1.1294703797668453,48458.586613498315,23962.1487482014,37855.81443504391,62384.35675198039,464202.76514911157,0.6045975434896019,ew1|t2|mm10
2026-07,27927,57,1400,3221403.265820991,1471741.0693550415,0.537138241699556,0.7936157264055388,74414.70225711032,16234.986052905653,44073.104267209936,102271.06328615069,609845.0832131271,0.912989980440708,ew1|t2|mm10
2026-08,17313,70,1153,2763397.4169117967,1272943.790814558,0.7632352073734374,0.36074321666192183,57993.20688677176,17375.310660419393,42743.32260466636,83390.55991011264,507947.0604668175,0.9992316482811844,ew1|t2|mm10
2025-12,71,2,14,12536.494704140709,7106.389878033334,1.969006152816902,2.0810087390140852,-771.2618678926253,317.4733439389713,317.4733439389713,-771.2618678926253,1901.3989448276413,0.0,ew1|t2|mm20
2026-01,4355,2,600,434691.97582956165,223061.30643608706,2.426798015723654,1.182967758661309,3059.278696588546,6342.101364270108,6346.8948362701085,3064.0721685885464,79340.79665172622,0.00012564867967853043,ew1|t2|mm20
2026-02,8612,10,932,1302022.2886991655,648381.2491249712,1.1854146700494645,1.9736970855813682,32466.91004024553,14984.510217911313,14984.510217911313,32466.91004024553,253857.3071962058,0.0,ew1|t2|mm20
2026-03,5401,14,419,726316.2630394937,378347.0452055671,1.4233339071301618,-0.09280884054244082,-10531.388731129297,10740.989589054807,11614.123970458633,-9657.847216924492,138931.5874484888,0.13129004981664927,ew1|t2|mm20
2026-04,14437,15,1364,2107144.11611528,995754.7924209276,1.3853214917513876,1.9023236701475381,20738.094155497925,24773.157033204952,37032.72619094462,33000.17808758025,408736.1310694109,0.6066964421140125,ew1|t2|mm20
2026-05,36643,26,1414,3007217.7956503793,1181465.6779973526,0.7738572754064348,1.0509245773679283,53815.68677902485,41537.719415080486,56277.48179706376,68555.44916100812,491325.41273277573,0.6109736179056575,ew1|t2|mm20
2026-06,23810,39,1249,2552355.8094692393,1161139.0992532775,0.6566610223656638,1.1521178951177395,48476.59866752635,23735.148281974056,37575.11090341399,62348.03176677584,462391.5305080256,0.6047914353155105,ew1|t2|mm20
2026-07,27279,38,1399,3099559.784639999,1413284.6601285492,0.4725780871832676,0.6609712448816693,55059.34338872129,14788.70625421742,41496.18646098767,81783.16164179408,586083.1022707053,0.9132133395763591,ew1|t2|mm20
2026-08,17093,60,1154,2749351.9305577124,1265687.3643145356,0.7518595930672356,0.2961268617627585,57519.804361177834,17141.524728411998,42349.91917214862,82757.32084650837,504750.3297066106,0.9984151953641354,ew1|t2|mm20
2025-12,71,2,14,12536.494704140709,7106.389878033334,1.969006152816902,2.0810087390140852,-771.2618678926253,317.4733439389713,317.4733439389713,-771.2618678926253,1901.3989448276413,0.0,ew1|t3|mm5
2026-01,4442,3,606,462475.9996533379,231911.71725510294,2.406436185197428,1.0927938217244484,5110.3164994559165,7006.979750851305,7011.773222851305,5115.109971455916,84336.41114961459,0.00012318775326429537,ew1|t3|mm5
2026-02,8612,10,932,1301726.5635640305,648365.5100249787,1.1853769583709697,1.9781378777024048,32634.30914023807,14977.757405919145,14977.757405919145,32634.30914023807,253754.8653474707,0.0,ew1|t3|mm5
2026-03,3178,11,403,628143.7803166608,307983.28225200914,2.05591846665402,0.8361227331759143,1188.4839217593328,8889.413935002467,9499.115786702348,1798.5622301771914,110739.43076772851,0.11662643321804422,ew1|t3|mm5
2026-04,14056,13,1359,2042892.9454863502,961629.6484862814,1.419896107451625,2.0472318415328665,27993.99387071032,25262.729284588335,37162.786197989306,39897.55670712751,396785.4278805728,0.6057287051255003,ew1|t3|mm5
2026-05,34958,22,1411,2393329.3645950328,1086719.0726711876,0.8071836926621253,1.22374970735962,70122.19801239115,42256.075499753984,55859.11401780407,83725.23653044124,453434.6172683361,0.6123547439359351,ew1|t3|mm5
2026-06,22589,38,1250,2484351.855351887,1139595.041565295,0.697945276327105,1.2696954536300948,51042.21953765818,24477.350114097902,37866.843271819445,64438.111067854494,446540.14487291954,0.6026592597407578,ew1|t3|mm5
2026-07,19747,47,1365,2888716.333257226,1303467.244642476,1.0051384797856637,1.5175465615854151,69886.38464139187,19459.67641457288,43909.21923523729,94355.70909620014,536879.2976908626,0.9002437489053263,ew1|t3|mm5
2026-08,17054,68,1154,2719471.315512631,1251285.8829835523,0.7779900904773646,0.3902230583857016,62942.94671353644,17795.887748699653,42596.20484536004,87772.52501896904,496591.5661086519,0.9973435602269406,ew1|t3|mm5
2025-12,71,2,14,12536.494704140709,7106.389878033334,1.969006152816902,2.0810087390140852,-771.2618678926253,317.4733439389713,317.4733439389713,-771.2618678926253,1901.3989448276413,0.0,ew1|t3|mm10
2026-01,4442,3,606,462475.9996533379,231911.71725510294,2.406436185197428,1.0927938217244484,5110.3164994559165,7006.979750851305,7011.773222851305,5115.109971455916,84336.41114961459,0.00012318775326429537,ew1|t3|mm10
2026-02,8611,9,932,1301574.9035640303,648215.7166249712,1.1853769583709697,1.9782246990903811,32632.44254024553,14977.757405919145,14977.757405919145,32632.44254024553,253753.0217212058,0.0,ew1|t3|mm10
2026-03,3174,10,403,627521.5203166608,307372.01455200807,2.0558728856564414,0.8346998170898096,1177.4916217603993,8885.013935002467,9494.715786702349,1787.569930178258,110728.69902780544,0.11677341044957294,ew1|t3|mm10
2026-04,14056,13,1359,2042892.9454863502,961629.6484862814,1.419896107451625,2.0472318415328665,27993.99387071032,25262.729284588335,37162.786197989306,39897.55670712751,396785.4278805728,0.6057287051255003,ew1|t3|mm10
2026-05,34903,21,1411,2388973.774843033,1083831.585604192,0.8031339408760391,1.2153752681050742,70023.5617612806,42048.94363109162,55630.50514324796,83605.12327343693,452718.71707187797,0.6123492635904824,ew1|t3|mm10
2026-06,22546,34,1249,2378069.7302862965,1134201.4710153032,0.698212820920238,1.2692434764800278,51058.30420280959,24458.42716248808,37846.2992568846,64448.55655225568,446352.1721812453,0.6037227748668651,ew1|t3|mm10
2026-07,19730,45,1365,2886694.7406532713,1301153.7871424847,1.0045082996433805,1.5041068561588515,68628.95624847194,19530.991602469403,43980.48864506815,93098.19399223731,536868.8083406846,0.9002809571566267,ew1|t3|mm10
2026-08,17040,65,1154,2718194.640843894,1250341.8350835508,0.774565393982399,0.38556227438081403,62745.55089315138,17617.776694099917,42407.2996540041,87564.33506182778,496375.6833735278,0.9972507370440685,ew1|t3|mm10
2025-12,71,2,14,12536.494704140709,7106.389878033334,1.969006152816902,2.0810087390140852,-771.2618678926253,317.4733439389713,317.4733439389713,-771.2618678926253,1901.3989448276413,0.0,ew1|t3|mm20
2026-01,4355,2,600,434691.97582956165,223061.30643608706,2.426798015723654,1.182967758661309,3059.278696588546,6342.101364270108,6346.8948362701085,3064.0721685885464,79340.79665172622,0.00012564867967853043,ew1|t3|mm20
2026-02,8611,9,932,1301574.9035640303,648215.7166249712,1.1853769583709697,1.9782246990903811,32632.44254024553,14977.757405919145,14977.757405919145,32632.44254024553,253753.0217212058,0.0,ew1|t3|mm20
2026-03,3132,8,403,577505.2940662456,304789.4354387399,2.062945550522017,0.710225707218488,1676.4565055234693,8867.321745145997,9467.154573154134,2276.6657902495836,110193.43153271191,0.1153143495822784,ew1|t3|mm20
2026-04,14005,11,1359,2031631.1535748478,954427.3884523032,1.4189844635991598,2.077832817097655,29499.257906854284,25079.215252801965,36924.29966111424,41346.85666995439,394919.95877000346,0.6063617757941693,ew1|t3|mm20
2026-05,34874,18,1411,2377540.28108995,1075335.231031204,0.8009251476415038,1.2108525909280499,68580.83305115161,41844.99613716437,55391.0007030259,82126.83761701314,451533.4855287176,0.6126831958641165,ew1|t3|mm20
2026-06,22534,33,1249,2369936.935667773,1126377.8129152874,0.6973909127435538,1.2683305211703444,50757.83152857722,24237.41859720094,37617.23662456199,64139.42003374783,446063.3773720629,0.6039979414098338,ew1|t3|mm20
2026-07,19260,32,1364,2839098.5908528385,1272433.0209415155,0.94670262668792,1.4385739440330962,64764.238857800396,18501.98997003402,42576.77189472322,88856.15271238128,528474.3894272833,0.8997956589408398,ew1|t3|mm20
2026-08,16848,57,1154,2703436.8292815443,1242585.231742557,0.755516675060393,0.3187179313553674,60059.29238022438,16968.664206237252,41596.01922067019,84715.68956592954,493127.94371410296,0.9964565189853258,ew1|t3|mm20
2025-12,68,1,14,12373.484544614035,7041.256878029734,1.7908899579411774,2.6872456110294123,-739.1390274156987,311.82628569516476,311.82628569516476,-739.1390274156987,1874.939292908073,0.0,ew1|t4|mm5
2026-01,3922,1,585,368125.4491025971,190119.58979595685,2.485886192765849,1.136522414645589,2996.2817892716957,5599.204079180737,5603.997551180736,3001.0752612716956,66242.08300814517,0.0001395206527281999,ew1|t4|mm5
2026-02,8157,6,926,1195401.2939422403,604088.8814088344,1.188774012263119,1.9405772190115282,29699.280364591585,16265.011474982739,16265.011474982739,29699.280364591585,234845.6296929946,0.0,ew1|t4|mm5
2026-03,3104,8,402,606650.9918030592,296780.6803535167,2.0695133655602325,0.6715323648694338,-183.9725705277495,8699.19252568958,9273.511097284501,390.72245778515054,106308.41702256686,0.1137202941834012,ew1|t4|mm5
2026-04,10007,8,1319,1880850.903772221,884596.8377532,1.7663466358206286,2.1473269920823173,26013.82207387828,24749.19122983499,35681.87050613973,36950.007273199226,364539.5066440316,0.6055536770183125,ew1|t4|mm5
2026-05,17917,13,1337,2111598.4494398865,927883.748583421,1.793041020162531,2.5654690740836674,66477.08417448812,43440.06056246017,55295.07819294843,78332.10180497638,395167.25434960873,0.600633374293293,ew1|t4|mm5
2026-06,15025,28,1224,2352884.3499321826,1062507.7447970752,1.240190796938387,1.8634696287135988,59171.19840183567,24179.833873795018,36855.009414646374,71851.59914607946,422680.0248081264,0.5975145831652701,ew1|t4|mm5
2026-07,17818,37,1360,2837944.3283434887,1277068.596177518,1.1068572913997132,1.739572760126675,66714.92603266127,19523.100670997585,43515.717702422546,90728.68980511368,526792.7165516072,0.8951430529083757,ew1|t4|mm5
2026-08,13876,55,1138,2545719.083515586,1149249.3826693103,0.9935425296985538,0.434643886117591,51750.305962265964,17927.726347871503,40712.559237603935,74562.60226741577,456245.92610299593,0.9912697132727232,ew1|t4|mm5
2025-12,68,1,14,12373.484544614035,7041.256878029734,1.7908899579411774,2.6872456110294123,-739.1390274156987,311.82628569516476,311.82628569516476,-739.1390274156987,1874.939292908073,0.0,ew1|t4|mm10
2026-01,3922,1,585,368125.4491025971,190119.58979595685,2.485886192765849,1.136522414645589,2996.2817892716957,5599.204079180737,5603.997551180736,3001.0752612716956,66242.08300814517,0.0001395206527281999,ew1|t4|mm10
2026-02,8157,6,926,1195401.2939422403,604088.8814088344,1.188774012263119,1.9405772190115282,29699.280364591585,16265.011474982739,16265.011474982739,29699.280364591585,234845.6296929946,0.0,ew1|t4|mm10
2026-03,3104,8,402,606650.9918030592,296780.6803535167,2.0695133655602325,0.6715323648694338,-183.9725705277495,8699.19252568958,9273.511097284501,390.72245778515054,106308.41702256686,0.1137202941834012,ew1|t4|mm10
2026-04,10007,8,1319,1880850.903772221,884596.8377532,1.7663466358206286,2.1473269920823173,26013.82207387828,24749.19122983499,35681.87050613973,36950.007273199226,364539.5066440316,0.6055536770183125,ew1|t4|mm10
2026-05,17862,12,1334,2107242.859687886,924996.2615164253,1.7881632722296432,2.5532364860122545,66378.44792337755,43232.9286937978,55066.46931839232,78211.98854797207,394451.3541531506,0.6005865734967593,ew1|t4|mm10
2026-06,14996,26,1224,2250314.8099321825,1060768.8940470743,1.2411823214218334,1.8641233839144127,59243.46086035404,24165.04907272179,36839.414814647374,71919.90989608045,422548.30119088065,0.5985821891437365,ew1|t4|mm10
2026-07,17818,37,1360,2837944.3283434887,1277068.596177518,1.1068572913997132,1.739572760126675,66714.92603266127,19523.100670997585,43515.717702422546,90728.68980511368,526792.7165516072,0.8951430529083757,ew1|t4|mm10
2026-08,13874,54,1138,2544719.083515586,1148435.6951693103,0.9912444841957878,0.4321298970602976,51571.56410250034,17758.984488105878,40536.246737603935,74376.28976741577,456094.5132983084,0.9913034750847218,ew1|t4|mm10
2025-12,68,1,14,12373.484544614035,7041.256878029734,1.7908899579411774,2.6872456110294123,-739.1390274156987,311.82628569516476,311.82628569516476,-739.1390274156987,1874.939292908073,0.0,ew1|t4|mm20
2026-01,3922,1,585,368125.4491025971,190119.58979595685,2.485886192765849,1.136522414645589,2996.2817892716957,5599.204079180737,5603.997551180736,3001.0752612716956,66242.08300814517,0.0001395206527281999,ew1|t4|mm20
2026-02,8157,6,926,1195401.2939422403,604088.8814088344,1.188774012263119,1.9405772190115282,29699.280364591585,16265.011474982739,16265.011474982739,29699.280364591585,234845.6296929946,0.0,ew1|t4|mm20
2026-03,3095,7,402,558148.3918030593,295920.8273835096,2.067192064111043,0.6630351138787473,-164.42960052063682,8680.422145696692,9254.740717291614,410.26542779226276,106234.20436301302,0.11405098324564694,ew1|t4|mm20
2026-04,9989,7,1319,1877212.361232221,881124.3834010898,1.764506716336308,2.144484010371068,25852.28354830096,24641.649405746026,35570.770587966595,36783.91908530937,364387.85123361356,0.6064542699683056,ew1|t4|mm20
2026-05,17856,11,1334,2105878.8696878864,923676.1269164279,1.7881195522798705,2.553214632061737,66335.84227111125,43198.6619415315,55030.95281838972,78168.13314796946,394409.695895274,0.6007624752568117,ew1|t4|mm20
2026-06,14996,26,1224,2250314.8099321825,1060768.8940470743,1.2411823214218334,1.8641233839144127,59243.46086035404,24165.04907272179,36839.414814647374,71919.90989608045,422548.30119088065,0.5985821891437365,ew1|t4|mm20
2026-07,17397,26,1359,2800302.568194655,1253189.7940833843,1.0441701721349377,1.6170762282441187,60926.47068320512,18392.037871269862,42107.09651147281,84658.78441299732,520401.456999052,0.8944077031017899,ew1|t4|mm20
2026-08,13721,47,1138,2530691.617884462,1140819.6448983464,0.9660940268458309,0.3913205543341549,50281.36713765566,17198.082940197237,39821.52184000386,72932.05041537965,453013.6655544797,0.9907404283085095,ew1|t4|mm20
2025-12,68,1,14,12373.484544614035,7041.256878029734,1.7908899579411774,2.6872456110294123,-739.1390274156987,311.82628569516476,311.82628569516476,-739.1390274156987,1874.939292908073,0.0,ew1|t5|mm5
2026-01,3922,1,585,368125.4491025971,190119.58979595685,2.485886192765849,1.136522414645589,2996.2817892716957,5599.204079180737,5603.997551180736,3001.0752612716956,66242.08300814517,0.0001395206527281999,ew1|t5|mm5
2026-02,4499,4,827,853117.5467654621,441555.58648216294,1.6902447884061527,2.6618481139484214,20228.25567141636,10332.54650891295,10332.54650891295,20228.25567141636,166983.72149364033,0.0,ew1|t5|mm5
2026-03,3095,7,402,558148.3918030593,295920.8273835096,2.067192064111043,0.6630351138787473,-164.42960052063682,8680.422145696692,9254.740717291614,410.26542779226276,106234.20436301302,0.11405098324564694,ew1|t5|mm5
2026-04,10007,8,1319,1880850.903772221,884596.8377532,1.7663466358206286,2.1473269920823173,26013.82207387828,24749.19122983499,35681.87050613973,36950.007273199226,364539.5066440316,0.6055536770183125,ew1|t5|mm5
2026-05,17729,11,1327,2005621.8003041598,885825.5690993839,1.7972868244300226,2.564790438024416,71850.58552287656,43615.1424206693,54871.93844061177,83107.38154281903,375226.53399808245,0.6004956782494855,ew1|t5|mm5
2026-06,12900,18,1212,1954685.3891941481,963749.9315749422,1.422245079244164,2.2065955588081705,51472.153997681286,24532.12726823466,35561.864306602685,62503.838201062084,367722.8067793603,0.5939882013902797,ew1|t5|mm5
2026-07,16729,24,1355,2583308.491968417,1181023.7474717721,1.1557090843530051,1.751180712062006,66298.39105862142,19256.911040856652,41031.608986458596,88090.20117267649,478417.09907430486,0.8938462224960907,ew1|t5|mm5
2026-08,11664,39,1129,2256938.374877215,1036252.2593237829,1.1340384552007963,0.835845545924372,56685.63684678105,20026.57959673634,40370.06907261738,77051.60183755604,407319.2998154995,0.9962225826404427,ew1|t5|mm5
2025-12,68,1,14,12373.484544614035,7041.256878029734,1.7908899579411774,2.6872456110294123,-739.1390274156987,311.82628569516476,311.82628569516476,-739.1390274156987,1874.939292908073,0.0,ew1|t5|mm10
2026-01,3922,1,585,368125.4491025971,190119.58979595685,2.485886192765849,1.136522414645589,2996.2817892716957,5599.204079180737,5603.997551180736,3001.0752612716956,66242.08300814517,0.0001395206527281999,ew1|t5|mm10
2026-02,4499,4,827,853117.5467654621,441555.58648216294,1.6902447884061527,2.6618481139484214,20228.25567141636,10332.54650891295,10332.54650891295,20228.25567141636,166983.72149364033,0.0,ew1|t5|mm10
2026-03,3095,7,402,558148.3918030593,295920.8273835096,2.067192064111043,0.6630351138787473,-164.42960052063682,8680.422145696692,9254.740717291614,410.26542779226276,106234.20436301302,0.11405098324564694,ew1|t5|mm10
2026-04,10007,8,1319,1880850.903772221,884596.8377532,1.7663466358206286,2.1473269920823173,26013.82207387828,24749.19122983499,35681.87050613973,36950.007273199226,364539.5066440316,0.6055536770183125,ew1|t5|mm10
2026-05,17729,11,1327,2005621.8003041598,885825.5690993839,1.7972868244300226,2.564790438024416,71850.58552287656,43615.1424206693,54871.93844061177,83107.38154281903,375226.53399808245,0.6004956782494855,ew1|t5|mm10
2026-06,12895,17,1212,1954435.3891941481,963503.4235749422,1.4225832389551905,2.206925548487677,51468.76511724288,24532.17181823466,35561.864306602685,62500.346201062086,367719.3694606403,0.5942025249175192,ew1|t5|mm10
2026-07,16729,24,1355,2583308.491968417,1181023.7474717721,1.1557090843530051,1.751180712062006,66298.39105862142,19256.911040856652,41031.608986458596,88090.20117267649,478417.09907430486,0.8938462224960907,ew1|t5|mm10
2026-08,11662,38,1129,2255938.374877215,1035438.5718237829,1.1313295407319277,0.8329235187539659,56506.89498701543,19857.837736970716,40193.75657261738,76865.28933755604,407167.887010812,0.9962635976565983,ew1|t5|mm10
2025-12,68,1,14,12373.484544614035,7041.256878029734,1.7908899579411774,2.6872456110294123,-739.1390274156987,311.82628569516476,311.82628569516476,-739.1390274156987,1874.939292908073,0.0,ew1|t5|mm20
2026-01,3922,1,585,368125.4491025971,190119.58979595685,2.485886192765849,1.136522414645589,2996.2817892716957,5599.204079180737,5603.997551180736,3001.0752612716956,66242.08300814517,0.0001395206527281999,ew1|t5|mm20
2026-02,4499,4,827,853117.5467654621,441555.58648216294,1.6902447884061527,2.6618481139484214,20228.25567141636,10332.54650891295,10332.54650891295,20228.25567141636,166983.72149364033,0.0,ew1|t5|mm20
2026-03,3095,7,402,558148.3918030593,295920.8273835096,2.067192064111043,0.6630351138787473,-164.42960052063682,8680.422145696692,9254.740717291614,410.26542779226276,106234.20436301302,0.11405098324564694,ew1|t5|mm20
2026-04,9989,7,1319,1877212.361232221,881124.3834010898,1.764506716336308,2.144484010371068,25852.28354830096,24641.649405746026,35570.770587966595,36783.91908530937,364387.85123361356,0.6064542699683056,ew1|t5|mm20
2026-05,17723,10,1327,2004257.8103041598,884505.4344993865,1.79724586510542,2.5647723315848534,71807.97987061024,43580.875668402994,54836.421940609165,83063.52614281642,375184.8757402059,0.6006728692699679,ew1|t5|mm20
2026-06,12895,17,1212,1954435.3891941481,963503.4235749422,1.4225832389551905,2.206925548487677,51468.76511724288,24532.17181823466,35561.864306602685,62500.346201062086,367719.3694606403,0.5942025249175192,ew1|t5|mm20
2026-07,16459,18,1354,2551845.6492859847,1160865.342945808,1.100203881869869,1.6769673360957749,63835.41102369124,18055.094288170865,39585.808731469435,85381.92601055469,473054.62032061367,0.8928340485309016,ew1|t5|mm20
2026-08,11539,34,1129,2244460.028117275,1029657.0168437699,1.109733760697641,0.8207643843014553,54662.71453335571,19537.706575509805,39751.78448288922,74899.26795562907,404731.06844546704,0.9951567145285991,ew1|t5|mm20
2025-12,71,2,14,12536.494704140709,7106.389878033334,1.969006152816902,2.0810087390140852,-771.2618678926253,317.4733439389713,317.4733439389713,-771.2618678926253,1901.3989448276413,0.0,ew1|top10|mm5
2026-01,4442,3,606,462475.9996533379,231911.71725510294,2.406436185197428,1.0927938217244484,5110.3164994559165,7006.979750851305,7011.773222851305,5115.109971455916,84336.41114961459,0.00012318775326429537,ew1|top10|mm5
2026-02,8611,9,932,1301574.9035640303,648215.7166249712,1.1853769583709697,1.9782246990903811,32632.44254024553,14977.757405919145,14977.757405919145,32632.44254024553,253753.0217212058,0.0,ew1|top10|mm5
2026-03,3110,9,402,607673.2518030592,297787.9480535178,2.0695555669297145,0.6734074878278851,-168.98027052881554,8703.592525689579,9277.911097284501,405.7147577840845,106323.10876248994,0.11350089811745251,ew1|top10|mm5
2026-04,10007,8,1319,1880850.903772221,884596.8377532,1.7663466358206286,2.1473269920823173,26013.82207387828,24749.19122983499,35681.87050613973,36950.007273199226,364539.5066440316,0.6055536770183125,ew1|top10|mm5
2026-05,17428,8,1325,1976608.671670751,873715.6259383128,1.809889814540277,2.7000108696782736,74732.73453141519,43649.46574372221,54730.456419570786,85813.72520726376,369366.3558616192,0.6003138887971682,ew1|top10|mm5
2026-06,10791,8,1192,1574982.731742808,780268.8128597902,1.4083844268092278,2.0800995156143856,46035.72476637821,20329.897078904833,29274.26819912777,54981.98448205232,298208.6571891373,0.5942629243485471,ew1|top10|mm5
2026-07,13706,8,1325,2082114.3309732166,946264.9630993285,1.1336777486004348,1.9919440053416972,56838.44551925523,18037.720397151057,35614.123192034895,74430.25103059963,388571.4169920665,0.8926447711725026,ew1|top10|mm5
2026-08,9100,9,1110,1637532.2479857518,741364.1600673485,1.1338612168430064,1.2380971358088873,54843.30095758993,18955.891664593935,33708.10816195221,69612.88185846512,295391.6180175037,0.9929416031482556,ew1|top10|mm5
2025-12,71,2,14,12536.494704140709,7106.389878033334,1.969006152816902,2.0810087390140852,-771.2618678926253,317.4733439389713,317.4733439389713,-771.2618678926253,1901.3989448276413,0.0,ew1|top10|mm10
2026-01,4442,3,606,462475.9996533379,231911.71725510294,2.406436185197428,1.0927938217244484,5110.3164994559165,7006.979750851305,7011.773222851305,5115.109971455916,84336.41114961459,0.00012318775326429537,ew1|top10|mm10
2026-02,8611,9,932,1301574.9035640303,648215.7166249712,1.1853769583709697,1.9782246990903811,32632.44254024553,14977.757405919145,14977.757405919145,32632.44254024553,253753.0217212058,0.0,ew1|top10|mm10
2026-03,3174,10,403,627521.5203166608,307372.01455200807,2.0558728856564414,0.8346998170898096,1177.4916217603993,8885.013935002467,9494.715786702349,1787.569930178258,110728.69902780544,0.11677341044957294,ew1|top10|mm10
2026-04,12577,9,1355,1932295.3945336195,909751.3466239212,1.563259487466149,2.249488208026763,26399.116232412474,25125.807519054877,36362.82100750285,37639.63564387666,374683.98038213945,0.605417591425412,ew1|top10|mm10
2026-05,17428,8,1325,1976608.671670751,873715.6259383128,1.809889814540277,2.7000108696782736,74732.73453141519,43649.46574372221,54730.456419570786,85813.72520726376,369366.3558616192,0.6003138887971682,ew1|top10|mm10
2026-06,10791,8,1192,1574982.731742808,780268.8128597902,1.4083844268092278,2.0800995156143856,46035.72476637821,20329.897078904833,29274.26819912777,54981.98448205232,298208.6571891373,0.5942629243485471,ew1|top10|mm10
2026-07,13706,8,1325,2082114.3309732166,946264.9630993285,1.1336777486004348,1.9919440053416972,56838.44551925523,18037.720397151057,35614.123192034895,74430.25103059963,388571.4169920665,0.8926447711725026,ew1|top10|mm10
2026-08,9100,9,1110,1637532.2479857518,741364.1600673485,1.1338612168430064,1.2380971358088873,54843.30095758993,18955.891664593935,33708.10816195221,69612.88185846512,295391.6180175037,0.9929416031482556,ew1|top10|mm10
2025-12,71,2,14,12536.494704140709,7106.389878033334,1.969006152816902,2.0810087390140852,-771.2618678926253,317.4733439389713,317.4733439389713,-771.2618678926253,1901.3989448276413,0.0,ew1|top10|mm20
2026-01,4355,2,600,434691.97582956165,223061.30643608706,2.426798015723654,1.182967758661309,3059.278696588546,6342.101364270108,6346.8948362701085,3064.0721685885464,79340.79665172622,0.00012564867967853043,ew1|top10|mm20
2026-02,8611,9,932,1301574.9035640303,648215.7166249712,1.1853769583709697,1.9782246990903811,32632.44254024553,14977.757405919145,14977.757405919145,32632.44254024553,253753.0217212058,0.0,ew1|top10|mm20
2026-03,3235,9,403,578881.3297902455,305482.1560141592,2.0252845005347986,0.5224142024353337,1664.9556986340476,8914.361293041828,9515.318634520045,2266.289496830242,110512.4975411857,0.11232832856002965,ew1|top10|mm20
2026-04,12559,8,1355,1928656.8519936195,906278.892271811,1.5615535506076155,2.247373418439481,26237.577706835156,25018.265694965914,36251.72108932972,37473.5474559868,374532.3249717214,0.6061336972807194,ew1|top10|mm20
2026-05,17428,8,1325,1976608.671670751,873715.6259383128,1.809889814540277,2.7000108696782736,74732.73453141519,43649.46574372221,54730.456419570786,85813.72520726376,369366.3558616192,0.6003138887971682,ew1|top10|mm20
2026-06,10791,8,1192,1574982.731742808,780268.8128597902,1.4083844268092278,2.0800995156143856,46035.72476637821,20329.897078904833,29274.26819912777,54981.98448205232,298208.6571891373,0.5942629243485471,ew1|top10|mm20
2026-07,13982,9,1333,2088620.9360422166,949948.9642573138,1.1191029041825644,1.8435212598315616,57034.08626748199,17902.635208347274,35513.648384019,74660.50215961428,389789.3608262114,0.8890434134232027,ew1|top10|mm20
2026-08,9100,9,1110,1637532.2479857518,741364.1600673485,1.1338612168430064,1.2380971358088873,54843.30095758993,18955.891664593935,33708.10816195221,69612.88185846512,295391.6180175037,0.9929416031482556,ew1|top10|mm20
2025-12,71,2,14,12536.494704140709,7106.389878033334,1.969006152816902,2.0810087390140852,-771.2618678926253,317.4733439389713,317.4733439389713,-771.2618678926253,1901.3989448276413,0.0,ew1|top25|mm5
2026-01,4442,3,606,462475.9996533379,231911.71725510294,2.406436185197428,1.0927938217244484,5110.3164994559165,7006.979750851305,7011.773222851305,5115.109971455916,84336.41114961459,0.00012318775326429537,ew1|top25|mm5
2026-02,8934,12,939,1306653.0969349886,650488.0608460377,1.171971165185684,1.7571893949759265,33020.93805691707,15034.784093054308,15034.784093054308,33020.93805691707,254831.75619540046,0.0,ew1|top25|mm5
2026-03,5452,19,419,787696.5112825168,385684.2363887618,1.422613920173474,-0.07914109688953147,-10700.90104499851,10787.134722349956,11690.081719340757,-9797.546915206733,141636.28693127236,0.1323397842758117,ew1|top25|mm5
2026-04,14506,20,1365,2123116.7866218574,1005344.0117621454,1.387461297040031,1.8585498513552356,20430.00750513301,25417.830072616867,37757.86611783995,32773.54989292713,411451.41292647074,0.6060105949766271,ew1|top25|mm5
2026-05,19026,18,1348,2188036.798886285,960900.836943319,1.6939472912059241,2.4572303518597667,69938.24871084017,43348.27303088053,55676.915368856855,82266.89104881648,410954.74459921074,0.6023189000949272,ew1|top25|mm5
2026-06,12900,18,1212,1954685.3891941481,963749.9315749422,1.422245079244164,2.2065955588081705,51472.153997681286,24532.12726823466,35561.864306602685,62503.838201062084,367722.8067793603,0.5939882013902797,ew1|top25|mm5
2026-07,16560,19,1354,2559261.6188250687,1168165.6973947082,1.118373337303854,1.7705182160590667,67984.67713419636,18328.55553857585,39854.136632257796,89526.9699839132,473332.3631041443,0.8928295217193393,ew1|top25|mm5
2026-08,10610,21,1126,2095723.4626332002,963561.6493751635,1.101474606425239,1.1227611362146817,57268.99310200974,18642.87981017346,37537.33179917303,76184.92395850326,378318.61712987005,0.9898025549436594,ew1|top25|mm5
2025-12,71,2,14,12536.494704140709,7106.389878033334,1.969006152816902,2.0810087390140852,-771.2618678926253,317.4733439389713,317.4733439389713,-771.2618678926253,1901.3989448276413,0.0,ew1|top25|mm10
2026-01,4442,3,606,462475.9996533379,231911.71725510294,2.406436185197428,1.0927938217244484,5110.3164994559165,7006.979750851305,7011.773222851305,5115.109971455916,84336.41114961459,0.00012318775326429537,ew1|top25|mm10
2026-02,8933,11,939,1306501.4369349885,650338.2674460302,1.171971165185684,1.7572483434669655,33019.071456924525,15034.784093054308,15034.784093054308,33019.071456924525,254829.91256913554,0.0,ew1|top25|mm10
2026-03,5449,18,419,787274.2512825168,385270.9686887607,1.422470702399003,-0.08044376708235007,-10709.893344997445,10782.734722349956,11685.681719340757,-9806.539215205667,141627.53519134928,0.13241264523246934,ew1|top25|mm10
2026-04,14490,19,1365,2122817.234261146,1005295.7154699202,1.388029419931368,1.8876763016129499,20469.800068117143,25427.997542873218,37767.08567111528,32812.39453893024,411419.81569376995,0.6060591635506114,ew1|top25|mm10
2026-05,19115,18,1350,2186466.489134285,959394.9424763228,1.6754431949096826,2.40700031778125,69719.9711890001,43144.113138392044,55468.357141204615,82044.21519181268,410808.1334270858,0.6024496249726087,ew1|top25|mm10
2026-06,12935,18,1213,1956615.6519808625,964878.4640199572,1.431764207411258,2.185612189062228,53150.56976115194,24855.121777855504,35899.1730409797,64196.59342004697,368200.7886298346,0.5943955919064622,ew1|top25|mm10
2026-07,16560,19,1354,2559261.6188250687,1168165.6973947082,1.118373337303854,1.7705182160590667,67984.67713419636,18328.55553857585,39854.136632257796,89526.9699839132,473332.3631041443,0.8928295217193393,ew1|top25|mm10
2026-08,10642,22,1126,2099299.2300565336,965597.6313742305,1.1043509214631966,1.1318200502392473,59003.68091143286,18634.92626270307,37567.836754212534,77958.07027043626,379087.787180068,0.989978747454795,ew1|top25|mm10
2025-12,71,2,14,12536.494704140709,7106.389878033334,1.969006152816902,2.0810087390140852,-771.2618678926253,317.4733439389713,317.4733439389713,-771.2618678926253,1901.3989448276413,0.0,ew1|top25|mm20
2026-01,4355,2,600,434691.97582956165,223061.30643608706,2.426798015723654,1.182967758661309,3059.278696588546,6342.101364270108,6346.8948362701085,3064.0721685885464,79340.79665172622,0.00012564867967853043,ew1|top25|mm20
2026-02,8612,10,932,1302022.2886991655,648381.2491249712,1.1854146700494645,1.9736970855813682,32466.91004024553,14984.510217911313,14984.510217911313,32466.91004024553,253857.3071962058,0.0,ew1|top25|mm20
2026-03,5401,14,419,726316.2630394937,378347.0452055671,1.4233339071301618,-0.09280884054244082,-10531.388731129297,10740.989589054807,11614.123970458633,-9657.847216924492,138931.5874484888,0.13129004981664927,ew1|top25|mm20
2026-04,14437,15,1364,2107144.11611528,995754.7924209276,1.3853214917513876,1.9023236701475381,20738.094155497925,24773.157033204952,37032.72619094462,33000.17808758025,408736.1310694109,0.6066964421140125,ew1|top25|mm20
2026-05,19109,17,1350,2185102.4991342854,958074.8078763253,1.6753669489581908,2.4069339803931165,69677.36553673379,43109.84638612573,55432.84064120201,82000.35979181007,410766.47516920924,0.6026145776198614,ew1|top25|mm20
2026-06,12973,19,1213,1964021.8019808624,968231.0979199283,1.425750460623198,2.1853961904988717,51770.77768064129,24727.986302115125,35820.60574577893,62865.369520075925,369819.72798115463,0.5945856522437477,ew1|top25|mm20
2026-07,16655,20,1355,2614474.4164461032,1194194.8685838934,1.0900113240817144,1.683639703446362,66112.59201746168,17629.034770156417,39676.73387102856,88176.09166189871,485104.24680780765,0.8930363914773953,ew1|top25|mm20
2026-08,10743,22,1126,2101136.2465015333,965886.9712172152,1.0818968947975132,1.1410297625420631,58143.99123206589,18508.308253679363,37459.79858157116,77116.96042745163,379459.3839077146,0.990887991852426,ew1|top25|mm20
2025-12,71,2,14,12536.494704140709,7106.389878033334,1.969006152816902,2.0810087390140852,-771.2618678926253,317.4733439389713,317.4733439389713,-771.2618678926253,1901.3989448276413,0.0,ew1|top50|mm5
2026-01,4442,3,606,462475.9996533379,231911.71725510294,2.406436185197428,1.0927938217244484,5110.3164994559165,7006.979750851305,7011.773222851305,5115.109971455916,84336.41114961459,0.00012318775326429537,ew1|top50|mm5
2026-02,8934,12,939,1306653.0969349886,650488.0608460377,1.171971165185684,1.7571893949759265,33020.93805691707,15034.784093054308,15034.784093054308,33020.93805691707,254831.75619540046,0.0,ew1|top50|mm5
2026-03,5452,19,419,787696.5112825168,385684.2363887618,1.422613920173474,-0.07914109688953147,-10700.90104499851,10787.134722349956,11690.081719340757,-9797.546915206733,141636.28693127236,0.1323397842758117,ew1|top50|mm5
2026-04,14506,20,1365,2123116.7866218574,1005344.0117621454,1.387461297040031,1.8585498513552356,20430.00750513301,25417.830072616867,37757.86611783995,32773.54989292713,411451.41292647074,0.6060105949766271,ew1|top50|mm5
2026-05,36800,36,1416,3029674.579255657,1194965.0423003726,0.7770651165534074,1.0907000218813967,55404.91141184397,41652.99438964342,56493.107898068636,70245.02492026918,494670.45028084045,0.6107761751911578,ew1|top50|mm5
2026-06,22578,37,1249,2482619.475351887,1137899.275365304,0.698072603965435,1.2695389582974388,51006.66253848197,24474.063377096147,37863.34327181844,64401.49726784543,446504.918178491,0.6029296258397236,ew1|top50|mm5
2026-07,17902,38,1360,2845825.428015056,1280584.556592518,1.1008134516979189,1.7160965530861174,67429.33674153785,19440.48137397307,43511.04244652127,91521.04455511349,528505.1991339312,0.8956127197920222,ew1|top50|mm5
2026-08,11853,42,1130,2302225.8549037757,1049601.9029287342,1.1722724428009357,0.8565126469497064,53284.866475352166,20290.543292378392,40951.12859283126,73968.92729069898,413681.216306936,0.9967903577883346,ew1|top50|mm5
2025-12,71,2,14,12536.494704140709,7106.389878033334,1.969006152816902,2.0810087390140852,-771.2618678926253,317.4733439389713,317.4733439389713,-771.2618678926253,1901.3989448276413,0.0,ew1|top50|mm10
2026-01,4442,3,606,462475.9996533379,231911.71725510294,2.406436185197428,1.0927938217244484,5110.3164994559165,7006.979750851305,7011.773222851305,5115.109971455916,84336.41114961459,0.00012318775326429537,ew1|top50|mm10
2026-02,8933,11,939,1306501.4369349885,650338.2674460302,1.171971165185684,1.7572483434669655,33019.071456924525,15034.784093054308,15034.784093054308,33019.071456924525,254829.91256913554,0.0,ew1|top50|mm10
2026-03,5449,18,419,787274.2512825168,385270.9686887607,1.422470702399003,-0.08044376708235007,-10709.893344997445,10782.734722349956,11685.681719340757,-9806.539215205667,141627.53519134928,0.13241264523246934,ew1|top50|mm10
2026-04,14490,19,1365,2122817.234261146,1005295.7154699202,1.388029419931368,1.8876763016129499,20469.800068117143,25427.997542873218,37767.08567111528,32812.39453893024,411419.81569376995,0.6060591635506114,ew1|top50|mm10
2026-05,36696,32,1415,3026277.6895036567,1192176.4712333442,0.7756813305826862,1.0776528906236988,54676.560814288714,41483.86573419697,56307.300583206015,69499.99566329776,494114.49496696837,0.6107253344111824,ew1|top50|mm10
2026-06,22703,35,1249,2388443.2552812966,1139212.966576319,0.6812452214627462,1.2331547616398537,50724.048773581584,24228.738022379763,37681.94916698831,64179.64017323969,448530.1405216459,0.6040513896301195,ew1|top50|mm10
2026-07,17980,40,1360,2862970.6922411006,1288688.0256584508,1.1020075527790385,1.723563570374692,68764.48300820235,19526.961178744656,43768.60973551934,93025.96649358625,532389.7190349925,0.8960228416113497,ew1|top50|mm10
2026-08,11946,42,1130,2318309.612150247,1055824.890155743,1.17454430205261,0.8368133611617133,50186.89426943458,19067.008031306137,39876.63243592092,71020.6449767383,416675.01414607425,0.997193828082385,ew1|top50|mm10
2025-12,71,2,14,12536.494704140709,7106.389878033334,1.969006152816902,2.0810087390140852,-771.2618678926253,317.4733439389713,317.4733439389713,-771.2618678926253,1901.3989448276413,0.0,ew1|top50|mm20
2026-01,4355,2,600,434691.97582956165,223061.30643608706,2.426798015723654,1.182967758661309,3059.278696588546,6342.101364270108,6346.8948362701085,3064.0721685885464,79340.79665172622,0.00012564867967853043,ew1|top50|mm20
2026-02,8612,10,932,1302022.2886991655,648381.2491249712,1.1854146700494645,1.9736970855813682,32466.91004024553,14984.510217911313,14984.510217911313,32466.91004024553,253857.3071962058,0.0,ew1|top50|mm20
2026-03,5401,14,419,726316.2630394937,378347.0452055671,1.4233339071301618,-0.09280884054244082,-10531.388731129297,10740.989589054807,11614.123970458633,-9657.847216924492,138931.5874484888,0.13129004981664927,ew1|top50|mm20
2026-04,14437,15,1364,2107144.11611528,995754.7924209276,1.3853214917513876,1.9023236701475381,20738.094155497925,24773.157033204952,37032.72619094462,33000.17808758025,408736.1310694109,0.6066964421140125,ew1|top50|mm20
2026-05,36643,26,1414,3007217.7956503793,1181465.6779973526,0.7738572754064348,1.0509245773679283,53815.68677902485,41537.719415080486,56277.48179706376,68555.44916100812,491325.41273277573,0.6109736179056575,ew1|top50|mm20
2026-06,23688,38,1249,2549803.1116062393,1159559.240576284,0.6585534936598129,1.145880930333873,48867.45888070698,23787.76809647441,37613.12536272704,62724.28662476918,461904.6853351156,0.6048301141562019,ew1|top50|mm20
2026-07,27138,37,1399,3030585.874014167,1385388.6018786805,0.4849198097994952,0.7672607341798464,65666.21832883175,15818.724816372305,41829.550532696885,91694.78060709489,569790.4080558271,0.9130867109358015,ew1|top50|mm20
2026-08,12253,42,1130,2339820.3807364153,1068920.8787235357,1.1054343495020376,0.7069414551272812,54341.845800551964,19609.942355368697,40581.381838442285,75338.91005697468,419941.28512845404,0.9954621057900449,ew1|top50|mm20
2025-12,71,2,14,12536.494704140709,7106.389878033334,1.969006152816902,2.0810087390140852,-771.2618678926253,317.4733439389713,317.4733439389713,-771.2618678926253,1901.3989448276413,0.0,ew1|tnet2|mm5
2026-01,4442,3,606,462475.9996533379,231911.71725510294,2.406436185197428,1.0927938217244484,5110.3164994559165,7006.979750851305,7011.773222851305,5115.109971455916,84336.41114961459,0.00012318775326429537,ew1|tnet2|mm5
2026-02,8934,12,939,1306653.0969349886,650488.0608460377,1.171971165185684,1.7571893949759265,33020.93805691707,15034.784093054308,15034.784093054308,33020.93805691707,254831.75619540046,0.0,ew1|tnet2|mm5
2026-03,5452,19,419,787696.5112825168,385684.2363887618,1.422613920173474,-0.07914109688953147,-10700.90104499851,10787.134722349956,11690.081719340757,-9797.546915206733,141636.28693127236,0.1323397842758117,ew1|tnet2|mm5
2026-04,10083,10,1319,1902054.258177118,893649.3372242956,1.7611752986141376,2.0584825105147577,24649.281445538447,24826.13882594248,35899.34306510256,35725.991607714735,369223.6720725431,0.6056474761290985,ew1|tnet2|mm5
2026-05,19242,22,1351,2518011.610779457,935918.994099302,1.6878183546775984,2.4592306653020137,77954.26355247614,44307.341034685654,56160.77116606999,89807.69368386049,395114.33771281125,0.6006489407831125,ew1|tnet2|mm5
2026-06,15178,37,1224,2275961.0061183004,1041737.2707720444,1.2752696076619507,1.7768585454843069,53571.2124080416,23995.850763417442,36003.39400210941,65585.25221520834,400478.42077193386,0.5960463667647407,ew1|tnet2|mm5
2026-07,18930,48,1362,2778181.868429382,1277268.8227008912,1.0985259462802335,1.8171479094572025,89751.43821243597,19429.67763169584,42967.93655773696,113309.57166385867,516650.15492381697,0.8972845314268063,ew1|tnet2|mm5
2026-08,12290,55,1131,2370039.821102344,1080257.231187724,1.2064479924316056,0.8356750569964253,51152.82895601234,19809.747901360817,41113.85932109852,72482.47969188413,426593.0147174356,0.9957917587277406,ew1|tnet2|mm5
2025-12,71,2,14,12536.494704140709,7106.389878033334,1.969006152816902,2.0810087390140852,-771.2618678926253,317.4733439389713,317.4733439389713,-771.2618678926253,1901.3989448276413,0.0,ew1|tnet2|mm10
2026-01,4442,3,606,462475.9996533379,231911.71725510294,2.406436185197428,1.0927938217244484,5110.3164994559165,7006.979750851305,7011.773222851305,5115.109971455916,84336.41114961459,0.00012318775326429537,ew1|tnet2|mm10
2026-02,8933,11,939,1306501.4369349885,650338.2674460302,1.171971165185684,1.7572483434669655,33019.071456924525,15034.784093054308,15034.784093054308,33019.071456924525,254829.91256913554,0.0,ew1|tnet2|mm10
2026-03,5449,18,419,787274.2512825168,385270.9686887607,1.422470702399003,-0.08044376708235007,-10709.893344997445,10782.734722349956,11685.681719340757,-9806.539215205667,141627.53519134928,0.13241264523246934,ew1|tnet2|mm10
2026-04,10083,10,1319,1902054.258177118,893649.3372242956,1.7611752986141376,2.0584825105147577,24649.281445538447,24826.13882594248,35899.34306510256,35725.991607714735,369223.6720725431,0.6056474761290985,ew1|tnet2|mm10
2026-05,19178,20,1348,2513524.0210274565,932961.7070323064,1.682273656969453,2.449124213918822,77855.38300536558,44095.53987055649,55926.537292047076,89686.38042685618,394366.5807163531,0.6005542354330395,ew1|tnet2|mm10
2026-06,15119,31,1223,2167381.330055115,1035145.7250400659,1.278343727629633,1.7809417933388576,53584.444852834546,24000.89348471717,35996.05306142914,65582.08288059608,399931.69479176024,0.5977095857539331,ew1|tnet2|mm10
2026-07,18846,44,1362,2766412.832135323,1270486.332991871,1.0935756341252139,1.7953452539107593,86933.2851362992,19287.964224303956,42733.34702890087,110398.48289206273,514580.7446910499,0.8976068439332203,ew1|tnet2|mm10
2026-08,12261,50,1131,2368181.3330168375,1078592.1910877218,1.20633016304652,0.8431655401090223,49906.89950857413,19550.03058944227,40838.98188999876,71220.94897555959,426280.989339709,0.9956924037952268,ew1|tnet2|mm10
2025-12,71,2,14,12536.494704140709,7106.389878033334,1.969006152816902,2.0810087390140852,-771.2618678926253,317.4733439389713,317.4733439389713,-771.2618678926253,1901.3989448276413,0.0,ew1|tnet2|mm20
2026-01,4355,2,600,434691.97582956165,223061.30643608706,2.426798015723654,1.182967758661309,3059.278696588546,6342.101364270108,6346.8948362701085,3064.0721685885464,79340.79665172622,0.00012564867967853043,ew1|tnet2|mm20
2026-02,8612,10,932,1302022.2886991655,648381.2491249712,1.1854146700494645,1.9736970855813682,32466.91004024553,14984.510217911313,14984.510217911313,32466.91004024553,253857.3071962058,0.0,ew1|tnet2|mm20
2026-03,5401,14,419,726316.2630394937,378347.0452055671,1.4233339071301618,-0.09280884054244082,-10531.388731129297,10740.989589054807,11614.123970458633,-9657.847216924492,138931.5874484888,0.13129004981664927,ew1|tnet2|mm20
2026-04,10028,8,1319,1890473.8833456158,886346.2667115424,1.760291038011261,2.1135890519635137,26271.27069819318,24638.91264307544,35655.016479411046,37289.88888931662,367287.273037448,0.6065188444216079,ew1|tnet2|mm20
2026-05,19123,16,1347,2502007.3398167617,925098.6057693191,1.6766674762729084,2.446031070036178,76162.53340574038,43736.10039298571,55533.22922535928,87959.66223811393,393237.6277457855,0.6011893176054056,ew1|tnet2|mm20
2026-06,15099,29,1223,2158891.987521591,1027211.4769410497,1.2748050589468252,1.7833597223120965,53274.236798584236,23754.11826719585,35739.00749089082,65260.994696088776,399569.02378319355,0.5981215680907692,ew1|tnet2|mm20
2026-07,18177,27,1360,2641529.399191333,1208961.9902931582,1.023856009355561,1.5939260038923007,65757.59540821411,17381.644258362507,39691.17744372599,88084.25552347428,490762.5840703761,0.8970485908003102,ew1|tnet2|mm20
2026-08,12097,43,1132,2351811.2624961627,1070344.1152147544,1.1769660292495103,0.8125295274845883,47455.881561649876,18920.46448091356,40034.12969718738,68594.42590685266,422770.88690405554,0.9950356176175031,ew1|tnet2|mm20
2025-12,71,2,14,12536.494704140709,7106.389878033334,1.969006152816902,2.0810087390140852,-771.2618678926253,317.4733439389713,317.4733439389713,-771.2618678926253,1901.3989448276413,0.0,ew1|tnet3|mm5
2026-01,4442,3,606,462475.9996533379,231911.71725510294,2.406436185197428,1.0927938217244484,5110.3164994559165,7006.979750851305,7011.773222851305,5115.109971455916,84336.41114961459,0.00012318775326429537,ew1|tnet3|mm5
2026-02,8612,10,932,1301726.5635640305,648365.5100249787,1.1853769583709697,1.9781378777024048,32634.30914023807,14977.757405919145,14977.757405919145,32634.30914023807,253754.8653474707,0.0,ew1|tnet3|mm5
2026-03,3178,11,403,628143.7803166608,307983.28225200914,2.05591846665402,0.8361227331759143,1188.4839217593328,8889.413935002467,9499.115786702348,1798.5622301771914,110739.43076772851,0.11662643321804422,ew1|tnet3|mm5
2026-04,10007,8,1319,1880850.903772221,884596.8377532,1.7663466358206286,2.1473269920823173,26013.82207387828,24749.19122983499,35681.87050613973,36950.007273199226,364539.5066440316,0.6055536770183125,ew1|tnet3|mm5
2026-05,17785,12,1333,2009993.3900561598,888722.0161663796,1.8027046669460811,2.579366306603377,71956.14350198711,43824.07601759246,55102.46731542868,83234.53479982333,375946.37659454066,0.6005509064435729,ew1|tnet3|mm5
2026-06,13445,27,1215,2113463.3951520245,993595.3976510371,1.4074464990534699,2.154711174074192,47210.799071721915,24160.251965668976,35497.73984257589,58554.0520895785,378108.43392855296,0.5955207396602817,ew1|tnet3|mm5
2026-07,17501,33,1356,2609301.1705037425,1195381.0116611826,1.155405895551433,1.8019028372903614,66861.03067598224,19397.494008116402,41376.480781168866,88861.16419006216,483332.9432677847,0.8975434409933286,ew1|tnet3|mm5
2026-08,10866,44,1117,1938774.3863148207,880000.2331560586,1.3205546073864889,1.1678307899195834,57526.48826548739,23694.533485933644,41038.068304604705,74892.21892088756,347314.6131080034,0.9948460921106023,ew1|tnet3|mm5
2025-12,71,2,14,12536.494704140709,7106.389878033334,1.969006152816902,2.0810087390140852,-771.2618678926253,317.4733439389713,317.4733439389713,-771.2618678926253,1901.3989448276413,0.0,ew1|tnet3|mm10
2026-01,4442,3,606,462475.9996533379,231911.71725510294,2.406436185197428,1.0927938217244484,5110.3164994559165,7006.979750851305,7011.773222851305,5115.109971455916,84336.41114961459,0.00012318775326429537,ew1|tnet3|mm10
2026-02,8611,9,932,1301574.9035640303,648215.7166249712,1.1853769583709697,1.9782246990903811,32632.44254024553,14977.757405919145,14977.757405919145,32632.44254024553,253753.0217212058,0.0,ew1|tnet3|mm10
2026-03,3174,10,403,627521.5203166608,307372.01455200807,2.0558728856564414,0.8346998170898096,1177.4916217603993,8885.013935002467,9494.715786702349,1787.569930178258,110728.69902780544,0.11677341044957294,ew1|tnet3|mm10
2026-04,10007,8,1319,1880850.903772221,884596.8377532,1.7663466358206286,2.1473269920823173,26013.82207387828,24749.19122983499,35681.87050613973,36950.007273199226,364539.5066440316,0.6055536770183125,ew1|tnet3|mm10
2026-05,17729,11,1327,2005621.8003041598,885825.5690993839,1.7972868244300226,2.564790438024416,71850.58552287656,43615.1424206693,54871.93844061177,83107.38154281903,375226.53399808245,0.6004956782494855,ew1|tnet3|mm10
2026-06,13411,24,1215,2008866.3900864336,989850.8158410352,1.4091667659923324,2.1565005487392273,47261.97252439761,24144.621691060907,35480.69582764205,58600.628833989584,377955.2103197325,0.5969207712354212,ew1|tnet3|mm10
2026-07,17501,33,1356,2609301.1705037425,1195381.0116611826,1.155405895551433,1.8019028372903614,66861.03067598224,19397.494008116402,41376.480781168866,88861.16419006216,483332.9432677847,0.8975434409933286,ew1|tnet3|mm10
2026-08,10864,43,1117,1937774.3863148207,879186.5456560586,1.3176788319646204,1.1647552458866963,57347.746405721766,23525.791626168022,40861.755804604705,74705.90642088756,347163.2003033159,0.9948898664236863,ew1|tnet3|mm10
2025-12,71,2,14,12536.494704140709,7106.389878033334,1.969006152816902,2.0810087390140852,-771.2618678926253,317.4733439389713,317.4733439389713,-771.2618678926253,1901.3989448276413,0.0,ew1|tnet3|mm20
2026-01,4355,2,600,434691.97582956165,223061.30643608706,2.426798015723654,1.182967758661309,3059.278696588546,6342.101364270108,6346.8948362701085,3064.0721685885464,79340.79665172622,0.00012564867967853043,ew1|tnet3|mm20
2026-02,8611,9,932,1301574.9035640303,648215.7166249712,1.1853769583709697,1.9782246990903811,32632.44254024553,14977.757405919145,14977.757405919145,32632.44254024553,253753.0217212058,0.0,ew1|tnet3|mm20
2026-03,3132,8,403,577505.2940662456,304789.4354387399,2.062945550522017,0.710225707218488,1676.4565055234693,8867.321745145997,9467.154573154134,2276.6657902495836,110193.43153271191,0.1153143495822784,ew1|tnet3|mm20
2026-04,9989,7,1319,1877212.361232221,881124.3834010898,1.764506716336308,2.144484010371068,25852.28354830096,24641.649405746026,35570.770587966595,36783.91908530937,364387.85123361356,0.6064542699683056,ew1|tnet3|mm20
2026-05,17723,10,1327,2004257.8103041598,884505.4344993865,1.79724586510542,2.5647723315848534,71807.97987061024,43580.875668402994,54836.421940609165,83063.52614281642,375184.8757402059,0.6006728692699679,ew1|tnet3|mm20
2026-06,13399,23,1215,2000733.5954679102,982027.1577410196,1.4082620183222097,2.155759856364723,46961.499850165244,23923.61312577377,35251.63319531944,58291.49231548174,377666.41551055014,0.5973774455272101,ew1|tnet3|mm20
2026-07,17062,22,1355,2569009.7815122013,1169529.787941047,1.087659940247112,1.6626843236222808,60621.84061453177,18092.060411105726,39774.666288225075,82321.70158124038,476513.22805224033,0.8969291068744676,ew1|tnet3|mm20
2026-08,10698,36,1117,1915799.3281122998,867343.1171870665,1.2879421059739316,1.114525081411295,54534.22267526932,22674.22955703454,39795.04798000601,71677.01789746991,342855.9044440117,0.9941598546449768,ew1|tnet3|mm20
2025-12,91,4,14,29261.4816786489,9259.059878024387,2.842646788461539,13.57289086901099,8769.528132116324,1760.309714502538,1760.309714502538,8769.528132116324,3626.6386663373623,0.0,ew1|eb0c|mm5
2026-01,5838,6,636,539417.8456403379,269615.79553912004,2.0992184069885,1.0663253755490836,6288.439389438819,7241.752786220123,7246.5462582201235,6293.232861438819,99422.34648041271,9.373072970195272e-05,ew1|eb0c|mm5
2026-02,13391,24,966,1545070.1287730483,772036.7356870122,0.48850428095762205,0.5374062618651031,41755.4510866368,13801.202751045646,13801.202751045646,41755.4510866368,300571.16238087974,0.0,ew1|eb0c|mm5
2026-03,5682,32,421,812321.4307104222,397889.1777863397,1.403831460392686,-0.18651448063746728,-11721.141773780373,11622.173725203378,12553.765642686403,-10789.12825838533,146641.22759656745,0.1307657011584106,ew1|eb0c|mm5
2026-04,13256,26,1364,2059471.2685982578,984887.0700191192,1.5043149057143599,2.0693590950873273,17862.76087189015,25643.68466590593,37510.38184797989,29734.085814768845,395710.8314292898,0.6046243881051893,ew1|eb0c|mm5
2026-05,22456,43,1377,2886233.7044125544,1104220.438404425,1.5073194705616784,2.092755457155462,55445.68765950756,43351.71913471248,57251.557373774376,69345.52589856945,463327.94130206335,0.6014529557974235,ew1|eb0c|mm5
2026-06,17224,71,1230,2620492.1231603622,1136550.4321274548,1.1261569192792233,1.5189476891287683,45231.01127785728,24897.070391348254,38414.879516244495,58784.9429718183,451808.1503317429,0.5977419071862391,ew1|eb0c|mm5
2026-07,21255,76,1372,3106556.756075161,1396734.429642072,0.9729053132332802,1.438338423599053,82885.44628459208,20951.242698294096,47502.28509455174,109473.08484076952,582418.1182551708,0.902584255595805,ew1|eb0c|mm5
2026-08,14871,79,1141,2726930.1209082166,1242645.1375519184,1.0352377828371242,0.5959441092917964,54342.9585766838,18380.766834554015,43242.616553039355,79235.45032974501,497849.83506122406,0.9953547636266352,ew1|eb0c|mm5
2025-12,91,4,14,29261.4816786489,9259.059878024387,2.842646788461539,13.57289086901099,8769.528132116324,1760.309714502538,1760.309714502538,8769.528132116324,3626.6386663373623,0.0,ew1|eb0c|mm10
2026-01,5032,4,622,497761.3956403379,248237.1649391184,2.241688745261848,1.2326166800178857,6111.719989440451,7082.596434015775,7087.3899060157755,6116.513461440451,91494.6172889703,0.00010874403815580287,ew1|eb0c|mm10
2026-02,12791,19,960,1497946.846918235,742555.1020451039,0.5590947613501763,0.6955636708531436,37219.21760008924,14356.506511852918,14356.506511852918,37219.21760008924,293803.9378335365,0.0,ew1|eb0c|mm10
2026-03,5583,25,421,801112.7275213222,391903.6870430542,1.4296245731252437,-0.09723162310266181,-8450.174498547518,11544.761337231892,12467.009494608805,-7527.504743258587,144358.87989796646,0.13062786680139007,ew1|eb0c|mm10
2026-04,13168,22,1363,2037660.371925344,964890.6789830755,1.516469744962617,2.1045678885239703,17417.577422737377,25414.59816661709,37256.68901433288,29263.174613024206,394853.23967622756,0.6059799566825913,ew1|eb0c|mm10
2026-05,22292,37,1376,2867393.555916032,1092139.2231814566,1.5133707952271007,2.0866964166367996,54971.11695002252,43116.51985762968,56924.24380435746,68778.84089675029,460257.46489092597,0.6016896401553234,ew1|eb0c|mm10
2026-06,17036,54,1229,2503321.628636182,1126289.0837744568,1.1461057555480427,1.5267614053696488,44904.145164930036,24980.279515943785,38429.756095726225,58385.72619635204,449396.4615804426,0.5987274081872854,ew1|eb0c|mm10
2026-07,20921,61,1372,3069299.722227911,1376977.7536141074,0.9641245326200731,1.445564260819104,82074.50337955514,18423.034240629673,44695.71768685011,108365.2786237148,575986.665613279,0.9027979145672719,ew1|eb0c|mm10
2026-08,14712,65,1141,2680486.398636712,1222578.0391948118,1.0409031784767682,0.6532044918761033,57735.98404976055,17909.666834354015,42292.63596718097,82147.86008860971,488237.52077698323,0.9944941518759357,ew1|eb0c|mm10
2025-12,91,4,14,29261.4816786489,9259.059878024387,2.842646788461539,13.57289086901099,8769.528132116324,1760.309714502538,1760.309714502538,8769.528132116324,3626.6386663373623,0.0,ew1|eb0c|mm20
2026-01,4945,3,619,469977.3718165616,239386.75412010253,2.2567463294661674,1.314491722289181,4060.6821865730813,6417.718047434579,6422.511519434579,4065.4756585730815,86499.00279108193,0.0001106572295247725,ew1|eb0c|mm20
2026-02,11577,15,954,1465113.546347412,726367.7142860055,0.6600146293126137,1.2370996033316053,38281.19815144969,14690.574592937703,14690.574592937703,38281.19815144969,287170.0391007637,0.0,ew1|eb0c|mm20
2026-03,5499,19,420,736550.3854759566,382336.30446172704,1.432832927912949,-0.09609148667570992,-8275.477000985737,11474.509309060428,12362.963549401375,-7386.615627843813,141130.1074656901,0.12921786853241113,ew1|eb0c|mm20
2026-04,13076,15,1361,2021233.2998784466,955124.3173652301,1.5217411246660422,2.096705152152931,17739.901968384696,24763.44488929023,36521.9239608406,29500.89581427773,392033.1281964344,0.606718881741991,ew1|eb0c|mm20
2026-05,21888,27,1373,2833205.7595659005,1074538.1685374768,1.5234046192055661,2.0937709177020025,54215.081699798255,42819.69330228051,56456.90940748302,67852.29780500077,454573.8701734172,0.6021646329385311,ew1|eb0c|mm20
2026-06,16505,41,1227,2479453.605074913,1109193.8441204275,1.1568840467465564,1.4972056282019053,43887.97743334072,24419.107055568616,37777.49725059462,57277.838106176285,446339.11629422795,0.6010485769207099,ew1|eb0c|mm20
2026-07,20329,40,1370,2951493.5845656637,1320416.6210805983,0.8892657660668176,1.2507555293260797,60230.20309658283,17140.381099937393,42335.73505741151,85441.61568056261,553447.8792604554,0.9031086051450646,ew1|eb0c|mm20
2026-08,14494,56,1142,2667785.327617889,1216171.3238877738,1.0327070059282204,0.5856191946962604,57759.985166973005,17961.92725956813,42188.23795361193,82014.98372953903,485099.9712513204,0.9934238228234027,ew1|eb0c|mm20
2025-12,71,2,14,12536.494704140709,7106.389878033334,1.969006152816902,2.0810087390140852,-771.2618678926253,317.4733439389713,317.4733439389713,-771.2618678926253,1901.3989448276413,0.0,ew1|eb0.25c|mm5
2026-01,5249,5,624,504332.4496533379,253458.34785510457,2.221808427192095,0.9321273321894056,5319.035899454283,7162.136103055653,7166.929575055653,5323.829371454283,92291.02034105701,0.00010424842827205184,ew1|eb0.25c|mm5
2026-02,11050,20,955,1467837.6142585573,733200.7937000081,0.8053664440641736,0.8781912684638364,41743.17622032481,14857.213193125557,14857.213193125557,41743.17622032481,284163.3992293926,0.0,ew1|eb0.25c|mm5
2026-03,5576,28,421,807226.1781101215,395534.89731089334,1.4290148514830487,-0.1386264825226168,-11513.03364317759,11650.10969404821,12571.85278458258,-10590.868954731204,145716.99384564228,0.1300823894290013,ew1|eb0.25c|mm5
2026-04,10642,21,1330,2011710.562709039,961174.3150042503,1.6936803881204592,1.8521936770432623,16192.996127414064,24685.881018423635,36264.85079162877,27776.927230748173,386131.0367778036,0.6044953708405941,ew1|eb0.25c|mm5
2026-05,20664,32,1373,2840833.237902778,1081775.7740644722,1.583763964706906,2.228584394595118,57732.855023575525,43497.06881222327,57125.76523340893,71361.5514447612,454289.88070618873,0.5997785876183939,ew1|eb0.25c|mm5
2026-06,16040,57,1228,2579734.8225158826,1119908.597866151,1.204137070921314,1.6958075600605655,48922.2809234665,25081.797134162018,38365.968282820766,62242.57464119002,444020.21779049316,0.5973280038783761,ew1|eb0.25c|mm5
2026-07,20021,65,1365,3014398.6024413775,1358642.391442112,1.0526581415959395,1.656465699580506,86184.33232449734,22943.66329982507,48566.51841616759,111845.50675398707,561504.8322407644,0.8999576590351804,ew1|eb0.25c|mm5
2026-08,12688,67,1126,2165915.7256987933,976407.2971274125,1.3043194747405853,0.8870610581943186,61298.21255440423,26660.248741589967,46302.725846527544,80967.38445930285,393383.43809797213,1.0040876472021187,ew1|eb0.25c|mm5
2025-12,71,2,14,12536.494704140709,7106.389878033334,1.969006152816902,2.0810087390140852,-771.2618678926253,317.4733439389713,317.4733439389713,-771.2618678926253,1901.3989448276413,0.0,ew1|eb0.25c|mm10
2026-01,4442,3,606,462475.9996533379,231911.71725510294,2.406436185197428,1.0927938217244484,5110.3164994559165,7006.979750851305,7011.773222851305,5115.109971455916,84336.41114961459,0.00012318775326429537,ew1|eb0.25c|mm10
2026-02,10269,16,946,1387682.86397727,689015.2410360639,0.9324670042035916,1.060118386145529,28972.039317807477,15172.479143821209,15172.479143821209,28972.039317807477,271645.96007346886,0.0,ew1|eb0.25c|mm10
2026-03,5567,24,421,800890.6576923223,391831.9589539768,1.4293407430956717,-0.08550174071422875,-8426.403594627567,11539.202633423405,12460.945723957773,-7504.238906181182,144313.91093773037,0.13029268968135643,ew1|eb0.25c|mm10
2026-04,10561,17,1329,1989049.3852100032,940290.9355715365,1.7090212445385962,1.8904982850218712,15768.98302351158,24456.639866214333,36011.42760704694,27327.277106915226,385276.4694467882,0.6061488708999166,ew1|eb0.25c|mm10
2026-05,20597,28,1372,2833950.630178323,1075531.9406774868,1.5814303308430837,2.2350639916606787,57384.78798372361,43255.48350572891,56866.992057296564,70996.29653529126,453716.9517189218,0.599950335357819,ew1|eb0.25c|mm10
2026-06,15884,44,1227,2464636.0402601566,1110602.4638011644,1.2221561510047196,1.6892110203003143,48516.76942272976,25202.459760353788,38429.522120696856,61775.9362347124,441982.65426579694,0.5983782434103924,ew1|eb0.25c|mm10
2026-07,19762,53,1366,2976699.9059758205,1338202.0577730879,1.04330304622282,1.673839970282781,85692.04155153125,20052.637977644794,45380.22941422446,111039.44793927754,554598.9609402405,0.9003759272775247,ew1|eb0.25c|mm10
2026-08,12531,59,1126,2113479.213388919,954061.6752542944,1.3071373249107165,0.9555267209620459,64107.15605821404,25732.745612795814,44847.912154723126,83247.67088078916,382810.29645150213,1.0027501057381376,ew1|eb0.25c|mm10
2025-12,71,2,14,12536.494704140709,7106.389878033334,1.969006152816902,2.0810087390140852,-771.2618678926253,317.4733439389713,317.4733439389713,-771.2618678926253,1901.3989448276413,0.0,ew1|eb0.25c|mm20
2026-01,4355,2,600,434691.97582956165,223061.30643608706,2.426798015723654,1.182967758661309,3059.278696588546,6342.101364270108,6346.8948362701085,3064.0721685885464,79340.79665172622,0.00012564867967853043,ew1|eb0.25c|mm20
2026-02,11350,13,952,1427603.5103303597,710363.0326919629,0.6812660914803531,1.1771466629673042,30628.622766760214,14389.028786965187,14389.028786965187,30628.622766760214,280178.2685314943,0.0,ew1|eb0.25c|mm20
2026-03,5483,18,420,736379.2647529567,382213.12450072484,1.4368441334941064,-0.06828509254417817,-8279.223130983555,11472.446508475901,12360.900748816848,-7390.361757841631,141104.1419709631,0.12959494055439152,ew1|eb0.25c|mm20
2026-04,10500,12,1328,1973018.0360410605,930620.135067169,1.7057609860623324,1.9420354023207114,16172.671138807678,23797.46712065367,35270.38737844357,27648.106170940235,382514.50107108534,0.6070383676021461,ew1|eb0.25c|mm20
2026-05,20535,23,1371,2815659.785808192,1065462.8472024973,1.5767525096444877,2.2173828397956936,56579.36913995564,43013.940404999965,56552.92642559575,70118.35516055142,451299.53401985957,0.6004426993068147,ew1|eb0.25c|mm20
2026-06,15479,35,1227,2444618.6268568197,1095037.8231521354,1.227117175355504,1.6827055761893541,46708.45615478616,24624.07885706747,37782.60785998744,59898.4556355157,439677.07655736024,0.5996875939467499,ew1|eb0.25c|mm20
2026-07,18978,33,1364,2844435.7470306093,1274612.0150676041,0.972825671505754,1.4168913669510976,61987.052871821834,18785.75474977719,42907.0069722463,86125.43202418763,529171.9362934664,0.9000516493191505,ew1|eb0.25c|mm20
2026-08,12312,50,1127,2091813.1904862872,943491.370825279,1.2854184859392486,0.9207496390551122,62470.41987563128,24780.852606073466,43676.94621620426,81391.64272890988,378424.4570655718,1.002036630426694,ew1|eb0.25c|mm20
2025-12,71,2,14,12536.494704140709,7106.389878033334,1.969006152816902,2.0810087390140852,-771.2618678926253,317.4733439389713,317.4733439389713,-771.2618678926253,1901.3989448276413,0.0,ew1|eb0.5c|mm5
2026-01,4442,3,606,462475.9996533379,231911.71725510294,2.406436185197428,1.0927938217244484,5110.3164994559165,7006.979750851305,7011.773222851305,5115.109971455916,84336.41114961459,0.00012318775326429537,ew1|eb0.5c|mm5
2026-02,11050,20,955,1467837.6142585573,733200.7937000081,0.8053664440641736,0.8781912684638364,41743.17622032481,14857.213193125557,14857.213193125557,41743.17622032481,284163.3992293926,0.0,ew1|eb0.5c|mm5
2026-03,4495,23,417,750386.1762858826,365875.1348343535,1.6824803303625746,-0.449372870672482,-12129.971699029617,11933.563606019583,12754.42410694577,-11308.689600191412,134376.79026644785,0.12381175991608606,ew1|eb0.5c|mm5
2026-04,10115,13,1321,1926636.321327883,915643.8447202675,1.762001793426319,2.0546466332213296,26357.952843264342,25604.71946885856,36715.17684927871,37473.37113425864,370513.94303314335,0.604122310164731,ew1|eb0.5c|mm5
2026-05,19259,24,1351,2527358.4096693485,941076.3137892921,1.687323142832851,2.4562320003776352,76750.73587092798,44363.2991461256,56248.86524152333,88636.3019663257,396185.5365132576,0.6002247057036775,ew1|eb0.5c|mm5
2026-06,15408,46,1224,2285982.737578375,1045743.526315022,1.2591396337893253,1.7670243716775196,53610.974690903575,23926.573182433785,35999.00839900896,65689.93067254353,402642.29325437406,0.5967330391877604,ew1|eb0.5c|mm5
2026-07,18588,55,1356,2460977.6479583816,1132267.1264841894,1.1392034669045565,1.999175171020544,83956.59464923489,20954.956658931453,41780.89248469415,104822.54436657533,461237.1640250009,0.9004026641014677,ew1|eb0.5c|mm5
2026-08,12006,60,1123,2096039.402486783,945256.1517243208,1.3526908787186378,1.0919430884932013,63988.73383650573,25309.054460817948,44256.55368621921,82961.37878898236,379452.8990495323,1.001121815508964,ew1|eb0.5c|mm5
2025-12,71,2,14,12536.494704140709,7106.389878033334,1.969006152816902,2.0810087390140852,-771.2618678926253,317.4733439389713,317.4733439389713,-771.2618678926253,1901.3989448276413,0.0,ew1|eb0.5c|mm10
2026-01,4442,3,606,462475.9996533379,231911.71725510294,2.406436185197428,1.0927938217244484,5110.3164994559165,7006.979750851305,7011.773222851305,5115.109971455916,84336.41114961459,0.00012318775326429537,ew1|eb0.5c|mm10
2026-02,10269,16,946,1387682.86397727,689015.2410360639,0.9324670042035916,1.060118386145529,28972.039317807477,15172.479143821209,15172.479143821209,28972.039317807477,271645.96007346886,0.0,ew1|eb0.5c|mm10
2026-03,4476,21,417,744669.0028927887,363637.9550693614,1.686166917565269,-0.396331359723594,-11322.848054403958,11761.965547773863,12582.82604870005,-10501.565955565753,133565.87612892754,0.12433732368695416,ew1|eb0.5c|mm10
2026-04,10161,13,1320,1908430.9297037907,896532.5697571584,1.7476367531524737,1.992458818080308,25720.08257093514,25282.14662365589,36388.22009530935,36829.661965604806,370319.3131556555,0.6057344954675712,ew1|eb0.5c|mm10
2026-05,19202,22,1349,2522385.571944893,935798.9815323063,1.6809876888695607,2.463262614816077,77240.41938759659,44022.69803414462,55906.254573404214,89123.97592685618,396118.5513086531,0.60062319014174,ew1|eb0.5c|mm10
2026-06,15347,37,1223,2180116.546678688,1041386.6604169896,1.2665437190836746,1.728980452789549,53439.785241289064,23902.547333480117,35997.649662145974,65537.39021759448,403263.9264098898,0.5987074997707791,ew1|eb0.5c|mm10
2026-07,18373,47,1356,2441968.3493706207,1121885.3630561926,1.1308482773171364,1.9432342663419195,81203.35254900635,20527.860642915835,41236.66959260686,101933.67801228224,458089.1155021417,0.9004884082598653,ew1|eb0.5c|mm10
2026-08,11943,54,1123,2090410.7824047066,942076.926929314,1.3626521211918934,1.1324042661509062,63606.14792039473,25257.169760425008,44144.379581784255,82518.06231912422,378238.28797458956,1.0005929117298606,ew1|eb0.5c|mm10
2025-12,71,2,14,12536.494704140709,7106.389878033334,1.969006152816902,2.0810087390140852,-771.2618678926253,317.4733439389713,317.4733439389713,-771.2618678926253,1901.3989448276413,0.0,ew1|eb0.5c|mm20
2026-01,4355,2,600,434691.97582956165,223061.30643608706,2.426798015723654,1.182967758661309,3059.278696588546,6342.101364270108,6346.8948362701085,3064.0721685885464,79340.79665172622,0.00012564867967853043,ew1|eb0.5c|mm20
2026-02,9058,12,934,1357166.7078025145,673884.8661760195,1.1154427497265884,1.8227430031120928,30969.767218181514,15369.510150386923,15369.510150386923,30969.767218181514,265506.42301791563,0.0,ew1|eb0.5c|mm20
2026-03,4391,16,417,677189.0514784247,352975.06543458306,1.6946866193122263,-0.4000069697546172,-10530.463485697739,11373.138080041583,12160.844141238455,-9742.35029169989,129766.99641948605,0.12361129947677618,ew1|eb0.5c|mm20
2026-04,10101,9,1319,1892410.199314848,886867.8219573909,1.7450656588545523,2.050634401224185,26128.2586817419,24623.798394505888,35648.08246300597,37155.05710502982,367559.94744293066,0.6066694527962089,ew1|eb0.5c|mm20
2026-05,19674,17,1360,2653276.1238984093,997887.0858625029,1.6507379871979442,2.315491263615297,59367.82714409983,44007.93642369058,56596.888497189546,71956.77921759879,419631.7357832988,0.5989108358764178,ew1|eb0.5c|mm20
2026-06,15159,31,1223,2165695.2401589537,1030851.3852409889,1.271234327930735,1.7570527465182877,53204.29077732884,23660.12384900677,35709.17057423777,65255.2061763694,401707.6071677277,0.5987846851247676,ew1|eb0.5c|mm20
2026-07,17608,28,1354,2302631.442316703,1053013.5215794758,1.0597651895765627,1.7199233673408063,57733.52471933951,18573.641746653102,38018.729768329686,77196.12942091277,431368.425118671,0.8997644356328759,ew1|eb0.5c|mm20
2026-08,11861,46,1126,2071178.8946317087,932982.4633713093,1.3116829077524312,0.9183010572937144,61600.840738043116,24248.222810384534,42942.36495833911,80319.46842586793,374372.5537564962,1.0007992537921973,ew1|eb0.5c|mm20
2025-12,71,2,14,12536.494704140709,7106.389878033334,1.969006152816902,2.0810087390140852,-771.2618678926253,317.4733439389713,317.4733439389713,-771.2618678926253,1901.3989448276413,0.0,ew2|t2|mm5
2026-01,5100,4,626,561463.941178211,283277.4922201707,2.499663064168959,0.7747117329509804,1971.6140184858862,9963.897406003796,9968.765848003797,1976.4824604858861,104112.57701424893,0.00025429411764705883,ew2|t2|mm5
2026-02,8934,12,939,1306653.0969349886,650488.0608460377,1.171971165185684,1.7571893949759265,33020.93805691707,15034.784093054308,15034.784093054308,33020.93805691707,254831.75619540046,0.0,ew2|t2|mm5
2026-03,5465,20,419,788526.0336648413,386052.841290765,1.4160894375379989,-0.14861467556847677,-11008.543560491704,10776.272108053005,11679.219105043805,-10105.189430699926,141834.51971815818,0.13202497783563136,ew2|t2|mm5
2026-04,14218,19,1361,2090490.230619998,990221.5721021909,1.4037569171994513,1.8414583319501365,19341.053564650854,24912.103629392153,37048.43600625231,31480.892284082045,404661.2906477065,0.6051518510502856,ew2|t2|mm5
2026-05,36359,34,1416,2984127.334603695,1173104.732668409,0.7921200730930505,1.0935136575293662,52667.21265106455,42299.21663119964,56877.45068426845,67245.44670413336,485941.1351022936,0.6107480256871689,ew2|t2|mm5
2026-06,24242,57,1251,2685574.725373159,1182501.1333143865,0.6526808916803928,1.145314801816595,47218.81057534742,23842.797674900037,37806.86396097135,61218.99943048352,466683.3890375788,0.6038240647902184,ew2|t2|mm5
2026-07,28148,69,1400,3256232.5274403025,1490488.6705509846,0.5528509457551132,0.840739505778923,79031.91573535903,18943.99792665805,47055.17284743997,107179.92356932114,616266.5264694128,0.9129328306323051,ew2|t2|mm5
2026-08,17901,82,1155,2864909.152235676,1306391.5580507775,0.7145974155139141,0.2161766689505711,46998.66015906352,16213.355482160132,42660.80745675917,73474.87942643228,529524.3853473751,1.0025602125605175,ew2|t2|mm5
2025-12,71,2,14,12536.494704140709,7106.389878033334,1.969006152816902,2.0810087390140852,-771.2618678926253,317.4733439389713,317.4733439389713,-771.2618678926253,1901.3989448276413,0.0,ew2|t2|mm10
2026-01,4442,3,606,462475.9996533379,231911.71725510294,2.406436185197428,1.0927938217244484,5110.3164994559165,7006.979750851305,7011.773222851305,5115.109971455916,84336.41114961459,0.00012318775326429537,ew2|t2|mm10
2026-02,8933,11,939,1306501.4369349885,650338.2674460302,1.171971165185684,1.7572483434669655,33019.071456924525,15034.784093054308,15034.784093054308,33019.071456924525,254829.91256913554,0.0,ew2|t2|mm10
2026-03,5462,19,419,788103.7736648413,385639.5735907639,1.4159453628159877,-0.14995240361986917,-11017.535860490638,10771.872108053005,11674.819105043805,-10114.18173069886,141825.76797823512,0.13209749247010716,ew2|t2|mm10
2026-04,14202,18,1361,2090190.6782592866,990173.2758099657,1.4043549343715391,1.871156177318662,19380.846127634988,24922.271099648508,37057.655559527644,31519.736930085157,404629.6934150057,0.6052004370757897,ew2|t2|mm10
2026-05,36255,30,1415,2980730.444851695,1170316.1616013802,0.7907626411663793,1.0803158941718962,51938.86205350929,42130.08797575319,56691.64336940583,66500.41744716193,485385.1797884215,0.6106964857392887,ew2|t2|mm10
2026-06,24146,50,1251,2576538.4747809735,1177114.2051154063,0.6560598740750437,1.1396404530053044,47110.14481957223,23854.978530539644,37790.32429180541,61078.49713987277,465622.171209727,0.6043525164017844,ew2|t2|mm10
2026-07,27947,59,1400,3225714.366649523,1475521.756241037,0.5376424526366542,0.7865363814575995,74801.53501710795,16299.086425693255,44151.247632558865,102671.97997168689,610223.5168532184,0.9128822292097452,ew2|t2|mm10
2026-08,17806,75,1155,2831695.4251885223,1291472.681099593,0.7125529839192871,0.302429473041692,50191.00728269818,15555.531067618562,41636.78971549523,76299.99491574685,522179.7526609734,1.0011515182427064,ew2|t2|mm10
2025-12,71,2,14,12536.494704140709,7106.389878033334,1.969006152816902,2.0810087390140852,-771.2618678926253,317.4733439389713,317.4733439389713,-771.2618678926253,1901.3989448276413,0.0,ew2|t2|mm20
2026-01,4442,3,606,462475.9996533379,231911.71725510294,2.406436185197428,1.0927938217244484,5110.3164994559165,7006.979750851305,7011.773222851305,5115.109971455916,84336.41114961459,0.00012318775326429537,ew2|t2|mm20
2026-02,8612,10,932,1302022.2886991655,648381.2491249712,1.1854146700494645,1.9736970855813682,32466.91004024553,14984.510217911313,14984.510217911313,32466.91004024553,253857.3071962058,0.0,ew2|t2|mm20
2026-03,5414,15,419,727145.7854218181,378715.65010757034,1.416753289317916,-0.1629040431307209,-10839.03124662249,10730.126974757855,11603.261356161684,-9965.489732417685,139129.82023537462,0.13097479849643937,ew2|t2|mm20
2026-04,14149,14,1360,2074517.5601134207,980632.352760973,1.4016495790021752,1.8860398081721672,19649.14021501577,24267.43058998024,36323.29607935698,31707.52047873517,401946.0087906466,0.6058474706553116,ew2|t2|mm20
2026-05,36215,25,1415,2964047.6620374173,1160413.613337389,0.7891619694586105,1.0725850271967028,51574.73418634337,42206.29923178764,56700.619408316365,66069.05436287209,483144.0058842906,0.611027671660401,ew2|t2|mm20
2026-06,23955,43,1250,2560356.6844532397,1164817.1458054057,0.6590797166998046,1.1483819890603633,46922.61998763236,23641.290817628473,37531.2461558342,60844.045803647656,464057.95440021885,0.604813916700005,ew2|t2|mm20
2026-07,27305,42,1399,3101873.7845160505,1414714.1161125489,0.4726862518837573,0.6645991377292229,55437.17699370384,14832.455361227177,41556.167373066586,82177.3013018458,586497.9597269833,0.9132991614349998,ew2|t2|mm20
2026-08,17605,63,1156,2818635.6677240785,1285419.8927686187,0.700020490493817,0.2537057932997101,47592.028861643885,15082.06538766049,41018.871617453115,73555.9876330681,519279.1754284843,1.0007491628866005,ew2|t2|mm20
2025-12,71,2,14,12536.494704140709,7106.389878033334,1.969006152816902,2.0810087390140852,-771.2618678926253,317.4733439389713,317.4733439389713,-771.2618678926253,1901.3989448276413,0.0,ew2|t3|mm5
2026-01,5100,4,626,561463.941178211,283277.4922201707,2.499663064168959,0.7747117329509804,1971.6140184858862,9963.897406003796,9968.765848003797,1976.4824604858861,104112.57701424893,0.00025429411764705883,ew2|t3|mm5
2026-02,8612,10,932,1301726.5635640305,648365.5100249787,1.1853769583709697,1.9781378777024048,32634.30914023807,14977.757405919145,14977.757405919145,32634.30914023807,253754.8653474707,0.0,ew2|t3|mm5
2026-03,3281,12,403,629519.8160406607,308676.00282742846,2.0189289543660065,0.6469920987208339,1176.983114869911,8936.453482898298,9547.279848068258,1788.1859367578495,111058.49677620232,0.11364108648794409,ew2|t3|mm5
2026-04,14056,13,1359,2042892.9454863502,961629.6484862814,1.419896107451625,2.0472318415328665,27993.99387071032,25262.729284588335,37162.786197989306,39897.55670712751,396785.4278805728,0.6057287051255003,ew2|t3|mm5
2026-05,34958,22,1411,2393329.3645950328,1086719.0726711876,0.8071836926621253,1.22374970735962,70122.19801239115,42256.075499753984,55859.11401780407,83725.23653044124,453434.6172683361,0.6123547439359351,ew2|t3|mm5
2026-06,22578,37,1249,2482619.475351887,1137899.275365304,0.698072603965435,1.2695389582974388,51006.66253848197,24474.063377096147,37863.34327181844,64401.49726784543,446504.918178491,0.6029296258397236,ew2|t3|mm5
2026-07,27403,51,1400,3119566.6048911414,1431078.6478263019,0.5242307882720648,0.7617085283277826,58011.158033863874,16145.254775095822,42985.93938058822,84869.66712848625,589323.1317033236,0.9146605498366847,ew2|t3|mm5
2026-08,17259,71,1154,2760366.820258132,1272251.4471585448,0.7796326354513183,0.35611874193125614,59057.843701911035,17952.038907690665,43281.01708521989,84416.16295853417,507166.38513246266,0.9990769727781706,ew2|t3|mm5
2025-12,71,2,14,12536.494704140709,7106.389878033334,1.969006152816902,2.0810087390140852,-771.2618678926253,317.4733439389713,317.4733439389713,-771.2618678926253,1901.3989448276413,0.0,ew2|t3|mm10
2026-01,4442,3,606,462475.9996533379,231911.71725510294,2.406436185197428,1.0927938217244484,5110.3164994559165,7006.979750851305,7011.773222851305,5115.109971455916,84336.41114961459,0.00012318775326429537,ew2|t3|mm10
2026-02,8611,9,932,1301574.9035640303,648215.7166249712,1.1853769583709697,1.9782246990903811,32632.44254024553,14977.757405919145,14977.757405919145,32632.44254024553,253753.0217212058,0.0,ew2|t3|mm10
2026-03,3277,11,403,628897.5560406607,308064.73512742744,2.0188734791682017,0.6453830483103618,1165.9908148709771,8932.053482898298,9542.879848068258,1777.1936367589155,111047.76503627925,0.11377980005094432,ew2|t3|mm10
2026-04,14056,13,1359,2042892.9454863502,961629.6484862814,1.419896107451625,2.0472318415328665,27993.99387071032,25262.729284588335,37162.786197989306,39897.55670712751,396785.4278805728,0.6057287051255003,ew2|t3|mm10
2026-05,34903,21,1411,2388973.774843033,1083831.585604192,0.8031339408760391,1.2153752681050742,70023.5617612806,42048.94363109162,55630.50514324796,83605.12327343693,452718.71707187797,0.6123492635904824,ew2|t3|mm10
2026-06,22551,35,1249,2378319.7302862965,1134447.979015303,0.6981158951118597,1.2692626136638148,51061.69308324799,24458.382612488076,37846.2992568846,64452.04855225568,446355.6094999653,0.6035980631134558,ew2|t3|mm10
2026-07,27389,49,1400,3116788.1563238897,1429764.3613263154,0.5232568321769829,0.7529947547234755,57806.838677856824,16075.073336768553,42884.39874524429,84633.90283899901,588694.2330337197,0.9145577341636719,ew2|t3|mm10
2026-08,17243,68,1154,2760280.851300395,1271612.4611565184,0.776207334572344,0.3863583545364217,60406.4200611194,17812.297600763202,43141.50327496756,85764.96681441768,507170.9350659653,0.9989726239986358,ew2|t3|mm10
2025-12,71,2,14,12536.494704140709,7106.389878033334,1.969006152816902,2.0810087390140852,-771.2618678926253,317.4733439389713,317.4733439389713,-771.2618678926253,1901.3989448276413,0.0,ew2|t3|mm20
2026-01,4442,3,606,462475.9996533379,231911.71725510294,2.406436185197428,1.0927938217244484,5110.3164994559165,7006.979750851305,7011.773222851305,5115.109971455916,84336.41114961459,0.00012318775326429537,ew2|t3|mm20
2026-02,8611,9,932,1301574.9035640303,648215.7166249712,1.1853769583709697,1.9782246990903811,32632.44254024553,14977.757405919145,14977.757405919145,32632.44254024553,253753.0217212058,0.0,ew2|t3|mm20
2026-03,3235,9,403,578881.3297902455,305482.1560141592,2.0252845005347986,0.5224142024353337,1664.9556986340476,8914.361293041828,9515.318634520045,2266.289496830242,110512.4975411857,0.11232832856002965,ew2|t3|mm20
2026-04,14005,11,1359,2031631.1535748478,954427.3884523032,1.4189844635991598,2.077832817097655,29499.257906854284,25079.215252801965,36924.29966111424,41346.85666995439,394919.95877000346,0.6063617757941693,ew2|t3|mm20
2026-05,34874,18,1411,2377540.28108995,1075335.231031204,0.8009251476415038,1.2108525909280499,68580.83305115161,41844.99613716437,55391.0007030259,82126.83761701314,451533.4855287176,0.6126831958641165,ew2|t3|mm20
2026-06,22534,33,1249,2369936.935667773,1126377.8129152874,0.6973909127435538,1.2683305211703444,50757.83152857722,24237.41859720094,37617.23662456199,64139.42003374783,446063.3773720629,0.6039979414098338,ew2|t3|mm20
2026-07,26951,36,1399,3071303.353763075,1402661.7977503256,0.4746539287252151,0.7084813798623399,54277.047403748526,15374.180497476007,41842.58252796318,80761.19912349137,580954.080328796,0.9147920363528468,ew2|t3|mm20
2026-08,17051,59,1154,2745697.6127047124,1263802.8419185246,0.7578795733337614,0.3157158031375098,57618.365496213904,17190.692940164903,42358.44891787652,82815.24351551944,503937.5603861105,0.9981770763147216,ew2|t3|mm20
2025-12,68,1,14,12373.484544614035,7041.256878029734,1.7908899579411774,2.6872456110294123,-739.1390274156987,311.82628569516476,311.82628569516476,-739.1390274156987,1874.939292908073,0.0,ew2|t4|mm5
2026-01,4572,2,613,468722.4881339317,242578.9611680201,2.570867130113985,0.6916624212795277,-1347.2047236938236,8435.144402918228,8440.012844918228,-1342.3362816938236,86370.00184256725,0.00028366141732283465,ew2|t4|mm5
2026-02,8157,6,926,1195401.2939422403,604088.8814088344,1.188774012263119,1.9405772190115282,29699.280364591585,16265.011474982739,16265.011474982739,29699.280364591585,234845.6296929946,0.0,ew2|t4|mm5
2026-03,3104,8,402,606650.9918030592,296780.6803535167,2.0695133655602325,0.6715323648694338,-183.9725705277495,8699.19252568958,9273.511097284501,390.72245778515054,106308.41702256686,0.1137202941834012,ew2|t4|mm5
2026-04,10046,9,1319,1894112.4258856159,889818.7210636525,1.7621301087221743,2.1164763531018584,26432.809223770502,24746.454467164403,35766.11639758418,37455.97707720648,367438.92844786606,0.6056216319996748,ew2|t4|mm5
2026-05,17917,13,1337,2111598.4494398865,927883.748583421,1.793041020162531,2.5654690740836674,66477.08417448812,43440.06056246017,55295.07819294843,78332.10180497638,395167.25434960873,0.600633374293293,ew2|t4|mm5
2026-06,15110,29,1226,2380007.229599844,1066377.8210560775,1.262218757424855,1.8573380830451287,57698.23049950498,25223.680269276214,37962.706759854314,70442.48219347552,424808.3897990179,0.5975680740574524,ew2|t4|mm5
2026-07,17931,39,1360,2854677.438015056,1285077.142072497,1.0993886955349836,1.738021269319098,68607.8583828755,19462.609690903482,43618.133642135115,92784.52907513459,530578.9674591003,0.895811920648942,ew2|t4|mm5
2026-08,16087,60,1150,2589908.399213655,1178518.8461973704,0.7550522152654204,0.24779461571453987,51479.27619770439,17312.29051709642,40587.49678276205,74783.50638278738,466084.6037016598,0.9957298698216072,ew2|t4|mm5
2025-12,68,1,14,12373.484544614035,7041.256878029734,1.7908899579411774,2.6872456110294123,-739.1390274156987,311.82628569516476,311.82628569516476,-739.1390274156987,1874.939292908073,0.0,ew2|t4|mm10
2026-01,3922,1,585,368125.4491025971,190119.58979595685,2.485886192765849,1.136522414645589,2996.2817892716957,5599.204079180737,5603.997551180736,3001.0752612716956,66242.08300814517,0.0001395206527281999,ew2|t4|mm10
2026-02,8157,6,926,1195401.2939422403,604088.8814088344,1.188774012263119,1.9405772190115282,29699.280364591585,16265.011474982739,16265.011474982739,29699.280364591585,234845.6296929946,0.0,ew2|t4|mm10
2026-03,3104,8,402,606650.9918030592,296780.6803535167,2.0695133655602325,0.6715323648694338,-183.9725705277495,8699.19252568958,9273.511097284501,390.72245778515054,106308.41702256686,0.1137202941834012,ew2|t4|mm10
2026-04,10046,9,1319,1894112.4258856159,889818.7210636525,1.7621301087221743,2.1164763531018584,26432.809223770502,24746.454467164403,35766.11639758418,37455.97707720648,367438.92844786606,0.6056216319996748,ew2|t4|mm10
2026-05,17862,12,1334,2107242.859687886,924996.2615164253,1.7881632722296432,2.5532364860122545,66378.44792337755,43232.9286937978,55066.46931839232,78211.98854797207,394451.3541531506,0.6005865734967593,ew2|t4|mm10
2026-06,15086,28,1226,2277687.689599844,1064885.4783060765,1.2629823591995715,1.8578098428640732,57773.88183846175,25208.850918202985,37947.112159855315,70514.28494347651,424680.10350049223,0.5984450307883202,ew2|t4|mm10
2026-07,17931,39,1360,2854677.438015056,1285077.142072497,1.0993886955349836,1.738021269319098,68607.8583828755,19462.609690903482,43618.133642135115,92784.52907513459,530578.9674591003,0.895811920648942,ew2|t4|mm10
2026-08,16083,58,1150,2590241.263309655,1178303.6005953732,0.7520066820578306,0.27382395909205326,52641.373357496544,17150.568470326398,40432.05031919712,75951.87912578463,466210.11536576174,0.9957577433987754,ew2|t4|mm10
2025-12,68,1,14,12373.484544614035,7041.256878029734,1.7908899579411774,2.6872456110294123,-739.1390274156987,311.82628569516476,311.82628569516476,-739.1390274156987,1874.939292908073,0.0,ew2|t4|mm20
2026-01,3922,1,585,368125.4491025971,190119.58979595685,2.485886192765849,1.136522414645589,2996.2817892716957,5599.204079180737,5603.997551180736,3001.0752612716956,66242.08300814517,0.0001395206527281999,ew2|t4|mm20
2026-02,8157,6,926,1195401.2939422403,604088.8814088344,1.188774012263119,1.9405772190115282,29699.280364591585,16265.011474982739,16265.011474982739,29699.280364591585,234845.6296929946,0.0,ew2|t4|mm20
2026-03,3095,7,402,558148.3918030593,295920.8273835096,2.067192064111043,0.6630351138787473,-164.42960052063682,8680.422145696692,9254.740717291614,410.26542779226276,106234.20436301302,0.11405098324564694,ew2|t4|mm20
2026-04,10028,8,1319,1890473.8833456158,886346.2667115424,1.760291038011261,2.1135890519635137,26271.27069819318,24638.91264307544,35655.016479411046,37289.88888931662,367287.273037448,0.6065188444216079,ew2|t4|mm20
2026-05,17856,11,1334,2105878.8696878864,923676.1269164279,1.7881195522798705,2.553214632061737,66335.84227111125,43198.6619415315,55030.95281838972,78168.13314796946,394409.695895274,0.6007624752568117,ew2|t4|mm20
2026-06,15081,27,1226,2277437.689599844,1064638.9703060766,1.263239780180494,1.8579763628784964,57770.49295802335,25208.895468202987,37947.112159855315,70510.79294347651,424676.6661817722,0.5986297656222663,ew2|t4|mm20
2026-07,17510,29,1359,2815306.0184167186,1260387.0372724826,1.0375945011032743,1.6185018575065508,63302.28590409418,18552.09726156898,42413.09805228143,87180.54178439587,523856.65892034234,0.8951747029168242,ew2|t4|mm20
2026-08,15928,50,1150,2577494.861342489,1171348.4081244005,0.7281689442571259,0.23201844279480865,51200.966567278076,16517.86081806178,39651.98500691516,74363.89563804882,463258.5814154148,0.9952501713770897,ew2|t4|mm20
2025-12,68,1,14,12373.484544614035,7041.256878029734,1.7908899579411774,2.6872456110294123,-739.1390274156987,311.82628569516476,311.82628569516476,-739.1390274156987,1874.939292908073,0.0,ew2|t5|mm5
2026-01,3922,1,585,368125.4491025971,190119.58979595685,2.485886192765849,1.136522414645589,2996.2817892716957,5599.204079180737,5603.997551180736,3001.0752612716956,66242.08300814517,0.0001395206527281999,ew2|t5|mm5
2026-02,4499,4,827,853117.5467654621,441555.58648216294,1.6902447884061527,2.6618481139484214,20228.25567141636,10332.54650891295,10332.54650891295,20228.25567141636,166983.72149364033,0.0,ew2|t5|mm5
2026-03,3095,7,402,558148.3918030593,295920.8273835096,2.067192064111043,0.6630351138787473,-164.42960052063682,8680.422145696692,9254.740717291614,410.26542779226276,106234.20436301302,0.11405098324564694,ew2|t5|mm5
2026-04,10007,8,1319,1880850.903772221,884596.8377532,1.7663466358206286,2.1473269920823173,26013.82207387828,24749.19122983499,35681.87050613973,36950.007273199226,364539.5066440316,0.6055536770183125,ew2|t5|mm5
2026-05,17729,11,1327,2005621.8003041598,885825.5690993839,1.7972868244300226,2.564790438024416,71850.58552287656,43615.1424206693,54871.93844061177,83107.38154281903,375226.53399808245,0.6004956782494855,ew2|t5|mm5
2026-06,12978,20,1213,1964271.8019808624,968477.6059199283,1.4254135767884732,2.1850764786730363,51774.166561079684,24727.941752115126,35820.60574577893,62868.86152007592,369823.1652998747,0.5943724692311094,ew2|t5|mm5
2026-07,16899,26,1356,2642234.168862626,1211381.5295059953,1.1390446048889724,1.7940930059905027,69084.85568776567,18346.985208692833,40628.32468744697,91383.30733497294,490053.970214235,0.8939649225680073,ew2|t5|mm5
2026-08,11669,40,1129,2258134.4648772147,1037426.3884237829,1.1339941044988262,0.8359762145566779,56706.52068223106,20035.84387968634,40380.19138261738,77073.56273755604,407340.8411064995,0.9958210818337582,ew2|t5|mm5
2025-12,68,1,14,12373.484544614035,7041.256878029734,1.7908899579411774,2.6872456110294123,-739.1390274156987,311.82628569516476,311.82628569516476,-739.1390274156987,1874.939292908073,0.0,ew2|t5|mm10
2026-01,3922,1,585,368125.4491025971,190119.58979595685,2.485886192765849,1.136522414645589,2996.2817892716957,5599.204079180737,5603.997551180736,3001.0752612716956,66242.08300814517,0.0001395206527281999,ew2|t5|mm10
2026-02,4499,4,827,853117.5467654621,441555.58648216294,1.6902447884061527,2.6618481139484214,20228.25567141636,10332.54650891295,10332.54650891295,20228.25567141636,166983.72149364033,0.0,ew2|t5|mm10
2026-03,3095,7,402,558148.3918030593,295920.8273835096,2.067192064111043,0.6630351138787473,-164.42960052063682,8680.422145696692,9254.740717291614,410.26542779226276,106234.20436301302,0.11405098324564694,ew2|t5|mm10
2026-04,10007,8,1319,1880850.903772221,884596.8377532,1.7663466358206286,2.1473269920823173,26013.82207387828,24749.19122983499,35681.87050613973,36950.007273199226,364539.5066440316,0.6055536770183125,ew2|t5|mm10
2026-05,17729,11,1327,2005621.8003041598,885825.5690993839,1.7972868244300226,2.564790438024416,71850.58552287656,43615.1424206693,54871.93844061177,83107.38154281903,375226.53399808245,0.6004956782494855,ew2|t5|mm10
2026-06,12978,20,1213,1964271.8019808624,968477.6059199283,1.4254135767884732,2.1850764786730363,51774.166561079684,24727.941752115126,35820.60574577893,62868.86152007592,369823.1652998747,0.5943724692311094,ew2|t5|mm10
2026-07,16899,26,1356,2642234.168862626,1211381.5295059953,1.1390446048889724,1.7940930059905027,69084.85568776567,18346.985208692833,40628.32468744697,91383.30733497294,490053.970214235,0.8939649225680073,ew2|t5|mm10
2026-08,11667,39,1129,2257134.4648772147,1036612.7009237829,1.1312856485284117,0.8330554620475485,56527.77882246543,19867.102019920716,40203.87888261738,76887.25023755604,407189.42830181203,0.9958620104458088,ew2|t5|mm10
2025-12,68,1,14,12373.484544614035,7041.256878029734,1.7908899579411774,2.6872456110294123,-739.1390274156987,311.82628569516476,311.82628569516476,-739.1390274156987,1874.939292908073,0.0,ew2|t5|mm20
2026-01,3922,1,585,368125.4491025971,190119.58979595685,2.485886192765849,1.136522414645589,2996.2817892716957,5599.204079180737,5603.997551180736,3001.0752612716956,66242.08300814517,0.0001395206527281999,ew2|t5|mm20
2026-02,4499,4,827,853117.5467654621,441555.58648216294,1.6902447884061527,2.6618481139484214,20228.25567141636,10332.54650891295,10332.54650891295,20228.25567141636,166983.72149364033,0.0,ew2|t5|mm20
2026-03,3095,7,402,558148.3918030593,295920.8273835096,2.067192064111043,0.6630351138787473,-164.42960052063682,8680.422145696692,9254.740717291614,410.26542779226276,106234.20436301302,0.11405098324564694,ew2|t5|mm20
2026-04,9989,7,1319,1877212.361232221,881124.3834010898,1.764506716336308,2.144484010371068,25852.28354830096,24641.649405746026,35570.770587966595,36783.91908530937,364387.85123361356,0.6064542699683056,ew2|t5|mm20
2026-05,17723,10,1327,2004257.8103041598,884505.4344993865,1.79724586510542,2.5647723315848534,71807.97987061024,43580.875668402994,54836.421940609165,83063.52614281642,375184.8757402059,0.6006728692699679,ew2|t5|mm20
2026-06,12973,19,1213,1964021.8019808624,968231.0979199283,1.425750460623198,2.1853961904988717,51770.77768064129,24727.986302115125,35820.60574577893,62865.369520075925,369819.72798115463,0.5945856522437477,ew2|t5|mm20
2026-07,16644,21,1355,2612045.6288466966,1192067.5813769237,1.0830584469889186,1.728883929012479,66861.58765532625,17175.313916274758,39223.23718484544,88925.31146746183,484939.3256717096,0.8928692492299091,ew2|t5|mm20
2026-08,11539,34,1129,2244460.028117275,1029657.0168437699,1.109733760697641,0.8207643843014553,54662.71453335571,19537.706575509805,39751.78448288922,74899.26795562907,404731.06844546704,0.9951567145285991,ew2|t5|mm20
2025-12,71,2,14,12536.494704140709,7106.389878033334,1.969006152816902,2.0810087390140852,-771.2618678926253,317.4733439389713,317.4733439389713,-771.2618678926253,1901.3989448276413,0.0,ew2|top10|mm5
2026-01,5100,4,626,561463.941178211,283277.4922201707,2.499663064168959,0.7747117329509804,1971.6140184858862,9963.897406003796,9968.765848003797,1976.4824604858861,104112.57701424893,0.00025429411764705883,ew2|top10|mm5
2026-02,8611,9,932,1301574.9035640303,648215.7166249712,1.1853769583709697,1.9782246990903811,32632.44254024553,14977.757405919145,14977.757405919145,32632.44254024553,253753.0217212058,0.0,ew2|top10|mm5
2026-03,3141,9,403,626007.8940662455,305649.288408747,2.065246182026937,0.7184876466438408,1656.9135355163562,8886.092125138885,9485.924953147021,2257.1228202424704,110267.64419226575,0.11498393597316012,ew2|top10|mm5
2026-04,9989,7,1319,1877212.361232221,881124.3834010898,1.764506716336308,2.144484010371068,25852.28354830096,24641.649405746026,35570.770587966595,36783.91908530937,364387.85123361356,0.6064542699683056,ew2|top10|mm5
2026-05,17428,8,1325,1976608.671670751,873715.6259383128,1.809889814540277,2.7000108696782736,74732.73453141519,43649.46574372221,54730.456419570786,85813.72520726376,369366.3558616192,0.6003138887971682,ew2|top10|mm5
2026-06,10791,8,1192,1574982.731742808,780268.8128597902,1.4083844268092278,2.0800995156143856,46035.72476637821,20329.897078904833,29274.26819912777,54981.98448205232,298208.6571891373,0.5942629243485471,ew2|top10|mm5
2026-07,13706,8,1325,2082114.3309732166,946264.9630993285,1.1336777486004348,1.9919440053416972,56838.44551925523,18037.720397151057,35614.123192034895,74430.25103059963,388571.4169920665,0.8926447711725026,ew2|top10|mm5
2026-08,9100,9,1110,1637532.2479857518,741364.1600673485,1.1338612168430064,1.2380971358088873,54843.30095758993,18955.891664593935,33708.10816195221,69612.88185846512,295391.6180175037,0.9929416031482556,ew2|top10|mm5
2025-12,71,2,14,12536.494704140709,7106.389878033334,1.969006152816902,2.0810087390140852,-771.2618678926253,317.4733439389713,317.4733439389713,-771.2618678926253,1901.3989448276413,0.0,ew2|top10|mm10
2026-01,4442,3,606,462475.9996533379,231911.71725510294,2.406436185197428,1.0927938217244484,5110.3164994559165,7006.979750851305,7011.773222851305,5115.109971455916,84336.41114961459,0.00012318775326429537,ew2|top10|mm10
2026-02,8611,9,932,1301574.9035640303,648215.7166249712,1.1853769583709697,1.9782246990903811,32632.44254024553,14977.757405919145,14977.757405919145,32632.44254024553,253753.0217212058,0.0,ew2|top10|mm10
2026-03,3141,9,403,626007.8940662455,305649.288408747,2.065246182026937,0.7184876466438408,1656.9135355163562,8886.092125138885,9485.924953147021,2257.1228202424704,110267.64419226575,0.11498393597316012,ew2|top10|mm10
2026-04,10007,8,1319,1880850.903772221,884596.8377532,1.7663466358206286,2.1473269920823173,26013.82207387828,24749.19122983499,35681.87050613973,36950.007273199226,364539.5066440316,0.6055536770183125,ew2|top10|mm10
2026-05,17428,8,1325,1976608.671670751,873715.6259383128,1.809889814540277,2.7000108696782736,74732.73453141519,43649.46574372221,54730.456419570786,85813.72520726376,369366.3558616192,0.6003138887971682,ew2|top10|mm10
2026-06,10791,8,1192,1574982.731742808,780268.8128597902,1.4083844268092278,2.0800995156143856,46035.72476637821,20329.897078904833,29274.26819912777,54981.98448205232,298208.6571891373,0.5942629243485471,ew2|top10|mm10
2026-07,13706,8,1325,2082114.3309732166,946264.9630993285,1.1336777486004348,1.9919440053416972,56838.44551925523,18037.720397151057,35614.123192034895,74430.25103059963,388571.4169920665,0.8926447711725026,ew2|top10|mm10
2026-08,9100,9,1110,1637532.2479857518,741364.1600673485,1.1338612168430064,1.2380971358088873,54843.30095758993,18955.891664593935,33708.10816195221,69612.88185846512,295391.6180175037,0.9929416031482556,ew2|top10|mm10
2025-12,71,2,14,12536.494704140709,7106.389878033334,1.969006152816902,2.0810087390140852,-771.2618678926253,317.4733439389713,317.4733439389713,-771.2618678926253,1901.3989448276413,0.0,ew2|top10|mm20
2026-01,4442,3,606,462475.9996533379,231911.71725510294,2.406436185197428,1.0927938217244484,5110.3164994559165,7006.979750851305,7011.773222851305,5115.109971455916,84336.41114961459,0.00012318775326429537,ew2|top10|mm20
2026-02,8611,9,932,1301574.9035640303,648215.7166249712,1.1853769583709697,1.9782246990903811,32632.44254024553,14977.757405919145,14977.757405919145,32632.44254024553,253753.0217212058,0.0,ew2|top10|mm20
2026-03,3235,9,403,578881.3297902455,305482.1560141592,2.0252845005347986,0.5224142024353337,1664.9556986340476,8914.361293041828,9515.318634520045,2266.289496830242,110512.4975411857,0.11232832856002965,ew2|top10|mm20
2026-04,12599,9,1355,1942215.7621070144,911738.6859822636,1.5591012994690963,2.2238354627887107,26714.614994327378,25030.457809761505,36352.323320640346,38038.994859994054,377479.3288555558,0.6061760753468558,ew2|top10|mm20
2026-05,17428,8,1325,1976608.671670751,873715.6259383128,1.809889814540277,2.7000108696782736,74732.73453141519,43649.46574372221,54730.456419570786,85813.72520726376,369366.3558616192,0.6003138887971682,ew2|top10|mm20
2026-06,10791,8,1192,1574982.731742808,780268.8128597902,1.4083844268092278,2.0800995156143856,46035.72476637821,20329.897078904833,29274.26819912777,54981.98448205232,298208.6571891373,0.5942629243485471,ew2|top10|mm20
2026-07,13706,8,1325,2082114.3309732166,946264.9630993285,1.1336777486004348,1.9919440053416972,56838.44551925523,18037.720397151057,35614.123192034895,74430.25103059963,388571.4169920665,0.8926447711725026,ew2|top10|mm20
2026-08,9100,9,1110,1637532.2479857518,741364.1600673485,1.1338612168430064,1.2380971358088873,54843.30095758993,18955.891664593935,33708.10816195221,69612.88185846512,295391.6180175037,0.9929416031482556,ew2|top10|mm20
2025-12,71,2,14,12536.494704140709,7106.389878033334,1.969006152816902,2.0810087390140852,-771.2618678926253,317.4733439389713,317.4733439389713,-771.2618678926253,1901.3989448276413,0.0,ew2|top25|mm5
2026-01,5100,4,626,561463.941178211,283277.4922201707,2.499663064168959,0.7747117329509804,1971.6140184858862,9963.897406003796,9968.765848003797,1976.4824604858861,104112.57701424893,0.00025429411764705883,ew2|top25|mm5
2026-02,8934,12,939,1306653.0969349886,650488.0608460377,1.171971165185684,1.7571893949759265,33020.93805691707,15034.784093054308,15034.784093054308,33020.93805691707,254831.75619540046,0.0,ew2|top25|mm5
2026-03,5417,19,419,785578.0486583094,384474.9825041151,1.4454691476323442,-0.12232478166414057,-10930.396051060461,10959.485413754594,11861.476590964028,-10027.997741050049,141246.1484125684,0.13236385529345568,ew2|top25|mm5
2026-04,14127,16,1360,2087410.471761805,989390.5890601028,1.413685205663264,1.9150169981797922,19776.63367783986,24937.537757934995,37059.383555910455,31901.98581838636,404178.4046848833,0.605079061422388,ew2|top25|mm5
2026-05,18217,15,1337,2158707.6469854587,948270.4831563734,1.7666993110606943,2.550671213940148,70404.6993708544,44084.74049853503,56231.80180912987,82551.76068144923,404902.0436864946,0.6013379578680534,ew2|top25|mm5
2026-06,12599,18,1209,1957202.13807068,965691.627425913,1.387028128418808,2.210196980585955,50229.72324519602,24291.913530555288,35345.705728172914,61285.46260782643,368524.6454210136,0.5930697707252607,ew2|top25|mm5
2026-07,16560,19,1354,2559261.6188250687,1168165.6973947082,1.118373337303854,1.7705182160590667,67984.67713419636,18328.55553857585,39854.136632257796,89526.9699839132,473332.3631041443,0.8928295217193393,ew2|top25|mm5
2026-08,10707,21,1125,2095825.5890782003,963311.2258181481,1.0794630607806883,1.1344993387112252,56809.75735044278,18547.913477120943,37444.65477470284,75727.97751551862,378364.40330151666,0.9907748177835913,ew2|top25|mm5
2025-12,71,2,14,12536.494704140709,7106.389878033334,1.969006152816902,2.0810087390140852,-771.2618678926253,317.4733439389713,317.4733439389713,-771.2618678926253,1901.3989448276413,0.0,ew2|top25|mm10
2026-01,4442,3,606,462475.9996533379,231911.71725510294,2.406436185197428,1.0927938217244484,5110.3164994559165,7006.979750851305,7011.773222851305,5115.109971455916,84336.41114961459,0.00012318775326429537,ew2|top25|mm10
2026-02,8933,11,939,1306501.4369349885,650338.2674460302,1.171971165185684,1.7572483434669655,33019.071456924525,15034.784093054308,15034.784093054308,33019.071456924525,254829.91256913554,0.0,ew2|top25|mm10
2026-03,5462,19,419,788103.7736648413,385639.5735907639,1.4159453628159877,-0.14995240361986917,-11017.535860490638,10771.872108053005,11674.819105043805,-10114.18173069886,141825.76797823512,0.13209749247010716,ew2|top25|mm10
2026-04,14202,18,1361,2090190.6782592866,990173.2758099657,1.4043549343715391,1.871156177318662,19380.846127634988,24922.271099648508,37057.655559527644,31519.736930085157,404629.6934150057,0.6052004370757897,ew2|top25|mm10
2026-05,18304,15,1339,2165503.8989958586,950367.1037553786,1.7551459777509035,2.5498466946832687,70805.47315899668,43267.15420181323,55466.67352378493,83004.99248096839,406650.6440657231,0.6015031560493584,ew2|top25|mm10
2026-06,12599,18,1209,1957202.13807068,965691.627425913,1.387028128418808,2.210196980585955,50229.72324519602,24291.913530555288,35345.705728172914,61285.46260782643,368524.6454210136,0.5930697707252607,ew2|top25|mm10
2026-07,16560,19,1354,2559261.6188250687,1168165.6973947082,1.118373337303854,1.7705182160590667,67984.67713419636,18328.55553857585,39854.136632257796,89526.9699839132,473332.3631041443,0.8928295217193393,ew2|top25|mm10
2026-08,10707,21,1125,2095825.5890782003,963311.2258181481,1.0794630607806883,1.1344993387112252,56809.75735044278,18547.913477120943,37444.65477470284,75727.97751551862,378364.40330151666,0.9907748177835913,ew2|top25|mm10
2025-12,71,2,14,12536.494704140709,7106.389878033334,1.969006152816902,2.0810087390140852,-771.2618678926253,317.4733439389713,317.4733439389713,-771.2618678926253,1901.3989448276413,0.0,ew2|top25|mm20
2026-01,4442,3,606,462475.9996533379,231911.71725510294,2.406436185197428,1.0927938217244484,5110.3164994559165,7006.979750851305,7011.773222851305,5115.109971455916,84336.41114961459,0.00012318775326429537,ew2|top25|mm20
2026-02,8612,10,932,1302022.2886991655,648381.2491249712,1.1854146700494645,1.9736970855813682,32466.91004024553,14984.510217911313,14984.510217911313,32466.91004024553,253857.3071962058,0.0,ew2|top25|mm20
2026-03,5414,15,419,727145.7854218181,378715.65010757034,1.416753289317916,-0.1629040431307209,-10839.03124662249,10730.126974757855,11603.261356161684,-9965.489732417685,139129.82023537462,0.13097479849643937,ew2|top25|mm20
2026-04,14149,14,1360,2074517.5601134207,980632.352760973,1.4016495790021752,1.8860398081721672,19649.14021501577,24267.43058998024,36323.29607935698,31707.52047873517,401946.0087906466,0.6058474706553116,ew2|top25|mm20
2026-05,18965,16,1347,2182317.219134285,956693.2152763258,1.6889948816103988,2.4453443577232385,69797.0068074633,43106.87440995186,55412.78999429814,82102.92239180958,410197.186144876,0.6024458731441488,ew2|top25|mm20
2026-06,12973,19,1213,1964021.8019808624,968231.0979199283,1.425750460623198,2.1853961904988717,51770.77768064129,24727.986302115125,35820.60574577893,62865.369520075925,369819.72798115463,0.5945856522437477,ew2|top25|mm20
2026-07,16579,19,1355,2599998.131226358,1186914.014195846,1.0775341323159413,1.7107043377631477,69053.12496185978,17230.977030102556,39135.87937493226,90973.82785025435,482005.293720335,0.8927187025290175,ew2|top25|mm20
2026-08,10707,21,1125,2095825.5890782003,963311.2258181481,1.0794630607806883,1.1344993387112252,56809.75735044278,18547.913477120943,37444.65477470284,75727.97751551862,378364.40330151666,0.9907748177835913,ew2|top25|mm20
2025-12,71,2,14,12536.494704140709,7106.389878033334,1.969006152816902,2.0810087390140852,-771.2618678926253,317.4733439389713,317.4733439389713,-771.2618678926253,1901.3989448276413,0.0,ew2|top50|mm5
2026-01,5100,4,626,561463.941178211,283277.4922201707,2.499663064168959,0.7747117329509804,1971.6140184858862,9963.897406003796,9968.765848003797,1976.4824604858861,104112.57701424893,0.00025429411764705883,ew2|top50|mm5
2026-02,8934,12,939,1306653.0969349886,650488.0608460377,1.171971165185684,1.7571893949759265,33020.93805691707,15034.784093054308,15034.784093054308,33020.93805691707,254831.75619540046,0.0,ew2|top50|mm5
2026-03,5465,20,419,788526.0336648413,386052.841290765,1.4160894375379989,-0.14861467556847677,-11008.543560491704,10776.272108053005,11679.219105043805,-10105.189430699926,141834.51971815818,0.13202497783563136,ew2|top50|mm5
2026-04,14218,19,1361,2090490.230619998,990221.5721021909,1.4037569171994513,1.8414583319501365,19341.053564650854,24912.103629392153,37048.43600625231,31480.892284082045,404661.2906477065,0.6051518510502856,ew2|top50|mm5
2026-05,36343,33,1415,2981141.907759695,1171877.4613674087,0.7924803511607058,1.0816940725715691,52096.710825169954,42372.806410666286,56930.933590629684,66654.83800513335,485270.90599878,0.6107157600066442,ew2|top50|mm5
2026-06,15217,34,1226,2398260.095855822,1080761.2491631513,1.2649132251418809,1.7705731729932876,48426.656920835565,25191.643142594105,38038.85215451855,61279.700913392444,428434.79975189595,0.5979410161694911,ew2|top50|mm5
2026-07,17836,36,1360,2840878.2710047434,1278314.7139493895,1.0980664987500097,1.7279356369154601,67937.29274950529,19353.35681255221,43380.298215265364,91983.92634722152,527457.8272546119,0.8955352053581502,ew2|top50|mm5
2026-08,11662,38,1129,2255938.374877215,1035438.5718237829,1.1313295407319277,0.8329235187539659,56506.89498701543,19857.837736970716,40193.75657261738,76865.28933755604,407167.887010812,0.9962635976565983,ew2|top50|mm5
2025-12,71,2,14,12536.494704140709,7106.389878033334,1.969006152816902,2.0810087390140852,-771.2618678926253,317.4733439389713,317.4733439389713,-771.2618678926253,1901.3989448276413,0.0,ew2|top50|mm10
2026-01,4442,3,606,462475.9996533379,231911.71725510294,2.406436185197428,1.0927938217244484,5110.3164994559165,7006.979750851305,7011.773222851305,5115.109971455916,84336.41114961459,0.00012318775326429537,ew2|top50|mm10
2026-02,8933,11,939,1306501.4369349885,650338.2674460302,1.171971165185684,1.7572483434669655,33019.071456924525,15034.784093054308,15034.784093054308,33019.071456924525,254829.91256913554,0.0,ew2|top50|mm10
2026-03,5462,19,419,788103.7736648413,385639.5735907639,1.4159453628159877,-0.14995240361986917,-11017.535860490638,10771.872108053005,11674.819105043805,-10114.18173069886,141825.76797823512,0.13209749247010716,ew2|top50|mm10
2026-04,14202,18,1361,2090190.6782592866,990173.2758099657,1.4043549343715391,1.871156177318662,19380.846127634988,24922.271099648508,37057.655559527644,31519.736930085157,404629.6934150057,0.6052004370757897,ew2|top50|mm10
2026-05,36255,30,1415,2980730.444851695,1170316.1616013802,0.7907626411663793,1.0803158941718962,51938.86205350929,42130.08797575319,56691.64336940583,66500.41744716193,485385.1797884215,0.6106964857392887,ew2|top50|mm10
2026-06,22528,34,1248,2377629.724355443,1134023.1769363033,0.6968899818930292,1.279843111129469,51086.84172689065,24431.684671155992,37816.44338106296,64474.35207740006,446250.34501698025,0.6037042640503076,ew2|top50|mm10
2026-07,17902,38,1360,2845825.428015056,1280584.556592518,1.1008134516979189,1.7160965530861174,67429.33674153785,19440.48137397307,43511.04244652127,91521.04455511349,528505.1991339312,0.8956127197920222,ew2|top50|mm10
2026-08,11707,40,1130,2378020.013711043,1069290.6055285458,1.1042279349110888,0.7439738791698323,51052.846912251196,17646.55323202172,38945.130572297814,72378.51116492123,426513.28505340056,0.9959367847355235,ew2|top50|mm10
2025-12,71,2,14,12536.494704140709,7106.389878033334,1.969006152816902,2.0810087390140852,-771.2618678926253,317.4733439389713,317.4733439389713,-771.2618678926253,1901.3989448276413,0.0,ew2|top50|mm20
2026-01,4442,3,606,462475.9996533379,231911.71725510294,2.406436185197428,1.0927938217244484,5110.3164994559165,7006.979750851305,7011.773222851305,5115.109971455916,84336.41114961459,0.00012318775326429537,ew2|top50|mm20
2026-02,8612,10,932,1302022.2886991655,648381.2491249712,1.1854146700494645,1.9736970855813682,32466.91004024553,14984.510217911313,14984.510217911313,32466.91004024553,253857.3071962058,0.0,ew2|top50|mm20
2026-03,5414,15,419,727145.7854218181,378715.65010757034,1.416753289317916,-0.1629040431307209,-10839.03124662249,10730.126974757855,11603.261356161684,-9965.489732417685,139129.82023537462,0.13097479849643937,ew2|top50|mm20
2026-04,14149,14,1360,2074517.5601134207,980632.352760973,1.4016495790021752,1.8860398081721672,19649.14021501577,24267.43058998024,36323.29607935698,31707.52047873517,401946.0087906466,0.6058474706553116,ew2|top50|mm20
2026-05,36215,25,1415,2964047.6620374173,1160413.613337389,0.7891619694586105,1.0725850271967028,51574.73418634337,42206.29923178764,56700.619408316365,66069.05436287209,483144.0058842906,0.611027671660401,ew2|top50|mm20
2026-06,22713,35,1249,2381722.735624773,1132524.049242318,0.6792040753115092,1.2198387522037841,50249.054178858685,23999.326911057076,37450.89289210605,63702.390637717224,448454.975828327,0.6041990945338889,ew2|top50|mm20
2026-07,26951,36,1399,3071303.353763075,1402661.7977503256,0.4746539287252151,0.7084813798623399,54277.047403748526,15374.180497476007,41842.58252796318,80761.19912349137,580954.080328796,0.9147920363528468,ew2|top50|mm20
2026-08,11944,39,1132,2420520.1801089155,1080094.2363154637,1.096303623982944,0.585314413396689,46417.97648214367,17815.244206348303,39408.395221408675,68038.99537209798,432420.3777990861,0.9970107215765193,ew2|top50|mm20
2025-12,71,2,14,12536.494704140709,7106.389878033334,1.969006152816902,2.0810087390140852,-771.2618678926253,317.4733439389713,317.4733439389713,-771.2618678926253,1901.3989448276413,0.0,ew2|tnet2|mm5
2026-01,5100,4,626,561463.941178211,283277.4922201707,2.499663064168959,0.7747117329509804,1971.6140184858862,9963.897406003796,9968.765848003797,1976.4824604858861,104112.57701424893,0.00025429411764705883,ew2|tnet2|mm5
2026-02,8934,12,939,1306653.0969349886,650488.0608460377,1.171971165185684,1.7571893949759265,33020.93805691707,15034.784093054308,15034.784093054308,33020.93805691707,254831.75619540046,0.0,ew2|tnet2|mm5
2026-03,5465,20,419,788526.0336648413,386052.841290765,1.4160894375379989,-0.14861467556847677,-11008.543560491704,10776.272108053005,11679.219105043805,-10105.189430699926,141834.51971815818,0.13202497783563136,ew2|tnet2|mm5
2026-04,10083,10,1319,1902054.258177118,893649.3372242956,1.7611752986141376,2.0584825105147577,24649.281445538447,24826.13882594248,35899.34306510256,35725.991607714735,369223.6720725431,0.6056474761290985,ew2|tnet2|mm5
2026-05,19104,23,1347,2513176.639934493,932912.6916433035,1.6930937953204466,2.4444586522027754,75543.05264930765,44891.04676798691,56704.53753601389,87356.54341733463,393783.0256008994,0.6004315042843479,ew2|tnet2|mm5
2026-06,15226,38,1228,2397054.7184214983,1081340.182039181,1.2675840269729495,1.7738481007647313,48666.155231267716,25276.577464244492,38065.311104501154,61461.311440589154,426515.63417709025,0.5963240556244271,ew2|tnet2|mm5
2026-07,18955,51,1364,2948531.098315593,1328129.3050301028,1.0786430375289118,1.7443269577913378,87311.7074001451,20595.83494878571,45648.15406520347,112383.97043218589,548634.3536435704,0.8962717405014234,ew2|tnet2|mm5
2026-08,12513,58,1131,2383548.136767604,1086038.447553833,1.2123158762869606,0.8208869443739404,48001.13750118336,20161.33823919963,41591.42783023332,69458.13365624497,429139.92310123215,0.9972520055413479,ew2|tnet2|mm5
2025-12,71,2,14,12536.494704140709,7106.389878033334,1.969006152816902,2.0810087390140852,-771.2618678926253,317.4733439389713,317.4733439389713,-771.2618678926253,1901.3989448276413,0.0,ew2|tnet2|mm10
2026-01,4442,3,606,462475.9996533379,231911.71725510294,2.406436185197428,1.0927938217244484,5110.3164994559165,7006.979750851305,7011.773222851305,5115.109971455916,84336.41114961459,0.00012318775326429537,ew2|tnet2|mm10
2026-02,8933,11,939,1306501.4369349885,650338.2674460302,1.171971165185684,1.7572483434669655,33019.071456924525,15034.784093054308,15034.784093054308,33019.071456924525,254829.91256913554,0.0,ew2|tnet2|mm10
2026-03,5462,19,419,788103.7736648413,385639.5735907639,1.4159453628159877,-0.14995240361986917,-11017.535860490638,10771.872108053005,11674.819105043805,-10114.18173069886,141825.76797823512,0.13209749247010716,ew2|tnet2|mm10
2026-04,10083,10,1319,1902054.258177118,893649.3372242956,1.7611752986141376,2.0584825105147577,24649.281445538447,24826.13882594248,35899.34306510256,35725.991607714735,369223.6720725431,0.6056474761290985,ew2|tnet2|mm10
2026-05,19039,20,1343,2508589.0501824934,929928.4045763077,1.6876200734521576,2.4305539736580513,75371.76340219709,44679.336903857744,56469.80366199098,87162.23016033032,393015.55860444123,0.6003358562127404,ew2|tnet2|mm10
2026-06,15179,34,1228,2291317.3591493126,1077607.5914921777,1.2709887922740881,1.7873945211642743,48874.15033250155,25290.958031884646,38073.48849835001,61659.987358001694,426204.99471638026,0.5974884714539305,ew2|tnet2|mm10
2026-07,18872,46,1364,2938662.4818990147,1323214.397650087,1.074147227897786,1.7237229806837377,84525.51291201416,20465.763963596528,45426.1886263048,109505.7192088663,546591.1829015336,0.8965808793527162,ew2|tnet2|mm10
2026-08,12478,53,1131,2379782.3867505128,1083512.0199508048,1.2118758528140765,0.8893853085868557,49547.765648818764,20061.043893549388,41451.2632635381,70964.35411313029,428331.7692862302,0.9971895188486304,ew2|tnet2|mm10
2025-12,71,2,14,12536.494704140709,7106.389878033334,1.969006152816902,2.0810087390140852,-771.2618678926253,317.4733439389713,317.4733439389713,-771.2618678926253,1901.3989448276413,0.0,ew2|tnet2|mm20
2026-01,4442,3,606,462475.9996533379,231911.71725510294,2.406436185197428,1.0927938217244484,5110.3164994559165,7006.979750851305,7011.773222851305,5115.109971455916,84336.41114961459,0.00012318775326429537,ew2|tnet2|mm20
2026-02,8612,10,932,1302022.2886991655,648381.2491249712,1.1854146700494645,1.9736970855813682,32466.91004024553,14984.510217911313,14984.510217911313,32466.91004024553,253857.3071962058,0.0,ew2|tnet2|mm20
2026-03,5414,15,419,727145.7854218181,378715.65010757034,1.416753289317916,-0.1629040431307209,-10839.03124662249,10730.126974757855,11603.261356161684,-9965.489732417685,139129.82023537462,0.13097479849643937,ew2|tnet2|mm20
2026-04,10028,8,1319,1890473.8833456158,886346.2667115424,1.760291038011261,2.1135890519635137,26271.27069819318,24638.91264307544,35655.016479411046,37289.88888931662,367287.273037448,0.6065188444216079,ew2|tnet2|mm20
2026-05,18981,15,1341,2490855.498054362,920114.4981033182,1.6824686756188174,2.4344890400906576,75663.12336648752,44346.554821045145,56069.74863614811,87386.31718159048,390773.1271700988,0.6009868994947172,ew2|tnet2|mm20
2026-06,15138,30,1227,2280740.204530789,1067767.124192171,1.2694902048751073,1.7820887787889539,48464.25257929457,25061.60678231517,37834.45376469582,61238.87003948478,425831.0092060494,0.5985875492523561,ew2|tnet2|mm20
2026-07,18221,30,1362,2817092.8557403693,1261716.9653764998,1.0051194248836492,1.52978320477955,62263.46569468586,18506.636589415393,42378.26356132935,86152.21959649649,523705.15441567224,0.8963129338506156,ew2|tnet2|mm20
2026-08,12313,45,1132,2366025.7308274223,1076139.933677835,1.1825477577806358,0.8551751449712331,46035.816778978966,19315.57060489168,40560.54725433191,67306.943485242,425422.5341252605,0.9964858020603593,ew2|tnet2|mm20
2025-12,71,2,14,12536.494704140709,7106.389878033334,1.969006152816902,2.0810087390140852,-771.2618678926253,317.4733439389713,317.4733439389713,-771.2618678926253,1901.3989448276413,0.0,ew2|tnet3|mm5
2026-01,5100,4,626,561463.941178211,283277.4922201707,2.499663064168959,0.7747117329509804,1971.6140184858862,9963.897406003796,9968.765848003797,1976.4824604858861,104112.57701424893,0.00025429411764705883,ew2|tnet3|mm5
2026-02,8612,10,932,1301726.5635640305,648365.5100249787,1.1853769583709697,1.9781378777024048,32634.30914023807,14977.757405919145,14977.757405919145,32634.30914023807,253754.8653474707,0.0,ew2|tnet3|mm5
2026-03,3281,12,403,629519.8160406607,308676.00282742846,2.0189289543660065,0.6469920987208339,1176.983114869911,8936.453482898298,9547.279848068258,1788.1859367578495,111058.49677620232,0.11364108648794409,ew2|tnet3|mm5
2026-04,10046,9,1319,1894112.4258856159,889818.7210636525,1.7621301087221743,2.1164763531018584,26432.809223770502,24746.454467164403,35766.11639758418,37455.97707720648,367438.92844786606,0.6056216319996748,ew2|tnet3|mm5
2026-05,17802,13,1334,2015811.781280601,894389.3254163763,1.8020485519388927,2.573395999490011,72079.86536793705,43928.548110388896,55211.329516719314,83362.64677426747,376092.7135443473,0.6000405886972716,ew2|tnet3|mm5
2026-06,13445,27,1215,2113463.3951520245,993595.3976510371,1.4074464990534699,2.154711174074192,47210.799071721915,24160.251965668976,35497.73984257589,58554.0520895785,378108.43392855296,0.5955207396602817,ew2|tnet3|mm5
2026-07,17598,36,1356,2621225.5276882234,1202367.0359731822,1.1493452977258805,1.7788578277212812,66666.5568947679,19306.52862395694,41382.92536547734,88764.17524254299,485442.63163086755,0.8975348744075816,ew2|tnet3|mm5
2026-08,10859,44,1117,1938066.7253492267,879498.1321630431,1.3198328539790622,1.1808698841273038,57517.731551119956,23642.973618067404,40981.20141630504,74878.1551860867,347208.4726993349,0.9949312244121563,ew2|tnet3|mm5
2025-12,71,2,14,12536.494704140709,7106.389878033334,1.969006152816902,2.0810087390140852,-771.2618678926253,317.4733439389713,317.4733439389713,-771.2618678926253,1901.3989448276413,0.0,ew2|tnet3|mm10
2026-01,4442,3,606,462475.9996533379,231911.71725510294,2.406436185197428,1.0927938217244484,5110.3164994559165,7006.979750851305,7011.773222851305,5115.109971455916,84336.41114961459,0.00012318775326429537,ew2|tnet3|mm10
2026-02,8611,9,932,1301574.9035640303,648215.7166249712,1.1853769583709697,1.9782246990903811,32632.44254024553,14977.757405919145,14977.757405919145,32632.44254024553,253753.0217212058,0.0,ew2|tnet3|mm10
2026-03,3277,11,403,628897.5560406607,308064.73512742744,2.0188734791682017,0.6453830483103618,1165.9908148709771,8932.053482898298,9542.879848068258,1777.1936367589155,111047.76503627925,0.11377980005094432,ew2|tnet3|mm10
2026-04,10046,9,1319,1894112.4258856159,889818.7210636525,1.7621301087221743,2.1164763531018584,26432.809223770502,24746.454467164403,35766.11639758418,37455.97707720648,367438.92844786606,0.6056216319996748,ew2|tnet3|mm10
2026-05,17746,12,1328,2011440.1915286009,891492.8783493807,1.7966338290487986,2.558815253900315,71974.30738882649,43719.61451346573,54980.8006419024,83235.49351726317,375372.8709478891,0.5999838030302611,ew2|tnet3|mm10
2026-06,13416,25,1215,2009116.3900864336,990097.3238410352,1.4088445354535164,2.156202043829649,47265.36140483601,24144.577141060905,35480.69582764205,58604.12083398958,377958.64763845253,0.5967136778593793,ew2|tnet3|mm10
2026-07,17598,36,1356,2621225.5276882234,1202367.0359731822,1.1493452977258805,1.7788578277212812,66666.5568947679,19306.52862395694,41382.92536547734,88764.17524254299,485442.63163086755,0.8975348744075816,ew2|tnet3|mm10
2026-08,10857,43,1117,1937066.7253492267,878684.4446630431,1.3169550828185472,1.1777947591217892,57338.98969135433,23474.23175830178,40804.88891630504,74691.8426860867,347057.0598946474,0.9949750426309969,ew2|tnet3|mm10
2025-12,71,2,14,12536.494704140709,7106.389878033334,1.969006152816902,2.0810087390140852,-771.2618678926253,317.4733439389713,317.4733439389713,-771.2618678926253,1901.3989448276413,0.0,ew2|tnet3|mm20
2026-01,4442,3,606,462475.9996533379,231911.71725510294,2.406436185197428,1.0927938217244484,5110.3164994559165,7006.979750851305,7011.773222851305,5115.109971455916,84336.41114961459,0.00012318775326429537,ew2|tnet3|mm20
2026-02,8611,9,932,1301574.9035640303,648215.7166249712,1.1853769583709697,1.9782246990903811,32632.44254024553,14977.757405919145,14977.757405919145,32632.44254024553,253753.0217212058,0.0,ew2|tnet3|mm20
2026-03,3235,9,403,578881.3297902455,305482.1560141592,2.0252845005347986,0.5224142024353337,1664.9556986340476,8914.361293041828,9515.318634520045,2266.289496830242,110512.4975411857,0.11232832856002965,ew2|tnet3|mm20
2026-04,10028,8,1319,1890473.8833456158,886346.2667115424,1.760291038011261,2.1135890519635137,26271.27069819318,24638.91264307544,35655.016479411046,37289.88888931662,367287.273037448,0.6065188444216079,ew2|tnet3|mm20
2026-05,17723,10,1327,2004257.8103041598,884505.4344993865,1.79724586510542,2.5647723315848534,71807.97987061024,43580.875668402994,54836.421940609165,83063.52614281642,375184.8757402059,0.6006728692699679,ew2|tnet3|mm20
2026-06,13399,23,1215,2000733.5954679102,982027.1577410196,1.4082620183222097,2.155759856364723,46961.499850165244,23923.61312577377,35251.63319531944,58291.49231548174,377666.41551055014,0.5973774455272101,ew2|tnet3|mm20
2026-07,17150,24,1355,2577418.8184872014,1173786.1000500503,1.0818670957730214,1.6387871687712001,60931.20222421689,18198.044695898512,39964.21685432944,82714.62947223707,478350.6354380718,0.897484990213396,ew2|tnet3|mm20
2026-08,10691,35,1117,1914994.7691875221,866745.036194051,1.2872770937309537,1.1278231717716052,54524.5934917182,22622.76619957646,39738.23211211451,71662.03620348538,342748.85423534317,0.994250411936186,ew2|tnet3|mm20
2025-12,74,3,14,12884.404704140708,7216.863378033334,1.760803193243244,1.8885354117567577,-790.8253678926253,303.9065439004713,303.9065439004713,-790.8253678926253,1941.8949698276413,0.0,ew2|eb0c|mm5
2026-01,5699,7,639,596116.8188902109,299034.3305061713,2.3341767017261383,0.9511446733233903,2727.5912224853114,9960.537507215024,9965.405949215025,2732.4596644853114,111058.54025005881,0.0002275662396911739,ew2|eb0c|mm5
2026-02,13384,25,966,1545085.3093150484,772085.8642900105,0.4877734410281669,0.5048217249727226,41390.95039163845,13821.015093645756,13821.015093645756,41390.95039163845,300548.1132208093,0.0,ew2|eb0c|mm5
2026-03,5701,33,421,812475.7460973792,397982.8704813397,1.3945821601799553,-0.09062886575374307,-11656.058534622085,11619.453346295977,12551.045263779004,-10724.045019227042,146674.86504252753,0.1303298919456392,ew2|eb0c|mm5
2026-04,13272,27,1364,2063890.619429966,987734.4455005544,1.495411586526525,2.073998725279534,19444.589129075594,25003.43383176139,36896.06896996511,31341.852028084053,396575.4299669485,0.604606170129598,ew2|eb0c|mm5
2026-05,22407,43,1377,2874556.860134775,1099750.99816242,1.5123152261859107,2.073244441846865,53673.98431698519,43286.34811309674,57110.82860710319,67498.46481099165,460816.0164668817,0.601408138622185,ew2|eb0c|mm5
2026-06,17223,72,1230,2620514.7096970286,1136562.4599274553,1.130738088710373,1.5266764572184317,45253.2744047376,24909.521479679264,38427.50856536141,58807.38405948453,451814.08235793986,0.5977425947526408,ew2|eb0c|mm5
2026-07,21115,80,1370,4117633.7331558983,1401745.2666110415,0.9876549584805728,1.4552717248959937,82018.47836917204,20964.550936022468,47578.9364124966,108719.76712482637,584916.8291464057,0.9000181300356,ew2|eb0c|mm5
2026-08,14835,80,1141,2719820.7901895987,1239188.6343969065,1.0440197787726122,0.540996812476926,56233.15175786967,18914.012562020118,43702.53254171664,81052.30176894205,496383.00022144755,0.9948509742989418,ew2|eb0c|mm5
2025-12,91,4,14,29261.4816786489,9259.059878024387,2.842646788461539,13.57289086901099,8769.528132116324,1760.309714502538,1760.309714502538,8769.528132116324,3626.6386663373623,0.0,ew2|eb0c|mm10
2026-01,5838,6,636,539417.8456403379,269615.79553912004,2.0992184069885,1.0663253755490836,6288.439389438819,7241.752786220123,7246.5462582201235,6293.232861438819,99422.34648041271,9.373072970195272e-05,ew2|eb0c|mm10
2026-02,12829,19,958,1465758.8304543856,728793.771769075,0.550244692888941,0.2207275320902854,28547.98144438616,14017.610458906458,14017.610458906458,28547.98144438616,287956.2845905975,0.0,ew2|eb0c|mm10
2026-03,5621,28,421,804898.5956733222,394327.2847680354,1.409623543195133,-0.06167268894897009,-7939.693208569327,11504.78229089484,12431.39914831238,-7012.654753239771,145151.4743595861,0.13008362597441037,ew2|eb0c|mm10
2026-04,13184,23,1363,2042079.7227570522,967738.0544645108,1.5074942348694973,2.1091957580033376,18999.405679922824,24774.34733247255,36642.376136318104,30870.94082633941,395717.83821388625,0.6059599719989378,ew2|eb0c|mm10
2026-05,22252,37,1376,2865090.814713322,1091401.140569455,1.5178639653677228,2.0610684520309444,54439.549209782715,43122.50167217755,56917.221972437146,68234.2695100423,459824.01000865316,0.6017023141658022,ew2|eb0c|mm10
2026-06,17054,57,1230,2507035.7147959224,1128853.7579744528,1.1466656823861954,1.5298289436100299,45061.26820136207,24939.486699524386,38398.653565518114,58553.44162639057,449749.5413673258,0.5981754830156398,ew2|eb0c|mm10
2026-07,20650,65,1370,3075831.7005538475,1379622.1329200978,0.9857658331614191,1.5390021421217353,82338.56016269758,18368.23140373104,44645.183584745755,108633.82221742562,576282.5171390548,0.898897916373393,ew2|eb0c|mm10
2026-08,14698,68,1141,2681871.4865142293,1222362.3850227655,1.043839702098884,0.6475120762189988,59831.995230319546,18240.183294306025,42636.0974377637,84257.17368583987,488503.56911040604,0.9942343715575693,ew2|eb0c|mm10
2025-12,91,4,14,29261.4816786489,9259.059878024387,2.842646788461539,13.57289086901099,8769.528132116324,1760.309714502538,1760.309714502538,8769.528132116324,3626.6386663373623,0.0,ew2|eb0c|mm20
2026-01,5032,4,622,497761.3956403379,248237.1649391184,2.241688745261848,1.2326166800178857,6111.719989440451,7082.596434015775,7087.3899060157755,6116.513461440451,91494.6172889703,0.00010874403815580287,ew2|eb0c|mm20
2026-02,11373,14,952,1429410.6696825624,711051.8056859669,0.6765610202211844,1.1345646307836412,30264.065380756245,14350.253586850296,14350.253586850296,30264.065380756245,280553.9303789557,0.0,ew2|eb0c|mm20
2026-03,5499,19,420,736550.3854759566,382336.30446172704,1.432832927912949,-0.09609148667570992,-8275.477000985737,11474.509309060428,12362.963549401375,-7386.615627843813,141130.1074656901,0.12921786853241113,ew2|eb0c|mm20
2026-04,13076,15,1361,2021233.2998784466,955124.3173652301,1.5217411246660422,2.096705152152931,17739.901968384696,24763.44488929023,36521.9239608406,29500.89581427773,392033.1281964344,0.606718881741991,ew2|eb0c|mm20
2026-05,21906,29,1374,2836015.851398191,1075785.8405384778,1.5236026748484208,2.116874229554666,54730.066787026706,42749.35695835197,56405.970963615335,68386.68079229008,455220.46684211225,0.602247982193257,ew2|eb0c|mm20
2026-06,16546,44,1228,2481829.5022675795,1110698.252986439,1.1636723039249626,1.483378215812797,43815.88668270776,24484.566824309277,37856.1549846234,57218.945320831444,446779.0484704986,0.6008683775739051,ew2|eb0c|mm20
2026-07,19865,42,1368,2944394.1014533895,1315226.659402616,0.9165211367402585,1.323505084276728,59173.212378734774,17137.56510162067,42222.43210152432,84274.54125594096,551245.1894189457,0.8984557209912684,ew2|eb0c|mm20
2026-08,14485,55,1142,2664081.1273248536,1213848.9785877836,1.0314643440455458,0.5795788908872352,57369.082893997336,17742.090911401778,41947.95771578551,81603.63756690329,484691.0934581189,0.9936069679626092,ew2|eb0c|mm20
2025-12,71,2,14,12536.494704140709,7106.389878033334,1.969006152816902,2.0810087390140852,-771.2618678926253,317.4733439389713,317.4733439389713,-771.2618678926253,1901.3989448276413,0.0,ew2|eb0.25c|mm5
2026-01,5117,6,626,562471.531048211,283510.0696191656,2.485656486962013,0.7898474478248976,2117.2664894909226,9930.742237408333,9935.610679408333,2122.134931490923,104276.18248007169,0.0002534492866914208,ew2|eb0.25c|mm5
2026-02,11050,20,955,1467837.6142585573,733200.7937000081,0.8053664440641736,0.8781912684638364,41743.17622032481,14857.213193125557,14857.213193125557,41743.17622032481,284163.3992293926,0.0,ew2|eb0.25c|mm5
2026-03,5576,28,421,807226.1781101215,395534.89731089334,1.4290148514830487,-0.1386264825226168,-11513.03364317759,11650.10969404821,12571.85278458258,-10590.868954731204,145716.99384564228,0.1300823894290013,ew2|eb0.25c|mm5
2026-04,10354,21,1324,1978950.8567761797,945982.1526598848,1.7154295429105553,1.8483058591713029,15205.402609237872,24136.39577361471,35511.124609561986,26585.09277531412,379323.0055358749,0.603422057825027,ew2|eb0.25c|mm5
2026-05,20664,32,1373,2840833.237902778,1081775.7740644722,1.583763964706906,2.228584394595118,57732.855023575525,43497.06881222327,57125.76523340893,71361.5514447612,454289.88070618873,0.5997785876183939,ew2|eb0.25c|mm5
2026-06,15847,56,1229,2575211.1475762795,1115430.3076811451,1.2055431831131518,1.6440249888782468,47390.08794540102,24873.31499612901,38138.60614885904,60691.50166719583,443390.88459286914,0.5982350904383076,ew2|eb0.25c|mm5
2026-07,20356,71,1367,4093354.1469178754,1391773.1800779887,1.022278500629962,1.5157967725854562,78291.57106266113,21783.30996329457,48201.44082734723,104795.99781984709,580764.7952474498,0.9015464098994952,ew2|eb0.25c|mm5
2026-08,12716,72,1126,2165269.720579793,976253.816626428,1.3009867506784254,0.8285841481112928,59249.60179522999,26631.227262621327,46264.5066046772,78910.0488632873,393208.9413611463,1.003087480604498,ew2|eb0.25c|mm5
2025-12,71,2,14,12536.494704140709,7106.389878033334,1.969006152816902,2.0810087390140852,-771.2618678926253,317.4733439389713,317.4733439389713,-771.2618678926253,1901.3989448276413,0.0,ew2|eb0.25c|mm10
2026-01,4445,4,606,462505.9996533379,231932.11725510293,2.4057126579222095,1.0911563905736783,5109.916499455917,7007.380797360305,7012.1742693603055,5114.709971455916,84342.69714961459,0.00012310461192350958,ew2|eb0.25c|mm10
2026-02,10269,16,946,1387682.86397727,689015.2410360639,0.9324670042035916,1.060118386145529,28972.039317807477,15172.479143821209,15172.479143821209,28972.039317807477,271645.96007346886,0.0,ew2|eb0.25c|mm10
2026-03,5567,24,421,800890.6576923223,391831.9589539768,1.4293407430956717,-0.08550174071422875,-8426.403594627567,11539.202633423405,12460.945723957773,-7504.238906181182,144313.91093773037,0.13029268968135643,ew2|eb0.25c|mm10
2026-04,10273,17,1323,1956289.679277144,925098.773227171,1.7313638974357701,1.8876536691211192,14781.38950533539,23907.15462140541,35257.70142498016,26135.442651481175,378468.4382048595,0.6051134503853545,ew2|eb0.25c|mm10
2026-05,20597,28,1372,2833950.630178323,1075531.9406774868,1.5814303308430837,2.2350639916606787,57384.78798372361,43255.48350572891,56866.992057296564,70996.29653529126,453716.9517189218,0.599950335357819,ew2|eb0.25c|mm10
2026-06,15711,47,1229,2463556.8200486274,1108573.6793161537,1.2226294102354751,1.6409113819895156,47170.38539891218,24941.89773001676,38159.00629616091,60420.500524091105,441680.93137233984,0.5987816306107362,ew2|eb0.25c|mm10
2026-07,19957,55,1368,3051094.570797855,1368813.2303430035,1.0234352570079612,1.6222251348663792,78764.22776156392,18945.042157474436,45005.3780151931,104842.36034694903,571642.7947922426,0.9005686011656154,ew2|eb0.25c|mm10
2026-08,12546,63,1126,2115116.0815131026,954430.4475492856,1.3033674966712978,0.9653180105910307,64167.10325387075,25724.313200862674,44851.14346128537,83319.63920098166,383050.71894221817,1.0025642433943032,ew2|eb0.25c|mm10
2025-12,71,2,14,12536.494704140709,7106.389878033334,1.969006152816902,2.0810087390140852,-771.2618678926253,317.4733439389713,317.4733439389713,-771.2618678926253,1901.3989448276413,0.0,ew2|eb0.25c|mm20
2026-01,4442,3,606,462475.9996533379,231911.71725510294,2.406436185197428,1.0927938217244484,5110.3164994559165,7006.979750851305,7011.773222851305,5115.109971455916,84336.41114961459,0.00012318775326429537,ew2|eb0.25c|mm20
2026-02,11373,14,952,1429410.6696825624,711051.8056859669,0.6765610202211844,1.1345646307836412,30264.065380756245,14350.253586850296,14350.253586850296,30264.065380756245,280553.9303789557,0.0,ew2|eb0.25c|mm20
2026-03,5483,18,420,736379.2647529567,382213.12450072484,1.4368441334941064,-0.06828509254417817,-8279.223130983555,11472.446508475901,12360.900748816848,-7390.361757841631,141104.1419709631,0.12959494055439152,ew2|eb0.25c|mm20
2026-04,10212,12,1322,1940258.330108201,915427.9727228035,1.728138603636904,1.9406272502088464,15185.077620631486,23247.981875844744,34516.66119637678,26456.271715506184,375706.46982915665,0.6060218478316942,ew2|eb0.25c|mm20
2026-05,20551,24,1372,2818331.842652192,1066627.0250034984,1.5772780361601693,2.238148924196761,57040.80220103369,42943.69084381514,56501.08600233177,70598.19735955034,451913.1719505546,0.6005207893743546,ew2|eb0.25c|mm20
2026-06,15501,38,1228,2445094.94846182,1095349.6620391388,1.2341855581493877,1.667806302430783,46829.201041466695,24778.348302051683,37937.71692428748,60020.04014151206,439705.06386788783,0.599461696308846,ew2|eb0.25c|mm20
2026-07,19187,37,1366,2919224.6063424763,1304675.0004344934,0.9530748856605394,1.3878510804865725,54829.81853975333,17736.726999382754,42605.60464508655,79714.4988497178,546514.7549469392,0.9004847825273107,ew2|eb0.25c|mm20
2026-08,13582,51,1132,2151575.954289966,987926.9882523079,1.1580654228221958,0.7993710034102594,64542.174653372655,24360.347125715416,43859.41684577644,84066.63324488098,390489.1718301664,0.9933875199353452,ew2|eb0.25c|mm20
2025-12,71,2,14,12536.494704140709,7106.389878033334,1.969006152816902,2.0810087390140852,-771.2618678926253,317.4733439389713,317.4733439389713,-771.2618678926253,1901.3989448276413,0.0,ew2|eb0.5c|mm5
2026-01,5114,5,626,562441.531048211,283489.66961916565,2.486331742520572,0.7910929586468518,2117.6664894909222,9930.341190899333,9935.209632899334,2122.5349314909226,104269.89648007168,0.00025359796636683615,ew2|eb0.5c|mm5
2026-02,11050,20,955,1467837.6142585573,733200.7937000081,0.8053664440641736,0.8781912684638364,41743.17622032481,14857.213193125557,14857.213193125557,41743.17622032481,284163.3992293926,0.0,ew2|eb0.5c|mm5
2026-03,4487,24,417,751294.721122588,367563.1934352779,1.684532452735479,-0.46400094641248196,-14419.580299953997,11868.356562101651,12689.217063027838,-13598.298201115793,134984.08923757667,0.1240325074265226,ew2|eb0.5c|mm5
2026-04,10115,13,1321,1926636.321327883,915643.8447202675,1.762001793426319,2.0546466332213296,26357.952843264342,25604.71946885856,36715.17684927871,37473.37113425864,370513.94303314335,0.604122310164731,ew2|eb0.5c|mm5
2026-05,17520,23,1347,2491342.5779454536,922747.5976482667,1.7082398308356204,2.4927619867896733,76274.24619734749,44021.87547331345,55701.53485042229,87953.90557445634,389321.9792369615,0.6018447751081578,ew2|eb0.5c|mm5
2026-06,15348,44,1224,2281089.924406301,1044285.1783670201,1.2708006698661078,1.7893984863387804,53714.85550325045,24064.384597512282,36103.495225374536,65760.48689617749,401531.47363061015,0.5963708211258337,ew2|eb0.5c|mm5
2026-07,18600,58,1356,2476522.6510421443,1140679.6764841834,1.141929494161374,1.9871259233626832,83151.80045653704,23105.881727988493,44074.099533314526,104160.11788990434,464251.18769784947,0.9003112937439104,ew2|eb0.5c|mm5
2026-08,11797,62,1125,2080197.8219450994,940313.2083443223,1.3360020241172685,0.7529872393356287,55332.07407707923,24542.687066985647,43347.9223225938,74162.90761580317,376616.6707744784,1.0038838620825283,ew2|eb0.5c|mm5
2025-12,71,2,14,12536.494704140709,7106.389878033334,1.969006152816902,2.0810087390140852,-771.2618678926253,317.4733439389713,317.4733439389713,-771.2618678926253,1901.3989448276413,0.0,ew2|eb0.5c|mm10
2026-01,4442,3,606,462475.9996533379,231911.71725510294,2.406436185197428,1.0927938217244484,5110.3164994559165,7006.979750851305,7011.773222851305,5115.109971455916,84336.41114961459,0.00012318775326429537,ew2|eb0.5c|mm10
2026-02,10269,16,946,1387682.86397727,689015.2410360639,0.9324670042035916,1.060118386145529,28972.039317807477,15172.479143821209,15172.479143821209,28972.039317807477,271645.96007346886,0.0,ew2|eb0.5c|mm10
2026-03,4488,22,418,744762.7451051313,363653.4379878379,1.6813501367318875,-0.41552869167979206,-11332.215383344563,11761.106659701585,12582.101571091878,-10510.798874042252,133577.98955311047,0.1242307398393286,ew2|eb0.5c|mm10
2026-04,10089,13,1320,1906505.2325145586,896017.06721591,1.7633899197870668,2.058603595682291,25867.582582897085,25298.085388636107,36396.056708014425,36969.05982529161,370049.24141315086,0.6055908749738694,ew2|eb0.5c|mm10
2026-05,17441,20,1343,2482869.0602209982,915907.580991281,1.7024983126268851,2.4820735934281584,76075.1596229361,43748.81469160801,55403.049003658714,87729.39393498682,388474.477068357,0.6022074680264603,ew2|eb0.5c|mm10
2026-06,15309,38,1224,2175766.5366786877,1039759.9563170414,1.2687888937421314,1.7672972230366049,53564.77754737885,23986.93244646501,36019.824461594086,65601.0743175427,401220.3195385042,0.5975139446715144,ew2|eb0.5c|mm10
2026-07,18379,48,1356,2444463.7611851012,1124347.6889561925,1.1307181462403373,1.9430565645721594,81235.24530581094,20543.73482179204,41253.69599618206,101966.76392676307,458121.7337849865,0.9002108542876838,ew2|eb0.5c|mm10
2026-08,11746,57,1125,2087113.0314310265,939699.6037443042,1.3432657832703832,0.9367863607114039,63701.15227719364,25032.829108838967,43897.48712702614,82590.85190879148,377793.9926319565,1.0040259112884258,ew2|eb0.5c|mm10
2025-12,71,2,14,12536.494704140709,7106.389878033334,1.969006152816902,2.0810087390140852,-771.2618678926253,317.4733439389713,317.4733439389713,-771.2618678926253,1901.3989448276413,0.0,ew2|eb0.5c|mm20
2026-01,4442,3,606,462475.9996533379,231911.71725510294,2.406436185197428,1.0927938217244484,5110.3164994559165,7006.979750851305,7011.773222851305,5115.109971455916,84336.41114961459,0.00012318775326429537,ew2|eb0.5c|mm20
2026-02,9058,12,934,1357166.7078025145,673884.8661760195,1.1154427497265884,1.8227430031120928,30969.767218181514,15369.510150386923,15369.510150386923,30969.767218181514,265506.42301791563,0.0,ew2|eb0.5c|mm20
2026-03,4391,16,417,677189.0514784247,352975.06543458306,1.6946866193122263,-0.4000069697546172,-10530.463485697739,11373.138080041583,12160.844141238455,-9742.35029169989,129766.99641948605,0.12361129947677618,ew2|eb0.5c|mm20
2026-04,10028,8,1319,1890473.8833456158,886346.2667115424,1.760291038011261,2.1135890519635137,26271.27069819318,24638.91264307544,35655.016479411046,37289.88888931662,367287.273037448,0.6065188444216079,ew2|eb0.5c|mm20
2026-05,17949,16,1356,2617351.6128096916,979318.2339195167,1.666087873017055,2.3482456720718776,58490.61356553774,43554.7636193836,55940.509316713134,70876.35926286726,412858.1899109843,0.600402150878148,ew2|eb0.5c|mm20
2026-06,15114,31,1223,2159741.398073954,1027414.7769400503,1.276867512290122,1.792778434988817,53300.28604982195,23767.22489322409,35756.02631190059,65290.956142308016,399699.4302825778,0.5981171203251666,ew2|eb0.5c|mm20
2026-07,17620,31,1354,2303129.753178703,1053124.6165774795,1.058713206237506,1.7361534492658264,57756.41832112902,18569.164659751463,38017.59371863488,77222.43830990912,431437.46721770253,0.8997839038218266,ew2|eb0.5c|mm20
2026-08,11519,46,1126,2064499.1077761082,928859.464911298,1.3224007056818885,0.8360443893040979,61239.50492869254,24188.95505217779,42825.601839494215,79900.61688587921,373222.23914373317,1.0033514457249844,ew2|eb0.5c|mm20
2025-12,71,2,14,12536.494704140709,7106.389878033334,1.969006152816902,2.0810087390140852,-771.2618678926253,317.4733439389713,317.4733439389713,-771.2618678926253,1901.3989448276413,0.0,ew3|t2|mm5
2026-01,5100,4,626,561463.941178211,283277.4922201707,2.499663064168959,0.7747117329509804,1971.6140184858862,9963.897406003796,9968.765848003797,1976.4824604858861,104112.57701424893,0.00025429411764705883,ew3|t2|mm5
2026-02,8934,12,939,1306653.0969349886,650488.0608460377,1.171971165185684,1.7571893949759265,33020.93805691707,15034.784093054308,15034.784093054308,33020.93805691707,254831.75619540046,0.0,ew3|t2|mm5
2026-03,5417,19,419,785578.0486583094,384474.9825041151,1.4454691476323442,-0.12232478166414057,-10930.396051060461,10959.485413754594,11861.476590964028,-10027.997741050049,141246.1484125684,0.13236385529345568,ew3|t2|mm5
2026-04,14171,19,1362,2108681.9078440904,1009323.7955612999,1.412975963603883,1.8831348816729079,19974.353266320853,25234.837371935617,37375.46133222167,32119.93855673588,404852.8430138343,0.6039944095055553,ew3|t2|mm5
2026-05,36378,35,1416,2988879.0538918767,1175178.994755385,0.7927445546455599,1.0979584124766668,50968.04064468974,42141.09443014782,56752.4230876153,65579.36930215721,487044.28858224914,0.6107825917434664,ew3|t2|mm5
2026-06,24121,56,1251,2683032.231560159,1180931.274606393,0.6545322669883429,1.139188389004821,47609.86886954666,23895.51352991899,37844.980460784405,61595.45836947685,466196.74386404874,0.6038345610842952,ew3|t2|mm5
2026-07,28152,70,1400,3256432.5274403025,1490574.4205509846,0.5526638994614849,0.8344367425183057,78944.88897285903,18942.476563355547,47054.92824663747,107094.17356932114,616301.3152194129,0.912893820745884,ew3|t2|mm5
2026-08,18196,87,1156,2868313.2929621087,1307815.9507027683,0.7122012901638834,0.2111421055631426,47137.84348790227,16216.961895501578,42690.956256442405,73640.81251161282,530059.380474211,1.0034008052227443,ew3|t2|mm5
2025-12,71,2,14,12536.494704140709,7106.389878033334,1.969006152816902,2.0810087390140852,-771.2618678926253,317.4733439389713,317.4733439389713,-771.2618678926253,1901.3989448276413,0.0,ew3|t2|mm10
2026-01,4442,3,606,462475.9996533379,231911.71725510294,2.406436185197428,1.0927938217244484,5110.3164994559165,7006.979750851305,7011.773222851305,5115.109971455916,84336.41114961459,0.00012318775326429537,ew3|t2|mm10
2026-02,8933,11,939,1306501.4369349885,650338.2674460302,1.171971165185684,1.7572483434669655,33019.071456924525,15034.784093054308,15034.784093054308,33019.071456924525,254829.91256913554,0.0,ew3|t2|mm10
2026-03,5414,18,419,785155.7886583094,384061.714804114,1.4453292383328138,-0.12365980215453445,-10939.388351059395,10955.085413754594,11857.076590964029,-10036.990041048983,141237.39667264535,0.13243720061408376,ew3|t2|mm10
2026-04,14128,17,1361,2088240.6478900544,989642.6690601172,1.4135851658065024,1.9126872987403918,19519.28757342707,24937.54624555886,37064.658147932714,31649.90581837196,404353.94149816304,0.6050811322562107,ew3|t2|mm10
2026-05,36275,32,1415,2985582.1641398766,1172417.4236883563,0.7913652908833368,1.0867465058075272,50312.098747134485,41971.87447470137,56567.11577275268,64907.340045185796,486508.0432683771,0.6107306422318941,ew3|t2|mm10
2026-06,24025,49,1251,2573995.9809679734,1175544.346407413,0.6579353840358018,1.1334609794277917,47501.20311377147,23907.6943855586,37828.44079161846,61454.95607886611,465135.52603619697,0.604365716141823,ew3|t2|mm10
2026-07,27954,61,1400,3226146.260780523,1475720.9062400435,0.5369805798831103,0.7780315701957444,74606.07315562246,16276.815740459111,44133.10130980388,102480.64247268056,610315.9776028016,0.9128579768449832,ew3|t2|mm10
2026-08,18113,80,1156,2835961.237726549,1293452.6402515853,0.71336612432377,0.29527677807010555,50488.84127262198,15736.789566977743,41854.78644225241,76634.73935806866,522917.9617089334,1.0022004161373697,ew3|t2|mm10
2025-12,71,2,14,12536.494704140709,7106.389878033334,1.969006152816902,2.0810087390140852,-771.2618678926253,317.4733439389713,317.4733439389713,-771.2618678926253,1901.3989448276413,0.0,ew3|t2|mm20
2026-01,4442,3,606,462475.9996533379,231911.71725510294,2.406436185197428,1.0927938217244484,5110.3164994559165,7006.979750851305,7011.773222851305,5115.109971455916,84336.41114961459,0.00012318775326429537,ew3|t2|mm20
2026-02,8612,10,932,1302022.2886991655,648381.2491249712,1.1854146700494645,1.9736970855813682,32466.91004024553,14984.510217911313,14984.510217911313,32466.91004024553,253857.3071962058,0.0,ew3|t2|mm20
2026-03,5365,14,419,724161.4367802863,377117.79132192134,1.4472175338632887,-0.14490524333506932,-10777.247373192156,10914.4311914749,11786.60975309736,-9904.661678768716,138532.44893009728,0.1313319775046872,ew3|t2|mm20
2026-04,14076,14,1361,2073397.705872438,980353.826011139,1.410798191467007,1.925466353756106,19530.235556395062,24282.714223514457,36335.57325978431,31585.60936700757,401845.7936870837,0.6057331505590404,ew3|t2|mm20
2026-05,36246,27,1415,2969232.3794693574,1162861.9794253667,0.7893936210700571,1.0796049371063097,50037.58473835429,41794.718321991284,56326.267662400714,64569.134078763724,484384.9780136477,0.6110373963605559,ew3|t2|mm20
2026-06,23833,42,1250,2557803.986590239,1163237.2871284124,0.6609730559974435,1.142163846840892,47313.48020081299,23693.910632128824,37569.26061514725,61220.300661640984,463571.10922730877,0.6048524752997283,ew3|t2|mm20
2026-07,27305,42,1399,3101873.7845160505,1414714.1161125489,0.4726862518837573,0.6645991377292229,55437.17699370384,14832.455361227177,41556.167373066586,82177.3013018458,586497.9597269833,0.9132991614349998,ew3|t2|mm20
2026-08,17918,69,1157,2823799.042232368,1287525.2554175942,0.6962776383591791,0.2540125914128363,47895.43757606023,15082.77672531122,41054.46131634264,73895.02337726366,519991.7160240685,1.001304812034535,ew3|t2|mm20
2025-12,71,2,14,12536.494704140709,7106.389878033334,1.969006152816902,2.0810087390140852,-771.2618678926253,317.4733439389713,317.4733439389713,-771.2618678926253,1901.3989448276413,0.0,ew3|t3|mm5
2026-01,5100,4,626,561463.941178211,283277.4922201707,2.499663064168959,0.7747117329509804,1971.6140184858862,9963.897406003796,9968.765848003797,1976.4824604858861,104112.57701424893,0.00025429411764705883,ew3|t3|mm5
2026-02,8612,10,932,1301726.5635640305,648365.5100249787,1.1853769583709697,1.9781378777024048,32634.30914023807,14977.757405919145,14977.757405919145,32634.30914023807,253754.8653474707,0.0,ew3|t3|mm5
2026-03,3281,12,403,629519.8160406607,308676.00282742846,2.0189289543660065,0.6469920987208339,1176.983114869911,8936.453482898298,9547.279848068258,1788.1859367578495,111058.49677620232,0.11364108648794409,ew3|t3|mm5
2026-04,14056,13,1359,2042892.9454863502,961629.6484862814,1.419896107451625,2.0472318415328665,27993.99387071032,25262.729284588335,37162.786197989306,39897.55670712751,396785.4278805728,0.6057287051255003,ew3|t3|mm5
2026-05,34958,22,1411,2393329.3645950328,1086719.0726711876,0.8071836926621253,1.22374970735962,70122.19801239115,42256.075499753984,55859.11401780407,83725.23653044124,453434.6172683361,0.6123547439359351,ew3|t3|mm5
2026-06,22555,36,1248,2481929.4694210337,1137474.4732863042,0.6968478980394437,1.2801070596713338,51031.81118212463,24447.365435764063,37833.4873959968,64423.80079298981,446399.653695506,0.6030350180209743,ew3|t3|mm5
2026-07,27557,53,1400,3195394.1523719854,1462889.3947789408,0.5292757908967557,0.7902095267933652,73719.7646174159,16161.135589426489,43774.39523722017,101350.84875433956,604786.7433561307,0.9143508278096864,ew3|t3|mm5
2026-08,17117,72,1153,2715557.1955436966,1247832.3934635238,0.7936088818924563,0.315758054854014,54476.552479287304,19112.387475654643,43950.46168611909,79343.96776884567,497348.3057911671,0.9983600626023159,ew3|t3|mm5
2025-12,71,2,14,12536.494704140709,7106.389878033334,1.969006152816902,2.0810087390140852,-771.2618678926253,317.4733439389713,317.4733439389713,-771.2618678926253,1901.3989448276413,0.0,ew3|t3|mm10
2026-01,4442,3,606,462475.9996533379,231911.71725510294,2.406436185197428,1.0927938217244484,5110.3164994559165,7006.979750851305,7011.773222851305,5115.109971455916,84336.41114961459,0.00012318775326429537,ew3|t3|mm10
2026-02,8611,9,932,1301574.9035640303,648215.7166249712,1.1853769583709697,1.9782246990903811,32632.44254024553,14977.757405919145,14977.757405919145,32632.44254024553,253753.0217212058,0.0,ew3|t3|mm10
2026-03,3277,11,403,628897.5560406607,308064.73512742744,2.0188734791682017,0.6453830483103618,1165.9908148709771,8932.053482898298,9542.879848068258,1777.1936367589155,111047.76503627925,0.11377980005094432,ew3|t3|mm10
2026-04,14056,13,1359,2042892.9454863502,961629.6484862814,1.419896107451625,2.0472318415328665,27993.99387071032,25262.729284588335,37162.786197989306,39897.55670712751,396785.4278805728,0.6057287051255003,ew3|t3|mm10
2026-05,34903,21,1411,2388973.774843033,1083831.585604192,0.8031339408760391,1.2153752681050742,70023.5617612806,42048.94363109162,55630.50514324796,83605.12327343693,452718.71707187797,0.6123492635904824,ew3|t3|mm10
2026-06,22528,34,1248,2377629.724355443,1134023.1769363033,0.6968899818930292,1.279843111129469,51086.84172689065,24431.684671155992,37816.44338106296,64474.35207740006,446250.34501698025,0.6037042640503076,ew3|t3|mm10
2026-07,27543,51,1400,3192615.703804734,1461575.1082789544,0.5283096770030185,0.7815589679716866,73515.44526140884,16090.95415109922,43672.854601876235,101115.0844648523,604157.8446865267,0.9142484295750523,ew3|t3|mm10
2026-08,17081,69,1153,2716022.657793697,1247622.4355734983,0.7973929336476145,0.3772957847770243,56038.37927393987,19154.84790269013,43998.92693252764,80911.7993828713,497468.40217862837,0.9981027739390929,ew3|t3|mm10
2025-12,71,2,14,12536.494704140709,7106.389878033334,1.969006152816902,2.0810087390140852,-771.2618678926253,317.4733439389713,317.4733439389713,-771.2618678926253,1901.3989448276413,0.0,ew3|t3|mm20
2026-01,4442,3,606,462475.9996533379,231911.71725510294,2.406436185197428,1.0927938217244484,5110.3164994559165,7006.979750851305,7011.773222851305,5115.109971455916,84336.41114961459,0.00012318775326429537,ew3|t3|mm20
2026-02,8611,9,932,1301574.9035640303,648215.7166249712,1.1853769583709697,1.9782246990903811,32632.44254024553,14977.757405919145,14977.757405919145,32632.44254024553,253753.0217212058,0.0,ew3|t3|mm20
2026-03,3235,9,403,578881.3297902455,305482.1560141592,2.0252845005347986,0.5224142024353337,1664.9556986340476,8914.361293041828,9515.318634520045,2266.289496830242,110512.4975411857,0.11232832856002965,ew3|t3|mm20
2026-04,14005,11,1359,2031631.1535748478,954427.3884523032,1.4189844635991598,2.077832817097655,29499.257906854284,25079.215252801965,36924.29966111424,41346.85666995439,394919.95877000346,0.6063617757941693,ew3|t3|mm20
2026-05,34874,18,1411,2377540.28108995,1075335.231031204,0.8009251476415038,1.2108525909280499,68580.83305115161,41844.99613716437,55391.0007030259,82126.83761701314,451533.4855287176,0.6126831958641165,ew3|t3|mm20
2026-06,22511,32,1248,2369246.9297369192,1125953.0108362876,0.6961636043012026,1.2789180979493144,50782.98017221988,24210.720655868852,37587.380748740354,64161.72355889221,445958.11288907786,0.6041046311129219,ew3|t3|mm20
2026-07,27044,37,1399,3079024.8645762345,1405621.8449074079,0.4710006879196411,0.6883743701777703,56577.9142785806,14698.08772223419,41259.61968939539,83155.19593499746,582828.7898690578,0.9147815315496534,ew3|t3|mm20
2026-08,16887,60,1154,2702137.372692542,1240722.7781355027,0.7748092649812712,0.31374791079184144,53165.23493906461,18354.674968635405,43029.60354057397,77869.5045900971,494085.3930206494,0.9969455698115812,ew3|t3|mm20
2025-12,68,1,14,12373.484544614035,7041.256878029734,1.7908899579411774,2.6872456110294123,-739.1390274156987,311.82628569516476,311.82628569516476,-739.1390274156987,1874.939292908073,0.0,ew3|t4|mm5
2026-01,4572,2,613,468722.4881339317,242578.9611680201,2.570867130113985,0.6916624212795277,-1347.2047236938236,8435.144402918228,8440.012844918228,-1342.3362816938236,86370.00184256725,0.00028366141732283465,ew3|t4|mm5
2026-02,8258,7,928,1251662.5647712236,621860.2866099665,1.1810170817753096,2.035241071665657,30089.745906165623,14864.88021367259,14864.88021367259,30089.745906165623,244769.0136219359,0.0,ew3|t4|mm5
2026-03,3141,9,403,626007.8940662455,305649.288408747,2.065246182026937,0.7184876466438408,1656.9135355163562,8886.092125138885,9485.924953147021,2257.1228202424704,110267.64419226575,0.11498393597316012,ew3|t4|mm5
2026-04,10046,9,1319,1894112.4258856159,889818.7210636525,1.7621301087221743,2.1164763531018584,26432.809223770502,24746.454467164403,35766.11639758418,37455.97707720648,367438.92844786606,0.6056216319996748,ew3|t4|mm5
2026-05,17917,13,1337,2111598.4494398865,927883.748583421,1.793041020162531,2.5654690740836674,66477.08417448812,43440.06056246017,55295.07819294843,78332.10180497638,395167.25434960873,0.600633374293293,ew3|t4|mm5
2026-06,15037,29,1224,2361017.1445507063,1070331.402897091,1.2410986718826627,1.8643634844139574,59471.67107606804,24400.842439082156,37084.072046968984,72160.73566458731,422968.8196173088,0.5971071811183964,ew3|t4|mm5
2026-07,17931,39,1360,2854677.438015056,1285077.142072497,1.0993886955349836,1.738021269319098,68607.8583828755,19462.609690903482,43618.133642135115,92784.52907513459,530578.9674591003,0.895811920648942,ew3|t4|mm5
2026-08,16085,59,1150,2591241.263309655,1179117.2880953732,0.7540181829055543,0.27601237836683973,52820.115217262166,17319.310330092023,40608.36281919712,76138.19162578463,466361.5281704492,0.9957280643537073,ew3|t4|mm5
2025-12,68,1,14,12373.484544614035,7041.256878029734,1.7908899579411774,2.6872456110294123,-739.1390274156987,311.82628569516476,311.82628569516476,-739.1390274156987,1874.939292908073,0.0,ew3|t4|mm10
2026-01,3922,1,585,368125.4491025971,190119.58979595685,2.485886192765849,1.136522414645589,2996.2817892716957,5599.204079180737,5603.997551180736,3001.0752612716956,66242.08300814517,0.0001395206527281999,ew3|t4|mm10
2026-02,8258,7,928,1251662.5647712236,621860.2866099665,1.1810170817753096,2.035241071665657,30089.745906165623,14864.88021367259,14864.88021367259,30089.745906165623,244769.0136219359,0.0,ew3|t4|mm10
2026-03,3141,9,403,626007.8940662455,305649.288408747,2.065246182026937,0.7184876466438408,1656.9135355163562,8886.092125138885,9485.924953147021,2257.1228202424704,110267.64419226575,0.11498393597316012,ew3|t4|mm10
2026-04,10046,9,1319,1894112.4258856159,889818.7210636525,1.7621301087221743,2.1164763531018584,26432.809223770502,24746.454467164403,35766.11639758418,37455.97707720648,367438.92844786606,0.6056216319996748,ew3|t4|mm10
2026-05,17862,12,1334,2107242.859687886,924996.2615164253,1.7881632722296432,2.5532364860122545,66378.44792337755,43232.9286937978,55066.46931839232,78211.98854797207,394451.3541531506,0.6005865734967593,ew3|t4|mm10
2026-06,15013,28,1224,2258697.604550706,1068839.06014709,1.2418365607397226,1.864848769051368,59547.32241502481,24386.013088008927,37068.477446969984,72232.5384145883,422840.53331878304,0.5979876652195977,ew3|t4|mm10
2026-07,17931,39,1360,2854677.438015056,1285077.142072497,1.0993886955349836,1.738021269319098,68607.8583828755,19462.609690903482,43618.133642135115,92784.52907513459,530578.9674591003,0.895811920648942,ew3|t4|mm10
2026-08,16085,59,1150,2591241.263309655,1179117.2880953732,0.7540181829055543,0.27601237836683973,52820.115217262166,17319.310330092023,40608.36281919712,76138.19162578463,466361.5281704492,0.9957280643537073,ew3|t4|mm10
2025-12,68,1,14,12373.484544614035,7041.256878029734,1.7908899579411774,2.6872456110294123,-739.1390274156987,311.82628569516476,311.82628569516476,-739.1390274156987,1874.939292908073,0.0,ew3|t4|mm20
2026-01,3922,1,585,368125.4491025971,190119.58979595685,2.485886192765849,1.136522414645589,2996.2817892716957,5599.204079180737,5603.997551180736,3001.0752612716956,66242.08300814517,0.0001395206527281999,ew3|t4|mm20
2026-02,8258,7,928,1251662.5647712236,621860.2866099665,1.1810170817753096,2.035241071665657,30089.745906165623,14864.88021367259,14864.88021367259,30089.745906165623,244769.0136219359,0.0,ew3|t4|mm20
2026-03,3132,8,403,577505.2940662456,304789.4354387399,2.062945550522017,0.710225707218488,1676.4565055234693,8867.321745145997,9467.154573154134,2276.6657902495836,110193.43153271191,0.1153143495822784,ew3|t4|mm20
2026-04,10028,8,1319,1890473.8833456158,886346.2667115424,1.760291038011261,2.1135890519635137,26271.27069819318,24638.91264307544,35655.016479411046,37289.88888931662,367287.273037448,0.6065188444216079,ew3|t4|mm20
2026-05,17856,11,1334,2105878.8696878864,923676.1269164279,1.7881195522798705,2.553214632061737,66335.84227111125,43198.6619415315,55030.95281838972,78168.13314796946,394409.695895274,0.6007624752568117,ew3|t4|mm20
2026-06,14996,26,1224,2250314.8099321825,1060768.8940470743,1.2411823214218334,1.8641233839144127,59243.46086035404,24165.04907272179,36839.414814647374,71919.90989608045,422548.30119088065,0.5985821891437365,ew3|t4|mm20
2026-07,17510,29,1359,2815306.0184167186,1260387.0372724826,1.0375945011032743,1.6185018575065508,63302.28590409418,18552.09726156898,42413.09805228143,87180.54178439587,523856.65892034234,0.8951747029168242,ew3|t4|mm20
2026-08,15933,52,1150,2577740.951342489,1171560.5372244006,0.7281841956812022,0.23612877404353938,51234.254402728075,16518.52910101178,39653.10731691516,74397.85653804881,463272.04270641477,0.9950225776498014,ew3|t4|mm20
2025-12,68,1,14,12373.484544614035,7041.256878029734,1.7908899579411774,2.6872456110294123,-739.1390274156987,311.82628569516476,311.82628569516476,-739.1390274156987,1874.939292908073,0.0,ew3|t5|mm5
2026-01,3922,1,585,368125.4491025971,190119.58979595685,2.485886192765849,1.136522414645589,2996.2817892716957,5599.204079180737,5603.997551180736,3001.0752612716956,66242.08300814517,0.0001395206527281999,ew3|t5|mm5
2026-02,4499,4,827,853117.5467654621,441555.58648216294,1.6902447884061527,2.6618481139484214,20228.25567141636,10332.54650891295,10332.54650891295,20228.25567141636,166983.72149364033,0.0,ew3|t5|mm5
2026-03,3095,7,402,558148.3918030593,295920.8273835096,2.067192064111043,0.6630351138787473,-164.42960052063682,8680.422145696692,9254.740717291614,410.26542779226276,106234.20436301302,0.11405098324564694,ew3|t5|mm5
2026-04,9989,7,1319,1877212.361232221,881124.3834010898,1.764506716336308,2.144484010371068,25852.28354830096,24641.649405746026,35570.770587966595,36783.91908530937,364387.85123361356,0.6064542699683056,ew3|t5|mm5
2026-05,17729,11,1327,2005621.8003041598,885825.5690993839,1.7972868244300226,2.564790438024416,71850.58552287656,43615.1424206693,54871.93844061177,83107.38154281903,375226.53399808245,0.6004956782494855,ew3|t5|mm5
2026-06,12978,20,1213,1964271.8019808624,968477.6059199283,1.4254135767884732,2.1850764786730363,51774.166561079684,24727.941752115126,35820.60574577893,62868.86152007592,369823.1652998747,0.5943724692311094,ew3|t5|mm5
2026-07,17357,27,1357,2644578.736587191,1212497.7257190265,1.1100236057050312,1.7545639917586602,68826.52553129484,18362.800365526735,40669.02215472044,91149.8594889417,490575.84925368015,0.8981839623562098,ew3|t5|mm5
2026-08,11817,43,1130,2402361.331227127,1077098.5788724725,1.1271503665205111,0.8219550817678731,50942.77628121479,17687.361814990953,39165.83351895678,72448.33489757456,430111.1723271953,0.9963396766953576,ew3|t5|mm5
2025-12,68,1,14,12373.484544614035,7041.256878029734,1.7908899579411774,2.6872456110294123,-739.1390274156987,311.82628569516476,311.82628569516476,-739.1390274156987,1874.939292908073,0.0,ew3|t5|mm10
2026-01,3922,1,585,368125.4491025971,190119.58979595685,2.485886192765849,1.136522414645589,2996.2817892716957,5599.204079180737,5603.997551180736,3001.0752612716956,66242.08300814517,0.0001395206527281999,ew3|t5|mm10
2026-02,4499,4,827,853117.5467654621,441555.58648216294,1.6902447884061527,2.6618481139484214,20228.25567141636,10332.54650891295,10332.54650891295,20228.25567141636,166983.72149364033,0.0,ew3|t5|mm10
2026-03,3095,7,402,558148.3918030593,295920.8273835096,2.067192064111043,0.6630351138787473,-164.42960052063682,8680.422145696692,9254.740717291614,410.26542779226276,106234.20436301302,0.11405098324564694,ew3|t5|mm10
2026-04,9989,7,1319,1877212.361232221,881124.3834010898,1.764506716336308,2.144484010371068,25852.28354830096,24641.649405746026,35570.770587966595,36783.91908530937,364387.85123361356,0.6064542699683056,ew3|t5|mm10
2026-05,17729,11,1327,2005621.8003041598,885825.5690993839,1.7972868244300226,2.564790438024416,71850.58552287656,43615.1424206693,54871.93844061177,83107.38154281903,375226.53399808245,0.6004956782494855,ew3|t5|mm10
2026-06,12978,20,1213,1964271.8019808624,968477.6059199283,1.4254135767884732,2.1850764786730363,51774.166561079684,24727.941752115126,35820.60574577893,62868.86152007592,369823.1652998747,0.5943724692311094,ew3|t5|mm10
2026-07,17357,27,1357,2644578.736587191,1212497.7257190265,1.1100236057050312,1.7545639917586602,68826.52553129484,18362.800365526735,40669.02215472044,91149.8594889417,490575.84925368015,0.8981839623562098,ew3|t5|mm10
2026-08,11817,43,1130,2402361.331227127,1077098.5788724725,1.1271503665205111,0.8219550817678731,50942.77628121479,17687.361814990953,39165.83351895678,72448.33489757456,430111.1723271953,0.9963396766953576,ew3|t5|mm10
2025-12,68,1,14,12373.484544614035,7041.256878029734,1.7908899579411774,2.6872456110294123,-739.1390274156987,311.82628569516476,311.82628569516476,-739.1390274156987,1874.939292908073,0.0,ew3|t5|mm20
2026-01,3922,1,585,368125.4491025971,190119.58979595685,2.485886192765849,1.136522414645589,2996.2817892716957,5599.204079180737,5603.997551180736,3001.0752612716956,66242.08300814517,0.0001395206527281999,ew3|t5|mm20
2026-02,4499,4,827,853117.5467654621,441555.58648216294,1.6902447884061527,2.6618481139484214,20228.25567141636,10332.54650891295,10332.54650891295,20228.25567141636,166983.72149364033,0.0,ew3|t5|mm20
2026-03,3095,7,402,558148.3918030593,295920.8273835096,2.067192064111043,0.6630351138787473,-164.42960052063682,8680.422145696692,9254.740717291614,410.26542779226276,106234.20436301302,0.11405098324564694,ew3|t5|mm20
2026-04,9989,7,1319,1877212.361232221,881124.3834010898,1.764506716336308,2.144484010371068,25852.28354830096,24641.649405746026,35570.770587966595,36783.91908530937,364387.85123361356,0.6064542699683056,ew3|t5|mm20
2026-05,17723,10,1327,2004257.8103041598,884505.4344993865,1.79724586510542,2.5647723315848534,71807.97987061024,43580.875668402994,54836.421940609165,83063.52614281642,375184.8757402059,0.6006728692699679,ew3|t5|mm20
2026-06,12973,19,1213,1964021.8019808624,968231.0979199283,1.425750460623198,2.1853961904988717,51770.77768064129,24727.986302115125,35820.60574577893,62865.369520075925,369819.72798115463,0.5945856522437477,ew3|t5|mm20
2026-07,17102,22,1356,2614697.706571262,1193315.7817699395,1.0561927056325617,1.6972593245406897,66800.60200587564,17215.010945128855,39289.97783713445,88891.36944144612,485537.1188776659,0.8971530590230666,ew3|t5|mm20
2026-08,11681,37,1130,2387655.341557027,1069489.1441934714,1.0988168235132383,0.8144623616564973,48279.61352378438,17108.499330802777,38430.52388010017,69628.72498547571,426982.2292338265,0.9951666500068875,ew3|t5|mm20
2025-12,71,2,14,12536.494704140709,7106.389878033334,1.969006152816902,2.0810087390140852,-771.2618678926253,317.4733439389713,317.4733439389713,-771.2618678926253,1901.3989448276413,0.0,ew3|top10|mm5
2026-01,5100,4,626,561463.941178211,283277.4922201707,2.499663064168959,0.7747117329509804,1971.6140184858862,9963.897406003796,9968.765848003797,1976.4824604858861,104112.57701424893,0.00025429411764705883,ew3|top10|mm5
2026-02,8611,9,932,1301574.9035640303,648215.7166249712,1.1853769583709697,1.9782246990903811,32632.44254024553,14977.757405919145,14977.757405919145,32632.44254024553,253753.0217212058,0.0,ew3|top10|mm5
2026-03,3141,9,403,626007.8940662455,305649.288408747,2.065246182026937,0.7184876466438408,1656.9135355163562,8886.092125138885,9485.924953147021,2257.1228202424704,110267.64419226575,0.11498393597316012,ew3|top10|mm5
2026-04,9989,7,1319,1877212.361232221,881124.3834010898,1.764506716336308,2.144484010371068,25852.28354830096,24641.649405746026,35570.770587966595,36783.91908530937,364387.85123361356,0.6064542699683056,ew3|top10|mm5
2026-05,17428,8,1325,1976608.671670751,873715.6259383128,1.809889814540277,2.7000108696782736,74732.73453141519,43649.46574372221,54730.456419570786,85813.72520726376,369366.3558616192,0.6003138887971682,ew3|top10|mm5
2026-06,10358,7,1185,1568138.578075808,776609.4850447916,1.4079225585675919,1.9347482952867305,45597.66708208282,20243.94883442004,29144.312755936982,54499.91959905095,296741.75056560425,0.592111135033795,ew3|top10|mm5
2026-07,13706,8,1325,2082114.3309732166,946264.9630993285,1.1336777486004348,1.9919440053416972,56838.44551925523,18037.720397151057,35614.123192034895,74430.25103059963,388571.4169920665,0.8926447711725026,ew3|top10|mm5
2026-08,9100,9,1110,1637532.2479857518,741364.1600673485,1.1338612168430064,1.2380971358088873,54843.30095758993,18955.891664593935,33708.10816195221,69612.88185846512,295391.6180175037,0.9929416031482556,ew3|top10|mm5
2025-12,71,2,14,12536.494704140709,7106.389878033334,1.969006152816902,2.0810087390140852,-771.2618678926253,317.4733439389713,317.4733439389713,-771.2618678926253,1901.3989448276413,0.0,ew3|top10|mm10
2026-01,4442,3,606,462475.9996533379,231911.71725510294,2.406436185197428,1.0927938217244484,5110.3164994559165,7006.979750851305,7011.773222851305,5115.109971455916,84336.41114961459,0.00012318775326429537,ew3|top10|mm10
2026-02,8611,9,932,1301574.9035640303,648215.7166249712,1.1853769583709697,1.9782246990903811,32632.44254024553,14977.757405919145,14977.757405919145,32632.44254024553,253753.0217212058,0.0,ew3|top10|mm10
2026-03,3141,9,403,626007.8940662455,305649.288408747,2.065246182026937,0.7184876466438408,1656.9135355163562,8886.092125138885,9485.924953147021,2257.1228202424704,110267.64419226575,0.11498393597316012,ew3|top10|mm10
2026-04,10007,8,1319,1880850.903772221,884596.8377532,1.7663466358206286,2.1473269920823173,26013.82207387828,24749.19122983499,35681.87050613973,36950.007273199226,364539.5066440316,0.6055536770183125,ew3|top10|mm10
2026-05,17428,8,1325,1976608.671670751,873715.6259383128,1.809889814540277,2.7000108696782736,74732.73453141519,43649.46574372221,54730.456419570786,85813.72520726376,369366.3558616192,0.6003138887971682,ew3|top10|mm10
2026-06,10358,7,1185,1568138.578075808,776609.4850447916,1.4079225585675919,1.9347482952867305,45597.66708208282,20243.94883442004,29144.312755936982,54499.91959905095,296741.75056560425,0.592111135033795,ew3|top10|mm10
2026-07,13706,8,1325,2082114.3309732166,946264.9630993285,1.1336777486004348,1.9919440053416972,56838.44551925523,18037.720397151057,35614.123192034895,74430.25103059963,388571.4169920665,0.8926447711725026,ew3|top10|mm10
2026-08,9100,9,1110,1637532.2479857518,741364.1600673485,1.1338612168430064,1.2380971358088873,54843.30095758993,18955.891664593935,33708.10816195221,69612.88185846512,295391.6180175037,0.9929416031482556,ew3|top10|mm10
2025-12,71,2,14,12536.494704140709,7106.389878033334,1.969006152816902,2.0810087390140852,-771.2618678926253,317.4733439389713,317.4733439389713,-771.2618678926253,1901.3989448276413,0.0,ew3|top10|mm20
2026-01,4442,3,606,462475.9996533379,231911.71725510294,2.406436185197428,1.0927938217244484,5110.3164994559165,7006.979750851305,7011.773222851305,5115.109971455916,84336.41114961459,0.00012318775326429537,ew3|top10|mm20
2026-02,8611,9,932,1301574.9035640303,648215.7166249712,1.1853769583709697,1.9782246990903811,32632.44254024553,14977.757405919145,14977.757405919145,32632.44254024553,253753.0217212058,0.0,ew3|top10|mm20
2026-03,3235,9,403,578881.3297902455,305482.1560141592,2.0252845005347986,0.5224142024353337,1664.9556986340476,8914.361293041828,9515.318634520045,2266.289496830242,110512.4975411857,0.11232832856002965,ew3|top10|mm20
2026-04,10028,8,1319,1890473.8833456158,886346.2667115424,1.760291038011261,2.1135890519635137,26271.27069819318,24638.91264307544,35655.016479411046,37289.88888931662,367287.273037448,0.6065188444216079,ew3|top10|mm20
2026-05,17428,8,1325,1976608.671670751,873715.6259383128,1.809889814540277,2.7000108696782736,74732.73453141519,43649.46574372221,54730.456419570786,85813.72520726376,369366.3558616192,0.6003138887971682,ew3|top10|mm20
2026-06,10358,7,1185,1568138.578075808,776609.4850447916,1.4079225585675919,1.9347482952867305,45597.66708208282,20243.94883442004,29144.312755936982,54499.91959905095,296741.75056560425,0.592111135033795,ew3|top10|mm20
2026-07,13706,8,1325,2082114.3309732166,946264.9630993285,1.1336777486004348,1.9919440053416972,56838.44551925523,18037.720397151057,35614.123192034895,74430.25103059963,388571.4169920665,0.8926447711725026,ew3|top10|mm20
2026-08,9100,9,1110,1637532.2479857518,741364.1600673485,1.1338612168430064,1.2380971358088873,54843.30095758993,18955.891664593935,33708.10816195221,69612.88185846512,295391.6180175037,0.9929416031482556,ew3|top10|mm20
2025-12,71,2,14,12536.494704140709,7106.389878033334,1.969006152816902,2.0810087390140852,-771.2618678926253,317.4733439389713,317.4733439389713,-771.2618678926253,1901.3989448276413,0.0,ew3|top25|mm5
2026-01,5100,4,626,561463.941178211,283277.4922201707,2.499663064168959,0.7747117329509804,1971.6140184858862,9963.897406003796,9968.765848003797,1976.4824604858861,104112.57701424893,0.00025429411764705883,ew3|top25|mm5
2026-02,8934,12,939,1306653.0969349886,650488.0608460377,1.171971165185684,1.7571893949759265,33020.93805691707,15034.784093054308,15034.784093054308,33020.93805691707,254831.75619540046,0.0,ew3|top25|mm5
2026-03,5417,19,419,785578.0486583094,384474.9825041151,1.4454691476323442,-0.12232478166414057,-10930.396051060461,10959.485413754594,11861.476590964028,-10027.997741050049,141246.1484125684,0.13236385529345568,ew3|top25|mm5
2026-04,14127,16,1360,2087410.471761805,989390.5890601028,1.413685205663264,1.9150169981797922,19776.63367783986,24937.537757934995,37059.383555910455,31901.98581838636,404178.4046848833,0.605079061422388,ew3|top25|mm5
2026-05,18217,15,1337,2158707.6469854587,948270.4831563734,1.7666993110606943,2.550671213940148,70404.6993708544,44084.74049853503,56231.80180912987,82551.76068144923,404902.0436864946,0.6013379578680534,ew3|top25|mm5
2026-06,12599,18,1209,1957202.13807068,965691.627425913,1.387028128418808,2.210196980585955,50229.72324519602,24291.913530555288,35345.705728172914,61285.46260782643,368524.6454210136,0.5930697707252607,ew3|top25|mm5
2026-07,16441,18,1354,2550532.45877637,1164044.1173757208,1.109228973948236,1.730371150971934,68110.46725926171,18179.451372213967,39639.66725800143,89587.17462608407,471814.7070911032,0.8931316488900101,ew3|top25|mm5
2026-08,10707,21,1125,2095825.5890782003,963311.2258181481,1.0794630607806883,1.1344993387112252,56809.75735044278,18547.913477120943,37444.65477470284,75727.97751551862,378364.40330151666,0.9907748177835913,ew3|top25|mm5
2025-12,71,2,14,12536.494704140709,7106.389878033334,1.969006152816902,2.0810087390140852,-771.2618678926253,317.4733439389713,317.4733439389713,-771.2618678926253,1901.3989448276413,0.0,ew3|top25|mm10
2026-01,4442,3,606,462475.9996533379,231911.71725510294,2.406436185197428,1.0927938217244484,5110.3164994559165,7006.979750851305,7011.773222851305,5115.109971455916,84336.41114961459,0.00012318775326429537,ew3|top25|mm10
2026-02,8933,11,939,1306501.4369349885,650338.2674460302,1.171971165185684,1.7572483434669655,33019.071456924525,15034.784093054308,15034.784093054308,33019.071456924525,254829.91256913554,0.0,ew3|top25|mm10
2026-03,5414,18,419,785155.7886583094,384061.714804114,1.4453292383328138,-0.12365980215453445,-10939.388351059395,10955.085413754594,11857.076590964029,-10036.990041048983,141237.39667264535,0.13243720061408376,ew3|top25|mm10
2026-04,14128,17,1361,2088240.6478900544,989642.6690601172,1.4135851658065024,1.9126872987403918,19519.28757342707,24937.54624555886,37064.658147932714,31649.90581837196,404353.94149816304,0.6050811322562107,ew3|top25|mm10
2026-05,18179,15,1334,2160170.4484579,951050.3053393745,1.761218085697046,2.5327875041048244,70429.78498569377,43982.0807226691,56112.05513586439,82559.75939888906,404332.480439843,0.6007936341910115,ew3|top25|mm10
2026-06,12640,19,1210,1959402.94657168,967072.4206709281,1.3966544403656422,2.18593794906438,51905.650828625076,24615.458330121426,35683.73356297523,62975.95702681131,369010.2066062079,0.5932718563185314,ew3|top25|mm10
2026-07,16441,18,1354,2550532.45877637,1164044.1173757208,1.109228973948236,1.730371150971934,68110.46725926171,18179.451372213967,39639.66725800143,89587.17462608407,471814.7070911032,0.8931316488900101,ew3|top25|mm10
2026-08,10707,21,1125,2095825.5890782003,963311.2258181481,1.0794630607806883,1.1344993387112252,56809.75735044278,18547.913477120943,37444.65477470284,75727.97751551862,378364.40330151666,0.9907748177835913,ew3|top25|mm10
2025-12,71,2,14,12536.494704140709,7106.389878033334,1.969006152816902,2.0810087390140852,-771.2618678926253,317.4733439389713,317.4733439389713,-771.2618678926253,1901.3989448276413,0.0,ew3|top25|mm20
2026-01,4442,3,606,462475.9996533379,231911.71725510294,2.406436185197428,1.0927938217244484,5110.3164994559165,7006.979750851305,7011.773222851305,5115.109971455916,84336.41114961459,0.00012318775326429537,ew3|top25|mm20
2026-02,8612,10,932,1302022.2886991655,648381.2491249712,1.1854146700494645,1.9736970855813682,32466.91004024553,14984.510217911313,14984.510217911313,32466.91004024553,253857.3071962058,0.0,ew3|top25|mm20
2026-03,5365,14,419,724161.4367802863,377117.79132192134,1.4472175338632887,-0.14490524333506932,-10777.247373192156,10914.4311914749,11786.60975309736,-9904.661678768716,138532.44893009728,0.1313319775046872,ew3|top25|mm20
2026-04,14076,14,1361,2073397.705872438,980353.826011139,1.410798191467007,1.925466353756106,19530.235556395062,24282.714223514457,36335.57325978431,31585.60936700757,401845.7936870837,0.6057331505590404,ew3|top25|mm20
2026-05,18823,15,1342,2171165.3773718853,951709.1076103249,1.6949377736224385,2.4337002636072977,69297.59676821045,43717.32883801129,55949.30940508697,81529.57733528613,407732.68556918926,0.6022512353461105,ew3|top25|mm20
2026-06,12973,19,1213,1964021.8019808624,968231.0979199283,1.425750460623198,2.1853961904988717,51770.77768064129,24727.986302115125,35820.60574577893,62865.369520075925,369819.72798115463,0.5945856522437477,ew3|top25|mm20
2026-07,16576,18,1355,2599842.224251358,1186862.314196845,1.078392650735942,1.7104687345708616,69054.47521083735,17236.524489080133,39139.77658393296,90973.52784925506,481972.28872079746,0.8927015184140217,ew3|top25|mm20
2026-08,10707,21,1125,2095825.5890782003,963311.2258181481,1.0794630607806883,1.1344993387112252,56809.75735044278,18547.913477120943,37444.65477470284,75727.97751551862,378364.40330151666,0.9907748177835913,ew3|top25|mm20
2025-12,71,2,14,12536.494704140709,7106.389878033334,1.969006152816902,2.0810087390140852,-771.2618678926253,317.4733439389713,317.4733439389713,-771.2618678926253,1901.3989448276413,0.0,ew3|top50|mm5
2026-01,5100,4,626,561463.941178211,283277.4922201707,2.499663064168959,0.7747117329509804,1971.6140184858862,9963.897406003796,9968.765848003797,1976.4824604858861,104112.57701424893,0.00025429411764705883,ew3|top50|mm5
2026-02,8934,12,939,1306653.0969349886,650488.0608460377,1.171971165185684,1.7571893949759265,33020.93805691707,15034.784093054308,15034.784093054308,33020.93805691707,254831.75619540046,0.0,ew3|top50|mm5
2026-03,5417,19,419,785578.0486583094,384474.9825041151,1.4454691476323442,-0.12232478166414057,-10930.396051060461,10959.485413754594,11861.476590964028,-10027.997741050049,141246.1484125684,0.13236385529345568,ew3|top50|mm5
2026-04,14171,19,1362,2108681.9078440904,1009323.7955612999,1.412975963603883,1.8831348816729079,19974.353266320853,25234.837371935617,37375.46133222167,32119.93855673588,404852.8430138343,0.6039944095055553,ew3|top50|mm5
2026-05,36343,33,1415,2981141.907759695,1171877.4613674087,0.7924803511607058,1.0816940725715691,52096.710825169954,42372.806410666286,56930.933590629684,66654.83800513335,485270.90599878,0.6107157600066442,ew3|top50|mm5
2026-06,15217,34,1226,2398260.095855822,1080761.2491631513,1.2649132251418809,1.7705731729932876,48426.656920835565,25191.643142594105,38038.85215451855,61279.700913392444,428434.79975189595,0.5979410161694911,ew3|top50|mm5
2026-07,17789,35,1360,2837715.9203884313,1276506.7830433545,1.0918220844580524,1.7161343400278373,67591.35620881323,19399.95715823591,43405.145566934065,91615.24835494408,526809.8842946542,0.8954598958071361,ew3|top50|mm5
2026-08,11557,38,1129,2310673.225675916,1042541.4267847412,1.0970046271294729,0.8094887029884492,51981.23407483271,18497.48885874495,39255.11450879688,72765.94189487859,415694.1564009174,0.9964640888087297,ew3|top50|mm5
2025-12,71,2,14,12536.494704140709,7106.389878033334,1.969006152816902,2.0810087390140852,-771.2618678926253,317.4733439389713,317.4733439389713,-771.2618678926253,1901.3989448276413,0.0,ew3|top50|mm10
2026-01,4442,3,606,462475.9996533379,231911.71725510294,2.406436185197428,1.0927938217244484,5110.3164994559165,7006.979750851305,7011.773222851305,5115.109971455916,84336.41114961459,0.00012318775326429537,ew3|top50|mm10
2026-02,8933,11,939,1306501.4369349885,650338.2674460302,1.171971165185684,1.7572483434669655,33019.071456924525,15034.784093054308,15034.784093054308,33019.071456924525,254829.91256913554,0.0,ew3|top50|mm10
2026-03,5414,18,419,785155.7886583094,384061.714804114,1.4453292383328138,-0.12365980215453445,-10939.388351059395,10955.085413754594,11857.076590964029,-10036.990041048983,141237.39667264535,0.13243720061408376,ew3|top50|mm10
2026-04,14128,17,1361,2088240.6478900544,989642.6690601172,1.4135851658065024,1.9126872987403918,19519.28757342707,24937.54624555886,37064.658147932714,31649.90581837196,404353.94149816304,0.6050811322562107,ew3|top50|mm10
2026-05,36259,31,1414,2982596.7372958767,1171190.1523873564,0.7917260705324567,1.0748965526773038,49741.59692123989,42045.46425416801,56620.598679113915,64316.73134618579,485837.81416486343,0.6106982941317647,ew3|top50|mm10
2026-06,22528,34,1248,2377629.724355443,1134023.1769363033,0.6968899818930292,1.279843111129469,51086.84172689065,24431.684671155992,37816.44338106296,64474.35207740006,446250.34501698025,0.6037042640503076,ew3|top50|mm10
2026-07,17836,36,1360,2840878.2710047434,1278314.7139493895,1.0980664987500097,1.7279356369154601,67937.29274950529,19353.35681255221,43380.298215265364,91983.92634722152,527457.8272546119,0.8955352053581502,ew3|top50|mm10
2026-08,11585,39,1129,2313846.552733916,1044056.610482727,1.101244799902592,0.7894389454824282,52484.90822017899,18583.243925632753,39373.07649435261,73301.8229588928,416338.2947742759,0.9966352844683701,ew3|top50|mm10
2025-12,71,2,14,12536.494704140709,7106.389878033334,1.969006152816902,2.0810087390140852,-771.2618678926253,317.4733439389713,317.4733439389713,-771.2618678926253,1901.3989448276413,0.0,ew3|top50|mm20
2026-01,4442,3,606,462475.9996533379,231911.71725510294,2.406436185197428,1.0927938217244484,5110.3164994559165,7006.979750851305,7011.773222851305,5115.109971455916,84336.41114961459,0.00012318775326429537,ew3|top50|mm20
2026-02,8612,10,932,1302022.2886991655,648381.2491249712,1.1854146700494645,1.9736970855813682,32466.91004024553,14984.510217911313,14984.510217911313,32466.91004024553,253857.3071962058,0.0,ew3|top50|mm20
2026-03,5365,14,419,724161.4367802863,377117.79132192134,1.4472175338632887,-0.14490524333506932,-10777.247373192156,10914.4311914749,11786.60975309736,-9904.661678768716,138532.44893009728,0.1313319775046872,ew3|top50|mm20
2026-04,14076,14,1361,2073397.705872438,980353.826011139,1.410798191467007,1.925466353756106,19530.235556395062,24282.714223514457,36335.57325978431,31585.60936700757,401845.7936870837,0.6057331505590404,ew3|top50|mm20
2026-05,36246,27,1415,2969232.3794693574,1162861.9794253667,0.7893936210700571,1.0796049371063097,50037.58473835429,41794.718321991284,56326.267662400714,64569.134078763724,484384.9780136477,0.6110373963605559,ew3|top50|mm20
2026-06,22939,35,1249,2387434.5827494194,1134227.4973863047,0.6779894406737824,1.2248354351794897,50637.104590878575,24133.873230920653,37615.1278499945,64120.12968776199,449444.59709582257,0.6046209326201415,ew3|top50|mm20
2026-07,26236,35,1398,3063126.4518916076,1398075.999547319,0.48120475312153477,0.7329425177400771,55360.62340348665,15467.875298706693,41870.8741041206,81779.5000578488,579635.5332045306,0.9145302092908637,ew3|top50|mm20
2026-08,11889,40,1132,2401309.7937613986,1076620.5984474164,1.0830728793622626,0.6602867347190929,50228.22687247897,17705.489457404572,39155.397999002416,71705.22232647076,429539.90907983563,0.9964501431327026,ew3|top50|mm20
2025-12,71,2,14,12536.494704140709,7106.389878033334,1.969006152816902,2.0810087390140852,-771.2618678926253,317.4733439389713,317.4733439389713,-771.2618678926253,1901.3989448276413,0.0,ew3|tnet2|mm5
2026-01,5100,4,626,561463.941178211,283277.4922201707,2.499663064168959,0.7747117329509804,1971.6140184858862,9963.897406003796,9968.765848003797,1976.4824604858861,104112.57701424893,0.00025429411764705883,ew3|tnet2|mm5
2026-02,8934,12,939,1306653.0969349886,650488.0608460377,1.171971165185684,1.7571893949759265,33020.93805691707,15034.784093054308,15034.784093054308,33020.93805691707,254831.75619540046,0.0,ew3|tnet2|mm5
2026-03,5417,19,419,785578.0486583094,384474.9825041151,1.4454691476323442,-0.12232478166414057,-10930.396051060461,10959.485413754594,11861.476590964028,-10027.997741050049,141246.1484125684,0.13236385529345568,ew3|tnet2|mm5
2026-04,10083,10,1319,1902054.258177118,893649.3372242956,1.7611752986141376,2.0584825105147577,24649.281445538447,24826.13882594248,35899.34306510256,35725.991607714735,369223.6720725431,0.6056474761290985,ew3|tnet2|mm5
2026-05,19104,23,1347,2513176.639934493,932912.6916433035,1.6930937953204466,2.4444586522027754,75543.05264930765,44891.04676798691,56704.53753601389,87356.54341733463,393783.0256008994,0.6004315042843479,ew3|tnet2|mm5
2026-06,15233,39,1228,2397547.581058861,1081432.892039181,1.266997001062681,1.7865429578612808,48682.4691024875,25263.917438038552,38054.34698729521,61479.32122080893,426572.16447709023,0.5963267295304622,ew3|tnet2|mm5
2026-07,19021,52,1364,2949659.4064358063,1328668.6724611027,1.0712572565645724,1.7455487421422036,87488.48281221115,20578.72055700779,45643.5571737741,112573.26334460049,548884.7036505414,0.8968912973137838,ew3|tnet2|mm5
2026-08,12649,61,1132,2384394.6445453814,1086855.7603538341,1.1888786166984597,0.6734981434525291,46858.26009917933,20125.195543413673,41556.46236922812,68316.4686340217,429164.1706968472,0.9980372280068748,ew3|tnet2|mm5
2025-12,71,2,14,12536.494704140709,7106.389878033334,1.969006152816902,2.0810087390140852,-771.2618678926253,317.4733439389713,317.4733439389713,-771.2618678926253,1901.3989448276413,0.0,ew3|tnet2|mm10
2026-01,4442,3,606,462475.9996533379,231911.71725510294,2.406436185197428,1.0927938217244484,5110.3164994559165,7006.979750851305,7011.773222851305,5115.109971455916,84336.41114961459,0.00012318775326429537,ew3|tnet2|mm10
2026-02,8933,11,939,1306501.4369349885,650338.2674460302,1.171971165185684,1.7572483434669655,33019.071456924525,15034.784093054308,15034.784093054308,33019.071456924525,254829.91256913554,0.0,ew3|tnet2|mm10
2026-03,5414,18,419,785155.7886583094,384061.714804114,1.4453292383328138,-0.12365980215453445,-10939.388351059395,10955.085413754594,11857.076590964029,-10036.990041048983,141237.39667264535,0.13243720061408376,ew3|tnet2|mm10
2026-04,10083,10,1319,1902054.258177118,893649.3372242956,1.7611752986141376,2.0584825105147577,24649.281445538447,24826.13882594248,35899.34306510256,35725.991607714735,369223.6720725431,0.6056474761290985,ew3|tnet2|mm10
2026-05,19040,21,1343,2508689.0501824934,929955.4045763077,1.6875266427760314,2.434229296453552,75444.17210219709,44679.245603857744,56470.30366199098,87235.23016033032,393035.2686044412,0.6003353816404604,ew3|tnet2|mm10
2026-06,15186,35,1228,2291810.2217866755,1077700.3014921776,1.2703985291955315,1.800122426225311,48890.464203721334,25278.298005678706,38062.52438114407,61677.99713822147,426261.5250163803,0.59749061689709,ew3|tnet2|mm10
2026-07,18938,47,1364,2939790.790019228,1323753.7650810867,1.066746258731088,1.7250219380259015,84702.28832408022,20448.64957181861,45421.59173487543,109695.0121212809,546841.5329085046,0.8972020741443374,ew3|tnet2|mm10
2026-08,12625,56,1132,2381477.7091970276,1084881.2992508076,1.192681813149473,0.7417982926247444,48567.26850789979,20202.740148063167,41604.202993888845,69995.10044804827,428556.6388029694,0.9982402284984238,ew3|tnet2|mm10
2025-12,71,2,14,12536.494704140709,7106.389878033334,1.969006152816902,2.0810087390140852,-771.2618678926253,317.4733439389713,317.4733439389713,-771.2618678926253,1901.3989448276413,0.0,ew3|tnet2|mm20
2026-01,4442,3,606,462475.9996533379,231911.71725510294,2.406436185197428,1.0927938217244484,5110.3164994559165,7006.979750851305,7011.773222851305,5115.109971455916,84336.41114961459,0.00012318775326429537,ew3|tnet2|mm20
2026-02,8612,10,932,1302022.2886991655,648381.2491249712,1.1854146700494645,1.9736970855813682,32466.91004024553,14984.510217911313,14984.510217911313,32466.91004024553,253857.3071962058,0.0,ew3|tnet2|mm20
2026-03,5365,14,419,724161.4367802863,377117.79132192134,1.4472175338632887,-0.14490524333506932,-10777.247373192156,10914.4311914749,11786.60975309736,-9904.661678768716,138532.44893009728,0.1313319775046872,ew3|tnet2|mm20
2026-04,10028,8,1319,1890473.8833456158,886346.2667115424,1.760291038011261,2.1135890519635137,26271.27069819318,24638.91264307544,35655.016479411046,37289.88888931662,367287.273037448,0.6065188444216079,ew3|tnet2|mm20
2026-05,19007,16,1342,2492764.345511974,920751.9711033199,1.6852137389286,2.4327926039178145,75625.3412824371,44411.23089022151,56143.91301169094,87358.02340390654,391089.40404898085,0.600933246800342,ew3|tnet2|mm20
2026-06,15145,31,1227,2281233.067168152,1067859.8341921712,1.2688994256987491,1.7948535951220548,48480.56645051434,25048.94675610923,37823.48964748988,61256.87981970456,425887.53950604936,0.5985891925112029,ew3|tnet2|mm20
2026-07,18289,31,1362,2818246.1638605823,1262273.2478074997,0.9974442441698208,1.530016138229949,62438.09168750191,18489.056328353723,42373.43521986623,86339.5975089111,523960.1928076432,0.8969672091253249,ew3|tnet2|mm20
2026-08,12453,48,1133,2365108.526048432,1076918.2371778362,1.1589312260627087,0.7150336778453165,46019.63501540172,19389.436404547243,40606.37005784115,67262.93776301843,424866.054952334,0.9970632918262488,ew3|tnet2|mm20
2025-12,71,2,14,12536.494704140709,7106.389878033334,1.969006152816902,2.0810087390140852,-771.2618678926253,317.4733439389713,317.4733439389713,-771.2618678926253,1901.3989448276413,0.0,ew3|tnet3|mm5
2026-01,5100,4,626,561463.941178211,283277.4922201707,2.499663064168959,0.7747117329509804,1971.6140184858862,9963.897406003796,9968.765848003797,1976.4824604858861,104112.57701424893,0.00025429411764705883,ew3|tnet3|mm5
2026-02,8612,10,932,1301726.5635640305,648365.5100249787,1.1853769583709697,1.9781378777024048,32634.30914023807,14977.757405919145,14977.757405919145,32634.30914023807,253754.8653474707,0.0,ew3|tnet3|mm5
2026-03,3281,12,403,629519.8160406607,308676.00282742846,2.0189289543660065,0.6469920987208339,1176.983114869911,8936.453482898298,9547.279848068258,1788.1859367578495,111058.49677620232,0.11364108648794409,ew3|tnet3|mm5
2026-04,10046,9,1319,1894112.4258856159,889818.7210636525,1.7621301087221743,2.1164763531018584,26432.809223770502,24746.454467164403,35766.11639758418,37455.97707720648,367438.92844786606,0.6056216319996748,ew3|tnet3|mm5
2026-05,17802,13,1334,2015811.781280601,894389.3254163763,1.8020485519388927,2.573395999490011,72079.86536793705,43928.548110388896,55211.329516719314,83362.64677426747,376092.7135443473,0.6000405886972716,ew3|tnet3|mm5
2026-06,13445,27,1215,2113463.3951520245,993595.3976510371,1.4074464990534699,2.154711174074192,47210.799071721915,24160.251965668976,35497.73984257589,58554.0520895785,378108.43392855296,0.5955207396602817,ew3|tnet3|mm5
2026-07,17725,38,1357,2676326.748890705,1231844.1517271907,1.1274136359710054,1.7890705324764313,70769.81769037571,18632.188988026257,41162.521017694155,93321.45706276184,495953.47912341956,0.8976029124100698,ew3|tnet3|mm5
2026-08,11090,46,1119,1939800.2407502267,880386.1225110427,1.288933290949023,0.9545382645533663,57378.743681782835,23641.658452272364,40999.63900784749,74758.92007408707,347603.5278460847,0.9981281040985723,ew3|tnet3|mm5
2025-12,71,2,14,12536.494704140709,7106.389878033334,1.969006152816902,2.0810087390140852,-771.2618678926253,317.4733439389713,317.4733439389713,-771.2618678926253,1901.3989448276413,0.0,ew3|tnet3|mm10
2026-01,4442,3,606,462475.9996533379,231911.71725510294,2.406436185197428,1.0927938217244484,5110.3164994559165,7006.979750851305,7011.773222851305,5115.109971455916,84336.41114961459,0.00012318775326429537,ew3|tnet3|mm10
2026-02,8611,9,932,1301574.9035640303,648215.7166249712,1.1853769583709697,1.9782246990903811,32632.44254024553,14977.757405919145,14977.757405919145,32632.44254024553,253753.0217212058,0.0,ew3|tnet3|mm10
2026-03,3277,11,403,628897.5560406607,308064.73512742744,2.0188734791682017,0.6453830483103618,1165.9908148709771,8932.053482898298,9542.879848068258,1777.1936367589155,111047.76503627925,0.11377980005094432,ew3|tnet3|mm10
2026-04,10046,9,1319,1894112.4258856159,889818.7210636525,1.7621301087221743,2.1164763531018584,26432.809223770502,24746.454467164403,35766.11639758418,37455.97707720648,367438.92844786606,0.6056216319996748,ew3|tnet3|mm10
2026-05,17746,12,1328,2011440.1915286009,891492.8783493807,1.7966338290487986,2.558815253900315,71974.30738882649,43719.61451346573,54980.8006419024,83235.49351726317,375372.8709478891,0.5999838030302611,ew3|tnet3|mm10
2026-06,13416,25,1215,2009116.3900864336,990097.3238410352,1.4088445354535164,2.156202043829649,47265.36140483601,24144.577141060905,35480.69582764205,58604.12083398958,377958.64763845253,0.5967136778593793,ew3|tnet3|mm10
2026-07,17723,37,1357,2675718.128890705,1231241.807527196,1.1274802637810128,1.7891585860886658,70763.852436034,18632.413797226258,41162.521017694155,93315.18126275658,495947.26821014885,0.8976982799323494,ew3|tnet3|mm10
2026-08,11090,46,1119,1939800.2407502267,880386.1225110427,1.288933290949023,0.9545382645533663,57378.743681782835,23641.658452272364,40999.63900784749,74758.92007408707,347603.5278460847,0.9981281040985723,ew3|tnet3|mm10
2025-12,71,2,14,12536.494704140709,7106.389878033334,1.969006152816902,2.0810087390140852,-771.2618678926253,317.4733439389713,317.4733439389713,-771.2618678926253,1901.3989448276413,0.0,ew3|tnet3|mm20
2026-01,4442,3,606,462475.9996533379,231911.71725510294,2.406436185197428,1.0927938217244484,5110.3164994559165,7006.979750851305,7011.773222851305,5115.109971455916,84336.41114961459,0.00012318775326429537,ew3|tnet3|mm20
2026-02,8611,9,932,1301574.9035640303,648215.7166249712,1.1853769583709697,1.9782246990903811,32632.44254024553,14977.757405919145,14977.757405919145,32632.44254024553,253753.0217212058,0.0,ew3|tnet3|mm20
2026-03,3235,9,403,578881.3297902455,305482.1560141592,2.0252845005347986,0.5224142024353337,1664.9556986340476,8914.361293041828,9515.318634520045,2266.289496830242,110512.4975411857,0.11232832856002965,ew3|tnet3|mm20
2026-04,10028,8,1319,1890473.8833456158,886346.2667115424,1.760291038011261,2.1135890519635137,26271.27069819318,24638.91264307544,35655.016479411046,37289.88888931662,367287.273037448,0.6065188444216079,ew3|tnet3|mm20
2026-05,17723,10,1327,2004257.8103041598,884505.4344993865,1.79724586510542,2.5647723315848534,71807.97987061024,43580.875668402994,54836.421940609165,83063.52614281642,375184.8757402059,0.6006728692699679,ew3|tnet3|mm20
2026-06,13399,23,1215,2000733.5954679102,982027.1577410196,1.4082620183222097,2.155759856364723,46961.499850165244,23923.61312577377,35251.63319531944,58291.49231548174,377666.41551055014,0.5973774455272101,ew3|tnet3|mm20
2026-07,17286,25,1356,2632556.5059416825,1203083.773602072,1.0619682853767916,1.661690531060071,65168.2117329176,17544.60361840474,39769.2965423407,87410.15974644282,488987.9661172711,0.8975343255557107,ew3|tnet3|mm20
2026-08,10928,38,1119,1917939.2194145222,868815.7656410504,1.2564866494088394,0.8937414725571333,54397.69864884993,22630.83140335026,39767.08891025712,71556.1519924859,343169.0668727193,0.9971017260775663,ew3|tnet3|mm20
2025-12,74,3,14,12884.404704140708,7216.863378033334,1.760803193243244,1.8885354117567577,-790.8253678926253,303.9065439004713,303.9065439004713,-790.8253678926253,1941.8949698276413,0.0,ew3|eb0c|mm5
2026-01,5699,7,639,596116.8188902109,299034.3305061713,2.3341767017261383,0.9511446733233903,2727.5912224853114,9960.537507215024,9965.405949215025,2732.4596644853114,111058.54025005881,0.0002275662396911739,ew3|eb0c|mm5
2026-02,13384,25,966,1545085.3093150484,772085.8642900105,0.4877734410281669,0.5048217249727226,41390.95039163845,13821.015093645756,13821.015093645756,41390.95039163845,300548.1132208093,0.0,ew3|eb0c|mm5
2026-03,5701,33,421,812475.7460973792,397982.8704813397,1.3945821601799553,-0.09062886575374307,-11656.058534622085,11619.453346295977,12551.045263779004,-10724.045019227042,146674.86504252753,0.1303298919456392,ew3|eb0c|mm5
2026-04,13272,27,1364,2063890.619429966,987734.4455005544,1.495411586526525,2.073998725279534,19444.589129075594,25003.43383176139,36896.06896996511,31341.852028084053,396575.4299669485,0.604606170129598,ew3|eb0c|mm5
2026-05,22136,42,1375,2863563.026877775,1093888.7598374418,1.5261022528245942,2.136876086027522,55585.77616138672,43335.33447660632,57091.04618418941,69341.48786896981,458523.7235861031,0.6013071099053479,ew3|eb0c|mm5
2026-06,17038,71,1230,2615110.3519119415,1131881.9300154524,1.1268707755493177,1.4711758382710771,44472.233353673975,24628.48902071597,38120.62309246449,58000.48999448727,450952.3152268188,0.5987155696229733,ew3|eb0c|mm5
2026-07,21123,81,1370,4118027.1072688983,1401912.9866070482,0.9864153559720756,1.462515678460894,82078.42595442687,20956.86300666351,47575.37426987614,108783.74625681971,585000.2319211757,0.9000688363163515,ew3|eb0c|mm5
2026-08,14682,83,1141,2678825.896680003,1217878.0863088698,1.0686417526241339,0.538709068207721,51483.651603661296,20115.71845470292,44435.51693651528,75834.11526184953,487009.27316376445,0.9935194831136248,ew3|eb0c|mm5
2025-12,91,4,14,29261.4816786489,9259.059878024387,2.842646788461539,13.57289086901099,8769.528132116324,1760.309714502538,1760.309714502538,8769.528132116324,3626.6386663373623,0.0,ew3|eb0c|mm10
2026-01,5035,5,622,497791.3956403379,248257.5649391184,2.241148526128358,1.2310878120854023,6111.3199894404515,7082.997480524775,7087.790952524775,6116.113461440451,91500.90328897031,0.00010867924528301887,ew3|eb0c|mm10
2026-02,12829,19,958,1465758.8304543856,728793.771769075,0.550244692888941,0.2207275320902854,28547.98144438616,14017.610458906458,14017.610458906458,28547.98144438616,287956.2845905975,0.0,ew3|eb0c|mm10
2026-03,5620,28,421,809822.388343416,395830.01687202434,1.4111795861267384,-0.07944394589184356,-8761.555283191736,11669.917548556032,12596.53440597357,-7834.51682786218,145925.69126245633,0.13010677252707487,ew3|eb0c|mm10
2026-04,13184,23,1363,2042079.7227570522,967738.0544645108,1.5074942348694973,2.1091957580033376,18999.405679922824,24774.34733247255,36642.376136318104,30870.94082633941,395717.83821388625,0.6059599719989378,ew3|eb0c|mm10
2026-05,22290,38,1376,2864899.4137595226,1091259.6906344444,1.5124765514060918,2.062400291932337,54302.40786437619,43103.4894058371,56897.061758047756,68095.98021658685,459785.7450736885,0.6018272411659135,ew3|eb0c|mm10
2026-06,17081,60,1230,2508360.241177314,1129455.403869459,1.147103875536354,1.5044790645795711,44829.46638103921,24999.320823012986,38466.33839715919,58329.49051422019,450011.2316390751,0.598213860362478,ew3|eb0c|mm10
2026-07,20787,69,1370,3076975.579218956,1380094.6834861035,0.9753646273063046,1.4544761970931501,82271.23990790886,18340.980081929993,44628.84282995056,108577.41252964277,576510.701979172,0.900000086299561,ew3|eb0c|mm10
2026-08,14525,70,1141,2651025.623769513,1207099.560800763,1.0774395476822456,0.6480234874006469,62113.166977526475,21798.33723471804,45849.66591521411,86193.75997008517,481611.8598511738,0.9932307961683718,ew3|eb0c|mm10
2025-12,91,4,14,29261.4816786489,9259.059878024387,2.842646788461539,13.57289086901099,8769.528132116324,1760.309714502538,1760.309714502538,8769.528132116324,3626.6386663373623,0.0,ew3|eb0c|mm20
2026-01,5035,5,622,497791.3956403379,248257.5649391184,2.241148526128358,1.2310878120854023,6111.3199894404515,7082.997480524775,7087.790952524775,6116.113461440451,91500.90328897031,0.00010867924528301887,ew3|eb0c|mm20
2026-02,11615,15,952,1433072.5298835624,712685.5136099765,0.6490911451617773,0.702384973534275,29430.83239574661,14327.627508185542,14327.627508185542,29430.83239574661,281358.9699955863,0.0,ew3|eb0c|mm20
2026-03,5556,20,420,749454.0031734608,389016.57615090156,1.455423684123013,-0.129504219329018,-8899.297487759603,12139.637777002436,13045.578637373272,-7992.949494587788,144110.70236575272,0.1290083304647271,ew3|eb0c|mm20
2026-04,13078,17,1362,2022074.094786696,955382.4500698445,1.5221023178845672,2.0972459315545238,17487.043859482565,24764.277893324757,36528.10114916286,29253.38188966333,392211.26767269213,0.6067308253142638,ew3|eb0c|mm20
2026-05,21929,30,1374,2836329.5542538026,1075847.5293394795,1.5255774144520278,2.114432450964637,55273.42039911011,42800.701752473964,56455.77796496998,68928.49661160613,455169.20708320045,0.6021870755842255,ew3|eb0c|mm20
2026-06,16732,45,1228,2487129.7950616665,1115236.3628994403,1.1694285055971496,1.5397040573022163,44623.246782319424,24787.521158912034,38185.56692161322,58052.76302283018,447660.96855006745,0.5998939061969388,ew3|eb0c|mm20
2026-07,19865,42,1368,2944394.1014533895,1315226.659402616,0.9165211367402585,1.323505084276728,59173.212378734774,17137.56510162067,42222.43210152432,84274.54125594096,551245.1894189457,0.8984557209912684,ew3|eb0c|mm20
2026-08,14332,58,1142,2623470.769351047,1192219.4350007374,1.0535942873344741,0.5851769025392086,52940.52842417947,18956.727183317747,42689.66918494452,76702.73473786889,475244.126273788,0.9917774708364543,ew3|eb0c|mm20
2025-12,71,2,14,12536.494704140709,7106.389878033334,1.969006152816902,2.0810087390140852,-771.2618678926253,317.4733439389713,317.4733439389713,-771.2618678926253,1901.3989448276413,0.0,ew3|eb0.25c|mm5
2026-01,5114,5,626,562441.531048211,283489.66961916565,2.486331742520572,0.7910929586468518,2117.6664894909222,9930.341190899333,9935.209632899334,2122.5349314909226,104269.89648007168,0.00025359796636683615,ew3|eb0.25c|mm5
2026-02,11050,20,955,1467837.6142585573,733200.7937000081,0.8053664440641736,0.8781912684638364,41743.17622032481,14857.213193125557,14857.213193125557,41743.17622032481,284163.3992293926,0.0,ew3|eb0.25c|mm5
2026-03,5576,28,421,807226.1781101215,395534.89731089334,1.4290148514830487,-0.1386264825226168,-11513.03364317759,11650.10969404821,12571.85278458258,-10590.868954731204,145716.99384564228,0.1300823894290013,ew3|eb0.25c|mm5
2026-04,10354,21,1324,1978950.8567761797,945982.1526598848,1.7154295429105553,1.8483058591713029,15205.402609237872,24136.39577361471,35511.124609561986,26585.09277531412,379323.0055358749,0.603422057825027,ew3|eb0.25c|mm5
2026-05,20217,32,1369,2794505.556477672,1060161.4899944477,1.6317068223626583,2.267753407287474,54199.34129309924,43973.301030711555,57329.06651596509,67555.10677835278,445192.18284178455,0.5990593606865083,ew3|eb0.25c|mm5
2026-06,15843,55,1229,2573507.0128482054,1114809.5996811416,1.2056289256914385,1.6415069794726118,47263.10106303553,24915.53256818078,38171.49563991202,60555.18670383155,443079.9485595763,0.5982471160118313,ew3|eb0.25c|mm5
2026-07,20324,70,1367,4091929.4733780217,1390986.2149069915,1.022363157222926,1.5577625661549552,78460.64271528287,21764.406488358054,48169.62783038578,104952.15296645621,580414.0882786817,0.9016633506697042,ew3|eb0.25c|mm5
2026-08,12716,74,1126,2166618.9568938366,977229.4834294299,1.2997519840475913,0.8253012662490979,58646.729962248006,26513.558492904212,46156.95231263312,78317.51184732837,393415.6377016071,1.0029494753347332,ew3|eb0.25c|mm5
2025-12,71,2,14,12536.494704140709,7106.389878033334,1.969006152816902,2.0810087390140852,-771.2618678926253,317.4733439389713,317.4733439389713,-771.2618678926253,1901.3989448276413,0.0,ew3|eb0.25c|mm10
2026-01,4445,4,606,462505.9996533379,231932.11725510293,2.4057126579222095,1.0911563905736783,5109.916499455917,7007.380797360305,7012.1742693603055,5114.709971455916,84342.69714961459,0.00012310461192350958,ew3|eb0.25c|mm10
2026-02,10269,16,946,1387682.86397727,689015.2410360639,0.9324670042035916,1.060118386145529,28972.039317807477,15172.479143821209,15172.479143821209,28972.039317807477,271645.96007346886,0.0,ew3|eb0.25c|mm10
2026-03,5582,25,421,805985.571085416,393457.87101896794,1.4269769213181154,-0.13074183172628293,-9244.51953925216,11706.400691669125,12628.143782203493,-8322.354850805774,145114.09333532758,0.12994256600790244,ew3|eb0.25c|mm10
2026-04,10273,17,1323,1956289.679277144,925098.773227171,1.7313638974357701,1.8876536691211192,14781.38950533539,23907.15462140541,35257.70142498016,26135.442651481175,378468.4382048595,0.6051134503853545,ew3|eb0.25c|mm10
2026-05,20606,30,1372,2834389.2601783234,1075712.967177488,1.5817076235104521,2.237115760824827,57401.23048690707,43263.10410560337,56877.283653986466,71015.41003529017,453805.98494610324,0.5999338333249352,ew3|eb0.25c|mm10
2026-06,15718,48,1229,2463575.172221019,1108583.4045121537,1.2203662157413082,1.6305302207109476,47168.921257276415,24941.22214526094,38158.45443987663,60419.16011092688,441685.05565472454,0.5988187158185899,ew3|eb0.25c|mm10
2026-07,20015,58,1367,3044933.242205919,1367137.994842045,1.0114478762152852,1.4872999515816803,76729.62911829997,19188.92674944122,45195.19370196828,102753.69279849349,570433.3427677061,0.9015385055569987,ew3|eb0.25c|mm10
2026-08,13822,66,1131,2175899.352080781,999553.4155783221,1.1785711960106522,0.839130918423733,66255.09666855146,25380.054460033127,45119.463273581954,86020.470797088,395307.4825707308,0.9942057818302099,ew3|eb0.25c|mm10
2025-12,71,2,14,12536.494704140709,7106.389878033334,1.969006152816902,2.0810087390140852,-771.2618678926253,317.4733439389713,317.4733439389713,-771.2618678926253,1901.3989448276413,0.0,ew3|eb0.25c|mm20
2026-01,4445,4,606,462505.9996533379,231932.11725510293,2.4057126579222095,1.0911563905736783,5109.916499455917,7007.380797360305,7012.1742693603055,5114.709971455916,84342.69714961459,0.00012310461192350958,ew3|eb0.25c|mm20
2026-02,11373,14,952,1429410.6696825624,711051.8056859669,0.6765610202211844,1.1345646307836412,30264.065380756245,14350.253586850296,14350.253586850296,30264.065380756245,280553.9303789557,0.0,ew3|eb0.25c|mm20
2026-03,5483,18,420,736379.2647529567,382213.12450072484,1.4368441334941064,-0.06828509254417817,-8279.223130983555,11472.446508475901,12360.900748816848,-7390.361757841631,141104.1419709631,0.12959494055439152,ew3|eb0.25c|mm20
2026-04,10214,14,1323,1941099.1250164504,915686.1054274179,1.7285606844577712,1.9413502254210957,14932.219511729354,23248.814879879268,34522.83838469904,26208.757790891785,375884.6093054144,0.6060372768610662,ew3|eb0.25c|mm20
2026-05,20574,25,1372,2818645.545507804,1066688.7138045002,1.57932282722935,2.2354107556015674,57584.1558131171,42995.03563793713,56550.89300368642,71140.01317886639,451861.91219164286,0.6004578023229975,ew3|eb0.25c|mm20
2026-06,15501,38,1228,2445094.94846182,1095349.6620391388,1.2341855581493877,1.667806302430783,46829.201041466695,24778.348302051683,37937.71692428748,60020.04014151206,439705.06386788783,0.599461696308846,ew3|eb0.25c|mm20
2026-07,19187,37,1366,2919224.6063424763,1304675.0004344934,0.9530748856605394,1.3878510804865725,54829.81853975333,17736.726999382754,42605.60464508655,79714.4988497178,546514.7549469392,0.9004847825273107,ew3|eb0.25c|mm20
2026-08,13601,55,1132,2153849.6026919656,989028.4896482959,1.155147668220577,0.8099284897098371,64662.00117427298,24354.74493571257,43863.84295134479,84197.06450489291,390701.2666123986,0.9928161692806781,ew3|eb0.25c|mm20
2025-12,71,2,14,12536.494704140709,7106.389878033334,1.969006152816902,2.0810087390140852,-771.2618678926253,317.4733439389713,317.4733439389713,-771.2618678926253,1901.3989448276413,0.0,ew3|eb0.5c|mm5
2026-01,5114,5,626,562441.531048211,283489.66961916565,2.486331742520572,0.7910929586468518,2117.6664894909222,9930.341190899333,9935.209632899334,2122.5349314909226,104269.89648007168,0.00025359796636683615,ew3|eb0.5c|mm5
2026-02,11050,20,955,1467837.6142585573,733200.7937000081,0.8053664440641736,0.8781912684638364,41743.17622032481,14857.213193125557,14857.213193125557,41743.17622032481,284163.3992293926,0.0,ew3|eb0.5c|mm5
2026-03,4487,24,417,751294.721122588,367563.1934352779,1.684532452735479,-0.46400094641248196,-14419.580299953997,11868.356562101651,12689.217063027838,-13598.298201115793,134984.08923757667,0.1240325074265226,ew3|eb0.5c|mm5
2026-04,10115,13,1321,1926636.321327883,915643.8447202675,1.762001793426319,2.0546466332213296,26357.952843264342,25604.71946885856,36715.17684927871,37473.37113425864,370513.94303314335,0.604122310164731,ew3|eb0.5c|mm5
2026-05,17380,23,1342,2481146.736183054,918466.7050922682,1.714488001875282,2.4798439691215424,75166.76900302799,44610.88271275104,56221.459117653525,86777.34540793048,387019.21349674964,0.6016224700361104,ew3|eb0.5c|mm5
2026-06,15348,44,1224,2281089.924406301,1044285.1783670201,1.2708006698661078,1.7893984863387804,53714.85550325045,24064.384597512282,36103.495225374536,65760.48689617749,401531.47363061015,0.5963708211258337,ew3|eb0.5c|mm5
2026-07,19418,60,1364,2881949.0738776834,1322131.2701047477,1.0821129710773587,1.7961795167583556,83091.82400651772,20835.650215861853,45345.21400308546,107638.08621213192,539337.9026378514,0.8983419496576599,ew3|eb0.5c|mm5
2026-08,11785,64,1125,2077392.944575145,939311.1088443223,1.3404316691430784,0.7631485330880282,55133.58258232923,24541.63054712676,43307.24145813491,73925.01211580315,375828.5906694784,1.0034877319463373,ew3|eb0.5c|mm5
2025-12,71,2,14,12536.494704140709,7106.389878033334,1.969006152816902,2.0810087390140852,-771.2618678926253,317.4733439389713,317.4733439389713,-771.2618678926253,1901.3989448276413,0.0,ew3|eb0.5c|mm10
2026-01,4442,3,606,462475.9996533379,231911.71725510294,2.406436185197428,1.0927938217244484,5110.3164994559165,7006.979750851305,7011.773222851305,5115.109971455916,84336.41114961459,0.00012318775326429537,ew3|eb0.5c|mm10
2026-02,10269,16,946,1387682.86397727,689015.2410360639,0.9324670042035916,1.060118386145529,28972.039317807477,15172.479143821209,15172.479143821209,28972.039317807477,271645.96007346886,0.0,ew3|eb0.5c|mm10
2026-03,4503,23,418,749857.658498225,365279.35005282896,1.6775740541239919,-0.47050976735485384,-12150.331327969154,11928.304717947305,12749.299629337598,-11328.914818666843,134378.1719507077,0.12381691325758534,ew3|eb0.5c|mm10
2026-04,10089,13,1320,1906505.2325145586,896017.06721591,1.7633899197870668,2.058603595682291,25867.582582897085,25298.085388636107,36396.056708014425,36969.05982529161,370049.24141315086,0.6055908749738694,ew3|eb0.5c|mm10
2026-05,17301,20,1337,2472673.2184585985,911626.6884352824,1.7087285536603565,2.46901009870862,74967.68242861661,44337.8219310456,55922.97327088995,86552.83376846096,386171.7113281452,0.6019870827803114,ew3|eb0.5c|mm10
2026-06,15267,38,1225,2172790.3582346877,1038794.9332690432,1.28585910686795,1.8009746607238075,53896.64927216122,24135.647731253444,36148.81230859839,65913.21860454095,400562.73827903316,0.5971118944790013,ew3|eb0.5c|mm10
2026-07,19213,52,1364,2852299.6986796483,1306862.6611707727,1.0699202398696601,1.7423287220487096,81814.47799570629,18190.165725893097,42466.44370887326,106108.9122155979,533752.7305759852,0.8981647793452454,ew3|eb0.5c|mm10
2026-08,11739,58,1125,2077498.428911985,938335.1943522916,1.3504762147126959,0.8939179182418442,57491.61315928781,24637.019813600316,43410.18745957567,76289.82241867382,375964.18518771994,1.0037394752107496,ew3|eb0.5c|mm10
2025-12,71,2,14,12536.494704140709,7106.389878033334,1.969006152816902,2.0810087390140852,-771.2618678926253,317.4733439389713,317.4733439389713,-771.2618678926253,1901.3989448276413,0.0,ew3|eb0.5c|mm20
2026-01,4445,4,606,462505.9996533379,231932.11725510293,2.4057126579222095,1.0911563905736783,5109.916499455917,7007.380797360305,7012.1742693603055,5114.709971455916,84342.69714961459,0.00012310461192350958,ew3|eb0.5c|mm20
2026-02,9058,12,934,1357166.7078025145,673884.8661760195,1.1154427497265884,1.8227430031120928,30969.767218181514,15369.510150386923,15369.510150386923,30969.767218181514,265506.42301791563,0.0,ew3|eb0.5c|mm20
2026-03,4391,16,417,677189.0514784247,352975.06543458306,1.6946866193122263,-0.4000069697546172,-10530.463485697739,11373.138080041583,12160.844141238455,-9742.35029169989,129766.99641948605,0.12361129947677618,ew3|eb0.5c|mm20
2026-04,10030,10,1320,1891314.678253865,886604.3994161568,1.7607144089409814,2.1142908012371335,26018.41258929105,24639.74564710997,35661.1936677333,37042.37496470222,367465.4125137057,0.6065344573939733,ew3|eb0.5c|mm20
2026-05,17830,16,1353,2606489.7739029033,974379.5120545179,1.6747151716725281,2.332169141836858,58527.31301546641,44215.93546602977,56526.055476222864,70837.4330256595,410337.33367310325,0.600110621421134,ew3|eb0.5c|mm20
2026-06,15149,33,1224,2161751.643035954,1028799.5438060613,1.279525342015265,1.7820961239821766,53234.592111520724,23805.575041069544,35805.291281036305,65236.177025297045,400063.2576589198,0.597945928431484,ew3|eb0.5c|mm20
2026-07,18467,33,1362,2718177.509790506,1240186.8105650807,0.9988675995187029,1.5663101779865014,58694.489879825094,16415.811954264034,39485.28573056383,81779.76632038555,508420.7091165761,0.8978856918624113,ew3|eb0.5c|mm20
2026-08,11518,49,1126,2055931.4789903294,927670.509015272,1.3216276189700367,0.8037290074390894,54983.82051130198,23609.856512336555,42154.82308625614,73553.82869863222,371400.16374660464,1.0022508729429214,ew3|eb0.5c|mm20
