label,reading,phi,coverage,net_cap,order_cap,growth,period,alloc,model,per_share_c,per_share_ci95_c_lo,per_share_ci95_c_hi,fill_rate,n_calls,n_trades,n_matches,pnl_correct_usd,pnl_wrong_usd,wrong_call_share_of_trades,median_usd_per_fill,share_fills_at_trade_cap,pnl_per_day_usd,sharpe_ann,max_dd_usd,worst_day_usd,days,peak_locked_usd,capital_usd,peak_locked_resolution_usd,hold_h_median,hold_h_p90,hold_h_median_usd_w,share_trades_resolve_gt_24h,max_concurrent_positions,median_daily_max_concurrent_positions,notional_usd_per_day,peak_locked_close_usd,hold_close_h_median,hold_close_h_p90,share_trades_close_gt_24h,shares_per_day,stale_reach_usd_per_day,stale_ours_usd_per_day,bind_net_cap,bind_resting_shares,bind_order_cap,bind_depth,edge_correct_c,loss_wrong_c,loss_wrong_model_c,pnl_per_share_correct_c,pnl_per_share_wrong_c,notional_correct_usd_per_day,roc_ann_pct,coc_usd_per_day,pnl_per_day_usd_sd,pnl_per_day_usd_p2_5,pnl_per_day_usd_p97_5,sharpe_ann_sd,sharpe_ann_p2_5,sharpe_ann_p97_5,capital_usd_sd,capital_usd_p2_5,capital_usd_p97_5,per_share_c_sd,per_share_c_p2_5,per_share_c_p97_5,n_seeds,roc_ann_pct_mean_of_seed_ratios
paper; order not sent; CV call on our own streamed footage mapped to a live tennis market for timing (different sport); feed baseline 1 s is simulated (licensed feed not purchased); assumed data: licensed feed/video not purchased; parameters measured; pro-rata allocation (lower bracket); depth cap + extrapolation fix,lagcal,0.25,all,50,250,1,IS,prorata,fixed,0.574354,0.434491,0.713698,0.271545,109382,33737.5,3608.2,20065.7,-10126.4,0.120896,18.9901,0.219813,96.4983,11.8176,-610.133,-257.252,103,11651.6,34954.8,10544.1,1.05107,3.42616,1.01639,0.00421894,49.85,10.3,8209.48,12883,2.0259,4.48853,0.00566211,16609.3,505264,126316,0.682068,0.142699,0,0.175234,1.8717,3.0358,3.0368,1.35342,-4.32491,7168.78,100.764,3.83066,21.9655,54.5205,136.537,2.55078,7.10916,15.5896,4473.59,27026.5,42598.7,0.0838097,0.404709,0.705702,20,101.356
paper; order not sent; CV call on our own streamed footage mapped to a live tennis market for timing (different sport); feed baseline 1 s is simulated (licensed feed not purchased); assumed data: licensed feed/video not purchased; parameters measured; pro-rata allocation (lower bracket); depth cap + extrapolation fix,lagcal,0.25,all,50,1000,1,IS,prorata,fixed,0.574354,0.434491,0.713698,0.271545,109382,33737.5,3608.2,20065.7,-10126.4,0.120896,18.9901,0.0696961,96.4983,11.8176,-610.133,-257.252,103,11651.6,34954.8,10544.1,1.05107,3.42616,1.01639,0.00421894,49.85,10.3,8209.48,12883,2.0259,4.48853,0.00566211,16609.3,505264,126316,0.682068,0.142699,0,0.175234,1.8717,3.0358,3.0368,1.35342,-4.32491,7168.78,100.764,3.83066,21.9655,54.5205,136.537,2.55078,7.10916,15.5896,4473.59,27026.5,42598.7,0.0838097,0.404709,0.705702,20,101.356
paper; order not sent; CV call on our own streamed footage mapped to a live tennis market for timing (different sport); feed baseline 1 s is simulated (licensed feed not purchased); assumed data: licensed feed/video not purchased; parameters measured; pro-rata allocation (lower bracket); depth cap + extrapolation fix,lagcal,0.25,all,50,5000,1,IS,prorata,fixed,0.574354,0.434491,0.713698,0.271545,109382,33737.5,3608.2,20065.7,-10126.4,0.120896,18.9901,0.0112732,96.4983,11.8176,-610.133,-257.252,103,11651.6,34954.8,10544.1,1.05107,3.42616,1.01639,0.00421894,49.85,10.3,8209.48,12883,2.0259,4.48853,0.00566211,16609.3,505264,126316,0.682068,0.142699,0,0.175234,1.8717,3.0358,3.0368,1.35342,-4.32491,7168.78,100.764,3.83066,21.9655,54.5205,136.537,2.55078,7.10916,15.5896,4473.59,27026.5,42598.7,0.0838097,0.404709,0.705702,20,101.356
paper; order not sent; CV call on our own streamed footage mapped to a live tennis market for timing (different sport); feed baseline 1 s is simulated (licensed feed not purchased); assumed data: licensed feed/video not purchased; parameters measured; pro-rata allocation (lower bracket); depth cap + extrapolation fix,lagcal,0.25,all,50,25000,1,IS,prorata,fixed,0.574354,0.434491,0.713698,0.271545,109382,33737.5,3608.2,20065.7,-10126.4,0.120896,18.9901,0.000424927,96.4983,11.8176,-610.133,-257.252,103,11651.6,34954.8,10544.1,1.05107,3.42616,1.01639,0.00421894,49.85,10.3,8209.48,12883,2.0259,4.48853,0.00566211,16609.3,505264,126316,0.682068,0.142699,0,0.175234,1.8717,3.0358,3.0368,1.35342,-4.32491,7168.78,100.764,3.83066,21.9655,54.5205,136.537,2.55078,7.10916,15.5896,4473.59,27026.5,42598.7,0.0838097,0.404709,0.705702,20,101.356
paper; order not sent; CV call on our own streamed footage mapped to a live tennis market for timing (different sport); feed baseline 1 s is simulated (licensed feed not purchased); assumed data: licensed feed/video not purchased; parameters measured; pro-rata allocation (lower bracket); depth cap + extrapolation fix,lagcal,0.25,all,100,250,1,IS,prorata,fixed,0.331012,0.172905,0.490288,0.291335,109382,36085.4,3608.2,28966.1,-19294.2,0.118159,24.9054,0.21968,93.9023,6.72242,-1582.21,-579.573,103,19462.4,58387.2,17199,1.04671,3.41782,1.01799,0.00412944,49.85,10.3,13791.5,21109.5,2.02216,4.48244,0.00556105,27835.6,505264,126316,0.576377,0.195287,0,0.228336,1.70742,3.19266,3.19407,1.18252,-4.47461,11881.3,58.7018,6.39859,32.3451,35.8528,149,2.28813,2.46415,10.1822,7629.12,45234.9,71422.7,0.0942146,0.141949,0.486081,20,59.1764
paper; order not sent; CV call on our own streamed footage mapped to a live tennis market for timing (different sport); feed baseline 1 s is simulated (licensed feed not purchased); assumed data: licensed feed/video not purchased; parameters measured; pro-rata allocation (lower bracket); depth cap + extrapolation fix,lagcal,0.25,all,100,1000,1,IS,prorata,fixed,0.331012,0.172905,0.490288,0.291335,109382,36085.4,3608.2,28966.1,-19294.2,0.118159,24.9054,0.0693687,93.9023,6.72242,-1582.21,-579.573,103,19462.4,58387.2,17199,1.04671,3.41782,1.01799,0.00412944,49.85,10.3,13791.5,21109.5,2.02216,4.48244,0.00556105,27835.6,505264,126316,0.576377,0.195287,0,0.228336,1.70742,3.19266,3.19407,1.18252,-4.47461,11881.3,58.7018,6.39859,32.3451,35.8528,149,2.28813,2.46415,10.1822,7629.12,45234.9,71422.7,0.0942146,0.141949,0.486081,20,59.1764
paper; order not sent; CV call on our own streamed footage mapped to a live tennis market for timing (different sport); feed baseline 1 s is simulated (licensed feed not purchased); assumed data: licensed feed/video not purchased; parameters measured; pro-rata allocation (lower bracket); depth cap + extrapolation fix,lagcal,0.25,all,100,5000,1,IS,prorata,fixed,0.331012,0.172905,0.490288,0.291335,109382,36085.4,3608.2,28966.1,-19294.2,0.118159,24.9054,0.011221,93.9023,6.72242,-1582.21,-579.573,103,19462.4,58387.2,17199,1.04671,3.41782,1.01799,0.00412944,49.85,10.3,13791.5,21109.5,2.02216,4.48244,0.00556105,27835.6,505264,126316,0.576377,0.195287,0,0.228336,1.70742,3.19266,3.19407,1.18252,-4.47461,11881.3,58.7018,6.39859,32.3451,35.8528,149,2.28813,2.46415,10.1822,7629.12,45234.9,71422.7,0.0942146,0.141949,0.486081,20,59.1764
paper; order not sent; CV call on our own streamed footage mapped to a live tennis market for timing (different sport); feed baseline 1 s is simulated (licensed feed not purchased); assumed data: licensed feed/video not purchased; parameters measured; pro-rata allocation (lower bracket); depth cap + extrapolation fix,lagcal,0.25,all,100,25000,1,IS,prorata,fixed,0.331012,0.172905,0.490288,0.291335,109382,36085.4,3608.2,28966.1,-19294.2,0.118159,24.9054,0.000414528,93.9023,6.72242,-1582.21,-579.573,103,19462.4,58387.2,17199,1.04671,3.41782,1.01799,0.00412944,49.85,10.3,13791.5,21109.5,2.02216,4.48244,0.00556105,27835.6,505264,126316,0.576377,0.195287,0,0.228336,1.70742,3.19266,3.19407,1.18252,-4.47461,11881.3,58.7018,6.39859,32.3451,35.8528,149,2.28813,2.46415,10.1822,7629.12,45234.9,71422.7,0.0942146,0.141949,0.486081,20,59.1764
paper; order not sent; CV call on our own streamed footage mapped to a live tennis market for timing (different sport); feed baseline 1 s is simulated (licensed feed not purchased); assumed data: licensed feed/video not purchased; parameters measured; pro-rata allocation (lower bracket); depth cap + extrapolation fix,lagcal,0.25,all,200,250,1,IS,prorata,fixed,0.117475,-0.0712635,0.309056,0.315804,109382,39015.9,3608.2,40262.7,-34655.2,0.115846,29.7233,0.221157,54.4411,2.20669,-4726.47,-1219.92,103,30387.7,91163.1,26709.8,1.03778,3.40302,1.02557,0.00411401,49.85,10.3,21689.5,32830,2.01409,4.47331,0.00552206,43865.3,505264,126316,0.444478,0.248599,0.0225323,0.284391,1.59082,3.33886,3.34019,1.06359,-4.56494,18365.4,21.7972,9.99047,49.9205,-32.5551,132.85,1.99795,-1.24026,5.44,11504.5,73494.2,110306,0.110753,-0.0849236,0.295927,20,21.9282
paper; order not sent; CV call on our own streamed footage mapped to a live tennis market for timing (different sport); feed baseline 1 s is simulated (licensed feed not purchased); assumed data: licensed feed/video not purchased; parameters measured; pro-rata allocation (lower bracket); depth cap + extrapolation fix,lagcal,0.25,all,200,1000,1,IS,prorata,fixed,0.103789,-0.0846009,0.293883,0.311727,109382,38526.1,3608.2,40442.8,-35391.1,0.116163,29.7732,0.0693202,49.0463,1.97796,-4980.52,-1233.15,103,30843.8,92531.4,27119.5,1.0419,3.40963,1.02076,0.00411896,49.85,10.3,22027,33294.1,2.01817,4.4775,0.00553207,44405.1,505264,126316,0.467683,0.249292,0,0.283024,1.58174,3.35925,3.361,1.05473,-4.61091,18648.6,19.3468,10.1404,50.3052,-39.5391,128.988,2.00168,-1.49506,5.27665,11593.1,75111.3,111181,0.111113,-0.100823,0.284266,20,19.3873
paper; order not sent; CV call on our own streamed footage mapped to a live tennis market for timing (different sport); feed baseline 1 s is simulated (licensed feed not purchased); assumed data: licensed feed/video not purchased; parameters measured; pro-rata allocation (lower bracket); depth cap + extrapolation fix,lagcal,0.25,all,200,5000,1,IS,prorata,fixed,0.103789,-0.0846009,0.293883,0.311727,109382,38526.1,3608.2,40442.8,-35391.1,0.116163,29.7732,0.0111708,49.0463,1.97796,-4980.52,-1233.15,103,30843.8,92531.4,27119.5,1.0419,3.40963,1.02076,0.00411896,49.85,10.3,22027,33294.1,2.01817,4.4775,0.00553207,44405.1,505264,126316,0.467683,0.249292,0,0.283024,1.58174,3.35925,3.361,1.05473,-4.61091,18648.6,19.3468,10.1404,50.3052,-39.5391,128.988,2.00168,-1.49506,5.27665,11593.1,75111.3,111181,0.111113,-0.100823,0.284266,20,19.3873
paper; order not sent; CV call on our own streamed footage mapped to a live tennis market for timing (different sport); feed baseline 1 s is simulated (licensed feed not purchased); assumed data: licensed feed/video not purchased; parameters measured; pro-rata allocation (lower bracket); depth cap + extrapolation fix,lagcal,0.25,all,200,25000,1,IS,prorata,fixed,0.103789,-0.0846009,0.293883,0.311727,109382,38526.1,3608.2,40442.8,-35391.1,0.116163,29.7732,0.000411613,49.0463,1.97796,-4980.52,-1233.15,103,30843.8,92531.4,27119.5,1.0419,3.40963,1.02076,0.00411896,49.85,10.3,22027,33294.1,2.01817,4.4775,0.00553207,44405.1,505264,126316,0.467683,0.249292,0,0.283024,1.58174,3.35925,3.361,1.05473,-4.61091,18648.6,19.3468,10.1404,50.3052,-39.5391,128.988,2.00168,-1.49506,5.27665,11593.1,75111.3,111181,0.111113,-0.100823,0.284266,20,19.3873
paper; order not sent; CV call on our own streamed footage mapped to a live tennis market for timing (different sport); feed baseline 1 s is simulated (licensed feed not purchased); assumed data: licensed feed/video not purchased; parameters measured; pro-rata allocation (lower bracket); depth cap + extrapolation fix,lagcal,0.25,all,500,250,1,IS,prorata,fixed,-0.00405889,-0.275128,0.260272,0.354244,109382,43699.1,3608.2,58634.1,-58374.6,0.114514,36.1949,0.225457,2.5191,-0.037031,-12247.2,-2701.41,103,44197.7,132593,38695.7,1.03016,3.38889,1.03561,0.00398425,49.85,10.3,31904.2,47398,2.00627,4.46178,0.00538078,66016,505264,126316,0.245794,0.310178,0.08954,0.354488,1.53584,3.35168,3.35274,1.06252,-4.40383,26436.7,0.693453,14.5308,104.072,-178.086,184.908,2.0791,-3.84607,3.32325,15706.1,108343,158398,0.163359,-0.312694,0.275323,20,0.712975
paper; order not sent; CV call on our own streamed footage mapped to a live tennis market for timing (different sport); feed baseline 1 s is simulated (licensed feed not purchased); assumed data: licensed feed/video not purchased; parameters measured; pro-rata allocation (lower bracket); depth cap + extrapolation fix,lagcal,0.25,all,500,1000,1,IS,prorata,fixed,-0.180027,-0.429265,0.0716345,0.338154,109382,41700.2,3608.2,59991.3,-73598.1,0.114189,34.5471,0.069671,-132.105,-2.45039,-22092.7,-3121.48,103,53143.5,159430,46820.3,1.03547,3.39809,1.02515,0.00405269,49.85,10.3,37880.6,56928.2,2.01158,4.46894,0.00547335,76458.8,505264,126316,0.329132,0.318878,0,0.35199,1.47512,3.58561,3.58775,0.93741,-4.77125,31183.3,-30.244,17.4718,99.6543,-313.995,46.4646,1.91088,-6.07425,0.828109,17658.1,131000,189424,0.145746,-0.475729,0.0618467,20,-30.5712
paper; order not sent; CV call on our own streamed footage mapped to a live tennis market for timing (different sport); feed baseline 1 s is simulated (licensed feed not purchased); assumed data: licensed feed/video not purchased; parameters measured; pro-rata allocation (lower bracket); depth cap + extrapolation fix,lagcal,0.25,all,500,5000,1,IS,prorata,fixed,-0.180027,-0.429265,0.0716345,0.338154,109382,41700.2,3608.2,59991.3,-73598.1,0.114189,34.5471,0.0112532,-132.105,-2.45039,-22092.7,-3121.48,103,53143.5,159430,46820.3,1.03547,3.39809,1.02515,0.00405269,49.85,10.3,37880.6,56928.2,2.01158,4.46894,0.00547335,76458.8,505264,126316,0.329132,0.318878,0,0.35199,1.47512,3.58561,3.58775,0.93741,-4.77125,31183.3,-30.244,17.4718,99.6543,-313.995,46.4646,1.91088,-6.07425,0.828109,17658.1,131000,189424,0.145746,-0.475729,0.0618467,20,-30.5712
paper; order not sent; CV call on our own streamed footage mapped to a live tennis market for timing (different sport); feed baseline 1 s is simulated (licensed feed not purchased); assumed data: licensed feed/video not purchased; parameters measured; pro-rata allocation (lower bracket); depth cap + extrapolation fix,lagcal,0.25,all,500,25000,1,IS,prorata,fixed,-0.180027,-0.429265,0.0716345,0.338154,109382,41700.2,3608.2,59991.3,-73598.1,0.114189,34.5471,0.000413961,-132.105,-2.45039,-22092.7,-3121.48,103,53143.5,159430,46820.3,1.03547,3.39809,1.02515,0.00405269,49.85,10.3,37880.6,56928.2,2.01158,4.46894,0.00547335,76458.8,505264,126316,0.329132,0.318878,0,0.35199,1.47512,3.58561,3.58775,0.93741,-4.77125,31183.3,-30.244,17.4718,99.6543,-313.995,46.4646,1.91088,-6.07425,0.828109,17658.1,131000,189424,0.145746,-0.475729,0.0618467,20,-30.5712
paper; order not sent; CV call on our own streamed footage mapped to a live tennis market for timing (different sport); feed baseline 1 s is simulated (licensed feed not purchased); assumed data: licensed feed/video not purchased; parameters measured; pro-rata allocation (lower bracket); depth cap + extrapolation fix,lagcal,0.25,all,1000,250,1,IS,prorata,fixed,0.00965757,-0.359434,0.37452,0.376387,109382,46410.3,3608.2,74226.2,-72803.3,0.11414,40.24,0.227688,13.8145,0.100029,-17389.2,-4197.79,103,51793.8,155381,45134.5,1.02865,3.38567,1.03636,0.00392885,49.85,10.3,37498.1,55335.8,2.00297,4.4604,0.00530463,80060.4,505264,126316,0.134132,0.348287,0.127284,0.390298,1.52037,3.3525,3.35323,1.13215,-4.17628,30829.8,3.2451,17.0281,164.257,-269.06,303.577,2.06274,-3.59617,3.42862,17856.7,126950,184569,0.212977,-0.387977,0.379937,20,3.73928
paper; order not sent; CV call on our own streamed footage mapped to a live tennis market for timing (different sport); feed baseline 1 s is simulated (licensed feed not purchased); assumed data: licensed feed/video not purchased; parameters measured; pro-rata allocation (lower bracket); depth cap + extrapolation fix,lagcal,0.25,all,1000,1000,1,IS,prorata,fixed,-0.345458,-0.675287,-0.0220539,0.358389,109382,44145.8,3608.2,79561.9,-117041,0.113201,37.8398,0.0706262,-363.878,-3.72561,-45793.6,-5712.53,103,74676.8,224030,64728.9,1.02968,3.38951,1.03254,0.00400301,49.85,10.3,52692.1,78840.7,2.00584,4.46259,0.00540728,107272,505264,126316,0.224616,0.363946,0.0103766,0.401062,1.45072,3.74459,3.74681,0.916372,-4.79263,42329,-59.2845,24.5513,169.367,-610.431,-32.6558,1.84016,-6.76777,-0.268165,28688.5,175148,268090,0.172385,-0.644052,-0.0258172,20,-59.8962
paper; order not sent; CV call on our own streamed footage mapped to a live tennis market for timing (different sport); feed baseline 1 s is simulated (licensed feed not purchased); assumed data: licensed feed/video not purchased; parameters measured; pro-rata allocation (lower bracket); depth cap + extrapolation fix,lagcal,0.25,all,1000,5000,1,IS,prorata,fixed,-0.366927,-0.693616,-0.0456865,0.356024,109382,43862.4,3608.2,80026.6,-120429,0.113352,37.5258,0.0113569,-392.257,-3.96274,-48527.7,-5884.65,103,76935.6,230807,66320.2,1.03125,3.39211,1.02839,0.00400211,49.85,10.3,53701.2,80888.9,2.00784,4.46441,0.00541294,108833,505264,126316,0.237072,0.364112,0,0.398816,1.44831,3.78258,3.786,0.908991,-4.85205,43080.8,-62.0319,25.2939,173.499,-643.158,-47.1873,1.87144,-7.00156,-0.411835,28990.7,179506,277586,0.174568,-0.681843,-0.0398498,20,-62.781
paper; order not sent; CV call on our own streamed footage mapped to a live tennis market for timing (different sport); feed baseline 1 s is simulated (licensed feed not purchased); assumed data: licensed feed/video not purchased; parameters measured; pro-rata allocation (lower bracket); depth cap + extrapolation fix,lagcal,0.25,all,1000,25000,1,IS,prorata,fixed,-0.366927,-0.693616,-0.0456865,0.356024,109382,43862.4,3608.2,80026.6,-120429,0.113352,37.5258,0.000418089,-392.257,-3.96274,-48527.7,-5884.65,103,76935.6,230807,66320.2,1.03125,3.39211,1.02839,0.00400211,49.85,10.3,53701.2,80888.9,2.00784,4.46441,0.00541294,108833,505264,126316,0.237072,0.364112,0,0.398816,1.44831,3.78258,3.786,0.908991,-4.85205,43080.8,-62.0319,25.2939,173.499,-643.158,-47.1873,1.87144,-7.00156,-0.411835,28990.7,179506,277586,0.174568,-0.681843,-0.0398498,20,-62.781
paper; order not sent; CV call on our own streamed footage mapped to a live tennis market for timing (different sport); feed baseline 1 s is simulated (licensed feed not purchased); assumed data: licensed feed/video not purchased; parameters measured; pro-rata allocation (lower bracket); depth cap + extrapolation fix,lagcal,0.25,all,2000,250,1,IS,prorata,fixed,0.0595498,-0.439555,0.559834,0.391944,109382,48270.9,3608.2,90184.1,-83516.1,0.113073,43.0808,0.229439,64.7384,0.472015,-24388.9,-6351.29,103,57147.1,171441,49460.1,1.0241,3.37875,1.02705,0.0038573,49.85,10.3,41311.1,60500.3,1.99787,4.4541,0.00521707,90996.8,505264,126316,0.0567159,0.377018,0.153584,0.412682,1.51374,3.38123,3.38174,1.221,-4.02121,33932.5,13.7829,18.7881,263.58,-418.013,421.73,2.19275,-3.74935,3.33802,20978.6,139686,204037,0.297621,-0.530902,0.464103,20,13.8552
paper; order not sent; CV call on our own streamed footage mapped to a live tennis market for timing (different sport); feed baseline 1 s is simulated (licensed feed not purchased); assumed data: licensed feed/video not purchased; parameters measured; pro-rata allocation (lower bracket); depth cap + extrapolation fix,lagcal,0.25,all,2000,1000,1,IS,prorata,fixed,-0.422648,-0.86457,0.008749,0.377234,109382,46458.7,3608.2,106786,-164996,0.113045,40.9115,0.0717032,-565.139,-3.43936,-69431,-9774.3,103,92792.2,278377,80112.1,1.02592,3.38279,1.03911,0.00394399,49.85,10.3,65988,98461.5,2.00027,4.45641,0.00531398,137209,505264,126316,0.129333,0.403292,0.0249557,0.44242,1.45432,3.89489,3.89679,0.989268,-4.75472,51931.7,-74.0995,30.507,290.259,-1019.92,-32.8238,1.83891,-6.63292,-0.181673,38099.2,211874,337417,0.237981,-0.80132,-0.00593519,20,-76.026
paper; order not sent; CV call on our own streamed footage mapped to a live tennis market for timing (different sport); feed baseline 1 s is simulated (licensed feed not purchased); assumed data: licensed feed/video not purchased; parameters measured; pro-rata allocation (lower bracket); depth cap + extrapolation fix,lagcal,0.25,all,2000,5000,1,IS,prorata,fixed,-0.56787,-1.00004,-0.140048,0.371526,109382,45739.9,3608.2,106552,-190995,0.11273,40.0419,0.011422,-819.835,-4.67639,-91944.5,-10851.3,103,106046,318138,90378.1,1.02767,3.38523,1.02957,0.00395406,49.85,10.3,72105.7,110277,2.00233,4.45778,0.00534041,147117,505264,126316,0.158091,0.403561,0,0.438348,1.46752,4.09898,4.1087,0.925587,-5.04883,56155.8,-94.0596,34.8645,275.682,-1237.35,-330.886,1.69815,-7.35307,-1.88076,48836.4,240005,396663,0.215022,-0.934823,-0.220195,20,-96.4056
paper; order not sent; CV call on our own streamed footage mapped to a live tennis market for timing (different sport); feed baseline 1 s is simulated (licensed feed not purchased); assumed data: licensed feed/video not purchased; parameters measured; pro-rata allocation (lower bracket); depth cap + extrapolation fix,lagcal,0.25,all,2000,25000,1,IS,prorata,fixed,-0.56787,-1.00004,-0.140048,0.371526,109382,45739.9,3608.2,106552,-190995,0.11273,40.0419,0.000417325,-819.835,-4.67639,-91944.5,-10851.3,103,106046,318138,90378.1,1.02767,3.38523,1.02957,0.00395406,49.85,10.3,72105.7,110277,2.00233,4.45778,0.00534041,147117,505264,126316,0.158091,0.403561,0,0.438348,1.46752,4.09898,4.1087,0.925587,-5.04883,56155.8,-94.0596,34.8645,275.682,-1237.35,-330.886,1.69815,-7.35307,-1.88076,48836.4,240005,396663,0.215022,-0.934823,-0.220195,20,-96.4056
paper; order not sent; CV call on our own streamed footage mapped to a live tennis market for timing (different sport); feed baseline 1 s is simulated (licensed feed not purchased); assumed data: licensed feed/video not purchased; parameters measured; pro-rata allocation (lower bracket); depth cap + extrapolation fix,lagcal,0.25,all,5000,250,1,IS,prorata,fixed,0.0860552,-0.572793,0.759733,0.401932,109382,49436.2,3608.2,101471,-91627,0.111911,45.0928,0.231319,95.5737,0.495524,-36012.2,-8833.28,103,60770.2,182311,52288.4,1.0168,3.36746,1.01008,0.00382214,49.85,10.3,43803,64028.8,1.99006,4.44503,0.00515125,99357.6,505264,126316,0.00768997,0.395376,0.171765,0.42517,1.51447,3.39243,3.39223,1.27204,-3.90872,36045.4,19.1346,19.9793,352.693,-479.848,556.198,2.00321,-2.95676,3.05483,23008.3,150185,220506,0.358454,-0.556161,0.561028,20,18.8308
paper; order not sent; CV call on our own streamed footage mapped to a live tennis market for timing (different sport); feed baseline 1 s is simulated (licensed feed not purchased); assumed data: licensed feed/video not purchased; parameters measured; pro-rata allocation (lower bracket); depth cap + extrapolation fix,lagcal,0.25,all,5000,1000,1,IS,prorata,fixed,-0.423457,-1.07418,0.204043,0.39493,109382,48610.7,3608.2,138909,-210461,0.11256,43.9267,0.0729064,-694.675,-2.44046,-99198.9,-16456,103,110578,331734,94801.1,1.02159,3.375,1.02964,0.00386195,49.85,10.3,77955.3,115698,1.99551,4.4506,0.00520687,168393,505264,126316,0.0413734,0.441716,0.0395237,0.477387,1.46604,4.11985,4.12123,1.07168,-4.53662,60707.8,-76.4337,36.3544,500.439,-1628.8,172.257,1.7498,-5.43158,0.573895,45802.3,253550,405082,0.320088,-1.04515,0.116722,20,-79.6064
paper; order not sent; CV call on our own streamed footage mapped to a live tennis market for timing (different sport); feed baseline 1 s is simulated (licensed feed not purchased); assumed data: licensed feed/video not purchased; parameters measured; pro-rata allocation (lower bracket); depth cap + extrapolation fix,lagcal,0.25,all,5000,5000,1,IS,prorata,fixed,-0.894652,-1.53875,-0.25899,0.387217,109382,47645.1,3608.2,145267,-329662,0.11225,42.6166,0.0116618,-1790.24,-5.03401,-202300,-22001.9,103,147195,441585,127677,1.02306,3.37749,1.03495,0.00389832,49.85,10.3,98230.5,153642,1.99731,4.45235,0.00525753,203205,505264,126316,0.0789686,0.442356,0.00112106,0.477554,1.53956,4.81132,4.83468,0.953054,-5.45241,73250.5,-147.976,48.3929,534.732,-2624.77,-841.613,1.58137,-7.69235,-2.32977,79845.3,331688,585238,0.29892,-1.40411,-0.400784,20,-153.345
paper; order not sent; CV call on our own streamed footage mapped to a live tennis market for timing (different sport); feed baseline 1 s is simulated (licensed feed not purchased); assumed data: licensed feed/video not purchased; parameters measured; pro-rata allocation (lower bracket); depth cap + extrapolation fix,lagcal,0.25,all,5000,25000,1,IS,prorata,fixed,-0.922666,-1.56711,-0.27914,0.386867,109382,47601.7,3608.2,145454,-336365,0.112246,42.5562,0.000426587,-1853.51,-5.17477,-208182,-22227.9,103,149394,448182,130209,1.02339,3.37779,1.03298,0.00390189,49.85,10.3,98814,155894,1.99767,4.45269,0.00526231,203969,505264,126316,0.0808483,0.442179,0,0.476973,1.54245,4.85629,4.88545,0.952335,-5.53463,73590.9,-150.95,49.1158,518.337,-2717.84,-967.1,1.53525,-7.75999,-2.6801,81304,334488,591855,0.292011,-1.45053,-0.448634,20,-156.547
paper; order not sent; CV call on our own streamed footage mapped to a live tennis market for timing (different sport); feed baseline 1 s is simulated (licensed feed not purchased); assumed data: licensed feed/video not purchased; parameters measured; pro-rata allocation (lower bracket); depth cap + extrapolation fix,lagcal,0.5,all,50,250,1,IS,prorata,fixed,0.833663,0.707094,0.958845,0.254937,109382,31813.6,3608.2,26334,-10066,0.124819,25.4595,0.317216,157.942,16.1865,-441.645,-222.504,103,13375.4,40126.3,12371.5,1.05499,3.43043,1.0161,0.00420218,49.85,10.3,9260.78,15010.8,2.02894,4.49345,0.00562506,18796,505264,252632,0.774071,0.0998523,0,0.126077,2.0516,3.03643,3.03738,1.54168,-4.30872,8226.51,143.668,4.3974,28.8176,102.125,209.34,2.51326,11.4561,19.8892,5524.34,29385.8,49227.3,0.0776047,0.668454,0.953516,20,145.11
paper; order not sent; CV call on our own streamed footage mapped to a live tennis market for timing (different sport); feed baseline 1 s is simulated (licensed feed not purchased); assumed data: licensed feed/video not purchased; parameters measured; pro-rata allocation (lower bracket); depth cap + extrapolation fix,lagcal,0.5,all,50,1000,1,IS,prorata,fixed,0.833663,0.707094,0.958845,0.254937,109382,31813.6,3608.2,26334,-10066,0.124819,25.4595,0.123369,157.942,16.1865,-441.645,-222.504,103,13375.4,40126.3,12371.5,1.05499,3.43043,1.0161,0.00420218,49.85,10.3,9260.78,15010.8,2.02894,4.49345,0.00562506,18796,505264,252632,0.774071,0.0998523,0,0.126077,2.0516,3.03643,3.03738,1.54168,-4.30872,8226.51,143.668,4.3974,28.8176,102.125,209.34,2.51326,11.4561,19.8892,5524.34,29385.8,49227.3,0.0776047,0.668454,0.953516,20,145.11
paper; order not sent; CV call on our own streamed footage mapped to a live tennis market for timing (different sport); feed baseline 1 s is simulated (licensed feed not purchased); assumed data: licensed feed/video not purchased; parameters measured; pro-rata allocation (lower bracket); depth cap + extrapolation fix,lagcal,0.5,all,50,5000,1,IS,prorata,fixed,0.833663,0.707094,0.958845,0.254937,109382,31813.6,3608.2,26334,-10066,0.124819,25.4595,0.0207834,157.942,16.1865,-441.645,-222.504,103,13375.4,40126.3,12371.5,1.05499,3.43043,1.0161,0.00420218,49.85,10.3,9260.78,15010.8,2.02894,4.49345,0.00562506,18796,505264,252632,0.774071,0.0998523,0,0.126077,2.0516,3.03643,3.03738,1.54168,-4.30872,8226.51,143.668,4.3974,28.8176,102.125,209.34,2.51326,11.4561,19.8892,5524.34,29385.8,49227.3,0.0776047,0.668454,0.953516,20,145.11
paper; order not sent; CV call on our own streamed footage mapped to a live tennis market for timing (different sport); feed baseline 1 s is simulated (licensed feed not purchased); assumed data: licensed feed/video not purchased; parameters measured; pro-rata allocation (lower bracket); depth cap + extrapolation fix,lagcal,0.5,all,50,25000,1,IS,prorata,fixed,0.833663,0.707094,0.958845,0.254937,109382,31813.6,3608.2,26334,-10066,0.124819,25.4595,0.00127158,157.942,16.1865,-441.645,-222.504,103,13375.4,40126.3,12371.5,1.05499,3.43043,1.0161,0.00420218,49.85,10.3,9260.78,15010.8,2.02894,4.49345,0.00562506,18796,505264,252632,0.774071,0.0998523,0,0.126077,2.0516,3.03643,3.03738,1.54168,-4.30872,8226.51,143.668,4.3974,28.8176,102.125,209.34,2.51326,11.4561,19.8892,5524.34,29385.8,49227.3,0.0776047,0.668454,0.953516,20,145.11
paper; order not sent; CV call on our own streamed footage mapped to a live tennis market for timing (different sport); feed baseline 1 s is simulated (licensed feed not purchased); assumed data: licensed feed/video not purchased; parameters measured; pro-rata allocation (lower bracket); depth cap + extrapolation fix,lagcal,0.5,all,100,250,1,IS,prorata,fixed,0.611834,0.472376,0.751564,0.272355,109382,33895.8,3608.2,40094.1,-19158.7,0.12241,36.9366,0.316559,203.256,12.4383,-1160.39,-505.147,103,23146,69438,20862.4,1.05052,3.42677,1.01676,0.00421731,49.85,10.3,16241,25520.3,2.02547,4.4884,0.00566007,32866.5,505264,252632,0.681466,0.143016,0,0.175519,1.87202,3.1952,3.19649,1.35101,-4.45665,14345,106.841,7.60964,44.3512,120.137,282.394,2.4891,7.78553,15.9684,8972.83,53697.6,84804.9,0.0821562,0.45159,0.732031,20,107.566
paper; order not sent; CV call on our own streamed footage mapped to a live tennis market for timing (different sport); feed baseline 1 s is simulated (licensed feed not purchased); assumed data: licensed feed/video not purchased; parameters measured; pro-rata allocation (lower bracket); depth cap + extrapolation fix,lagcal,0.5,all,100,1000,1,IS,prorata,fixed,0.611834,0.472376,0.751564,0.272355,109382,33895.8,3608.2,40094.1,-19158.7,0.12241,36.9366,0.122814,203.256,12.4383,-1160.39,-505.147,103,23146,69438,20862.4,1.05052,3.42677,1.01676,0.00421731,49.85,10.3,16241,25520.3,2.02547,4.4884,0.00566007,32866.5,505264,252632,0.681466,0.143016,0,0.175519,1.87202,3.1952,3.19649,1.35101,-4.45665,14345,106.841,7.60964,44.3512,120.137,282.394,2.4891,7.78553,15.9684,8972.83,53697.6,84804.9,0.0821562,0.45159,0.732031,20,107.566
paper; order not sent; CV call on our own streamed footage mapped to a live tennis market for timing (different sport); feed baseline 1 s is simulated (licensed feed not purchased); assumed data: licensed feed/video not purchased; parameters measured; pro-rata allocation (lower bracket); depth cap + extrapolation fix,lagcal,0.5,all,100,5000,1,IS,prorata,fixed,0.611834,0.472376,0.751564,0.272355,109382,33895.8,3608.2,40094.1,-19158.7,0.12241,36.9366,0.0206089,203.256,12.4383,-1160.39,-505.147,103,23146,69438,20862.4,1.05052,3.42677,1.01676,0.00421731,49.85,10.3,16241,25520.3,2.02547,4.4884,0.00566007,32866.5,505264,252632,0.681466,0.143016,0,0.175519,1.87202,3.1952,3.19649,1.35101,-4.45665,14345,106.841,7.60964,44.3512,120.137,282.394,2.4891,7.78553,15.9684,8972.83,53697.6,84804.9,0.0821562,0.45159,0.732031,20,107.566
paper; order not sent; CV call on our own streamed footage mapped to a live tennis market for timing (different sport); feed baseline 1 s is simulated (licensed feed not purchased); assumed data: licensed feed/video not purchased; parameters measured; pro-rata allocation (lower bracket); depth cap + extrapolation fix,lagcal,0.5,all,100,25000,1,IS,prorata,fixed,0.611834,0.472376,0.751564,0.272355,109382,33895.8,3608.2,40094.1,-19158.7,0.12241,36.9366,0.00123912,203.256,12.4383,-1160.39,-505.147,103,23146,69438,20862.4,1.05052,3.42677,1.01676,0.00421731,49.85,10.3,16241,25520.3,2.02547,4.4884,0.00566007,32866.5,505264,252632,0.681466,0.143016,0,0.175519,1.87202,3.1952,3.19649,1.35101,-4.45665,14345,106.841,7.60964,44.3512,120.137,282.394,2.4891,7.78553,15.9684,8972.83,53697.6,84804.9,0.0821562,0.45159,0.732031,20,107.566
paper; order not sent; CV call on our own streamed footage mapped to a live tennis market for timing (different sport); feed baseline 1 s is simulated (licensed feed not purchased); assumed data: licensed feed/video not purchased; parameters measured; pro-rata allocation (lower bracket); depth cap + extrapolation fix,lagcal,0.5,all,200,250,1,IS,prorata,fixed,0.410669,0.251736,0.572506,0.298562,109382,37020.4,3608.2,57478.5,-34329.4,0.119124,47.1329,0.319003,224.748,8.17268,-2714.09,-1057.44,103,37760.1,113280,33375.1,1.03903,3.40781,1.02485,0.00412628,49.85,10.3,26595.1,40982.4,2.01482,4.47625,0.00554717,53887,505264,252632,0.53911,0.194649,0.036489,0.229752,1.7203,3.34097,3.34221,1.19267,-4.53815,23295.7,72.4162,12.4143,64.2979,103.249,328.907,2.25157,4.01103,11.2427,15410.7,87578.9,140247,0.0900159,0.230679,0.547545,20,73.153
paper; order not sent; CV call on our own streamed footage mapped to a live tennis market for timing (different sport); feed baseline 1 s is simulated (licensed feed not purchased); assumed data: licensed feed/video not purchased; parameters measured; pro-rata allocation (lower bracket); depth cap + extrapolation fix,lagcal,0.5,all,200,1000,1,IS,prorata,fixed,0.39641,0.239157,0.556232,0.292425,109382,36290.4,3608.2,57760.5,-35028.2,0.11988,47.8527,0.122739,220.702,7.97769,-2757.9,-1080.84,103,38552,115656,33887.6,1.04563,3.41812,1.01831,0.00413734,49.85,10.3,27132.9,41671.2,2.02135,4.48237,0.00556349,54781.1,505264,252632,0.575177,0.195909,0,0.228914,1.70769,3.36429,3.3659,1.17751,-4.5786,23781.8,69.6516,12.6746,65.3449,98.6244,327.866,2.28139,3.82183,11.1267,15373.4,89883.9,142166,0.0911929,0.218379,0.538859,20,70.2677
paper; order not sent; CV call on our own streamed footage mapped to a live tennis market for timing (different sport); feed baseline 1 s is simulated (licensed feed not purchased); assumed data: licensed feed/video not purchased; parameters measured; pro-rata allocation (lower bracket); depth cap + extrapolation fix,lagcal,0.5,all,200,5000,1,IS,prorata,fixed,0.39641,0.239157,0.556232,0.292425,109382,36290.4,3608.2,57760.5,-35028.2,0.11988,47.8527,0.020606,220.702,7.97769,-2757.9,-1080.84,103,38552,115656,33887.6,1.04563,3.41812,1.01831,0.00413734,49.85,10.3,27132.9,41671.2,2.02135,4.48237,0.00556349,54781.1,505264,252632,0.575177,0.195909,0,0.228914,1.70769,3.36429,3.3659,1.17751,-4.5786,23781.8,69.6516,12.6746,65.3449,98.6244,327.866,2.28139,3.82183,11.1267,15373.4,89883.9,142166,0.0911929,0.218379,0.538859,20,70.2677
paper; order not sent; CV call on our own streamed footage mapped to a live tennis market for timing (different sport); feed baseline 1 s is simulated (licensed feed not purchased); assumed data: licensed feed/video not purchased; parameters measured; pro-rata allocation (lower bracket); depth cap + extrapolation fix,lagcal,0.5,all,200,25000,1,IS,prorata,fixed,0.39641,0.239157,0.556232,0.292425,109382,36290.4,3608.2,57760.5,-35028.2,0.11988,47.8527,0.00124293,220.702,7.97769,-2757.9,-1080.84,103,38552,115656,33887.6,1.04563,3.41812,1.01831,0.00413734,49.85,10.3,27132.9,41671.2,2.02135,4.48237,0.00556349,54781.1,505264,252632,0.575177,0.195909,0,0.228914,1.70769,3.36429,3.3659,1.17751,-4.5786,23781.8,69.6516,12.6746,65.3449,98.6244,327.866,2.28139,3.82183,11.1267,15373.4,89883.9,142166,0.0911929,0.218379,0.538859,20,70.2677
paper; order not sent; CV call on our own streamed footage mapped to a live tennis market for timing (different sport); feed baseline 1 s is simulated (licensed feed not purchased); assumed data: licensed feed/video not purchased; parameters measured; pro-rata allocation (lower bracket); depth cap + extrapolation fix,lagcal,0.5,all,500,250,1,IS,prorata,fixed,0.317177,0.095006,0.538992,0.342854,109382,42382,3608.2,85355.1,-57674.1,0.11638,61.463,0.32469,268.747,4.96675,-6655.62,-2474.38,103,56033,168099,49348,1.03137,3.3915,1.03461,0.00399903,49.85,10.3,39989.6,60701.7,2.00768,4.46503,0.00539911,82666.7,505264,252632,0.306754,0.254279,0.140033,0.298934,1.64604,3.32947,3.33053,1.17793,-4.39247,34576.4,58.354,18.4218,123.293,49.4421,458.488,2.20716,1.01518,8.01003,22622.8,131038,208760,0.132305,0.0691207,0.523279,20,59.213
paper; order not sent; CV call on our own streamed footage mapped to a live tennis market for timing (different sport); feed baseline 1 s is simulated (licensed feed not purchased); assumed data: licensed feed/video not purchased; parameters measured; pro-rata allocation (lower bracket); depth cap + extrapolation fix,lagcal,0.5,all,500,1000,1,IS,prorata,fixed,0.148356,-0.0487946,0.348372,0.319706,109382,39563.2,3608.2,89069.9,-73107.4,0.117325,58.9753,0.123216,154.977,2.63568,-10435.5,-2891.84,103,69728,209184,61144.2,1.03958,3.40728,1.02267,0.00411083,49.85,10.3,49345.6,74974.3,2.01579,4.47579,0.00553309,99498.2,505264,252632,0.431258,0.267398,0,0.301344,1.54565,3.59107,3.5929,1.01329,-4.76338,42716.1,27.0415,22.9243,124.574,-73.1964,347.914,2.11168,-1.25426,6.05014,26346.1,171422,253023,0.121608,-0.086368,0.348946,20,27.1445
paper; order not sent; CV call on our own streamed footage mapped to a live tennis market for timing (different sport); feed baseline 1 s is simulated (licensed feed not purchased); assumed data: licensed feed/video not purchased; parameters measured; pro-rata allocation (lower bracket); depth cap + extrapolation fix,lagcal,0.5,all,500,5000,1,IS,prorata,fixed,0.148356,-0.0487946,0.348372,0.319706,109382,39563.2,3608.2,89069.9,-73107.4,0.117325,58.9753,0.020665,154.977,2.63568,-10435.5,-2891.84,103,69728,209184,61144.2,1.03958,3.40728,1.02267,0.00411083,49.85,10.3,49345.6,74974.3,2.01579,4.47579,0.00553309,99498.2,505264,252632,0.431258,0.267398,0,0.301344,1.54565,3.59107,3.5929,1.01329,-4.76338,42716.1,27.0415,22.9243,124.574,-73.1964,347.914,2.11168,-1.25426,6.05014,26346.1,171422,253023,0.121608,-0.086368,0.348946,20,27.1445
paper; order not sent; CV call on our own streamed footage mapped to a live tennis market for timing (different sport); feed baseline 1 s is simulated (licensed feed not purchased); assumed data: licensed feed/video not purchased; parameters measured; pro-rata allocation (lower bracket); depth cap + extrapolation fix,lagcal,0.5,all,500,25000,1,IS,prorata,fixed,0.148356,-0.0487946,0.348372,0.319706,109382,39563.2,3608.2,89069.9,-73107.4,0.117325,58.9753,0.00125573,154.977,2.63568,-10435.5,-2891.84,103,69728,209184,61144.2,1.03958,3.40728,1.02267,0.00411083,49.85,10.3,49345.6,74974.3,2.01579,4.47579,0.00553309,99498.2,505264,252632,0.431258,0.267398,0,0.301344,1.54565,3.59107,3.5929,1.01329,-4.76338,42716.1,27.0415,22.9243,124.574,-73.1964,347.914,2.11168,-1.25426,6.05014,26346.1,171422,253023,0.121608,-0.086368,0.348946,20,27.1445
paper; order not sent; CV call on our own streamed footage mapped to a live tennis market for timing (different sport); feed baseline 1 s is simulated (licensed feed not purchased); assumed data: licensed feed/video not purchased; parameters measured; pro-rata allocation (lower bracket); depth cap + extrapolation fix,lagcal,0.5,all,1000,250,1,IS,prorata,fixed,0.327946,0.0187671,0.630821,0.368245,109382,45469.9,3608.2,106378,-71586.3,0.115399,70.6653,0.327326,337.78,3.91234,-10495.2,-3904.77,103,66109.9,198330,58083.2,1.0299,3.38748,1.0365,0.00394079,49.85,10.3,47296.7,71471.7,2.00449,4.46088,0.00532788,100663,505264,252632,0.176522,0.29141,0.197622,0.334446,1.62354,3.31921,3.31999,1.22308,-4.15807,40697.9,62.164,21.7348,179.685,15.2551,623.662,2.0778,0.197315,7.64161,25041.3,155808,241864,0.167621,0.0128924,0.609577,20,63.4395
paper; order not sent; CV call on our own streamed footage mapped to a live tennis market for timing (different sport); feed baseline 1 s is simulated (licensed feed not purchased); assumed data: licensed feed/video not purchased; parameters measured; pro-rata allocation (lower bracket); depth cap + extrapolation fix,lagcal,0.5,all,1000,1000,1,IS,prorata,fixed,0.0155532,-0.239253,0.267388,0.344045,109382,42487.4,3608.2,119084,-115466,0.115488,66.3065,0.125214,35.1296,0.257956,-25102.7,-5578.01,103,100718,302155,88052.3,1.03185,3.39368,1.03097,0.00405418,49.85,10.3,71045.5,107492,2.00814,4.46464,0.00546324,144104,505264,252632,0.302316,0.319823,0.0222124,0.355648,1.48594,3.73867,3.74082,0.948363,-4.77009,60819,4.24362,33.1129,203.083,-338.663,393.513,1.9714,-3.55024,3.55657,35975,246427,362831,0.148575,-0.273444,0.272758,20,4.0065
paper; order not sent; CV call on our own streamed footage mapped to a live tennis market for timing (different sport); feed baseline 1 s is simulated (licensed feed not purchased); assumed data: licensed feed/video not purchased; parameters measured; pro-rata allocation (lower bracket); depth cap + extrapolation fix,lagcal,0.5,all,1000,5000,1,IS,prorata,fixed,-0.010086,-0.259476,0.239359,0.339826,109382,41988.4,3608.2,118581,-118727,0.115945,65.4806,0.0208143,-1.42054,-0.0885045,-27456.7,-5720.55,103,104036,312108,90969.8,1.03447,3.39809,1.02596,0.004055,49.85,10.3,72967.1,110815,2.01085,4.46812,0.00547254,147237,505264,252632,0.325793,0.32083,0,0.353377,1.475,3.78254,3.78597,0.922861,-4.82332,62497.9,-0.166127,34.2036,209.306,-401.847,372.109,2.02493,-4.13199,3.36523,35381.6,255277,372069,0.151426,-0.317444,0.251496,20,-0.546335
paper; order not sent; CV call on our own streamed footage mapped to a live tennis market for timing (different sport); feed baseline 1 s is simulated (licensed feed not purchased); assumed data: licensed feed/video not purchased; parameters measured; pro-rata allocation (lower bracket); depth cap + extrapolation fix,lagcal,0.5,all,1000,25000,1,IS,prorata,fixed,-0.010086,-0.259476,0.239359,0.339826,109382,41988.4,3608.2,118581,-118727,0.115945,65.4806,0.00128717,-1.42054,-0.0885045,-27456.7,-5720.55,103,104036,312108,90969.8,1.03447,3.39809,1.02596,0.004055,49.85,10.3,72967.1,110815,2.01085,4.46812,0.00547254,147237,505264,252632,0.325793,0.32083,0,0.353377,1.475,3.78254,3.78597,0.922861,-4.82332,62497.9,-0.166127,34.2036,209.306,-401.847,372.109,2.02493,-4.13199,3.36523,35381.6,255277,372069,0.151426,-0.317444,0.251496,20,-0.546335
paper; order not sent; CV call on our own streamed footage mapped to a live tennis market for timing (different sport); feed baseline 1 s is simulated (licensed feed not purchased); assumed data: licensed feed/video not purchased; parameters measured; pro-rata allocation (lower bracket); depth cap + extrapolation fix,lagcal,0.5,all,2000,250,1,IS,prorata,fixed,0.387632,-0.0360231,0.816167,0.386641,109382,47658.4,3608.2,129562,-82437.5,0.113835,77.9773,0.329488,457.517,3.35132,-17197,-5803.31,103,73398.5,220195,64165.5,1.02691,3.38122,1.03229,0.00386557,49.85,10.3,52434.1,78857.1,2.00033,4.45604,0.00523502,115096,505264,252632,0.0838382,0.320538,0.238556,0.357067,1.6103,3.34526,3.34579,1.31068,-4.01402,45123,75.8388,24.131,277.826,-72.7835,842.29,2.05168,-0.598914,6.40433,28592.5,174116,268453,0.230503,-0.0742116,0.688291,20,77.3159
paper; order not sent; CV call on our own streamed footage mapped to a live tennis market for timing (different sport); feed baseline 1 s is simulated (licensed feed not purchased); assumed data: licensed feed/video not purchased; parameters measured; pro-rata allocation (lower bracket); depth cap + extrapolation fix,lagcal,0.5,all,2000,1000,1,IS,prorata,fixed,-0.0303927,-0.371978,0.301268,0.367246,109382,45305.6,3608.2,158955,-162827,0.114578,73.5683,0.127172,-37.5982,-0.299659,-42720,-9293.53,103,128021,384064,110735,1.02762,3.38672,1.03766,0.00396752,49.85,10.3,90485.6,135252,2.00296,4.45994,0.0053518,186825,505264,252632,0.182277,0.363595,0.0516608,0.402467,1.46834,3.87657,3.87835,0.994809,-4.74218,76608.2,-3.5732,42.0892,347.075,-593.912,593.109,1.99009,-3.61626,3.04833,45885.3,308056,456326,0.198629,-0.369817,0.32436,20,-3.7734
paper; order not sent; CV call on our own streamed footage mapped to a live tennis market for timing (different sport); feed baseline 1 s is simulated (licensed feed not purchased); assumed data: licensed feed/video not purchased; parameters measured; pro-rata allocation (lower bracket); depth cap + extrapolation fix,lagcal,0.5,all,2000,5000,1,IS,prorata,fixed,-0.15724,-0.481005,0.163487,0.357841,109382,44156.4,3608.2,158606,-189921,0.114792,71.0755,0.0210361,-304.03,-1.69546,-60239.9,-10372.9,103,150229,450687,128967,1.03009,3.39178,1.02914,0.00398793,49.85,10.3,102166,156654,2.00642,4.46348,0.00539756,206658,505264,252632,0.232692,0.366729,0,0.400578,1.44766,4.11172,4.1207,0.89617,-5.06066,86434.2,-24.6227,49.3903,341.74,-833.788,323.558,1.88393,-4.86315,1.57326,57276.3,347979,540383,0.180342,-0.469886,0.155338,20,-25.4642
paper; order not sent; CV call on our own streamed footage mapped to a live tennis market for timing (different sport); feed baseline 1 s is simulated (licensed feed not purchased); assumed data: licensed feed/video not purchased; parameters measured; pro-rata allocation (lower bracket); depth cap + extrapolation fix,lagcal,0.5,all,2000,25000,1,IS,prorata,fixed,-0.15724,-0.481005,0.163487,0.357841,109382,44156.4,3608.2,158606,-189921,0.114792,71.0755,0.00128888,-304.03,-1.69546,-60239.9,-10372.9,103,150229,450687,128967,1.03009,3.39178,1.02914,0.00398793,49.85,10.3,102166,156654,2.00642,4.46348,0.00539756,206658,505264,252632,0.232692,0.366729,0,0.400578,1.44766,4.11172,4.1207,0.89617,-5.06066,86434.2,-24.6227,49.3903,341.74,-833.788,323.558,1.88393,-4.86315,1.57326,57276.3,347979,540383,0.180342,-0.469886,0.155338,20,-25.4642
paper; order not sent; CV call on our own streamed footage mapped to a live tennis market for timing (different sport); feed baseline 1 s is simulated (licensed feed not purchased); assumed data: licensed feed/video not purchased; parameters measured; pro-rata allocation (lower bracket); depth cap + extrapolation fix,lagcal,0.5,all,5000,250,1,IS,prorata,fixed,0.44822,-0.150444,1.06223,0.400266,109382,49245.6,3608.2,151405,-91067.1,0.112167,83.9522,0.332114,585.802,2.75296,-29835.2,-9339.47,103,79009.6,237029,68466.4,1.01866,3.36981,1.01558,0.00381826,49.85,10.3,56275.1,83745.1,1.99219,4.4477,0.00515247,127340,505264,252632,0.0158059,0.342288,0.270511,0.371396,1.60591,3.37358,3.37338,1.38993,-3.90466,48546.1,90.2074,25.9758,394.482,-134.718,1096.38,1.84837,-0.73111,5.15864,32222,189619,294996,0.298017,-0.123409,0.803722,20,91.7721
paper; order not sent; CV call on our own streamed footage mapped to a live tennis market for timing (different sport); feed baseline 1 s is simulated (licensed feed not purchased); assumed data: licensed feed/video not purchased; parameters measured; pro-rata allocation (lower bracket); depth cap + extrapolation fix,lagcal,0.5,all,5000,1000,1,IS,prorata,fixed,0.0294069,-0.480042,0.536155,0.389815,109382,48020.7,3608.2,217416,-208056,0.113293,80.7906,0.129246,90.8718,0.241949,-65371.4,-16421.4,103,154068,462204,131702,1.02424,3.37888,1.03357,0.0038776,49.85,10.3,108325,161163,1.99845,4.45401,0.00524024,231368,505264,252632,0.0678439,0.408875,0.080354,0.442927,1.4636,4.07272,4.0741,1.11526,-4.54174,91294.6,7.1761,50.6525,604.944,-1007.74,1138.49,1.91186,-3.13597,3.40957,56948,370886,549496,0.273,-0.479474,0.504649,20,6.2215
paper; order not sent; CV call on our own streamed footage mapped to a live tennis market for timing (different sport); feed baseline 1 s is simulated (licensed feed not purchased); assumed data: licensed feed/video not purchased; parameters measured; pro-rata allocation (lower bracket); depth cap + extrapolation fix,lagcal,0.5,all,5000,5000,1,IS,prorata,fixed,-0.310215,-0.779398,0.158372,0.378331,109382,46616.7,3608.2,235145,-326109,0.113491,77.4406,0.0213901,-883.152,-2.29571,-129628,-22372.4,103,218843,656529,188020,1.02523,3.38238,1.03405,0.0039323,49.85,10.3,145066,229601,1.9994,4.45509,0.00530309,295847,505264,252632,0.126807,0.417833,0.00297228,0.452388,1.47687,4.79131,4.81338,0.948448,-5.45946,120498,-49.0992,71.9484,584.543,-1791.6,98.2533,1.53823,-4.76597,0.252566,112174,482728,834045,0.219765,-0.676523,0.0357776,20,-51.7479
paper; order not sent; CV call on our own streamed footage mapped to a live tennis market for timing (different sport); feed baseline 1 s is simulated (licensed feed not purchased); assumed data: licensed feed/video not purchased; parameters measured; pro-rata allocation (lower bracket); depth cap + extrapolation fix,lagcal,0.5,all,5000,25000,1,IS,prorata,fixed,-0.334241,-0.801275,0.137294,0.377631,109382,46532.9,3608.2,235050,-333946,0.113541,77.2597,0.00130322,-960.152,-2.47116,-135629,-23004.7,103,223034,669102,191288,1.02586,3.38303,1.03161,0.00393634,49.85,10.3,146358,232918,2.00005,4.45558,0.00530552,297663,505264,252632,0.130746,0.417729,0,0.451524,1.47949,4.85214,4.88274,0.942388,-5.55705,121517,-52.377,73.3262,555.145,-1870.07,-80.1654,1.44779,-4.93462,-0.188259,118112,496351,858201,0.210751,-0.695319,-0.0250348,20,-55.2119
paper; order not sent; CV call on our own streamed footage mapped to a live tennis market for timing (different sport); feed baseline 1 s is simulated (licensed feed not purchased); assumed data: licensed feed/video not purchased; parameters measured; pro-rata allocation (lower bracket); depth cap + extrapolation fix,lagcal,1,all,50,250,1,IS,prorata,fixed,1.04035,0.922429,1.15574,0.241302,109382,30238.9,3608.2,32171.2,-10042.9,0.128566,31.1996,0.436757,214.837,18.822,-375.809,-202.769,103,14823.9,44471.6,14047.9,1.05903,3.43217,1.01647,0.00420058,49.85,10.3,10084.1,16901.6,2.03156,4.49713,0.00560855,20522.7,505264,505264,0.849906,0.0638587,0,0.0862352,2.20437,3.0376,3.03845,1.70627,-4.30608,9054.92,176.327,4.87361,35.0826,148.071,277.311,2.512,14.4854,23.2229,6322.32,32300.2,54728.5,0.0734562,0.885648,1.15789,20,178.658
paper; order not sent; CV call on our own streamed footage mapped to a live tennis market for timing (different sport); feed baseline 1 s is simulated (licensed feed not purchased); assumed data: licensed feed/video not purchased; parameters measured; pro-rata allocation (lower bracket); depth cap + extrapolation fix,lagcal,1,all,50,1000,1,IS,prorata,fixed,1.04035,0.922429,1.15574,0.241302,109382,30238.9,3608.2,32171.2,-10042.9,0.128566,31.1996,0.193968,214.837,18.822,-375.809,-202.769,103,14823.9,44471.6,14047.9,1.05903,3.43217,1.01647,0.00420058,49.85,10.3,10084.1,16901.6,2.03156,4.49713,0.00560855,20522.7,505264,505264,0.849906,0.0638587,0,0.0862352,2.20437,3.0376,3.03845,1.70627,-4.30608,9054.92,176.327,4.87361,35.0826,148.071,277.311,2.512,14.4854,23.2229,6322.32,32300.2,54728.5,0.0734562,0.885648,1.15789,20,178.658
paper; order not sent; CV call on our own streamed footage mapped to a live tennis market for timing (different sport); feed baseline 1 s is simulated (licensed feed not purchased); assumed data: licensed feed/video not purchased; parameters measured; pro-rata allocation (lower bracket); depth cap + extrapolation fix,lagcal,1,all,50,5000,1,IS,prorata,fixed,1.04035,0.922429,1.15574,0.241302,109382,30238.9,3608.2,32171.2,-10042.9,0.128566,31.1996,0.0441327,214.837,18.822,-375.809,-202.769,103,14823.9,44471.6,14047.9,1.05903,3.43217,1.01647,0.00420058,49.85,10.3,10084.1,16901.6,2.03156,4.49713,0.00560855,20522.7,505264,505264,0.849906,0.0638587,0,0.0862352,2.20437,3.0376,3.03845,1.70627,-4.30608,9054.92,176.327,4.87361,35.0826,148.071,277.311,2.512,14.4854,23.2229,6322.32,32300.2,54728.5,0.0734562,0.885648,1.15789,20,178.658
paper; order not sent; CV call on our own streamed footage mapped to a live tennis market for timing (different sport); feed baseline 1 s is simulated (licensed feed not purchased); assumed data: licensed feed/video not purchased; parameters measured; pro-rata allocation (lower bracket); depth cap + extrapolation fix,lagcal,1,all,50,25000,1,IS,prorata,fixed,1.04035,0.922429,1.15574,0.241302,109382,30238.9,3608.2,32171.2,-10042.9,0.128566,31.1996,0.00449936,214.837,18.822,-375.809,-202.769,103,14823.9,44471.6,14047.9,1.05903,3.43217,1.01647,0.00420058,49.85,10.3,10084.1,16901.6,2.03156,4.49713,0.00560855,20522.7,505264,505264,0.849906,0.0638587,0,0.0862352,2.20437,3.0376,3.03845,1.70627,-4.30608,9054.92,176.327,4.87361,35.0826,148.071,277.311,2.512,14.4854,23.2229,6322.32,32300.2,54728.5,0.0734562,0.885648,1.15789,20,178.658
paper; order not sent; CV call on our own streamed footage mapped to a live tennis market for timing (different sport); feed baseline 1 s is simulated (licensed feed not purchased); assumed data: licensed feed/video not purchased; parameters measured; pro-rata allocation (lower bracket); depth cap + extrapolation fix,lagcal,1,all,100,250,1,IS,prorata,fixed,0.869956,0.744301,0.995925,0.255671,109382,31964.1,3608.2,52583.6,-18971.9,0.126451,49.6859,0.434188,326.327,16.6562,-825.432,-432.954,103,26571.9,79715.9,24496.5,1.05438,3.431,1.0168,0.00420256,49.85,10.3,18339.4,29757.5,2.02842,4.49324,0.00562213,37232.1,505264,505264,0.773702,0.100059,0,0.126239,2.05186,3.19579,3.19703,1.53854,-4.42621,16456.8,149.418,8.73598,58.0003,215.994,427.878,2.46611,11.966,20.1198,11005.5,58433.8,97952.9,0.075473,0.715074,0.980541,20,150.992
paper; order not sent; CV call on our own streamed footage mapped to a live tennis market for timing (different sport); feed baseline 1 s is simulated (licensed feed not purchased); assumed data: licensed feed/video not purchased; parameters measured; pro-rata allocation (lower bracket); depth cap + extrapolation fix,lagcal,1,all,100,1000,1,IS,prorata,fixed,0.869956,0.744301,0.995925,0.255671,109382,31964.1,3608.2,52583.6,-18971.9,0.126451,49.6859,0.192125,326.327,16.6562,-825.432,-432.954,103,26571.9,79715.9,24496.5,1.05438,3.431,1.0168,0.00420256,49.85,10.3,18339.4,29757.5,2.02842,4.49324,0.00562213,37232.1,505264,505264,0.773702,0.100059,0,0.126239,2.05186,3.19579,3.19703,1.53854,-4.42621,16456.8,149.418,8.73598,58.0003,215.994,427.878,2.46611,11.966,20.1198,11005.5,58433.8,97952.9,0.075473,0.715074,0.980541,20,150.992
paper; order not sent; CV call on our own streamed footage mapped to a live tennis market for timing (different sport); feed baseline 1 s is simulated (licensed feed not purchased); assumed data: licensed feed/video not purchased; parameters measured; pro-rata allocation (lower bracket); depth cap + extrapolation fix,lagcal,1,all,100,5000,1,IS,prorata,fixed,0.869956,0.744301,0.995925,0.255671,109382,31964.1,3608.2,52583.6,-18971.9,0.126451,49.6859,0.0435307,326.327,16.6562,-825.432,-432.954,103,26571.9,79715.9,24496.5,1.05438,3.431,1.0168,0.00420256,49.85,10.3,18339.4,29757.5,2.02842,4.49324,0.00562213,37232.1,505264,505264,0.773702,0.100059,0,0.126239,2.05186,3.19579,3.19703,1.53854,-4.42621,16456.8,149.418,8.73598,58.0003,215.994,427.878,2.46611,11.966,20.1198,11005.5,58433.8,97952.9,0.075473,0.715074,0.980541,20,150.992
paper; order not sent; CV call on our own streamed footage mapped to a live tennis market for timing (different sport); feed baseline 1 s is simulated (licensed feed not purchased); assumed data: licensed feed/video not purchased; parameters measured; pro-rata allocation (lower bracket); depth cap + extrapolation fix,lagcal,1,all,100,25000,1,IS,prorata,fixed,0.869956,0.744301,0.995925,0.255671,109382,31964.1,3608.2,52583.6,-18971.9,0.126451,49.6859,0.00442581,326.327,16.6562,-825.432,-432.954,103,26571.9,79715.9,24496.5,1.05438,3.431,1.0168,0.00420256,49.85,10.3,18339.4,29757.5,2.02842,4.49324,0.00562213,37232.1,505264,505264,0.773702,0.100059,0,0.126239,2.05186,3.19579,3.19703,1.53854,-4.42621,16456.8,149.418,8.73598,58.0003,215.994,427.878,2.46611,11.966,20.1198,11005.5,58433.8,97952.9,0.075473,0.715074,0.980541,20,150.992
paper; order not sent; CV call on our own streamed footage mapped to a live tennis market for timing (different sport); feed baseline 1 s is simulated (licensed feed not purchased); assumed data: licensed feed/video not purchased; parameters measured; pro-rata allocation (lower bracket); depth cap + extrapolation fix,lagcal,1,all,200,250,1,IS,prorata,fixed,0.685846,0.546171,0.826626,0.28237,109382,35155.1,3608.2,79268,-34046.8,0.122737,68.3317,0.437035,439.04,13.5804,-1977.95,-929.335,103,44680.1,134040,40420.4,1.03905,3.41106,1.02562,0.00419282,49.85,10.3,31204.1,49471.7,2.01471,4.47714,0.00561684,63425.3,505264,505264,0.627372,0.142087,0.0549713,0.175571,1.88829,3.33911,3.34026,1.36597,-4.51996,27929.6,119.553,14.6893,87.8124,269.069,588.299,2.38286,9.02407,16.898,18009.4,101714,165111,0.0785249,0.524837,0.791696,20,120.617
paper; order not sent; CV call on our own streamed footage mapped to a live tennis market for timing (different sport); feed baseline 1 s is simulated (licensed feed not purchased); assumed data: licensed feed/video not purchased; parameters measured; pro-rata allocation (lower bracket); depth cap + extrapolation fix,lagcal,1,all,200,1000,1,IS,prorata,fixed,0.671607,0.532147,0.811301,0.273287,109382,34082.8,3608.2,80021.6,-34739.1,0.12426,71.1039,0.191811,439.636,13.4747,-2012.93,-953.073,103,45886.4,137659,41161.9,1.04951,3.42686,1.01714,0.00422003,49.85,10.3,32022.7,50452.3,2.02456,4.4879,0.00565473,64826.5,505264,505264,0.680836,0.143367,0,0.175796,1.87236,3.36539,3.36691,1.34697,-4.55927,28699.9,116.568,15.0859,89.9485,267.345,594.89,2.40478,8.88475,16.7324,18067.5,106437,168630,0.079226,0.510906,0.782975,20,117.443
paper; order not sent; CV call on our own streamed footage mapped to a live tennis market for timing (different sport); feed baseline 1 s is simulated (licensed feed not purchased); assumed data: licensed feed/video not purchased; parameters measured; pro-rata allocation (lower bracket); depth cap + extrapolation fix,lagcal,1,all,200,5000,1,IS,prorata,fixed,0.671607,0.532147,0.811301,0.273287,109382,34082.8,3608.2,80021.6,-34739.1,0.12426,71.1039,0.0433537,439.636,13.4747,-2012.93,-953.073,103,45886.4,137659,41161.9,1.04951,3.42686,1.01714,0.00422003,49.85,10.3,32022.7,50452.3,2.02456,4.4879,0.00565473,64826.5,505264,505264,0.680836,0.143367,0,0.175796,1.87236,3.36539,3.36691,1.34697,-4.55927,28699.9,116.568,15.0859,89.9485,267.345,594.89,2.40478,8.88475,16.7324,18067.5,106437,168630,0.079226,0.510906,0.782975,20,117.443
paper; order not sent; CV call on our own streamed footage mapped to a live tennis market for timing (different sport); feed baseline 1 s is simulated (licensed feed not purchased); assumed data: licensed feed/video not purchased; parameters measured; pro-rata allocation (lower bracket); depth cap + extrapolation fix,lagcal,1,all,200,25000,1,IS,prorata,fixed,0.671607,0.532147,0.811301,0.273287,109382,34082.8,3608.2,80021.6,-34739.1,0.12426,71.1039,0.00440058,439.636,13.4747,-2012.93,-953.073,103,45886.4,137659,41161.9,1.04951,3.42686,1.01714,0.00422003,49.85,10.3,32022.7,50452.3,2.02456,4.4879,0.00565473,64826.5,505264,505264,0.680836,0.143367,0,0.175796,1.87236,3.36539,3.36691,1.34697,-4.55927,28699.9,116.568,15.0859,89.9485,267.345,594.89,2.40478,8.88475,16.7324,18067.5,106437,168630,0.079226,0.510906,0.782975,20,117.443
paper; order not sent; CV call on our own streamed footage mapped to a live tennis market for timing (different sport); feed baseline 1 s is simulated (licensed feed not purchased); assumed data: licensed feed/video not purchased; parameters measured; pro-rata allocation (lower bracket); depth cap + extrapolation fix,lagcal,1,all,500,250,1,IS,prorata,fixed,0.602718,0.413689,0.794938,0.33192,109382,41119.8,3608.2,119183,-56819.8,0.118325,96.9921,0.444599,605.466,10.1555,-4610.78,-2164.57,103,67677.9,203034,61097,1.03152,3.3929,1.03531,0.00398162,49.85,10.3,47910.1,75013.4,2.00761,4.46641,0.00537132,99196.9,505264,505264,0.365167,0.193892,0.202937,0.238003,1.80217,3.3107,3.31173,1.33065,-4.35822,42534.4,108.846,22.2503,153.561,323.334,827.063,2.45759,5.79571,13.6816,28996.3,151799,255261,0.111696,0.388266,0.742446,20,110.468
paper; order not sent; CV call on our own streamed footage mapped to a live tennis market for timing (different sport); feed baseline 1 s is simulated (licensed feed not purchased); assumed data: licensed feed/video not purchased; parameters measured; pro-rata allocation (lower bracket); depth cap + extrapolation fix,lagcal,1,all,500,1000,1,IS,prorata,fixed,0.428361,0.265416,0.597506,0.30041,109382,37331.3,3608.2,127951,-71966,0.121075,96.4002,0.192495,543.545,8.36871,-5776.09,-2555.99,103,88627.1,265881,77203.8,1.04327,3.4151,1.02002,0.0041206,49.85,10.3,61909.1,95154.2,2.01904,4.47899,0.00554801,124938,505264,505264,0.537909,0.214874,0,0.247218,1.65802,3.59031,3.59186,1.12059,-4.71526,55349.9,74.6175,29.1377,155.687,252.186,777.659,2.27074,4.27634,11.5222,34650.6,211216,325350,0.0948146,0.248613,0.580108,20,75.2374
paper; order not sent; CV call on our own streamed footage mapped to a live tennis market for timing (different sport); feed baseline 1 s is simulated (licensed feed not purchased); assumed data: licensed feed/video not purchased; parameters measured; pro-rata allocation (lower bracket); depth cap + extrapolation fix,lagcal,1,all,500,5000,1,IS,prorata,fixed,0.428361,0.265416,0.597506,0.30041,109382,37331.3,3608.2,127951,-71966,0.121075,96.4002,0.0434792,543.545,8.36871,-5776.09,-2555.99,103,88627.1,265881,77203.8,1.04327,3.4151,1.02002,0.0041206,49.85,10.3,61909.1,95154.2,2.01904,4.47899,0.00554801,124938,505264,505264,0.537909,0.214874,0,0.247218,1.65802,3.59031,3.59186,1.12059,-4.71526,55349.9,74.6175,29.1377,155.687,252.186,777.659,2.27074,4.27634,11.5222,34650.6,211216,325350,0.0948146,0.248613,0.580108,20,75.2374
paper; order not sent; CV call on our own streamed footage mapped to a live tennis market for timing (different sport); feed baseline 1 s is simulated (licensed feed not purchased); assumed data: licensed feed/video not purchased; parameters measured; pro-rata allocation (lower bracket); depth cap + extrapolation fix,lagcal,1,all,500,25000,1,IS,prorata,fixed,0.428361,0.265416,0.597506,0.30041,109382,37331.3,3608.2,127951,-71966,0.121075,96.4002,0.00441659,543.545,8.36871,-5776.09,-2555.99,103,88627.1,265881,77203.8,1.04327,3.4151,1.02002,0.0041206,49.85,10.3,61909.1,95154.2,2.01904,4.47899,0.00554801,124938,505264,505264,0.537909,0.214874,0,0.247218,1.65802,3.59031,3.59186,1.12059,-4.71526,55349.9,74.6175,29.1377,155.687,252.186,777.659,2.27074,4.27634,11.5222,34650.6,211216,325350,0.0948146,0.248613,0.580108,20,75.2374
paper; order not sent; CV call on our own streamed footage mapped to a live tennis market for timing (different sport); feed baseline 1 s is simulated (licensed feed not purchased); assumed data: licensed feed/video not purchased; parameters measured; pro-rata allocation (lower bracket); depth cap + extrapolation fix,lagcal,1,all,1000,250,1,IS,prorata,fixed,0.620668,0.358431,0.882494,0.359865,109382,44506.4,3608.2,148961,-70374.1,0.116824,117.131,0.447484,762.975,8.29127,-7187.52,-3516.55,103,80671.6,242015,72509.4,1.03076,3.38952,1.03824,0.00396048,49.85,10.3,56975.4,88972.2,2.00571,4.46326,0.00534081,121407,505264,505264,0.219815,0.226675,0.283798,0.269712,1.77352,3.28526,3.28607,1.37262,-4.13026,50432.2,115.07,26.5222,218.121,377.856,1084.9,2.38694,4.3286,12.5433,35077.7,179440,304484,0.143092,0.351996,0.847074,20,117.483
paper; order not sent; CV call on our own streamed footage mapped to a live tennis market for timing (different sport); feed baseline 1 s is simulated (licensed feed not purchased); assumed data: licensed feed/video not purchased; parameters measured; pro-rata allocation (lower bracket); depth cap + extrapolation fix,lagcal,1,all,1000,1000,1,IS,prorata,fixed,0.317873,0.11554,0.518079,0.328152,109382,40648.4,3608.2,177706,-114757,0.118221,112.389,0.195636,611.156,5.40227,-12662.2,-5145.46,103,131820,395460,114591,1.03418,3.39873,1.02943,0.00408271,49.85,10.3,92413.9,141261,2.01072,4.46991,0.00549571,187392,505264,505264,0.389255,0.266742,0.0396635,0.30434,1.56877,3.73516,3.73723,1.04275,-4.77642,82294.6,56.4082,43.3381,264.819,137.062,998.85,2.2037,1.34074,8.73774,51626.3,318232,486266,0.125236,0.0853454,0.528792,20,56.8431
paper; order not sent; CV call on our own streamed footage mapped to a live tennis market for timing (different sport); feed baseline 1 s is simulated (licensed feed not purchased); assumed data: licensed feed/video not purchased; parameters measured; pro-rata allocation (lower bracket); depth cap + extrapolation fix,lagcal,1,all,1000,5000,1,IS,prorata,fixed,0.289213,0.0933463,0.487996,0.321004,109382,39807.8,3608.2,177001,-117708,0.119215,110.955,0.0436804,575.659,5.02477,-13340.9,-5340.93,103,137209,411627,119711,1.03852,3.407,1.02328,0.00409928,49.85,10.3,95858.2,146837,2.01499,4.4746,0.00552533,193256,505264,505264,0.429441,0.268617,0,0.301942,1.5461,3.78731,3.79034,1.00394,-4.81865,85519,51.0452,45.1098,273.298,75.4048,980.892,2.29275,0.741248,8.65422,52263,338171,500604,0.127384,0.0453315,0.506073,20,51.2513
paper; order not sent; CV call on our own streamed footage mapped to a live tennis market for timing (different sport); feed baseline 1 s is simulated (licensed feed not purchased); assumed data: licensed feed/video not purchased; parameters measured; pro-rata allocation (lower bracket); depth cap + extrapolation fix,lagcal,1,all,1000,25000,1,IS,prorata,fixed,0.289213,0.0933463,0.487996,0.321004,109382,39807.8,3608.2,177001,-117708,0.119215,110.955,0.00443048,575.659,5.02477,-13340.9,-5340.93,103,137209,411627,119711,1.03852,3.407,1.02328,0.00409928,49.85,10.3,95858.2,146837,2.01499,4.4746,0.00552533,193256,505264,505264,0.429441,0.268617,0,0.301942,1.5461,3.78731,3.79034,1.00394,-4.81865,85519,51.0452,45.1098,273.298,75.4048,980.892,2.29275,0.741248,8.65422,52263,338171,500604,0.127384,0.0453315,0.506073,20,51.2513
paper; order not sent; CV call on our own streamed footage mapped to a live tennis market for timing (different sport); feed baseline 1 s is simulated (licensed feed not purchased); assumed data: licensed feed/video not purchased; parameters measured; pro-rata allocation (lower bracket); depth cap + extrapolation fix,lagcal,1,all,2000,250,1,IS,prorata,fixed,0.686207,0.316766,1.05822,0.380767,109382,46983.8,3608.2,181098,-81141.1,0.11478,134.937,0.449996,970.459,6.5551,-11784,-5473.84,103,89986.9,269961,80551,1.02915,3.38393,1.03698,0.00387988,49.85,10.3,63487.1,99136.8,2.00238,4.45876,0.00525944,139653,505264,505264,0.114151,0.253723,0.34188,0.290246,1.75575,3.30498,3.3055,1.45809,-3.99389,56238.8,131.211,29.5847,304.333,443.656,1463.54,2.05139,3.18065,10.3415,38865,204437,337962,0.181553,0.342139,0.989409,20,134.318
paper; order not sent; CV call on our own streamed footage mapped to a live tennis market for timing (different sport); feed baseline 1 s is simulated (licensed feed not purchased); assumed data: licensed feed/video not purchased; parameters measured; pro-rata allocation (lower bracket); depth cap + extrapolation fix,lagcal,1,all,2000,1000,1,IS,prorata,fixed,0.285153,0.0126961,0.550709,0.356048,109382,44010.9,3608.2,234752,-159572,0.116348,128.634,0.198623,729.899,3.81697,-23066.8,-8579.85,103,170718,512154,147399,1.02901,3.38915,1.03553,0.0039906,49.85,10.3,119790,181179,2.00524,4.46061,0.00538669,246747,505264,505264,0.242235,0.312998,0.0893446,0.355423,1.53476,3.84771,3.84957,1.05627,-4.69694,106075,52.0182,56.1264,421.814,11.6668,1389.27,2.10645,0.0814565,6.851,63194.6,417167,620973,0.158988,0.00489145,0.556482,20,52.1312
paper; order not sent; CV call on our own streamed footage mapped to a live tennis market for timing (different sport); feed baseline 1 s is simulated (licensed feed not purchased); assumed data: licensed feed/video not purchased; parameters measured; pro-rata allocation (lower bracket); depth cap + extrapolation fix,lagcal,1,all,2000,5000,1,IS,prorata,fixed,0.154007,-0.0940883,0.40016,0.341228,109382,42234.7,3608.2,235685,-187305,0.11751,123.113,0.0440449,469.708,2.2483,-32414.8,-10051.7,103,204323,612969,177810,1.03337,3.39764,1.02657,0.00404804,49.85,10.3,140657,215950,2.00966,4.46674,0.00546498,283421,505264,505264,0.323376,0.322331,0,0.354293,1.47496,4.11608,4.12484,0.914369,-5.03964,125171,27.9694,67.1746,453.024,-366.976,1174.84,2.20111,-1.98832,5.55842,71060.2,498454,734979,0.158693,-0.151681,0.407801,20,27.4845
paper; order not sent; CV call on our own streamed footage mapped to a live tennis market for timing (different sport); feed baseline 1 s is simulated (licensed feed not purchased); assumed data: licensed feed/video not purchased; parameters measured; pro-rata allocation (lower bracket); depth cap + extrapolation fix,lagcal,1,all,2000,25000,1,IS,prorata,fixed,0.154007,-0.0940883,0.40016,0.341228,109382,42234.7,3608.2,235685,-187305,0.11751,123.113,0.00447045,469.708,2.2483,-32414.8,-10051.7,103,204323,612969,177810,1.03337,3.39764,1.02657,0.00404804,49.85,10.3,140657,215950,2.00966,4.46674,0.00546498,283421,505264,505264,0.323376,0.322331,0,0.354293,1.47496,4.11608,4.12484,0.914369,-5.03964,125171,27.9694,67.1746,453.024,-366.976,1174.84,2.20111,-1.98832,5.55842,71060.2,498454,734979,0.158693,-0.151681,0.407801,20,27.4845
paper; order not sent; CV call on our own streamed footage mapped to a live tennis market for timing (different sport); feed baseline 1 s is simulated (licensed feed not purchased); assumed data: licensed feed/video not purchased; parameters measured; pro-rata allocation (lower bracket); depth cap + extrapolation fix,lagcal,1,all,5000,250,1,IS,prorata,fixed,0.762782,0.206391,1.32041,0.397978,109382,48982.1,3608.2,215588,-90700.4,0.112496,153.048,0.453427,1212.5,4.97062,-25160.6,-9266.2,103,97809.2,293428,86405,1.02102,3.37246,1.02134,0.00381541,49.85,10.3,68881,106294,1.99439,4.45014,0.00515575,156589,505264,505264,0.0274268,0.276261,0.391676,0.304636,1.74582,3.34982,3.34962,1.54891,-3.91419,61189.1,150.825,32.1565,444.745,396.293,1741.26,1.68942,1.89504,7.68059,43568.8,222871,370893,0.247265,0.294313,1.09963,20,154.319
paper; order not sent; CV call on our own streamed footage mapped to a live tennis market for timing (different sport); feed baseline 1 s is simulated (licensed feed not purchased); assumed data: licensed feed/video not purchased; parameters measured; pro-rata allocation (lower bracket); depth cap + extrapolation fix,lagcal,1,all,5000,1000,1,IS,prorata,fixed,0.359188,-0.0496809,0.773256,0.38331,109382,47270.2,3608.2,321511,-204386,0.11426,145.792,0.201455,1137.14,3.21221,-42322.4,-16417.3,103,206503,619510,177660,1.02666,3.38283,1.03602,0.00390124,49.85,10.3,145144,218719,2.00065,4.45716,0.00527481,308888,505264,505264,0.101704,0.361025,0.137476,0.399795,1.51639,4.02823,4.02962,1.16703,-4.51442,128301,66.9972,67.8915,685.552,-22.917,2236.46,1.93049,-0.0821327,6.3687,75182.5,505607,746667,0.213631,-0.0102687,0.733717,20,67.5682
paper; order not sent; CV call on our own streamed footage mapped to a live tennis market for timing (different sport); feed baseline 1 s is simulated (licensed feed not purchased); assumed data: licensed feed/video not purchased; parameters measured; pro-rata allocation (lower bracket); depth cap + extrapolation fix,lagcal,1,all,5000,5000,1,IS,prorata,fixed,0.0497493,-0.306451,0.396534,0.366191,109382,45212.4,3608.2,348895,-322741,0.115314,137.213,0.044904,253.92,0.535035,-81970.7,-22083,103,318036,954110,271356,1.02676,3.38766,1.03443,0.00398148,49.85,10.3,211372,330980,2.00234,4.45967,0.00537991,427766,505264,505264,0.192545,0.382735,0.0076766,0.417044,1.44904,4.78612,4.8068,0.907966,-5.46347,187182,9.71384,104.56,719.467,-881.343,1295.51,1.69431,-2.23609,2.83986,134864,728238,1.16706e+06,0.172403,-0.248686,0.302386,20,8.95968
paper; order not sent; CV call on our own streamed footage mapped to a live tennis market for timing (different sport); feed baseline 1 s is simulated (licensed feed not purchased); assumed data: licensed feed/video not purchased; parameters measured; pro-rata allocation (lower bracket); depth cap + extrapolation fix,lagcal,1,all,5000,25000,1,IS,prorata,fixed,0.0363073,-0.316014,0.384412,0.364655,109382,45031.7,3608.2,349485,-329024,0.11549,136.429,0.00453945,198.65,0.396356,-85348.7,-22656.1,103,327082,981247,277455,1.02787,3.38907,1.03056,0.00397749,49.85,10.3,214425,338148,2.00353,4.4608,0.00537724,432404,505264,505264,0.201417,0.383044,0,0.415539,1.44903,4.85225,4.88185,0.899113,-5.53487,189986,7.38931,107.534,722.046,-939.491,1291.77,1.68361,-2.38783,2.74813,136451,749531,1.18447e+06,0.172158,-0.262455,0.296628,20,6.44822
paper; order not sent; CV call on our own streamed footage mapped to a live tennis market for timing (different sport); feed baseline 1 s is simulated (licensed feed not purchased); assumed data: licensed feed/video not purchased; parameters measured; pro-rata allocation (lower bracket); depth cap + extrapolation fix,lagcal,0.25,all,50,250,1,burned_OOS,prorata,fixed,0.282583,0.0292096,0.53293,0.258774,44745,13229.8,1684.35,6358.97,-4026.35,0.134467,20.0664,0.233731,58.3155,7.43445,-651.821,-265.392,40,9385.81,28157.4,3875.13,0.881353,2.06464,0.844397,0.000731455,17.55,8.3,8580.98,6585.85,1.41419,2.96909,0.00900098,17312,526352,131588,0.691808,0.135636,0,0.172556,1.87475,2.88321,2.88338,1.039,-4.19017,7493.36,75.5934,3.08575,48.4986,-16.5203,131.632,6.40858,-2.70172,18.8356,9570.65,14169.7,44364.8,0.23031,-0.175609,0.612927,20,62.4596
paper; order not sent; CV call on our own streamed footage mapped to a live tennis market for timing (different sport); feed baseline 1 s is simulated (licensed feed not purchased); assumed data: licensed feed/video not purchased; parameters measured; pro-rata allocation (lower bracket); depth cap + extrapolation fix,lagcal,0.25,all,50,1000,1,burned_OOS,prorata,fixed,0.282583,0.0292096,0.53293,0.258774,44745,13229.8,1684.35,6358.97,-4026.35,0.134467,20.0664,0.0731216,58.3155,7.43445,-651.821,-265.392,40,9385.81,28157.4,3875.13,0.881353,2.06464,0.844397,0.000731455,17.55,8.3,8580.98,6585.85,1.41419,2.96909,0.00900098,17312,526352,131588,0.691808,0.135636,0,0.172556,1.87475,2.88321,2.88338,1.039,-4.19017,7493.36,75.5934,3.08575,48.4986,-16.5203,131.632,6.40858,-2.70172,18.8356,9570.65,14169.7,44364.8,0.23031,-0.175609,0.612927,20,62.4596
paper; order not sent; CV call on our own streamed footage mapped to a live tennis market for timing (different sport); feed baseline 1 s is simulated (licensed feed not purchased); assumed data: licensed feed/video not purchased; parameters measured; pro-rata allocation (lower bracket); depth cap + extrapolation fix,lagcal,0.25,all,50,5000,1,burned_OOS,prorata,fixed,0.282583,0.0292096,0.53293,0.258774,44745,13229.8,1684.35,6358.97,-4026.35,0.134467,20.0664,0.0113514,58.3155,7.43445,-651.821,-265.392,40,9385.81,28157.4,3875.13,0.881353,2.06464,0.844397,0.000731455,17.55,8.3,8580.98,6585.85,1.41419,2.96909,0.00900098,17312,526352,131588,0.691808,0.135636,0,0.172556,1.87475,2.88321,2.88338,1.039,-4.19017,7493.36,75.5934,3.08575,48.4986,-16.5203,131.632,6.40858,-2.70172,18.8356,9570.65,14169.7,44364.8,0.23031,-0.175609,0.612927,20,62.4596
paper; order not sent; CV call on our own streamed footage mapped to a live tennis market for timing (different sport); feed baseline 1 s is simulated (licensed feed not purchased); assumed data: licensed feed/video not purchased; parameters measured; pro-rata allocation (lower bracket); depth cap + extrapolation fix,lagcal,0.25,all,50,25000,1,burned_OOS,prorata,fixed,0.282583,0.0292096,0.53293,0.258774,44745,13229.8,1684.35,6358.97,-4026.35,0.134467,20.0664,0.000471046,58.3155,7.43445,-651.821,-265.392,40,9385.81,28157.4,3875.13,0.881353,2.06464,0.844397,0.000731455,17.55,8.3,8580.98,6585.85,1.41419,2.96909,0.00900098,17312,526352,131588,0.691808,0.135636,0,0.172556,1.87475,2.88321,2.88338,1.039,-4.19017,7493.36,75.5934,3.08575,48.4986,-16.5203,131.632,6.40858,-2.70172,18.8356,9570.65,14169.7,44364.8,0.23031,-0.175609,0.612927,20,62.4596
paper; order not sent; CV call on our own streamed footage mapped to a live tennis market for timing (different sport); feed baseline 1 s is simulated (licensed feed not purchased); assumed data: licensed feed/video not purchased; parameters measured; pro-rata allocation (lower bracket); depth cap + extrapolation fix,lagcal,0.25,all,100,250,1,burned_OOS,prorata,fixed,0.0295912,-0.263348,0.315364,0.277623,44745,14143.2,1684.35,8611.16,-7621.58,0.131076,27.06,0.233123,24.7397,1.67454,-1876.12,-572.907,40,15721.4,47164.3,6671.15,0.875282,2.05546,0.844621,0.000721188,17.55,8.3,14498.7,11294.3,1.40897,2.96151,0.00914199,29188,526352,131588,0.586172,0.187096,0,0.226732,1.70726,3.04075,3.04104,0.845384,-4.27273,12485.8,19.1458,5.16869,66.4576,-83.0219,130.508,5.20449,-7.39064,10.5965,15748.3,23439.8,73969,0.238161,-0.461583,0.36026,20,4.15629
paper; order not sent; CV call on our own streamed footage mapped to a live tennis market for timing (different sport); feed baseline 1 s is simulated (licensed feed not purchased); assumed data: licensed feed/video not purchased; parameters measured; pro-rata allocation (lower bracket); depth cap + extrapolation fix,lagcal,0.25,all,100,1000,1,burned_OOS,prorata,fixed,0.0295912,-0.263348,0.315364,0.277623,44745,14143.2,1684.35,8611.16,-7621.58,0.131076,27.06,0.0728032,24.7397,1.67454,-1876.12,-572.907,40,15721.4,47164.3,6671.15,0.875282,2.05546,0.844621,0.000721188,17.55,8.3,14498.7,11294.3,1.40897,2.96151,0.00914199,29188,526352,131588,0.586172,0.187096,0,0.226732,1.70726,3.04075,3.04104,0.845384,-4.27273,12485.8,19.1458,5.16869,66.4576,-83.0219,130.508,5.20449,-7.39064,10.5965,15748.3,23439.8,73969,0.238161,-0.461583,0.36026,20,4.15629
paper; order not sent; CV call on our own streamed footage mapped to a live tennis market for timing (different sport); feed baseline 1 s is simulated (licensed feed not purchased); assumed data: licensed feed/video not purchased; parameters measured; pro-rata allocation (lower bracket); depth cap + extrapolation fix,lagcal,0.25,all,100,5000,1,burned_OOS,prorata,fixed,0.0295912,-0.263348,0.315364,0.277623,44745,14143.2,1684.35,8611.16,-7621.58,0.131076,27.06,0.0113505,24.7397,1.67454,-1876.12,-572.907,40,15721.4,47164.3,6671.15,0.875282,2.05546,0.844621,0.000721188,17.55,8.3,14498.7,11294.3,1.40897,2.96151,0.00914199,29188,526352,131588,0.586172,0.187096,0,0.226732,1.70726,3.04075,3.04104,0.845384,-4.27273,12485.8,19.1458,5.16869,66.4576,-83.0219,130.508,5.20449,-7.39064,10.5965,15748.3,23439.8,73969,0.238161,-0.461583,0.36026,20,4.15629
paper; order not sent; CV call on our own streamed footage mapped to a live tennis market for timing (different sport); feed baseline 1 s is simulated (licensed feed not purchased); assumed data: licensed feed/video not purchased; parameters measured; pro-rata allocation (lower bracket); depth cap + extrapolation fix,lagcal,0.25,all,100,25000,1,burned_OOS,prorata,fixed,0.0295912,-0.263348,0.315364,0.277623,44745,14143.2,1684.35,8611.16,-7621.58,0.131076,27.06,0.0004589,24.7397,1.67454,-1876.12,-572.907,40,15721.4,47164.3,6671.15,0.875282,2.05546,0.844621,0.000721188,17.55,8.3,14498.7,11294.3,1.40897,2.96151,0.00914199,29188,526352,131588,0.586172,0.187096,0,0.226732,1.70726,3.04075,3.04104,0.845384,-4.27273,12485.8,19.1458,5.16869,66.4576,-83.0219,130.508,5.20449,-7.39064,10.5965,15748.3,23439.8,73969,0.238161,-0.461583,0.36026,20,4.15629
paper; order not sent; CV call on our own streamed footage mapped to a live tennis market for timing (different sport); feed baseline 1 s is simulated (licensed feed not purchased); assumed data: licensed feed/video not purchased; parameters measured; pro-rata allocation (lower bracket); depth cap + extrapolation fix,lagcal,0.25,all,200,250,1,burned_OOS,prorata,fixed,-0.180118,-0.527837,0.161369,0.301599,44745,15315.1,1684.35,11023.1,-13432.1,0.127967,32.6603,0.23431,-60.2256,-2.56441,-4670.66,-1148.2,40,24897.4,74692.1,10819.3,0.86483,2.04331,0.850829,0.000707921,17.55,8.3,22924.3,18217.2,1.39974,2.95231,0.00926579,46295.3,526352,131588,0.451067,0.240341,0.023993,0.2846,1.58583,3.1876,3.1879,0.701868,-4.22235,19372.6,-29.4306,8.18543,81.1245,-195.652,85.0431,3.7206,-9.74221,3.96743,24662.7,37247,115796,0.228462,-0.646761,0.147889,20,-44.2478
paper; order not sent; CV call on our own streamed footage mapped to a live tennis market for timing (different sport); feed baseline 1 s is simulated (licensed feed not purchased); assumed data: licensed feed/video not purchased; parameters measured; pro-rata allocation (lower bracket); depth cap + extrapolation fix,lagcal,0.25,all,200,1000,1,burned_OOS,prorata,fixed,-0.196639,-0.543124,0.141368,0.297596,44745,15117.3,1684.35,10944.5,-13655.1,0.128268,32.7648,0.0730992,-67.7652,-2.84927,-4904.82,-1171.59,40,25318.8,75956.4,11068.6,0.86881,2.04711,0.846902,0.000702879,17.55,8.3,23298.6,18566.5,1.40317,2.95396,0.00924303,46886,526352,131588,0.475474,0.241023,0,0.283503,1.57697,3.20831,3.20873,0.686376,-4.24776,19692.5,-32.5638,8.32399,82.9371,-207.218,81.6104,3.77315,-10.1683,3.79004,24955.2,38223.5,117328,0.236244,-0.681525,0.139908,20,-47.5929
paper; order not sent; CV call on our own streamed footage mapped to a live tennis market for timing (different sport); feed baseline 1 s is simulated (licensed feed not purchased); assumed data: licensed feed/video not purchased; parameters measured; pro-rata allocation (lower bracket); depth cap + extrapolation fix,lagcal,0.25,all,200,5000,1,burned_OOS,prorata,fixed,-0.196639,-0.543124,0.141368,0.297596,44745,15117.3,1684.35,10944.5,-13655.1,0.128268,32.7648,0.0114752,-67.7652,-2.84927,-4904.82,-1171.59,40,25318.8,75956.4,11068.6,0.86881,2.04711,0.846902,0.000702879,17.55,8.3,23298.6,18566.5,1.40317,2.95396,0.00924303,46886,526352,131588,0.475474,0.241023,0,0.283503,1.57697,3.20831,3.20873,0.686376,-4.24776,19692.5,-32.5638,8.32399,82.9371,-207.218,81.6104,3.77315,-10.1683,3.79004,24955.2,38223.5,117328,0.236244,-0.681525,0.139908,20,-47.5929
paper; order not sent; CV call on our own streamed footage mapped to a live tennis market for timing (different sport); feed baseline 1 s is simulated (licensed feed not purchased); assumed data: licensed feed/video not purchased; parameters measured; pro-rata allocation (lower bracket); depth cap + extrapolation fix,lagcal,0.25,all,200,25000,1,burned_OOS,prorata,fixed,-0.196639,-0.543124,0.141368,0.297596,44745,15117.3,1684.35,10944.5,-13655.1,0.128268,32.7648,0.000445492,-67.7652,-2.84927,-4904.82,-1171.59,40,25318.8,75956.4,11068.6,0.86881,2.04711,0.846902,0.000702879,17.55,8.3,23298.6,18566.5,1.40317,2.95396,0.00924303,46886,526352,131588,0.475474,0.241023,0,0.283503,1.57697,3.20831,3.20873,0.686376,-4.24776,19692.5,-32.5638,8.32399,82.9371,-207.218,81.6104,3.77315,-10.1683,3.79004,24955.2,38223.5,117328,0.236244,-0.681525,0.139908,20,-47.5929
paper; order not sent; CV call on our own streamed footage mapped to a live tennis market for timing (different sport); feed baseline 1 s is simulated (licensed feed not purchased); assumed data: licensed feed/video not purchased; parameters measured; pro-rata allocation (lower bracket); depth cap + extrapolation fix,lagcal,0.25,all,500,250,1,burned_OOS,prorata,fixed,-0.23126,-0.706726,0.242998,0.33888,44745,17171.2,1684.35,16802.5,-22401.8,0.126022,39.794,0.237788,-139.982,-2.72017,-9502,-2394.72,40,36414.9,109245,16134.9,0.856427,2.03565,0.860467,0.000692237,17.55,8.3,33805.5,26878.9,1.39501,2.95731,0.00941882,70020.8,526352,131588,0.250047,0.302434,0.0926194,0.354899,1.53038,3.17586,3.17619,0.751372,-3.9729,27882.3,-46.7697,11.972,121.704,-346.181,81.3002,2.44552,-7.03749,1.66388,35956.7,56739.1,169037,0.198089,-0.598356,0.0884428,20,-57.6673
paper; order not sent; CV call on our own streamed footage mapped to a live tennis market for timing (different sport); feed baseline 1 s is simulated (licensed feed not purchased); assumed data: licensed feed/video not purchased; parameters measured; pro-rata allocation (lower bracket); depth cap + extrapolation fix,lagcal,0.25,all,500,1000,1,burned_OOS,prorata,fixed,-0.459076,-0.901377,-0.0152142,0.323213,44745,16375,1684.35,15507.2,-28967.4,0.125732,38.2432,0.0732921,-336.507,-5.95291,-15830.1,-2904.49,40,44374.7,133124,20039,0.863008,2.03938,0.850065,0.000688556,17.55,8.3,40340,33205.9,1.39824,2.95028,0.00938948,81363.8,526352,131588,0.335558,0.311104,0,0.353338,1.47019,3.40484,3.40567,0.59836,-4.41556,33094.1,-92.2634,14.5889,153.869,-584.314,-82.7197,2.88954,-11.2242,-1.73501,46416.6,63313.6,212101,0.254849,-0.93326,-0.0808683,20,-108.782
paper; order not sent; CV call on our own streamed footage mapped to a live tennis market for timing (different sport); feed baseline 1 s is simulated (licensed feed not purchased); assumed data: licensed feed/video not purchased; parameters measured; pro-rata allocation (lower bracket); depth cap + extrapolation fix,lagcal,0.25,all,500,5000,1,burned_OOS,prorata,fixed,-0.459076,-0.901377,-0.0152142,0.323213,44745,16375,1684.35,15507.2,-28967.4,0.125732,38.2432,0.0115109,-336.507,-5.95291,-15830.1,-2904.49,40,44374.7,133124,20039,0.863008,2.03938,0.850065,0.000688556,17.55,8.3,40340,33205.9,1.39824,2.95028,0.00938948,81363.8,526352,131588,0.335558,0.311104,0,0.353338,1.47019,3.40484,3.40567,0.59836,-4.41556,33094.1,-92.2634,14.5889,153.869,-584.314,-82.7197,2.88954,-11.2242,-1.73501,46416.6,63313.6,212101,0.254849,-0.93326,-0.0808683,20,-108.782
paper; order not sent; CV call on our own streamed footage mapped to a live tennis market for timing (different sport); feed baseline 1 s is simulated (licensed feed not purchased); assumed data: licensed feed/video not purchased; parameters measured; pro-rata allocation (lower bracket); depth cap + extrapolation fix,lagcal,0.25,all,500,25000,1,burned_OOS,prorata,fixed,-0.459076,-0.901377,-0.0152142,0.323213,44745,16375,1684.35,15507.2,-28967.4,0.125732,38.2432,0.000431398,-336.507,-5.95291,-15830.1,-2904.49,40,44374.7,133124,20039,0.863008,2.03938,0.850065,0.000688556,17.55,8.3,40340,33205.9,1.39824,2.95028,0.00938948,81363.8,526352,131588,0.335558,0.311104,0,0.353338,1.47019,3.40484,3.40567,0.59836,-4.41556,33094.1,-92.2634,14.5889,153.869,-584.314,-82.7197,2.88954,-11.2242,-1.73501,46416.6,63313.6,212101,0.254849,-0.93326,-0.0808683,20,-108.782
paper; order not sent; CV call on our own streamed footage mapped to a live tennis market for timing (different sport); feed baseline 1 s is simulated (licensed feed not purchased); assumed data: licensed feed/video not purchased; parameters measured; pro-rata allocation (lower bracket); depth cap + extrapolation fix,lagcal,0.25,all,1000,250,1,burned_OOS,prorata,fixed,-0.125173,-0.765438,0.510204,0.360836,44745,18272.8,1684.35,22861.4,-26428.5,0.125503,44.1775,0.239902,-89.1767,-1.09503,-12454.9,-3703.64,40,42601.1,127803,18864.8,0.854242,2.03417,0.860405,0.000676849,17.55,8.3,39781.1,31411.9,1.39401,2.95856,0.00939359,85182.6,526352,131588,0.134666,0.341172,0.132331,0.391831,1.51576,3.15434,3.15432,0.848079,-3.5448,32536.9,-25.4684,14.0059,165.45,-426.251,145.306,1.8977,-4.7959,1.53725,42988.9,68862.4,199899,0.213175,-0.560255,0.163584,20,-32.5292
paper; order not sent; CV call on our own streamed footage mapped to a live tennis market for timing (different sport); feed baseline 1 s is simulated (licensed feed not purchased); assumed data: licensed feed/video not purchased; parameters measured; pro-rata allocation (lower bracket); depth cap + extrapolation fix,lagcal,0.25,all,1000,1000,1,burned_OOS,prorata,fixed,-0.563537,-1.13082,0.00254626,0.343437,44745,17370.8,1684.35,22414.1,-46601.8,0.124263,41.8519,0.0741301,-604.694,-5.91648,-28647.8,-5070.15,40,62151.1,186453,28791.1,0.85736,2.03408,0.857213,0.000678915,17.55,8.3,56249.1,46422.5,1.39444,2.95301,0.00942792,114590,526352,131588,0.226284,0.358277,0.0105732,0.404865,1.44714,3.51674,3.51795,0.644789,-4.45594,44975.8,-118.375,20.4332,197.382,-1025.14,-362.617,2.09819,-10.1649,-3.51717,65010.3,89796.2,294561,0.218932,-0.988139,-0.264371,20,-132.131
paper; order not sent; CV call on our own streamed footage mapped to a live tennis market for timing (different sport); feed baseline 1 s is simulated (licensed feed not purchased); assumed data: licensed feed/video not purchased; parameters measured; pro-rata allocation (lower bracket); depth cap + extrapolation fix,lagcal,0.25,all,1000,5000,1,burned_OOS,prorata,fixed,-0.60476,-1.16781,-0.0371707,0.341263,44745,17263.2,1684.35,21954.7,-48383,0.124346,41.5868,0.0115731,-660.707,-6.36909,-30757.4,-5253.1,40,63621,190863,29622.3,0.858748,2.03534,0.853568,0.000669389,17.55,8.3,57391,47419.2,1.39554,2.95267,0.00944275,116358,526352,131588,0.238397,0.358559,0,0.403044,1.44535,3.55149,3.55438,0.625091,-4.55715,45865,-126.351,20.9165,216.873,-1115.85,-383.005,2.31651,-10.9495,-3.55567,66933.6,91121.5,301796,0.228597,-1.03534,-0.276667,20,-140.799
paper; order not sent; CV call on our own streamed footage mapped to a live tennis market for timing (different sport); feed baseline 1 s is simulated (licensed feed not purchased); assumed data: licensed feed/video not purchased; parameters measured; pro-rata allocation (lower bracket); depth cap + extrapolation fix,lagcal,0.25,all,1000,25000,1,burned_OOS,prorata,fixed,-0.60476,-1.16781,-0.0371707,0.341263,44745,17263.2,1684.35,21954.7,-48383,0.124346,41.5868,0.000440647,-660.707,-6.36909,-30757.4,-5253.1,40,63621,190863,29622.3,0.858748,2.03534,0.853568,0.000669389,17.55,8.3,57391,47419.2,1.39554,2.95267,0.00944275,116358,526352,131588,0.238397,0.358559,0,0.403044,1.44535,3.55149,3.55438,0.625091,-4.55715,45865,-126.351,20.9165,216.873,-1115.85,-383.005,2.31651,-10.9495,-3.55567,66933.6,91121.5,301796,0.228597,-1.03534,-0.276667,20,-140.799
paper; order not sent; CV call on our own streamed footage mapped to a live tennis market for timing (different sport); feed baseline 1 s is simulated (licensed feed not purchased); assumed data: licensed feed/video not purchased; parameters measured; pro-rata allocation (lower bracket); depth cap + extrapolation fix,lagcal,0.25,all,2000,250,1,burned_OOS,prorata,fixed,0.0781747,-0.773961,0.919714,0.37583,44745,19005.3,1684.35,31905.7,-28385.8,0.124217,47.5575,0.241503,87.9972,0.668617,-15516,-5149.43,40,47473.9,142422,20694.1,0.851122,2.02957,0.853424,0.000660027,17.55,8.3,43832.2,34638.5,1.39123,2.9518,0.00938075,97124.8,526352,131588,0.0580039,0.368923,0.159268,0.413805,1.50935,3.16363,3.16306,1.05748,-3.17611,35816.9,22.552,15.6078,258.481,-316.022,548.561,2.01787,-2.25628,4.21307,49286.5,74903.2,224840,0.289611,-0.391209,0.604227,20,19.8388
paper; order not sent; CV call on our own streamed footage mapped to a live tennis market for timing (different sport); feed baseline 1 s is simulated (licensed feed not purchased); assumed data: licensed feed/video not purchased; parameters measured; pro-rata allocation (lower bracket); depth cap + extrapolation fix,lagcal,0.25,all,2000,1000,1,burned_OOS,prorata,fixed,-0.517887,-1.29716,0.242395,0.361555,44745,18281,1684.35,31661.5,-60960.7,0.123981,45.2613,0.0752114,-732.48,-4.2727,-39914.4,-8053.48,40,77774.1,233322,36185.1,0.852948,2.03116,0.864477,0.000657174,17.55,8.3,70444.7,57605.1,1.39187,2.95262,0.00945687,146919,526352,131588,0.13029,0.398004,0.0251067,0.4466,1.4516,3.59801,3.59883,0.718979,-4.06535,55061.2,-114.586,25.5696,290.869,-1335.11,-273.793,1.70244,-7.26639,-1.45947,81925,119317,372523,0.212919,-0.954836,-0.190812,20,-122.908
paper; order not sent; CV call on our own streamed footage mapped to a live tennis market for timing (different sport); feed baseline 1 s is simulated (licensed feed not purchased); assumed data: licensed feed/video not purchased; parameters measured; pro-rata allocation (lower bracket); depth cap + extrapolation fix,lagcal,0.25,all,2000,5000,1,burned_OOS,prorata,fixed,-0.733801,-1.48419,-0.00340391,0.356469,44745,18017.2,1684.35,29479.3,-74124.7,0.123561,44.3656,0.0116518,-1116.13,-6.17189,-52993,-9076.66,40,86441.8,259326,41342.7,0.854929,2.03277,0.855766,0.000646536,17.55,8.3,77078.1,64385.9,1.39274,2.95164,0.00946979,157633,526352,131588,0.157369,0.398867,0,0.443764,1.46697,3.79007,3.79959,0.647541,-4.54136,59701.7,-157.096,28.4192,328.431,-1705.57,-663.65,2.0595,-9.5125,-3.47241,92391.6,128848,413477,0.230865,-1.29496,-0.475698,20,-168.299
paper; order not sent; CV call on our own streamed footage mapped to a live tennis market for timing (different sport); feed baseline 1 s is simulated (licensed feed not purchased); assumed data: licensed feed/video not purchased; parameters measured; pro-rata allocation (lower bracket); depth cap + extrapolation fix,lagcal,0.25,all,2000,25000,1,burned_OOS,prorata,fixed,-0.733801,-1.48419,-0.00340391,0.356469,44745,18017.2,1684.35,29479.3,-74124.7,0.123561,44.3656,0.000444337,-1116.13,-6.17189,-52993,-9076.66,40,86441.8,259326,41342.7,0.854929,2.03277,0.855766,0.000646536,17.55,8.3,77078.1,64385.9,1.39274,2.95164,0.00946979,157633,526352,131588,0.157369,0.398867,0,0.443764,1.46697,3.79007,3.79959,0.647541,-4.54136,59701.7,-157.096,28.4192,328.431,-1705.57,-663.65,2.0595,-9.5125,-3.47241,92391.6,128848,413477,0.230865,-1.29496,-0.475698,20,-168.299
paper; order not sent; CV call on our own streamed footage mapped to a live tennis market for timing (different sport); feed baseline 1 s is simulated (licensed feed not purchased); assumed data: licensed feed/video not purchased; parameters measured; pro-rata allocation (lower bracket); depth cap + extrapolation fix,lagcal,0.25,all,5000,250,1,burned_OOS,prorata,fixed,0.249104,-0.860515,1.35539,0.386025,44745,19491.2,1684.35,41636.3,-30446.4,0.122898,50.0031,0.243475,279.747,1.45468,-20593.2,-6911.23,40,50695.8,152088,22119.9,0.844899,2.01994,0.837547,0.00064541,17.55,8.3,46594.2,36998.5,1.38564,2.94194,0.00947698,106416,526352,131588,0.00748502,0.387561,0.178629,0.426325,1.50791,3.19807,3.1961,1.26768,-3.01079,38167.5,67.1376,16.6671,406.8,-316.819,955.123,2.19732,-1.99082,5.01361,51740.1,79006,237354,0.373858,-0.353096,0.870162,20,64.5039
paper; order not sent; CV call on our own streamed footage mapped to a live tennis market for timing (different sport); feed baseline 1 s is simulated (licensed feed not purchased); assumed data: licensed feed/video not purchased; parameters measured; pro-rata allocation (lower bracket); depth cap + extrapolation fix,lagcal,0.25,all,5000,1000,1,burned_OOS,prorata,fixed,-0.304633,-1.41871,0.797566,0.378985,44745,19150.4,1684.35,49951.1,-72854.1,0.123561,48.6336,0.0763142,-572.576,-1.8976,-51563.5,-14103,40,92826.6,278480,42461.8,0.848661,2.02558,0.854429,0.000653012,17.55,8.3,83177.5,67635.4,1.38906,2.94951,0.00946971,180808,526352,131588,0.0422825,0.436216,0.0396759,0.481826,1.46664,3.83139,3.83137,0.966151,-3.62769,64299.1,-75.0468,30.5184,639.214,-1639.8,620.721,2.0802,-5.47244,1.96167,101472,139563,446151,0.328406,-0.816039,0.358814,20,-73.0598
paper; order not sent; CV call on our own streamed footage mapped to a live tennis market for timing (different sport); feed baseline 1 s is simulated (licensed feed not purchased); assumed data: licensed feed/video not purchased; parameters measured; pro-rata allocation (lower bracket); depth cap + extrapolation fix,lagcal,0.25,all,5000,5000,1,burned_OOS,prorata,fixed,-0.924574,-2.04692,0.197274,0.37183,44745,18782.2,1684.35,43173.1,-123746,0.12314,47.1431,0.0118494,-2014.31,-5.34549,-103151,-20303.4,40,119073,357220,56832.5,0.850945,2.02844,0.857625,0.000650235,17.55,8.3,104485,88312,1.38989,2.95003,0.00946489,217387,526352,131588,0.077861,0.437742,0.00104108,0.483356,1.55492,4.46239,4.47837,0.726599,-4.73849,77269.3,-205.819,39.1474,962.912,-3650.28,-714.727,2.39112,-8.86565,-1.84855,129161,185700,584578,0.375636,-1.45198,-0.371357,20,-211.972
paper; order not sent; CV call on our own streamed footage mapped to a live tennis market for timing (different sport); feed baseline 1 s is simulated (licensed feed not purchased); assumed data: licensed feed/video not purchased; parameters measured; pro-rata allocation (lower bracket); depth cap + extrapolation fix,lagcal,0.25,all,5000,25000,1,burned_OOS,prorata,fixed,-0.956816,-2.08233,0.159248,0.371557,44745,18768.7,1684.35,42682.4,-126352,0.12315,47.0823,0.000464131,-2091.75,-5.53591,-105609,-20379.7,40,120196,360587,57528.2,0.851243,2.02887,0.855773,0.000650737,17.55,8.3,105047,89233.7,1.3901,2.9504,0.00946508,218099,526352,131588,0.0793233,0.43761,0,0.483067,1.55802,4.50333,4.5201,0.721127,-4.81616,77605.4,-211.735,39.5164,982.669,-3783.42,-736.539,2.43029,-8.94682,-1.94636,131818,186132,596638,0.378669,-1.49422,-0.390802,20,-219.099
paper; order not sent; CV call on our own streamed footage mapped to a live tennis market for timing (different sport); feed baseline 1 s is simulated (licensed feed not purchased); assumed data: licensed feed/video not purchased; parameters measured; pro-rata allocation (lower bracket); depth cap + extrapolation fix,lagcal,0.5,all,50,250,1,burned_OOS,prorata,fixed,0.554923,0.325051,0.779319,0.243072,44745,12487.5,1684.35,8769.79,-4046.62,0.139172,26.3568,0.333445,118.079,13.3852,-399.068,-224.934,40,10631.9,31895.7,4319.07,0.887577,2.07509,0.844136,0.000727716,17.55,8.3,9625.99,7308.85,1.42003,2.97945,0.00890901,19475.4,526352,263176,0.784281,0.0925227,0,0.123196,2.0626,2.88341,2.88357,1.26136,-4.21636,8542.85,135.125,3.49541,64.8732,14.0928,209.693,6.74467,1.94303,25.2719,10878.7,16380.7,50267.5,0.218499,0.116243,0.874148,20,125.01
paper; order not sent; CV call on our own streamed footage mapped to a live tennis market for timing (different sport); feed baseline 1 s is simulated (licensed feed not purchased); assumed data: licensed feed/video not purchased; parameters measured; pro-rata allocation (lower bracket); depth cap + extrapolation fix,lagcal,0.5,all,50,1000,1,burned_OOS,prorata,fixed,0.554923,0.325051,0.779319,0.243072,44745,12487.5,1684.35,8769.79,-4046.62,0.139172,26.3568,0.12956,118.079,13.3852,-399.068,-224.934,40,10631.9,31895.7,4319.07,0.887577,2.07509,0.844136,0.000727716,17.55,8.3,9625.99,7308.85,1.42003,2.97945,0.00890901,19475.4,526352,263176,0.784281,0.0925227,0,0.123196,2.0626,2.88341,2.88357,1.26136,-4.21636,8542.85,135.125,3.49541,64.8732,14.0928,209.693,6.74467,1.94303,25.2719,10878.7,16380.7,50267.5,0.218499,0.116243,0.874148,20,125.01
paper; order not sent; CV call on our own streamed footage mapped to a live tennis market for timing (different sport); feed baseline 1 s is simulated (licensed feed not purchased); assumed data: licensed feed/video not purchased; parameters measured; pro-rata allocation (lower bracket); depth cap + extrapolation fix,lagcal,0.5,all,50,5000,1,burned_OOS,prorata,fixed,0.554923,0.325051,0.779319,0.243072,44745,12487.5,1684.35,8769.79,-4046.62,0.139172,26.3568,0.0206788,118.079,13.3852,-399.068,-224.934,40,10631.9,31895.7,4319.07,0.887577,2.07509,0.844136,0.000727716,17.55,8.3,9625.99,7308.85,1.42003,2.97945,0.00890901,19475.4,526352,263176,0.784281,0.0925227,0,0.123196,2.0626,2.88341,2.88357,1.26136,-4.21636,8542.85,135.125,3.49541,64.8732,14.0928,209.693,6.74467,1.94303,25.2719,10878.7,16380.7,50267.5,0.218499,0.116243,0.874148,20,125.01
paper; order not sent; CV call on our own streamed footage mapped to a live tennis market for timing (different sport); feed baseline 1 s is simulated (licensed feed not purchased); assumed data: licensed feed/video not purchased; parameters measured; pro-rata allocation (lower bracket); depth cap + extrapolation fix,lagcal,0.5,all,50,25000,1,burned_OOS,prorata,fixed,0.554923,0.325051,0.779319,0.243072,44745,12487.5,1684.35,8769.79,-4046.62,0.139172,26.3568,0.00103917,118.079,13.3852,-399.068,-224.934,40,10631.9,31895.7,4319.07,0.887577,2.07509,0.844136,0.000727716,17.55,8.3,9625.99,7308.85,1.42003,2.97945,0.00890901,19475.4,526352,263176,0.784281,0.0925227,0,0.123196,2.0626,2.88341,2.88357,1.26136,-4.21636,8542.85,135.125,3.49541,64.8732,14.0928,209.693,6.74467,1.94303,25.2719,10878.7,16380.7,50267.5,0.218499,0.116243,0.874148,20,125.01
paper; order not sent; CV call on our own streamed footage mapped to a live tennis market for timing (different sport); feed baseline 1 s is simulated (licensed feed not purchased); assumed data: licensed feed/video not purchased; parameters measured; pro-rata allocation (lower bracket); depth cap + extrapolation fix,lagcal,0.5,all,100,250,1,burned_OOS,prorata,fixed,0.315532,0.0647471,0.563199,0.259416,44745,13283,1684.35,12677.4,-7615.44,0.135915,39.0807,0.332578,126.55,8.18155,-1175.49,-498.774,40,18657.2,55971.6,7712.17,0.880723,2.06429,0.843788,0.000735015,17.55,8.3,16988.4,13122.1,1.41317,2.96891,0.00898872,34278.8,526352,263176,0.691366,0.135889,0,0.172745,1.87539,3.0407,3.04097,1.03514,-4.28085,14989.2,82.5251,6.13387,97.0619,-21.7619,271.341,6.3551,-1.88643,19.0908,19075.9,28093.7,88426.7,0.224649,-0.125161,0.641214,20,70.0547
paper; order not sent; CV call on our own streamed footage mapped to a live tennis market for timing (different sport); feed baseline 1 s is simulated (licensed feed not purchased); assumed data: licensed feed/video not purchased; parameters measured; pro-rata allocation (lower bracket); depth cap + extrapolation fix,lagcal,0.5,all,100,1000,1,burned_OOS,prorata,fixed,0.315532,0.0647471,0.563199,0.259416,44745,13283,1684.35,12677.4,-7615.44,0.135915,39.0807,0.12903,126.55,8.18155,-1175.49,-498.774,40,18657.2,55971.6,7712.17,0.880723,2.06429,0.843788,0.000735015,17.55,8.3,16988.4,13122.1,1.41317,2.96891,0.00898872,34278.8,526352,263176,0.691366,0.135889,0,0.172745,1.87539,3.0407,3.04097,1.03514,-4.28085,14989.2,82.5251,6.13387,97.0619,-21.7619,271.341,6.3551,-1.88643,19.0908,19075.9,28093.7,88426.7,0.224649,-0.125161,0.641214,20,70.0547
paper; order not sent; CV call on our own streamed footage mapped to a live tennis market for timing (different sport); feed baseline 1 s is simulated (licensed feed not purchased); assumed data: licensed feed/video not purchased; parameters measured; pro-rata allocation (lower bracket); depth cap + extrapolation fix,lagcal,0.5,all,100,5000,1,burned_OOS,prorata,fixed,0.315532,0.0647471,0.563199,0.259416,44745,13283,1684.35,12677.4,-7615.44,0.135915,39.0807,0.0205665,126.55,8.18155,-1175.49,-498.774,40,18657.2,55971.6,7712.17,0.880723,2.06429,0.843788,0.000735015,17.55,8.3,16988.4,13122.1,1.41317,2.96891,0.00898872,34278.8,526352,263176,0.691366,0.135889,0,0.172745,1.87539,3.0407,3.04097,1.03514,-4.28085,14989.2,82.5251,6.13387,97.0619,-21.7619,271.341,6.3551,-1.88643,19.0908,19075.9,28093.7,88426.7,0.224649,-0.125161,0.641214,20,70.0547
paper; order not sent; CV call on our own streamed footage mapped to a live tennis market for timing (different sport); feed baseline 1 s is simulated (licensed feed not purchased); assumed data: licensed feed/video not purchased; parameters measured; pro-rata allocation (lower bracket); depth cap + extrapolation fix,lagcal,0.5,all,100,25000,1,burned_OOS,prorata,fixed,0.315532,0.0647471,0.563199,0.259416,44745,13283,1684.35,12677.4,-7615.44,0.135915,39.0807,0.00103741,126.55,8.18155,-1175.49,-498.774,40,18657.2,55971.6,7712.17,0.880723,2.06429,0.843788,0.000735015,17.55,8.3,16988.4,13122.1,1.41317,2.96891,0.00898872,34278.8,526352,263176,0.691366,0.135889,0,0.172745,1.87539,3.0407,3.04097,1.03514,-4.28085,14989.2,82.5251,6.13387,97.0619,-21.7619,271.341,6.3551,-1.88643,19.0908,19075.9,28093.7,88426.7,0.224649,-0.125161,0.641214,20,70.0547
paper; order not sent; CV call on our own streamed footage mapped to a live tennis market for timing (different sport); feed baseline 1 s is simulated (licensed feed not purchased); assumed data: licensed feed/video not purchased; parameters measured; pro-rata allocation (lower bracket); depth cap + extrapolation fix,lagcal,0.5,all,200,250,1,burned_OOS,prorata,fixed,0.108206,-0.183299,0.399261,0.284805,44745,14521.3,1684.35,17106.9,-13494.3,0.13188,50.9979,0.334185,90.3139,3.24167,-3015.61,-1037.31,40,30598.4,91795.3,12953.2,0.867399,2.04784,0.848933,0.00071401,17.55,8.3,27950,21915,1.40222,2.95612,0.00916663,56507.3,526352,263176,0.546525,0.186461,0.0391352,0.227879,1.72053,3.18324,3.18343,0.855331,-4.26855,24434.7,35.911,10.0598,128.762,-116.041,285.517,5.13015,-5.59613,11.7579,30867.1,45126.3,144903,0.218852,-0.337632,0.407164,20,22.5862
paper; order not sent; CV call on our own streamed footage mapped to a live tennis market for timing (different sport); feed baseline 1 s is simulated (licensed feed not purchased); assumed data: licensed feed/video not purchased; parameters measured; pro-rata allocation (lower bracket); depth cap + extrapolation fix,lagcal,0.5,all,200,1000,1,burned_OOS,prorata,fixed,0.0909701,-0.199367,0.378581,0.278641,44745,14220.4,1684.35,17060.4,-13750.2,0.132746,51.9794,0.128845,82.7539,2.92148,-3174.25,-1061.72,40,31233.9,93701.7,13266.6,0.874573,2.05438,0.843838,0.000720107,17.55,8.3,28555,22411.9,1.408,2.96014,0.00913875,57498.6,526352,263176,0.585019,0.187733,0,0.227248,1.70754,3.20771,3.20809,0.837446,-4.30267,24988.3,32.2355,10.2687,130.594,-125.82,278.463,5.17928,-5.98361,11.2856,31358.4,46295.6,147256,0.222902,-0.363458,0.389424,20,18.6466
paper; order not sent; CV call on our own streamed footage mapped to a live tennis market for timing (different sport); feed baseline 1 s is simulated (licensed feed not purchased); assumed data: licensed feed/video not purchased; parameters measured; pro-rata allocation (lower bracket); depth cap + extrapolation fix,lagcal,0.5,all,200,5000,1,burned_OOS,prorata,fixed,0.0909701,-0.199367,0.378581,0.278641,44745,14220.4,1684.35,17060.4,-13750.2,0.132746,51.9794,0.0206023,82.7539,2.92148,-3174.25,-1061.72,40,31233.9,93701.7,13266.6,0.874573,2.05438,0.843838,0.000720107,17.55,8.3,28555,22411.9,1.408,2.96014,0.00913875,57498.6,526352,263176,0.585019,0.187733,0,0.227248,1.70754,3.20771,3.20809,0.837446,-4.30267,24988.3,32.2355,10.2687,130.594,-125.82,278.463,5.17928,-5.98361,11.2856,31358.4,46295.6,147256,0.222902,-0.363458,0.389424,20,18.6466
paper; order not sent; CV call on our own streamed footage mapped to a live tennis market for timing (different sport); feed baseline 1 s is simulated (licensed feed not purchased); assumed data: licensed feed/video not purchased; parameters measured; pro-rata allocation (lower bracket); depth cap + extrapolation fix,lagcal,0.5,all,200,25000,1,burned_OOS,prorata,fixed,0.0909701,-0.199367,0.378581,0.278641,44745,14220.4,1684.35,17060.4,-13750.2,0.132746,51.9794,0.0010261,82.7539,2.92148,-3174.25,-1061.72,40,31233.9,93701.7,13266.6,0.874573,2.05438,0.843838,0.000720107,17.55,8.3,28555,22411.9,1.408,2.96014,0.00913875,57498.6,526352,263176,0.585019,0.187733,0,0.227248,1.70754,3.20771,3.20809,0.837446,-4.30267,24988.3,32.2355,10.2687,130.594,-125.82,278.463,5.17928,-5.98361,11.2856,31358.4,46295.6,147256,0.222902,-0.363458,0.389424,20,18.6466
paper; order not sent; CV call on our own streamed footage mapped to a live tennis market for timing (different sport); feed baseline 1 s is simulated (licensed feed not purchased); assumed data: licensed feed/video not purchased; parameters measured; pro-rata allocation (lower bracket); depth cap + extrapolation fix,lagcal,0.5,all,500,250,1,burned_OOS,prorata,fixed,0.0572164,-0.33624,0.45045,0.327973,44745,16656.4,1684.35,24669.2,-21422.4,0.128199,66.7301,0.339095,81.171,1.43186,-6389.71,-2246.35,40,45860.3,137581,19615.5,0.857585,2.03811,0.857118,0.00070065,17.55,8.3,42140.2,33218.8,1.39607,2.95597,0.00936814,87134.4,526352,263176,0.310389,0.245711,0.1456,0.298301,1.644,3.14865,3.14893,0.829707,-3.8406,36277,21.5345,15.0774,166.227,-192.085,388.584,3.18457,-4.02114,7.50643,46075.3,69008.7,214097,0.183573,-0.308871,0.339593,20,11.1637
paper; order not sent; CV call on our own streamed footage mapped to a live tennis market for timing (different sport); feed baseline 1 s is simulated (licensed feed not purchased); assumed data: licensed feed/video not purchased; parameters measured; pro-rata allocation (lower bracket); depth cap + extrapolation fix,lagcal,0.5,all,500,1000,1,burned_OOS,prorata,fixed,-0.143889,-0.506059,0.212464,0.305385,44745,15530.5,1684.35,23687.6,-27757.5,0.129351,64.9064,0.129594,-101.748,-1.82874,-9986.98,-2646.93,40,57509.4,172528,25552.8,0.866365,2.04351,0.84613,0.000693306,17.55,8.3,52314.8,42555.6,1.40113,2.94993,0.00925185,105306,526352,263176,0.438432,0.259322,0,0.302246,1.54141,3.39659,3.39736,0.650061,-4.26712,45166.2,-21.5258,18.9072,185.985,-397.87,239.497,3.46837,-8.14225,4.58907,57434.4,85162.2,267208,0.223947,-0.618265,0.181602,20,-34.6561
paper; order not sent; CV call on our own streamed footage mapped to a live tennis market for timing (different sport); feed baseline 1 s is simulated (licensed feed not purchased); assumed data: licensed feed/video not purchased; parameters measured; pro-rata allocation (lower bracket); depth cap + extrapolation fix,lagcal,0.5,all,500,5000,1,burned_OOS,prorata,fixed,-0.143889,-0.506059,0.212464,0.305385,44745,15530.5,1684.35,23687.6,-27757.5,0.129351,64.9064,0.0208759,-101.748,-1.82874,-9986.98,-2646.93,40,57509.4,172528,25552.8,0.866365,2.04351,0.84613,0.000693306,17.55,8.3,52314.8,42555.6,1.40113,2.94993,0.00925185,105306,526352,263176,0.438432,0.259322,0,0.302246,1.54141,3.39659,3.39736,0.650061,-4.26712,45166.2,-21.5258,18.9072,185.985,-397.87,239.497,3.46837,-8.14225,4.58907,57434.4,85162.2,267208,0.223947,-0.618265,0.181602,20,-34.6561
paper; order not sent; CV call on our own streamed footage mapped to a live tennis market for timing (different sport); feed baseline 1 s is simulated (licensed feed not purchased); assumed data: licensed feed/video not purchased; parameters measured; pro-rata allocation (lower bracket); depth cap + extrapolation fix,lagcal,0.5,all,500,25000,1,burned_OOS,prorata,fixed,-0.143889,-0.506059,0.212464,0.305385,44745,15530.5,1684.35,23687.6,-27757.5,0.129351,64.9064,0.00105298,-101.748,-1.82874,-9986.98,-2646.93,40,57509.4,172528,25552.8,0.866365,2.04351,0.84613,0.000693306,17.55,8.3,52314.8,42555.6,1.40113,2.94993,0.00925185,105306,526352,263176,0.438432,0.259322,0,0.302246,1.54141,3.39659,3.39736,0.650061,-4.26712,45166.2,-21.5258,18.9072,185.985,-397.87,239.497,3.46837,-8.14225,4.58907,57434.4,85162.2,267208,0.223947,-0.618265,0.181602,20,-34.6561
paper; order not sent; CV call on our own streamed footage mapped to a live tennis market for timing (different sport); feed baseline 1 s is simulated (licensed feed not purchased); assumed data: licensed feed/video not purchased; parameters measured; pro-rata allocation (lower bracket); depth cap + extrapolation fix,lagcal,0.5,all,1000,250,1,burned_OOS,prorata,fixed,0.132542,-0.402618,0.670075,0.352962,44745,17904.1,1684.35,32246.8,-25657.8,0.127094,77.1426,0.341605,164.726,1.71342,-9563.64,-3503.34,40,54226.9,162681,23241.8,0.855507,2.03769,0.858496,0.000688842,17.55,8.3,49917.4,39042.4,1.39551,2.96162,0.00935026,106466,526352,263176,0.177083,0.282803,0.206403,0.333711,1.62027,3.124,3.12401,0.905332,-3.48086,42741.8,36.959,17.828,217.579,-224.779,520.992,2.30923,-2.43168,5.0485,54886.9,84695.2,252746,0.189077,-0.231133,0.378782,20,31.0419
paper; order not sent; CV call on our own streamed footage mapped to a live tennis market for timing (different sport); feed baseline 1 s is simulated (licensed feed not purchased); assumed data: licensed feed/video not purchased; parameters measured; pro-rata allocation (lower bracket); depth cap + extrapolation fix,lagcal,0.5,all,1000,1000,1,burned_OOS,prorata,fixed,-0.236341,-0.675503,0.211567,0.328802,44745,16681.2,1684.35,32504.5,-44652.5,0.127211,73.047,0.131176,-303.699,-2.93273,-20227.8,-4723.51,40,83867.4,251602,37888.3,0.859195,2.03531,0.852888,0.000687728,17.55,8.3,75530.8,62463.6,1.39543,2.95067,0.0094201,153133,526352,263176,0.308594,0.31193,0.0229623,0.356513,1.48068,3.50808,3.509,0.634209,-4.30577,64392.4,-44.0576,27.5729,289.812,-804.628,136.895,2.88691,-7.93496,1.37577,87092,120672,399053,0.221836,-0.655056,0.0705056,20,-55.6877
paper; order not sent; CV call on our own streamed footage mapped to a live tennis market for timing (different sport); feed baseline 1 s is simulated (licensed feed not purchased); assumed data: licensed feed/video not purchased; parameters measured; pro-rata allocation (lower bracket); depth cap + extrapolation fix,lagcal,0.5,all,1000,5000,1,burned_OOS,prorata,fixed,-0.278335,-0.715297,0.170659,0.324816,44745,16487.6,1684.35,31399.2,-46327.3,0.127613,72.3383,0.0209199,-373.203,-3.53167,-22393.8,-4924.98,40,87107.8,261323,39333.3,0.861762,2.03753,0.848245,0.000684127,17.55,8.3,77738.8,64962.5,1.39719,2.94942,0.00936208,156701,526352,263176,0.332193,0.313142,0,0.354664,1.47022,3.54971,3.55244,0.597959,-4.39777,66354.8,-52.1266,28.6382,314.059,-935.63,132.406,3.08601,-9.07559,1.2334,92398.9,122792,419207,0.233226,-0.699339,0.0661005,20,-64.6104
paper; order not sent; CV call on our own streamed footage mapped to a live tennis market for timing (different sport); feed baseline 1 s is simulated (licensed feed not purchased); assumed data: licensed feed/video not purchased; parameters measured; pro-rata allocation (lower bracket); depth cap + extrapolation fix,lagcal,0.5,all,1000,25000,1,burned_OOS,prorata,fixed,-0.278335,-0.715297,0.170659,0.324816,44745,16487.6,1684.35,31399.2,-46327.3,0.127613,72.3383,0.00105171,-373.203,-3.53167,-22393.8,-4924.98,40,87107.8,261323,39333.3,0.861762,2.03753,0.848245,0.000684127,17.55,8.3,77738.8,64962.5,1.39719,2.94942,0.00936208,156701,526352,263176,0.332193,0.313142,0,0.354664,1.47022,3.54971,3.55244,0.597959,-4.39777,66354.8,-52.1266,28.6382,314.059,-935.63,132.406,3.08601,-9.07559,1.2334,92398.9,122792,419207,0.233226,-0.699339,0.0661005,20,-64.6104
paper; order not sent; CV call on our own streamed footage mapped to a live tennis market for timing (different sport); feed baseline 1 s is simulated (licensed feed not purchased); assumed data: licensed feed/video not purchased; parameters measured; pro-rata allocation (lower bracket); depth cap + extrapolation fix,lagcal,0.5,all,2000,250,1,burned_OOS,prorata,fixed,0.318744,-0.401559,1.03646,0.370673,44745,18764.7,1684.35,43866.6,-27593,0.125205,85.4622,0.343499,406.839,2.83334,-13416.6,-5238.57,40,60539,181617,25826.4,0.853239,2.03328,0.854505,0.000668803,17.55,8.3,55311.3,43375.6,1.3935,2.95604,0.00933876,121968,526352,263176,0.0842672,0.311314,0.24841,0.356009,1.60782,3.13233,3.13178,1.08669,-3.12449,47364.1,81.7633,19.9032,312.532,-157.649,827.796,2.14972,-1.06324,5.73684,62531.9,92597.7,285942,0.255307,-0.155305,0.711831,20,80.0497
paper; order not sent; CV call on our own streamed footage mapped to a live tennis market for timing (different sport); feed baseline 1 s is simulated (licensed feed not purchased); assumed data: licensed feed/video not purchased; parameters measured; pro-rata allocation (lower bracket); depth cap + extrapolation fix,lagcal,0.5,all,2000,1000,1,burned_OOS,prorata,fixed,-0.174222,-0.763983,0.413978,0.351658,44745,17815.5,1684.35,46478.4,-58809.8,0.125861,80.9614,0.132749,-308.285,-1.7617,-29190.4,-7907.72,40,106522,319566,48541.7,0.85459,2.03323,0.860051,0.00067461,17.55,8.3,96253.2,79583.2,1.39301,2.95383,0.00941077,199091,526352,263176,0.184627,0.357357,0.0530435,0.404972,1.46239,3.57347,3.57434,0.710443,-3.97365,81068.5,-35.2115,35.021,329.769,-1007.83,163.123,1.81603,-5.2627,0.82466,111371,160142,510102,0.192899,-0.598984,0.0777781,20,-40.5976
paper; order not sent; CV call on our own streamed footage mapped to a live tennis market for timing (different sport); feed baseline 1 s is simulated (licensed feed not purchased); assumed data: licensed feed/video not purchased; parameters measured; pro-rata allocation (lower bracket); depth cap + extrapolation fix,lagcal,0.5,all,2000,5000,1,burned_OOS,prorata,fixed,-0.358133,-0.924284,0.201824,0.342969,44745,17379.8,1684.35,42925.1,-72108.8,0.126054,78.61,0.0212284,-729.593,-3.83854,-41768.7,-9067.58,40,123756,371268,58030.3,0.857785,2.03419,0.8502,0.000673385,17.55,8.3,109130,92435.3,1.39472,2.95306,0.00943972,220818,526352,263176,0.234032,0.361205,0,0.404762,1.44471,3.79387,3.80296,0.599875,-4.46034,92001.8,-71.7276,40.6869,389.613,-1608.15,-208.354,2.20851,-8.50624,-1.06479,133589,172166,593411,0.202587,-0.776584,-0.0780647,20,-80.4309
paper; order not sent; CV call on our own streamed footage mapped to a live tennis market for timing (different sport); feed baseline 1 s is simulated (licensed feed not purchased); assumed data: licensed feed/video not purchased; parameters measured; pro-rata allocation (lower bracket); depth cap + extrapolation fix,lagcal,0.5,all,2000,25000,1,burned_OOS,prorata,fixed,-0.358133,-0.924284,0.201824,0.342969,44745,17379.8,1684.35,42925.1,-72108.8,0.126054,78.61,0.0010785,-729.593,-3.83854,-41768.7,-9067.58,40,123756,371268,58030.3,0.857785,2.03419,0.8502,0.000673385,17.55,8.3,109130,92435.3,1.39472,2.95306,0.00943972,220818,526352,263176,0.234032,0.361205,0,0.404762,1.44471,3.79387,3.80296,0.599875,-4.46034,92001.8,-71.7276,40.6869,389.613,-1608.15,-208.354,2.20851,-8.50624,-1.06479,133589,172166,593411,0.202587,-0.776584,-0.0780647,20,-80.4309
paper; order not sent; CV call on our own streamed footage mapped to a live tennis market for timing (different sport); feed baseline 1 s is simulated (licensed feed not purchased); assumed data: licensed feed/video not purchased; parameters measured; pro-rata allocation (lower bracket); depth cap + extrapolation fix,lagcal,0.5,all,5000,250,1,burned_OOS,prorata,fixed,0.54895,-0.444571,1.53971,0.384412,44745,19415.8,1684.35,60723.6,-29968.7,0.123155,92.3881,0.346433,768.872,3.3584,-20181.8,-7702.01,40,65059.9,195180,27712.3,0.846512,2.02162,0.840832,0.000648138,17.55,8.3,59503.4,46855.6,1.38724,2.94368,0.00940064,135393,526352,263176,0.0150801,0.33261,0.282217,0.370092,1.60177,3.18089,3.1789,1.36109,-2.97852,51107.2,143.785,21.3896,503.106,95.8452,1657.44,2.12416,0.425414,6.86933,66204.6,99165.1,306287,0.32928,0.0815708,1.10122,20,142.328
paper; order not sent; CV call on our own streamed footage mapped to a live tennis market for timing (different sport); feed baseline 1 s is simulated (licensed feed not purchased); assumed data: licensed feed/video not purchased; parameters measured; pro-rata allocation (lower bracket); depth cap + extrapolation fix,lagcal,0.5,all,5000,1000,1,burned_OOS,prorata,fixed,0.0366642,-0.831545,0.911244,0.373748,44745,18905,1684.35,74021.6,-70358.8,0.124496,88.9444,0.134645,91.5711,0.250815,-40827.1,-14124,40,128765,386296,57750.3,0.850807,2.02913,0.85521,0.000661823,17.55,8.3,115274,94707.3,1.39096,2.95274,0.00944109,247221,526352,263176,0.0694325,0.402126,0.082581,0.445861,1.46046,3.79573,3.79573,0.934346,-3.54478,96587.8,8.6523,42.3338,659.213,-835.248,1403.13,1.97406,-2.50999,3.99995,141712,191944,629403,0.284211,-0.4106,0.569134,20,11.7457
paper; order not sent; CV call on our own streamed footage mapped to a live tennis market for timing (different sport); feed baseline 1 s is simulated (licensed feed not purchased); assumed data: licensed feed/video not purchased; parameters measured; pro-rata allocation (lower bracket); depth cap + extrapolation fix,lagcal,0.5,all,5000,5000,1,burned_OOS,prorata,fixed,-0.461999,-1.2955,0.358948,0.363035,44745,18366.9,1684.35,64649.1,-121098,0.124588,85.5243,0.0215791,-1411.22,-3.64802,-84387.3,-19378.2,40,179401,538204,86059.8,0.853016,2.03129,0.854241,0.000663271,17.55,8.3,154651,133682,1.39148,2.951,0.00944145,315962,526352,263176,0.126023,0.413285,0.00290604,0.457786,1.47909,4.48034,4.49593,0.646479,-4.68796,127796,-95.7066,58.9813,706.063,-2634.79,-525.804,1.93594,-7.29208,-1.15871,195077,257722,858870,0.245358,-1.05413,-0.171328,20,-100.133
paper; order not sent; CV call on our own streamed footage mapped to a live tennis market for timing (different sport); feed baseline 1 s is simulated (licensed feed not purchased); assumed data: licensed feed/video not purchased; parameters measured; pro-rata allocation (lower bracket); depth cap + extrapolation fix,lagcal,0.5,all,5000,25000,1,burned_OOS,prorata,fixed,-0.494488,-1.31797,0.324683,0.362454,44745,18338.7,1684.35,63518.9,-124502,0.124633,85.3668,0.00109653,-1524.59,-3.92231,-87803.7,-19671.9,40,181505,544514,87108,0.85337,2.03159,0.851484,0.000662327,17.55,8.3,156034,135669,1.39172,2.95123,0.00944194,317882,526352,263176,0.129662,0.4132,0,0.457138,1.48253,4.54493,4.56212,0.63591,-4.79348,128921,-102.196,59.6728,709.32,-2734.35,-549.258,1.95559,-7.51682,-1.37277,199149,261244,870478,0.240533,-1.06681,-0.215505,20,-107.01
paper; order not sent; CV call on our own streamed footage mapped to a live tennis market for timing (different sport); feed baseline 1 s is simulated (licensed feed not purchased); assumed data: licensed feed/video not purchased; parameters measured; pro-rata allocation (lower bracket); depth cap + extrapolation fix,lagcal,1,all,50,250,1,burned_OOS,prorata,fixed,0.772205,0.555402,0.981883,0.230288,44745,11885.2,1684.35,11021.4,-4094.6,0.143567,31.541,0.452471,173.17,17.5532,-279.323,-193.466,40,11665.2,34995.7,4622.88,0.893016,2.08629,0.844339,0.000744725,17.55,8.3,10422.3,7864.54,1.42661,2.99445,0.00891363,21137.2,526352,526352,0.858801,0.0578448,0,0.0833537,2.2228,2.88383,2.884,1.45404,-4.26943,9342.65,180.614,3.83515,78.6887,42.3528,281.268,6.57618,6.24322,29.6045,11899.5,18028.7,55039.5,0.203201,0.374598,1.07976,20,173.238
paper; order not sent; CV call on our own streamed footage mapped to a live tennis market for timing (different sport); feed baseline 1 s is simulated (licensed feed not purchased); assumed data: licensed feed/video not purchased; parameters measured; pro-rata allocation (lower bracket); depth cap + extrapolation fix,lagcal,1,all,50,1000,1,burned_OOS,prorata,fixed,0.772205,0.555402,0.981883,0.230288,44745,11885.2,1684.35,11021.4,-4094.6,0.143567,31.541,0.203239,173.17,17.5532,-279.323,-193.466,40,11665.2,34995.7,4622.88,0.893016,2.08629,0.844339,0.000744725,17.55,8.3,10422.3,7864.54,1.42661,2.99445,0.00891363,21137.2,526352,526352,0.858801,0.0578448,0,0.0833537,2.2228,2.88383,2.884,1.45404,-4.26943,9342.65,180.614,3.83515,78.6887,42.3528,281.268,6.57618,6.24322,29.6045,11899.5,18028.7,55039.5,0.203201,0.374598,1.07976,20,173.238
paper; order not sent; CV call on our own streamed footage mapped to a live tennis market for timing (different sport); feed baseline 1 s is simulated (licensed feed not purchased); assumed data: licensed feed/video not purchased; parameters measured; pro-rata allocation (lower bracket); depth cap + extrapolation fix,lagcal,1,all,50,5000,1,burned_OOS,prorata,fixed,0.772205,0.555402,0.981883,0.230288,44745,11885.2,1684.35,11021.4,-4094.6,0.143567,31.541,0.0443267,173.17,17.5532,-279.323,-193.466,40,11665.2,34995.7,4622.88,0.893016,2.08629,0.844339,0.000744725,17.55,8.3,10422.3,7864.54,1.42661,2.99445,0.00891363,21137.2,526352,526352,0.858801,0.0578448,0,0.0833537,2.2228,2.88383,2.884,1.45404,-4.26943,9342.65,180.614,3.83515,78.6887,42.3528,281.268,6.57618,6.24322,29.6045,11899.5,18028.7,55039.5,0.203201,0.374598,1.07976,20,173.238
paper; order not sent; CV call on our own streamed footage mapped to a live tennis market for timing (different sport); feed baseline 1 s is simulated (licensed feed not purchased); assumed data: licensed feed/video not purchased; parameters measured; pro-rata allocation (lower bracket); depth cap + extrapolation fix,lagcal,1,all,50,25000,1,burned_OOS,prorata,fixed,0.772205,0.555402,0.981883,0.230288,44745,11885.2,1684.35,11021.4,-4094.6,0.143567,31.541,0.00406077,173.17,17.5532,-279.323,-193.466,40,11665.2,34995.7,4622.88,0.893016,2.08629,0.844339,0.000744725,17.55,8.3,10422.3,7864.54,1.42661,2.99445,0.00891363,21137.2,526352,526352,0.858801,0.0578448,0,0.0833537,2.2228,2.88383,2.884,1.45404,-4.26943,9342.65,180.614,3.83515,78.6887,42.3528,281.268,6.57618,6.24322,29.6045,11899.5,18028.7,55039.5,0.203201,0.374598,1.07976,20,173.238
paper; order not sent; CV call on our own streamed footage mapped to a live tennis market for timing (different sport); feed baseline 1 s is simulated (licensed feed not purchased); assumed data: licensed feed/video not purchased; parameters measured; pro-rata allocation (lower bracket); depth cap + extrapolation fix,lagcal,1,all,100,250,1,burned_OOS,prorata,fixed,0.587983,0.360714,0.811198,0.243657,44745,12538,1684.35,17506.4,-7651.83,0.140703,51.5568,0.450186,246.364,14.0752,-717.261,-427.831,40,21155.7,63467.2,8598.2,0.88675,2.07474,0.843588,0.000731637,17.55,8.3,19075.4,14567.8,1.41913,2.97921,0.00889019,38600.7,526352,526352,0.784012,0.0926689,0,0.123319,2.06303,3.03922,3.03948,1.25906,-4.31049,17086,141.684,6.95531,129.699,36.4655,426.594,6.56827,2.74348,25.1011,21726.5,32511.2,100289,0.211636,0.167726,0.899433,20,132.306
paper; order not sent; CV call on our own streamed footage mapped to a live tennis market for timing (different sport); feed baseline 1 s is simulated (licensed feed not purchased); assumed data: licensed feed/video not purchased; parameters measured; pro-rata allocation (lower bracket); depth cap + extrapolation fix,lagcal,1,all,100,1000,1,burned_OOS,prorata,fixed,0.587983,0.360714,0.811198,0.243657,44745,12538,1684.35,17506.4,-7651.83,0.140703,51.5568,0.201613,246.364,14.0752,-717.261,-427.831,40,21155.7,63467.2,8598.2,0.88675,2.07474,0.843588,0.000731637,17.55,8.3,19075.4,14567.8,1.41913,2.97921,0.00889019,38600.7,526352,526352,0.784012,0.0926689,0,0.123319,2.06303,3.03922,3.03948,1.25906,-4.31049,17086,141.684,6.95531,129.699,36.4655,426.594,6.56827,2.74348,25.1011,21726.5,32511.2,100289,0.211636,0.167726,0.899433,20,132.306
paper; order not sent; CV call on our own streamed footage mapped to a live tennis market for timing (different sport); feed baseline 1 s is simulated (licensed feed not purchased); assumed data: licensed feed/video not purchased; parameters measured; pro-rata allocation (lower bracket); depth cap + extrapolation fix,lagcal,1,all,100,5000,1,burned_OOS,prorata,fixed,0.587983,0.360714,0.811198,0.243657,44745,12538,1684.35,17506.4,-7651.83,0.140703,51.5568,0.0438733,246.364,14.0752,-717.261,-427.831,40,21155.7,63467.2,8598.2,0.88675,2.07474,0.843588,0.000731637,17.55,8.3,19075.4,14567.8,1.41913,2.97921,0.00889019,38600.7,526352,526352,0.784012,0.0926689,0,0.123319,2.06303,3.03922,3.03948,1.25906,-4.31049,17086,141.684,6.95531,129.699,36.4655,426.594,6.56827,2.74348,25.1011,21726.5,32511.2,100289,0.211636,0.167726,0.899433,20,132.306
paper; order not sent; CV call on our own streamed footage mapped to a live tennis market for timing (different sport); feed baseline 1 s is simulated (licensed feed not purchased); assumed data: licensed feed/video not purchased; parameters measured; pro-rata allocation (lower bracket); depth cap + extrapolation fix,lagcal,1,all,100,25000,1,burned_OOS,prorata,fixed,0.587983,0.360714,0.811198,0.243657,44745,12538,1684.35,17506.4,-7651.83,0.140703,51.5568,0.00402167,246.364,14.0752,-717.261,-427.831,40,21155.7,63467.2,8598.2,0.88675,2.07474,0.843588,0.000731637,17.55,8.3,19075.4,14567.8,1.41913,2.97921,0.00889019,38600.7,526352,526352,0.784012,0.0926689,0,0.123319,2.06303,3.03922,3.03948,1.25906,-4.31049,17086,141.684,6.95531,129.699,36.4655,426.594,6.56827,2.74348,25.1011,21726.5,32511.2,100289,0.211636,0.167726,0.899433,20,132.306
paper; order not sent; CV call on our own streamed footage mapped to a live tennis market for timing (different sport); feed baseline 1 s is simulated (licensed feed not purchased); assumed data: licensed feed/video not purchased; parameters measured; pro-rata allocation (lower bracket); depth cap + extrapolation fix,lagcal,1,all,200,250,1,burned_OOS,prorata,fixed,0.389515,0.13404,0.644632,0.269376,44745,13791.2,1684.35,25116.9,-13506.7,0.135866,72.2334,0.451984,290.254,9.61456,-1840.3,-880.002,40,36062.3,108187,14937.6,0.869382,2.05356,0.849721,0.000722538,17.55,8.3,32620.9,25235.7,1.40381,2.96293,0.00904665,66141.4,526352,526352,0.634668,0.134757,0.058082,0.172493,1.8928,3.17698,3.17712,1.05358,-4.29209,29131.8,97.9255,11.8561,187.53,7.10747,559.783,6.01383,0.201403,19.592,37200,53699.4,171490,0.203639,-0.00201247,0.680046,20,87.3479
paper; order not sent; CV call on our own streamed footage mapped to a live tennis market for timing (different sport); feed baseline 1 s is simulated (licensed feed not purchased); assumed data: licensed feed/video not purchased; parameters measured; pro-rata allocation (lower bracket); depth cap + extrapolation fix,lagcal,1,all,200,1000,1,burned_OOS,prorata,fixed,0.373725,0.122075,0.623299,0.260293,44745,13353.2,1684.35,25242.6,-13749.3,0.137685,75.2939,0.201117,287.332,9.43343,-1926.05,-894.299,40,37037,111111,15344.3,0.880014,2.06311,0.843302,0.000734201,17.55,8.3,33526.2,26057.6,1.41225,2.96742,0.0089677,67666.5,526352,526352,0.690804,0.136196,0,0.173,1.8758,3.20285,3.20319,1.03249,-4.32096,29989.2,94.3887,12.1766,192.456,-3.36355,561.319,6.1682,-0.243122,19.6512,37936.4,55648,176242,0.208895,-0.0247626,0.670583,20,83.3774
paper; order not sent; CV call on our own streamed footage mapped to a live tennis market for timing (different sport); feed baseline 1 s is simulated (licensed feed not purchased); assumed data: licensed feed/video not purchased; parameters measured; pro-rata allocation (lower bracket); depth cap + extrapolation fix,lagcal,1,all,200,5000,1,burned_OOS,prorata,fixed,0.373725,0.122075,0.623299,0.260293,44745,13353.2,1684.35,25242.6,-13749.3,0.137685,75.2939,0.0438204,287.332,9.43343,-1926.05,-894.299,40,37037,111111,15344.3,0.880014,2.06311,0.843302,0.000734201,17.55,8.3,33526.2,26057.6,1.41225,2.96742,0.0089677,67666.5,526352,526352,0.690804,0.136196,0,0.173,1.8758,3.20285,3.20319,1.03249,-4.32096,29989.2,94.3887,12.1766,192.456,-3.36355,561.319,6.1682,-0.243122,19.6512,37936.4,55648,176242,0.208895,-0.0247626,0.670583,20,83.3774
paper; order not sent; CV call on our own streamed footage mapped to a live tennis market for timing (different sport); feed baseline 1 s is simulated (licensed feed not purchased); assumed data: licensed feed/video not purchased; parameters measured; pro-rata allocation (lower bracket); depth cap + extrapolation fix,lagcal,1,all,200,25000,1,burned_OOS,prorata,fixed,0.373725,0.122075,0.623299,0.260293,44745,13353.2,1684.35,25242.6,-13749.3,0.137685,75.2939,0.00401855,287.332,9.43343,-1926.05,-894.299,40,37037,111111,15344.3,0.880014,2.06311,0.843302,0.000734201,17.55,8.3,33526.2,26057.6,1.41225,2.96742,0.0089677,67666.5,526352,526352,0.690804,0.136196,0,0.173,1.8758,3.20285,3.20319,1.03249,-4.32096,29989.2,94.3887,12.1766,192.456,-3.36355,561.319,6.1682,-0.243122,19.6512,37936.4,55648,176242,0.208895,-0.0247626,0.670583,20,83.3774
paper; order not sent; CV call on our own streamed footage mapped to a live tennis market for timing (different sport); feed baseline 1 s is simulated (licensed feed not purchased); assumed data: licensed feed/video not purchased; parameters measured; pro-rata allocation (lower bracket); depth cap + extrapolation fix,lagcal,1,all,500,250,1,burned_OOS,prorata,fixed,0.328453,-0.0112284,0.663331,0.317278,44745,16150.9,1684.35,36666.9,-21357.2,0.130469,104.316,0.458701,382.743,6.4458,-4353.82,-1962.66,40,55722,167166,23071.6,0.859018,2.04246,0.856065,0.00070508,17.55,8.3,50228.3,39309.6,1.39767,2.96113,0.00929955,103967,526352,526352,0.368982,0.185548,0.209315,0.236154,1.80401,3.12801,3.12821,0.996192,-3.86408,44410.6,83.5704,18.3196,251.742,-39.6066,761.611,4.20023,-0.90488,13.3708,57653.4,83166.7,262957,0.179111,-0.0707653,0.573233,20,74.3679
paper; order not sent; CV call on our own streamed footage mapped to a live tennis market for timing (different sport); feed baseline 1 s is simulated (licensed feed not purchased); assumed data: licensed feed/video not purchased; parameters measured; pro-rata allocation (lower bracket); depth cap + extrapolation fix,lagcal,1,all,500,1000,1,burned_OOS,prorata,fixed,0.132667,-0.166854,0.432945,0.28631,44745,14628,1684.35,36952.1,-27432.4,0.133771,105.468,0.201813,237.992,3.6296,-6615.11,-2476.11,40,72313.8,216942,31092.4,0.871228,2.04991,0.843143,0.000712675,17.55,8.3,65336.5,52104.3,1.40494,2.95579,0.00917112,131522,526352,526352,0.547156,0.206441,0,0.246403,1.65689,3.39272,3.39325,0.777555,-4.25618,58279.8,40.0416,23.7744,284.882,-238.818,664.531,4.75924,-4.8146,11.3743,72389.2,106859,339442,0.204615,-0.313342,0.404066,20,28.4082
paper; order not sent; CV call on our own streamed footage mapped to a live tennis market for timing (different sport); feed baseline 1 s is simulated (licensed feed not purchased); assumed data: licensed feed/video not purchased; parameters measured; pro-rata allocation (lower bracket); depth cap + extrapolation fix,lagcal,1,all,500,5000,1,burned_OOS,prorata,fixed,0.132667,-0.166854,0.432945,0.28631,44745,14628,1684.35,36952.1,-27432.4,0.133771,105.468,0.0440828,237.992,3.6296,-6615.11,-2476.11,40,72313.8,216942,31092.4,0.871228,2.04991,0.843143,0.000712675,17.55,8.3,65336.5,52104.3,1.40494,2.95579,0.00917112,131522,526352,526352,0.547156,0.206441,0,0.246403,1.65689,3.39272,3.39325,0.777555,-4.25618,58279.8,40.0416,23.7744,284.882,-238.818,664.531,4.75924,-4.8146,11.3743,72389.2,106859,339442,0.204615,-0.313342,0.404066,20,28.4082
paper; order not sent; CV call on our own streamed footage mapped to a live tennis market for timing (different sport); feed baseline 1 s is simulated (licensed feed not purchased); assumed data: licensed feed/video not purchased; parameters measured; pro-rata allocation (lower bracket); depth cap + extrapolation fix,lagcal,1,all,500,25000,1,burned_OOS,prorata,fixed,0.132667,-0.166854,0.432945,0.28631,44745,14628,1684.35,36952.1,-27432.4,0.133771,105.468,0.00405545,237.992,3.6296,-6615.11,-2476.11,40,72313.8,216942,31092.4,0.871228,2.04991,0.843143,0.000712675,17.55,8.3,65336.5,52104.3,1.40494,2.95579,0.00917112,131522,526352,526352,0.547156,0.206441,0,0.246403,1.65689,3.39272,3.39325,0.777555,-4.25618,58279.8,40.0416,23.7744,284.882,-238.818,664.531,4.75924,-4.8146,11.3743,72389.2,106859,339442,0.204615,-0.313342,0.404066,20,28.4082
paper; order not sent; CV call on our own streamed footage mapped to a live tennis market for timing (different sport); feed baseline 1 s is simulated (licensed feed not purchased); assumed data: licensed feed/video not purchased; parameters measured; pro-rata allocation (lower bracket); depth cap + extrapolation fix,lagcal,1,all,1000,250,1,burned_OOS,prorata,fixed,0.408839,-0.0533972,0.870879,0.344875,44745,17522.9,1684.35,46817,-24918.4,0.128702,126.617,0.461253,547.465,5.53852,-6956.56,-3241.41,40,66339,199017,27410.8,0.856865,2.04202,0.858307,0.000691527,17.55,8.3,59780.1,46554.2,1.39737,2.96694,0.00935785,127578,526352,526352,0.220303,0.218265,0.293377,0.268055,1.77382,3.08326,3.08325,1.06157,-3.42391,52676.1,100.406,21.8101,290.934,81.2621,1012.96,2.77326,0.864692,9.76304,69940,98948.1,310752,0.165302,0.0779101,0.622693,20,97.1723
paper; order not sent; CV call on our own streamed footage mapped to a live tennis market for timing (different sport); feed baseline 1 s is simulated (licensed feed not purchased); assumed data: licensed feed/video not purchased; parameters measured; pro-rata allocation (lower bracket); depth cap + extrapolation fix,lagcal,1,all,1000,1000,1,burned_OOS,prorata,fixed,0.0459106,-0.313535,0.410451,0.313627,44745,15963,1684.35,49418.2,-42628.5,0.130268,123.166,0.204276,169.741,1.43415,-13022.3,-4426.79,40,108824,326471,47801.1,0.861198,2.03897,0.850301,0.000687997,17.55,8.3,97778.9,80027.8,1.39694,2.94914,0.00928705,198007,526352,526352,0.395331,0.258439,0.040946,0.305285,1.56373,3.4863,3.48697,0.699303,-4.1529,86785.5,18.9773,35.7776,382.888,-471.548,797.587,3.58175,-4.62914,7.72201,109551,157674,510872,0.191407,-0.318146,0.321081,20,8.83328
paper; order not sent; CV call on our own streamed footage mapped to a live tennis market for timing (different sport); feed baseline 1 s is simulated (licensed feed not purchased); assumed data: licensed feed/video not purchased; parameters measured; pro-rata allocation (lower bracket); depth cap + extrapolation fix,lagcal,1,all,1000,5000,1,burned_OOS,prorata,fixed,0.00634469,-0.348902,0.363106,0.306706,44745,15629.7,1684.35,47775,-43888.8,0.131344,121.959,0.0444115,97.156,0.758858,-14532.8,-4586.11,40,113371,340114,50481.5,0.865612,2.04228,0.844412,0.000689179,17.55,8.3,101652,83795.5,1.40028,2.94887,0.0092435,204546,526352,526352,0.436358,0.260603,0,0.303039,1.54156,3.53511,3.53812,0.651639,-4.20634,90434.9,10.4265,37.2728,390.137,-523.698,767.002,3.60362,-5.02204,7.22802,114149,166140,530686,0.195477,-0.359823,0.297765,20,0.190119
paper; order not sent; CV call on our own streamed footage mapped to a live tennis market for timing (different sport); feed baseline 1 s is simulated (licensed feed not purchased); assumed data: licensed feed/video not purchased; parameters measured; pro-rata allocation (lower bracket); depth cap + extrapolation fix,lagcal,1,all,1000,25000,1,burned_OOS,prorata,fixed,0.00634469,-0.348902,0.363106,0.306706,44745,15629.7,1684.35,47775,-43888.8,0.131344,121.959,0.0041579,97.156,0.758858,-14532.8,-4586.11,40,113371,340114,50481.5,0.865612,2.04228,0.844412,0.000689179,17.55,8.3,101652,83795.5,1.40028,2.94887,0.0092435,204546,526352,526352,0.436358,0.260603,0,0.303039,1.54156,3.53511,3.53812,0.651639,-4.20634,90434.9,10.4265,37.2728,390.137,-523.698,767.002,3.60362,-5.02204,7.22802,114149,166140,530686,0.195477,-0.359823,0.297765,20,0.190119
paper; order not sent; CV call on our own streamed footage mapped to a live tennis market for timing (different sport); feed baseline 1 s is simulated (licensed feed not purchased); assumed data: licensed feed/video not purchased; parameters measured; pro-rata allocation (lower bracket); depth cap + extrapolation fix,lagcal,1,all,2000,250,1,burned_OOS,prorata,fixed,0.540781,-0.0899684,1.17876,0.365126,44745,18503.8,1684.35,59631.5,-26848.4,0.12622,146.717,0.463671,819.576,5.15764,-11543.9,-5324.06,40,74464,223392,30687.8,0.854997,2.03684,0.857034,0.000673575,17.55,8.3,66613.3,51576.1,1.39597,2.96182,0.00929187,147008,526352,526352,0.113664,0.244607,0.353444,0.288285,1.75599,3.10015,3.0996,1.18103,-3.07359,58730.5,133.911,24.4813,423.924,198.884,1400.34,2.49308,1.29531,8.773,78769.3,111418,345200,0.239684,0.161966,0.895715,20,133.045
paper; order not sent; CV call on our own streamed footage mapped to a live tennis market for timing (different sport); feed baseline 1 s is simulated (licensed feed not purchased); assumed data: licensed feed/video not purchased; parameters measured; pro-rata allocation (lower bracket); depth cap + extrapolation fix,lagcal,1,all,2000,1000,1,burned_OOS,prorata,fixed,0.0823663,-0.383237,0.548915,0.34055,44745,17291.5,1684.35,68002.9,-57238.3,0.128052,140.72,0.207038,269.115,1.35483,-20814.1,-7369.95,40,141016,423049,62708.6,0.855609,2.03432,0.855392,0.000687738,17.55,8.3,127001,103945,1.39415,2.95582,0.00937509,261679,526352,526352,0.246219,0.305197,0.0926318,0.355952,1.52895,3.54527,3.54605,0.747295,-3.91153,111988,23.2188,46.3615,486.022,-572.223,1037.76,2.53377,-3.05944,5.35959,143183,209550,664317,0.174589,-0.278124,0.298718,20,18.136
paper; order not sent; CV call on our own streamed footage mapped to a live tennis market for timing (different sport); feed baseline 1 s is simulated (licensed feed not purchased); assumed data: licensed feed/video not purchased; parameters measured; pro-rata allocation (lower bracket); depth cap + extrapolation fix,lagcal,1,all,2000,5000,1,burned_OOS,prorata,fixed,-0.0820787,-0.51087,0.360993,0.32611,44745,16584.2,1684.35,62322.8,-68631,0.129412,135.17,0.0447383,-157.705,-0.896271,-30622.6,-8653.67,40,171226,513678,77513.8,0.860773,2.03664,0.845621,0.000686413,17.55,8.3,149809,127460,1.39647,2.94937,0.00935685,301496,526352,526352,0.329692,0.314847,0,0.355462,1.46993,3.79776,3.80868,0.58818,-4.28568,132904,-11.206,56.2934,602.828,-1271.14,738.913,3.11396,-6.7195,3.81978,182691,238609,824530,0.205502,-0.4924,0.195426,20,-18.764
paper; order not sent; CV call on our own streamed footage mapped to a live tennis market for timing (different sport); feed baseline 1 s is simulated (licensed feed not purchased); assumed data: licensed feed/video not purchased; parameters measured; pro-rata allocation (lower bracket); depth cap + extrapolation fix,lagcal,1,all,2000,25000,1,burned_OOS,prorata,fixed,-0.0820787,-0.51087,0.360993,0.32611,44745,16584.2,1684.35,62322.8,-68631,0.129412,135.17,0.00419561,-157.705,-0.896271,-30622.6,-8653.67,40,171226,513678,77513.8,0.860773,2.03664,0.845621,0.000686413,17.55,8.3,149809,127460,1.39647,2.94937,0.00935685,301496,526352,526352,0.329692,0.314847,0,0.355462,1.46993,3.79776,3.80868,0.58818,-4.28568,132904,-11.206,56.2934,602.828,-1271.14,738.913,3.11396,-6.7195,3.81978,182691,238609,824530,0.205502,-0.4924,0.195426,20,-18.764
paper; order not sent; CV call on our own streamed footage mapped to a live tennis market for timing (different sport); feed baseline 1 s is simulated (licensed feed not purchased); assumed data: licensed feed/video not purchased; parameters measured; pro-rata allocation (lower bracket); depth cap + extrapolation fix,lagcal,1,all,5000,250,1,burned_OOS,prorata,fixed,0.803754,-0.108944,1.71975,0.382188,44745,19311.2,1684.35,84432.1,-29623.5,0.123506,166.695,0.467337,1370.22,5.13794,-19273.4,-8090.8,40,80801.3,242404,33189.7,0.848303,2.02386,0.844694,0.000651882,17.55,8.3,72361.8,55898.2,1.38923,2.94664,0.00931607,165250,526352,526352,0.0264452,0.266285,0.405139,0.302131,1.74665,3.16422,3.16222,1.48199,-2.9636,64003.3,206.32,26.5648,700.766,432.947,2564.4,2.36414,2.13728,8.91397,84343.2,119819,377354,0.335611,0.358133,1.38911,20,205.059
paper; order not sent; CV call on our own streamed footage mapped to a live tennis market for timing (different sport); feed baseline 1 s is simulated (licensed feed not purchased); assumed data: licensed feed/video not purchased; parameters measured; pro-rata allocation (lower bracket); depth cap + extrapolation fix,lagcal,1,all,5000,1000,1,burned_OOS,prorata,fixed,0.270863,-0.426948,0.981402,0.367288,44745,18601.2,1684.35,104432,-67458.9,0.12562,159.094,0.209739,924.318,2.52216,-34814.6,-14385.1,40,170886,512657,75624.2,0.852598,2.03267,0.854747,0.00067025,17.55,8.3,153852,125870,1.39256,2.95683,0.00940278,328190,526352,526352,0.103278,0.353209,0.14268,0.400833,1.51273,3.74693,3.74694,0.920852,-3.44648,135367,65.8093,56.1816,753.064,-437.369,2310.54,1.92841,-1.1908,5.90497,180124,256931,816806,0.238433,-0.173952,0.732378,20,66.3603
paper; order not sent; CV call on our own streamed footage mapped to a live tennis market for timing (different sport); feed baseline 1 s is simulated (licensed feed not purchased); assumed data: licensed feed/video not purchased; parameters measured; pro-rata allocation (lower bracket); depth cap + extrapolation fix,lagcal,1,all,5000,5000,1,burned_OOS,prorata,fixed,-0.135901,-0.747717,0.474459,0.350834,44745,17790.8,1684.35,96346.6,-117485,0.126772,150.762,0.0455459,-528.464,-1.31822,-64201.4,-18211,40,260536,781607,123705,0.854883,2.03246,0.850687,0.000677902,17.55,8.3,225260,196170,1.39257,2.9529,0.00945435,455846,526352,526352,0.194209,0.3769,0.00774455,0.421146,1.4452,4.47916,4.49389,0.607981,-4.60585,198821,-24.6786,85.6555,754.683,-2065.26,559.156,1.85943,-5.29624,1.27238,284543,362385,1.25639e+06,0.199104,-0.644205,0.0996885,20,-28.0235
paper; order not sent; CV call on our own streamed footage mapped to a live tennis market for timing (different sport); feed baseline 1 s is simulated (licensed feed not purchased); assumed data: licensed feed/video not purchased; parameters measured; pro-rata allocation (lower bracket); depth cap + extrapolation fix,lagcal,1,all,5000,25000,1,burned_OOS,prorata,fixed,-0.175454,-0.781182,0.433657,0.349464,44745,17724.8,1684.35,92127.5,-120827,0.12694,149.912,0.00423627,-717.477,-1.74398,-68767,-18826.6,40,266164,798491,126394,0.855825,2.03292,0.847217,0.000674213,17.55,8.3,228772,199380,1.39332,2.95322,0.00945972,461128,526352,526352,0.202697,0.377285,0,0.420018,1.44595,4.56572,4.58267,0.575072,-4.70897,202081,-32.7968,87.5058,776.208,-2317.44,333.388,1.92885,-5.99405,0.763968,291051,370551,1.27331e+06,0.196362,-0.661985,0.058048,20,-36.522
paper; order not sent; CV call on our own streamed footage mapped to a live tennis market for timing (different sport); feed baseline 1 s is simulated (licensed feed not purchased); assumed data: licensed feed/video not purchased; parameters measured; pro-rata allocation (lower bracket); depth cap + extrapolation fix,lagcal,0.25,10,50,250,1,IS,prorata,fixed,0.828293,0.564834,1.09477,0.266656,22517,6791.35,708.2,5647.6,-2095.99,0.118257,26.3126,0.322225,34.4816,9.52715,-264.999,-117.986,103,4805.12,14415.4,4532.13,0.993652,3.30802,0.988718,0.00214947,8.6,2.65,2022.93,5079.82,1.99299,4.57202,0.00308631,4100.74,171179,42794.8,0.779532,0.0952387,0,0.125229,2.02687,2.96403,2.96478,1.51098,-4.07892,1793.7,87.308,1.57977,9.44272,16.5857,48.8195,2.49861,4.66464,13.2327,3265.73,9869.62,19537,0.159295,0.495188,1.09958,20,89.454
paper; order not sent; CV call on our own streamed footage mapped to a live tennis market for timing (different sport); feed baseline 1 s is simulated (licensed feed not purchased); assumed data: licensed feed/video not purchased; parameters measured; pro-rata allocation (lower bracket); depth cap + extrapolation fix,lagcal,0.25,10,50,1000,1,IS,prorata,fixed,0.828293,0.564834,1.09477,0.266656,22517,6791.35,708.2,5647.6,-2095.99,0.118257,26.3126,0.114283,34.4816,9.52715,-264.999,-117.986,103,4805.12,14415.4,4532.13,0.993652,3.30802,0.988718,0.00214947,8.6,2.65,2022.93,5079.82,1.99299,4.57202,0.00308631,4100.74,171179,42794.8,0.779532,0.0952387,0,0.125229,2.02687,2.96403,2.96478,1.51098,-4.07892,1793.7,87.308,1.57977,9.44272,16.5857,48.8195,2.49861,4.66464,13.2327,3265.73,9869.62,19537,0.159295,0.495188,1.09958,20,89.454
paper; order not sent; CV call on our own streamed footage mapped to a live tennis market for timing (different sport); feed baseline 1 s is simulated (licensed feed not purchased); assumed data: licensed feed/video not purchased; parameters measured; pro-rata allocation (lower bracket); depth cap + extrapolation fix,lagcal,0.25,10,50,5000,1,IS,prorata,fixed,0.828293,0.564834,1.09477,0.266656,22517,6791.35,708.2,5647.6,-2095.99,0.118257,26.3126,0.0209483,34.4816,9.52715,-264.999,-117.986,103,4805.12,14415.4,4532.13,0.993652,3.30802,0.988718,0.00214947,8.6,2.65,2022.93,5079.82,1.99299,4.57202,0.00308631,4100.74,171179,42794.8,0.779532,0.0952387,0,0.125229,2.02687,2.96403,2.96478,1.51098,-4.07892,1793.7,87.308,1.57977,9.44272,16.5857,48.8195,2.49861,4.66464,13.2327,3265.73,9869.62,19537,0.159295,0.495188,1.09958,20,89.454
paper; order not sent; CV call on our own streamed footage mapped to a live tennis market for timing (different sport); feed baseline 1 s is simulated (licensed feed not purchased); assumed data: licensed feed/video not purchased; parameters measured; pro-rata allocation (lower bracket); depth cap + extrapolation fix,lagcal,0.25,10,50,25000,1,IS,prorata,fixed,0.828293,0.564834,1.09477,0.266656,22517,6791.35,708.2,5647.6,-2095.99,0.118257,26.3126,0.00073492,34.4816,9.52715,-264.999,-117.986,103,4805.12,14415.4,4532.13,0.993652,3.30802,0.988718,0.00214947,8.6,2.65,2022.93,5079.82,1.99299,4.57202,0.00308631,4100.74,171179,42794.8,0.779532,0.0952387,0,0.125229,2.02687,2.96403,2.96478,1.51098,-4.07892,1793.7,87.308,1.57977,9.44272,16.5857,48.8195,2.49861,4.66464,13.2327,3265.73,9869.62,19537,0.159295,0.495188,1.09958,20,89.454
paper; order not sent; CV call on our own streamed footage mapped to a live tennis market for timing (different sport); feed baseline 1 s is simulated (licensed feed not purchased); assumed data: licensed feed/video not purchased; parameters measured; pro-rata allocation (lower bracket); depth cap + extrapolation fix,lagcal,0.25,10,100,250,1,IS,prorata,fixed,0.572824,0.279469,0.871681,0.286261,22517,7268.2,708.2,8451.09,-4160.87,0.115404,38.346,0.321344,41.6526,6.3391,-606.013,-246.227,103,8481.3,25443.9,8038.17,0.989571,3.30266,0.993401,0.00218169,8.6,2.65,3531.99,9037.99,1.98937,4.56926,0.00314669,7132.24,171179,42794.8,0.678382,0.145667,0,0.175952,1.8221,3.10777,3.10889,1.31279,-4.27664,3098.72,59.7518,2.78837,14.7976,11.5174,64.1868,2.19683,1.80858,9.68658,5816.38,18032.7,34953,0.17231,0.199662,0.8341,20,60.5362
paper; order not sent; CV call on our own streamed footage mapped to a live tennis market for timing (different sport); feed baseline 1 s is simulated (licensed feed not purchased); assumed data: licensed feed/video not purchased; parameters measured; pro-rata allocation (lower bracket); depth cap + extrapolation fix,lagcal,0.25,10,100,1000,1,IS,prorata,fixed,0.572824,0.279469,0.871681,0.286261,22517,7268.2,708.2,8451.09,-4160.87,0.115404,38.346,0.113665,41.6526,6.3391,-606.013,-246.227,103,8481.3,25443.9,8038.17,0.989571,3.30266,0.993401,0.00218169,8.6,2.65,3531.99,9037.99,1.98937,4.56926,0.00314669,7132.24,171179,42794.8,0.678382,0.145667,0,0.175952,1.8221,3.10777,3.10889,1.31279,-4.27664,3098.72,59.7518,2.78837,14.7976,11.5174,64.1868,2.19683,1.80858,9.68658,5816.38,18032.7,34953,0.17231,0.199662,0.8341,20,60.5362
paper; order not sent; CV call on our own streamed footage mapped to a live tennis market for timing (different sport); feed baseline 1 s is simulated (licensed feed not purchased); assumed data: licensed feed/video not purchased; parameters measured; pro-rata allocation (lower bracket); depth cap + extrapolation fix,lagcal,0.25,10,100,5000,1,IS,prorata,fixed,0.572824,0.279469,0.871681,0.286261,22517,7268.2,708.2,8451.09,-4160.87,0.115404,38.346,0.0208445,41.6526,6.3391,-606.013,-246.227,103,8481.3,25443.9,8038.17,0.989571,3.30266,0.993401,0.00218169,8.6,2.65,3531.99,9037.99,1.98937,4.56926,0.00314669,7132.24,171179,42794.8,0.678382,0.145667,0,0.175952,1.8221,3.10777,3.10889,1.31279,-4.27664,3098.72,59.7518,2.78837,14.7976,11.5174,64.1868,2.19683,1.80858,9.68658,5816.38,18032.7,34953,0.17231,0.199662,0.8341,20,60.5362
paper; order not sent; CV call on our own streamed footage mapped to a live tennis market for timing (different sport); feed baseline 1 s is simulated (licensed feed not purchased); assumed data: licensed feed/video not purchased; parameters measured; pro-rata allocation (lower bracket); depth cap + extrapolation fix,lagcal,0.25,10,100,25000,1,IS,prorata,fixed,0.572824,0.279469,0.871681,0.286261,22517,7268.2,708.2,8451.09,-4160.87,0.115404,38.346,0.000712815,41.6526,6.3391,-606.013,-246.227,103,8481.3,25443.9,8038.17,0.989571,3.30266,0.993401,0.00218169,8.6,2.65,3531.99,9037.99,1.98937,4.56926,0.00314669,7132.24,171179,42794.8,0.678382,0.145667,0,0.175952,1.8221,3.10777,3.10889,1.31279,-4.27664,3098.72,59.7518,2.78837,14.7976,11.5174,64.1868,2.19683,1.80858,9.68658,5816.38,18032.7,34953,0.17231,0.199662,0.8341,20,60.5362
paper; order not sent; CV call on our own streamed footage mapped to a live tennis market for timing (different sport); feed baseline 1 s is simulated (licensed feed not purchased); assumed data: licensed feed/video not purchased; parameters measured; pro-rata allocation (lower bracket); depth cap + extrapolation fix,lagcal,0.25,10,200,250,1,IS,prorata,fixed,0.338127,-0.00147689,0.694321,0.313503,22517,7934.95,708.2,11882.8,-7717.5,0.112496,49.014,0.322305,40.4398,3.41213,-1551.13,-517.251,103,13760,41279.8,13167.6,0.981092,3.29471,1.004,0.00225219,8.6,2.65,5734.52,14805.9,1.98368,4.56316,0.00319408,11587.1,171179,42794.8,0.535754,0.199132,0.0340983,0.231016,1.66874,3.27422,3.27544,1.15686,-4.37533,4956.26,35.7572,4.52382,23.208,-6.9732,72.8706,1.94159,-0.600306,6.17816,10011.9,28053.1,59828.9,0.191522,-0.0761047,0.592653,20,36.2022
paper; order not sent; CV call on our own streamed footage mapped to a live tennis market for timing (different sport); feed baseline 1 s is simulated (licensed feed not purchased); assumed data: licensed feed/video not purchased; parameters measured; pro-rata allocation (lower bracket); depth cap + extrapolation fix,lagcal,0.25,10,200,1000,1,IS,prorata,fixed,0.328136,-0.0085216,0.682075,0.30713,22517,7777.7,708.2,12063.9,-7960.21,0.112991,49.8619,0.113177,39.8416,3.33755,-1602.15,-521.857,103,14039.1,42117.2,13439,0.987167,3.303,0.997415,0.00224597,8.6,2.65,5844.76,15098,1.98946,4.56973,0.00318786,11765,171179,42794.8,0.570424,0.200023,0,0.229553,1.65587,3.29949,3.3011,1.15663,-4.44668,5050.27,34.528,4.61558,23.5632,-8.2648,72.6035,1.96377,-0.702335,6.1061,10058.2,28729.3,60611.6,0.193447,-0.0886602,0.576321,20,34.9911
paper; order not sent; CV call on our own streamed footage mapped to a live tennis market for timing (different sport); feed baseline 1 s is simulated (licensed feed not purchased); assumed data: licensed feed/video not purchased; parameters measured; pro-rata allocation (lower bracket); depth cap + extrapolation fix,lagcal,0.25,10,200,5000,1,IS,prorata,fixed,0.328136,-0.0085216,0.682075,0.30713,22517,7777.7,708.2,12063.9,-7960.21,0.112991,49.8619,0.0207621,39.8416,3.33755,-1602.15,-521.857,103,14039.1,42117.2,13439,0.987167,3.303,0.997415,0.00224597,8.6,2.65,5844.76,15098,1.98946,4.56973,0.00318786,11765,171179,42794.8,0.570424,0.200023,0,0.229553,1.65587,3.29949,3.3011,1.15663,-4.44668,5050.27,34.528,4.61558,23.5632,-8.2648,72.6035,1.96377,-0.702335,6.1061,10058.2,28729.3,60611.6,0.193447,-0.0886602,0.576321,20,34.9911
paper; order not sent; CV call on our own streamed footage mapped to a live tennis market for timing (different sport); feed baseline 1 s is simulated (licensed feed not purchased); assumed data: licensed feed/video not purchased; parameters measured; pro-rata allocation (lower bracket); depth cap + extrapolation fix,lagcal,0.25,10,200,25000,1,IS,prorata,fixed,0.328136,-0.0085216,0.682075,0.30713,22517,7777.7,708.2,12063.9,-7960.21,0.112991,49.8619,0.000717016,39.8416,3.33755,-1602.15,-521.857,103,14039.1,42117.2,13439,0.987167,3.303,0.997415,0.00224597,8.6,2.65,5844.76,15098,1.98946,4.56973,0.00318786,11765,171179,42794.8,0.570424,0.200023,0,0.229553,1.65587,3.29949,3.3011,1.15663,-4.44668,5050.27,34.528,4.61558,23.5632,-8.2648,72.6035,1.96377,-0.702335,6.1061,10058.2,28729.3,60611.6,0.193447,-0.0886602,0.576321,20,34.9911
paper; order not sent; CV call on our own streamed footage mapped to a live tennis market for timing (different sport); feed baseline 1 s is simulated (licensed feed not purchased); assumed data: licensed feed/video not purchased; parameters measured; pro-rata allocation (lower bracket); depth cap + extrapolation fix,lagcal,0.25,10,500,250,1,IS,prorata,fixed,0.215208,-0.2645,0.704313,0.360106,22517,9094.35,708.2,17186,-13054.6,0.110528,62.2058,0.324694,40.1106,1.66095,-3856.74,-1119.01,103,20048,60144,18986.1,0.977845,3.302,1.02073,0.00226052,8.6,2.65,8609.01,21613.6,1.97969,4.55814,0.00320717,17777.3,171179,42794.8,0.306338,0.258918,0.131833,0.302911,1.59026,3.28228,3.28319,1.11906,-4.15072,7301.13,24.3422,6.59113,45.1751,-45.9507,110.464,1.85341,-1.9368,4.45062,14107.5,41646.1,86952.5,0.260951,-0.326837,0.573297,20,24.0928
paper; order not sent; CV call on our own streamed footage mapped to a live tennis market for timing (different sport); feed baseline 1 s is simulated (licensed feed not purchased); assumed data: licensed feed/video not purchased; parameters measured; pro-rata allocation (lower bracket); depth cap + extrapolation fix,lagcal,0.25,10,500,1000,1,IS,prorata,fixed,0.0415933,-0.392609,0.495555,0.335813,22517,8482.35,708.2,18853,-17666,0.110654,60.5312,0.113119,11.5237,0.406589,-5855.98,-1398.96,103,25383.1,76149.3,24562.3,0.982294,3.29982,1.01052,0.00222628,8.6,2.65,10553,27680.1,1.98285,4.56461,0.00317766,21217.8,171179,42794.8,0.426109,0.272981,0,0.30091,1.49546,3.56434,3.56715,1.03283,-4.67268,8891.29,5.52355,8.34513,47.0485,-78.3438,82.6759,1.7466,-2.93715,3.03982,19232.3,51720.9,114715,0.235557,-0.466191,0.359219,20,4.98277
paper; order not sent; CV call on our own streamed footage mapped to a live tennis market for timing (different sport); feed baseline 1 s is simulated (licensed feed not purchased); assumed data: licensed feed/video not purchased; parameters measured; pro-rata allocation (lower bracket); depth cap + extrapolation fix,lagcal,0.25,10,500,5000,1,IS,prorata,fixed,0.0415933,-0.392609,0.495555,0.335813,22517,8482.35,708.2,18853,-17666,0.110654,60.5312,0.0207813,11.5237,0.406589,-5855.98,-1398.96,103,25383.1,76149.3,24562.3,0.982294,3.29982,1.01052,0.00222628,8.6,2.65,10553,27680.1,1.98285,4.56461,0.00317766,21217.8,171179,42794.8,0.426109,0.272981,0,0.30091,1.49546,3.56434,3.56715,1.03283,-4.67268,8891.29,5.52355,8.34513,47.0485,-78.3438,82.6759,1.7466,-2.93715,3.03982,19232.3,51720.9,114715,0.235557,-0.466191,0.359219,20,4.98277
paper; order not sent; CV call on our own streamed footage mapped to a live tennis market for timing (different sport); feed baseline 1 s is simulated (licensed feed not purchased); assumed data: licensed feed/video not purchased; parameters measured; pro-rata allocation (lower bracket); depth cap + extrapolation fix,lagcal,0.25,10,500,25000,1,IS,prorata,fixed,0.0415933,-0.392609,0.495555,0.335813,22517,8482.35,708.2,18853,-17666,0.110654,60.5312,0.000719385,11.5237,0.406589,-5855.98,-1398.96,103,25383.1,76149.3,24562.3,0.982294,3.29982,1.01052,0.00222628,8.6,2.65,10553,27680.1,1.98285,4.56461,0.00317766,21217.8,171179,42794.8,0.426109,0.272981,0,0.30091,1.49546,3.56434,3.56715,1.03283,-4.67268,8891.29,5.52355,8.34513,47.0485,-78.3438,82.6759,1.7466,-2.93715,3.03982,19232.3,51720.9,114715,0.235557,-0.466191,0.359219,20,4.98277
paper; order not sent; CV call on our own streamed footage mapped to a live tennis market for timing (different sport); feed baseline 1 s is simulated (licensed feed not purchased); assumed data: licensed feed/video not purchased; parameters measured; pro-rata allocation (lower bracket); depth cap + extrapolation fix,lagcal,0.25,10,1000,250,1,IS,prorata,fixed,0.238089,-0.430943,0.934145,0.386925,22517,9770.55,708.2,21884.8,-16544.4,0.110481,70.8032,0.326088,51.8484,1.31059,-6362.46,-1826.55,103,23464.5,70393.4,22394.4,0.978516,3.31441,1.0227,0.00228763,8.6,2.65,10186.7,25536.5,1.97953,4.5622,0.00319315,21729.1,171179,42794.8,0.176788,0.298417,0.185813,0.338982,1.56534,3.25961,3.26038,1.20103,-3.95585,8576,26.8841,7.71434,73.1729,-64.0872,182.57,1.81866,-1.58745,4.4458,16561.1,49190.4,102161,0.338804,-0.306376,0.825736,20,28.5823
paper; order not sent; CV call on our own streamed footage mapped to a live tennis market for timing (different sport); feed baseline 1 s is simulated (licensed feed not purchased); assumed data: licensed feed/video not purchased; parameters measured; pro-rata allocation (lower bracket); depth cap + extrapolation fix,lagcal,0.25,10,1000,1000,1,IS,prorata,fixed,-0.0767847,-0.639848,0.505994,0.361103,22517,9106.35,708.2,26104.6,-28244.1,0.109231,66.9284,0.113908,-20.7717,-0.44413,-12451.4,-2483.74,103,36115.1,108345,35128,0.976844,3.30479,1.02461,0.00231095,8.6,2.65,15111.1,39291.2,1.97988,4.55973,0.00325198,30612,171179,42794.8,0.300534,0.323597,0.0175436,0.358325,1.4414,3.67218,3.67434,1.02869,-4.59106,12466.7,-6.99769,11.8735,78.4281,-142.854,117.195,1.56296,-3.06498,2.24896,28146.4,73257.7,168521,0.265728,-0.577379,0.366128,20,-9.03203
paper; order not sent; CV call on our own streamed footage mapped to a live tennis market for timing (different sport); feed baseline 1 s is simulated (licensed feed not purchased); assumed data: licensed feed/video not purchased; parameters measured; pro-rata allocation (lower bracket); depth cap + extrapolation fix,lagcal,0.25,10,1000,5000,1,IS,prorata,fixed,-0.0941546,-0.654234,0.483004,0.356941,22517,9004.1,708.2,26861.9,-29538.7,0.109498,66.3825,0.0207757,-25.9881,-0.548008,-13191.4,-2604.59,103,37186.1,111558,36245.3,0.979007,3.30765,1.01965,0.00227875,8.6,2.65,15473.9,40409.9,1.98219,4.56261,0.00323626,31184.7,171179,42794.8,0.32146,0.323711,0,0.354829,1.43481,3.71685,3.72034,1.03922,-4.69286,12741.4,-8.50286,12.2256,82.6825,-162.671,118.733,1.63715,-3.37551,2.19806,29148.7,75147,169802,0.277504,-0.640511,0.347458,20,-10.6798
paper; order not sent; CV call on our own streamed footage mapped to a live tennis market for timing (different sport); feed baseline 1 s is simulated (licensed feed not purchased); assumed data: licensed feed/video not purchased; parameters measured; pro-rata allocation (lower bracket); depth cap + extrapolation fix,lagcal,0.25,10,1000,25000,1,IS,prorata,fixed,-0.0941546,-0.654234,0.483004,0.356941,22517,9004.1,708.2,26861.9,-29538.7,0.109498,66.3825,0.000740059,-25.9881,-0.548008,-13191.4,-2604.59,103,37186.1,111558,36245.3,0.979007,3.30765,1.01965,0.00227875,8.6,2.65,15473.9,40409.9,1.98219,4.56261,0.00323626,31184.7,171179,42794.8,0.32146,0.323711,0,0.354829,1.43481,3.71685,3.72034,1.03922,-4.69286,12741.4,-8.50286,12.2256,82.6825,-162.671,118.733,1.63715,-3.37551,2.19806,29148.7,75147,169802,0.277504,-0.640511,0.347458,20,-10.6798
paper; order not sent; CV call on our own streamed footage mapped to a live tennis market for timing (different sport); feed baseline 1 s is simulated (licensed feed not purchased); assumed data: licensed feed/video not purchased; parameters measured; pro-rata allocation (lower bracket); depth cap + extrapolation fix,lagcal,0.25,10,2000,250,1,IS,prorata,fixed,0.256338,-0.672047,1.20475,0.406486,22517,10250.3,708.2,25793.8,-19362.9,0.109202,78.2738,0.327109,62.4361,0.99766,-10509.1,-2828.43,103,25478.7,76436.2,24702.7,0.975831,3.3135,1.01545,0.00224172,8.6,2.65,11298.4,28069.2,1.97786,4.55896,0.00312748,24939.7,171179,42794.8,0.082675,0.330266,0.224114,0.362944,1.55256,3.2363,3.23708,1.25552,-3.83137,9503.7,29.8146,8.37657,104.781,-108.544,266.111,1.658,-1.67679,4.14348,17385.4,54755.8,109206,0.40972,-0.393889,0.984353,20,34.1796
paper; order not sent; CV call on our own streamed footage mapped to a live tennis market for timing (different sport); feed baseline 1 s is simulated (licensed feed not purchased); assumed data: licensed feed/video not purchased; parameters measured; pro-rata allocation (lower bracket); depth cap + extrapolation fix,lagcal,0.25,10,2000,1000,1,IS,prorata,fixed,-0.111236,-0.871675,0.663813,0.385498,22517,9720.7,708.2,35235.6,-39361.1,0.109163,73.9802,0.114742,-40.0526,-0.501096,-20249.3,-4208.56,103,45221.1,135663,44302.6,0.975946,3.30726,1.03267,0.00231067,8.6,2.65,19236.8,49660.9,1.97675,4.55547,0.00322993,39815.7,171179,42794.8,0.18127,0.370088,0.0411737,0.407469,1.42443,3.68031,3.68213,1.11034,-4.39082,15576.2,-10.7761,14.8672,136.085,-245.699,207.739,1.58825,-2.93164,2.33415,32736.7,95442.8,206904,0.351659,-0.699067,0.519579,20,-12.2508
paper; order not sent; CV call on our own streamed footage mapped to a live tennis market for timing (different sport); feed baseline 1 s is simulated (licensed feed not purchased); assumed data: licensed feed/video not purchased; parameters measured; pro-rata allocation (lower bracket); depth cap + extrapolation fix,lagcal,0.25,10,2000,5000,1,IS,prorata,fixed,-0.241504,-0.981201,0.505802,0.376265,22517,9485.25,708.2,37664.9,-47805.7,0.108895,71.8347,0.0207695,-98.4541,-1.09847,-26143.5,-4799.22,103,51663.5,154990,50686.6,0.977961,3.30248,1.02328,0.00227887,8.6,2.65,21403.2,55929.2,1.97774,4.55466,0.00321594,43374.4,171179,42794.8,0.225279,0.371874,0,0.402848,1.42605,3.86838,3.87198,1.08869,-4.78855,17139.7,-23.1858,16.9853,144.465,-349.394,158.822,1.57275,-3.97284,1.66939,39255.4,104524,237526,0.34721,-0.931146,0.331783,20,-26.1348
paper; order not sent; CV call on our own streamed footage mapped to a live tennis market for timing (different sport); feed baseline 1 s is simulated (licensed feed not purchased); assumed data: licensed feed/video not purchased; parameters measured; pro-rata allocation (lower bracket); depth cap + extrapolation fix,lagcal,0.25,10,2000,25000,1,IS,prorata,fixed,-0.241504,-0.981201,0.505802,0.376265,22517,9485.25,708.2,37664.9,-47805.7,0.108895,71.8347,0.0007209,-98.4541,-1.09847,-26143.5,-4799.22,103,51663.5,154990,50686.6,0.977961,3.30248,1.02328,0.00227887,8.6,2.65,21403.2,55929.2,1.97774,4.55466,0.00321594,43374.4,171179,42794.8,0.225279,0.371874,0,0.402848,1.42605,3.86838,3.87198,1.08869,-4.78855,17139.7,-23.1858,16.9853,144.465,-349.394,158.822,1.57275,-3.97284,1.66939,39255.4,104524,237526,0.34721,-0.931146,0.331783,20,-26.1348
paper; order not sent; CV call on our own streamed footage mapped to a live tennis market for timing (different sport); feed baseline 1 s is simulated (licensed feed not purchased); assumed data: licensed feed/video not purchased; parameters measured; pro-rata allocation (lower bracket); depth cap + extrapolation fix,lagcal,0.25,10,5000,250,1,IS,prorata,fixed,0.207681,-1.05695,1.52909,0.421479,22517,10610.8,708.2,27750.9,-22456,0.107711,83.751,0.328402,51.4068,0.535078,-17573,-4350.67,103,27273.2,81819.6,26268.5,0.968569,3.30267,0.998624,0.00230956,8.6,2.65,12113.6,29734.9,1.97057,4.54865,0.00317069,27639.8,171179,42794.8,0.0129382,0.354737,0.253346,0.378979,1.55173,3.21537,3.21573,1.25239,-3.86996,10208.4,22.9327,8.96653,151.889,-236.379,268.243,1.6504,-2.6476,2.85868,18705.8,57787.9,115938,0.535086,-0.773316,1.00215,20,32.2321
paper; order not sent; CV call on our own streamed footage mapped to a live tennis market for timing (different sport); feed baseline 1 s is simulated (licensed feed not purchased); assumed data: licensed feed/video not purchased; parameters measured; pro-rata allocation (lower bracket); depth cap + extrapolation fix,lagcal,0.25,10,5000,1000,1,IS,prorata,fixed,-0.119923,-1.26732,1.0434,0.410004,22517,10332.5,708.2,44914.5,-51209.4,0.108651,81.0128,0.115698,-61.1154,-0.452617,-35278.6,-7265.33,103,53378.5,160135,52762.9,0.972757,3.3095,1.026,0.00230057,8.6,2.65,23075.6,59118.3,1.97565,4.55647,0.00317947,49746.8,171179,42794.8,0.0649421,0.41882,0.0645102,0.451727,1.4254,3.71791,3.71961,1.17273,-4.14446,18503.9,-13.9302,17.5491,262.521,-532.534,421.6,1.71059,-3.57504,2.57447,37379.9,116363,241623,0.499431,-0.959645,0.777925,20,-11.9148
paper; order not sent; CV call on our own streamed footage mapped to a live tennis market for timing (different sport); feed baseline 1 s is simulated (licensed feed not purchased); assumed data: licensed feed/video not purchased; parameters measured; pro-rata allocation (lower bracket); depth cap + extrapolation fix,lagcal,0.25,10,5000,5000,1,IS,prorata,fixed,-0.476648,-1.59329,0.659509,0.398108,22517,10027.2,708.2,52120.2,-81573.6,0.108123,78.1334,0.0210461,-285.956,-1.54325,-55864.1,-9886.51,103,72738.4,218215,72934.5,0.973362,3.30359,1.03388,0.00231034,8.6,2.65,30032.1,80144.6,1.97539,4.55057,0.00321264,61815.4,171179,42794.8,0.120136,0.42318,0.00190413,0.45478,1.47493,4.15557,4.16461,1.11566,-4.83111,23053.1,-47.8308,23.914,259.384,-703.183,88.0381,1.39765,-3.83354,0.478257,56493.8,147578,352716,0.429183,-1.21495,0.140605,20,-49.9446
paper; order not sent; CV call on our own streamed footage mapped to a live tennis market for timing (different sport); feed baseline 1 s is simulated (licensed feed not purchased); assumed data: licensed feed/video not purchased; parameters measured; pro-rata allocation (lower bracket); depth cap + extrapolation fix,lagcal,0.25,10,5000,25000,1,IS,prorata,fixed,-0.496046,-1.61039,0.638069,0.397493,22517,10011.6,708.2,53244.7,-84032.1,0.108123,77.988,0.000715676,-298.907,-1.59937,-57060.6,-10039.1,103,73573.6,220721,73912.8,0.97381,3.30366,1.03163,0.00231342,8.6,2.65,30247.2,80896.3,1.97565,4.55063,0.00321711,62100,171179,42794.8,0.123182,0.423009,0,0.453809,1.47836,4.19376,4.20351,1.13664,-4.94033,23184.6,-49.4294,24.1886,261.577,-722.951,74.4104,1.40011,-3.86618,0.403163,57307.4,150823,358606,0.434441,-1.25531,0.116678,20,-51.9889
paper; order not sent; CV call on our own streamed footage mapped to a live tennis market for timing (different sport); feed baseline 1 s is simulated (licensed feed not purchased); assumed data: licensed feed/video not purchased; parameters measured; pro-rata allocation (lower bracket); depth cap + extrapolation fix,lagcal,0.5,10,50,250,1,IS,prorata,fixed,1.07554,0.833141,1.32405,0.252045,22517,6443.65,708.2,7143.5,-2112.81,0.121721,32.3035,0.44125,48.8417,12.2036,-239.206,-113.508,103,5221.67,15665,4909.13,0.99715,3.3106,0.984585,0.00215883,8.6,2.65,2206.93,5499.65,1.99642,4.57873,0.00310279,4490.36,171179,85589.7,0.855132,0.0627082,0,0.0821594,2.23463,2.96697,2.96785,1.72886,-4.11191,1978.8,113.803,1.71671,11.3284,26.5164,64.5274,2.60587,7.1725,15.7577,3581.14,10462.6,20841,0.14867,0.777909,1.32324,20,117.025
paper; order not sent; CV call on our own streamed footage mapped to a live tennis market for timing (different sport); feed baseline 1 s is simulated (licensed feed not purchased); assumed data: licensed feed/video not purchased; parameters measured; pro-rata allocation (lower bracket); depth cap + extrapolation fix,lagcal,0.5,10,50,1000,1,IS,prorata,fixed,1.07554,0.833141,1.32405,0.252045,22517,6443.65,708.2,7143.5,-2112.81,0.121721,32.3035,0.199055,48.8417,12.2036,-239.206,-113.508,103,5221.67,15665,4909.13,0.99715,3.3106,0.984585,0.00215883,8.6,2.65,2206.93,5499.65,1.99642,4.57873,0.00310279,4490.36,171179,85589.7,0.855132,0.0627082,0,0.0821594,2.23463,2.96697,2.96785,1.72886,-4.11191,1978.8,113.803,1.71671,11.3284,26.5164,64.5274,2.60587,7.1725,15.7577,3581.14,10462.6,20841,0.14867,0.777909,1.32324,20,117.025
paper; order not sent; CV call on our own streamed footage mapped to a live tennis market for timing (different sport); feed baseline 1 s is simulated (licensed feed not purchased); assumed data: licensed feed/video not purchased; parameters measured; pro-rata allocation (lower bracket); depth cap + extrapolation fix,lagcal,0.5,10,50,5000,1,IS,prorata,fixed,1.07554,0.833141,1.32405,0.252045,22517,6443.65,708.2,7143.5,-2112.81,0.121721,32.3035,0.0365596,48.8417,12.2036,-239.206,-113.508,103,5221.67,15665,4909.13,0.99715,3.3106,0.984585,0.00215883,8.6,2.65,2206.93,5499.65,1.99642,4.57873,0.00310279,4490.36,171179,85589.7,0.855132,0.0627082,0,0.0821594,2.23463,2.96697,2.96785,1.72886,-4.11191,1978.8,113.803,1.71671,11.3284,26.5164,64.5274,2.60587,7.1725,15.7577,3581.14,10462.6,20841,0.14867,0.777909,1.32324,20,117.025
paper; order not sent; CV call on our own streamed footage mapped to a live tennis market for timing (different sport); feed baseline 1 s is simulated (licensed feed not purchased); assumed data: licensed feed/video not purchased; parameters measured; pro-rata allocation (lower bracket); depth cap + extrapolation fix,lagcal,0.5,10,50,25000,1,IS,prorata,fixed,1.07554,0.833141,1.32405,0.252045,22517,6443.65,708.2,7143.5,-2112.81,0.121721,32.3035,0.00302643,48.8417,12.2036,-239.206,-113.508,103,5221.67,15665,4909.13,0.99715,3.3106,0.984585,0.00215883,8.6,2.65,2206.93,5499.65,1.99642,4.57873,0.00310279,4490.36,171179,85589.7,0.855132,0.0627082,0,0.0821594,2.23463,2.96697,2.96785,1.72886,-4.11191,1978.8,113.803,1.71671,11.3284,26.5164,64.5274,2.60587,7.1725,15.7577,3581.14,10462.6,20841,0.14867,0.777909,1.32324,20,117.025
paper; order not sent; CV call on our own streamed footage mapped to a live tennis market for timing (different sport); feed baseline 1 s is simulated (licensed feed not purchased); assumed data: licensed feed/video not purchased; parameters measured; pro-rata allocation (lower bracket); depth cap + extrapolation fix,lagcal,0.5,10,100,250,1,IS,prorata,fixed,0.844667,0.582117,1.10898,0.267198,22517,6814.55,708.2,11329.4,-4143.02,0.1195,51.8574,0.440565,69.7706,9.6736,-505.227,-233.211,103,9588.47,28765.4,9046.94,0.992896,3.30885,0.989128,0.00214936,8.6,2.65,4020.06,10134.5,1.99215,4.57099,0.00308292,8150.19,171179,85589.7,0.779177,0.0954456,0,0.125377,2.02713,3.11485,3.11574,1.51554,-4.25958,3588.3,88.5309,3.15237,18.4373,34.6354,97.5139,2.42861,4.89014,13.3147,6524.13,19766.7,39012.6,0.155077,0.52212,1.10467,20,90.5961
paper; order not sent; CV call on our own streamed footage mapped to a live tennis market for timing (different sport); feed baseline 1 s is simulated (licensed feed not purchased); assumed data: licensed feed/video not purchased; parameters measured; pro-rata allocation (lower bracket); depth cap + extrapolation fix,lagcal,0.5,10,100,1000,1,IS,prorata,fixed,0.844667,0.582117,1.10898,0.267198,22517,6814.55,708.2,11329.4,-4143.02,0.1195,51.8574,0.198664,69.7706,9.6736,-505.227,-233.211,103,9588.47,28765.4,9046.94,0.992896,3.30885,0.989128,0.00214936,8.6,2.65,4020.06,10134.5,1.99215,4.57099,0.00308292,8150.19,171179,85589.7,0.779177,0.0954456,0,0.125377,2.02713,3.11485,3.11574,1.51554,-4.25958,3588.3,88.5309,3.15237,18.4373,34.6354,97.5139,2.42861,4.89014,13.3147,6524.13,19766.7,39012.6,0.155077,0.52212,1.10467,20,90.5961
paper; order not sent; CV call on our own streamed footage mapped to a live tennis market for timing (different sport); feed baseline 1 s is simulated (licensed feed not purchased); assumed data: licensed feed/video not purchased; parameters measured; pro-rata allocation (lower bracket); depth cap + extrapolation fix,lagcal,0.5,10,100,5000,1,IS,prorata,fixed,0.844667,0.582117,1.10898,0.267198,22517,6814.55,708.2,11329.4,-4143.02,0.1195,51.8574,0.0363598,69.7706,9.6736,-505.227,-233.211,103,9588.47,28765.4,9046.94,0.992896,3.30885,0.989128,0.00214936,8.6,2.65,4020.06,10134.5,1.99215,4.57099,0.00308292,8150.19,171179,85589.7,0.779177,0.0954456,0,0.125377,2.02713,3.11485,3.11574,1.51554,-4.25958,3588.3,88.5309,3.15237,18.4373,34.6354,97.5139,2.42861,4.89014,13.3147,6524.13,19766.7,39012.6,0.155077,0.52212,1.10467,20,90.5961
paper; order not sent; CV call on our own streamed footage mapped to a live tennis market for timing (different sport); feed baseline 1 s is simulated (licensed feed not purchased); assumed data: licensed feed/video not purchased; parameters measured; pro-rata allocation (lower bracket); depth cap + extrapolation fix,lagcal,0.5,10,100,25000,1,IS,prorata,fixed,0.844667,0.582117,1.10898,0.267198,22517,6814.55,708.2,11329.4,-4143.02,0.1195,51.8574,0.00295627,69.7706,9.6736,-505.227,-233.211,103,9588.47,28765.4,9046.94,0.992896,3.30885,0.989128,0.00214936,8.6,2.65,4020.06,10134.5,1.99215,4.57099,0.00308292,8150.19,171179,85589.7,0.779177,0.0954456,0,0.125377,2.02713,3.11485,3.11574,1.51554,-4.25958,3588.3,88.5309,3.15237,18.4373,34.6354,97.5139,2.42861,4.89014,13.3147,6524.13,19766.7,39012.6,0.155077,0.52212,1.10467,20,90.5961
paper; order not sent; CV call on our own streamed footage mapped to a live tennis market for timing (different sport); feed baseline 1 s is simulated (licensed feed not purchased); assumed data: licensed feed/video not purchased; parameters measured; pro-rata allocation (lower bracket); depth cap + extrapolation fix,lagcal,0.5,10,200,250,1,IS,prorata,fixed,0.616361,0.320084,0.915148,0.296258,22517,7525.4,708.2,16672.9,-7731.93,0.115805,71.9854,0.442156,86.8056,6.76563,-1090.61,-463.232,103,16448,49344,15576.7,0.98009,3.2913,1.00104,0.00218411,8.6,2.65,6822.93,17510.7,1.98051,4.56014,0.00314696,13837.3,171179,85589.7,0.627017,0.144152,0.0521108,0.17672,1.8387,3.27857,3.27971,1.32391,-4.3885,6047.46,64.2105,5.40756,27.8148,28.7397,127.439,2.09158,2.30638,9.79545,11431.3,34537.2,68079.9,0.160414,0.253463,0.852941,20,65.2764
paper; order not sent; CV call on our own streamed footage mapped to a live tennis market for timing (different sport); feed baseline 1 s is simulated (licensed feed not purchased); assumed data: licensed feed/video not purchased; parameters measured; pro-rata allocation (lower bracket); depth cap + extrapolation fix,lagcal,0.5,10,200,1000,1,IS,prorata,fixed,0.605034,0.310286,0.901394,0.287014,22517,7299.15,708.2,16916.2,-7958.02,0.116881,74.6644,0.198003,86.9728,6.72531,-1125.11,-473.084,103,16898.1,50694.3,15993.7,0.988648,3.30215,0.993963,0.00218084,8.6,2.65,6989.94,17968.6,1.98875,4.56852,0.0031417,14118.4,171179,85589.7,0.677934,0.145888,0,0.176178,1.82266,3.30969,3.31099,1.31485,-4.44665,6198.65,62.6206,5.55554,28.6708,27.1394,128.444,2.15745,2.14703,9.84142,11560.4,36064,69672.5,0.164672,0.234618,0.842279,20,63.6088
paper; order not sent; CV call on our own streamed footage mapped to a live tennis market for timing (different sport); feed baseline 1 s is simulated (licensed feed not purchased); assumed data: licensed feed/video not purchased; parameters measured; pro-rata allocation (lower bracket); depth cap + extrapolation fix,lagcal,0.5,10,200,5000,1,IS,prorata,fixed,0.605034,0.310286,0.901394,0.287014,22517,7299.15,708.2,16916.2,-7958.02,0.116881,74.6644,0.036219,86.9728,6.72531,-1125.11,-473.084,103,16898.1,50694.3,15993.7,0.988648,3.30215,0.993963,0.00218084,8.6,2.65,6989.94,17968.6,1.98875,4.56852,0.0031417,14118.4,171179,85589.7,0.677934,0.145888,0,0.176178,1.82266,3.30969,3.31099,1.31485,-4.44665,6198.65,62.6206,5.55554,28.6708,27.1394,128.444,2.15745,2.14703,9.84142,11560.4,36064,69672.5,0.164672,0.234618,0.842279,20,63.6088
paper; order not sent; CV call on our own streamed footage mapped to a live tennis market for timing (different sport); feed baseline 1 s is simulated (licensed feed not purchased); assumed data: licensed feed/video not purchased; parameters measured; pro-rata allocation (lower bracket); depth cap + extrapolation fix,lagcal,0.5,10,200,25000,1,IS,prorata,fixed,0.605034,0.310286,0.901394,0.287014,22517,7299.15,708.2,16916.2,-7958.02,0.116881,74.6644,0.0029972,86.9728,6.72531,-1125.11,-473.084,103,16898.1,50694.3,15993.7,0.988648,3.30215,0.993963,0.00218084,8.6,2.65,6989.94,17968.6,1.98875,4.56852,0.0031417,14118.4,171179,85589.7,0.677934,0.145888,0,0.176178,1.82266,3.30969,3.31099,1.31485,-4.44665,6198.65,62.6206,5.55554,28.6708,27.1394,128.444,2.15745,2.14703,9.84142,11560.4,36064,69672.5,0.164672,0.234618,0.842279,20,63.6088
paper; order not sent; CV call on our own streamed footage mapped to a live tennis market for timing (different sport); feed baseline 1 s is simulated (licensed feed not purchased); assumed data: licensed feed/video not purchased; parameters measured; pro-rata allocation (lower bracket); depth cap + extrapolation fix,lagcal,0.5,10,500,250,1,IS,prorata,fixed,0.512667,0.114701,0.925029,0.348375,22517,8815.5,708.2,24670.5,-13000.6,0.112327,101.028,0.445425,113.3,4.42815,-2733.72,-1050.45,103,24521.2,73563.7,23101.7,0.978614,3.30234,1.01589,0.0022011,8.6,2.65,10467.3,26214.1,1.98076,4.56242,0.00313344,21629.2,171179,85589.7,0.366002,0.199561,0.19204,0.242397,1.74375,3.26143,3.2625,1.27603,-4.16671,9169.37,56.2159,8.06177,49.839,7.90861,181.124,1.98343,0.285351,7.23196,16683.2,50383.2,101695,0.215416,0.038277,0.791965,20,57.0765
paper; order not sent; CV call on our own streamed footage mapped to a live tennis market for timing (different sport); feed baseline 1 s is simulated (licensed feed not purchased); assumed data: licensed feed/video not purchased; parameters measured; pro-rata allocation (lower bracket); depth cap + extrapolation fix,lagcal,0.5,10,500,1000,1,IS,prorata,fixed,0.324986,-0.0319006,0.694635,0.31504,22517,7986.05,708.2,26666.8,-17363.4,0.113908,101.859,0.19775,90.3243,3.2088,-3672.09,-1274.01,103,32451.6,97354.8,31135.9,0.984208,3.30278,1.00247,0.00225299,8.6,2.65,13356.1,34968.5,1.9851,4.56696,0.00321449,26876.1,171179,85589.7,0.535403,0.216892,0,0.247706,1.60301,3.5739,3.57618,1.10647,-4.60447,11707.8,33.8642,10.669,53.4471,-20.4589,166.213,1.87044,-0.742741,5.94461,23314.3,66221.6,141401,0.192535,-0.101285,0.568831,20,34.6293
paper; order not sent; CV call on our own streamed footage mapped to a live tennis market for timing (different sport); feed baseline 1 s is simulated (licensed feed not purchased); assumed data: licensed feed/video not purchased; parameters measured; pro-rata allocation (lower bracket); depth cap + extrapolation fix,lagcal,0.5,10,500,5000,1,IS,prorata,fixed,0.324986,-0.0319006,0.694635,0.31504,22517,7986.05,708.2,26666.8,-17363.4,0.113908,101.859,0.0360479,90.3243,3.2088,-3672.09,-1274.01,103,32451.6,97354.8,31135.9,0.984208,3.30278,1.00247,0.00225299,8.6,2.65,13356.1,34968.5,1.9851,4.56696,0.00321449,26876.1,171179,85589.7,0.535403,0.216892,0,0.247706,1.60301,3.5739,3.57618,1.10647,-4.60447,11707.8,33.8642,10.669,53.4471,-20.4589,166.213,1.87044,-0.742741,5.94461,23314.3,66221.6,141401,0.192535,-0.101285,0.568831,20,34.6293
paper; order not sent; CV call on our own streamed footage mapped to a live tennis market for timing (different sport); feed baseline 1 s is simulated (licensed feed not purchased); assumed data: licensed feed/video not purchased; parameters measured; pro-rata allocation (lower bracket); depth cap + extrapolation fix,lagcal,0.5,10,500,25000,1,IS,prorata,fixed,0.324986,-0.0319006,0.694635,0.31504,22517,7986.05,708.2,26666.8,-17363.4,0.113908,101.859,0.00302911,90.3243,3.2088,-3672.09,-1274.01,103,32451.6,97354.8,31135.9,0.984208,3.30278,1.00247,0.00225299,8.6,2.65,13356.1,34968.5,1.9851,4.56696,0.00321449,26876.1,171179,85589.7,0.535403,0.216892,0,0.247706,1.60301,3.5739,3.57618,1.10647,-4.60447,11707.8,33.8642,10.669,53.4471,-20.4589,166.213,1.87044,-0.742741,5.94461,23314.3,66221.6,141401,0.192535,-0.101285,0.568831,20,34.6293
paper; order not sent; CV call on our own streamed footage mapped to a live tennis market for timing (different sport); feed baseline 1 s is simulated (licensed feed not purchased); assumed data: licensed feed/video not purchased; parameters measured; pro-rata allocation (lower bracket); depth cap + extrapolation fix,lagcal,0.5,10,1000,250,1,IS,prorata,fixed,0.531307,-0.0465776,1.11356,0.377932,22517,9556.2,708.2,30959.2,-16277.1,0.111665,120.904,0.446865,142.545,3.43513,-4567.21,-1762,103,28571.2,85713.7,27066,0.978505,3.31276,1.01903,0.00223807,8.6,2.65,12443.5,30851.4,1.98017,4.56066,0.00315403,26512.1,171179,85589.7,0.221108,0.234193,0.269152,0.275546,1.71309,3.22526,3.22613,1.32787,-3.93981,10849.5,60.7007,9.39328,76.107,2.99017,261.363,1.87481,0.0368461,6.36267,19733.8,59184.4,120541,0.287553,0.00301473,0.989638,20,62.8559
paper; order not sent; CV call on our own streamed footage mapped to a live tennis market for timing (different sport); feed baseline 1 s is simulated (licensed feed not purchased); assumed data: licensed feed/video not purchased; parameters measured; pro-rata allocation (lower bracket); depth cap + extrapolation fix,lagcal,0.5,10,1000,1000,1,IS,prorata,fixed,0.200581,-0.246892,0.655184,0.344553,22517,8712.85,708.2,36601.4,-27719.1,0.111665,117.041,0.199573,86.2352,1.67938,-8540.97,-2496.77,103,48155.7,144467,46185.7,0.978043,3.29769,1.02014,0.00225242,8.6,2.65,19838.1,52296.5,1.97987,4.56031,0.00321708,40148.1,171179,85589.7,0.386216,0.272857,0.0362631,0.304664,1.51365,3.66714,3.66934,1.02917,-4.53527,17221.1,21.7875,15.832,93.8191,-80.157,248.178,1.7978,-1.57156,4.7788,37089.8,99176.5,221828,0.230998,-0.256768,0.57013,20,20.999
paper; order not sent; CV call on our own streamed footage mapped to a live tennis market for timing (different sport); feed baseline 1 s is simulated (licensed feed not purchased); assumed data: licensed feed/video not purchased; parameters measured; pro-rata allocation (lower bracket); depth cap + extrapolation fix,lagcal,0.5,10,1000,5000,1,IS,prorata,fixed,0.175988,-0.262768,0.624898,0.337465,22517,8541.4,708.2,37429.6,-29321.2,0.112476,116.147,0.0362804,78.7228,1.49407,-9242.78,-2626.94,103,50156.1,150468,48440.9,0.981784,3.30124,1.01303,0.0022163,8.6,2.65,20516.1,54621.3,1.98228,4.56504,0.00318885,41271.3,171179,85589.7,0.423459,0.274518,0,0.302023,1.49593,3.71976,3.72359,1.02358,-4.68257,17813.1,19.0963,16.4897,97.2537,-96.6197,242.628,1.83803,-1.86339,4.43918,37420.6,102046,224556,0.235584,-0.299919,0.542311,20,18.5254
paper; order not sent; CV call on our own streamed footage mapped to a live tennis market for timing (different sport); feed baseline 1 s is simulated (licensed feed not purchased); assumed data: licensed feed/video not purchased; parameters measured; pro-rata allocation (lower bracket); depth cap + extrapolation fix,lagcal,0.5,10,1000,25000,1,IS,prorata,fixed,0.175988,-0.262768,0.624898,0.337465,22517,8541.4,708.2,37429.6,-29321.2,0.112476,116.147,0.00311967,78.7228,1.49407,-9242.78,-2626.94,103,50156.1,150468,48440.9,0.981784,3.30124,1.01303,0.0022163,8.6,2.65,20516.1,54621.3,1.98228,4.56504,0.00318885,41271.3,171179,85589.7,0.423459,0.274518,0,0.302023,1.49593,3.71976,3.72359,1.02358,-4.68257,17813.1,19.0963,16.4897,97.2537,-96.6197,242.628,1.83803,-1.86339,4.43918,37420.6,102046,224556,0.235584,-0.299919,0.542311,20,18.5254
paper; order not sent; CV call on our own streamed footage mapped to a live tennis market for timing (different sport); feed baseline 1 s is simulated (licensed feed not purchased); assumed data: licensed feed/video not purchased; parameters measured; pro-rata allocation (lower bracket); depth cap + extrapolation fix,lagcal,0.5,10,2000,250,1,IS,prorata,fixed,0.562934,-0.242946,1.37118,0.39986,22517,10092.8,708.2,36921,-19122.2,0.110058,137.018,0.44794,172.804,2.59592,-8278.21,-2877.68,103,31304.4,93913.2,30140.7,0.977825,3.31474,1.01603,0.00219579,8.6,2.65,13859.4,34400.7,1.97972,4.55799,0.00308598,30586.8,171179,85589.7,0.114634,0.26413,0.324099,0.297137,1.69388,3.19675,3.19754,1.38621,-3.83074,12082.8,67.1614,10.2919,111.273,24.2239,390.316,1.68931,0.374766,5.80625,20580.7,66893.3,130043,0.353379,0.0904774,1.19084,20,72.132
paper; order not sent; CV call on our own streamed footage mapped to a live tennis market for timing (different sport); feed baseline 1 s is simulated (licensed feed not purchased); assumed data: licensed feed/video not purchased; parameters measured; pro-rata allocation (lower bracket); depth cap + extrapolation fix,lagcal,0.5,10,2000,1000,1,IS,prorata,fixed,0.183761,-0.407915,0.79627,0.373542,22517,9436.15,708.2,49458.7,-38711.3,0.110807,131.285,0.201274,104.344,1.18272,-15118.1,-4138.5,103,61271.4,183814,58614.7,0.977354,3.30782,1.03088,0.00231594,8.6,2.65,25674.6,66211.1,1.97893,4.55821,0.00324934,52940,171179,85589.7,0.242645,0.320085,0.0814266,0.355843,1.47942,3.64851,3.65019,1.08298,-4.36783,22064.6,20.7195,20.144,156.787,-135.343,408.662,1.74978,-1.61226,4.27063,44465.4,126439,276082,0.305368,-0.34292,0.745053,20,19.5939
paper; order not sent; CV call on our own streamed footage mapped to a live tennis market for timing (different sport); feed baseline 1 s is simulated (licensed feed not purchased); assumed data: licensed feed/video not purchased; parameters measured; pro-rata allocation (lower bracket); depth cap + extrapolation fix,lagcal,0.5,10,2000,5000,1,IS,prorata,fixed,0.0818025,-0.474576,0.659707,0.358585,22517,9063.1,708.2,53378.6,-47361.4,0.111269,127.189,0.0363174,58.4187,0.578198,-20349.4,-4835.32,103,73006.5,219019,70952.5,0.978501,3.30841,1.02212,0.00227932,8.6,2.65,29737.7,79095.1,1.98151,4.56274,0.00324115,59937.5,171179,85589.7,0.318361,0.325687,0,0.355952,1.43517,3.8574,3.86152,1.03085,-4.78071,25536,9.7356,24.0021,170.202,-235.396,395.333,1.71552,-2.44607,3.73232,56870.2,147246,330441,0.290017,-0.496061,0.604244,20,7.98469
paper; order not sent; CV call on our own streamed footage mapped to a live tennis market for timing (different sport); feed baseline 1 s is simulated (licensed feed not purchased); assumed data: licensed feed/video not purchased; parameters measured; pro-rata allocation (lower bracket); depth cap + extrapolation fix,lagcal,0.5,10,2000,25000,1,IS,prorata,fixed,0.0818025,-0.474576,0.659707,0.358585,22517,9063.1,708.2,53378.6,-47361.4,0.111269,127.189,0.00310012,58.4187,0.578198,-20349.4,-4835.32,103,73006.5,219019,70952.5,0.978501,3.30841,1.02212,0.00227932,8.6,2.65,29737.7,79095.1,1.98151,4.56274,0.00324115,59937.5,171179,85589.7,0.318361,0.325687,0,0.355952,1.43517,3.8574,3.86152,1.03085,-4.78071,25536,9.7356,24.0021,170.202,-235.396,395.333,1.71552,-2.44607,3.73232,56870.2,147246,330441,0.290017,-0.496061,0.604244,20,7.98469
paper; order not sent; CV call on our own streamed footage mapped to a live tennis market for timing (different sport); feed baseline 1 s is simulated (licensed feed not purchased); assumed data: licensed feed/video not purchased; parameters measured; pro-rata allocation (lower bracket); depth cap + extrapolation fix,lagcal,0.5,10,5000,250,1,IS,prorata,fixed,0.558853,-0.613934,1.76923,0.41875,22517,10546.3,708.2,41606.4,-22155,0.108068,154.672,0.449375,188.849,1.75064,-15478.8,-4828.09,103,33705.9,101118,32585.2,0.970926,3.30542,0.999999,0.00224338,8.6,2.65,15035.8,37126.5,1.97325,4.55271,0.00310963,34373.9,171179,85589.7,0.025096,0.289965,0.371446,0.313493,1.68446,3.19648,3.19684,1.41471,-3.84614,13138.8,68.1681,11.0814,163.579,-72.1523,483.617,1.5281,-0.688673,4.56045,21494.4,73288.2,137603,0.463468,-0.192209,1.36478,20,77.6221
paper; order not sent; CV call on our own streamed footage mapped to a live tennis market for timing (different sport); feed baseline 1 s is simulated (licensed feed not purchased); assumed data: licensed feed/video not purchased; parameters measured; pro-rata allocation (lower bracket); depth cap + extrapolation fix,lagcal,0.5,10,5000,1000,1,IS,prorata,fixed,0.234471,-0.682059,1.17046,0.402742,22517,10159.8,708.2,66966.1,-51129.7,0.109567,147.715,0.202617,153.752,0.885053,-27950,-7497.92,103,73269.7,219809,71291.2,0.976058,3.31238,1.02851,0.00225931,8.6,2.65,31163.9,80497.1,1.97769,4.55711,0.00315317,66734.7,171179,85589.7,0.100562,0.372221,0.125825,0.401393,1.46106,3.66906,3.67079,1.20197,-4.20199,26657.9,25.531,24.0887,286.264,-309.118,689.138,1.65409,-1.91096,3.82831,53189.5,154322,327562,0.416705,-0.417341,1.04744,20,28.1855
paper; order not sent; CV call on our own streamed footage mapped to a live tennis market for timing (different sport); feed baseline 1 s is simulated (licensed feed not purchased); assumed data: licensed feed/video not purchased; parameters measured; pro-rata allocation (lower bracket); depth cap + extrapolation fix,lagcal,0.5,10,5000,5000,1,IS,prorata,fixed,-0.00249276,-0.814817,0.827994,0.385462,22517,9726,708.2,82826.5,-81904.5,0.109708,140.368,0.0365815,8.95148,0.0367355,-45103.8,-9858.27,103,109441,328323,106244,0.974684,3.30244,1.03039,0.00228812,8.6,2.65,43828.7,117587,1.97544,4.55268,0.00321803,89177.2,171179,85589.7,0.184816,0.389486,0.0052544,0.420443,1.42819,4.12817,4.13596,1.10886,-4.92444,36979.9,0.995146,35.9806,319.653,-564.281,471.213,1.55213,-2.74855,2.19672,80225.6,219971,495486,0.365244,-0.667391,0.528095,20,-0.138917
paper; order not sent; CV call on our own streamed footage mapped to a live tennis market for timing (different sport); feed baseline 1 s is simulated (licensed feed not purchased); assumed data: licensed feed/video not purchased; parameters measured; pro-rata allocation (lower bracket); depth cap + extrapolation fix,lagcal,0.5,10,5000,25000,1,IS,prorata,fixed,-0.0115028,-0.818595,0.81193,0.384165,22517,9694.05,708.2,84764.5,-84628.2,0.109788,139.895,0.00308048,1.32365,0.00137084,-46396.8,-10252.6,103,110837,332510,108124,0.976002,3.30404,1.02738,0.00228499,8.6,2.65,44294.6,119376,1.97603,4.55344,0.00320244,89853.2,171179,85589.7,0.191485,0.389278,0,0.419237,1.42975,4.1732,4.18341,1.12449,-5.04709,37359.3,0.145299,36.4395,314.205,-568.325,470,1.5176,-2.76264,2.20523,82798.4,220443,508083,0.358854,-0.70096,0.471879,20,-1.39507
paper; order not sent; CV call on our own streamed footage mapped to a live tennis market for timing (different sport); feed baseline 1 s is simulated (licensed feed not purchased); assumed data: licensed feed/video not purchased; parameters measured; pro-rata allocation (lower bracket); depth cap + extrapolation fix,lagcal,1,10,50,250,1,IS,prorata,fixed,1.23932,1.00652,1.47539,0.241486,22517,6194.75,708.2,8242.59,-2110.34,0.12479,36.7985,0.58113,59.5364,13.926,-228.687,-113.868,103,5521.23,16563.7,5181.11,1.00248,3.31879,0.980778,0.00221307,8.6,2.65,2334.36,5812.68,2.00108,4.58349,0.00312428,4761.29,171179,171179,0.911807,0.0360776,0,0.0521152,2.36869,2.97029,2.97115,1.87108,-4.10699,2107.03,131.195,1.8152,12.6439,34.2113,75.3498,2.71653,8.58365,17.9715,3672.57,11247,21377.3,0.144283,0.946754,1.4584,20,134.826
paper; order not sent; CV call on our own streamed footage mapped to a live tennis market for timing (different sport); feed baseline 1 s is simulated (licensed feed not purchased); assumed data: licensed feed/video not purchased; parameters measured; pro-rata allocation (lower bracket); depth cap + extrapolation fix,lagcal,1,10,50,1000,1,IS,prorata,fixed,1.23932,1.00652,1.47539,0.241486,22517,6194.75,708.2,8242.59,-2110.34,0.12479,36.7985,0.290222,59.5364,13.926,-228.687,-113.868,103,5521.23,16563.7,5181.11,1.00248,3.31879,0.980778,0.00221307,8.6,2.65,2334.36,5812.68,2.00108,4.58349,0.00312428,4761.29,171179,171179,0.911807,0.0360776,0,0.0521152,2.36869,2.97029,2.97115,1.87108,-4.10699,2107.03,131.195,1.8152,12.6439,34.2113,75.3498,2.71653,8.58365,17.9715,3672.57,11247,21377.3,0.144283,0.946754,1.4584,20,134.826
paper; order not sent; CV call on our own streamed footage mapped to a live tennis market for timing (different sport); feed baseline 1 s is simulated (licensed feed not purchased); assumed data: licensed feed/video not purchased; parameters measured; pro-rata allocation (lower bracket); depth cap + extrapolation fix,lagcal,1,10,50,5000,1,IS,prorata,fixed,1.23932,1.00652,1.47539,0.241486,22517,6194.75,708.2,8242.59,-2110.34,0.12479,36.7985,0.0746804,59.5364,13.926,-228.687,-113.868,103,5521.23,16563.7,5181.11,1.00248,3.31879,0.980778,0.00221307,8.6,2.65,2334.36,5812.68,2.00108,4.58349,0.00312428,4761.29,171179,171179,0.911807,0.0360776,0,0.0521152,2.36869,2.97029,2.97115,1.87108,-4.10699,2107.03,131.195,1.8152,12.6439,34.2113,75.3498,2.71653,8.58365,17.9715,3672.57,11247,21377.3,0.144283,0.946754,1.4584,20,134.826
paper; order not sent; CV call on our own streamed footage mapped to a live tennis market for timing (different sport); feed baseline 1 s is simulated (licensed feed not purchased); assumed data: licensed feed/video not purchased; parameters measured; pro-rata allocation (lower bracket); depth cap + extrapolation fix,lagcal,1,10,50,25000,1,IS,prorata,fixed,1.23932,1.00652,1.47539,0.241486,22517,6194.75,708.2,8242.59,-2110.34,0.12479,36.7985,0.0088176,59.5364,13.926,-228.687,-113.868,103,5521.23,16563.7,5181.11,1.00248,3.31879,0.980778,0.00221307,8.6,2.65,2334.36,5812.68,2.00108,4.58349,0.00312428,4761.29,171179,171179,0.911807,0.0360776,0,0.0521152,2.36869,2.97029,2.97115,1.87108,-4.10699,2107.03,131.195,1.8152,12.6439,34.2113,75.3498,2.71653,8.58365,17.9715,3672.57,11247,21377.3,0.144283,0.946754,1.4584,20,134.826
paper; order not sent; CV call on our own streamed footage mapped to a live tennis market for timing (different sport); feed baseline 1 s is simulated (licensed feed not purchased); assumed data: licensed feed/video not purchased; parameters measured; pro-rata allocation (lower bracket); depth cap + extrapolation fix,lagcal,1,10,100,250,1,IS,prorata,fixed,1.09136,0.849358,1.33516,0.252529,22517,6465.75,708.2,14315.8,-4177.63,0.123072,63.7683,0.578987,98.4288,12.3333,-466.977,-221.017,103,10416.8,31250.4,9801.58,0.9965,3.31137,0.985071,0.00215899,8.6,2.65,4387.69,10977.3,1.99588,4.57838,0.00309969,8928.61,171179,171179,0.85499,0.0628327,0,0.0821769,2.23478,3.11933,3.12035,1.73219,-4.29621,3958.19,114.963,3.4247,22.1679,54.5458,128.864,2.53193,7.3843,15.8868,7155.64,20952.7,41620.5,0.143814,0.808218,1.32873,20,118.111
paper; order not sent; CV call on our own streamed footage mapped to a live tennis market for timing (different sport); feed baseline 1 s is simulated (licensed feed not purchased); assumed data: licensed feed/video not purchased; parameters measured; pro-rata allocation (lower bracket); depth cap + extrapolation fix,lagcal,1,10,100,1000,1,IS,prorata,fixed,1.09136,0.849358,1.33516,0.252529,22517,6465.75,708.2,14315.8,-4177.63,0.123072,63.7683,0.288744,98.4288,12.3333,-466.977,-221.017,103,10416.8,31250.4,9801.58,0.9965,3.31137,0.985071,0.00215899,8.6,2.65,4387.69,10977.3,1.99588,4.57838,0.00309969,8928.61,171179,171179,0.85499,0.0628327,0,0.0821769,2.23478,3.11933,3.12035,1.73219,-4.29621,3958.19,114.963,3.4247,22.1679,54.5458,128.864,2.53193,7.3843,15.8868,7155.64,20952.7,41620.5,0.143814,0.808218,1.32873,20,118.111
paper; order not sent; CV call on our own streamed footage mapped to a live tennis market for timing (different sport); feed baseline 1 s is simulated (licensed feed not purchased); assumed data: licensed feed/video not purchased; parameters measured; pro-rata allocation (lower bracket); depth cap + extrapolation fix,lagcal,1,10,100,5000,1,IS,prorata,fixed,1.09136,0.849358,1.33516,0.252529,22517,6465.75,708.2,14315.8,-4177.63,0.123072,63.7683,0.0741496,98.4288,12.3333,-466.977,-221.017,103,10416.8,31250.4,9801.58,0.9965,3.31137,0.985071,0.00215899,8.6,2.65,4387.69,10977.3,1.99588,4.57838,0.00309969,8928.61,171179,171179,0.85499,0.0628327,0,0.0821769,2.23478,3.11933,3.12035,1.73219,-4.29621,3958.19,114.963,3.4247,22.1679,54.5458,128.864,2.53193,7.3843,15.8868,7155.64,20952.7,41620.5,0.143814,0.808218,1.32873,20,118.111
paper; order not sent; CV call on our own streamed footage mapped to a live tennis market for timing (different sport); feed baseline 1 s is simulated (licensed feed not purchased); assumed data: licensed feed/video not purchased; parameters measured; pro-rata allocation (lower bracket); depth cap + extrapolation fix,lagcal,1,10,100,25000,1,IS,prorata,fixed,1.09136,0.849358,1.33516,0.252529,22517,6465.75,708.2,14315.8,-4177.63,0.123072,63.7683,0.00874841,98.4288,12.3333,-466.977,-221.017,103,10416.8,31250.4,9801.58,0.9965,3.31137,0.985071,0.00215899,8.6,2.65,4387.69,10977.3,1.99588,4.57838,0.00309969,8928.61,171179,171179,0.85499,0.0628327,0,0.0821769,2.23478,3.11933,3.12035,1.73219,-4.29621,3958.19,114.963,3.4247,22.1679,54.5458,128.864,2.53193,7.3843,15.8868,7155.64,20952.7,41620.5,0.143814,0.808218,1.32873,20,118.111
paper; order not sent; CV call on our own streamed footage mapped to a live tennis market for timing (different sport); feed baseline 1 s is simulated (licensed feed not purchased); assumed data: licensed feed/video not purchased; parameters measured; pro-rata allocation (lower bracket); depth cap + extrapolation fix,lagcal,1,10,200,250,1,IS,prorata,fixed,0.885239,0.619699,1.15351,0.280903,22517,7159.5,708.2,22197.8,-7677.94,0.118928,95.2189,0.581494,140.969,9.98768,-924.795,-421.454,103,18509.6,55528.8,17455.7,0.978691,3.28865,0.998013,0.00215972,8.6,2.65,7722.2,19558.5,1.98053,4.5562,0.00310347,15730.2,171179,171179,0.707648,0.0944423,0.0737803,0.12413,2.04623,3.2822,3.28334,1.52755,-4.36225,6949.65,92.6613,6.08534,34.8585,70.2193,192,2.31561,5.31058,13.2833,12715.6,37885.3,75405.3,0.145032,0.573439,1.12728,20,94.987
paper; order not sent; CV call on our own streamed footage mapped to a live tennis market for timing (different sport); feed baseline 1 s is simulated (licensed feed not purchased); assumed data: licensed feed/video not purchased; parameters measured; pro-rata allocation (lower bracket); depth cap + extrapolation fix,lagcal,1,10,200,1000,1,IS,prorata,fixed,0.876284,0.614362,1.1404,0.267911,22517,6844.45,708.2,22659.7,-7898.19,0.121058,101.228,0.288478,143.316,10.0599,-935.937,-439.068,103,19123.9,57371.7,18033,0.991911,3.30868,0.989391,0.00214879,8.6,2.65,7964.59,20184,1.99156,4.57132,0.00307802,16151.4,171179,171179,0.77897,0.0956498,0,0.12538,2.02772,3.31858,3.31984,1.51622,-4.41662,7176.53,91.1777,6.28731,36.0891,71.8481,195.697,2.41376,5.27285,13.6531,12971.9,39550.6,77811,0.14723,0.563414,1.11723,20,93.4317
paper; order not sent; CV call on our own streamed footage mapped to a live tennis market for timing (different sport); feed baseline 1 s is simulated (licensed feed not purchased); assumed data: licensed feed/video not purchased; parameters measured; pro-rata allocation (lower bracket); depth cap + extrapolation fix,lagcal,1,10,200,5000,1,IS,prorata,fixed,0.876284,0.614362,1.1404,0.267911,22517,6844.45,708.2,22659.7,-7898.19,0.121058,101.228,0.0740975,143.316,10.0599,-935.937,-439.068,103,19123.9,57371.7,18033,0.991911,3.30868,0.989391,0.00214879,8.6,2.65,7964.59,20184,1.99156,4.57132,0.00307802,16151.4,171179,171179,0.77897,0.0956498,0,0.12538,2.02772,3.31858,3.31984,1.51622,-4.41662,7176.53,91.1777,6.28731,36.0891,71.8481,195.697,2.41376,5.27285,13.6531,12971.9,39550.6,77811,0.14723,0.563414,1.11723,20,93.4317
paper; order not sent; CV call on our own streamed footage mapped to a live tennis market for timing (different sport); feed baseline 1 s is simulated (licensed feed not purchased); assumed data: licensed feed/video not purchased; parameters measured; pro-rata allocation (lower bracket); depth cap + extrapolation fix,lagcal,1,10,200,25000,1,IS,prorata,fixed,0.876284,0.614362,1.1404,0.267911,22517,6844.45,708.2,22659.7,-7898.19,0.121058,101.228,0.008691,143.316,10.0599,-935.937,-439.068,103,19123.9,57371.7,18033,0.991911,3.30868,0.989391,0.00214879,8.6,2.65,7964.59,20184,1.99156,4.57132,0.00307802,16151.4,171179,171179,0.77897,0.0956498,0,0.12538,2.02772,3.31858,3.31984,1.51622,-4.41662,7176.53,91.1777,6.28731,36.0891,71.8481,195.697,2.41376,5.27285,13.6531,12971.9,39550.6,77811,0.14723,0.563414,1.11723,20,93.4317
paper; order not sent; CV call on our own streamed footage mapped to a live tennis market for timing (different sport); feed baseline 1 s is simulated (licensed feed not purchased); assumed data: licensed feed/video not purchased; parameters measured; pro-rata allocation (lower bracket); depth cap + extrapolation fix,lagcal,1,10,500,250,1,IS,prorata,fixed,0.799084,0.446477,1.15588,0.337969,22517,8567.25,708.2,33636,-12741.9,0.11394,148.136,0.58612,202.856,7.33901,-2233.07,-954.474,103,28154.8,84464.4,26420.3,0.978108,3.30469,1.01075,0.00215378,8.6,2.65,12081.9,29960.3,1.97967,4.56217,0.00307362,25050.5,171179,171179,0.420442,0.137242,0.265271,0.177045,1.94277,3.23824,3.23924,1.47113,-4.10622,10791.3,87.661,9.25637,59.7548,81.3046,285.969,2.14801,3.00652,10.2119,18590.7,57189.5,113167,0.195057,0.388384,1.10696,20,89.7694
paper; order not sent; CV call on our own streamed footage mapped to a live tennis market for timing (different sport); feed baseline 1 s is simulated (licensed feed not purchased); assumed data: licensed feed/video not purchased; parameters measured; pro-rata allocation (lower bracket); depth cap + extrapolation fix,lagcal,1,10,500,1000,1,IS,prorata,fixed,0.592512,0.288721,0.902915,0.295197,22517,7514.3,708.2,37444.7,-17077.9,0.117705,157.388,0.288564,197.736,6.47001,-2660.21,-1192.7,103,39638.1,118914,37673.5,0.987493,3.30299,0.996888,0.00220357,8.6,2.65,16239.6,42236,1.98824,4.56833,0.0031627,32771.2,171179,171179,0.641338,0.164752,0,0.19391,1.75438,3.5764,3.57802,1.23936,-4.53936,14602,60.6938,13.0317,65.1871,57.4741,288.528,2.04467,1.91037,9.18727,26907.5,84411.7,164523,0.162407,0.214232,0.806308,20,61.8407
paper; order not sent; CV call on our own streamed footage mapped to a live tennis market for timing (different sport); feed baseline 1 s is simulated (licensed feed not purchased); assumed data: licensed feed/video not purchased; parameters measured; pro-rata allocation (lower bracket); depth cap + extrapolation fix,lagcal,1,10,500,5000,1,IS,prorata,fixed,0.592512,0.288721,0.902915,0.295197,22517,7514.3,708.2,37444.7,-17077.9,0.117705,157.388,0.0739544,197.736,6.47001,-2660.21,-1192.7,103,39638.1,118914,37673.5,0.987493,3.30299,0.996888,0.00220357,8.6,2.65,16239.6,42236,1.98824,4.56833,0.0031627,32771.2,171179,171179,0.641338,0.164752,0,0.19391,1.75438,3.5764,3.57802,1.23936,-4.53936,14602,60.6938,13.0317,65.1871,57.4741,288.528,2.04467,1.91037,9.18727,26907.5,84411.7,164523,0.162407,0.214232,0.806308,20,61.8407
paper; order not sent; CV call on our own streamed footage mapped to a live tennis market for timing (different sport); feed baseline 1 s is simulated (licensed feed not purchased); assumed data: licensed feed/video not purchased; parameters measured; pro-rata allocation (lower bracket); depth cap + extrapolation fix,lagcal,1,10,500,25000,1,IS,prorata,fixed,0.592512,0.288721,0.902915,0.295197,22517,7514.3,708.2,37444.7,-17077.9,0.117705,157.388,0.00866507,197.736,6.47001,-2660.21,-1192.7,103,39638.1,118914,37673.5,0.987493,3.30299,0.996888,0.00220357,8.6,2.65,16239.6,42236,1.98824,4.56833,0.0031627,32771.2,171179,171179,0.641338,0.164752,0,0.19391,1.75438,3.5764,3.57802,1.23936,-4.53936,14602,60.6938,13.0317,65.1871,57.4741,288.528,2.04467,1.91037,9.18727,26907.5,84411.7,164523,0.162407,0.214232,0.806308,20,61.8407
paper; order not sent; CV call on our own streamed footage mapped to a live tennis market for timing (different sport); feed baseline 1 s is simulated (licensed feed not purchased); assumed data: licensed feed/video not purchased; parameters measured; pro-rata allocation (lower bracket); depth cap + extrapolation fix,lagcal,1,10,1000,250,1,IS,prorata,fixed,0.833649,0.326311,1.3395,0.369261,22517,9350.4,708.2,42492.9,-15786,0.11299,188.335,0.587937,259.291,5.88922,-3828.57,-1615.6,103,32904.5,98713.6,30937.1,0.978947,3.31343,1.01563,0.00221517,8.6,2.65,14426.3,35291.5,1.98054,4.56252,0.0031208,30830.4,171179,171179,0.263927,0.164371,0.368214,0.203489,1.90809,3.18996,3.19084,1.52933,-3.86026,12845.9,95.8744,10.8179,91.344,80.7418,381.511,2.09069,1.77295,8.91842,21716.8,67962,133790,0.285053,0.309411,1.33685,20,99.1691
paper; order not sent; CV call on our own streamed footage mapped to a live tennis market for timing (different sport); feed baseline 1 s is simulated (licensed feed not purchased); assumed data: licensed feed/video not purchased; parameters measured; pro-rata allocation (lower bracket); depth cap + extrapolation fix,lagcal,1,10,1000,1000,1,IS,prorata,fixed,0.461172,0.100549,0.832509,0.327681,22517,8310.45,708.2,52038.8,-27304.4,0.114339,193.076,0.291057,240.139,4.47589,-5862.92,-2301.15,103,61108.3,183325,58181.3,0.979098,3.29637,1.01282,0.00227745,8.6,2.65,24967.6,65678.9,1.98071,4.55989,0.00323154,50603.9,171179,171179,0.474833,0.215324,0.0592451,0.250598,1.63681,3.67104,3.67319,1.12148,-4.48397,22366,47.8117,20.0904,110.422,23.3322,415.592,2.01367,0.414506,7.66265,45027.4,124343,268711,0.193657,0.0528578,0.758112,20,48.5833
paper; order not sent; CV call on our own streamed footage mapped to a live tennis market for timing (different sport); feed baseline 1 s is simulated (licensed feed not purchased); assumed data: licensed feed/video not purchased; parameters measured; pro-rata allocation (lower bracket); depth cap + extrapolation fix,lagcal,1,10,1000,5000,1,IS,prorata,fixed,0.438839,0.0779829,0.806183,0.316354,22517,8036.6,708.2,53291.1,-28852.5,0.11585,193.968,0.0741021,237.269,4.35055,-5992.81,-2377.84,103,64177.9,192534,61561.2,0.983683,3.30245,1.00461,0.00223879,8.6,2.65,26115.9,69159.2,1.98488,4.56693,0.00320667,52578.7,171179,171179,0.534232,0.21768,0,0.248089,1.60363,3.7269,3.73002,1.10456,-4.62824,23438,44.9807,21.0996,111.641,18.2199,412.784,2.00103,0.319663,7.43893,45892,131317,277412,0.18991,0.0391289,0.725145,20,45.8595
paper; order not sent; CV call on our own streamed footage mapped to a live tennis market for timing (different sport); feed baseline 1 s is simulated (licensed feed not purchased); assumed data: licensed feed/video not purchased; parameters measured; pro-rata allocation (lower bracket); depth cap + extrapolation fix,lagcal,1,10,1000,25000,1,IS,prorata,fixed,0.438839,0.0779829,0.806183,0.316354,22517,8036.6,708.2,53291.1,-28852.5,0.11585,193.968,0.00869329,237.269,4.35055,-5992.81,-2377.84,103,64177.9,192534,61561.2,0.983683,3.30245,1.00461,0.00223879,8.6,2.65,26115.9,69159.2,1.98488,4.56693,0.00320667,52578.7,171179,171179,0.534232,0.21768,0,0.248089,1.60363,3.7269,3.73002,1.10456,-4.62824,23438,44.9807,21.0996,111.641,18.2199,412.784,2.00103,0.319663,7.43893,45892,131317,277412,0.18991,0.0391289,0.725145,20,45.8595
paper; order not sent; CV call on our own streamed footage mapped to a live tennis market for timing (different sport); feed baseline 1 s is simulated (licensed feed not purchased); assumed data: licensed feed/video not purchased; parameters measured; pro-rata allocation (lower bracket); depth cap + extrapolation fix,lagcal,1,10,2000,250,1,IS,prorata,fixed,0.875365,0.134703,1.60617,0.39315,22517,9934.55,708.2,51416,-19082.9,0.11109,229.864,0.588912,313.913,4.42925,-6656.05,-2672.78,103,36176.5,108529,34484,0.979303,3.31826,1.01575,0.00214276,8.6,2.65,16125.3,39559.3,1.97983,4.55825,0.00303289,35765.8,171179,171179,0.148388,0.189121,0.442087,0.220404,1.88263,3.16225,3.16305,1.60872,-3.86606,14363.6,105.574,11.8936,129.533,122.963,549.273,1.82551,1.88125,8.12603,23047,76091.9,146872,0.349136,0.394998,1.61641,20,111.76
paper; order not sent; CV call on our own streamed footage mapped to a live tennis market for timing (different sport); feed baseline 1 s is simulated (licensed feed not purchased); assumed data: licensed feed/video not purchased; parameters measured; pro-rata allocation (lower bracket); depth cap + extrapolation fix,lagcal,1,10,2000,1000,1,IS,prorata,fixed,0.433223,-0.041722,0.911467,0.361567,22517,9150.15,708.2,69133.6,-37640.9,0.112419,228.07,0.293173,305.755,3.35907,-10917.3,-4033.42,103,78588.7,235766,74311.6,0.976852,3.30322,1.02434,0.0022419,8.6,2.65,32845.5,84503.5,1.97899,4.55673,0.00319311,67694,171179,171179,0.304374,0.260832,0.131549,0.303245,1.58955,3.63556,3.63737,1.1237,-4.28236,29267.4,47.3353,25.8374,188.128,-48.1694,654.827,2.02535,-0.598869,6.76765,55027.9,162991,338257,0.269756,-0.112666,0.891763,20,46.8084
paper; order not sent; CV call on our own streamed footage mapped to a live tennis market for timing (different sport); feed baseline 1 s is simulated (licensed feed not purchased); assumed data: licensed feed/video not purchased; parameters measured; pro-rata allocation (lower bracket); depth cap + extrapolation fix,lagcal,1,10,2000,5000,1,IS,prorata,fixed,0.316979,-0.116422,0.761328,0.338717,22517,8591.1,708.2,74109.7,-46447.7,0.114406,219.921,0.0744839,268.563,2.67571,-14781.9,-4919.11,103,99000.2,297001,95346.2,0.9815,3.30294,1.01491,0.00221374,8.6,2.65,39805.5,107530,1.98192,4.56464,0.00318068,80086.4,171179,171179,0.421965,0.275412,0,0.302623,1.4965,3.85923,3.86438,1.01474,-4.71884,35651.8,33.0052,32.548,205.879,-105.438,658.351,2.01046,-1.0342,6.26106,73402.4,201173,440357,0.245437,-0.178251,0.758172,20,32.5743
paper; order not sent; CV call on our own streamed footage mapped to a live tennis market for timing (different sport); feed baseline 1 s is simulated (licensed feed not purchased); assumed data: licensed feed/video not purchased; parameters measured; pro-rata allocation (lower bracket); depth cap + extrapolation fix,lagcal,1,10,2000,25000,1,IS,prorata,fixed,0.316979,-0.116422,0.761328,0.338717,22517,8591.1,708.2,74109.7,-46447.7,0.114406,219.921,0.0087551,268.563,2.67571,-14781.9,-4919.11,103,99000.2,297001,95346.2,0.9815,3.30294,1.01491,0.00221374,8.6,2.65,39805.5,107530,1.98192,4.56464,0.00318068,80086.4,171179,171179,0.421965,0.275412,0,0.302623,1.4965,3.85923,3.86438,1.01474,-4.71884,35651.8,33.0052,32.548,205.879,-105.438,658.351,2.01046,-1.0342,6.26106,73402.4,201173,440357,0.245437,-0.178251,0.758172,20,32.5743
paper; order not sent; CV call on our own streamed footage mapped to a live tennis market for timing (different sport); feed baseline 1 s is simulated (licensed feed not purchased); assumed data: licensed feed/video not purchased; parameters measured; pro-rata allocation (lower bracket); depth cap + extrapolation fix,lagcal,1,10,5000,250,1,IS,prorata,fixed,0.923112,-0.202848,2.04234,0.415402,22517,10467,708.2,60418.9,-21939.7,0.108486,248.974,0.591204,373.585,3.11006,-13437.1,-4983.55,103,38709.1,116127,37680.9,0.973201,3.3088,1.00179,0.00219936,8.6,2.65,17677.7,43182.5,1.97558,4.55671,0.00306721,40780.3,171179,171179,0.0415302,0.212975,0.511092,0.234403,1.86628,3.16976,3.17013,1.67389,-3.84062,15792.3,117.421,12.7263,194.276,71.8624,765.856,1.61386,0.633619,6.44974,22928,83897.7,153949,0.46452,0.166051,1.83469,20,127.884
paper; order not sent; CV call on our own streamed footage mapped to a live tennis market for timing (different sport); feed baseline 1 s is simulated (licensed feed not purchased); assumed data: licensed feed/video not purchased; parameters measured; pro-rata allocation (lower bracket); depth cap + extrapolation fix,lagcal,1,10,5000,1000,1,IS,prorata,fixed,0.487542,-0.26182,1.25321,0.395064,22517,9978,708.2,93866,-50270,0.110656,261.931,0.294986,423.262,2.39314,-22153.1,-7913.31,103,95347.5,286042,91587.8,0.977489,3.31536,1.02634,0.00225015,8.6,2.65,40201.5,103994,1.97831,4.55835,0.00315562,86053.9,171179,171179,0.139608,0.311625,0.20015,0.348617,1.55886,3.62678,3.62854,1.22745,-4.18445,35743.4,54.0097,31.3471,303.521,7.34421,1029.89,1.65017,0.0424482,5.70979,67967.2,202794,415083,0.334917,0.0229119,1.10712,20,57.0297
paper; order not sent; CV call on our own streamed footage mapped to a live tennis market for timing (different sport); feed baseline 1 s is simulated (licensed feed not purchased); assumed data: licensed feed/video not purchased; parameters measured; pro-rata allocation (lower bracket); depth cap + extrapolation fix,lagcal,1,10,5000,5000,1,IS,prorata,fixed,0.268674,-0.331018,0.885581,0.369639,22517,9348.1,708.2,117861,-81312.8,0.111834,247.833,0.0751863,354.841,1.60821,-38075.7,-10270.5,103,156441,469323,150731,0.975821,3.30621,1.02917,0.00229073,8.6,2.65,62346.4,168312,1.97786,4.55822,0.0032346,126190,171179,171179,0.266921,0.344092,0.013221,0.375766,1.42901,4.10232,4.10894,1.04529,-4.95106,55625.6,27.5966,51.4326,371.378,-282.244,1080.75,1.58596,-1.30171,4.32065,117125,316825,707991,0.285576,-0.258551,0.770751,20,27.0937
paper; order not sent; CV call on our own streamed footage mapped to a live tennis market for timing (different sport); feed baseline 1 s is simulated (licensed feed not purchased); assumed data: licensed feed/video not purchased; parameters measured; pro-rata allocation (lower bracket); depth cap + extrapolation fix,lagcal,1,10,5000,25000,1,IS,prorata,fixed,0.265366,-0.327674,0.885417,0.366827,22517,9280.6,708.2,120196,-83545.4,0.112182,246.732,0.0087493,355.827,1.58178,-39286.7,-10603.2,103,159780,479341,154379,0.977565,3.30902,1.02389,0.00226899,8.6,2.65,63487.6,172088,1.97964,4.56029,0.00320376,127957,171179,171179,0.28215,0.344598,0,0.373252,1.42659,4.14854,4.15525,1.04896,-5.04684,56691.6,27.0949,52.5305,385.469,-337.245,1101.54,1.63481,-1.56779,4.3708,122475,320962,713862,0.293331,-0.284911,0.773275,20,26.2788
paper; order not sent; CV call on our own streamed footage mapped to a live tennis market for timing (different sport); feed baseline 1 s is simulated (licensed feed not purchased); assumed data: licensed feed/video not purchased; parameters measured; pro-rata allocation (lower bracket); depth cap + extrapolation fix,prereg,0.5,10,50,250,1,IS,prorata,fixed,0.364912,-0.321315,1.01994,0.0758094,22517,2549.2,594,2030.78,-1271.6,0.352007,28.2704,0.449602,7.37063,2.08497,-611.775,-133.738,103,3159.93,9479.8,2750.56,1.05766,3.02754,1.07109,0.0017191,7.25,2.05,802.738,3172.36,1.95899,4.51011,0.00266328,1659.38,50351.9,25175.9,0.838302,0.0705171,0,0.0911807,2.19675,1.29128,1.29126,1.67918,-2.49338,576.72,28.3791,1.03888,7.88692,-5.41066,22.6761,2.18203,-2.00368,5.25934,4477.47,6162.17,20861.3,0.390977,-0.467003,0.94467,20,25.5568
paper; order not sent; CV call on our own streamed footage mapped to a live tennis market for timing (different sport); feed baseline 1 s is simulated (licensed feed not purchased); assumed data: licensed feed/video not purchased; parameters measured; pro-rata allocation (lower bracket); depth cap + extrapolation fix,prereg,0.5,10,50,1000,1,IS,prorata,fixed,0.364912,-0.321315,1.01994,0.0758094,22517,2549.2,594,2030.78,-1271.6,0.352007,28.2704,0.198555,7.37063,2.08497,-611.775,-133.738,103,3159.93,9479.8,2750.56,1.05766,3.02754,1.07109,0.0017191,7.25,2.05,802.738,3172.36,1.95899,4.51011,0.00266328,1659.38,50351.9,25175.9,0.838302,0.0705171,0,0.0911807,2.19675,1.29128,1.29126,1.67918,-2.49338,576.72,28.3791,1.03888,7.88692,-5.41066,22.6761,2.18203,-2.00368,5.25934,4477.47,6162.17,20861.3,0.390977,-0.467003,0.94467,20,25.5568
paper; order not sent; CV call on our own streamed footage mapped to a live tennis market for timing (different sport); feed baseline 1 s is simulated (licensed feed not purchased); assumed data: licensed feed/video not purchased; parameters measured; pro-rata allocation (lower bracket); depth cap + extrapolation fix,prereg,0.5,10,50,5000,1,IS,prorata,fixed,0.364912,-0.321315,1.01994,0.0758094,22517,2549.2,594,2030.78,-1271.6,0.352007,28.2704,0.0393984,7.37063,2.08497,-611.775,-133.738,103,3159.93,9479.8,2750.56,1.05766,3.02754,1.07109,0.0017191,7.25,2.05,802.738,3172.36,1.95899,4.51011,0.00266328,1659.38,50351.9,25175.9,0.838302,0.0705171,0,0.0911807,2.19675,1.29128,1.29126,1.67918,-2.49338,576.72,28.3791,1.03888,7.88692,-5.41066,22.6761,2.18203,-2.00368,5.25934,4477.47,6162.17,20861.3,0.390977,-0.467003,0.94467,20,25.5568
paper; order not sent; CV call on our own streamed footage mapped to a live tennis market for timing (different sport); feed baseline 1 s is simulated (licensed feed not purchased); assumed data: licensed feed/video not purchased; parameters measured; pro-rata allocation (lower bracket); depth cap + extrapolation fix,prereg,0.5,10,50,25000,1,IS,prorata,fixed,0.364912,-0.321315,1.01994,0.0758094,22517,2549.2,594,2030.78,-1271.6,0.352007,28.2704,0.00386174,7.37063,2.08497,-611.775,-133.738,103,3159.93,9479.8,2750.56,1.05766,3.02754,1.07109,0.0017191,7.25,2.05,802.738,3172.36,1.95899,4.51011,0.00266328,1659.38,50351.9,25175.9,0.838302,0.0705171,0,0.0911807,2.19675,1.29128,1.29126,1.67918,-2.49338,576.72,28.3791,1.03888,7.88692,-5.41066,22.6761,2.18203,-2.00368,5.25934,4477.47,6162.17,20861.3,0.390977,-0.467003,0.94467,20,25.5568
paper; order not sent; CV call on our own streamed footage mapped to a live tennis market for timing (different sport); feed baseline 1 s is simulated (licensed feed not purchased); assumed data: licensed feed/video not purchased; parameters measured; pro-rata allocation (lower bracket); depth cap + extrapolation fix,prereg,0.5,10,100,250,1,IS,prorata,fixed,0.195435,-0.5303,0.887707,0.0804192,22517,2673.95,594,3221.03,-2402.2,0.344542,46.9506,0.448457,7.9498,1.18988,-1303.49,-264.14,103,5860.89,17582.7,5065.37,1.05282,3.0164,1.07836,0.00176438,7.25,2.05,1465,5848.01,1.95148,4.49247,0.00271566,3026.62,50351.9,25175.9,0.762459,0.102532,0,0.13501,1.99902,1.3374,1.33741,1.49593,-2.50001,1041.29,16.5031,1.92687,12.2369,-13.1511,31.0455,1.93283,-2.5064,4.12904,8539.92,11034.4,39379.2,0.375693,-0.627739,0.699433,20,13.0913
paper; order not sent; CV call on our own streamed footage mapped to a live tennis market for timing (different sport); feed baseline 1 s is simulated (licensed feed not purchased); assumed data: licensed feed/video not purchased; parameters measured; pro-rata allocation (lower bracket); depth cap + extrapolation fix,prereg,0.5,10,100,1000,1,IS,prorata,fixed,0.195435,-0.5303,0.887707,0.0804192,22517,2673.95,594,3221.03,-2402.2,0.344542,46.9506,0.197749,7.9498,1.18988,-1303.49,-264.14,103,5860.89,17582.7,5065.37,1.05282,3.0164,1.07836,0.00176438,7.25,2.05,1465,5848.01,1.95148,4.49247,0.00271566,3026.62,50351.9,25175.9,0.762459,0.102532,0,0.13501,1.99902,1.3374,1.33741,1.49593,-2.50001,1041.29,16.5031,1.92687,12.2369,-13.1511,31.0455,1.93283,-2.5064,4.12904,8539.92,11034.4,39379.2,0.375693,-0.627739,0.699433,20,13.0913
paper; order not sent; CV call on our own streamed footage mapped to a live tennis market for timing (different sport); feed baseline 1 s is simulated (licensed feed not purchased); assumed data: licensed feed/video not purchased; parameters measured; pro-rata allocation (lower bracket); depth cap + extrapolation fix,prereg,0.5,10,100,5000,1,IS,prorata,fixed,0.195435,-0.5303,0.887707,0.0804192,22517,2673.95,594,3221.03,-2402.2,0.344542,46.9506,0.0391837,7.9498,1.18988,-1303.49,-264.14,103,5860.89,17582.7,5065.37,1.05282,3.0164,1.07836,0.00176438,7.25,2.05,1465,5848.01,1.95148,4.49247,0.00271566,3026.62,50351.9,25175.9,0.762459,0.102532,0,0.13501,1.99902,1.3374,1.33741,1.49593,-2.50001,1041.29,16.5031,1.92687,12.2369,-13.1511,31.0455,1.93283,-2.5064,4.12904,8539.92,11034.4,39379.2,0.375693,-0.627739,0.699433,20,13.0913
paper; order not sent; CV call on our own streamed footage mapped to a live tennis market for timing (different sport); feed baseline 1 s is simulated (licensed feed not purchased); assumed data: licensed feed/video not purchased; parameters measured; pro-rata allocation (lower bracket); depth cap + extrapolation fix,prereg,0.5,10,100,25000,1,IS,prorata,fixed,0.195435,-0.5303,0.887707,0.0804192,22517,2673.95,594,3221.03,-2402.2,0.344542,46.9506,0.00379194,7.9498,1.18988,-1303.49,-264.14,103,5860.89,17582.7,5065.37,1.05282,3.0164,1.07836,0.00176438,7.25,2.05,1465,5848.01,1.95148,4.49247,0.00271566,3026.62,50351.9,25175.9,0.762459,0.102532,0,0.13501,1.99902,1.3374,1.33741,1.49593,-2.50001,1041.29,16.5031,1.92687,12.2369,-13.1511,31.0455,1.93283,-2.5064,4.12904,8539.92,11034.4,39379.2,0.375693,-0.627739,0.699433,20,13.0913
paper; order not sent; CV call on our own streamed footage mapped to a live tennis market for timing (different sport); feed baseline 1 s is simulated (licensed feed not purchased); assumed data: licensed feed/video not purchased; parameters measured; pro-rata allocation (lower bracket); depth cap + extrapolation fix,prereg,0.5,10,200,250,1,IS,prorata,fixed,0.0130451,-0.78537,0.776627,0.0889506,22517,2903.05,594,4757.81,-4400.71,0.331943,68.9621,0.447388,3.46698,0.226961,-2651.19,-498.763,103,10151,30453,8750.61,1.04473,2.99515,1.08975,0.00178667,7.25,2.05,2510.09,10121,1.9421,4.4776,0.00276531,5213.77,50351.9,25175.9,0.615013,0.150424,0.0485071,0.186056,1.8174,1.37967,1.37964,1.32949,-2.53697,1756.32,4.1554,3.33732,17.9354,-24.2421,37.2205,1.60576,-2.444,2.8383,15181.3,17981.4,68708,0.357363,-0.670236,0.484308,20,0.186769
paper; order not sent; CV call on our own streamed footage mapped to a live tennis market for timing (different sport); feed baseline 1 s is simulated (licensed feed not purchased); assumed data: licensed feed/video not purchased; parameters measured; pro-rata allocation (lower bracket); depth cap + extrapolation fix,prereg,0.5,10,200,1000,1,IS,prorata,fixed,0.00400774,-0.786386,0.759161,0.086337,22517,2834,594,4853.49,-4529.67,0.335741,70.6177,0.196775,3.14393,0.195454,-2705.25,-505.215,103,10453.2,31359.5,8966.36,1.05019,3.00626,1.08291,0.00176643,7.25,2.05,2566.71,10328,1.94815,4.4882,0.00274045,5305.66,50351.9,25175.9,0.661697,0.151915,0,0.186388,1.80101,1.39519,1.39515,1.33004,-2.57796,1798.41,3.65929,3.43666,18.4946,-25.2203,38.2267,1.64152,-2.51088,2.90153,15404.9,18464.4,70557.5,0.361162,-0.688041,0.49692,20,-0.606811
paper; order not sent; CV call on our own streamed footage mapped to a live tennis market for timing (different sport); feed baseline 1 s is simulated (licensed feed not purchased); assumed data: licensed feed/video not purchased; parameters measured; pro-rata allocation (lower bracket); depth cap + extrapolation fix,prereg,0.5,10,200,5000,1,IS,prorata,fixed,0.00400774,-0.786386,0.759161,0.086337,22517,2834,594,4853.49,-4529.67,0.335741,70.6177,0.0387687,3.14393,0.195454,-2705.25,-505.215,103,10453.2,31359.5,8966.36,1.05019,3.00626,1.08291,0.00176643,7.25,2.05,2566.71,10328,1.94815,4.4882,0.00274045,5305.66,50351.9,25175.9,0.661697,0.151915,0,0.186388,1.80101,1.39519,1.39515,1.33004,-2.57796,1798.41,3.65929,3.43666,18.4946,-25.2203,38.2267,1.64152,-2.51088,2.90153,15404.9,18464.4,70557.5,0.361162,-0.688041,0.49692,20,-0.606811
paper; order not sent; CV call on our own streamed footage mapped to a live tennis market for timing (different sport); feed baseline 1 s is simulated (licensed feed not purchased); assumed data: licensed feed/video not purchased; parameters measured; pro-rata allocation (lower bracket); depth cap + extrapolation fix,prereg,0.5,10,200,25000,1,IS,prorata,fixed,0.00400774,-0.786386,0.759161,0.086337,22517,2834,594,4853.49,-4529.67,0.335741,70.6177,0.00388048,3.14393,0.195454,-2705.25,-505.215,103,10453.2,31359.5,8966.36,1.05019,3.00626,1.08291,0.00176643,7.25,2.05,2566.71,10328,1.94815,4.4882,0.00274045,5305.66,50351.9,25175.9,0.661697,0.151915,0,0.186388,1.80101,1.39519,1.39515,1.33004,-2.57796,1798.41,3.65929,3.43666,18.4946,-25.2203,38.2267,1.64152,-2.51088,2.90153,15404.9,18464.4,70557.5,0.361162,-0.688041,0.49692,20,-0.606811
paper; order not sent; CV call on our own streamed footage mapped to a live tennis market for timing (different sport); feed baseline 1 s is simulated (licensed feed not purchased); assumed data: licensed feed/video not purchased; parameters measured; pro-rata allocation (lower bracket); depth cap + extrapolation fix,prereg,0.5,10,500,250,1,IS,prorata,fixed,-0.0377213,-1.06042,0.968568,0.104412,22517,3350.5,594,6963.43,-7129.83,0.320525,99.9313,0.449806,-1.61562,-0.0805737,-5660.43,-1026.24,103,15513.5,46540.5,12856,1.0458,2.97262,1.10329,0.00176507,7.25,2.05,3950.85,15368.5,1.93372,4.46727,0.00268143,8508.49,50351.9,25175.9,0.354598,0.207882,0.183638,0.253881,1.72543,1.3412,1.34114,1.29561,-2.24352,2665.83,-1.26707,5.10033,34.3515,-52.9031,63.2327,1.57952,-2.51575,3.00698,21818.3,28763.6,101447,0.454633,-0.820579,0.767228,20,-4.16604
paper; order not sent; CV call on our own streamed footage mapped to a live tennis market for timing (different sport); feed baseline 1 s is simulated (licensed feed not purchased); assumed data: licensed feed/video not purchased; parameters measured; pro-rata allocation (lower bracket); depth cap + extrapolation fix,prereg,0.5,10,500,1000,1,IS,prorata,fixed,-0.230138,-1.16718,0.694101,0.094986,22517,3072.6,594,7544.38,-9509.61,0.325576,101.636,0.196079,-19.0799,-0.811492,-6734.15,-1229.42,103,20564.1,61692.3,17613.5,1.04662,2.99495,1.09172,0.00181451,7.25,2.05,4975.54,20160.3,1.94106,4.48031,0.00280354,10326.1,50351.9,25175.9,0.516029,0.224514,0,0.259457,1.58714,1.47267,1.47264,1.13073,-2.5703,3388.67,-11.2886,6.7608,35.6733,-86.7061,45.1879,1.49295,-3.80231,1.74496,29902.9,37569.1,139162,0.40808,-1.12701,0.409921,20,-16.1572
paper; order not sent; CV call on our own streamed footage mapped to a live tennis market for timing (different sport); feed baseline 1 s is simulated (licensed feed not purchased); assumed data: licensed feed/video not purchased; parameters measured; pro-rata allocation (lower bracket); depth cap + extrapolation fix,prereg,0.5,10,500,5000,1,IS,prorata,fixed,-0.230138,-1.16718,0.694101,0.094986,22517,3072.6,594,7544.38,-9509.61,0.325576,101.636,0.0384446,-19.0799,-0.811492,-6734.15,-1229.42,103,20564.1,61692.3,17613.5,1.04662,2.99495,1.09172,0.00181451,7.25,2.05,4975.54,20160.3,1.94106,4.48031,0.00280354,10326.1,50351.9,25175.9,0.516029,0.224514,0,0.259457,1.58714,1.47267,1.47264,1.13073,-2.5703,3388.67,-11.2886,6.7608,35.6733,-86.7061,45.1879,1.49295,-3.80231,1.74496,29902.9,37569.1,139162,0.40808,-1.12701,0.409921,20,-16.1572
paper; order not sent; CV call on our own streamed footage mapped to a live tennis market for timing (different sport); feed baseline 1 s is simulated (licensed feed not purchased); assumed data: licensed feed/video not purchased; parameters measured; pro-rata allocation (lower bracket); depth cap + extrapolation fix,prereg,0.5,10,500,25000,1,IS,prorata,fixed,-0.230138,-1.16718,0.694101,0.094986,22517,3072.6,594,7544.38,-9509.61,0.325576,101.636,0.00384152,-19.0799,-0.811492,-6734.15,-1229.42,103,20564.1,61692.3,17613.5,1.04662,2.99495,1.09172,0.00181451,7.25,2.05,4975.54,20160.3,1.94106,4.48031,0.00280354,10326.1,50351.9,25175.9,0.516029,0.224514,0,0.259457,1.58714,1.47267,1.47264,1.13073,-2.5703,3388.67,-11.2886,6.7608,35.6733,-86.7061,45.1879,1.49295,-3.80231,1.74496,29902.9,37569.1,139162,0.40808,-1.12701,0.409921,20,-16.1572
paper; order not sent; CV call on our own streamed footage mapped to a live tennis market for timing (different sport); feed baseline 1 s is simulated (licensed feed not purchased); assumed data: licensed feed/video not purchased; parameters measured; pro-rata allocation (lower bracket); depth cap + extrapolation fix,prereg,0.5,10,1000,250,1,IS,prorata,fixed,0.0188827,-1.24472,1.28671,0.113479,22517,3624.25,594,8761.74,-8615.43,0.317503,122.807,0.450931,1.42054,0.022084,-8668.31,-1606.23,103,18320.8,54962.3,15089.6,1.04546,2.96775,1.10213,0.00178258,7.25,2.05,4737.28,18266.5,1.93503,4.46005,0.00270036,10744.2,50351.9,25175.9,0.211631,0.243978,0.256109,0.288283,1.6985,1.3037,1.30352,1.36502,-2.00303,3156.04,0.943365,6.02327,54.5131,-80.6573,104.284,1.55732,-2.29185,3.04768,25305.3,31486.7,119289,0.565759,-0.848039,1.09544,20,-0.245977
paper; order not sent; CV call on our own streamed footage mapped to a live tennis market for timing (different sport); feed baseline 1 s is simulated (licensed feed not purchased); assumed data: licensed feed/video not purchased; parameters measured; pro-rata allocation (lower bracket); depth cap + extrapolation fix,prereg,0.5,10,1000,1000,1,IS,prorata,fixed,-0.311242,-1.39671,0.796761,0.10377,22517,3317.25,594,9975.25,-14265.8,0.317475,120.18,0.196751,-41.6559,-0.965667,-12230.1,-2172.4,103,31126.6,93379.9,26587.7,1.04552,2.9704,1.10852,0.00179223,7.25,2.05,7509.52,30729.7,1.9355,4.46455,0.00274288,15806.6,50351.9,25175.9,0.368641,0.28112,0.033294,0.316945,1.50565,1.4837,1.48363,1.01218,-2.35399,4981.23,-16.2823,10.2334,73.6458,-170.608,99.593,1.68428,-4.05286,2.14264,44561.4,60759.8,208339,0.507289,-1.42219,0.480952,20,-21.7077
paper; order not sent; CV call on our own streamed footage mapped to a live tennis market for timing (different sport); feed baseline 1 s is simulated (licensed feed not purchased); assumed data: licensed feed/video not purchased; parameters measured; pro-rata allocation (lower bracket); depth cap + extrapolation fix,prereg,0.5,10,1000,5000,1,IS,prorata,fixed,-0.336002,-1.41383,0.763817,0.101828,22517,3265.9,594,10222.4,-14920.8,0.319703,119.38,0.0384972,-45.6153,-1.04248,-12501.7,-2262.94,103,32301.4,96904.3,27805.4,1.04502,2.97629,1.10167,0.00177861,7.25,2.05,7730,31670,1.93681,4.47053,0.0027583,16159.9,50351.9,25175.9,0.402438,0.282874,0,0.314688,1.48781,1.50573,1.50573,1.01426,-2.41922,5137.21,-17.1815,10.6197,71.9845,-176.308,91.4851,1.62423,-4.13023,1.93664,45033.7,61348.5,213236,0.495389,-1.44067,0.400643,20,-22.2709
paper; order not sent; CV call on our own streamed footage mapped to a live tennis market for timing (different sport); feed baseline 1 s is simulated (licensed feed not purchased); assumed data: licensed feed/video not purchased; parameters measured; pro-rata allocation (lower bracket); depth cap + extrapolation fix,prereg,0.5,10,1000,25000,1,IS,prorata,fixed,-0.336002,-1.41383,0.763817,0.101828,22517,3265.9,594,10222.4,-14920.8,0.319703,119.38,0.00391323,-45.6153,-1.04248,-12501.7,-2262.94,103,32301.4,96904.3,27805.4,1.04502,2.97629,1.10167,0.00177861,7.25,2.05,7730,31670,1.93681,4.47053,0.0027583,16159.9,50351.9,25175.9,0.402438,0.282874,0,0.314688,1.48781,1.50573,1.50573,1.01426,-2.41922,5137.21,-17.1815,10.6197,71.9845,-176.308,91.4851,1.62423,-4.13023,1.93664,45033.7,61348.5,213236,0.495389,-1.44067,0.400643,20,-22.2709
paper; order not sent; CV call on our own streamed footage mapped to a live tennis market for timing (different sport); feed baseline 1 s is simulated (licensed feed not purchased); assumed data: licensed feed/video not purchased; parameters measured; pro-rata allocation (lower bracket); depth cap + extrapolation fix,prereg,0.5,10,2000,250,1,IS,prorata,fixed,0.0221095,-1.51999,1.57515,0.119847,22517,3800.95,594,10425.2,-10431,0.312857,143.498,0.452115,-0.0556027,-0.0191908,-11603.5,-2267.83,103,20224.9,60674.6,16887.7,1.04381,2.956,1.09222,0.00176107,7.25,2.05,5268.5,20335.6,1.93524,4.44601,0.00265914,12626.2,50351.9,25175.9,0.107607,0.2736,0.30959,0.309203,1.67621,1.29148,1.29109,1.43776,-1.98059,3522.42,-0.0334489,6.64927,80.6758,-113.061,146.136,1.66906,-2.23161,3.08666,26574.2,34471.9,128392,0.710982,-0.912163,1.40459,20,1.25811
paper; order not sent; CV call on our own streamed footage mapped to a live tennis market for timing (different sport); feed baseline 1 s is simulated (licensed feed not purchased); assumed data: licensed feed/video not purchased; parameters measured; pro-rata allocation (lower bracket); depth cap + extrapolation fix,prereg,0.5,10,2000,1000,1,IS,prorata,fixed,-0.261619,-1.59756,1.1226,0.112093,22517,3567.45,594,13840.1,-18736.4,0.314612,138.314,0.198348,-47.5373,-0.676251,-19247.5,-3758.98,103,39550,118650,33463,1.04569,2.96602,1.11761,0.0017848,7.25,2.05,9880.88,39778.7,1.93203,4.45676,0.00271971,21547.9,50351.9,25175.9,0.229365,0.329376,0.073653,0.367606,1.47538,1.45931,1.45916,1.06288,-2.0867,6362.34,-14.6238,13.0027,127.055,-253.583,215.706,1.6723,-3.5363,2.63753,53987,77167.2,261956,0.611648,-1.52053,0.789671,20,-18.9022
paper; order not sent; CV call on our own streamed footage mapped to a live tennis market for timing (different sport); feed baseline 1 s is simulated (licensed feed not purchased); assumed data: licensed feed/video not purchased; parameters measured; pro-rata allocation (lower bracket); depth cap + extrapolation fix,prereg,0.5,10,2000,5000,1,IS,prorata,fixed,-0.404,-1.68696,0.917811,0.107878,22517,3442,594,14230.1,-22638.7,0.316022,134.281,0.0384534,-81.6364,-1.05579,-22819.7,-4158.99,103,47444.9,142335,41347.3,1.04244,2.96983,1.11001,0.00185319,7.25,2.05,11329.9,47562.2,1.93399,4.45985,0.00284835,23973.9,50351.9,25175.9,0.299258,0.333481,0,0.36726,1.43669,1.54626,1.54624,0.981539,-2.32489,7339.05,-20.9346,15.5983,143.56,-335.565,222.076,1.768,-4.3012,2.55201,64028.1,87595.6,315720,0.65275,-1.83406,0.746417,20,-25.0917
paper; order not sent; CV call on our own streamed footage mapped to a live tennis market for timing (different sport); feed baseline 1 s is simulated (licensed feed not purchased); assumed data: licensed feed/video not purchased; parameters measured; pro-rata allocation (lower bracket); depth cap + extrapolation fix,prereg,0.5,10,2000,25000,1,IS,prorata,fixed,-0.404,-1.68696,0.917811,0.107878,22517,3442,594,14230.1,-22638.7,0.316022,134.281,0.00383563,-81.6364,-1.05579,-22819.7,-4158.99,103,47444.9,142335,41347.3,1.04244,2.96983,1.11001,0.00185319,7.25,2.05,11329.9,47562.2,1.93399,4.45985,0.00284835,23973.9,50351.9,25175.9,0.299258,0.333481,0,0.36726,1.43669,1.54626,1.54624,0.981539,-2.32489,7339.05,-20.9346,15.5983,143.56,-335.565,222.076,1.768,-4.3012,2.55201,64028.1,87595.6,315720,0.65275,-1.83406,0.746417,20,-25.0917
paper; order not sent; CV call on our own streamed footage mapped to a live tennis market for timing (different sport); feed baseline 1 s is simulated (licensed feed not purchased); assumed data: licensed feed/video not purchased; parameters measured; pro-rata allocation (lower bracket); depth cap + extrapolation fix,prereg,0.5,10,5000,250,1,IS,prorata,fixed,0.0404901,-1.84958,1.97774,0.125332,22517,3938.35,594,11909.8,-12179.2,0.306417,160.036,0.452094,-2.61571,-0.0765294,-15412.4,-3378.54,103,21889.9,65669.8,18189.1,1.04161,2.95231,1.07988,0.00176363,7.25,2.05,5642.38,21990.6,1.93053,4.44247,0.00265016,14315.5,50351.9,25175.9,0.021857,0.301353,0.352077,0.324713,1.66007,1.28598,1.28514,1.55598,-1.99729,3817.81,-1.45384,7.19669,112.32,-208.248,186.579,1.69884,-3.17744,2.84964,28161.4,39618.5,136981,0.84578,-1.22678,1.58438,20,4.43528
paper; order not sent; CV call on our own streamed footage mapped to a live tennis market for timing (different sport); feed baseline 1 s is simulated (licensed feed not purchased); assumed data: licensed feed/video not purchased; parameters measured; pro-rata allocation (lower bracket); depth cap + extrapolation fix,prereg,0.5,10,5000,1000,1,IS,prorata,fixed,-0.220626,-1.96297,1.59507,0.12096,22517,3823.55,594,18444,-24962.9,0.310291,154.354,0.199657,-63.29,-0.549161,-31342.2,-6244.66,103,47140.1,141420,40418.7,1.04187,2.95575,1.10691,0.00178201,7.25,2.05,12036.6,48343.4,1.92942,4.44622,0.00268501,28096.7,50351.9,25175.9,0.0893809,0.380841,0.115598,0.41418,1.45591,1.44814,1.44787,1.19196,-1.9858,7693.41,-16.3349,15.4981,210.021,-353.94,331.002,1.60146,-2.94459,2.22454,62742.3,86886.5,311033,0.734148,-1.0357,0.980182,20,-17.4633
paper; order not sent; CV call on our own streamed footage mapped to a live tennis market for timing (different sport); feed baseline 1 s is simulated (licensed feed not purchased); assumed data: licensed feed/video not purchased; parameters measured; pro-rata allocation (lower bracket); depth cap + extrapolation fix,prereg,0.5,10,5000,5000,1,IS,prorata,fixed,-0.485313,-2.17924,1.26919,0.115566,22517,3660.1,594,20454.9,-37500,0.310956,148.076,0.0387471,-165.486,-0.981569,-46309.4,-8845.49,103,70226,210678,62818,1.04088,2.95696,1.11758,0.00181495,7.25,2.05,17030.6,72722,1.92775,4.44486,0.00276285,37004.6,50351.9,25175.9,0.173119,0.39355,0.00472473,0.428606,1.43974,1.6303,1.63079,1.00365,-2.27629,10606.7,-28.6705,23.088,286.292,-678.258,303.972,1.66089,-3.91179,1.72573,95555,131105,479026,0.872774,-2.35218,0.925892,20,-31.3803
paper; order not sent; CV call on our own streamed footage mapped to a live tennis market for timing (different sport); feed baseline 1 s is simulated (licensed feed not purchased); assumed data: licensed feed/video not purchased; parameters measured; pro-rata allocation (lower bracket); depth cap + extrapolation fix,prereg,0.5,10,5000,25000,1,IS,prorata,fixed,-0.50707,-2.19875,1.23676,0.115246,22517,3651.5,594,20137.8,-38074.4,0.311244,147.637,0.00381716,-174.142,-1.0217,-46710.5,-9038.57,103,71562.4,214687,64179.9,1.04074,2.95514,1.11618,0.00180926,7.25,2.05,17196.2,74270.4,1.92715,4.44444,0.00276006,37240.5,50351.9,25175.9,0.179101,0.393848,0,0.427051,1.4421,1.64389,1.64438,0.996343,-2.30232,10729.7,-29.6068,23.5274,283.395,-692,281.535,1.64013,-3.9469,1.67735,97964.9,132050,491863,0.87185,-2.39172,0.901497,20,-32.8314
paper; order not sent; CV call on our own streamed footage mapped to a live tennis market for timing (different sport); feed baseline 1 s is simulated (licensed feed not purchased); assumed data: licensed feed/video not purchased; parameters measured; pro-rata allocation (lower bracket); depth cap + extrapolation fix,lagcal,0.25,10,50,250,1,burned_OOS,prorata,fixed,0.359143,-0.206874,0.891298,0.237155,8256,2244.05,259.15,1349.91,-665.348,0.156134,28.0912,0.34533,17.1142,5.77528,-243.267,-102.001,40,3722.39,11167.2,2546.85,0.860204,2.21086,0.82954,0.00263039,5.9,2.3,1809.75,3520.81,1.5164,4.28602,0.0233549,3667.07,148693,37173.4,0.790807,0.0885037,0,0.120689,2.00728,2.62417,2.62357,0.998598,-3.61005,1599.82,55.9377,1.2238,16.3801,-4.97207,47.1338,5.49845,-1.5967,16.1485,4725.07,5331.45,17956.2,0.32179,-0.288349,0.797275,20,44.7533
paper; order not sent; CV call on our own streamed footage mapped to a live tennis market for timing (different sport); feed baseline 1 s is simulated (licensed feed not purchased); assumed data: licensed feed/video not purchased; parameters measured; pro-rata allocation (lower bracket); depth cap + extrapolation fix,lagcal,0.25,10,50,1000,1,burned_OOS,prorata,fixed,0.359143,-0.206874,0.891298,0.237155,8256,2244.05,259.15,1349.91,-665.348,0.156134,28.0912,0.12146,17.1142,5.77528,-243.267,-102.001,40,3722.39,11167.2,2546.85,0.860204,2.21086,0.82954,0.00263039,5.9,2.3,1809.75,3520.81,1.5164,4.28602,0.0233549,3667.07,148693,37173.4,0.790807,0.0885037,0,0.120689,2.00728,2.62417,2.62357,0.998598,-3.61005,1599.82,55.9377,1.2238,16.3801,-4.97207,47.1338,5.49845,-1.5967,16.1485,4725.07,5331.45,17956.2,0.32179,-0.288349,0.797275,20,44.7533
paper; order not sent; CV call on our own streamed footage mapped to a live tennis market for timing (different sport); feed baseline 1 s is simulated (licensed feed not purchased); assumed data: licensed feed/video not purchased; parameters measured; pro-rata allocation (lower bracket); depth cap + extrapolation fix,lagcal,0.25,10,50,5000,1,burned_OOS,prorata,fixed,0.359143,-0.206874,0.891298,0.237155,8256,2244.05,259.15,1349.91,-665.348,0.156134,28.0912,0.0214193,17.1142,5.77528,-243.267,-102.001,40,3722.39,11167.2,2546.85,0.860204,2.21086,0.82954,0.00263039,5.9,2.3,1809.75,3520.81,1.5164,4.28602,0.0233549,3667.07,148693,37173.4,0.790807,0.0885037,0,0.120689,2.00728,2.62417,2.62357,0.998598,-3.61005,1599.82,55.9377,1.2238,16.3801,-4.97207,47.1338,5.49845,-1.5967,16.1485,4725.07,5331.45,17956.2,0.32179,-0.288349,0.797275,20,44.7533
paper; order not sent; CV call on our own streamed footage mapped to a live tennis market for timing (different sport); feed baseline 1 s is simulated (licensed feed not purchased); assumed data: licensed feed/video not purchased; parameters measured; pro-rata allocation (lower bracket); depth cap + extrapolation fix,lagcal,0.25,10,50,25000,1,burned_OOS,prorata,fixed,0.359143,-0.206874,0.891298,0.237155,8256,2244.05,259.15,1349.91,-665.348,0.156134,28.0912,0.00129527,17.1142,5.77528,-243.267,-102.001,40,3722.39,11167.2,2546.85,0.860204,2.21086,0.82954,0.00263039,5.9,2.3,1809.75,3520.81,1.5164,4.28602,0.0233549,3667.07,148693,37173.4,0.790807,0.0885037,0,0.120689,2.00728,2.62417,2.62357,0.998598,-3.61005,1599.82,55.9377,1.2238,16.3801,-4.97207,47.1338,5.49845,-1.5967,16.1485,4725.07,5331.45,17956.2,0.32179,-0.288349,0.797275,20,44.7533
paper; order not sent; CV call on our own streamed footage mapped to a live tennis market for timing (different sport); feed baseline 1 s is simulated (licensed feed not purchased); assumed data: licensed feed/video not purchased; parameters measured; pro-rata allocation (lower bracket); depth cap + extrapolation fix,lagcal,0.25,10,100,250,1,burned_OOS,prorata,fixed,0.0677639,-0.555674,0.663578,0.254657,8256,2401.55,259.15,1719.5,-1245.24,0.151938,41.687,0.344044,11.8563,2.13682,-613.532,-222.298,40,6580.62,19741.8,4505.3,0.85669,2.20257,0.834302,0.00261988,5.9,2.3,3173.61,6224.35,1.5096,4.28858,0.0236288,6408.71,148693,37173.4,0.688274,0.140252,0,0.171474,1.80364,2.77869,2.77817,0.706717,-3.53895,2772.6,21.9208,2.16349,23.8868,-26.2087,60.938,4.13485,-4.20859,10.6755,8609.89,9209.53,32805.4,0.35995,-0.687081,0.59036,20,9.47813
paper; order not sent; CV call on our own streamed footage mapped to a live tennis market for timing (different sport); feed baseline 1 s is simulated (licensed feed not purchased); assumed data: licensed feed/video not purchased; parameters measured; pro-rata allocation (lower bracket); depth cap + extrapolation fix,lagcal,0.25,10,100,1000,1,burned_OOS,prorata,fixed,0.0677639,-0.555674,0.663578,0.254657,8256,2401.55,259.15,1719.5,-1245.24,0.151938,41.687,0.120874,11.8563,2.13682,-613.532,-222.298,40,6580.62,19741.8,4505.3,0.85669,2.20257,0.834302,0.00261988,5.9,2.3,3173.61,6224.35,1.5096,4.28858,0.0236288,6408.71,148693,37173.4,0.688274,0.140252,0,0.171474,1.80364,2.77869,2.77817,0.706717,-3.53895,2772.6,21.9208,2.16349,23.8868,-26.2087,60.938,4.13485,-4.20859,10.6755,8609.89,9209.53,32805.4,0.35995,-0.687081,0.59036,20,9.47813
paper; order not sent; CV call on our own streamed footage mapped to a live tennis market for timing (different sport); feed baseline 1 s is simulated (licensed feed not purchased); assumed data: licensed feed/video not purchased; parameters measured; pro-rata allocation (lower bracket); depth cap + extrapolation fix,lagcal,0.25,10,100,5000,1,burned_OOS,prorata,fixed,0.0677639,-0.555674,0.663578,0.254657,8256,2401.55,259.15,1719.5,-1245.24,0.151938,41.687,0.0213661,11.8563,2.13682,-613.532,-222.298,40,6580.62,19741.8,4505.3,0.85669,2.20257,0.834302,0.00261988,5.9,2.3,3173.61,6224.35,1.5096,4.28858,0.0236288,6408.71,148693,37173.4,0.688274,0.140252,0,0.171474,1.80364,2.77869,2.77817,0.706717,-3.53895,2772.6,21.9208,2.16349,23.8868,-26.2087,60.938,4.13485,-4.20859,10.6755,8609.89,9209.53,32805.4,0.35995,-0.687081,0.59036,20,9.47813
paper; order not sent; CV call on our own streamed footage mapped to a live tennis market for timing (different sport); feed baseline 1 s is simulated (licensed feed not purchased); assumed data: licensed feed/video not purchased; parameters measured; pro-rata allocation (lower bracket); depth cap + extrapolation fix,lagcal,0.25,10,100,25000,1,burned_OOS,prorata,fixed,0.0677639,-0.555674,0.663578,0.254657,8256,2401.55,259.15,1719.5,-1245.24,0.151938,41.687,0.0012811,11.8563,2.13682,-613.532,-222.298,40,6580.62,19741.8,4505.3,0.85669,2.20257,0.834302,0.00261988,5.9,2.3,3173.61,6224.35,1.5096,4.28858,0.0236288,6408.71,148693,37173.4,0.688274,0.140252,0,0.171474,1.80364,2.77869,2.77817,0.706717,-3.53895,2772.6,21.9208,2.16349,23.8868,-26.2087,60.938,4.13485,-4.20859,10.6755,8609.89,9209.53,32805.4,0.35995,-0.687081,0.59036,20,9.47813
paper; order not sent; CV call on our own streamed footage mapped to a live tennis market for timing (different sport); feed baseline 1 s is simulated (licensed feed not purchased); assumed data: licensed feed/video not purchased; parameters measured; pro-rata allocation (lower bracket); depth cap + extrapolation fix,lagcal,0.25,10,200,250,1,burned_OOS,prorata,fixed,-0.194958,-0.923694,0.507919,0.279373,8256,2625.6,259.15,1990.68,-2342.39,0.148437,54.1509,0.344165,-8.79283,-0.897384,-1585.1,-493.794,40,10763.2,32289.6,7515.22,0.846682,2.19524,0.845884,0.00257986,5.9,2.3,5179.71,10223.7,1.50137,4.29024,0.0239841,10473.3,148693,37173.4,0.538531,0.195097,0.0368368,0.229534,1.64776,2.96086,2.96042,0.480046,-3.62201,4446,-9.93938,3.53858,33.9608,-64.9725,64.8553,2.9424,-5.59146,5.31747,14562.6,14285.6,55127.7,0.368645,-1.00986,0.385727,20,-22.718
paper; order not sent; CV call on our own streamed footage mapped to a live tennis market for timing (different sport); feed baseline 1 s is simulated (licensed feed not purchased); assumed data: licensed feed/video not purchased; parameters measured; pro-rata allocation (lower bracket); depth cap + extrapolation fix,lagcal,0.25,10,200,1000,1,burned_OOS,prorata,fixed,-0.223425,-0.958011,0.479882,0.273631,8256,2573.25,259.15,1912.03,-2347.16,0.148852,55.162,0.121108,-10.8781,-1.05562,-1651.39,-512.394,40,11060.5,33181.5,7720.72,0.850891,2.19863,0.840606,0.00258044,5.9,2.3,5286.17,10504,1.50528,4.28514,0.0240034,10644.4,148693,37173.4,0.574952,0.196159,0,0.228889,1.63549,2.98523,2.9848,0.437936,-3.58504,4540.77,-11.9661,3.63633,35.135,-69.1823,66.1305,2.98256,-5.79828,5.32983,15140,14637.8,57387.2,0.388237,-1.06523,0.386719,20,-25.8737
paper; order not sent; CV call on our own streamed footage mapped to a live tennis market for timing (different sport); feed baseline 1 s is simulated (licensed feed not purchased); assumed data: licensed feed/video not purchased; parameters measured; pro-rata allocation (lower bracket); depth cap + extrapolation fix,lagcal,0.25,10,200,5000,1,burned_OOS,prorata,fixed,-0.223425,-0.958011,0.479882,0.273631,8256,2573.25,259.15,1912.03,-2347.16,0.148852,55.162,0.0216034,-10.8781,-1.05562,-1651.39,-512.394,40,11060.5,33181.5,7720.72,0.850891,2.19863,0.840606,0.00258044,5.9,2.3,5286.17,10504,1.50528,4.28514,0.0240034,10644.4,148693,37173.4,0.574952,0.196159,0,0.228889,1.63549,2.98523,2.9848,0.437936,-3.58504,4540.77,-11.9661,3.63633,35.135,-69.1823,66.1305,2.98256,-5.79828,5.32983,15140,14637.8,57387.2,0.388237,-1.06523,0.386719,20,-25.8737
paper; order not sent; CV call on our own streamed footage mapped to a live tennis market for timing (different sport); feed baseline 1 s is simulated (licensed feed not purchased); assumed data: licensed feed/video not purchased; parameters measured; pro-rata allocation (lower bracket); depth cap + extrapolation fix,lagcal,0.25,10,200,25000,1,burned_OOS,prorata,fixed,-0.223425,-0.958011,0.479882,0.273631,8256,2573.25,259.15,1912.03,-2347.16,0.148852,55.162,0.00123726,-10.8781,-1.05562,-1651.39,-512.394,40,11060.5,33181.5,7720.72,0.850891,2.19863,0.840606,0.00258044,5.9,2.3,5286.17,10504,1.50528,4.28514,0.0240034,10644.4,148693,37173.4,0.574952,0.196159,0,0.228889,1.63549,2.98523,2.9848,0.437936,-3.58504,4540.77,-11.9661,3.63633,35.135,-69.1823,66.1305,2.98256,-5.79828,5.32983,15140,14637.8,57387.2,0.388237,-1.06523,0.386719,20,-25.8737
paper; order not sent; CV call on our own streamed footage mapped to a live tennis market for timing (different sport); feed baseline 1 s is simulated (licensed feed not purchased); assumed data: licensed feed/video not purchased; parameters measured; pro-rata allocation (lower bracket); depth cap + extrapolation fix,lagcal,0.25,10,500,250,1,burned_OOS,prorata,fixed,-0.368346,-1.35214,0.606298,0.320591,8256,3006.8,259.15,2107.59,-4039.72,0.146251,69.7361,0.345229,-48.3032,-2.06735,-4247.75,-1008.04,40,15644.8,46934.3,11268.7,0.84024,2.18854,0.861309,0.00252727,5.9,2.3,7773,15105.3,1.49543,4.34823,0.0241334,16069.9,148693,37173.4,0.30578,0.256926,0.137942,0.299352,1.57015,2.96675,2.96628,0.332832,-3.4672,6516.42,-37.5646,5.14348,58.2418,-151.772,48.0559,2.44486,-6.00576,1.86711,20644.9,20000.6,78225.9,0.426496,-1.1413,0.275991,20,-44.9403
paper; order not sent; CV call on our own streamed footage mapped to a live tennis market for timing (different sport); feed baseline 1 s is simulated (licensed feed not purchased); assumed data: licensed feed/video not purchased; parameters measured; pro-rata allocation (lower bracket); depth cap + extrapolation fix,lagcal,0.25,10,500,1000,1,burned_OOS,prorata,fixed,-0.570516,-1.50074,0.327274,0.299352,8256,2807.55,259.15,1709.31,-5383.2,0.145681,68.5534,0.120956,-91.8473,-3.49243,-5581,-1287.88,40,20364.2,61092.7,14622.8,0.845159,2.18842,0.846976,0.00251502,5.9,2.3,9600.03,19706.5,1.49874,4.35031,0.0242514,19311.5,148693,37173.4,0.426763,0.270965,0,0.302271,1.47821,3.22568,3.22535,0.152036,-3.81637,8029.27,-54.8744,6.69509,59.4439,-203.991,16.536,2.2809,-7.99819,0.514979,28457.2,27264,109916,0.396253,-1.30482,0.055301,20,-67.5026
paper; order not sent; CV call on our own streamed footage mapped to a live tennis market for timing (different sport); feed baseline 1 s is simulated (licensed feed not purchased); assumed data: licensed feed/video not purchased; parameters measured; pro-rata allocation (lower bracket); depth cap + extrapolation fix,lagcal,0.25,10,500,5000,1,burned_OOS,prorata,fixed,-0.570516,-1.50074,0.327274,0.299352,8256,2807.55,259.15,1709.31,-5383.2,0.145681,68.5534,0.0214835,-91.8473,-3.49243,-5581,-1287.88,40,20364.2,61092.7,14622.8,0.845159,2.18842,0.846976,0.00251502,5.9,2.3,9600.03,19706.5,1.49874,4.35031,0.0242514,19311.5,148693,37173.4,0.426763,0.270965,0,0.302271,1.47821,3.22568,3.22535,0.152036,-3.81637,8029.27,-54.8744,6.69509,59.4439,-203.991,16.536,2.2809,-7.99819,0.514979,28457.2,27264,109916,0.396253,-1.30482,0.055301,20,-67.5026
paper; order not sent; CV call on our own streamed footage mapped to a live tennis market for timing (different sport); feed baseline 1 s is simulated (licensed feed not purchased); assumed data: licensed feed/video not purchased; parameters measured; pro-rata allocation (lower bracket); depth cap + extrapolation fix,lagcal,0.25,10,500,25000,1,burned_OOS,prorata,fixed,-0.570516,-1.50074,0.327274,0.299352,8256,2807.55,259.15,1709.31,-5383.2,0.145681,68.5534,0.00118884,-91.8473,-3.49243,-5581,-1287.88,40,20364.2,61092.7,14622.8,0.845159,2.18842,0.846976,0.00251502,5.9,2.3,9600.03,19706.5,1.49874,4.35031,0.0242514,19311.5,148693,37173.4,0.426763,0.270965,0,0.302271,1.47821,3.22568,3.22535,0.152036,-3.81637,8029.27,-54.8744,6.69509,59.4439,-203.991,16.536,2.2809,-7.99819,0.514979,28457.2,27264,109916,0.396253,-1.30482,0.055301,20,-67.5026
paper; order not sent; CV call on our own streamed footage mapped to a live tennis market for timing (different sport); feed baseline 1 s is simulated (licensed feed not purchased); assumed data: licensed feed/video not purchased; parameters measured; pro-rata allocation (lower bracket); depth cap + extrapolation fix,lagcal,0.25,10,1000,250,1,burned_OOS,prorata,fixed,-0.428046,-1.76591,0.889409,0.344077,8256,3226.85,259.15,2140.1,-5044.55,0.146347,80.5674,0.346632,-72.6113,-1.83619,-7029.99,-1642.4,40,18178.9,54536.7,13081.8,0.838957,2.1895,0.86398,0.00247953,5.9,2.3,9164.18,17722.2,1.49533,4.34486,0.0239421,19597.6,148693,37173.4,0.174535,0.296071,0.193352,0.336042,1.54673,2.89298,2.8922,0.228778,-3.26095,7614.7,-48.5969,5.97662,88.6433,-228.524,67.1505,2.27391,-5.65947,1.57756,24480.2,23825,93533.5,0.580009,-1.56369,0.459355,20,-55.0725
paper; order not sent; CV call on our own streamed footage mapped to a live tennis market for timing (different sport); feed baseline 1 s is simulated (licensed feed not purchased); assumed data: licensed feed/video not purchased; parameters measured; pro-rata allocation (lower bracket); depth cap + extrapolation fix,lagcal,0.25,10,1000,1000,1,burned_OOS,prorata,fixed,-0.723454,-1.88635,0.432107,0.321772,8256,3011.05,259.15,1948.91,-9434.8,0.143913,76.7846,0.120966,-187.147,-3.70834,-10673.3,-2270.9,40,28936.8,86810.5,21349.7,0.839633,2.18602,0.860064,0.00247514,5.9,2.3,13759.7,28142.6,1.49467,4.35733,0.0243915,27918.2,148693,37173.4,0.297643,0.323024,0.0184359,0.360897,1.42736,3.31131,3.31089,0.10316,-4.06028,11226.3,-78.6872,9.51347,111.457,-380.959,44.3743,2.19308,-7.25693,1.00428,41328.2,38786.2,161342,0.498909,-1.61601,0.223688,20,-87.8832
paper; order not sent; CV call on our own streamed footage mapped to a live tennis market for timing (different sport); feed baseline 1 s is simulated (licensed feed not purchased); assumed data: licensed feed/video not purchased; parameters measured; pro-rata allocation (lower bracket); depth cap + extrapolation fix,lagcal,0.25,10,1000,5000,1,burned_OOS,prorata,fixed,-0.769901,-1.93529,0.381782,0.318417,8256,2980.75,259.15,1655.69,-9760.96,0.144145,76.3266,0.0215096,-202.632,-3.93071,-11098.8,-2359.54,40,29899.4,89698.3,22097.1,0.84187,2.1903,0.854376,0.00243354,5.9,2.3,14115.1,28921.9,1.4966,4.33843,0.024445,28486,148693,37173.4,0.317204,0.323878,0,0.358918,1.41995,3.3493,3.34888,0.0405997,-4.10861,11512.8,-82.4548,9.82995,114.822,-386.272,40.7262,2.18525,-7.28408,0.912558,42986.3,40002.7,167709,0.512396,-1.68376,0.188735,20,-93.3942
paper; order not sent; CV call on our own streamed footage mapped to a live tennis market for timing (different sport); feed baseline 1 s is simulated (licensed feed not purchased); assumed data: licensed feed/video not purchased; parameters measured; pro-rata allocation (lower bracket); depth cap + extrapolation fix,lagcal,0.25,10,1000,25000,1,burned_OOS,prorata,fixed,-0.769901,-1.93529,0.381782,0.318417,8256,2980.75,259.15,1655.69,-9760.96,0.144145,76.3266,0.00120106,-202.632,-3.93071,-11098.8,-2359.54,40,29899.4,89698.3,22097.1,0.84187,2.1903,0.854376,0.00243354,5.9,2.3,14115.1,28921.9,1.4966,4.33843,0.024445,28486,148693,37173.4,0.317204,0.323878,0,0.358918,1.41995,3.3493,3.34888,0.0405997,-4.10861,11512.8,-82.4548,9.82995,114.822,-386.272,40.7262,2.18525,-7.28408,0.912558,42986.3,40002.7,167709,0.512396,-1.68376,0.188735,20,-93.3942
paper; order not sent; CV call on our own streamed footage mapped to a live tennis market for timing (different sport); feed baseline 1 s is simulated (licensed feed not purchased); assumed data: licensed feed/video not purchased; parameters measured; pro-rata allocation (lower bracket); depth cap + extrapolation fix,lagcal,0.25,10,2000,250,1,burned_OOS,prorata,fixed,-0.346467,-2.10921,1.43319,0.360635,8256,3378.65,259.15,2821.49,-5609.11,0.145252,89.5246,0.346351,-69.6904,-1.15756,-9926.13,-2598.84,40,20455.1,61365.2,14633.9,0.837321,2.18848,0.858095,0.00238431,5.9,2.3,10129,19844.3,1.49399,4.33176,0.0237846,22530.1,148693,37173.4,0.0833272,0.327517,0.230571,0.358584,1.52892,2.86445,2.86309,0.286075,-2.98747,8403.75,-41.4518,6.72496,152.521,-363.335,184.855,2.41994,-5.57133,2.98415,28014.4,25935.6,104964,0.837626,-1.94659,1.07643,20,-43.4501
paper; order not sent; CV call on our own streamed footage mapped to a live tennis market for timing (different sport); feed baseline 1 s is simulated (licensed feed not purchased); assumed data: licensed feed/video not purchased; parameters measured; pro-rata allocation (lower bracket); depth cap + extrapolation fix,lagcal,0.25,10,2000,1000,1,burned_OOS,prorata,fixed,-0.73564,-2.29501,0.824052,0.343011,8256,3210.15,259.15,2392.19,-13067.7,0.144161,84.8386,0.122037,-266.888,-3.02444,-17421,-3676,40,36324,108972,26817.1,0.83754,2.18477,0.872797,0.00238144,5.9,2.3,17459.4,35290.5,1.49333,4.3973,0.0243281,36294.1,148693,37173.4,0.178437,0.371292,0.0413188,0.408953,1.41144,3.26319,3.26258,0.123628,-3.84012,13928.8,-89.3937,11.9421,238.891,-726.581,156.121,2.70323,-7.56386,2.15404,51958.6,48128,201231,0.744605,-2.06389,0.688103,20,-89.9595
paper; order not sent; CV call on our own streamed footage mapped to a live tennis market for timing (different sport); feed baseline 1 s is simulated (licensed feed not purchased); assumed data: licensed feed/video not purchased; parameters measured; pro-rata allocation (lower bracket); depth cap + extrapolation fix,lagcal,0.25,10,2000,5000,1,burned_OOS,prorata,fixed,-0.895935,-2.41741,0.616704,0.33558,8256,3138.85,259.15,1279.24,-15369.9,0.143302,82.8357,0.021524,-352.266,-3.71387,-19663.9,-4296.17,40,41066.4,123199,31009.3,0.838663,2.18878,0.863293,0.00233894,5.9,2.3,19430.6,39874.3,1.49477,4.37948,0.0245497,39564.9,148693,37173.4,0.21901,0.373521,0,0.407469,1.41425,3.44477,3.44457,-0.0237194,-4.0293,15361.3,-104.365,13.5013,260.909,-788.337,175.394,2.80394,-8.18,2.36288,60552.2,54382.6,234668,0.740075,-2.13606,0.671829,20,-111.13
paper; order not sent; CV call on our own streamed footage mapped to a live tennis market for timing (different sport); feed baseline 1 s is simulated (licensed feed not purchased); assumed data: licensed feed/video not purchased; parameters measured; pro-rata allocation (lower bracket); depth cap + extrapolation fix,lagcal,0.25,10,2000,25000,1,burned_OOS,prorata,fixed,-0.895935,-2.41741,0.616704,0.33558,8256,3138.85,259.15,1279.24,-15369.9,0.143302,82.8357,0.00122032,-352.266,-3.71387,-19663.9,-4296.17,40,41066.4,123199,31009.3,0.838663,2.18878,0.863293,0.00233894,5.9,2.3,19430.6,39874.3,1.49477,4.37948,0.0245497,39564.9,148693,37173.4,0.21901,0.373521,0,0.407469,1.41425,3.44477,3.44457,-0.0237194,-4.0293,15361.3,-104.365,13.5013,260.909,-788.337,175.394,2.80394,-8.18,2.36288,60552.2,54382.6,234668,0.740075,-2.13606,0.671829,20,-111.13
paper; order not sent; CV call on our own streamed footage mapped to a live tennis market for timing (different sport); feed baseline 1 s is simulated (licensed feed not purchased); assumed data: licensed feed/video not purchased; parameters measured; pro-rata allocation (lower bracket); depth cap + extrapolation fix,lagcal,0.25,10,5000,250,1,burned_OOS,prorata,fixed,-0.0581769,-2.42402,2.36661,0.374879,8256,3504,259.15,5774.37,-6000.22,0.143275,96.3583,0.347488,-5.64632,-0.229126,-12207.1,-3737.18,40,22921.3,68764,16220,0.829996,2.17434,0.841702,0.00229251,5.9,2.3,10909.2,22021.9,1.48414,4.31128,0.0240267,25161.4,148693,37173.4,0.0124843,0.352686,0.261138,0.373692,1.52104,2.83457,2.83157,0.609407,-2.76388,9079.34,-2.99707,7.53578,221.096,-448.594,335.428,2.50424,-5.28517,3.56345,32448.9,28420.8,115881,1.12265,-2.35642,1.67159,20,-2.51488
paper; order not sent; CV call on our own streamed footage mapped to a live tennis market for timing (different sport); feed baseline 1 s is simulated (licensed feed not purchased); assumed data: licensed feed/video not purchased; parameters measured; pro-rata allocation (lower bracket); depth cap + extrapolation fix,lagcal,0.25,10,5000,1000,1,burned_OOS,prorata,fixed,-0.668747,-2.8954,1.56192,0.364371,8256,3409.85,259.15,3560.8,-16210.8,0.144326,92.9869,0.12272,-316.251,-1.98199,-27536.3,-6350.65,40,43192.7,129578,31930,0.83399,2.18131,0.867279,0.0023395,5.9,2.3,20877.8,41751.6,1.49083,4.36807,0.0241376,45430.3,148693,37173.4,0.0649915,0.419192,0.0638059,0.452011,1.40979,3.24904,3.24773,0.203607,-3.46869,16460.1,-89.0826,14.2003,419.556,-1154.83,275.133,2.67824,-7.14905,2.21249,63539.9,53053.1,243625,1.06822,-2.63348,1.06931,20,-87.628
paper; order not sent; CV call on our own streamed footage mapped to a live tennis market for timing (different sport); feed baseline 1 s is simulated (licensed feed not purchased); assumed data: licensed feed/video not purchased; parameters measured; pro-rata allocation (lower bracket); depth cap + extrapolation fix,lagcal,0.25,10,5000,5000,1,burned_OOS,prorata,fixed,-0.984582,-3.22402,1.20547,0.354052,8256,3309.3,259.15,2146.41,-26183,0.142957,89.8114,0.0216367,-600.914,-2.95019,-37177.1,-9105.63,40,57395.9,172188,43205.1,0.837213,2.19032,0.87297,0.00232514,5.9,2.3,27020.8,55317.9,1.49417,4.35331,0.0243663,56197.8,148693,37173.4,0.118115,0.423828,0.00156752,0.456489,1.4842,3.69679,3.69626,-0.0115899,-4.02285,20313.9,-127.38,18.8699,550.954,-1531.78,463.253,2.8662,-7.34506,3.09207,85989.1,77288.2,342885,1.05627,-2.75578,1.33422,20,-128.58
paper; order not sent; CV call on our own streamed footage mapped to a live tennis market for timing (different sport); feed baseline 1 s is simulated (licensed feed not purchased); assumed data: licensed feed/video not purchased; parameters measured; pro-rata allocation (lower bracket); depth cap + extrapolation fix,lagcal,0.25,10,5000,25000,1,burned_OOS,prorata,fixed,-1.01147,-3.25597,1.18746,0.353676,8256,3305.9,259.15,1971.65,-26600.9,0.143017,89.5725,0.00124172,-615.73,-3.01284,-37536.1,-9317.93,40,57720.2,173161,43478,0.837612,2.19121,0.870876,0.00232765,5.9,2.3,27179.2,55668.6,1.49439,4.35137,0.0243477,56402.5,148693,37173.4,0.120224,0.423503,0,0.456273,1.49079,3.71925,3.71873,-0.0243222,-4.05219,20404.4,-129.788,18.9765,543.189,-1510.98,436.017,2.80884,-7.3191,2.90579,87038.6,77288.2,345490,1.03207,-2.77372,1.24166,20,-131.81
paper; order not sent; CV call on our own streamed footage mapped to a live tennis market for timing (different sport); feed baseline 1 s is simulated (licensed feed not purchased); assumed data: licensed feed/video not purchased; parameters measured; pro-rata allocation (lower bracket); depth cap + extrapolation fix,lagcal,0.5,10,50,250,1,burned_OOS,prorata,fixed,0.622896,0.0894053,1.11559,0.22474,8256,2135.5,259.15,1820.61,-671.538,0.161041,33.1686,0.467401,28.7267,8.86216,-197.698,-97.2803,40,4001.83,12005.5,2773.68,0.864924,2.22249,0.827055,0.00263324,5.9,2.3,1963.36,3793.51,1.52143,4.28746,0.0229923,3991.94,148693,74346.7,0.868366,0.0545013,0,0.0771327,2.22058,2.62166,2.62106,1.25124,-3.65955,1754.44,87.337,1.31567,21.0813,0.813958,65.8138,6.25566,0.252071,20.173,4956.77,5794.48,18744.9,0.294879,0.0456184,1.02898,20,77.4874
paper; order not sent; CV call on our own streamed footage mapped to a live tennis market for timing (different sport); feed baseline 1 s is simulated (licensed feed not purchased); assumed data: licensed feed/video not purchased; parameters measured; pro-rata allocation (lower bracket); depth cap + extrapolation fix,lagcal,0.5,10,50,1000,1,burned_OOS,prorata,fixed,0.622896,0.0894053,1.11559,0.22474,8256,2135.5,259.15,1820.61,-671.538,0.161041,33.1686,0.207739,28.7267,8.86216,-197.698,-97.2803,40,4001.83,12005.5,2773.68,0.864924,2.22249,0.827055,0.00263324,5.9,2.3,1963.36,3793.51,1.52143,4.28746,0.0229923,3991.94,148693,74346.7,0.868366,0.0545013,0,0.0771327,2.22058,2.62166,2.62106,1.25124,-3.65955,1754.44,87.337,1.31567,21.0813,0.813958,65.8138,6.25566,0.252071,20.173,4956.77,5794.48,18744.9,0.294879,0.0456184,1.02898,20,77.4874
paper; order not sent; CV call on our own streamed footage mapped to a live tennis market for timing (different sport); feed baseline 1 s is simulated (licensed feed not purchased); assumed data: licensed feed/video not purchased; parameters measured; pro-rata allocation (lower bracket); depth cap + extrapolation fix,lagcal,0.5,10,50,5000,1,burned_OOS,prorata,fixed,0.622896,0.0894053,1.11559,0.22474,8256,2135.5,259.15,1820.61,-671.538,0.161041,33.1686,0.0353972,28.7267,8.86216,-197.698,-97.2803,40,4001.83,12005.5,2773.68,0.864924,2.22249,0.827055,0.00263324,5.9,2.3,1963.36,3793.51,1.52143,4.28746,0.0229923,3991.94,148693,74346.7,0.868366,0.0545013,0,0.0771327,2.22058,2.62166,2.62106,1.25124,-3.65955,1754.44,87.337,1.31567,21.0813,0.813958,65.8138,6.25566,0.252071,20.173,4956.77,5794.48,18744.9,0.294879,0.0456184,1.02898,20,77.4874
paper; order not sent; CV call on our own streamed footage mapped to a live tennis market for timing (different sport); feed baseline 1 s is simulated (licensed feed not purchased); assumed data: licensed feed/video not purchased; parameters measured; pro-rata allocation (lower bracket); depth cap + extrapolation fix,lagcal,0.5,10,50,25000,1,burned_OOS,prorata,fixed,0.622896,0.0894053,1.11559,0.22474,8256,2135.5,259.15,1820.61,-671.538,0.161041,33.1686,0.00306021,28.7267,8.86216,-197.698,-97.2803,40,4001.83,12005.5,2773.68,0.864924,2.22249,0.827055,0.00263324,5.9,2.3,1963.36,3793.51,1.52143,4.28746,0.0229923,3991.94,148693,74346.7,0.868366,0.0545013,0,0.0771327,2.22058,2.62166,2.62106,1.25124,-3.65955,1754.44,87.337,1.31567,21.0813,0.813958,65.8138,6.25566,0.252071,20.173,4956.77,5794.48,18744.9,0.294879,0.0456184,1.02898,20,77.4874
paper; order not sent; CV call on our own streamed footage mapped to a live tennis market for timing (different sport); feed baseline 1 s is simulated (licensed feed not purchased); assumed data: licensed feed/video not purchased; parameters measured; pro-rata allocation (lower bracket); depth cap + extrapolation fix,lagcal,0.5,10,100,250,1,burned_OOS,prorata,fixed,0.380259,-0.190368,0.91151,0.237609,8256,2251.85,259.15,2678.69,-1270.16,0.157784,55.1738,0.466712,35.2132,5.99837,-451.544,-201.047,40,7435.26,22305.8,5084.8,0.859484,2.20915,0.828905,0.00266579,5.9,2.3,3597.44,7030.94,1.51501,4.28754,0.0233125,7289.89,148693,74346.7,0.790684,0.0886028,0,0.120713,2.00784,2.76837,2.76784,0.98834,-3.61933,3200.25,57.621,2.44447,32.4334,-11.5467,94.7203,5.44658,-1.8559,16.2369,9447.6,10662.9,35920.9,0.317046,-0.280527,0.801906,20,47.0996
paper; order not sent; CV call on our own streamed footage mapped to a live tennis market for timing (different sport); feed baseline 1 s is simulated (licensed feed not purchased); assumed data: licensed feed/video not purchased; parameters measured; pro-rata allocation (lower bracket); depth cap + extrapolation fix,lagcal,0.5,10,100,1000,1,burned_OOS,prorata,fixed,0.380259,-0.190368,0.91151,0.237609,8256,2251.85,259.15,2678.69,-1270.16,0.157784,55.1738,0.207491,35.2132,5.99837,-451.544,-201.047,40,7435.26,22305.8,5084.8,0.859484,2.20915,0.828905,0.00266579,5.9,2.3,3597.44,7030.94,1.51501,4.28754,0.0233125,7289.89,148693,74346.7,0.790684,0.0886028,0,0.120713,2.00784,2.76837,2.76784,0.98834,-3.61933,3200.25,57.621,2.44447,32.4334,-11.5467,94.7203,5.44658,-1.8559,16.2369,9447.6,10662.9,35920.9,0.317046,-0.280527,0.801906,20,47.0996
paper; order not sent; CV call on our own streamed footage mapped to a live tennis market for timing (different sport); feed baseline 1 s is simulated (licensed feed not purchased); assumed data: licensed feed/video not purchased; parameters measured; pro-rata allocation (lower bracket); depth cap + extrapolation fix,lagcal,0.5,10,100,5000,1,burned_OOS,prorata,fixed,0.380259,-0.190368,0.91151,0.237609,8256,2251.85,259.15,2678.69,-1270.16,0.157784,55.1738,0.0354412,35.2132,5.99837,-451.544,-201.047,40,7435.26,22305.8,5084.8,0.859484,2.20915,0.828905,0.00266579,5.9,2.3,3597.44,7030.94,1.51501,4.28754,0.0233125,7289.89,148693,74346.7,0.790684,0.0886028,0,0.120713,2.00784,2.76837,2.76784,0.98834,-3.61933,3200.25,57.621,2.44447,32.4334,-11.5467,94.7203,5.44658,-1.8559,16.2369,9447.6,10662.9,35920.9,0.317046,-0.280527,0.801906,20,47.0996
paper; order not sent; CV call on our own streamed footage mapped to a live tennis market for timing (different sport); feed baseline 1 s is simulated (licensed feed not purchased); assumed data: licensed feed/video not purchased; parameters measured; pro-rata allocation (lower bracket); depth cap + extrapolation fix,lagcal,0.5,10,100,25000,1,burned_OOS,prorata,fixed,0.380259,-0.190368,0.91151,0.237609,8256,2251.85,259.15,2678.69,-1270.16,0.157784,55.1738,0.00308147,35.2132,5.99837,-451.544,-201.047,40,7435.26,22305.8,5084.8,0.859484,2.20915,0.828905,0.00266579,5.9,2.3,3597.44,7030.94,1.51501,4.28754,0.0233125,7289.89,148693,74346.7,0.790684,0.0886028,0,0.120713,2.00784,2.76837,2.76784,0.98834,-3.61933,3200.25,57.621,2.44447,32.4334,-11.5467,94.7203,5.44658,-1.8559,16.2369,9447.6,10662.9,35920.9,0.317046,-0.280527,0.801906,20,47.0996
paper; order not sent; CV call on our own streamed footage mapped to a live tennis market for timing (different sport); feed baseline 1 s is simulated (licensed feed not purchased); assumed data: licensed feed/video not purchased; parameters measured; pro-rata allocation (lower bracket); depth cap + extrapolation fix,lagcal,0.5,10,200,250,1,burned_OOS,prorata,fixed,0.129923,-0.49785,0.734403,0.263602,8256,2487.45,259.15,3415.96,-2286.02,0.152656,78.0781,0.465336,28.2485,2.56695,-1125.48,-417.461,40,12692.8,38078.5,8709.38,0.847549,2.19427,0.841554,0.00256884,5.9,2.3,6122.31,11989.9,1.50222,4.33036,0.0237307,12421.5,148693,74346.7,0.633383,0.138512,0.0559265,0.172179,1.81964,2.94512,2.94468,0.726474,-3.55725,5397.83,27.0775,4.17298,44.5427,-44.9502,116.446,3.93169,-3.84114,10.2411,16477.2,17746.4,62245.9,0.323379,-0.609875,0.579848,20,16.7722
paper; order not sent; CV call on our own streamed footage mapped to a live tennis market for timing (different sport); feed baseline 1 s is simulated (licensed feed not purchased); assumed data: licensed feed/video not purchased; parameters measured; pro-rata allocation (lower bracket); depth cap + extrapolation fix,lagcal,0.5,10,200,1000,1,burned_OOS,prorata,fixed,0.102209,-0.518711,0.701164,0.255311,8256,2412.55,259.15,3331.3,-2275.64,0.153988,80.9803,0.206452,26.3915,2.37903,-1180.97,-437.225,40,13124.3,39372.8,8977.95,0.856569,2.20204,0.833964,0.00262294,5.9,2.3,6282.25,12408.5,1.50894,4.30116,0.023664,12688.9,148693,74346.7,0.687719,0.140541,0,0.171741,1.80393,2.97201,2.97157,0.68791,-3.49729,5546.75,24.4659,4.31482,45.9638,-50.7498,117.999,3.98005,-4.21243,10.1027,17237.7,18419.1,65350.8,0.341726,-0.669337,0.574695,20,13.438
paper; order not sent; CV call on our own streamed footage mapped to a live tennis market for timing (different sport); feed baseline 1 s is simulated (licensed feed not purchased); assumed data: licensed feed/video not purchased; parameters measured; pro-rata allocation (lower bracket); depth cap + extrapolation fix,lagcal,0.5,10,200,5000,1,burned_OOS,prorata,fixed,0.102209,-0.518711,0.701164,0.255311,8256,2412.55,259.15,3331.3,-2275.64,0.153988,80.9803,0.0354239,26.3915,2.37903,-1180.97,-437.225,40,13124.3,39372.8,8977.95,0.856569,2.20204,0.833964,0.00262294,5.9,2.3,6282.25,12408.5,1.50894,4.30116,0.023664,12688.9,148693,74346.7,0.687719,0.140541,0,0.171741,1.80393,2.97201,2.97157,0.68791,-3.49729,5546.75,24.4659,4.31482,45.9638,-50.7498,117.999,3.98005,-4.21243,10.1027,17237.7,18419.1,65350.8,0.341726,-0.669337,0.574695,20,13.438
paper; order not sent; CV call on our own streamed footage mapped to a live tennis market for timing (different sport); feed baseline 1 s is simulated (licensed feed not purchased); assumed data: licensed feed/video not purchased; parameters measured; pro-rata allocation (lower bracket); depth cap + extrapolation fix,lagcal,0.5,10,200,25000,1,burned_OOS,prorata,fixed,0.102209,-0.518711,0.701164,0.255311,8256,2412.55,259.15,3331.3,-2275.64,0.153988,80.9803,0.00298613,26.3915,2.37903,-1180.97,-437.225,40,13124.3,39372.8,8977.95,0.856569,2.20204,0.833964,0.00262294,5.9,2.3,6282.25,12408.5,1.50894,4.30116,0.023664,12688.9,148693,74346.7,0.687719,0.140541,0,0.171741,1.80393,2.97201,2.97157,0.68791,-3.49729,5546.75,24.4659,4.31482,45.9638,-50.7498,117.999,3.98005,-4.21243,10.1027,17237.7,18419.1,65350.8,0.341726,-0.669337,0.574695,20,13.438
paper; order not sent; CV call on our own streamed footage mapped to a live tennis market for timing (different sport); feed baseline 1 s is simulated (licensed feed not purchased); assumed data: licensed feed/video not purchased; parameters measured; pro-rata allocation (lower bracket); depth cap + extrapolation fix,lagcal,0.5,10,500,250,1,burned_OOS,prorata,fixed,-0.0569189,-0.884705,0.772941,0.310847,8256,2921.3,259.15,3833.8,-3662.78,0.148465,109.906,0.46627,4.27551,0.112352,-3015.59,-956.905,40,18614.7,55844.1,13267.3,0.84044,2.19008,0.855751,0.00255345,5.9,2.3,9379.74,17988.2,1.49615,4.34645,0.0240586,19409,148693,74346.7,0.362919,0.195447,0.202547,0.239087,1.72517,2.95152,2.95105,0.50797,-3.17104,8132.34,2.7945,6.1199,70.2044,-103.371,148.832,2.85706,-4.13842,5.82334,23524.1,25689.6,89563.4,0.376485,-0.77124,0.549185,20,-4.92433
paper; order not sent; CV call on our own streamed footage mapped to a live tennis market for timing (different sport); feed baseline 1 s is simulated (licensed feed not purchased); assumed data: licensed feed/video not purchased; parameters measured; pro-rata allocation (lower bracket); depth cap + extrapolation fix,lagcal,0.5,10,500,1000,1,burned_OOS,prorata,fixed,-0.225797,-0.999634,0.522225,0.281123,8256,2647.1,259.15,3639.09,-4901.54,0.150106,112.284,0.207449,-31.5613,-1.27615,-4048.95,-1261.66,40,25649.4,76948.3,18032.1,0.848595,2.19315,0.841337,0.00253521,5.9,2.3,12093.2,24425.3,1.50165,4.29329,0.0237436,24347.4,148693,74346.7,0.537692,0.213892,0,0.248417,1.58513,3.22269,3.22237,0.336825,-3.50824,10539.6,-14.9709,8.43269,75.6906,-158.582,115.835,2.66591,-5.81317,3.57116,35519.4,33111.3,133521,0.361541,-0.985645,0.294008,20,-25.6031
paper; order not sent; CV call on our own streamed footage mapped to a live tennis market for timing (different sport); feed baseline 1 s is simulated (licensed feed not purchased); assumed data: licensed feed/video not purchased; parameters measured; pro-rata allocation (lower bracket); depth cap + extrapolation fix,lagcal,0.5,10,500,5000,1,burned_OOS,prorata,fixed,-0.225797,-0.999634,0.522225,0.281123,8256,2647.1,259.15,3639.09,-4901.54,0.150106,112.284,0.0357509,-31.5613,-1.27615,-4048.95,-1261.66,40,25649.4,76948.3,18032.1,0.848595,2.19315,0.841337,0.00253521,5.9,2.3,12093.2,24425.3,1.50165,4.29329,0.0237436,24347.4,148693,74346.7,0.537692,0.213892,0,0.248417,1.58513,3.22269,3.22237,0.336825,-3.50824,10539.6,-14.9709,8.43269,75.6906,-158.582,115.835,2.66591,-5.81317,3.57116,35519.4,33111.3,133521,0.361541,-0.985645,0.294008,20,-25.6031
paper; order not sent; CV call on our own streamed footage mapped to a live tennis market for timing (different sport); feed baseline 1 s is simulated (licensed feed not purchased); assumed data: licensed feed/video not purchased; parameters measured; pro-rata allocation (lower bracket); depth cap + extrapolation fix,lagcal,0.5,10,500,25000,1,burned_OOS,prorata,fixed,-0.225797,-0.999634,0.522225,0.281123,8256,2647.1,259.15,3639.09,-4901.54,0.150106,112.284,0.0030896,-31.5613,-1.27615,-4048.95,-1261.66,40,25649.4,76948.3,18032.1,0.848595,2.19315,0.841337,0.00253521,5.9,2.3,12093.2,24425.3,1.50165,4.29329,0.0237436,24347.4,148693,74346.7,0.537692,0.213892,0,0.248417,1.58513,3.22269,3.22237,0.336825,-3.50824,10539.6,-14.9709,8.43269,75.6906,-158.582,115.835,2.66591,-5.81317,3.57116,35519.4,33111.3,133521,0.361541,-0.985645,0.294008,20,-25.6031
paper; order not sent; CV call on our own streamed footage mapped to a live tennis market for timing (different sport); feed baseline 1 s is simulated (licensed feed not purchased); assumed data: licensed feed/video not purchased; parameters measured; pro-rata allocation (lower bracket); depth cap + extrapolation fix,lagcal,0.5,10,1000,250,1,burned_OOS,prorata,fixed,-0.13973,-1.26533,0.949519,0.336367,8256,3160.05,259.15,3972.89,-4734.35,0.148192,132.517,0.468166,-19.0364,-0.544999,-5893.42,-1643.8,40,21765.3,65296,15541.5,0.840032,2.19112,0.859413,0.0025237,5.9,2.3,11118.4,21242,1.4966,4.35645,0.0239628,23736.7,148693,74346.7,0.218142,0.228412,0.282689,0.270758,1.69362,2.86081,2.86003,0.421554,-3.09441,9582.74,-10.6412,7.15572,97.0155,-177.955,131.693,2.45121,-4.8509,2.9714,27730.4,29931.4,106499,0.506636,-1.1581,0.71984,20,-15.756
paper; order not sent; CV call on our own streamed footage mapped to a live tennis market for timing (different sport); feed baseline 1 s is simulated (licensed feed not purchased); assumed data: licensed feed/video not purchased; parameters measured; pro-rata allocation (lower bracket); depth cap + extrapolation fix,lagcal,0.5,10,1000,1000,1,burned_OOS,prorata,fixed,-0.410189,-1.34523,0.519198,0.306771,8256,2880.75,259.15,3680.65,-8575.54,0.147495,130.188,0.208085,-122.372,-2.46478,-9154.83,-2314.32,40,38267.9,114804,27602.3,0.841711,2.18739,0.852383,0.00251054,5.9,2.3,17981.9,37008.7,1.49616,4.3442,0.0242163,36427.6,148693,74346.7,0.387284,0.27085,0.0375451,0.304322,1.49741,3.30191,3.30149,0.192393,-3.71013,15473,-38.9063,12.5812,121.647,-344.665,96.0372,2.4396,-7.10934,1.83628,52722.3,50566.2,202255,0.425401,-1.19026,0.275417,20,-48.0421
paper; order not sent; CV call on our own streamed footage mapped to a live tennis market for timing (different sport); feed baseline 1 s is simulated (licensed feed not purchased); assumed data: licensed feed/video not purchased; parameters measured; pro-rata allocation (lower bracket); depth cap + extrapolation fix,lagcal,0.5,10,1000,5000,1,burned_OOS,prorata,fixed,-0.460243,-1.38392,0.455311,0.300781,8256,2827.45,259.15,3152.95,-8852.8,0.148284,129.432,0.0355961,-142.496,-2.80843,-9713.82,-2408.78,40,40153.4,120460,28868.2,0.844477,2.18875,0.845838,0.00249949,5.9,2.3,18657.7,38775.2,1.49808,4.3481,0.0241872,37545.8,148693,74346.7,0.423839,0.27307,0,0.303091,1.47779,3.34401,3.3436,0.125386,-3.74232,16082.4,-43.1769,13.2011,123.488,-380.196,69.5299,2.42405,-7.5263,1.29427,55820.8,54462.9,216324,0.437005,-1.278,0.195775,20,-53.5977
paper; order not sent; CV call on our own streamed footage mapped to a live tennis market for timing (different sport); feed baseline 1 s is simulated (licensed feed not purchased); assumed data: licensed feed/video not purchased; parameters measured; pro-rata allocation (lower bracket); depth cap + extrapolation fix,lagcal,0.5,10,1000,25000,1,burned_OOS,prorata,fixed,-0.460243,-1.38392,0.455311,0.300781,8256,2827.45,259.15,3152.95,-8852.8,0.148284,129.432,0.00307964,-142.496,-2.80843,-9713.82,-2408.78,40,40153.4,120460,28868.2,0.844477,2.18875,0.845838,0.00249949,5.9,2.3,18657.7,38775.2,1.49808,4.3481,0.0241872,37545.8,148693,74346.7,0.423839,0.27307,0,0.303091,1.47779,3.34401,3.3436,0.125386,-3.74232,16082.4,-43.1769,13.2011,123.488,-380.196,69.5299,2.42405,-7.5263,1.29427,55820.8,54462.9,216324,0.437005,-1.278,0.195775,20,-53.5977
paper; order not sent; CV call on our own streamed footage mapped to a live tennis market for timing (different sport); feed baseline 1 s is simulated (licensed feed not purchased); assumed data: licensed feed/video not purchased; parameters measured; pro-rata allocation (lower bracket); depth cap + extrapolation fix,lagcal,0.5,10,2000,250,1,burned_OOS,prorata,fixed,-0.156992,-1.66851,1.35696,0.3547,8256,3327.15,259.15,4516.65,-5604,0.146365,151.652,0.468025,-27.1836,-0.518471,-9456.5,-2765.23,40,24391.1,73173.2,17382.7,0.839992,2.1923,0.858197,0.00242467,5.9,2.3,12316.5,23690,1.49681,4.32195,0.0236593,27323.1,148693,74346.7,0.115038,0.257098,0.336784,0.291081,1.66787,2.83232,2.83095,0.378306,-3.01044,10605.5,-13.5596,8.01898,144.134,-251.732,244.265,2.13893,-3.96803,3.14522,31753.4,32742.9,120437,0.648945,-1.47819,0.86537,20,-17.7354
paper; order not sent; CV call on our own streamed footage mapped to a live tennis market for timing (different sport); feed baseline 1 s is simulated (licensed feed not purchased); assumed data: licensed feed/video not purchased; parameters measured; pro-rata allocation (lower bracket); depth cap + extrapolation fix,lagcal,0.5,10,2000,1000,1,burned_OOS,prorata,fixed,-0.4485,-1.67268,0.771364,0.332576,8256,3119.05,259.15,4532.9,-12360.8,0.146291,146.936,0.209169,-195.698,-2.18706,-16015.3,-3743.21,40,48849.3,146548,35421.1,0.838877,2.18781,0.864574,0.00245556,5.9,2.3,23222.6,47102,1.49401,4.36056,0.0239209,47996.7,148693,74346.7,0.23921,0.3202,0.0844815,0.356108,1.46179,3.23672,3.2361,0.190795,-3.68731,19733.7,-48.7415,16.0601,199.312,-541.112,173.389,2.3402,-5.45145,2.40821,67678.1,64731.4,256608,0.561081,-1.44998,0.611914,20,-52.3128
paper; order not sent; CV call on our own streamed footage mapped to a live tennis market for timing (different sport); feed baseline 1 s is simulated (licensed feed not purchased); assumed data: licensed feed/video not purchased; parameters measured; pro-rata allocation (lower bracket); depth cap + extrapolation fix,lagcal,0.5,10,2000,5000,1,burned_OOS,prorata,fixed,-0.603428,-1.76909,0.558438,0.319979,8256,3002.25,259.15,2593.34,-14610.2,0.146628,142.943,0.0355477,-300.421,-3.12554,-18631.6,-4383.82,40,58675.9,176028,43372.7,0.840037,2.18955,0.851591,0.00246425,5.9,2.3,27084.7,56511.9,1.49444,4.34028,0.0243701,54659.1,148693,74346.7,0.313918,0.325959,0,0.360123,1.41886,3.44868,3.44859,0.0141184,-3.85493,23059.5,-62.2934,19.2907,206.429,-603.801,150.061,2.19037,-6.1951,1.83291,84656.3,78724,326492,0.52604,-1.48455,0.458923,20,-71.0626
paper; order not sent; CV call on our own streamed footage mapped to a live tennis market for timing (different sport); feed baseline 1 s is simulated (licensed feed not purchased); assumed data: licensed feed/video not purchased; parameters measured; pro-rata allocation (lower bracket); depth cap + extrapolation fix,lagcal,0.5,10,2000,25000,1,burned_OOS,prorata,fixed,-0.603428,-1.76909,0.558438,0.319979,8256,3002.25,259.15,2593.34,-14610.2,0.146628,142.943,0.00314128,-300.421,-3.12554,-18631.6,-4383.82,40,58675.9,176028,43372.7,0.840037,2.18955,0.851591,0.00246425,5.9,2.3,27084.7,56511.9,1.49444,4.34028,0.0243701,54659.1,148693,74346.7,0.313918,0.325959,0,0.360123,1.41886,3.44868,3.44859,0.0141184,-3.85493,23059.5,-62.2934,19.2907,206.429,-603.801,150.061,2.19037,-6.1951,1.83291,84656.3,78724,326492,0.52604,-1.48455,0.458923,20,-71.0626
paper; order not sent; CV call on our own streamed footage mapped to a live tennis market for timing (different sport); feed baseline 1 s is simulated (licensed feed not purchased); assumed data: licensed feed/video not purchased; parameters measured; pro-rata allocation (lower bracket); depth cap + extrapolation fix,lagcal,0.5,10,5000,250,1,burned_OOS,prorata,fixed,0.203226,-2.0018,2.42515,0.372196,8256,3480.9,259.15,9126.41,-5903.36,0.143707,173.798,0.46933,80.5763,0.525027,-13036.4,-4215.48,40,27751.9,83255.6,19534,0.832971,2.17909,0.844632,0.0023091,5.9,2.3,13411.5,26858.9,1.4875,4.30174,0.0238651,30954.5,148693,74346.7,0.0242632,0.283759,0.385642,0.306336,1.65428,2.81971,2.81668,0.770716,-2.73305,11588.6,35.3254,9.1239,228.375,-296.057,502.97,2.12919,-3.92515,3.81555,38193.5,35663.8,136394,0.942036,-1.86576,1.72198,20,34.0177
paper; order not sent; CV call on our own streamed footage mapped to a live tennis market for timing (different sport); feed baseline 1 s is simulated (licensed feed not purchased); assumed data: licensed feed/video not purchased; parameters measured; pro-rata allocation (lower bracket); depth cap + extrapolation fix,lagcal,0.5,10,5000,1000,1,burned_OOS,prorata,fixed,-0.40351,-2.21161,1.38745,0.357928,8256,3353.8,259.15,6004.17,-15396.1,0.145589,166.674,0.209736,-234.799,-1.42063,-26964.1,-6615.31,40,58410.6,175232,42642.7,0.836086,2.18626,0.862173,0.00238042,5.9,2.3,28045.6,56634.7,1.49361,4.36388,0.0240622,60463.2,148693,74346.7,0.0995005,0.372253,0.127292,0.400954,1.44524,3.21508,3.21374,0.224399,-3.35666,23681.1,-48.9075,19.2035,399.784,-995.321,277.807,2.4012,-5.66002,1.84253,82829.9,75732.9,316089,0.807998,-1.96015,0.763698,20,-49.6055
paper; order not sent; CV call on our own streamed footage mapped to a live tennis market for timing (different sport); feed baseline 1 s is simulated (licensed feed not purchased); assumed data: licensed feed/video not purchased; parameters measured; pro-rata allocation (lower bracket); depth cap + extrapolation fix,lagcal,0.5,10,5000,5000,1,burned_OOS,prorata,fixed,-0.659348,-2.34527,1.01498,0.342951,8256,3211.95,259.15,2192.8,-24296.6,0.144996,158.686,0.0358901,-552.596,-2.57496,-37874.8,-9611.13,40,86867,260601,65289.9,0.838526,2.19031,0.866756,0.00238928,5.9,2.3,39571.8,83565.7,1.4946,4.37695,0.0244631,80894.4,148693,74346.7,0.182359,0.390183,0.00465687,0.422801,1.42023,3.69146,3.69093,-0.0339868,-3.795,32973.5,-77.3971,28.559,555.936,-1482.93,519.879,2.76524,-6.76321,3.24707,130639,113108,501648,0.801282,-2.07982,1.10657,20,-77.0494
paper; order not sent; CV call on our own streamed footage mapped to a live tennis market for timing (different sport); feed baseline 1 s is simulated (licensed feed not purchased); assumed data: licensed feed/video not purchased; parameters measured; pro-rata allocation (lower bracket); depth cap + extrapolation fix,lagcal,0.5,10,5000,25000,1,burned_OOS,prorata,fixed,-0.677044,-2.35424,1.00436,0.342072,8256,3204.15,259.15,2134.1,-24798.8,0.145129,158.324,0.0031412,-566.617,-2.63096,-37711.5,-9878.3,40,87985.8,263957,66194.5,0.838856,2.19142,0.864718,0.00238598,5.9,2.3,39947.8,84722.7,1.49528,4.37806,0.0244628,81426.1,148693,74346.7,0.187899,0.389932,0,0.422169,1.42458,3.71617,3.71565,-0.0405548,-3.83733,33281.9,-78.3518,28.9268,549.248,-1457.71,502.858,2.71841,-6.72659,3.14656,132119,114232,505595,0.782003,-2.04145,1.06577,20,-79.8868
paper; order not sent; CV call on our own streamed footage mapped to a live tennis market for timing (different sport); feed baseline 1 s is simulated (licensed feed not purchased); assumed data: licensed feed/video not purchased; parameters measured; pro-rata allocation (lower bracket); depth cap + extrapolation fix,lagcal,1,10,50,250,1,burned_OOS,prorata,fixed,0.796478,0.292283,1.27037,0.216103,8256,2060.1,259.15,2170.62,-688.128,0.164956,36.9288,0.600501,37.0624,10.7911,-174.897,-94.6067,40,4194.68,12584,2912.01,0.867451,2.23079,0.825826,0.00267837,5.9,2.3,2061.95,3990.71,1.52299,4.26839,0.0227207,4201.93,148693,148693,0.924231,0.0287193,0,0.0470496,2.3665,2.62103,2.62044,1.42552,-3.75385,1853.26,107.499,1.37907,24.0198,4.6997,78.6655,6.52659,1.43106,22.5693,5115.64,6431.17,19465.3,0.275454,0.26123,1.17783,20,98.9978
paper; order not sent; CV call on our own streamed footage mapped to a live tennis market for timing (different sport); feed baseline 1 s is simulated (licensed feed not purchased); assumed data: licensed feed/video not purchased; parameters measured; pro-rata allocation (lower bracket); depth cap + extrapolation fix,lagcal,1,10,50,1000,1,burned_OOS,prorata,fixed,0.796478,0.292283,1.27037,0.216103,8256,2060.1,259.15,2170.62,-688.128,0.164956,36.9288,0.2997,37.0624,10.7911,-174.897,-94.6067,40,4194.68,12584,2912.01,0.867451,2.23079,0.825826,0.00267837,5.9,2.3,2061.95,3990.71,1.52299,4.26839,0.0227207,4201.93,148693,148693,0.924231,0.0287193,0,0.0470496,2.3665,2.62103,2.62044,1.42552,-3.75385,1853.26,107.499,1.37907,24.0198,4.6997,78.6655,6.52659,1.43106,22.5693,5115.64,6431.17,19465.3,0.275454,0.26123,1.17783,20,98.9978
paper; order not sent; CV call on our own streamed footage mapped to a live tennis market for timing (different sport); feed baseline 1 s is simulated (licensed feed not purchased); assumed data: licensed feed/video not purchased; parameters measured; pro-rata allocation (lower bracket); depth cap + extrapolation fix,lagcal,1,10,50,5000,1,burned_OOS,prorata,fixed,0.796478,0.292283,1.27037,0.216103,8256,2060.1,259.15,2170.62,-688.128,0.164956,36.9288,0.0739236,37.0624,10.7911,-174.897,-94.6067,40,4194.68,12584,2912.01,0.867451,2.23079,0.825826,0.00267837,5.9,2.3,2061.95,3990.71,1.52299,4.26839,0.0227207,4201.93,148693,148693,0.924231,0.0287193,0,0.0470496,2.3665,2.62103,2.62044,1.42552,-3.75385,1853.26,107.499,1.37907,24.0198,4.6997,78.6655,6.52659,1.43106,22.5693,5115.64,6431.17,19465.3,0.275454,0.26123,1.17783,20,98.9978
paper; order not sent; CV call on our own streamed footage mapped to a live tennis market for timing (different sport); feed baseline 1 s is simulated (licensed feed not purchased); assumed data: licensed feed/video not purchased; parameters measured; pro-rata allocation (lower bracket); depth cap + extrapolation fix,lagcal,1,10,50,25000,1,burned_OOS,prorata,fixed,0.796478,0.292283,1.27037,0.216103,8256,2060.1,259.15,2170.62,-688.128,0.164956,36.9288,0.0083254,37.0624,10.7911,-174.897,-94.6067,40,4194.68,12584,2912.01,0.867451,2.23079,0.825826,0.00267837,5.9,2.3,2061.95,3990.71,1.52299,4.26839,0.0227207,4201.93,148693,148693,0.924231,0.0287193,0,0.0470496,2.3665,2.62103,2.62044,1.42552,-3.75385,1853.26,107.499,1.37907,24.0198,4.6997,78.6655,6.52659,1.43106,22.5693,5115.64,6431.17,19465.3,0.275454,0.26123,1.17783,20,98.9978
paper; order not sent; CV call on our own streamed footage mapped to a live tennis market for timing (different sport); feed baseline 1 s is simulated (licensed feed not purchased); assumed data: licensed feed/video not purchased; parameters measured; pro-rata allocation (lower bracket); depth cap + extrapolation fix,lagcal,1,10,100,250,1,burned_OOS,prorata,fixed,0.643365,0.116483,1.13584,0.225188,8256,2143.25,259.15,3615.75,-1280.51,0.162722,65.402,0.600631,58.3812,9.09953,-367.876,-193.388,40,7993.35,23980.1,5545.68,0.864265,2.22145,0.825809,0.00266982,5.9,2.3,3904.58,7577.45,1.5206,4.30446,0.0229496,7939.45,148693,148693,0.868288,0.0545615,0,0.0771507,2.22082,2.76705,2.76652,1.24096,-3.6662,3509.3,88.8619,2.62795,41.7561,2.5707,132.011,6.19121,0.418993,20.3394,9911.91,11589,37499.1,0.286853,0.0782027,1.03024,20,79.5214
paper; order not sent; CV call on our own streamed footage mapped to a live tennis market for timing (different sport); feed baseline 1 s is simulated (licensed feed not purchased); assumed data: licensed feed/video not purchased; parameters measured; pro-rata allocation (lower bracket); depth cap + extrapolation fix,lagcal,1,10,100,1000,1,burned_OOS,prorata,fixed,0.643365,0.116483,1.13584,0.225188,8256,2143.25,259.15,3615.75,-1280.51,0.162722,65.402,0.299522,58.3812,9.09953,-367.876,-193.388,40,7993.35,23980.1,5545.68,0.864265,2.22145,0.825809,0.00266982,5.9,2.3,3904.58,7577.45,1.5206,4.30446,0.0229496,7939.45,148693,148693,0.868288,0.0545615,0,0.0771507,2.22082,2.76705,2.76652,1.24096,-3.6662,3509.3,88.8619,2.62795,41.7561,2.5707,132.011,6.19121,0.418993,20.3394,9911.91,11589,37499.1,0.286853,0.0782027,1.03024,20,79.5214
paper; order not sent; CV call on our own streamed footage mapped to a live tennis market for timing (different sport); feed baseline 1 s is simulated (licensed feed not purchased); assumed data: licensed feed/video not purchased; parameters measured; pro-rata allocation (lower bracket); depth cap + extrapolation fix,lagcal,1,10,100,5000,1,burned_OOS,prorata,fixed,0.643365,0.116483,1.13584,0.225188,8256,2143.25,259.15,3615.75,-1280.51,0.162722,65.402,0.0735429,58.3812,9.09953,-367.876,-193.388,40,7993.35,23980.1,5545.68,0.864265,2.22145,0.825809,0.00266982,5.9,2.3,3904.58,7577.45,1.5206,4.30446,0.0229496,7939.45,148693,148693,0.868288,0.0545615,0,0.0771507,2.22082,2.76705,2.76652,1.24096,-3.6662,3509.3,88.8619,2.62795,41.7561,2.5707,132.011,6.19121,0.418993,20.3394,9911.91,11589,37499.1,0.286853,0.0782027,1.03024,20,79.5214
paper; order not sent; CV call on our own streamed footage mapped to a live tennis market for timing (different sport); feed baseline 1 s is simulated (licensed feed not purchased); assumed data: licensed feed/video not purchased; parameters measured; pro-rata allocation (lower bracket); depth cap + extrapolation fix,lagcal,1,10,100,25000,1,burned_OOS,prorata,fixed,0.643365,0.116483,1.13584,0.225188,8256,2143.25,259.15,3615.75,-1280.51,0.162722,65.402,0.00818864,58.3812,9.09953,-367.876,-193.388,40,7993.35,23980.1,5545.68,0.864265,2.22145,0.825809,0.00266982,5.9,2.3,3904.58,7577.45,1.5206,4.30446,0.0229496,7939.45,148693,148693,0.868288,0.0545615,0,0.0771507,2.22082,2.76705,2.76652,1.24096,-3.6662,3509.3,88.8619,2.62795,41.7561,2.5707,132.011,6.19121,0.418993,20.3394,9911.91,11589,37499.1,0.286853,0.0782027,1.03024,20,79.5214
paper; order not sent; CV call on our own streamed footage mapped to a live tennis market for timing (different sport); feed baseline 1 s is simulated (licensed feed not purchased); assumed data: licensed feed/video not purchased; parameters measured; pro-rata allocation (lower bracket); depth cap + extrapolation fix,lagcal,1,10,200,250,1,burned_OOS,prorata,fixed,0.439569,-0.124182,0.985446,0.249982,8256,2368.15,259.15,5274.04,-2340.01,0.157364,101.323,0.600431,73.3507,6.34606,-829.293,-382.663,40,14223.8,42671.3,9748.69,0.845291,2.19501,0.838436,0.00257709,5.9,2.3,6898.52,13372.2,1.50206,4.30733,0.0234897,14054.2,148693,148693,0.71492,0.086891,0.0790609,0.119128,2.02755,2.93167,2.93123,1.01437,-3.65748,6181.13,62.7423,4.67631,60.0781,-16.6819,180.918,5.11357,-1.42146,15.6258,17810,20706.3,67977.6,0.279305,-0.210027,0.79218,20,54.2169
paper; order not sent; CV call on our own streamed footage mapped to a live tennis market for timing (different sport); feed baseline 1 s is simulated (licensed feed not purchased); assumed data: licensed feed/video not purchased; parameters measured; pro-rata allocation (lower bracket); depth cap + extrapolation fix,lagcal,1,10,200,1000,1,burned_OOS,prorata,fixed,0.413418,-0.149784,0.954856,0.238239,8256,2262.65,259.15,5255.83,-2334.08,0.159957,107.742,0.299121,73.0437,6.25353,-862.708,-392.677,40,14837.1,44511.2,10144.2,0.859485,2.20876,0.828029,0.00266963,5.9,2.3,7130.23,14022.6,1.51467,4.29289,0.0233373,14451.8,148693,148693,0.790425,0.0886368,0,0.120939,2.00806,2.96066,2.96022,0.973741,-3.60123,6402.49,59.8972,4.87794,62.7996,-21.1705,185.263,5.26255,-1.76562,15.5728,18897.4,21325.8,71581.1,0.297093,-0.256225,0.78833,20,50.5124
paper; order not sent; CV call on our own streamed footage mapped to a live tennis market for timing (different sport); feed baseline 1 s is simulated (licensed feed not purchased); assumed data: licensed feed/video not purchased; parameters measured; pro-rata allocation (lower bracket); depth cap + extrapolation fix,lagcal,1,10,200,5000,1,burned_OOS,prorata,fixed,0.413418,-0.149784,0.954856,0.238239,8256,2262.65,259.15,5255.83,-2334.08,0.159957,107.742,0.0733658,73.0437,6.25353,-862.708,-392.677,40,14837.1,44511.2,10144.2,0.859485,2.20876,0.828029,0.00266963,5.9,2.3,7130.23,14022.6,1.51467,4.29289,0.0233373,14451.8,148693,148693,0.790425,0.0886368,0,0.120939,2.00806,2.96066,2.96022,0.973741,-3.60123,6402.49,59.8972,4.87794,62.7996,-21.1705,185.263,5.26255,-1.76562,15.5728,18897.4,21325.8,71581.1,0.297093,-0.256225,0.78833,20,50.5124
paper; order not sent; CV call on our own streamed footage mapped to a live tennis market for timing (different sport); feed baseline 1 s is simulated (licensed feed not purchased); assumed data: licensed feed/video not purchased; parameters measured; pro-rata allocation (lower bracket); depth cap + extrapolation fix,lagcal,1,10,200,25000,1,burned_OOS,prorata,fixed,0.413418,-0.149784,0.954856,0.238239,8256,2262.65,259.15,5255.83,-2334.08,0.159957,107.742,0.00815883,73.0437,6.25353,-862.708,-392.677,40,14837.1,44511.2,10144.2,0.859485,2.20876,0.828029,0.00266963,5.9,2.3,7130.23,14022.6,1.51467,4.29289,0.0233373,14451.8,148693,148693,0.790425,0.0886368,0,0.120939,2.00806,2.96066,2.96022,0.973741,-3.60123,6402.49,59.8972,4.87794,62.7996,-21.1705,185.263,5.26255,-1.76562,15.5728,18897.4,21325.8,71581.1,0.297093,-0.256225,0.78833,20,50.5124
paper; order not sent; CV call on our own streamed footage mapped to a live tennis market for timing (different sport); feed baseline 1 s is simulated (licensed feed not purchased); assumed data: licensed feed/video not purchased; parameters measured; pro-rata allocation (lower bracket); depth cap + extrapolation fix,lagcal,1,10,500,250,1,burned_OOS,prorata,fixed,0.246473,-0.474162,0.971208,0.301841,8256,2841.6,259.15,6639.28,-3755.28,0.150543,157.426,0.601881,72.0999,2.89886,-2186.85,-866.897,40,21114.6,63343.7,14964.7,0.839865,2.1923,0.851604,0.00255427,5.9,2.3,10788.8,20496.2,1.49684,4.37058,0.0239001,22388.6,148693,148693,0.416091,0.131281,0.278328,0.1743,1.92422,2.93669,2.93617,0.777273,-3.28554,9548.79,41.5455,6.94178,88.5858,-52.9503,242.55,3.54269,-2.22016,9.46651,26152.8,30703.9,100951,0.319672,-0.305514,0.712704,20,34.0309
paper; order not sent; CV call on our own streamed footage mapped to a live tennis market for timing (different sport); feed baseline 1 s is simulated (licensed feed not purchased); assumed data: licensed feed/video not purchased; parameters measured; pro-rata allocation (lower bracket); depth cap + extrapolation fix,lagcal,1,10,500,1000,1,burned_OOS,prorata,fixed,0.0914769,-0.556407,0.726143,0.262488,8256,2483.9,259.15,6773.65,-4705.28,0.155438,170.24,0.299195,51.7093,1.89865,-2882.23,-1083.16,40,30930,92789.9,21233.7,0.852774,2.19723,0.835477,0.0025938,5.9,2.3,14632.1,29312.4,1.50542,4.31636,0.0236482,29533.3,148693,148693,0.649351,0.160539,0,0.19011,1.73511,3.21563,3.2153,0.580787,-3.40572,13097,20.3405,10.1688,97.2422,-112.06,240.056,3.38727,-3.90176,7.87038,41053,43659.5,154594,0.310994,-0.586864,0.499374,20,11.9069
paper; order not sent; CV call on our own streamed footage mapped to a live tennis market for timing (different sport); feed baseline 1 s is simulated (licensed feed not purchased); assumed data: licensed feed/video not purchased; parameters measured; pro-rata allocation (lower bracket); depth cap + extrapolation fix,lagcal,1,10,500,5000,1,burned_OOS,prorata,fixed,0.0914769,-0.556407,0.726143,0.262488,8256,2483.9,259.15,6773.65,-4705.28,0.155438,170.24,0.073661,51.7093,1.89865,-2882.23,-1083.16,40,30930,92789.9,21233.7,0.852774,2.19723,0.835477,0.0025938,5.9,2.3,14632.1,29312.4,1.50542,4.31636,0.0236482,29533.3,148693,148693,0.649351,0.160539,0,0.19011,1.73511,3.21563,3.2153,0.580787,-3.40572,13097,20.3405,10.1688,97.2422,-112.06,240.056,3.38727,-3.90176,7.87038,41053,43659.5,154594,0.310994,-0.586864,0.499374,20,11.9069
paper; order not sent; CV call on our own streamed footage mapped to a live tennis market for timing (different sport); feed baseline 1 s is simulated (licensed feed not purchased); assumed data: licensed feed/video not purchased; parameters measured; pro-rata allocation (lower bracket); depth cap + extrapolation fix,lagcal,1,10,500,25000,1,burned_OOS,prorata,fixed,0.0914769,-0.556407,0.726143,0.262488,8256,2483.9,259.15,6773.65,-4705.28,0.155438,170.24,0.00790815,51.7093,1.89865,-2882.23,-1083.16,40,30930,92789.9,21233.7,0.852774,2.19723,0.835477,0.0025938,5.9,2.3,14632.1,29312.4,1.50542,4.31636,0.0236482,29533.3,148693,148693,0.649351,0.160539,0,0.19011,1.73511,3.21563,3.2153,0.580787,-3.40572,13097,20.3405,10.1688,97.2422,-112.06,240.056,3.38727,-3.90176,7.87038,41053,43659.5,154594,0.310994,-0.586864,0.499374,20,11.9069
paper; order not sent; CV call on our own streamed footage mapped to a live tennis market for timing (different sport); feed baseline 1 s is simulated (licensed feed not purchased); assumed data: licensed feed/video not purchased; parameters measured; pro-rata allocation (lower bracket); depth cap + extrapolation fix,lagcal,1,10,1000,250,1,burned_OOS,prorata,fixed,0.135622,-0.844397,1.09224,0.329221,8256,3097.15,259.15,6776.7,-4590.48,0.14973,201.775,0.603009,54.6556,1.19493,-4377.01,-1595.4,40,24827.2,74481.5,17673.1,0.840159,2.19415,0.85598,0.00254298,5.9,2.3,12823.6,24313.5,1.49733,4.4061,0.0240907,27431.7,148693,148693,0.260208,0.156888,0.382947,0.199957,1.88913,2.83388,2.83306,0.638612,-3.03748,11299.4,26.7842,8.16235,110.444,-105.75,236.24,2.6689,-3.21991,5.44598,30585.6,35735.9,117576,0.436312,-0.666308,0.915586,20,21.1059
paper; order not sent; CV call on our own streamed footage mapped to a live tennis market for timing (different sport); feed baseline 1 s is simulated (licensed feed not purchased); assumed data: licensed feed/video not purchased; parameters measured; pro-rata allocation (lower bracket); depth cap + extrapolation fix,lagcal,1,10,1000,1000,1,burned_OOS,prorata,fixed,-0.081882,-0.840023,0.6771,0.292218,8256,2752.8,259.15,7665.36,-7814.4,0.151087,210.339,0.300607,-3.72595,-0.147432,-6631.4,-2185.74,40,47430.9,142293,33453.1,0.844131,2.19119,0.84813,0.00248578,5.9,2.3,22514.9,45326.3,1.49869,4.28534,0.0238529,45681.4,148693,148693,0.476525,0.211859,0.0620005,0.249616,1.61835,3.28973,3.2893,0.39206,-3.40608,20026.6,-0.955757,15.5937,149.108,-265.841,265.71,2.82642,-5.04454,4.4248,63678.5,62127.2,238962,0.366621,-0.766612,0.430616,20,-8.86406
paper; order not sent; CV call on our own streamed footage mapped to a live tennis market for timing (different sport); feed baseline 1 s is simulated (licensed feed not purchased); assumed data: licensed feed/video not purchased; parameters measured; pro-rata allocation (lower bracket); depth cap + extrapolation fix,lagcal,1,10,1000,5000,1,burned_OOS,prorata,fixed,-0.131157,-0.890843,0.619867,0.282249,8256,2664.55,259.15,7025.1,-7959.73,0.152979,212.472,0.0743684,-23.3658,-0.530764,-7163.02,-2406.02,40,50698,152094,35580.3,0.848153,2.19436,0.840705,0.00252103,5.9,2.3,23641.3,48300.8,1.50127,4.28779,0.0236969,47619.6,148693,148693,0.535955,0.215317,0,0.248729,1.58493,3.33466,3.33424,0.315335,-3.39546,21094.8,-5.6074,16.6679,157.802,-310.968,260.689,2.86751,-5.74084,4.21425,70035,65558,263514,0.380568,-0.909631,0.392415,20,-14.4471
paper; order not sent; CV call on our own streamed footage mapped to a live tennis market for timing (different sport); feed baseline 1 s is simulated (licensed feed not purchased); assumed data: licensed feed/video not purchased; parameters measured; pro-rata allocation (lower bracket); depth cap + extrapolation fix,lagcal,1,10,1000,25000,1,burned_OOS,prorata,fixed,-0.131157,-0.890843,0.619867,0.282249,8256,2664.55,259.15,7025.1,-7959.73,0.152979,212.472,0.00815115,-23.3658,-0.530764,-7163.02,-2406.02,40,50698,152094,35580.3,0.848153,2.19436,0.840705,0.00252103,5.9,2.3,23641.3,48300.8,1.50127,4.28779,0.0236969,47619.6,148693,148693,0.535955,0.215317,0,0.248729,1.58493,3.33466,3.33424,0.315335,-3.39546,21094.8,-5.6074,16.6679,157.802,-310.968,260.689,2.86751,-5.74084,4.21425,70035,65558,263514,0.380568,-0.909631,0.392415,20,-14.4471
paper; order not sent; CV call on our own streamed footage mapped to a live tennis market for timing (different sport); feed baseline 1 s is simulated (licensed feed not purchased); assumed data: licensed feed/video not purchased; parameters measured; pro-rata allocation (lower bracket); depth cap + extrapolation fix,lagcal,1,10,2000,250,1,burned_OOS,prorata,fixed,0.0526568,-1.27296,1.37079,0.34917,8256,3278.15,259.15,7076.68,-5492.58,0.147361,232.142,0.603796,39.6026,0.374636,-8378.56,-2814.08,40,27781.4,83344.2,19744.4,0.841541,2.19708,0.85709,0.00246342,5.9,2.3,14249.4,27139.9,1.49773,4.34295,0.0234847,31685.3,148693,148693,0.148013,0.179756,0.45654,0.215692,1.86203,2.79959,2.7982,0.530753,-2.99016,12552.2,17.3437,9.13362,153.623,-175.833,355.753,2.10943,-3.32626,4.13924,34776.1,39729.3,133542,0.530537,-1.07095,0.782277,20,11.1868
paper; order not sent; CV call on our own streamed footage mapped to a live tennis market for timing (different sport); feed baseline 1 s is simulated (licensed feed not purchased); assumed data: licensed feed/video not purchased; parameters measured; pro-rata allocation (lower bracket); depth cap + extrapolation fix,lagcal,1,10,2000,1000,1,burned_OOS,prorata,fixed,-0.195795,-1.16658,0.787324,0.321923,8256,3026.6,259.15,8299.16,-11783,0.148973,246.634,0.302419,-87.0958,-0.990555,-14060.5,-3680.28,40,61372.2,184117,44208.7,0.839912,2.18895,0.857238,0.002513,5.9,2.3,29614.2,59247.2,1.49433,4.35219,0.0240472,61108.6,148693,148693,0.302826,0.259097,0.138233,0.299844,1.56919,3.21682,3.2162,0.313028,-3.55051,26152.4,-17.2662,20.1772,216.909,-480.041,246.429,2.44344,-4.85168,2.90251,81294.1,78848.3,306747,0.452443,-1.08958,0.540226,20,-22.4968
paper; order not sent; CV call on our own streamed footage mapped to a live tennis market for timing (different sport); feed baseline 1 s is simulated (licensed feed not purchased); assumed data: licensed feed/video not purchased; parameters measured; pro-rata allocation (lower bracket); depth cap + extrapolation fix,lagcal,1,10,2000,5000,1,burned_OOS,prorata,fixed,-0.328294,-1.23113,0.587168,0.301968,8256,2845.7,259.15,6007.91,-13366.5,0.150993,241.215,0.0744721,-183.964,-1.96384,-16353.9,-4617.25,40,79323.5,237970,57054,0.84356,2.18916,0.84371,0.00252228,5.9,2.3,36176.3,76288.9,1.49651,4.34042,0.024162,72792.1,148693,148693,0.421884,0.274442,0,0.303674,1.47734,3.44514,3.44504,0.115497,-3.54143,32186.7,-28.2164,26.079,234.858,-605.095,223.214,2.43669,-6.24694,2.10688,109993,108120,425977,0.442247,-1.14565,0.355545,20,-37.214
paper; order not sent; CV call on our own streamed footage mapped to a live tennis market for timing (different sport); feed baseline 1 s is simulated (licensed feed not purchased); assumed data: licensed feed/video not purchased; parameters measured; pro-rata allocation (lower bracket); depth cap + extrapolation fix,lagcal,1,10,2000,25000,1,burned_OOS,prorata,fixed,-0.328294,-1.23113,0.587168,0.301968,8256,2845.7,259.15,6007.91,-13366.5,0.150993,241.215,0.00816383,-183.964,-1.96384,-16353.9,-4617.25,40,79323.5,237970,57054,0.84356,2.18916,0.84371,0.00252228,5.9,2.3,36176.3,76288.9,1.49651,4.34042,0.024162,72792.1,148693,148693,0.421884,0.274442,0,0.303674,1.47734,3.44514,3.44504,0.115497,-3.54143,32186.7,-28.2164,26.079,234.858,-605.095,223.214,2.43669,-6.24694,2.10688,109993,108120,425977,0.442247,-1.14565,0.355545,20,-37.214
paper; order not sent; CV call on our own streamed footage mapped to a live tennis market for timing (different sport); feed baseline 1 s is simulated (licensed feed not purchased); assumed data: licensed feed/video not purchased; parameters measured; pro-rata allocation (lower bracket); depth cap + extrapolation fix,lagcal,1,10,5000,250,1,burned_OOS,prorata,fixed,0.410693,-1.62654,2.51672,0.36892,8256,3452.1,259.15,13179.3,-5771.45,0.144215,247.572,0.605403,185.195,1.16457,-13235.5,-4606.03,40,31909.6,95728.7,22326.5,0.837372,2.18568,0.848048,0.00233005,5.9,2.3,15623,30958.2,1.49152,4.28576,0.0236236,36301.4,148693,148693,0.0418992,0.203678,0.526307,0.228115,1.84274,2.79684,2.79377,0.897773,-2.69099,13810.9,70.6124,10.4908,271.318,-292.251,716.679,2.09177,-3.5173,4.14036,42189.3,43370.8,152141,0.863442,-1.58939,1.69668,20,63.3277
paper; order not sent; CV call on our own streamed footage mapped to a live tennis market for timing (different sport); feed baseline 1 s is simulated (licensed feed not purchased); assumed data: licensed feed/video not purchased; parameters measured; pro-rata allocation (lower bracket); depth cap + extrapolation fix,lagcal,1,10,5000,1000,1,burned_OOS,prorata,fixed,-0.223296,-1.67215,1.24578,0.350666,8256,3290.5,259.15,9404.71,-14736.9,0.14692,286.945,0.304412,-133.305,-0.833148,-26191.4,-7072.84,40,74081.8,222245,53290,0.837417,2.18887,0.858285,0.00243068,5.9,2.3,35993.5,72217,1.49442,4.3477,0.0238661,77346.2,148693,148693,0.139426,0.308284,0.207924,0.344365,1.5392,3.17201,3.17066,0.229822,-3.25727,31671,-21.893,24.3557,361.363,-729.436,484.372,2.1284,-4.28734,2.81151,100844,94809.4,380806,0.604988,-1.46235,0.653001,20,-25.7482
paper; order not sent; CV call on our own streamed footage mapped to a live tennis market for timing (different sport); feed baseline 1 s is simulated (licensed feed not purchased); assumed data: licensed feed/video not purchased; parameters measured; pro-rata allocation (lower bracket); depth cap + extrapolation fix,lagcal,1,10,5000,5000,1,burned_OOS,prorata,fixed,-0.420838,-1.6537,0.854878,0.329397,8256,3092.7,259.15,5040.07,-23303.6,0.147663,272.649,0.0747769,-456.588,-2.08376,-36827.5,-9584.77,40,124919,374758,92890.4,0.837455,2.18851,0.854925,0.00246499,5.9,2.3,56515.6,119774,1.49342,4.35235,0.0244947,114488,148693,148693,0.264118,0.34446,0.0133586,0.378063,1.41268,3.68954,3.68901,0.0240787,-3.67653,50007,-44.4699,41.0694,435.005,-1064.58,552.028,2.17762,-4.81506,3.22449,182687,163557,695120,0.5532,-1.32789,0.908524,20,-46.6391
paper; order not sent; CV call on our own streamed footage mapped to a live tennis market for timing (different sport); feed baseline 1 s is simulated (licensed feed not purchased); assumed data: licensed feed/video not purchased; parameters measured; pro-rata allocation (lower bracket); depth cap + extrapolation fix,lagcal,1,10,5000,25000,1,burned_OOS,prorata,fixed,-0.457236,-1.69402,0.819817,0.327192,8256,3073.2,259.15,3308.62,-23195.9,0.148056,270.915,0.00829287,-497.183,-2.21985,-37536.2,-10105.3,40,128981,386942,95477.5,0.838351,2.1906,0.85138,0.00245083,5.9,2.3,57601.1,122934,1.49431,4.33812,0.0244942,116183,148693,148693,0.277803,0.345331,0,0.376866,1.41052,3.71643,3.7159,-0.0332323,-3.62992,51040.7,-46.899,42.4046,452.124,-1099.99,520.345,2.16134,-4.91928,3.01143,189211,170905,717493,0.549807,-1.3376,0.850006,20,-50.955
paper; order not sent; CV call on our own streamed footage mapped to a live tennis market for timing (different sport); feed baseline 1 s is simulated (licensed feed not purchased); assumed data: licensed feed/video not purchased; parameters measured; pro-rata allocation (lower bracket); depth cap + extrapolation fix,prereg,0.5,10,50,250,1,burned_OOS,prorata,fixed,-0.392075,-2.03877,1.09639,0.0771499,8256,941.9,220.5,580.855,-506.689,0.47558,27.2901,0.469053,1.85414,0.238849,-386.025,-115.148,40,2461.72,7385.17,1790.65,0.894535,2.35665,0.850378,0.00255927,5.05,2,768.336,2115.73,1.52056,4.19438,0.0167192,1586.57,48138.4,24069.2,0.829087,0.0716505,0,0.0992623,2.12769,1.24725,1.2464,1.2215,-2.76731,561.263,9.16379,0.809334,14.9637,-18.4485,31.5802,4.88401,-7.47837,8.73457,5321.97,2137.4,17897.4,1.13531,-2.57846,0.902965,20,-34.6049
paper; order not sent; CV call on our own streamed footage mapped to a live tennis market for timing (different sport); feed baseline 1 s is simulated (licensed feed not purchased); assumed data: licensed feed/video not purchased; parameters measured; pro-rata allocation (lower bracket); depth cap + extrapolation fix,prereg,0.5,10,50,1000,1,burned_OOS,prorata,fixed,-0.392075,-2.03877,1.09639,0.0771499,8256,941.9,220.5,580.855,-506.689,0.47558,27.2901,0.203278,1.85414,0.238849,-386.025,-115.148,40,2461.72,7385.17,1790.65,0.894535,2.35665,0.850378,0.00255927,5.05,2,768.336,2115.73,1.52056,4.19438,0.0167192,1586.57,48138.4,24069.2,0.829087,0.0716505,0,0.0992623,2.12769,1.24725,1.2464,1.2215,-2.76731,561.263,9.16379,0.809334,14.9637,-18.4485,31.5802,4.88401,-7.47837,8.73457,5321.97,2137.4,17897.4,1.13531,-2.57846,0.902965,20,-34.6049
paper; order not sent; CV call on our own streamed footage mapped to a live tennis market for timing (different sport); feed baseline 1 s is simulated (licensed feed not purchased); assumed data: licensed feed/video not purchased; parameters measured; pro-rata allocation (lower bracket); depth cap + extrapolation fix,prereg,0.5,10,50,5000,1,burned_OOS,prorata,fixed,-0.392075,-2.03877,1.09639,0.0771499,8256,941.9,220.5,580.855,-506.689,0.47558,27.2901,0.0409608,1.85414,0.238849,-386.025,-115.148,40,2461.72,7385.17,1790.65,0.894535,2.35665,0.850378,0.00255927,5.05,2,768.336,2115.73,1.52056,4.19438,0.0167192,1586.57,48138.4,24069.2,0.829087,0.0716505,0,0.0992623,2.12769,1.24725,1.2464,1.2215,-2.76731,561.263,9.16379,0.809334,14.9637,-18.4485,31.5802,4.88401,-7.47837,8.73457,5321.97,2137.4,17897.4,1.13531,-2.57846,0.902965,20,-34.6049
paper; order not sent; CV call on our own streamed footage mapped to a live tennis market for timing (different sport); feed baseline 1 s is simulated (licensed feed not purchased); assumed data: licensed feed/video not purchased; parameters measured; pro-rata allocation (lower bracket); depth cap + extrapolation fix,prereg,0.5,10,50,25000,1,burned_OOS,prorata,fixed,-0.392075,-2.03877,1.09639,0.0771499,8256,941.9,220.5,580.855,-506.689,0.47558,27.2901,0.00461555,1.85414,0.238849,-386.025,-115.148,40,2461.72,7385.17,1790.65,0.894535,2.35665,0.850378,0.00255927,5.05,2,768.336,2115.73,1.52056,4.19438,0.0167192,1586.57,48138.4,24069.2,0.829087,0.0716505,0,0.0992623,2.12769,1.24725,1.2464,1.2215,-2.76731,561.263,9.16379,0.809334,14.9637,-18.4485,31.5802,4.88401,-7.47837,8.73457,5321.97,2137.4,17897.4,1.13531,-2.57846,0.902965,20,-34.6049
paper; order not sent; CV call on our own streamed footage mapped to a live tennis market for timing (different sport); feed baseline 1 s is simulated (licensed feed not purchased); assumed data: licensed feed/video not purchased; parameters measured; pro-rata allocation (lower bracket); depth cap + extrapolation fix,prereg,0.5,10,100,250,1,burned_OOS,prorata,fixed,-0.557436,-2.27225,1.01251,0.081468,8256,984.95,220.5,856.951,-939.152,0.468023,46.1492,0.467771,-2.05504,-0.587114,-780.464,-230.508,40,4502.05,13506.2,3244.67,0.886748,2.35083,0.855521,0.0028113,5.05,2,1400.38,3827.74,1.51219,4.18029,0.0165398,2889.98,48138.4,24069.2,0.743076,0.109687,0,0.147237,1.92733,1.2881,1.28725,0.93039,-2.69831,1011.45,-5.55368,1.48013,23.3637,-38.7316,40.3772,4.11115,-7.70347,6.14792,9618.81,4049.95,32488.3,1.12727,-2.85349,0.663976,20,-47.9587
paper; order not sent; CV call on our own streamed footage mapped to a live tennis market for timing (different sport); feed baseline 1 s is simulated (licensed feed not purchased); assumed data: licensed feed/video not purchased; parameters measured; pro-rata allocation (lower bracket); depth cap + extrapolation fix,prereg,0.5,10,100,1000,1,burned_OOS,prorata,fixed,-0.557436,-2.27225,1.01251,0.081468,8256,984.95,220.5,856.951,-939.152,0.468023,46.1492,0.202595,-2.05504,-0.587114,-780.464,-230.508,40,4502.05,13506.2,3244.67,0.886748,2.35083,0.855521,0.0028113,5.05,2,1400.38,3827.74,1.51219,4.18029,0.0165398,2889.98,48138.4,24069.2,0.743076,0.109687,0,0.147237,1.92733,1.2881,1.28725,0.93039,-2.69831,1011.45,-5.55368,1.48013,23.3637,-38.7316,40.3772,4.11115,-7.70347,6.14792,9618.81,4049.95,32488.3,1.12727,-2.85349,0.663976,20,-47.9587
paper; order not sent; CV call on our own streamed footage mapped to a live tennis market for timing (different sport); feed baseline 1 s is simulated (licensed feed not purchased); assumed data: licensed feed/video not purchased; parameters measured; pro-rata allocation (lower bracket); depth cap + extrapolation fix,prereg,0.5,10,100,5000,1,burned_OOS,prorata,fixed,-0.557436,-2.27225,1.01251,0.081468,8256,984.95,220.5,856.951,-939.152,0.468023,46.1492,0.0406039,-2.05504,-0.587114,-780.464,-230.508,40,4502.05,13506.2,3244.67,0.886748,2.35083,0.855521,0.0028113,5.05,2,1400.38,3827.74,1.51219,4.18029,0.0165398,2889.98,48138.4,24069.2,0.743076,0.109687,0,0.147237,1.92733,1.2881,1.28725,0.93039,-2.69831,1011.45,-5.55368,1.48013,23.3637,-38.7316,40.3772,4.11115,-7.70347,6.14792,9618.81,4049.95,32488.3,1.12727,-2.85349,0.663976,20,-47.9587
paper; order not sent; CV call on our own streamed footage mapped to a live tennis market for timing (different sport); feed baseline 1 s is simulated (licensed feed not purchased); assumed data: licensed feed/video not purchased; parameters measured; pro-rata allocation (lower bracket); depth cap + extrapolation fix,prereg,0.5,10,100,25000,1,burned_OOS,prorata,fixed,-0.557436,-2.27225,1.01251,0.081468,8256,984.95,220.5,856.951,-939.152,0.468023,46.1492,0.00455978,-2.05504,-0.587114,-780.464,-230.508,40,4502.05,13506.2,3244.67,0.886748,2.35083,0.855521,0.0028113,5.05,2,1400.38,3827.74,1.51219,4.18029,0.0165398,2889.98,48138.4,24069.2,0.743076,0.109687,0,0.147237,1.92733,1.2881,1.28725,0.93039,-2.69831,1011.45,-5.55368,1.48013,23.3637,-38.7316,40.3772,4.11115,-7.70347,6.14792,9618.81,4049.95,32488.3,1.12727,-2.85349,0.663976,20,-47.9587
paper; order not sent; CV call on our own streamed footage mapped to a live tennis market for timing (different sport); feed baseline 1 s is simulated (licensed feed not purchased); assumed data: licensed feed/video not purchased; parameters measured; pro-rata allocation (lower bracket); depth cap + extrapolation fix,prereg,0.5,10,200,250,1,burned_OOS,prorata,fixed,-0.651951,-2.52811,1.09081,0.0898135,8256,1068.3,220.5,1131.18,-1626.87,0.457583,69.7237,0.46667,-12.3921,-1.26191,-1583.38,-441.713,40,7552.29,22656.9,5481.55,0.87608,2.34219,0.867186,0.00268634,5.05,2,2392.93,6467.81,1.50247,4.16887,0.0169964,4970.49,48138.4,24069.2,0.588609,0.160537,0.0525459,0.198307,1.75854,1.33761,1.33681,0.757404,-2.5697,1693.76,-19.9636,2.48294,33.5554,-80.2463,34.0947,3.17696,-7.47606,2.87459,16240.7,7218.73,54696.9,1.10848,-3.14337,0.554317,20,-58.178
paper; order not sent; CV call on our own streamed footage mapped to a live tennis market for timing (different sport); feed baseline 1 s is simulated (licensed feed not purchased); assumed data: licensed feed/video not purchased; parameters measured; pro-rata allocation (lower bracket); depth cap + extrapolation fix,prereg,0.5,10,200,1000,1,burned_OOS,prorata,fixed,-0.658179,-2.52912,1.06328,0.0874697,8256,1045.4,220.5,1130.36,-1635.65,0.460726,71.0606,0.201996,-12.6323,-1.26986,-1597.29,-451.081,40,7784.4,23353.2,5658.73,0.883626,2.34793,0.859663,0.00272484,5.05,2,2449.59,6676.43,1.50824,4.17156,0.0168325,5060.26,48138.4,24069.2,0.639842,0.162044,0,0.198114,1.74374,1.34933,1.34854,0.713219,-2.55433,1740.63,-19.7438,2.55925,33.8558,-80.3428,33.8471,3.18594,-7.51618,2.9557,16830.9,7723.37,56813,1.11426,-3.11447,0.602943,20,-57.5709
paper; order not sent; CV call on our own streamed footage mapped to a live tennis market for timing (different sport); feed baseline 1 s is simulated (licensed feed not purchased); assumed data: licensed feed/video not purchased; parameters measured; pro-rata allocation (lower bracket); depth cap + extrapolation fix,prereg,0.5,10,200,5000,1,burned_OOS,prorata,fixed,-0.658179,-2.52912,1.06328,0.0874697,8256,1045.4,220.5,1130.36,-1635.65,0.460726,71.0606,0.0406401,-12.6323,-1.26986,-1597.29,-451.081,40,7784.4,23353.2,5658.73,0.883626,2.34793,0.859663,0.00272484,5.05,2,2449.59,6676.43,1.50824,4.17156,0.0168325,5060.26,48138.4,24069.2,0.639842,0.162044,0,0.198114,1.74374,1.34933,1.34854,0.713219,-2.55433,1740.63,-19.7438,2.55925,33.8558,-80.3428,33.8471,3.18594,-7.51618,2.9557,16830.9,7723.37,56813,1.11426,-3.11447,0.602943,20,-57.5709
paper; order not sent; CV call on our own streamed footage mapped to a live tennis market for timing (different sport); feed baseline 1 s is simulated (licensed feed not purchased); assumed data: licensed feed/video not purchased; parameters measured; pro-rata allocation (lower bracket); depth cap + extrapolation fix,prereg,0.5,10,200,25000,1,burned_OOS,prorata,fixed,-0.658179,-2.52912,1.06328,0.0874697,8256,1045.4,220.5,1130.36,-1635.65,0.460726,71.0606,0.00453358,-12.6323,-1.26986,-1597.29,-451.081,40,7784.4,23353.2,5658.73,0.883626,2.34793,0.859663,0.00272484,5.05,2,2449.59,6676.43,1.50824,4.17156,0.0168325,5060.26,48138.4,24069.2,0.639842,0.162044,0,0.198114,1.74374,1.34933,1.34854,0.713219,-2.55433,1740.63,-19.7438,2.55925,33.8558,-80.3428,33.8471,3.18594,-7.51618,2.9557,16830.9,7723.37,56813,1.11426,-3.11447,0.602943,20,-57.5709
paper; order not sent; CV call on our own streamed footage mapped to a live tennis market for timing (different sport); feed baseline 1 s is simulated (licensed feed not purchased); assumed data: licensed feed/video not purchased; parameters measured; pro-rata allocation (lower bracket); depth cap + extrapolation fix,prereg,0.5,10,500,250,1,burned_OOS,prorata,fixed,-0.639693,-2.9084,1.53592,0.104524,8256,1226.25,220.5,1218.58,-2396.95,0.448555,103.556,0.465297,-29.4592,-1.32748,-3439.99,-856.717,40,11028,33084.1,8360.51,0.860016,2.31294,0.89581,0.00268921,5.05,2,3729.85,9729.42,1.48646,4.11868,0.0164854,8052.87,48138.4,24069.2,0.331717,0.217596,0.182875,0.267812,1.6795,1.30744,1.30648,0.491573,-2.07598,2519.57,-32.5008,3.62566,60.2471,-162.721,54.191,2.65692,-6.91741,2.41204,22696.4,11469.3,78870.8,1.26376,-3.70897,0.69329,20,-64.1611
paper; order not sent; CV call on our own streamed footage mapped to a live tennis market for timing (different sport); feed baseline 1 s is simulated (licensed feed not purchased); assumed data: licensed feed/video not purchased; parameters measured; pro-rata allocation (lower bracket); depth cap + extrapolation fix,prereg,0.5,10,500,1000,1,burned_OOS,prorata,fixed,-0.775261,-2.87921,1.29113,0.096015,8256,1133,220.5,1130.53,-3084.25,0.453111,107.739,0.202394,-48.843,-1.92197,-4056.28,-1099.6,40,14689.2,44067.6,11184.8,0.872577,2.32974,0.870756,0.00264849,5.05,2,4724.83,13059.1,1.49953,4.1608,0.0169616,9805.22,48138.4,24069.2,0.484551,0.237085,0,0.278364,1.54924,1.43055,1.42971,0.057434,-2.28756,3250.92,-40.4553,4.82933,69.8476,-194.071,65.44,2.86751,-7.02756,3.22278,32434.1,14984.8,110273,1.23021,-3.58589,0.966603,20,-69.526
paper; order not sent; CV call on our own streamed footage mapped to a live tennis market for timing (different sport); feed baseline 1 s is simulated (licensed feed not purchased); assumed data: licensed feed/video not purchased; parameters measured; pro-rata allocation (lower bracket); depth cap + extrapolation fix,prereg,0.5,10,500,5000,1,burned_OOS,prorata,fixed,-0.775261,-2.87921,1.29113,0.096015,8256,1133,220.5,1130.53,-3084.25,0.453111,107.739,0.040422,-48.843,-1.92197,-4056.28,-1099.6,40,14689.2,44067.6,11184.8,0.872577,2.32974,0.870756,0.00264849,5.05,2,4724.83,13059.1,1.49953,4.1608,0.0169616,9805.22,48138.4,24069.2,0.484551,0.237085,0,0.278364,1.54924,1.43055,1.42971,0.057434,-2.28756,3250.92,-40.4553,4.82933,69.8476,-194.071,65.44,2.86751,-7.02756,3.22278,32434.1,14984.8,110273,1.23021,-3.58589,0.966603,20,-69.526
paper; order not sent; CV call on our own streamed footage mapped to a live tennis market for timing (different sport); feed baseline 1 s is simulated (licensed feed not purchased); assumed data: licensed feed/video not purchased; parameters measured; pro-rata allocation (lower bracket); depth cap + extrapolation fix,prereg,0.5,10,500,25000,1,burned_OOS,prorata,fixed,-0.775261,-2.87921,1.29113,0.096015,8256,1133,220.5,1130.53,-3084.25,0.453111,107.739,0.00455884,-48.843,-1.92197,-4056.28,-1099.6,40,14689.2,44067.6,11184.8,0.872577,2.32974,0.870756,0.00264849,5.05,2,4724.83,13059.1,1.49953,4.1608,0.0169616,9805.22,48138.4,24069.2,0.484551,0.237085,0,0.278364,1.54924,1.43055,1.42971,0.057434,-2.28756,3250.92,-40.4553,4.82933,69.8476,-194.071,65.44,2.86751,-7.02756,3.22278,32434.1,14984.8,110273,1.23021,-3.58589,0.966603,20,-69.526
paper; order not sent; CV call on our own streamed footage mapped to a live tennis market for timing (different sport); feed baseline 1 s is simulated (licensed feed not purchased); assumed data: licensed feed/video not purchased; parameters measured; pro-rata allocation (lower bracket); depth cap + extrapolation fix,prereg,0.5,10,1000,250,1,burned_OOS,prorata,fixed,-0.596611,-3.27454,2.03973,0.112621,8256,1319.7,220.5,1051.93,-2662.56,0.448063,132.94,0.465727,-40.2656,-1.1459,-5288.38,-1349.48,40,12818.4,38455.2,9818.88,0.855108,2.31813,0.891359,0.00269772,5.05,2,4464.19,11407,1.48409,4.12368,0.0165628,10164.3,48138.4,24069.2,0.19315,0.253108,0.252097,0.301645,1.65896,1.28673,1.28527,0.44064,-1.69416,2959.45,-38.2184,4.21427,95.302,-255.31,91.2403,2.85227,-7.78856,3.05946,27157.4,12620,93087.5,1.65543,-4.75365,1.5909,20,-74.2766
paper; order not sent; CV call on our own streamed footage mapped to a live tennis market for timing (different sport); feed baseline 1 s is simulated (licensed feed not purchased); assumed data: licensed feed/video not purchased; parameters measured; pro-rata allocation (lower bracket); depth cap + extrapolation fix,prereg,0.5,10,1000,1000,1,burned_OOS,prorata,fixed,-0.872862,-3.30292,1.50714,0.103888,8256,1213.8,220.5,1204.18,-5144.93,0.445901,133.226,0.201942,-98.5188,-2.03948,-7428.36,-1914.52,40,21574.1,64722.4,16925.8,0.862388,2.32004,0.881834,0.00256371,5.05,2,7082.71,19485.9,1.48744,4.13645,0.0170058,14961.4,48138.4,24069.2,0.346821,0.287307,0.0291936,0.336679,1.47307,1.45444,1.45344,-0.114716,-2.31109,4704.26,-55.5594,7.09287,129.991,-335.813,118.808,2.91135,-6.47162,3.28756,47754,20273.2,165245,1.38618,-3.86767,1.10841,20,-84.6538
paper; order not sent; CV call on our own streamed footage mapped to a live tennis market for timing (different sport); feed baseline 1 s is simulated (licensed feed not purchased); assumed data: licensed feed/video not purchased; parameters measured; pro-rata allocation (lower bracket); depth cap + extrapolation fix,prereg,0.5,10,1000,5000,1,burned_OOS,prorata,fixed,-0.88603,-3.32811,1.48587,0.102005,8256,1196.45,220.5,1034.38,-5149.22,0.448734,133.17,0.0410273,-102.871,-2.06779,-7621.37,-1998.76,40,22426.2,67278.7,17681.5,0.86629,2.32332,0.875429,0.00256442,5.05,2,7296.03,20251.3,1.4916,4.13879,0.0170312,15303.5,48138.4,24069.2,0.379697,0.288529,0,0.331775,1.45599,1.47471,1.47371,-0.194219,-2.27396,4869.29,-55.8095,7.37301,136.054,-357.968,119.623,2.96819,-6.72236,3.33718,49838.6,21534.8,172650,1.39828,-3.87005,1.08266,20,-81.1952
paper; order not sent; CV call on our own streamed footage mapped to a live tennis market for timing (different sport); feed baseline 1 s is simulated (licensed feed not purchased); assumed data: licensed feed/video not purchased; parameters measured; pro-rata allocation (lower bracket); depth cap + extrapolation fix,prereg,0.5,10,1000,25000,1,burned_OOS,prorata,fixed,-0.88603,-3.32811,1.48587,0.102005,8256,1196.45,220.5,1034.38,-5149.22,0.448734,133.17,0.00459631,-102.871,-2.06779,-7621.37,-1998.76,40,22426.2,67278.7,17681.5,0.86629,2.32332,0.875429,0.00256442,5.05,2,7296.03,20251.3,1.4916,4.13879,0.0170312,15303.5,48138.4,24069.2,0.379697,0.288529,0,0.331775,1.45599,1.47471,1.47371,-0.194219,-2.27396,4869.29,-55.8095,7.37301,136.054,-357.968,119.623,2.96819,-6.72236,3.33718,49838.6,21534.8,172650,1.39828,-3.87005,1.08266,20,-81.1952
paper; order not sent; CV call on our own streamed footage mapped to a live tennis market for timing (different sport); feed baseline 1 s is simulated (licensed feed not purchased); assumed data: licensed feed/video not purchased; parameters measured; pro-rata allocation (lower bracket); depth cap + extrapolation fix,prereg,0.5,10,2000,250,1,burned_OOS,prorata,fixed,-0.298172,-3.4211,2.85718,0.118459,8256,1380.2,220.5,1809.33,-2564.79,0.444971,157.3,0.466239,-18.8863,-0.573536,-6534.45,-1924.76,40,14384.6,43153.7,10941.5,0.850307,2.31234,0.876653,0.00262601,5.05,2,4946.44,12701.7,1.4792,4.11876,0.0163481,11962.3,48138.4,24069.2,0.094623,0.279948,0.302741,0.322688,1.64642,1.27745,1.2749,0.666305,-1.34997,3279.82,-15.9743,4.72917,137.572,-366.298,151.741,3.33049,-9.51272,3.48055,31387.3,13923.5,106174,2.0633,-5.71394,2.49509,20,-44.6209
paper; order not sent; CV call on our own streamed footage mapped to a live tennis market for timing (different sport); feed baseline 1 s is simulated (licensed feed not purchased); assumed data: licensed feed/video not purchased; parameters measured; pro-rata allocation (lower bracket); depth cap + extrapolation fix,prereg,0.5,10,2000,1000,1,burned_OOS,prorata,fixed,-0.70358,-3.63208,2.20581,0.111676,8256,1301.5,220.5,1500.59,-6679.34,0.444775,150.267,0.203173,-129.469,-1.49156,-11840.9,-3142.11,40,26930.5,80791.5,21263.4,0.852789,2.31279,0.895362,0.00254993,5.05,2,9282.93,24359.9,1.48081,4.11434,0.0167275,20393,48138.4,24069.2,0.208574,0.334691,0.0659288,0.390806,1.47392,1.43071,1.42952,0.261118,-2.01574,5926.56,-58.4915,8.85386,229.51,-523.92,275.999,2.9937,-6.28092,4.1729,61277.5,25273.4,215537,1.64948,-4.3258,1.96701,20,-83.3067
paper; order not sent; CV call on our own streamed footage mapped to a live tennis market for timing (different sport); feed baseline 1 s is simulated (licensed feed not purchased); assumed data: licensed feed/video not purchased; parameters measured; pro-rata allocation (lower bracket); depth cap + extrapolation fix,prereg,0.5,10,2000,5000,1,burned_OOS,prorata,fixed,-0.672811,-3.4921,2.16734,0.10794,8256,1260.4,220.5,1570.46,-7179.79,0.446895,149.808,0.0411589,-140.233,-1.41632,-12558.6,-3527.32,40,31892.5,95677.6,25504.9,0.860282,2.32164,0.881954,0.00254709,5.05,2,10628.3,29056.4,1.4867,4.12944,0.016884,22676.1,48138.4,24069.2,0.281324,0.338009,0,0.380666,1.42995,1.51276,1.5117,0.115747,-1.97634,6856.51,-53.4974,10.4852,247.243,-540.595,284.374,3.03933,-5.6388,4.42733,71584.1,29942.6,250863,1.55032,-3.77353,1.80992,20,-65.5843
paper; order not sent; CV call on our own streamed footage mapped to a live tennis market for timing (different sport); feed baseline 1 s is simulated (licensed feed not purchased); assumed data: licensed feed/video not purchased; parameters measured; pro-rata allocation (lower bracket); depth cap + extrapolation fix,prereg,0.5,10,2000,25000,1,burned_OOS,prorata,fixed,-0.672811,-3.4921,2.16734,0.10794,8256,1260.4,220.5,1570.46,-7179.79,0.446895,149.808,0.00484893,-140.233,-1.41632,-12558.6,-3527.32,40,31892.5,95677.6,25504.9,0.860282,2.32164,0.881954,0.00254709,5.05,2,10628.3,29056.4,1.4867,4.12944,0.016884,22676.1,48138.4,24069.2,0.281324,0.338009,0,0.380666,1.42995,1.51276,1.5117,0.115747,-1.97634,6856.51,-53.4974,10.4852,247.243,-540.595,284.374,3.03933,-5.6388,4.42733,71584.1,29942.6,250863,1.55032,-3.77353,1.80992,20,-65.5843
paper; order not sent; CV call on our own streamed footage mapped to a live tennis market for timing (different sport); feed baseline 1 s is simulated (licensed feed not purchased); assumed data: licensed feed/video not purchased; parameters measured; pro-rata allocation (lower bracket); depth cap + extrapolation fix,prereg,0.5,10,5000,250,1,burned_OOS,prorata,fixed,0.0291889,-3.55607,3.76245,0.124346,8256,1434.3,220.5,3293.19,-2491.81,0.440337,175.649,0.465323,20.0346,-0.13882,-8439.68,-2771.99,40,15867.1,47601.4,11997.1,0.841101,2.29466,0.855813,0.00252682,5.05,2,5332.11,13985.2,1.47228,4.10793,0.0165876,13656.1,48138.4,24069.2,0.014341,0.30586,0.341822,0.337976,1.63447,1.26231,1.25661,0.969562,-1.17207,3586.57,15.3622,5.21659,168.425,-415.669,210.528,3.36217,-9.50598,3.04497,36356.4,14157.7,119705,2.17384,-5.79159,2.66984,20,-9.35183
paper; order not sent; CV call on our own streamed footage mapped to a live tennis market for timing (different sport); feed baseline 1 s is simulated (licensed feed not purchased); assumed data: licensed feed/video not purchased; parameters measured; pro-rata allocation (lower bracket); depth cap + extrapolation fix,prereg,0.5,10,5000,1000,1,burned_OOS,prorata,fixed,-0.225344,-3.92668,3.5022,0.119277,8256,1385.7,220.5,2426.33,-5444.65,0.443653,173.205,0.205165,-75.4581,-0.465238,-17049.5,-5348.54,40,31984.9,95954.6,24892.6,0.848977,2.3085,0.883508,0.00260165,5.05,2,11269.9,28612.9,1.47712,4.12923,0.0167873,26648.8,48138.4,24069.2,0.0829506,0.383473,0.103451,0.430125,1.46231,1.42772,1.42521,0.696459,-1.22445,7090.15,-28.7034,10.5156,346.405,-794.479,436.05,2.82134,-7.00294,3.78264,74371.3,29486,264715,2.04926,-5.34335,2.62315,20,-32.0472
paper; order not sent; CV call on our own streamed footage mapped to a live tennis market for timing (different sport); feed baseline 1 s is simulated (licensed feed not purchased); assumed data: licensed feed/video not purchased; parameters measured; pro-rata allocation (lower bracket); depth cap + extrapolation fix,prereg,0.5,10,5000,5000,1,burned_OOS,prorata,fixed,-0.262423,-3.99348,3.51943,0.114935,8256,1333.3,220.5,2845.01,-9074.57,0.441855,167.91,0.0417416,-155.739,-0.50025,-22904.9,-7528.86,40,45086.2,135259,35307.3,0.853587,2.30894,0.885654,0.00252042,5.05,2,15972,40834.4,1.48282,4.13381,0.0167601,35159.9,48138.4,24069.2,0.154541,0.399267,0.00375706,0.442434,1.50748,1.57559,1.57389,0.59516,-1.50613,9867.27,-42.0267,14.8229,536.965,-1098.43,807.974,3.29947,-5.01584,6.62963,104735,43229.5,381893,1.77642,-3.26347,3.35451,20,-26.5015
paper; order not sent; CV call on our own streamed footage mapped to a live tennis market for timing (different sport); feed baseline 1 s is simulated (licensed feed not purchased); assumed data: licensed feed/video not purchased; parameters measured; pro-rata allocation (lower bracket); depth cap + extrapolation fix,prereg,0.5,10,5000,25000,1,burned_OOS,prorata,fixed,-0.257679,-3.97337,3.52563,0.114614,8256,1330.4,220.5,2793.95,-9088.77,0.442196,167.737,0.00500292,-157.37,-0.505314,-22916,-7593.31,40,45949.7,137849,35743.3,0.854125,2.30828,0.884216,0.00252544,5.05,2,16115.1,41436,1.48316,4.135,0.0167748,35364.3,48138.4,24069.2,0.160409,0.399293,0,0.440298,1.51308,1.5881,1.5864,0.623837,-1.49795,9975.22,-41.6689,15.1068,540.812,-1151.64,798.996,3.30797,-5.30476,6.60317,106837,43229.5,386947,1.74883,-3.1095,3.29581,20,-24.9395
