month,n,pnl_usd,shares,usd,per_share_c,policy,measure,fee_mode
2026-01,4447,5335.305184229022,465339.53665254015,234042.24767503317,1.1465402709189503,A0_base_usd1k_match3k,res,actual
2026-02,8646,33711.226338246146,1326009.6453542563,662944.0264762192,2.542306268763216,A0_base_usd1k_match3k,res,actual
2026-03,3294,-1992.4268128873598,641794.9238880163,317244.0438554439,-0.3104460223551112,A0_base_usd1k_match3k,res,actual
2026-04,14116,24996.03660709557,2090930.5343761144,984382.3112859236,1.1954503603130848,A0_base_usd1k_match3k,res,actual
2026-05,34846,68688.65318138535,2428047.5844745464,1104456.246540475,2.828966516990657,A0_base_usd1k_match3k,res,actual
2026-06,22631,59513.82744477775,2469311.4168227115,1178844.6384275078,2.4101385932664097,A0_base_usd1k_match3k,res,actual
2026-07,26699,80975.49947050323,3297346.5949088912,1515243.2471171375,2.45577761208147,A0_base_usd1k_match3k,res,actual
2026-08,17273,54914.57947195851,2829478.734632835,1303003.6252764398,1.9408019858853776,A0_base_usd1k_match3k,res,actual
2026-01,4447,1098.9785358134304,465339.53665254015,234042.24767503317,0.23616702413017102,A0_base_usd1k_match3k,res,5pct
2026-02,8646,20775.004776169397,1326009.6453542563,662944.0264762192,1.5667310452043621,A0_base_usd1k_match3k,res,5pct
2026-03,3294,-7024.848534530947,641794.9238880163,317244.0438554439,-1.094562807068365,A0_base_usd1k_match3k,res,5pct
2026-04,14116,16864.98950016961,2090930.5343761144,984382.3112859236,0.8065781824359716,A0_base_usd1k_match3k,res,5pct
2026-05,34846,59483.80289735185,2428047.5844745464,1104456.246540475,2.4498614968546732,A0_base_usd1k_match3k,res,5pct
2026-06,22631,50271.09059377264,2469311.4168227115,1178844.6384275078,2.0358343727441626,A0_base_usd1k_match3k,res,5pct
2026-07,26699,78283.61756074522,3297346.5949088912,1515243.2471171375,2.3741397911161437,A0_base_usd1k_match3k,res,5pct
2026-08,17273,54914.57947195851,2829478.734632835,1303003.6252764398,1.9408019858853776,A0_base_usd1k_match3k,res,5pct
2026-01,4447,6954.5587068410405,465339.53665254015,234042.24767503317,1.4945127501671693,A0_base_usd1k_match3k,m30,actual
2026-02,8646,15671.858954216947,1326009.6453542563,662944.0264762192,1.1818812185208547,A0_base_usd1k_match3k,m30,actual
2026-03,3294,9133.488254331249,641794.9238880163,317244.0438554439,1.4231163124507522,A0_base_usd1k_match3k,m30,actual
2026-04,14116,25371.089813467373,2090930.5343761144,984382.3112859236,1.213387503618695,A0_base_usd1k_match3k,m30,actual
2026-05,34846,43035.48642268097,2428047.5844745464,1104456.246540475,1.7724317553683482,A0_base_usd1k_match3k,m30,actual
2026-06,22631,25334.820906723828,2469311.4168227115,1178844.6384275078,1.0259872745950531,A0_base_usd1k_match3k,m30,actual
2026-07,26699,17225.68232387452,3297346.5949088912,1515243.2471171375,0.5224104238987495,A0_base_usd1k_match3k,m30,actual
2026-08,17273,19487.36111574697,2829478.734632835,1303003.6252764398,0.6887261910549659,A0_base_usd1k_match3k,m30,actual
2026-01,4447,2721.710278757497,465339.53665254015,234042.24767503317,0.5848869619668152,A0_base_usd1k_match3k,m30,5pct
2026-02,8646,2746.0084238233317,1326009.6453542563,662944.0264762192,0.20708811835902663,A0_base_usd1k_match3k,m30,5pct
2026-03,3294,4111.23532838556,641794.9238880163,317244.0438554439,0.6405839584207914,A0_base_usd1k_match3k,m30,5pct
2026-04,14116,17243.11186709443,2090930.5343761144,984382.3112859236,0.8246621101757156,A0_base_usd1k_match3k,m30,5pct
2026-05,34846,33830.63613864747,2428047.5844745464,1104456.246540475,1.3933267352323637,A0_base_usd1k_match3k,m30,5pct
2026-06,22631,16093.96213751541,2469311.4168227115,1178844.6384275078,0.6517591109761148,A0_base_usd1k_match3k,m30,5pct
2026-07,26699,14539.908975441338,3297346.5949088912,1515243.2471171375,0.44095785981039975,A0_base_usd1k_match3k,m30,5pct
2026-08,17273,19487.36111574697,2829478.734632835,1303003.6252764398,0.6887261910549659,A0_base_usd1k_match3k,m30,5pct
2026-01,4464,2621.346302104619,234782.69785357398,118213.74881757985,1.1164989269096244,A1_usd_half,res,actual
2026-02,8808,17687.512220521818,688218.8186347947,345229.14648948685,2.5700419316647234,A1_usd_half,res,actual
2026-03,3377,-4556.609299566391,345000.92920717894,167901.33388769213,-1.3207527614599754,A1_usd_half,res,actual
2026-04,14524,14173.232254222972,1101443.603250062,519564.72334961884,1.2867869233069762,A1_usd_half,res,actual
2026-05,35752,32253.79373429225,1296321.8909008906,592157.1966496498,2.4881006762816593,A1_usd_half,res,actual
2026-06,23617,36218.02623143462,1423143.2895760043,649279.9601681201,2.5449318067069,A1_usd_half,res,actual
2026-07,28522,52154.887445301414,1917904.9493871136,886105.2406132936,2.719367686181114,A1_usd_half,res,actual
2026-08,18552,18132.87131562933,1653517.3734909405,764771.3713810192,1.0966241786348354,A1_usd_half,res,actual
2026-01,4464,487.28283504287276,234782.69785357398,118213.74881757985,0.2075463138884172,A1_usd_half,res,5pct
2026-02,8808,10967.618714212638,688218.8186347947,345229.14648948685,1.5936237744804589,A1_usd_half,res,5pct
2026-03,3377,-7249.333424398394,345000.92920717894,167901.33388769213,-2.1012504056315295,A1_usd_half,res,5pct
2026-04,14524,9896.11193609323,1101443.603250062,519564.72334961884,0.8984674210184236,A1_usd_half,res,5pct
2026-05,35752,27314.229009720835,1296321.8909008906,592157.1966496498,2.107056063886923,A1_usd_half,res,5pct
2026-06,23617,31115.91835075865,1423143.2895760043,649279.9601681201,2.1864220264165377,A1_usd_half,res,5pct
2026-07,28522,50622.96873086242,1917904.9493871136,886105.2406132936,2.639493096205811,A1_usd_half,res,5pct
2026-08,18552,18132.87131562933,1653517.3734909405,764771.3713810192,1.0966241786348354,A1_usd_half,res,5pct
2026-01,4464,3409.974251448926,234782.69785357398,118213.74881757985,1.4523958888893984,A1_usd_half,m30,actual
2026-02,8808,8311.096909876342,688218.8186347947,345229.14648948685,1.2076241864997082,A1_usd_half,m30,actual
2026-03,3377,4986.071806347479,345000.92920717894,167901.33388769213,1.4452343122105789,A1_usd_half,m30,actual
2026-04,14524,13240.194422437873,1101443.603250062,519564.72334961884,1.2020764733999671,A1_usd_half,m30,actual
2026-05,35752,22958.324415245326,1296321.8909008906,592157.1966496498,1.7710357725495347,A1_usd_half,m30,actual
2026-06,23617,14063.90376798864,1423143.2895760043,649279.9601681201,0.9882282319005761,A1_usd_half,m30,actual
2026-07,28522,10999.796579284344,1917904.9493871136,886105.2406132936,0.5735318938928357,A1_usd_half,m30,actual
2026-08,18552,12503.11325350273,1653517.3734909405,764771.3713810192,0.7561525178961921,A1_usd_half,m30,actual
2026-01,4464,1277.725334553205,234782.69785357398,118213.74881757985,0.544216139534302,A1_usd_half,m30,5pct
2026-02,8808,1598.5467402484758,688218.8186347947,345229.14648948685,0.23227303540165897,A1_usd_half,m30,5pct
2026-03,3377,2299.5996735904323,345000.92920717894,167901.33388769213,0.6665488347741474,A1_usd_half,m30,5pct
2026-04,14524,8964.642745313535,1101443.603250062,519564.72334961884,0.8138993879360958,A1_usd_half,m30,5pct
2026-05,35752,18018.759690673913,1296321.8909008906,592157.1966496498,1.3899911601547987,A1_usd_half,m30,5pct
2026-06,23617,8963.004197170003,1423143.2895760043,649279.9601681201,0.6298033559108684,A1_usd_half,m30,5pct
2026-07,28522,9471.463256425846,1917904.9493871136,886105.2406132936,0.49384424704949803,A1_usd_half,m30,5pct
2026-08,18552,12503.11325350273,1653517.3734909405,764771.3713810192,0.7561525178961921,A1_usd_half,m30,5pct
2026-01,4464,1384.7497189998537,236966.05040275658,128113.37957986098,0.5843662907181345,A2_share_mirror,res,actual
2026-02,8808,14561.71959828009,594416.268575433,315795.9420927109,2.449751187526956,A2_share_mirror,res,actual
2026-03,3380,2150.2970133235926,261176.1117153921,146948.1012625442,0.8233130507995335,A2_share_mirror,res,actual
2026-04,14532,17029.70465228609,974704.0400938104,488838.0228436496,1.7471667246446487,A2_share_mirror,res,actual
2026-05,35878,25127.683587288007,1340735.7350154538,672768.836436632,1.8741712427765174,A2_share_mirror,res,actual
2026-06,23748,18599.68259456623,1108805.7289258335,584532.5410720593,1.6774518844328896,A2_share_mirror,res,actual
2026-07,28838,26606.69371700205,1649534.7837915185,863142.4316143882,1.612981670859074,A2_share_mirror,res,actual
2026-08,18789,12476.437114154902,1402561.749624007,754160.4409049145,0.8895463688140315,A2_share_mirror,res,actual
2026-01,4464,-823.2298785466435,236966.05040275658,128113.37957986098,-0.3474041438203702,A2_share_mirror,res,5pct
2026-02,8808,8669.872201709302,594416.268575433,315795.9420927109,1.4585523075415412,A2_share_mirror,res,5pct
2026-03,3380,-50.56021030636506,261176.1117153921,146948.1012625442,-0.0193586656812861,A2_share_mirror,res,5pct
2026-04,14532,13185.78808561703,974704.0400938104,488838.0228436496,1.35279916192283,A2_share_mirror,res,5pct
2026-05,35878,19841.998885017143,1340735.7350154538,672768.836436632,1.4799336190430128,A2_share_mirror,res,5pct
2026-06,23748,14335.19191059782,1108805.7289258335,584532.5410720593,1.2928497334231108,A2_share_mirror,res,5pct
2026-07,28838,25028.700585701037,1649534.7837915185,863142.4316143882,1.5173187514222415,A2_share_mirror,res,5pct
2026-08,18789,12476.437114154902,1402561.749624007,754160.4409049145,0.8895463688140315,A2_share_mirror,res,5pct
2026-01,4464,4283.538926436589,236966.05040275658,128113.37957986098,1.8076593331222433,A2_share_mirror,m30,actual
2026-02,8808,6519.7807776662,594416.268575433,315795.9420927109,1.0968375400107044,A2_share_mirror,m30,actual
2026-03,3380,4845.759000467924,261176.1117153921,146948.1012625442,1.855360725236781,A2_share_mirror,m30,actual
2026-04,14532,14086.50144763252,974704.0400938104,488838.0228436496,1.445208070162176,A2_share_mirror,m30,actual
2026-05,35878,18242.048823161116,1340735.7350154538,672768.836436632,1.3605998815979088,A2_share_mirror,m30,actual
2026-06,23748,12028.531809503413,1108805.7289258335,584532.5410720593,1.0848186923741974,A2_share_mirror,m30,actual
2026-07,28838,10623.578281501399,1649534.7837915185,863142.4316143882,0.6440348142936823,A2_share_mirror,m30,actual
2026-08,18789,12730.224824468956,1402561.749624007,754160.4409049145,0.9076409525556806,A2_share_mirror,m30,actual
2026-01,4464,2077.973050134695,236966.05040275658,128113.37957986098,0.8769074922770128,A2_share_mirror,m30,5pct
2026-02,8808,637.1489507097136,594416.268575433,315795.9420927109,0.10718901624894842,A2_share_mirror,m30,5pct
2026-03,3380,2647.84591972244,261176.1117153921,146948.1012625442,1.0138162722201185,A2_share_mirror,m30,5pct
2026-04,14532,10243.77058795278,974704.0400938104,488838.0228436496,1.050962155339673,A2_share_mirror,m30,5pct
2026-05,35878,12956.364120890255,1340735.7350154538,672768.836436632,0.9663622578644042,A2_share_mirror,m30,5pct
2026-06,23748,7765.534281940578,1108805.7289258335,584532.5410720593,0.700351204846634,A2_share_mirror,m30,5pct
2026-07,28838,9047.154452284085,1649534.7837915185,863142.4316143882,0.5484670308975756,A2_share_mirror,m30,5pct
2026-08,18789,12730.224824468956,1402561.749624007,754160.4409049145,0.9076409525556806,A2_share_mirror,m30,5pct
2026-01,4464,750.8639085936401,216098.91008315465,117738.41307071126,0.34746307063960125,A3_risk_parity,res,actual
2026-02,8808,14013.525150786118,573861.2470157099,307648.65028121544,2.4419709857847374,A3_risk_parity,res,actual
2026-03,3380,2547.562796970887,265362.4238327121,152771.47128376295,0.9600314770175989,A3_risk_parity,res,actual
2026-04,14532,17131.533978773477,947257.3596792162,479798.22901053884,1.8085406044852461,A3_risk_parity,res,actual
2026-05,35896,27461.95355253109,1335540.0937075056,665046.0463147815,2.056243289281998,A3_risk_parity,res,actual
2026-06,23745,19049.560340029646,1117174.133864195,593728.3203067494,1.7051558716400905,A3_risk_parity,res,actual
2026-07,28860,23584.292823511212,1630856.5181320142,860717.6313372047,1.446129230946981,A3_risk_parity,res,actual
2026-08,18776,13986.476731061857,1397978.4808140846,757009.1527757175,1.0004786856888608,A3_risk_parity,res,actual
2026-01,4464,-1176.4091389142184,216098.91008315465,117738.41307071126,-0.5443845776276878,A3_risk_parity,res,5pct
2026-02,8808,8481.244479113353,573861.2470157099,307648.65028121544,1.4779259835402638,A3_risk_parity,res,5pct
2026-03,3380,451.60346057644455,265362.4238327121,152771.47128376295,0.1701836507421794,A3_risk_parity,res,5pct
2026-04,14532,13508.440419965807,947257.3596792162,479798.22901053884,1.4260581120784717,A3_risk_parity,res,5pct
2026-05,35896,22381.189350058838,1335540.0937075056,665046.0463147815,1.6758156086447304,A3_risk_parity,res,5pct
2026-06,23745,14943.34956863171,1117174.133864195,593728.3203067494,1.3376025380165344,A3_risk_parity,res,5pct
2026-07,28860,22075.862826845656,1630856.5181320142,860717.6313372047,1.3536361158326415,A3_risk_parity,res,5pct
2026-08,18776,13986.476731061857,1397978.4808140846,757009.1527757175,1.0004786856888608,A3_risk_parity,res,5pct
2026-01,4464,3942.601572430797,216098.91008315465,117738.41307071126,1.8244430621670824,A3_risk_parity,m30,actual
2026-02,8808,6257.486350521406,573861.2470157099,307648.65028121544,1.0904180031432062,A3_risk_parity,m30,actual
2026-03,3380,4754.875614073136,265362.4238327121,152771.47128376295,1.7918420948214848,A3_risk_parity,m30,actual
2026-04,14532,13677.871563365,947257.3596792162,479798.22901053884,1.4439446074081643,A3_risk_parity,m30,actual
2026-05,35896,19189.048678263403,1335540.0937075056,665046.0463147815,1.4368006448233193,A3_risk_parity,m30,actual
2026-06,23745,11793.00422668302,1117174.133864195,593728.3203067494,1.05561021054902,A3_risk_parity,m30,actual
2026-07,28860,10509.67549193818,1630856.5181320142,860717.6313372047,0.6444267398811994,A3_risk_parity,m30,actual
2026-08,18776,12475.470441354322,1397978.4808140846,757009.1527757175,0.8923935963656238,A3_risk_parity,m30,actual
2026-01,4464,2018.6505442368225,216098.91008315465,117738.41307071126,0.9341326818631559,A3_risk_parity,m30,5pct
2026-02,8808,735.5449386681136,573861.2470157099,307648.65028121544,0.12817470120054603,A3_risk_parity,m30,5pct
2026-03,3380,2664.7280410302897,265362.4238327121,152771.47128376295,1.0041843914985373,A3_risk_parity,m30,5pct
2026-04,14532,10056.699624277966,947257.3596792162,479798.22901053884,1.0616649764203063,A3_risk_parity,m30,5pct
2026-05,35896,14108.284475791155,1335540.0937075056,665046.0463147815,1.056372964186052,A3_risk_parity,m30,5pct
2026-06,23745,7689.039493356141,1117174.133864195,593728.3203067494,0.6882579232980012,A3_risk_parity,m30,5pct
2026-07,28860,9004.012886887567,1630856.5181320142,860717.6313372047,0.5521033142266114,A3_risk_parity,m30,5pct
2026-08,18776,12475.470441354322,1397978.4808140846,757009.1527757175,0.8923935963656238,A3_risk_parity,m30,5pct
2026-01,4464,267.6184092607543,209576.94077976007,113976.63586822157,0.12769458713589524,A4_kelly_mo30,res,actual
2026-02,8808,13090.937273419562,552525.4546742287,299925.2109203313,2.3692912539455824,A4_kelly_mo30,res,actual
2026-03,3376,2617.778333311248,311361.0162753616,183407.11970592855,0.8407534008676718,A4_kelly_mo30,res,actual
2026-04,14532,17781.229132462755,892656.2823878712,469433.60332882,1.9919457783792944,A4_kelly_mo30,res,actual
2026-05,35898,29337.057808618567,1295996.2721000873,650515.4233377145,2.2636683793140513,A4_kelly_mo30,res,actual
2026-06,23735,20743.823027487928,1174576.0143824145,602476.2828083123,1.7660690132851824,A4_kelly_mo30,res,actual
2026-07,28728,21968.305623581677,1779905.1582582367,889073.4844859701,1.2342402358718494,A4_kelly_mo30,res,actual
2026-08,18714,18003.705201143595,1489514.5388942254,755314.7663349113,1.2086961712041462,A4_kelly_mo30,res,actual
2026-01,4464,-1246.9399985245618,166569.59475852337,91903.24022881678,-0.7486000073016063,A4_kelly_mo30,res,5pct
2026-02,8808,7775.211636932158,536650.0560948909,293452.20179891377,1.448842043083163,A4_kelly_mo30,res,5pct
2026-03,3377,451.22919106745076,260342.642133399,159597.26819393283,0.17332127667208735,A4_kelly_mo30,res,5pct
2026-04,14532,15680.776086458574,876022.4807909478,467830.5959550783,1.7899969955452093,A4_kelly_mo30,res,5pct
2026-05,35898,24261.543045783303,1279258.9724858212,644649.7430941876,1.8965310048706503,A4_kelly_mo30,res,5pct
2026-06,23734,18849.14871812665,1199007.3339792942,611729.5748785727,1.5720628376450079,A4_kelly_mo30,res,5pct
2026-07,28827,18418.12467516548,1685529.1513344573,840938.9232835924,1.0927206248900287,A4_kelly_mo30,res,5pct
2026-08,18714,18003.705201143595,1489514.5388942254,755314.7663349113,1.2086961712041462,A4_kelly_mo30,res,5pct
2026-01,4464,3789.3901535002788,209576.94077976007,113976.63586822157,1.808114069897827,A4_kelly_mo30,m30,actual
2026-02,8808,5921.720661590921,552525.4546742287,299925.2109203313,1.0717552669283612,A4_kelly_mo30,m30,actual
2026-03,3376,5521.646630390819,311361.0162753616,183407.11970592855,1.7733904829972624,A4_kelly_mo30,m30,actual
2026-04,14532,12763.813786073151,892656.2823878712,469433.60332882,1.4298688126553847,A4_kelly_mo30,m30,actual
2026-05,35898,19098.149001075682,1295996.2721000873,650515.4233377145,1.473626846945187,A4_kelly_mo30,m30,actual
2026-06,23735,12228.535474768265,1174576.0143824145,602476.2828083123,1.0411020934390491,A4_kelly_mo30,m30,actual
2026-07,28728,11047.617775762505,1779905.1582582367,889073.4844859701,0.620685755333918,A4_kelly_mo30,m30,actual
2026-08,18714,12446.720698660285,1489514.5388942254,755314.7663349113,0.8356226390311295,A4_kelly_mo30,m30,actual
2026-01,4464,1771.7184164472833,166569.59475852337,91903.24022881678,1.0636505534012681,A4_kelly_mo30,m30,5pct
2026-02,8808,824.3288799711154,536650.0560948909,293452.20179891377,0.15360640898272016,A4_kelly_mo30,m30,5pct
2026-03,3377,2559.7999336299686,260342.642133399,159597.26819393283,0.9832426653787791,A4_kelly_mo30,m30,5pct
2026-04,14532,9404.496139900759,876022.4807909478,467830.5959550783,1.0735450683194314,A4_kelly_mo30,m30,5pct
2026-05,35898,14418.920936379256,1279258.9724858212,644649.7430941876,1.1271307254043175,A4_kelly_mo30,m30,5pct
2026-06,23734,8511.636089670492,1199007.3339792942,611729.5748785727,0.7098902440756447,A4_kelly_mo30,m30,5pct
2026-07,28827,9065.416231485817,1685529.1513344573,840938.9232835924,0.5378379973024257,A4_kelly_mo30,m30,5pct
2026-08,18714,12446.720698660285,1489514.5388942254,755314.7663349113,0.8356226390311295,A4_kelly_mo30,m30,5pct
2026-01,4464,122.78672967332452,204368.71484007844,113344.77191896147,0.06008098146010604,A5_kelly_mores,res,actual
2026-02,7501,11120.370479449073,541726.2310918098,301150.6963945937,2.052765740554371,A5_kelly_mores,res,actual
2026-03,3287,3729.25818200545,320734.2654735943,186662.97024381906,1.1627252163091617,A5_kelly_mores,res,actual
2026-04,12271,17020.582420242474,884845.6641525702,457707.3519638531,1.9235651040391704,A5_kelly_mores,res,actual
2026-05,29640,13205.618250377354,1148993.2840939267,629587.5621052306,1.1493207517562685,A5_kelly_mores,res,actual
2026-06,22656,27719.215292402594,1303835.4413534503,577484.2617008332,2.1259749822131373,A5_kelly_mores,res,actual
2026-07,27841,29933.99605347557,2068597.2685521934,914867.5499513055,1.4470673682377193,A5_kelly_mores,res,actual
2026-08,18451,14449.746227244625,1731480.5147023455,759415.6527356453,0.8345312641146669,A5_kelly_mores,res,actual
2026-01,4464,-1350.0980785857926,163975.84997764445,93938.9680201547,-0.8233517794052341,A5_kelly_mores,res,5pct
2026-02,4940,3898.5746038619745,512128.54530908796,305560.4814424909,0.7612492292358054,A5_kelly_mores,res,5pct
2026-03,2955,1567.6364155345734,283233.13180193445,165979.54864119014,0.5534791800525742,A5_kelly_mores,res,5pct
2026-04,9801,12809.160654369567,874987.1895694155,456219.29121307377,1.463925507374914,A5_kelly_mores,res,5pct
2026-05,29633,8234.986895195978,1117273.7963193539,624601.0623728054,0.7370607743889257,A5_kelly_mores,res,5pct
2026-06,22654,26456.603046027416,1346028.084386119,577957.2758095274,1.9655312807305532,A5_kelly_mores,res,5pct
2026-07,27853,25879.850475439187,2000724.6337900504,877504.0108151429,1.2935238582240067,A5_kelly_mores,res,5pct
2026-08,18451,14449.746227244625,1731480.5147023455,759415.6527356453,0.8345312641146669,A5_kelly_mores,res,5pct
2026-01,4464,3715.7458786963657,204368.71484007844,113344.77191896147,1.8181578729425354,A5_kelly_mores,m30,actual
2026-02,7501,5922.662836257322,541726.2310918098,301150.6963945937,1.0932944532371316,A5_kelly_mores,m30,actual
2026-03,3287,5401.701506362474,320734.2654735943,186662.97024381906,1.6841672648808987,A5_kelly_mores,m30,actual
2026-04,12271,12357.274639205489,884845.6641525702,457707.3519638531,1.3965457638355763,A5_kelly_mores,m30,actual
2026-05,29640,15660.878229412674,1148993.2840939267,629587.5621052306,1.363008683010931,A5_kelly_mores,m30,actual
2026-06,22656,14221.079856047547,1303835.4413534503,577484.2617008332,1.0907112512055441,A5_kelly_mores,m30,actual
2026-07,27841,11826.000321931233,2068597.2685521934,914867.5499513055,0.5716917691865765,A5_kelly_mores,m30,actual
2026-08,18451,13893.361592677595,1731480.5147023455,759415.6527356453,0.8023978020374066,A5_kelly_mores,m30,actual
2026-01,4464,1749.0348103646875,163975.84997764445,93938.9680201547,1.0666417101073977,A5_kelly_mores,m30,5pct
2026-02,4940,882.4308891662184,512128.54530908796,305560.4814424909,0.1723065228933177,A5_kelly_mores,m30,5pct
2026-03,2955,2414.6398936435653,283233.13180193445,165979.54864119014,0.852527343210726,A5_kelly_mores,m30,5pct
2026-04,9801,9130.679597098777,874987.1895694155,456219.29121307377,1.0435215173369587,A5_kelly_mores,m30,5pct
2026-05,29633,11017.582815504577,1117273.7963193539,624601.0623728054,0.9861130594667044,A5_kelly_mores,m30,5pct
2026-06,22654,9561.646082344103,1346028.084386119,577957.2758095274,0.7103600729627324,A5_kelly_mores,m30,5pct
2026-07,27853,9653.164263111192,2000724.6337900504,877504.0108151429,0.4824834012677111,A5_kelly_mores,m30,5pct
2026-08,18451,13893.361592677595,1731480.5147023455,759415.6527356453,0.8023978020374066,A5_kelly_mores,m30,5pct
2026-01,4464,1583.006190803272,265562.9394322236,143255.938448193,0.5960945432324841,A6_kelly_mo30_var30,res,actual
2026-02,8808,14191.26933279015,585742.9877126799,313708.29863803374,2.4227809176524513,A6_kelly_mo30_var30,res,actual
2026-03,3372,2372.0235272836994,305657.002669428,178467.5657889477,0.7760409565519012,A6_kelly_mo30_var30,res,actual
2026-04,14532,17401.216334999237,911147.028004799,478773.29985506047,1.9098143109903865,A6_kelly_mo30_var30,res,actual
2026-05,35896,25059.276147768986,1291166.0951911998,664583.9394567442,1.9408251379198531,A6_kelly_mo30_var30,res,actual
2026-06,23734,18316.282003902248,1108257.7083621956,581687.7790402165,1.6527096419631855,A6_kelly_mo30_var30,res,actual
2026-07,28745,27785.822979230674,1743808.1064793027,905155.4611385557,1.593399117482567,A6_kelly_mo30_var30,res,actual
2026-08,18748,14915.356769829044,1405152.0142961622,757122.799075758,1.0614763824894857,A6_kelly_mo30_var30,res,actual
2026-01,4464,-1087.8051511608726,222250.94602624243,121218.73708437948,-0.48944905324831744,A6_kelly_mo30_var30,res,5pct
2026-02,8808,8368.504079150449,569232.281772476,306863.20110196754,1.4701387020940893,A6_kelly_mo30_var30,res,5pct
2026-03,3380,381.7220592385217,252221.3680942554,155626.16273980183,0.15134406022881922,A6_kelly_mo30_var30,res,5pct
2026-04,14532,15502.489360503412,881216.5318506607,472467.2075719152,1.7592145403748067,A6_kelly_mo30_var30,res,5pct
2026-05,35898,20932.533973689515,1271982.460575818,657877.765067424,1.6456621551380113,A6_kelly_mo30_var30,res,5pct
2026-06,23730,15089.270317146376,1119320.8863518818,586511.5134506926,1.348073684779143,A6_kelly_mo30_var30,res,5pct
2026-07,28852,22465.282173166936,1655503.9622073043,860134.0641177833,1.3570056421498196,A6_kelly_mo30_var30,res,5pct
2026-08,18748,14915.356769829044,1405152.0142961622,757122.799075758,1.0614763824894857,A6_kelly_mo30_var30,res,5pct
2026-01,4464,4651.153637127754,265562.9394322236,143255.938448193,1.7514317498789442,A6_kelly_mo30_var30,m30,actual
2026-02,8808,6386.42241543059,585742.9877126799,313708.29863803374,1.0903113736571566,A6_kelly_mo30_var30,m30,actual
2026-03,3372,5663.887350018649,305657.002669428,178467.5657889477,1.8530206409647407,A6_kelly_mo30_var30,m30,actual
2026-04,14532,13194.830368260207,911147.028004799,478773.29985506047,1.44815600146925,A6_kelly_mo30_var30,m30,actual
2026-05,35896,17570.04697597501,1291166.0951911998,664583.9394567442,1.360789060478945,A6_kelly_mo30_var30,m30,actual
2026-06,23734,12205.560301291427,1108257.7083621956,581687.7790402165,1.1013287080429188,A6_kelly_mo30_var30,m30,actual
2026-07,28745,11146.740465870746,1743808.1064793027,905155.4611385557,0.6392182961217956,A6_kelly_mo30_var30,m30,actual
2026-08,18748,12798.256754119657,1405152.0142961622,757122.799075758,0.9108094087976865,A6_kelly_mo30_var30,m30,actual
2026-01,4464,2017.9526506593472,222250.94602624243,121218.73708437948,0.907961332331551,A6_kelly_mo30_var30,m30,5pct
2026-02,8808,673.8688919434761,569232.281772476,306863.20110196754,0.11838205834798803,A6_kelly_mo30_var30,m30,5pct
2026-03,3380,2461.3551484182144,252221.3680942554,155626.16273980183,0.9758709846892923,A6_kelly_mo30_var30,m30,5pct
2026-04,14532,9492.530473670844,881216.5318506607,472467.2075719152,1.077207488803619,A6_kelly_mo30_var30,m30,5pct
2026-05,35898,12771.808531377861,1271982.460575818,657877.765067424,1.0040868429582077,A6_kelly_mo30_var30,m30,5pct
2026-06,23730,7974.499079238973,1119320.8863518818,586511.5134506926,0.7124408359098575,A6_kelly_mo30_var30,m30,5pct
2026-07,28852,9140.264178749405,1655503.9622073043,860134.0641177833,0.5521136999613444,A6_kelly_mo30_var30,m30,5pct
2026-08,18748,12798.256754119657,1405152.0142961622,757122.799075758,0.9108094087976865,A6_kelly_mo30_var30,m30,5pct
2026-01,4464,51.63112405867935,195799.62319575192,106933.39701687302,0.02636936844718072,A7_kelly_mo30_wallet,res,actual
2026-02,8808,12253.585051955966,518609.62890927,282100.9907592779,2.3627762326217265,A7_kelly_mo30_wallet,res,actual
2026-03,3379,3182.301327055525,303603.10807110375,176585.1235364854,1.0481781122972664,A7_kelly_mo30_wallet,res,actual
2026-04,14532,19001.903038264903,939505.974765368,483571.8086733051,2.0225420112959296,A7_kelly_mo30_wallet,res,actual
2026-05,35895,30275.00313659616,1322914.0132423365,657597.1177240568,2.288508764254073,A7_kelly_mo30_wallet,res,actual
2026-06,23738,20556.779151279003,1105130.36035118,580326.9381073511,1.8601225600884428,A7_kelly_mo30_wallet,res,actual
2026-07,28853,17447.315291460007,1522954.524726417,779867.0985635977,1.1456228671433402,A7_kelly_mo30_wallet,res,actual
2026-08,18776,16334.276326353991,1353087.394268175,717350.0060437066,1.20718561088868,A7_kelly_mo30_wallet,res,actual
2026-01,4464,-1519.6509893315101,178703.7633972881,98178.87748266263,-0.8503743628236156,A7_kelly_mo30_wallet,res,5pct
2026-02,8808,7197.791325992454,500204.9479845688,273365.4378722086,1.4389684378361058,A7_kelly_mo30_wallet,res,5pct
2026-03,3380,1181.976356883487,288599.6326093864,169107.01134091307,0.4095557385837934,A7_kelly_mo30_wallet,res,5pct
2026-04,14532,16046.704440997713,941803.276331354,485807.97453435557,1.7038276298533508,A7_kelly_mo30_wallet,res,5pct
2026-05,35895,25830.45756086455,1320648.8553638528,656505.3278626731,1.9558914132211158,A7_kelly_mo30_wallet,res,5pct
2026-06,23737,17268.986182022465,1106306.36850199,580059.4016642767,1.560958760944835,A7_kelly_mo30_wallet,res,5pct
2026-07,28865,15371.596797745942,1492371.4945809774,764470.221510419,1.030011418307204,A7_kelly_mo30_wallet,res,5pct
2026-08,18776,16334.276326353991,1353087.394268175,717350.0060437066,1.20718561088868,A7_kelly_mo30_wallet,res,5pct
2026-01,4464,3590.544782321253,195799.62319575192,106933.39701687302,1.8337853381523532,A7_kelly_mo30_wallet,m30,actual
2026-02,8808,5532.847036720574,518609.62890927,282100.9907592779,1.0668616100239314,A7_kelly_mo30_wallet,m30,actual
2026-03,3379,5370.338133183478,303603.10807110375,176585.1235364854,1.7688679695353273,A7_kelly_mo30_wallet,m30,actual
2026-04,14532,13995.5704534686,939505.974765368,483571.8086733051,1.4896733846704753,A7_kelly_mo30_wallet,m30,actual
2026-05,35895,20638.312863255986,1322914.0132423365,657597.1177240568,1.560064573862472,A7_kelly_mo30_wallet,m30,actual
2026-06,23738,12217.133296156799,1105130.36035118,580326.9381073511,1.1054925042756523,A7_kelly_mo30_wallet,m30,actual
2026-07,28853,11380.050484428708,1522954.524726417,779867.0985635977,0.7472350815250387,A7_kelly_mo30_wallet,m30,actual
2026-08,18776,12918.602768186573,1353087.394268175,717350.0060437066,0.9547500644016919,A7_kelly_mo30_wallet,m30,actual
2026-01,4464,1848.3599367401212,178703.7633972881,98178.87748266263,1.0343150595160722,A7_kelly_mo30_wallet,m30,5pct
2026-02,8808,759.9231687978835,500204.9479845688,273365.4378722086,0.1519223613960186,A7_kelly_mo30_wallet,m30,5pct
2026-03,3380,2912.1011017771675,288599.6326093864,169107.01134091307,1.0090453253343659,A7_kelly_mo30_wallet,m30,5pct
2026-04,14532,10703.833859182492,941803.276331354,485807.97453435557,1.1365254430710399,A7_kelly_mo30_wallet,m30,5pct
2026-05,35895,16003.08254472181,1320648.8553638528,656505.3278626731,1.2117590894600663,A7_kelly_mo30_wallet,m30,5pct
2026-06,23737,8545.21903838743,1106306.36850199,580059.4016642767,0.7724098207947773,A7_kelly_mo30_wallet,m30,5pct
2026-07,28865,9956.22237403948,1492371.4945809774,764470.221510419,0.667141017514205,A7_kelly_mo30_wallet,m30,5pct
2026-08,18776,12918.602768186573,1353087.394268175,717350.0060437066,0.9547500644016919,A7_kelly_mo30_wallet,m30,5pct
2026-01,4447,5335.305184229022,465339.53665254015,234042.24767503317,1.1465402709189503,B1_zone_wf,res,actual
2026-02,8143,33412.750674916955,1199165.531379479,632116.3417040103,2.786333479455507,B1_zone_wf,res,actual
2026-03,3013,-507.89194804352275,523972.35562841815,276233.7292653345,-0.09693105802011069,B1_zone_wf,res,actual
2026-04,12949,25069.85850283597,1857970.2089420045,847998.0217158156,1.3493143421880622,B1_zone_wf,res,actual
2026-05,33382,36685.551016021134,2114700.212312875,1064017.7249761485,1.7347873141743186,B1_zone_wf,res,actual
2026-06,21931,38192.62964129482,2218079.37340768,1161105.8147192264,1.7218784007092907,B1_zone_wf,res,actual
2026-07,25988,80226.23017462253,2936727.4013821185,1484263.473690825,2.7318242114288673,B1_zone_wf,res,actual
2026-08,16648,33819.10103017885,2457945.327516122,1274712.2294415326,1.3759094090328998,B1_zone_wf,res,actual
2026-01,4447,1098.9785358134304,465339.53665254015,234042.24767503317,0.23616702413017102,B1_zone_wf,res,5pct
2026-02,8143,21003.679307441886,1199165.531379479,632116.3417040103,1.7515246025525744,B1_zone_wf,res,5pct
2026-03,3013,-5311.938690384976,523972.35562841815,276233.7292653345,-1.013782241243278,B1_zone_wf,res,5pct
2026-04,12949,17278.74959441876,1857970.2089420045,847998.0217158156,0.9299799055582224,B1_zone_wf,res,5pct
2026-05,33382,27855.052487223096,2114700.212312875,1064017.7249761485,1.317210464397583,B1_zone_wf,res,5pct
2026-06,21931,29294.78256212162,2218079.37340768,1161105.8147192264,1.3207274236140367,B1_zone_wf,res,5pct
2026-07,25988,77670.13994529072,2936727.4013821185,1484263.473690825,2.644785481578462,B1_zone_wf,res,5pct
2026-08,16648,33819.10103017885,2457945.327516122,1274712.2294415326,1.3759094090328998,B1_zone_wf,res,5pct
2026-01,4447,6954.5587068410405,465339.53665254015,234042.24767503317,1.4945127501671693,B1_zone_wf,m30,actual
2026-02,8646,15671.858954216947,1326009.6453542563,662944.0264762192,1.1818812185208547,B1_zone_wf,m30,actual
2026-03,3294,9133.488254331249,641794.9238880163,317244.0438554439,1.4231163124507522,B1_zone_wf,m30,actual
2026-04,14116,25371.089813467373,2090930.5343761144,984382.3112859236,1.213387503618695,B1_zone_wf,m30,actual
2026-05,34846,43035.48642268097,2428047.5844745464,1104456.246540475,1.7724317553683482,B1_zone_wf,m30,actual
2026-06,21931,24151.373834755603,2218079.37340768,1161105.8147192264,1.0888417305667182,B1_zone_wf,m30,actual
2026-07,25988,15700.249674567025,2936727.4013821185,1484263.473690825,0.5346171955619028,B1_zone_wf,m30,actual
2026-08,16648,17333.752281593206,2457945.327516122,1274712.2294415326,0.7052130935357231,B1_zone_wf,m30,actual
2026-01,4447,2721.710278757497,465339.53665254015,234042.24767503317,0.5848869619668152,B1_zone_wf,m30,5pct
2026-02,8646,2746.0084238233317,1326009.6453542563,662944.0264762192,0.20708811835902663,B1_zone_wf,m30,5pct
2026-03,3294,4111.23532838556,641794.9238880163,317244.0438554439,0.6405839584207914,B1_zone_wf,m30,5pct
2026-04,14116,17243.11186709443,2090930.5343761144,984382.3112859236,0.8246621101757156,B1_zone_wf,m30,5pct
2026-05,34846,33830.63613864747,2428047.5844745464,1104456.246540475,1.3933267352323637,B1_zone_wf,m30,5pct
2026-06,21931,15255.2965312787,2218079.37340768,1161105.8147192264,0.6877705421263478,B1_zone_wf,m30,5pct
2026-07,25988,13146.288205562523,2936727.4013821185,1484263.473690825,0.44765095321327597,B1_zone_wf,m30,5pct
2026-08,16648,17333.752281593206,2457945.327516122,1274712.2294415326,0.7052130935357231,B1_zone_wf,m30,5pct
2026-01,4382,6362.039183535405,447459.9194756082,224491.5396487948,1.421812078943578,B2_zone_05_95,res,actual
2026-02,8518,33116.883363748195,1300172.9805306813,643093.8746271421,2.5471136425424823,B2_zone_05_95,res,actual
2026-03,3222,-3066.3432949398084,574979.0728192014,295193.1077143405,-0.5332965041501608,B2_zone_05_95,res,actual
2026-04,13984,25352.77233759823,2062762.60148016,964220.7391352304,1.2290688380430228,B2_zone_05_95,res,actual
2026-05,34559,66423.81798847718,2303601.3410881674,1082886.5315263087,2.8834771365908356,B2_zone_05_95,res,actual
2026-06,22401,62035.22804367287,2368012.0133300694,1143111.488917363,2.6197176236633384,B2_zone_05_95,res,actual
2026-07,26462,81777.73898904155,3223500.978169911,1488532.1192842678,2.5369230393554743,B2_zone_05_95,res,actual
2026-08,16996,55045.83224668707,2745517.3866978367,1261306.267254492,2.0049347534051964,B2_zone_05_95,res,actual
2026-01,4382,2143.205705992754,447459.9194756082,224491.5396487948,0.47897154867064773,B2_zone_05_95,res,5pct
2026-02,8518,20220.14862815906,1300172.9805306813,643093.8746271421,1.5551891118292553,B2_zone_05_95,res,5pct
2026-03,3222,-8091.663668255449,574979.0728192014,295193.1077143405,-1.4072970740623498,B2_zone_05_95,res,5pct
2026-04,13984,17237.878441181514,2062762.60148016,964220.7391352304,0.8356695253642987,B2_zone_05_95,res,5pct
2026-05,34559,57244.51421405412,2303601.3410881674,1082886.5315263087,2.4850009067546885,B2_zone_05_95,res,5pct
2026-06,22401,52836.40846434216,2368012.0133300694,1143111.488917363,2.231255929738287,B2_zone_05_95,res,5pct
2026-07,26462,79093.29585335888,3223500.978169911,1488532.1192842678,2.4536457841642343,B2_zone_05_95,res,5pct
2026-08,16996,55045.83224668707,2745517.3866978367,1261306.267254492,2.0049347534051964,B2_zone_05_95,res,5pct
2026-01,4382,6864.231224406692,447459.9194756082,224491.5396487948,1.5340438161368937,B2_zone_05_95,m30,actual
2026-02,8518,15430.897331058823,1300172.9805306813,643093.8746271421,1.1868341799227757,B2_zone_05_95,m30,actual
2026-03,3222,8958.390464334407,574979.0728192014,295193.1077143405,1.5580376552506836,B2_zone_05_95,m30,actual
2026-04,13984,25132.683972510327,2062762.60148016,964220.7391352304,1.2183992454815726,B2_zone_05_95,m30,actual
2026-05,34559,37421.1263343292,2303601.3410881674,1082886.5315263087,1.6244619095703572,B2_zone_05_95,m30,actual
2026-06,22401,24152.19673885493,2368012.0133300694,1143111.488917363,1.019935566327232,B2_zone_05_95,m30,actual
2026-07,26462,17427.239410433885,3223500.978169911,1488532.1192842678,0.5406308088148281,B2_zone_05_95,m30,actual
2026-08,16996,19466.39567341834,2745517.3866978367,1261306.267254492,0.7090246730082265,B2_zone_05_95,m30,actual
2026-01,4382,2646.8461743640414,447459.9194756082,224491.5396487948,0.5915269858060047,B2_zone_05_95,m30,5pct
2026-02,8518,2543.140462501048,1300172.9805306813,643093.8746271421,0.1956001624847668,B2_zone_05_95,m30,5pct
2026-03,3222,3933.3083434587647,574979.0728192014,295193.1077143405,0.6840785220535442,B2_zone_05_95,m30,5pct
2026-04,13984,17019.370520606437,2062762.60148016,964220.7391352304,0.8250765506604582,B2_zone_05_95,m30,5pct
2026-05,34559,28241.822559906133,2303601.3410881674,1082886.5315263087,1.2259856797342095,B2_zone_05_95,m30,5pct
2026-06,22401,14954.059879423983,2368012.0133300694,1143111.488917363,0.6315027033327634,B2_zone_05_95,m30,5pct
2026-07,26462,14743.725511157701,3223500.978169911,1488532.1192842678,0.4573823805547038,B2_zone_05_95,m30,5pct
2026-08,16996,19466.39567341834,2745517.3866978367,1261306.267254492,0.7090246730082265,B2_zone_05_95,m30,5pct
2026-01,4174,5395.587664205672,406115.6223742215,203625.57561694214,1.3285841191388161,B3_zone_10_90,res,actual
2026-02,8174,32001.35937497051,1236093.2152400927,614367.2672259038,2.588911497969409,B3_zone_10_90,res,actual
2026-03,3082,-2287.377137113551,548252.3139544113,279322.95389249234,-0.41721249120049364,B3_zone_10_90,res,actual
2026-04,13422,28131.983673651222,1923849.8610982082,907040.543243494,1.4622754219288399,B3_zone_10_90,res,actual
2026-05,33377,46206.993695629215,2182548.634671502,1032699.595767495,2.1171117546520968,B3_zone_10_90,res,actual
2026-06,21567,40976.949582994035,2207622.2761589573,1064596.2910353474,1.8561576418901624,B3_zone_10_90,res,actual
2026-07,25560,92636.54323255223,3001247.1664647874,1398339.579292302,3.0866016057474583,B3_zone_10_90,res,actual
2026-08,16302,44649.02889082438,2471602.4045215175,1175299.7735929121,1.8064810427900548,B3_zone_10_90,res,actual
2026-01,4174,1319.9936537308513,406115.6223742215,203625.57561694214,0.3250290264663896,B3_zone_10_90,res,5pct
2026-02,8174,19334.225438821646,1236093.2152400927,614367.2672259038,1.5641397590768478,B3_zone_10_90,res,5pct
2026-03,3082,-7224.498945581206,548252.3139544113,279322.95389249234,-1.3177325041225347,B3_zone_10_90,res,5pct
2026-04,13422,20203.026532646047,1923849.8610982082,907040.543243494,1.0501353011566805,B3_zone_10_90,res,5pct
2026-05,33377,37177.91405709437,2182548.634671502,1032699.595767495,1.7034174389745071,B3_zone_10_90,res,5pct
2026-06,21567,31958.27080326735,2207622.2761589573,1064596.2910353474,1.447633100480919,B3_zone_10_90,res,5pct
2026-07,25560,90025.5320679435,3001247.1664647874,1398339.579292302,2.9996040670647552,B3_zone_10_90,res,5pct
2026-08,16302,44649.02889082438,2471602.4045215175,1175299.7735929121,1.8064810427900548,B3_zone_10_90,res,5pct
2026-01,4174,6237.725998997984,406115.6223742215,203625.57561694214,1.535948300272511,B3_zone_10_90,m30,actual
2026-02,8174,15400.172930081942,1236093.2152400927,614367.2672259038,1.2458747237028307,B3_zone_10_90,m30,actual
2026-03,3082,8573.290982211938,548252.3139544113,279322.95389249234,1.5637491651197721,B3_zone_10_90,m30,actual
2026-04,13422,23669.459495165644,1923849.8610982082,907040.543243494,1.2303173950203263,B3_zone_10_90,m30,actual
2026-05,33377,32684.40684042404,2182548.634671502,1032699.595767495,1.4975339527929197,B3_zone_10_90,m30,actual
2026-06,21567,24189.21238129306,2207622.2761589573,1064596.2910353474,1.0957133673872814,B3_zone_10_90,m30,actual
2026-07,25560,15521.694785562178,3001247.1664647874,1398339.579292302,0.5171748251526184,B3_zone_10_90,m30,actual
2026-08,16302,17296.71760193702,2471602.4045215175,1175299.7735929121,0.6998179630467517,B3_zone_10_90,m30,actual
2026-01,4174,2162.281291023164,406115.6223742215,203625.57561694214,0.532429971145187,B3_zone_10_90,m30,5pct
2026-02,8174,2738.0284030571893,1236093.2152400927,614367.2672259038,0.22150662824610423,B3_zone_10_90,m30,5pct
2026-03,3082,3636.1691737442834,548252.3139544113,279322.95389249234,0.6632291521977308,B3_zone_10_90,m30,5pct
2026-04,13422,15741.082798673295,1923849.8610982082,907040.543243494,0.8182074452362761,B3_zone_10_90,m30,5pct
2026-05,33377,23655.327201889195,2182548.634671502,1032699.595767495,1.0838396371153298,B3_zone_10_90,m30,5pct
2026-06,21567,15171.05356181156,2207622.2761589573,1064596.2910353474,0.6872123789314031,B3_zone_10_90,m30,5pct
2026-07,25560,12910.953885646342,3001247.1664647874,1398339.579292302,0.43018629154940086,B3_zone_10_90,m30,5pct
2026-08,16302,17296.71760193702,2471602.4045215175,1175299.7735929121,0.6998179630467517,B3_zone_10_90,m30,5pct
2026-01,4447,5335.305184229022,465339.53665254015,234042.24767503317,1.1465402709189503,B4_wallet_filter,res,actual
2026-02,8646,33711.226338246146,1326009.6453542563,662944.0264762192,2.542306268763216,B4_wallet_filter,res,actual
2026-03,3276,-1737.5002430701754,640227.1939473703,316369.8988697709,-0.27138807278045834,B4_wallet_filter,res,actual
2026-04,11196,25344.63804993775,1979097.3247483103,931850.1634442448,1.2806160532383584,B4_wallet_filter,res,actual
2026-05,21023,70683.51659600063,2223703.085638129,990272.3833617679,3.178640037535263,B4_wallet_filter,res,actual
2026-06,16065,59270.844374155495,2384988.1136592273,1126718.6859183474,2.4851630930444233,B4_wallet_filter,res,actual
2026-07,17787,68985.74526770558,2716108.4615910486,1226630.170766859,2.5398744653700223,B4_wallet_filter,res,actual
2026-08,12762,52494.089796233595,2385739.3679633155,1082181.488157578,2.200327936116816,B4_wallet_filter,res,actual
2026-01,4117,1499.261670446017,416813.0408725412,210744.41867492898,0.359696440233136,B4_wallet_filter,res,5pct
2026-02,5479,12459.386682094448,1024835.9375911498,511024.4396781074,1.2157445133491231,B4_wallet_filter,res,5pct
2026-03,3108,-7295.572478665132,629103.2552285718,308885.55666330556,-1.159678068430028,B4_wallet_filter,res,5pct
2026-04,9828,17720.343887630715,1948240.9925584432,915511.0534214253,0.9095560536563929,B4_wallet_filter,res,5pct
2026-05,17459,64036.83527964383,2067083.4179470248,914497.0689167266,3.0979318359219197,B4_wallet_filter,res,5pct
2026-06,13476,57283.31349494887,2026929.0155500358,951315.9725985707,2.826113448250393,B4_wallet_filter,res,5pct
2026-07,17184,70103.64660383265,2641751.4994634865,1193115.6549528732,2.653680583433756,B4_wallet_filter,res,5pct
2026-08,12762,52494.089796233595,2385739.3679633155,1082181.488157578,2.200327936116816,B4_wallet_filter,res,5pct
2026-01,4447,6954.5587068410405,465339.53665254015,234042.24767503317,1.4945127501671693,B4_wallet_filter,m30,actual
2026-02,8646,15671.858954216947,1326009.6453542563,662944.0264762192,1.1818812185208547,B4_wallet_filter,m30,actual
2026-03,3276,9132.521485900004,640227.1939473703,316369.8988697709,1.4264501058745624,B4_wallet_filter,m30,actual
2026-04,11196,25230.440168995017,1979097.3247483103,931850.1634442448,1.2748458528790985,B4_wallet_filter,m30,actual
2026-05,21023,43857.76862172075,2223703.085638129,990272.3833617679,1.9722852796750525,B4_wallet_filter,m30,actual
2026-06,16065,25884.469172188754,2384988.1136592273,1126718.6859183474,1.0853080996062014,B4_wallet_filter,m30,actual
2026-07,17787,19901.27943420853,2716108.4615910486,1226630.170766859,0.7327129868205157,B4_wallet_filter,m30,actual
2026-08,12762,21198.951469256805,2385739.3679633155,1082181.488157578,0.8885694621099437,B4_wallet_filter,m30,actual
2026-01,4117,2453.286324420196,416813.0408725412,210744.41867492898,0.5885819501435405,B4_wallet_filter,m30,5pct
2026-02,5479,1615.9739147071034,1024835.9375911498,511024.4396781074,0.1576812302762731,B4_wallet_filter,m30,5pct
2026-03,3108,4013.5191487382626,629103.2552285718,308885.55666330556,0.6379746274369591,B4_wallet_filter,m30,5pct
2026-04,9828,17776.49259318063,1948240.9925584432,915511.0534214253,0.9124380741951446,B4_wallet_filter,m30,5pct
2026-05,17459,36808.808718462875,2067083.4179470248,914497.0689167266,1.7807123021198852,B4_wallet_filter,m30,5pct
2026-06,13476,17276.98026233193,2026929.0155500358,951315.9725985707,0.8523722404577438,B4_wallet_filter,m30,5pct
2026-07,17184,17613.884442160805,2641751.4994634865,1193115.6549528732,0.6667502392158388,B4_wallet_filter,m30,5pct
2026-08,12762,21198.951469256805,2385739.3679633155,1082181.488157578,0.8885694621099437,B4_wallet_filter,m30,5pct
2026-01,2890,5183.038629035269,451852.4475270529,229612.59991702443,1.1470644139257329,B5_min_ticket_5usd,res,actual
2026-02,6777,33584.79461644802,1309839.5960583254,658148.7678182092,2.564038735545489,B5_min_ticket_5usd,res,actual
2026-03,2516,-2203.072209484255,636325.2155706327,315311.87287072954,-0.3462179645841351,B5_min_ticket_5usd,res,actual
2026-04,9831,24928.602669162,2057882.232625086,973692.9914547158,1.2113716846353473,B5_min_ticket_5usd,res,actual
2026-05,17196,64384.572265960705,2309653.5432547806,1064352.4880795588,2.787629012757883,B5_min_ticket_5usd,res,actual
2026-06,11334,59054.94391824721,2394951.207781818,1148241.1809584768,2.465809897352496,B5_min_ticket_5usd,res,actual
2026-07,13886,81377.08003649174,3224636.0947944173,1483231.6949171268,2.5236050718361707,B5_min_ticket_5usd,res,actual
2026-08,11356,55009.781657583364,2792123.57078567,1288923.643279391,1.9701771881859897,B5_min_ticket_5usd,res,actual
2026-01,2890,1076.4062458305677,451852.4475270529,229612.59991702443,0.23822074035930105,B5_min_ticket_5usd,res,5pct
2026-02,6777,20785.985053431134,1309839.5960583254,658148.7678182092,1.58691072677769,B5_min_ticket_5usd,res,5pct
2026-03,2516,-7189.833401669175,636325.2155706327,315311.87287072954,-1.1298991813834691,B5_min_ticket_5usd,res,5pct
2026-04,9831,16915.9066354589,2057882.232625086,973692.9914547158,0.822005572878704,B5_min_ticket_5usd,res,5pct
2026-05,17196,55597.097551518425,2309653.5432547806,1064352.4880795588,2.407161789000206,B5_min_ticket_5usd,res,5pct
2026-06,11334,50076.22039940812,2394951.207781818,1148241.1809584768,2.0909077494646855,B5_min_ticket_5usd,res,5pct
2026-07,13886,78756.9578156968,3224636.0947944173,1483231.6949171268,2.4423518034433545,B5_min_ticket_5usd,res,5pct
2026-08,11356,55009.781657583364,2792123.57078567,1288923.643279391,1.9701771881859897,B5_min_ticket_5usd,res,5pct
2026-01,2890,6587.916843788088,451852.4475270529,229612.59991702443,1.4579796745249813,B5_min_ticket_5usd,m30,actual
2026-02,6777,15526.406219704295,1309839.5960583254,658148.7678182092,1.1853669919910503,B5_min_ticket_5usd,m30,actual
2026-03,2516,9009.265152435315,636325.2155706327,315311.87287072954,1.415827148128358,B5_min_ticket_5usd,m30,actual
2026-04,9831,24914.29897621612,2057882.232625086,973692.9914547158,1.21067661604886,B5_min_ticket_5usd,m30,actual
2026-05,17196,41129.41495030352,2309653.5432547806,1064352.4880795588,1.7807612345331953,B5_min_ticket_5usd,m30,actual
2026-06,11334,25182.420210376727,2394951.207781818,1148241.1809584768,1.0514794676631618,B5_min_ticket_5usd,m30,actual
2026-07,13886,16944.70368057633,3224636.0947944173,1483231.6949171268,0.5254764625357399,B5_min_ticket_5usd,m30,actual
2026-08,11356,19223.414863716658,2792123.57078567,1288923.643279391,0.6884872526722526,B5_min_ticket_5usd,m30,actual
2026-01,2890,2484.7626809154353,451852.4475270529,229612.59991702443,0.549905770017251,B5_min_ticket_5usd,m30,5pct
2026-02,6777,2737.691616728594,1309839.5960583254,658148.7678182092,0.2090096852291743,B5_min_ticket_5usd,m30,5pct
2026-03,2516,4032.672755948296,636325.2155706327,315311.87287072954,0.6337439814218183,B5_min_ticket_5usd,m30,5pct
2026-04,9831,16904.67210306604,2057882.232625086,973692.9914547158,0.8214596459925706,B5_min_ticket_5usd,m30,5pct
2026-05,17196,32341.940235861242,2309653.5432547806,1064352.4880795588,1.4002940107755184,B5_min_ticket_5usd,m30,5pct
2026-06,11334,16205.434467050318,2394951.207781818,1148241.1809584768,0.6766498797301028,B5_min_ticket_5usd,m30,5pct
2026-07,13886,14330.685169866973,3224636.0947944173,1483231.6949171268,0.44441247782970705,B5_min_ticket_5usd,m30,5pct
2026-08,11356,19223.414863716658,2792123.57078567,1288923.643279391,0.6884872526722526,B5_min_ticket_5usd,m30,5pct
2026-01,3590,-7451.808665854479,329862.8779319072,170397.04318979985,-2.259062527003338,B6_first_clip_only*,res,actual
2026-02,6351,13384.214541632296,865310.2821816099,444384.313972981,1.5467532071719032,B6_first_clip_only*,res,actual
2026-03,2521,-669.4974711372228,479798.2572423769,227444.64057117022,-0.1395372869808105,B6_first_clip_only*,res,actual
2026-04,10434,30797.874593312477,1471000.649214881,696502.2462103204,2.093668320931759,B6_first_clip_only*,res,actual
2026-05,23711,36323.689994986526,1571067.2281643013,743532.0882918283,2.31203918863667,B6_first_clip_only*,res,actual
2026-06,15795,28059.780466857745,1659741.1554491944,810523.519600483,1.6906118387637146,B6_first_clip_only*,res,actual
2026-07,19734,69453.61538035177,2245786.4971523588,1056903.1536619295,3.0926187982881923,B6_first_clip_only*,res,actual
2026-08,12840,30218.694066796663,1883079.510495035,874248.6343949636,1.604748705425221,B6_first_clip_only*,res,actual
2026-01,3590,-10450.927556724215,329862.8779319072,170397.04318979985,-3.1682642261071816,B6_first_clip_only*,res,5pct
2026-02,6351,4990.019844728528,865310.2821816099,444384.313972981,0.576674049469024,B6_first_clip_only*,res,5pct
2026-03,2521,-4217.328202826896,479798.2572423769,227444.64057117022,-0.8789794750539188,B6_first_clip_only*,res,5pct
2026-04,10434,25073.071853197187,1471000.649214881,696502.2462103204,1.7044908760971293,B6_first_clip_only*,res,5pct
2026-05,23711,30210.649837314406,1571067.2281643013,743532.0882918283,1.9229380701049792,B6_first_clip_only*,res,5pct
2026-06,15795,21683.904499079832,1659741.1554491944,810523.519600483,1.3064630245438045,B6_first_clip_only*,res,5pct
2026-07,19734,67429.23235006713,2245786.4971523588,1056903.1536619295,3.0024774142852366,B6_first_clip_only*,res,5pct
2026-08,12840,30218.694066796663,1883079.510495035,874248.6343949636,1.604748705425221,B6_first_clip_only*,res,5pct
2026-01,3590,3930.992323057435,329862.8779319072,170397.04318979985,1.1917049738069951,B6_first_clip_only*,m30,actual
2026-02,6351,10912.069450411942,865310.2821816099,444384.313972981,1.261058567673617,B6_first_clip_only*,m30,actual
2026-03,2521,6917.553365822645,479798.2572423769,227444.64057117022,1.441762920436817,B6_first_clip_only*,m30,actual
2026-04,10434,18411.49227635974,1471000.649214881,696502.2462103204,1.2516304657096193,B6_first_clip_only*,m30,actual
2026-05,23711,27143.631117671957,1571067.2281643013,743532.0882918283,1.7277192618541013,B6_first_clip_only*,m30,actual
2026-06,15795,21636.426393656457,1659741.1554491944,810523.519600483,1.3036024516606475,B6_first_clip_only*,m30,actual
2026-07,19734,16248.882598544384,2245786.4971523588,1056903.1536619295,0.7235274866576965,B6_first_clip_only*,m30,actual
2026-08,12840,20439.621540019813,1883079.510495035,874248.6343949636,1.0854359269538505,B6_first_clip_only*,m30,actual
2026-01,3590,935.1195785877006,329862.8779319072,170397.04318979985,0.2834873643407474,B6_first_clip_only*,m30,5pct
2026-02,6351,2531.000902702977,865310.2821816099,444384.313972981,0.292496339731668,B6_first_clip_only*,m30,5pct
2026-03,2521,3377.6761958058723,479798.2572423769,227444.64057117022,0.7039784211011819,B6_first_clip_only*,m30,5pct
2026-04,10434,12689.529088322497,1471000.649214881,696502.2462103204,0.8626460562811645,B6_first_clip_only*,m30,5pct
2026-05,23711,21030.590959999838,1571067.2281643013,743532.0882918283,1.3386181433224111,B6_first_clip_only*,m30,5pct
2026-06,15795,15261.983327468028,1659741.1554491944,810523.519600483,0.9195399702755159,B6_first_clip_only*,m30,5pct
2026-07,19734,14226.48506824834,2245786.4971523588,1056903.1536619295,0.6334745126612623,B6_first_clip_only*,m30,5pct
2026-08,12840,20439.621540019813,1883079.510495035,874248.6343949636,1.0854359269538505,B6_first_clip_only*,m30,5pct
2026-01,3919,5235.973799317513,372357.0504642994,197591.7959911705,1.4061701780021818,B7_no_fade*,res,actual
2026-02,6950,31505.17692356096,1030911.769342916,538239.8474981451,3.0560497862626765,B7_no_fade*,res,actual
2026-03,2938,-7083.753320583389,498609.0946894674,282080.38843351585,-1.4207027902279108,B7_no_fade*,res,actual
2026-04,12976,47869.17234015099,1904546.2050366825,908870.1249722125,2.5134161730263194,B7_no_fade*,res,actual
2026-05,31177,44788.22260310241,2183081.906889992,1019301.1307508225,2.0516052311984714,B7_no_fade*,res,actual
2026-06,19572,57893.69473434039,2077772.29304505,1061834.5426135627,2.786334909177901,B7_no_fade*,res,actual
2026-07,24384,64047.48197906291,2906498.010273764,1385995.1715472513,2.2035962781557266,B7_no_fade*,res,actual
2026-08,16018,54171.16787565822,2442290.80518693,1181014.3422001346,2.2180474069922242,B7_no_fade*,res,actual
2026-01,3919,1788.1366753020955,372357.0504642994,197591.7959911705,0.4802209795873161,B7_no_fade*,res,5pct
2026-02,6950,21531.102335868447,1030911.769342916,538239.8474981451,2.0885494739857293,B7_no_fade*,res,5pct
2026-03,2938,-11245.437325370016,498609.0946894674,282080.38843351585,-2.2553614535197455,B7_no_fade*,res,5pct
2026-04,12976,40464.373577273225,1904546.2050366825,908870.1249722125,2.124620209804459,B7_no_fade*,res,5pct
2026-05,31177,36471.8775338515,2183081.906889992,1019301.1307508225,1.6706600617568748,B7_no_fade*,res,5pct
2026-06,19572,49878.480143942514,2077772.29304505,1061834.5426135627,2.4005748999012693,B7_no_fade*,res,5pct
2026-07,24384,61671.778257455124,2906498.010273764,1385995.1715472513,2.1218586092080702,B7_no_fade*,res,5pct
2026-08,16018,54171.16787565822,2442290.80518693,1181014.3422001346,2.2180474069922242,B7_no_fade*,res,5pct
2026-01,3919,7299.394830851702,372357.0504642994,197591.7959911705,1.9603213694355839,B7_no_fade*,m30,actual
2026-02,6950,18010.33992828117,1030911.769342916,538239.8474981451,1.747030198303064,B7_no_fade*,m30,actual
2026-03,2938,9192.51503197449,498609.0946894674,282080.38843351585,1.8436316404736994,B7_no_fade*,m30,actual
2026-04,12976,29247.83673863034,1904546.2050366825,908870.1249722125,1.5356853334029252,B7_no_fade*,m30,actual
2026-05,31177,40302.09175156065,2183081.906889992,1019301.1307508225,1.846109924889388,B7_no_fade*,m30,actual
2026-06,19572,28201.44001488837,2077772.29304505,1061834.5426135627,1.3572921397251931,B7_no_fade*,m30,actual
2026-07,24384,22187.079528575876,2906498.010273764,1385995.1715472513,0.7633612495226194,B7_no_fade*,m30,actual
2026-08,16018,27368.248707529547,2442290.80518693,1181014.3422001346,1.1205974591316048,B7_no_fade*,m30,actual
2026-01,3919,3855.035927168333,372357.0504642994,197591.7959911705,1.03530627991639,B7_no_fade*,m30,5pct
2026-02,6950,8043.455067994826,1030911.769342916,538239.8474981451,0.7802273004528385,B7_no_fade*,m30,5pct
2026-03,2938,5038.784193153831,498609.0946894674,282080.38843351585,1.0105680475587744,B7_no_fade*,m30,5pct
2026-04,12976,21845.8900073456,1904546.2050366825,908870.1249722125,1.1470391187975846,B7_no_fade*,m30,5pct
2026-05,31177,31985.746682309742,2183081.906889992,1019301.1307508225,1.4651647554477918,B7_no_fade*,m30,5pct
2026-06,19572,20188.48299410516,2077772.29304505,1061834.5426135627,0.9716407838184334,B7_no_fade*,m30,5pct
2026-07,24384,19813.79334960724,2906498.010273764,1385995.1715472513,0.6817067577397369,B7_no_fade*,m30,5pct
2026-08,16018,27368.248707529547,2442290.80518693,1181014.3422001346,1.1205974591316048,B7_no_fade*,m30,5pct
2026-01,3603,5659.376907522274,351455.1918371157,186468.96386117226,1.6102698264150699,B8_fill_move_wf*,res,actual
2026-02,6387,30492.206071280667,962289.2861457998,505365.4505441498,3.168715116159018,B8_fill_move_wf*,res,actual
2026-03,2771,-6913.305615448593,473332.279680288,266910.3285181142,-1.4605607756390884,B8_fill_move_wf*,res,actual
2026-04,12508,52052.7067030906,1847222.0443083833,891117.5522662813,2.817891160592965,B8_fill_move_wf*,res,actual
2026-05,11279,34768.92197436289,769511.3238015183,344102.16244067816,4.518311933682592,B8_fill_move_wf*,res,actual
2026-06,6043,44131.53900533797,600523.8331714422,283787.86044051906,7.348840556797512,B8_fill_move_wf*,res,actual
2026-07,7820,64889.86575174117,898847.2936838944,399709.7050880174,7.219231365295912,B8_fill_move_wf*,res,actual
2026-08,5621,27467.20636179155,915677.5028390964,399114.5131869668,2.999659408102561,B8_fill_move_wf*,res,actual
2026-01,3603,2394.5817078228297,351455.1918371157,186468.96386117226,0.6813334283969307,B8_fill_move_wf*,res,5pct
2026-02,6387,21193.769076714903,962289.2861457998,505365.4505441498,2.2024321980764276,B8_fill_move_wf*,res,5pct
2026-03,543,-1078.8103082477344,53941.15071885293,25843.025259047707,-1.9999764444600183,B8_fill_move_wf*,res,5pct
2026-04,5507,42115.94950429394,626629.5751964861,284386.63793641666,6.721028047724695,B8_fill_move_wf*,res,5pct
2026-05,11279,31817.869714981673,769511.3238015183,344102.16244067816,4.13481500932253,B8_fill_move_wf*,res,5pct
2026-06,6043,41831.6940284547,600523.8331714422,283787.86044051906,6.965867417373969,B8_fill_move_wf*,res,5pct
2026-07,7820,64242.189747989265,898847.2936838944,399709.7050880174,7.147175076279629,B8_fill_move_wf*,res,5pct
2026-08,5621,27467.20636179155,915677.5028390964,399114.5131869668,2.999659408102561,B8_fill_move_wf*,res,5pct
2026-01,3603,7037.69497373723,351455.1918371157,186468.96386117226,2.002444447313471,B8_fill_move_wf*,m30,actual
2026-02,1113,3971.239735718066,133704.6573801379,60356.651356818686,2.970158118297532,B8_fill_move_wf*,m30,actual
2026-03,1064,3729.601405433911,122408.50029870725,62623.186699839265,3.0468483776312545,B8_fill_move_wf*,m30,actual
2026-04,5507,13286.357025115538,626629.5751964861,284386.63793641666,2.1202888518227803,B8_fill_move_wf*,m30,actual
2026-05,29953,33878.07606879892,2047978.1911376803,993480.069449945,1.6542205486074621,B8_fill_move_wf*,m30,actual
2026-06,18818,27387.165413888368,2018878.4471956491,1035804.0887165765,1.3565534592699668,B8_fill_move_wf*,m30,actual
2026-07,23559,22083.190489235214,2828249.631209798,1351961.9760882757,0.7808076856281253,B8_fill_move_wf*,m30,actual
2026-08,15408,27272.472802917357,2366207.097205515,1148284.724196341,1.1525818190270023,B8_fill_move_wf*,m30,actual
2026-01,3603,3775.325641169833,351455.1918371157,186468.96386117226,1.0741982844059204,B8_fill_move_wf*,m30,5pct
2026-02,1113,2744.015071407602,133704.6573801379,60356.651356818686,2.052295802685502,B8_fill_move_wf*,m30,5pct
2026-03,1064,2740.217338793881,122408.50029870725,62623.186699839265,2.2385841931786334,B8_fill_move_wf*,m30,5pct
2026-04,5507,10886.834361826532,626629.5751964861,284386.63793641666,1.7373636343948264,B8_fill_move_wf*,m30,5pct
2026-05,11279,17141.350405765083,769511.3238015183,344102.16244067816,2.227563113832278,B8_fill_move_wf*,m30,5pct
2026-06,18818,19619.63513489058,2018878.4471956491,1035804.0887165765,0.971808637718804,B8_fill_move_wf*,m30,5pct
2026-07,23559,19759.332542547116,2828249.631209798,1351961.9760882757,0.6986417438016234,B8_fill_move_wf*,m30,5pct
2026-08,15408,27272.472802917357,2366207.097205515,1148284.724196341,1.1525818190270023,B8_fill_move_wf*,m30,5pct
2026-01,4069,1883.193265590364,387440.8905185344,189621.0947027955,0.48605950266890474,C1_match1k,res,actual
2026-02,7081,22807.21002943657,893604.1791534412,443059.63185098546,2.5522720866237503,C1_match1k,res,actual
2026-03,2614,1504.4836455322566,442395.0592530678,210593.60324701673,0.3400769547635547,C1_match1k,res,actual
2026-04,11519,21485.344550199363,1403896.8189010972,649402.7425197978,1.53040766678402,C1_match1k,res,actual
2026-05,28496,45823.519850139994,1579216.1994778656,738228.5417956416,2.9016622211253007,C1_match1k,res,actual
2026-06,17795,20720.697196200912,1484970.5558452334,720355.6361021793,1.3953608113399163,C1_match1k,res,actual
2026-07,19952,23933.18422616095,1879338.7856441312,861777.4535864982,1.273489612888397,C1_match1k,res,actual
2026-08,12659,16065.261576437377,1603801.295828588,736220.5914793437,1.0016990021284038,C1_match1k,res,actual
2026-01,4069,-1637.4992567345098,387440.8905185344,189621.0947027955,-0.42264492385998553,C1_match1k,res,5pct
2026-02,7081,13989.507291838247,893604.1791534412,443059.63185098546,1.565514980591435,C1_match1k,res,5pct
2026-03,2614,-1855.2295969683005,442395.0592530678,210593.60324701673,-0.41936037895645534,C1_match1k,res,5pct
2026-04,11519,16040.651863836065,1403896.8189010972,649402.7425197978,1.1425805406690726,C1_match1k,res,5pct
2026-05,28496,39648.373325419954,1579216.1994778656,738228.5417956416,2.51063618385683,C1_match1k,res,5pct
2026-06,17795,14929.193983799654,1484970.5558452334,720355.6361021793,1.0053528620506604,C1_match1k,res,5pct
2026-07,19952,22293.00870998748,1879338.7856441312,861777.4535864982,1.186215539224701,C1_match1k,res,5pct
2026-08,12659,16065.261576437377,1603801.295828588,736220.5914793437,1.0016990021284038,C1_match1k,res,5pct
2026-01,4069,5499.394968743198,387440.8905185344,189621.0947027955,1.4194152200566754,C1_match1k,m30,actual
2026-02,7081,10118.123625676904,893604.1791534412,443059.63185098546,1.1322824872263177,C1_match1k,m30,actual
2026-03,2614,6552.0796414641845,442395.0592530678,210593.60324701673,1.4810472007817181,C1_match1k,m30,actual
2026-04,11519,16141.494732996223,1403896.8189010972,649402.7425197978,1.1497636090970709,C1_match1k,m30,actual
2026-05,28496,21380.329486790073,1579216.1994778656,738228.5417956416,1.3538570269136694,C1_match1k,m30,actual
2026-06,17795,15707.753356190216,1484970.5558452334,720355.6361021793,1.0577821421684344,C1_match1k,m30,actual
2026-07,19952,7316.958052422749,1879338.7856441312,861777.4535864982,0.38933682996995717,C1_match1k,m30,actual
2026-08,12659,9951.809385381914,1603801.295828588,736220.5914793437,0.6205138636105423,C1_match1k,m30,actual
2026-01,4069,1981.8183028143233,387440.8905185344,189621.0947027955,0.511515008176329,C1_match1k,m30,5pct
2026-02,7081,1305.2590150026897,893604.1791534412,443059.63185098546,0.14606679841618814,C1_match1k,m30,5pct
2026-03,2614,3196.413115814157,442395.0592530678,210593.60324701673,0.7225245962762165,C1_match1k,m30,5pct
2026-04,11519,10697.450572150112,1403896.8189010972,649402.7425197978,0.7619826776531599,C1_match1k,m30,5pct
2026-05,28496,15205.182962070034,1579216.1994778656,738228.5417956416,0.9628309896451991,C1_match1k,m30,5pct
2026-06,17795,9916.853164223146,1484970.5558452334,720355.6361021793,0.6678148011209928,C1_match1k,m30,5pct
2026-07,19952,5677.526317225776,1879338.7856441312,861777.4535864982,0.3021023330436849,C1_match1k,m30,5pct
2026-08,12659,9951.809385381914,1603801.295828588,736220.5914793437,0.6205138636105423,C1_match1k,m30,5pct
2026-01,4464,5242.692604209237,469565.395707148,236427.49763515973,1.116498926909624,C2_match10k,res,actual
2026-02,8808,35375.02444104364,1376437.6372695896,690458.2929789738,2.570041931664724,C2_match10k,res,actual
2026-03,3380,-9576.281113533949,692584.8307904871,337536.1248411748,-1.382687100236369,C2_match10k,res,actual
2026-04,14532,27198.99888130569,2207860.9289831123,1040930.0064169795,1.2319163097755843,C2_match10k,res,actual
2026-05,35899,65133.26683211579,2620342.0849825214,1198601.6329470752,2.485678003853083,C2_match10k,res,actual
2026-06,23747,70468.98275620518,2883296.5183459674,1319030.418975669,2.4440421686712415,C2_match10k,res,actual
2026-07,28846,130294.6108274612,3972991.1063874317,1834435.5622601558,3.2795092497938083,C2_match10k,res,actual
2026-08,18783,31807.81002619875,3441948.557339611,1594816.8993820478,0.9241221795244957,C2_match10k,res,actual
2026-01,4464,974.5656700857448,469565.395707148,236427.49763515973,0.20754631388841702,C2_match10k,res,5pct
2026-02,8808,21935.237428425276,1376437.6372695896,690458.2929789738,1.5936237744804584,C2_match10k,res,5pct
2026-03,3380,-14980.390049996273,692584.8307904871,337536.1248411748,-2.16296825803971,C2_match10k,res,5pct
2026-04,14532,18624.10211118904,2207860.9289831123,1040930.0064169795,0.8435360156387591,C2_match10k,res,5pct
2026-05,35899,55147.16171327739,2620342.0849825214,1198601.6329470752,2.1045787124258335,C2_match10k,res,5pct
2026-06,23747,60132.697819750385,2883296.5183459674,1319030.418975669,2.085553720789221,C2_match10k,res,5pct
2026-07,28846,127096.56708363707,3972991.1063874317,1834435.5622601558,3.19901463860068,C2_match10k,res,5pct
2026-08,18783,31807.81002619875,3441948.557339611,1594816.8993820478,0.9241221795244957,C2_match10k,res,5pct
2026-01,4464,6819.948502897853,469565.395707148,236427.49763515973,1.4523958888893984,C2_match10k,m30,actual
2026-02,8808,16622.193819752687,1376437.6372695896,690458.2929789738,1.2076241864997082,C2_match10k,m30,actual
2026-03,3380,10148.350759002698,692584.8307904871,337536.1248411748,1.465286316972868,C2_match10k,m30,actual
2026-04,14532,26063.336046988035,2207860.9289831123,1040930.0064169795,1.1804790648200918,C2_match10k,m30,actual
2026-05,35899,46798.71650767022,2620342.0849825214,1198601.6329470752,1.7859773644013501,C2_match10k,m30,actual
2026-06,23747,29167.48805065546,2883296.5183459674,1319030.418975669,1.0116020972892406,C2_match10k,m30,actual
2026-07,28846,23952.649352464643,3972991.1063874317,1834435.5622601558,0.6028870619407036,C2_match10k,m30,actual
2026-08,18783,29690.620878225447,3441948.557339611,1594816.8993820478,0.8626108259204852,C2_match10k,m30,actual
2026-01,4464,2555.4506691064103,469565.395707148,236427.49763515973,0.544216139534302,C2_match10k,m30,5pct
2026-02,8808,3197.093480496952,1376437.6372695896,690458.2929789738,0.23227303540165897,C2_match10k,m30,5pct
2026-03,3380,4756.745806690287,692584.8307904871,337536.1248411748,0.6868105674883376,C2_match10k,m30,5pct
2026-04,14532,17491.576558882192,2207860.9289831123,1040930.0064169795,0.7922408666807829,C2_match10k,m30,5pct
2026-05,35899,36812.61138883183,2620342.0849825214,1198601.6329470752,1.404878072974101,C2_match10k,m30,5pct
2026-06,23747,18833.619733915333,2883296.5183459674,1319030.418975669,0.653197463877889,C2_match10k,m30,5pct
2026-07,28846,20761.776516821516,3972991.1063874317,1834435.5622601558,0.5225729421705104,C2_match10k,m30,5pct
2026-08,18783,29690.620878225447,3441948.557339611,1594816.8993820478,0.8626108259204852,C2_match10k,m30,5pct
2026-01,4464,5242.692604209237,469565.395707148,236427.49763515973,1.116498926909624,C3_match_none,res,actual
2026-02,8808,35375.02444104364,1376437.6372695896,690458.2929789738,2.570041931664724,C3_match_none,res,actual
2026-03,3380,-9576.281113533949,692584.8307904871,337536.1248411748,-1.382687100236369,C3_match_none,res,actual
2026-04,14532,27198.99888130569,2207860.9289831123,1040930.0064169795,1.2319163097755843,C3_match_none,res,actual
2026-05,35899,65133.26683211579,2620342.0849825214,1198601.6329470752,2.485678003853083,C3_match_none,res,actual
2026-06,23760,70697.20519366312,2884586.7961307964,1319592.0199506904,2.4508607363970434,C3_match_none,res,actual
2026-07,28906,134416.95097655107,3992643.8064129706,1844115.125847245,3.366615142594264,C3_match_none,res,actual
2026-08,18871,30248.07102049023,3492045.977441375,1618614.5238789225,0.8661991055069962,C3_match_none,res,actual
2026-01,4464,974.5656700857448,469565.395707148,236427.49763515973,0.20754631388841702,C3_match_none,res,5pct
2026-02,8808,21935.237428425276,1376437.6372695896,690458.2929789738,1.5936237744804584,C3_match_none,res,5pct
2026-03,3380,-14980.390049996273,692584.8307904871,337536.1248411748,-2.16296825803971,C3_match_none,res,5pct
2026-04,14532,18624.10211118904,2207860.9289831123,1040930.0064169795,0.8435360156387591,C3_match_none,res,5pct
2026-05,35899,55147.16171327739,2620342.0849825214,1198601.6329470752,2.1045787124258335,C3_match_none,res,5pct
2026-06,23760,60356.11067564197,2884586.7961307964,1319592.0199506904,2.0923659068466884,C3_match_none,res,5pct
2026-07,28906,131197.46795115623,3992643.8064129706,1844115.125847245,3.2859797746151886,C3_match_none,res,5pct
2026-08,18871,30248.07102049023,3492045.977441375,1618614.5238789225,0.8661991055069962,C3_match_none,res,5pct
2026-01,4464,6819.948502897853,469565.395707148,236427.49763515973,1.4523958888893984,C3_match_none,m30,actual
2026-02,8808,16622.193819752687,1376437.6372695896,690458.2929789738,1.2076241864997082,C3_match_none,m30,actual
2026-03,3380,10148.350759002698,692584.8307904871,337536.1248411748,1.465286316972868,C3_match_none,m30,actual
2026-04,14532,26063.336046988035,2207860.9289831123,1040930.0064169795,1.1804790648200918,C3_match_none,m30,actual
2026-05,35899,46798.71650767022,2620342.0849825214,1198601.6329470752,1.7859773644013501,C3_match_none,m30,actual
2026-06,23760,29168.392108467844,2884586.7961307964,1319592.0199506904,1.0111809479122797,C3_match_none,m30,actual
2026-07,28906,24821.519432072804,3992643.8064129706,1844115.125847245,0.6216812877774012,C3_match_none,m30,actual
2026-08,18871,29956.39004015544,3492045.977441375,1618614.5238789225,0.8578463809948031,C3_match_none,m30,actual
2026-01,4464,2555.4506691064103,469565.395707148,236427.49763515973,0.544216139534302,C3_match_none,m30,5pct
2026-02,8808,3197.093480496952,1376437.6372695896,690458.2929789738,0.23227303540165897,C3_match_none,m30,5pct
2026-03,3380,4756.745806690287,692584.8307904871,337536.1248411748,0.6868105674883376,C3_match_none,m30,5pct
2026-04,14532,17491.576558882192,2207860.9289831123,1040930.0064169795,0.7922408666807829,C3_match_none,m30,5pct
2026-05,35899,36812.61138883183,2620342.0849825214,1198601.6329470752,1.404878072974101,C3_match_none,m30,5pct
2026-06,23760,18829.71421016137,2884586.7961307964,1319592.0199506904,0.6527698953423197,C3_match_none,m30,5pct
2026-07,28906,21609.207314858948,3992643.8064129706,1844115.125847245,0.5412255228014659,C3_match_none,m30,5pct
2026-08,18871,29956.39004015544,3492045.977441375,1618614.5238789225,0.8578463809948031,C3_match_none,m30,5pct
2026-01,4391,4282.196025640758,421116.6451248071,218925.35960521924,1.0168669595977704,C4_net2000_match10k,res,actual
2026-02,8505,31739.099759293367,1148496.5297219027,595212.5031403593,2.76353466796967,C4_net2000_match10k,res,actual
2026-03,3256,5441.994274436825,532579.2681524667,288027.8546545758,1.0218186474504094,C4_net2000_match10k,res,actual
2026-04,14086,22001.310084732155,1805762.926462087,894509.0078930148,1.2183941625071393,C4_net2000_match10k,res,actual
2026-05,34940,43666.523747047395,2182720.7430606824,1058717.9090824313,2.0005547611105197,C4_net2000_match10k,res,actual
2026-06,22845,32348.098438151705,2175839.6159462044,1100844.7585079947,1.4866949843674269,C4_net2000_match10k,res,actual
2026-07,27047,40683.31853734782,2845290.245049511,1419127.3185936613,1.4298477495620094,C4_net2000_match10k,res,actual
2026-08,17385,24632.04479431746,2399778.40094393,1203674.772793575,1.026429973060374,C4_net2000_match10k,res,actual
2026-01,4391,404.9130596001684,421116.6451248071,218925.35960521924,0.09615223342220625,C4_net2000_match10k,res,5pct
2026-02,8505,20410.98048157101,1148496.5297219027,595212.5031403593,1.7771913064912204,C4_net2000_match10k,res,5pct
2026-03,3256,1001.7401647636019,532579.2681524667,288027.8546545758,0.18809221925567404,C4_net2000_match10k,res,5pct
2026-04,14086,14895.412317124054,1805762.926462087,894509.0078930148,0.8248819431855132,C4_net2000_match10k,res,5pct
2026-05,34940,35046.57356616756,2182720.7430606824,1058717.9090824313,1.605637078292668,C4_net2000_match10k,res,5pct
2026-06,22845,24040.311920807246,2175839.6159462044,1100844.7585079947,1.1048751821881353,C4_net2000_match10k,res,5pct
2026-07,27047,38296.974409985174,2845290.245049511,1419127.3185936613,1.3459777777194315,C4_net2000_match10k,res,5pct
2026-08,17385,24632.04479431746,2399778.40094393,1203674.772793575,1.026429973060374,C4_net2000_match10k,res,5pct
2026-01,4391,6251.929248890258,421116.6451248071,218925.35960521924,1.4846074885112563,C4_net2000_match10k,m30,actual
2026-02,8505,13708.46201399364,1148496.5297219027,595212.5031403593,1.193600647388374,C4_net2000_match10k,m30,actual
2026-03,3256,7923.955569640823,532579.2681524667,288027.8546545758,1.4878452924255314,C4_net2000_match10k,m30,actual
2026-04,14086,22795.0730741812,1805762.926462087,894509.0078930148,1.2623513718294181,C4_net2000_match10k,m30,actual
2026-05,34940,34709.39349150342,2182720.7430606824,1058717.9090824313,1.590189381846107,C4_net2000_match10k,m30,actual
2026-06,22845,24362.357719881893,2175839.6159462044,1100844.7585079947,1.1196761719630455,C4_net2000_match10k,m30,actual
2026-07,27047,14484.383360235304,2845290.245049511,1419127.3185936613,0.5090652310581151,C4_net2000_match10k,m30,actual
2026-08,17385,16216.619355983003,2399778.40094393,1203674.772793575,0.675754867599623,C4_net2000_match10k,m30,actual
2026-01,4391,2377.9752006817166,421116.6451248071,218925.35960521924,0.5646832601397059,C4_net2000_match10k,m30,5pct
2026-02,8505,2391.0570096339084,1148496.5297219027,595212.5031403593,0.20819018148995885,C4_net2000_match10k,m30,5pct
2026-03,3256,3491.0274711547436,532579.2681524667,288027.8546545758,0.6554944362113871,C4_net2000_match10k,m30,5pct
2026-04,14086,15692.312588583907,1805762.926462087,894509.0078930148,0.8690128897113214,C4_net2000_match10k,m30,5pct
2026-05,34940,26089.44331062358,2182720.7430606824,1058717.9090824313,1.1952716990282555,C4_net2000_match10k,m30,5pct
2026-06,22845,16056.967942152098,2175839.6159462044,1100844.7585079947,0.7379665221863987,C4_net2000_match10k,m30,5pct
2026-07,27047,12101.394800974856,2845290.245049511,1419127.3185936613,0.4253131933387091,C4_net2000_match10k,m30,5pct
2026-08,17385,16216.619355983003,2399778.40094393,1203674.772793575,0.675754867599623,C4_net2000_match10k,m30,5pct
2026-01,4463,5074.572341903404,467170.10055704927,235559.44192236682,1.0862365412196824,C5_net5000_match10k,res,actual
2026-02,8773,32386.962624315966,1343376.2656479224,682005.1085574575,2.4108630956566324,C5_net5000_match10k,res,actual
2026-03,3367,-1625.558333975605,621306.8933187441,329387.9781449293,-0.2616353289261926,C5_net5000_match10k,res,actual
2026-04,14461,21925.25709978222,2110953.1898330622,1018808.0138898694,1.0386425054511088,C5_net5000_match10k,res,actual
2026-05,35750,64180.32592145134,2472931.2320960965,1177079.9519984578,2.5953138157849645,C5_net5000_match10k,res,actual
2026-06,23588,40188.38377082549,2598536.185571994,1275416.8263553535,1.5465777999923889,C5_net5000_match10k,res,actual
2026-07,28293,91312.67064086354,3560244.6864241883,1714309.273869972,2.564786375190843,C5_net5000_match10k,res,actual
2026-08,18410,48093.50218230316,3036586.9597640336,1469084.6283139312,1.5838012485583617,C5_net5000_match10k,res,actual
2026-01,4463,816.0878391749407,467170.10055704927,235559.44192236682,0.1746875149333926,C5_net5000_match10k,res,5pct
2026-02,8773,19191.872408515024,1343376.2656479224,682005.1085574575,1.4286297070507354,C5_net5000_match10k,res,5pct
2026-03,3367,-6789.025014469628,621306.8933187441,329387.9781449293,-1.0927007389545746,C5_net5000_match10k,res,5pct
2026-04,14461,13640.397067829119,2110953.1898330622,1018808.0138898694,0.6461724084420756,C5_net5000_match10k,res,5pct
2026-05,35750,54443.672602409235,2472931.2320960965,1177079.9519984578,2.201584576869204,C5_net5000_match10k,res,5pct
2026-06,23588,30335.704271416736,2598536.185571994,1275416.8263553535,1.1674151177825216,C5_net5000_match10k,res,5pct
2026-07,28293,88403.29118954924,3560244.6864241883,1714309.273869972,2.4830678499892396,C5_net5000_match10k,res,5pct
2026-08,18410,48093.50218230316,3036586.9597640336,1469084.6283139312,1.5838012485583617,C5_net5000_match10k,res,5pct
2026-01,4463,6816.02400668578,467170.10055704927,235559.44192236682,1.459002619936168,C5_net5000_match10k,m30,actual
2026-02,8773,15983.60208109348,1343376.2656479224,682005.1085574575,1.1898082830415682,C5_net5000_match10k,m30,actual
2026-03,3367,9018.5914540181,621306.8933187441,329387.9781449293,1.4515518097416897,C5_net5000_match10k,m30,actual
2026-04,14461,26488.67114519441,2110953.1898330622,1018808.0138898694,1.254820394538885,C5_net5000_match10k,m30,actual
2026-05,35750,40722.65900878257,2472931.2320960965,1177079.9519984578,1.6467364106306095,C5_net5000_match10k,m30,actual
2026-06,23588,28110.161051410767,2598536.185571994,1275416.8263553535,1.0817690824352755,C5_net5000_match10k,m30,actual
2026-07,28293,19257.279275908637,3560244.6864241883,1714309.273869972,0.5408976340682392,C5_net5000_match10k,m30,actual
2026-08,18410,22963.089689563123,3036586.9597640336,1469084.6283139312,0.7562138016738218,C5_net5000_match10k,m30,actual
2026-01,4463,2561.017724289366,467170.10055704927,235559.44192236682,0.5481981233892392,C5_net5000_match10k,m30,5pct
2026-02,8773,2803.1985386551696,1343376.2656479224,682005.1085574575,0.20866816024199758,C5_net5000_match10k,m30,5pct
2026-03,3367,3865.432630350989,621306.8933187441,329387.9781449293,0.6221454601450779,C5_net5000_match10k,m30,5pct
2026-04,14461,18206.948395252122,2110953.1898330622,1018808.0138898694,0.8624989167425337,C5_net5000_match10k,m30,5pct
2026-05,35750,30986.00568974046,2472931.2320960965,1177079.9519984578,1.2530071717148488,C5_net5000_match10k,m30,5pct
2026-06,23588,18259.898171716686,2598536.185571994,1275416.8263553535,0.7026993994966164,C5_net5000_match10k,m30,5pct
2026-07,28293,16351.498962383892,3560244.6864241883,1714309.273869972,0.4592802012944477,C5_net5000_match10k,m30,5pct
2026-08,18410,22963.089689563123,3036586.9597640336,1469084.6283139312,0.7562138016738218,C5_net5000_match10k,m30,5pct
2026-01,4388,4276.91674936221,421068.03563779965,218897.6388814978,1.0157305678365929,C6_net2000_match3k,res,actual
2026-02,8440,31025.7536643673,1130735.455918877,585927.1763233647,2.74385608958858,C6_net2000_match3k,res,actual
2026-03,3227,6004.416620479179,521036.52973738377,280724.96403904055,1.1523983977679193,C6_net2000_match3k,res,actual
2026-04,13917,21749.876577743777,1769227.5280236441,872658.9704764286,1.2293431021865215,C6_net2000_match3k,res,actual
2026-05,34338,43721.503144446324,2099414.9626150057,1015402.3663227177,2.082556518030497,C6_net2000_match3k,res,actual
2026-06,22424,27476.881161375033,2081341.3007351079,1052210.2694617002,1.320152593506432,C6_net2000_match3k,res,actual
2026-07,26268,40544.32203773532,2639954.432483345,1314439.416801267,1.5357962826500835,C6_net2000_match3k,res,actual
2026-08,16914,22650.21953344,2280064.1878190152,1136324.324308721,0.9934027144694536,C6_net2000_match3k,res,actual
2026-01,4388,400.15712630604844,421068.03563779965,218897.6388814978,0.09503384071885745,C6_net2000_match3k,res,5pct
2026-02,8440,19873.527255800887,1130735.455918877,585927.1763233647,1.7575753154084068,C6_net2000_match3k,res,5pct
2026-03,3227,1650.7343257729492,521036.52973738377,280724.96403904055,0.31681738833263057,C6_net2000_match3k,res,5pct
2026-04,13917,14771.919746734404,1769227.5280236441,872658.9704764286,0.8349361239724611,C6_net2000_match3k,res,5pct
2026-05,34338,35436.52911428936,2099414.9626150057,1015402.3663227177,1.6879240047975106,C6_net2000_match3k,res,5pct
2026-06,22424,19489.66267963059,2081341.3007351079,1052210.2694617002,0.9363991707053065,C6_net2000_match3k,res,5pct
2026-07,26268,38281.54461348773,2639954.432483345,1314439.416801267,1.4500835371418572,C6_net2000_match3k,res,5pct
2026-08,16914,22650.21953344,2280064.1878190152,1136324.324308721,0.9934027144694536,C6_net2000_match3k,res,5pct
2026-01,4388,6249.53556460696,421068.03563779965,218897.6388814978,1.4842103972914191,C6_net2000_match3k,m30,actual
2026-02,8440,13331.538975816238,1130735.455918877,585927.1763233647,1.1790148532118454,C6_net2000_match3k,m30,actual
2026-03,3227,7863.326621764975,521036.52973738377,280724.96403904055,1.5091699282060511,C6_net2000_match3k,m30,actual
2026-04,13917,22231.80372758092,1769227.5280236441,872658.9704764286,1.2565825127317265,C6_net2000_match3k,m30,actual
2026-05,34338,32504.91906075253,2099414.9626150057,1015402.3663227177,1.548284624029963,C6_net2000_match3k,m30,actual
2026-06,22424,23417.475441146056,2081341.3007351079,1052210.2694617002,1.1251146283829208,C6_net2000_match3k,m30,actual
2026-07,26268,12987.747851245207,2639954.432483345,1314439.416801267,0.4919686374672736,C6_net2000_match3k,m30,actual
2026-08,16914,15585.365325828525,2280064.1878190152,1136324.324308721,0.6835494109811282,C6_net2000_match3k,m30,actual
2026-01,4388,2376.104859382847,421068.03563779965,218897.6388814978,0.564304259235379,C6_net2000_match3k,m30,5pct
2026-02,8440,2188.7790481485513,1130735.455918877,585927.1763233647,0.19357127581799136,C6_net2000_match3k,m30,5pct
2026-03,3227,3514.726603745888,521036.52973738377,280724.96403904055,0.674564335348503,C6_net2000_match3k,m30,5pct
2026-04,13917,15256.984178582356,1769227.5280236441,872658.9704764286,0.8623528594779167,C6_net2000_match3k,m30,5pct
2026-05,34338,24219.945030595572,2099414.9626150057,1015402.3663227177,1.1536521107969768,C6_net2000_match3k,m30,5pct
2026-06,22424,15432.60455701628,2081341.3007351079,1052210.2694617002,0.7414739981167744,C6_net2000_match3k,m30,5pct
2026-07,26268,10727.429516533433,2639954.432483345,1314439.416801267,0.4063490408977395,C6_net2000_match3k,m30,5pct
2026-08,16914,15585.365325828525,2280064.1878190152,1136324.324308721,0.6835494109811282,C6_net2000_match3k,m30,5pct
2026-01,2731,-163.63132492909983,295402.9474360321,148219.7455690532,-0.05539258370620465,C7_wallet_day5k,res,actual
2026-02,6936,20923.523385279557,1023592.1792293272,503992.26602797856,2.0441269296364775,C7_wallet_day5k,res,actual
2026-03,2122,-4500.725093536648,464237.1621173848,216752.63801970083,-0.9694883263995604,C7_wallet_day5k,res,actual
2026-04,11127,16136.255031593168,1422816.6616043306,666954.8831718228,1.1341064149050906,C7_wallet_day5k,res,actual
2026-05,29852,40004.20435793828,1776060.087751184,834637.7347214767,2.252412777801392,C7_wallet_day5k,res,actual
2026-06,20655,53796.7226397014,2116718.8631106857,971384.5670051549,2.541514774458185,C7_wallet_day5k,res,actual
2026-07,21388,37477.74995828276,2519831.723646592,1155783.683446682,1.487311617144282,C7_wallet_day5k,res,actual
2026-08,14584,34085.90838638733,2233496.9956230107,1052205.398667161,1.5261228671086446,C7_wallet_day5k,res,actual
2026-01,2731,-2872.1266015975443,295402.9474360321,148219.7455690532,-0.9722741856593992,C7_wallet_day5k,res,5pct
2026-02,6936,10917.2583512182,1023592.1792293272,503992.26602797856,1.066563282990098,C7_wallet_day5k,res,5pct
2026-03,2122,-8052.328500682047,464237.1621173848,216752.63801970083,-1.7345290635405817,C7_wallet_day5k,res,5pct
2026-04,11127,10647.177677041127,1422816.6616043306,666954.8831718228,0.7483169099970792,C7_wallet_day5k,res,5pct
2026-05,29852,33034.367666266226,1776060.087751184,834637.7347214767,1.8599802953791817,C7_wallet_day5k,res,5pct
2026-06,20655,46150.224743160936,2116718.8631106857,971384.5670051549,2.1802718134868195,C7_wallet_day5k,res,5pct
2026-07,21388,35260.99031343855,2519831.723646592,1155783.683446682,1.3993390900885385,C7_wallet_day5k,res,5pct
2026-08,14584,34085.90838638733,2233496.9956230107,1052205.398667161,1.5261228671086446,C7_wallet_day5k,res,5pct
2026-01,2731,4274.9637334571225,295402.9474360321,148219.7455690532,1.447163533932864,C7_wallet_day5k,m30,actual
2026-02,6936,13104.508260390627,1023592.1792293272,503992.26602797856,1.280247009141584,C7_wallet_day5k,m30,actual
2026-03,2122,5774.897002473,464237.1621173848,216752.63801970083,1.2439540548916217,C7_wallet_day5k,m30,actual
2026-04,11127,13386.528336376405,1422816.6616043306,666954.8831718228,0.9408470323423193,C7_wallet_day5k,m30,actual
2026-05,29852,22482.354743133663,1776060.087751184,834637.7347214767,1.2658555247193481,C7_wallet_day5k,m30,actual
2026-06,20655,19964.489611043573,2116718.8631106857,971384.5670051549,0.9431809749975099,C7_wallet_day5k,m30,actual
2026-07,21388,15451.140340833497,2519831.723646592,1155783.683446682,0.6131814357219566,C7_wallet_day5k,m30,actual
2026-08,14584,16598.239480084303,2233496.9956230107,1052205.398667161,0.7431502935805112,C7_wallet_day5k,m30,actual
2026-01,2731,1569.6149964247256,295402.9474360321,148219.7455690532,0.5313471006461833,C7_wallet_day5k,m30,5pct
2026-02,6936,3107.7699843177393,1023592.1792293272,503992.26602797856,0.3036140806251187,C7_wallet_day5k,m30,5pct
2026-03,2122,2228.3084614701947,464237.1621173848,216752.63801970083,0.4799935557306279,C7_wallet_day5k,m30,5pct
2026-04,11127,7900.253347854795,1422816.6616043306,666954.8831718228,0.5552544864738003,C7_wallet_day5k,m30,5pct
2026-05,29852,15512.5180514616,1776060.087751184,834637.7347214767,0.8734230422971376,C7_wallet_day5k,m30,5pct
2026-06,20655,12320.21570981896,2116718.8631106857,971384.5670051549,0.5820430820800373,C7_wallet_day5k,m30,5pct
2026-07,21388,13239.768566858416,2519831.723646592,1155783.683446682,0.5254227273438082,C7_wallet_day5k,m30,5pct
2026-08,14584,16598.239480084303,2233496.9956230107,1052205.398667161,0.7431502935805112,C7_wallet_day5k,m30,5pct
2026-01,4181,3104.439640940186,441856.5966019504,222289.87933669914,0.7025898594282711,C8_wallet_day15k,res,actual
2026-02,8584,33776.42507516235,1314095.4769114642,655648.8028391221,2.5703174288787234,C8_wallet_day15k,res,actual
2026-03,3237,-1783.8619865862258,626897.6926319301,310315.6227125739,-0.2845539244365321,C8_wallet_day15k,res,actual
2026-04,13846,24579.45159671528,2013854.2821804935,948990.6799993063,1.2205178802759238,C8_wallet_day15k,res,actual
2026-05,34818,66510.66759218834,2400009.3032468297,1094034.7747324046,2.7712670739321728,C8_wallet_day15k,res,actual
2026-06,22647,59556.78034066244,2459232.3325478085,1175393.5470564445,2.4217630661581517,C8_wallet_day15k,res,actual
2026-07,26454,80671.13871721015,3243921.3229227453,1497286.2507162616,2.4868401754123357,C8_wallet_day15k,res,actual
2026-08,17114,52230.828433812625,2778887.3163360776,1280838.7582552899,1.8795590640457567,C8_wallet_day15k,res,actual
2026-01,4181,-880.4095447624654,441856.5966019504,222289.87933669914,-0.1992523256489002,C8_wallet_day15k,res,5pct
2026-02,8584,20960.558906866256,1314095.4769114642,655648.8028391221,1.5950560119216095,C8_wallet_day15k,res,5pct
2026-03,3237,-6712.878843971397,626897.6926319301,310315.6227125739,-1.070809307941212,C8_wallet_day15k,res,5pct
2026-04,13846,16767.92269834459,2013854.2821804935,948990.6799993063,0.8326284005111425,C8_wallet_day15k,res,5pct
2026-05,34818,57420.58676748688,2400009.3032468297,1094034.7747324046,2.392515174412282,C8_wallet_day15k,res,5pct
2026-06,22647,50352.606520610236,2459232.3325478085,1175393.5470564445,2.047492864102191,C8_wallet_day15k,res,5pct
2026-07,26454,78026.11780183214,3243921.3229227453,1497286.2507162616,2.405302411327636,C8_wallet_day15k,res,5pct
2026-08,17114,52230.828433812625,2778887.3163360776,1280838.7582552899,1.8795590640457567,C8_wallet_day15k,res,5pct
2026-01,4181,6036.66923107656,441856.5966019504,222289.87933669914,1.366205524032209,C8_wallet_day15k,m30,actual
2026-02,8584,15514.933168417558,1314095.4769114642,655648.8028391221,1.180654940300267,C8_wallet_day15k,m30,actual
2026-03,3237,8655.779717288335,626897.6926319301,310315.6227125739,1.3807324255650746,C8_wallet_day15k,m30,actual
2026-04,13846,24004.946221123224,2013854.2821804935,948990.6799993063,1.191990226578457,C8_wallet_day15k,m30,actual
2026-05,34818,41321.870431017276,2400009.3032468297,1094034.7747324046,1.721737927228673,C8_wallet_day15k,m30,actual
2026-06,22647,25104.37330090348,2459232.3325478085,1175393.5470564445,1.0208215372190923,C8_wallet_day15k,m30,actual
2026-07,26454,17307.670915341783,3243921.3229227453,1497286.2507162616,0.5335416365692778,C8_wallet_day15k,m30,actual
2026-08,17114,19723.456475375104,2778887.3163360776,1280838.7582552899,0.7097609305504403,C8_wallet_day15k,m30,actual
2026-01,4181,2055.1158875099577,441856.5966019504,222289.87933669914,0.46510924660050357,C8_wallet_day15k,m30,5pct
2026-02,8584,2709.438031804598,1314095.4769114642,655648.8028391221,0.20618273781541546,C8_wallet_day15k,m30,5pct
2026-03,3237,3739.1048465098906,626897.6926319301,310315.6227125739,0.5964457822155724,C8_wallet_day15k,m30,5pct
2026-04,13846,16196.486483305554,2013854.2821804935,948990.6799993063,0.8042531491289859,C8_wallet_day15k,m30,5pct
2026-05,34818,32231.78960631581,2400009.3032468297,1094034.7747324046,1.342986027708782,C8_wallet_day15k,m30,5pct
2026-06,22647,15902.07756264797,2459232.3325478085,1175393.5470564445,0.6466277037832019,C8_wallet_day15k,m30,5pct
2026-07,26454,14668.758561288585,3243921.3229227453,1497286.2507162616,0.45219218042169285,C8_wallet_day15k,m30,5pct
2026-08,17114,19723.456475375104,2778887.3163360776,1280838.7582552899,0.7097609305504403,C8_wallet_day15k,m30,5pct
2026-01,4447,5335.305184229022,465339.53665254015,234042.24767503317,1.1465402709189503,C9_day50k,res,actual
2026-02,8646,33711.226338246146,1326009.6453542563,662944.0264762192,2.542306268763216,C9_day50k,res,actual
2026-03,3294,-1992.4268128873598,641794.9238880163,317244.0438554439,-0.3104460223551112,C9_day50k,res,actual
2026-04,13459,26753.083912507096,1980547.7040605433,934457.466133017,1.3507922004432205,C9_day50k,res,actual
2026-05,33150,66862.7087143594,2208728.925585576,1036664.3699868503,3.0272030188871106,C9_day50k,res,actual
2026-06,20696,63828.65523164599,2236586.59397373,1065369.815203908,2.8538423418805348,C9_day50k,res,actual
2026-07,22045,42361.60419223991,2709774.9312002687,1230540.0401012495,1.5632886593085518,C9_day50k,res,actual
2026-08,13685,63996.51845417481,2212212.019442622,1021449.4816028707,2.892874547815677,C9_day50k,res,actual
2026-01,4447,1098.9785358134304,465339.53665254015,234042.24767503317,0.23616702413017102,C9_day50k,res,5pct
2026-02,8646,20775.004776169397,1326009.6453542563,662944.0264762192,1.5667310452043621,C9_day50k,res,5pct
2026-03,3294,-7024.848534530947,641794.9238880163,317244.0438554439,-1.094562807068365,C9_day50k,res,5pct
2026-04,13459,19038.0629876677,1980547.7040605433,934457.466133017,0.9612524327808732,C9_day50k,res,5pct
2026-05,33150,58204.89677966712,2208728.925585576,1036664.3699868503,2.635221375761894,C9_day50k,res,5pct
2026-06,20696,55482.31049059959,2236586.59397373,1065369.815203908,2.480669008751613,C9_day50k,res,5pct
2026-07,22045,40047.1389500449,2709774.9312002687,1230540.0401012495,1.4778769442784092,C9_day50k,res,5pct
2026-08,13685,63996.51845417481,2212212.019442622,1021449.4816028707,2.892874547815677,C9_day50k,res,5pct
2026-01,4447,6954.5587068410405,465339.53665254015,234042.24767503317,1.4945127501671693,C9_day50k,m30,actual
2026-02,8646,15671.858954216947,1326009.6453542563,662944.0264762192,1.1818812185208547,C9_day50k,m30,actual
2026-03,3294,9133.488254331249,641794.9238880163,317244.0438554439,1.4231163124507522,C9_day50k,m30,actual
2026-04,13459,23842.92993986811,1980547.7040605433,934457.466133017,1.2038553724803014,C9_day50k,m30,actual
2026-05,33150,34900.5963979346,2208728.925585576,1036664.3699868503,1.5801213083983037,C9_day50k,m30,actual
2026-06,20696,22783.519858091386,2236586.59397373,1065369.815203908,1.0186737200106364,C9_day50k,m30,actual
2026-07,22045,13628.669666544038,2709774.9312002687,1230540.0401012495,0.5029447098954211,C9_day50k,m30,actual
2026-08,13685,14189.921254462557,2212212.019442622,1021449.4816028707,0.6414358628264654,C9_day50k,m30,actual
2026-01,4447,2721.710278757497,465339.53665254015,234042.24767503317,0.5848869619668152,C9_day50k,m30,5pct
2026-02,8646,2746.0084238233317,1326009.6453542563,662944.0264762192,0.20708811835902663,C9_day50k,m30,5pct
2026-03,3294,4111.23532838556,641794.9238880163,317244.0438554439,0.6405839584207914,C9_day50k,m30,5pct
2026-04,13459,16130.978175581735,1980547.7040605433,934457.466133017,0.814470570060484,C9_day50k,m30,5pct
2026-05,33150,26242.78446324232,2208728.925585576,1036664.3699868503,1.1881396652730873,C9_day50k,m30,5pct
2026-06,20696,14439.014093587277,2236586.59397373,1065369.815203908,0.6455826093428185,C9_day50k,m30,5pct
2026-07,22045,11319.505898549094,2709774.9312002687,1230540.0401012495,0.41772863746788114,C9_day50k,m30,5pct
2026-08,13685,14189.921254462557,2212212.019442622,1021449.4816028707,0.6414358628264654,C9_day50k,m30,5pct
2026-01,4447,5335.305184229022,465339.53665254015,234042.24767503317,1.1465402709189503,C10_day100k,res,actual
2026-02,8646,33711.226338246146,1326009.6453542563,662944.0264762192,2.542306268763216,C10_day100k,res,actual
2026-03,3294,-1992.4268128873598,641794.9238880163,317244.0438554439,-0.3104460223551112,C10_day100k,res,actual
2026-04,14116,24996.03660709557,2090930.5343761144,984382.3112859236,1.1954503603130848,C10_day100k,res,actual
2026-05,34846,68688.65318138535,2428047.5844745464,1104456.246540475,2.828966516990657,C10_day100k,res,actual
2026-06,22631,59513.82744477775,2469311.4168227115,1178844.6384275078,2.4101385932664097,C10_day100k,res,actual
2026-07,25968,74589.45862607982,3202501.806046416,1474143.5955392458,2.329099658437437,C10_day100k,res,actual
2026-08,16734,50024.532281825996,2764211.959312052,1271814.566782569,1.8097212883152396,C10_day100k,res,actual
2026-01,4447,1098.9785358134304,465339.53665254015,234042.24767503317,0.23616702413017102,C10_day100k,res,5pct
2026-02,8646,20775.004776169397,1326009.6453542563,662944.0264762192,1.5667310452043621,C10_day100k,res,5pct
2026-03,3294,-7024.848534530947,641794.9238880163,317244.0438554439,-1.094562807068365,C10_day100k,res,5pct
2026-04,14116,16864.98950016961,2090930.5343761144,984382.3112859236,0.8065781824359716,C10_day100k,res,5pct
2026-05,34846,59483.80289735185,2428047.5844745464,1104456.246540475,2.4498614968546732,C10_day100k,res,5pct
2026-06,22631,50271.09059377264,2469311.4168227115,1178844.6384275078,2.0358343727441626,C10_day100k,res,5pct
2026-07,25968,71897.57671632181,3202501.806046416,1474143.5955392458,2.245044064630256,C10_day100k,res,5pct
2026-08,16734,50024.532281825996,2764211.959312052,1271814.566782569,1.8097212883152396,C10_day100k,res,5pct
2026-01,4447,6954.5587068410405,465339.53665254015,234042.24767503317,1.4945127501671693,C10_day100k,m30,actual
2026-02,8646,15671.858954216947,1326009.6453542563,662944.0264762192,1.1818812185208547,C10_day100k,m30,actual
2026-03,3294,9133.488254331249,641794.9238880163,317244.0438554439,1.4231163124507522,C10_day100k,m30,actual
2026-04,14116,25371.089813467373,2090930.5343761144,984382.3112859236,1.213387503618695,C10_day100k,m30,actual
2026-05,34846,43035.48642268097,2428047.5844745464,1104456.246540475,1.7724317553683482,C10_day100k,m30,actual
2026-06,22631,25334.820906723828,2469311.4168227115,1178844.6384275078,1.0259872745950531,C10_day100k,m30,actual
2026-07,25968,17069.5675685069,3202501.806046416,1474143.5955392458,0.5330072737595046,C10_day100k,m30,actual
2026-08,16734,19461.88234224927,2764211.959312052,1271814.566782569,0.7040662086959815,C10_day100k,m30,actual
2026-01,4447,2721.710278757497,465339.53665254015,234042.24767503317,0.5848869619668152,C10_day100k,m30,5pct
2026-02,8646,2746.0084238233317,1326009.6453542563,662944.0264762192,0.20708811835902663,C10_day100k,m30,5pct
2026-03,3294,4111.23532838556,641794.9238880163,317244.0438554439,0.6405839584207914,C10_day100k,m30,5pct
2026-04,14116,17243.11186709443,2090930.5343761144,984382.3112859236,0.8246621101757156,C10_day100k,m30,5pct
2026-05,34846,33830.63613864747,2428047.5844745464,1104456.246540475,1.3933267352323637,C10_day100k,m30,5pct
2026-06,22631,16093.96213751541,2469311.4168227115,1178844.6384275078,0.6517591109761148,C10_day100k,m30,5pct
2026-07,25968,14383.79422007372,3202501.806046416,1474143.5955392458,0.44914242336777765,C10_day100k,m30,5pct
2026-08,16734,19461.88234224927,2764211.959312052,1271814.566782569,0.7040662086959815,C10_day100k,m30,5pct
2026-01,3897,973.5845009636871,193700.35413497878,89884.64592593041,0.5026240170347088,D1_trade100_match300,res,actual
2026-02,6063,9094.811945932357,377183.04595264554,184542.28926999704,2.4112462220993334,D1_trade100_match300,res,actual
2026-03,2374,3147.640490478151,211094.10594807356,80326.52060346858,1.491107710630457,D1_trade100_match300,res,actual
2026-04,10007,5421.54240093402,603400.19010329,261344.25142541915,0.898498623277855,D1_trade100_match300,res,actual
2026-05,22188,16599.530063545455,691239.8564598472,308867.0060450412,2.4014139098632388,D1_trade100_match300,res,actual
2026-06,14840,10320.351138612394,584958.3230067943,273395.93778991705,1.7642882804990063,D1_trade100_match300,res,actual
2026-07,15570,5312.4475932966225,715492.0560883216,320721.49285790976,0.7424886898591707,D1_trade100_match300,res,actual
2026-08,9924,3089.435026171006,600984.1038053297,268864.6955650185,0.5140626859527941,D1_trade100_match300,res,actual
2026-01,3897,-801.0607149632126,193700.35413497878,89884.64592593041,-0.4135566599971205,D1_trade100_match300,res,5pct
2026-02,6063,5317.802205559936,377183.04595264554,184542.28926999704,1.4098730742599639,D1_trade100_match300,res,5pct
2026-03,2374,1761.5885183815483,211094.10594807356,80326.52060346858,0.8345038865343197,D1_trade100_match300,res,5pct
2026-04,10007,3077.886263465514,603400.19010329,261344.25142541915,0.5100903701967083,D1_trade100_match300,res,5pct
2026-05,22188,13915.66627184788,691239.8564598472,308867.0060450412,2.0131458193276526,D1_trade100_match300,res,5pct
2026-06,14840,8039.541258743181,584958.3230067943,273395.93778991705,1.3743784715154486,D1_trade100_match300,res,5pct
2026-07,15570,4659.441183713727,715492.0560883216,320721.49285790976,0.6512219309865486,D1_trade100_match300,res,5pct
2026-08,9924,3089.435026171006,600984.1038053297,268864.6955650185,0.5140626859527941,D1_trade100_match300,res,5pct
2026-01,3897,3499.2908725068214,193700.35413497878,89884.64592593041,1.8065485156874646,D1_trade100_match300,m30,actual
2026-02,6063,3888.3469880965195,377183.04595264554,184542.28926999704,1.0308912422815242,D1_trade100_match300,m30,actual
2026-03,2374,3159.8072749252465,211094.10594807356,80326.52060346858,1.4968713885846336,D1_trade100_match300,m30,actual
2026-04,10007,7434.049342403123,603400.19010329,261344.25142541915,1.2320263507259688,D1_trade100_match300,m30,actual
2026-05,22188,8552.571886202632,691239.8564598472,308867.0060450412,1.2372799117811626,D1_trade100_match300,m30,actual
2026-06,14840,5346.201921802538,584958.3230067943,273395.93778991705,0.9139457823801991,D1_trade100_match300,m30,actual
2026-07,15570,2549.638410371529,715492.0560883216,320721.49285790976,0.3563475497283225,D1_trade100_match300,m30,actual
2026-08,9924,4284.493447393023,600984.1038053297,268864.6955650185,0.7129129406692017,D1_trade100_match300,m30,actual
2026-01,3897,1726.040534278437,193700.35413497878,89884.64592593041,0.8910879600538352,D1_trade100_match300,m30,5pct
2026-02,6063,111.75744972409872,377183.04595264554,184542.28926999704,0.02962949976763526,D1_trade100_match300,m30,5pct
2026-03,2374,1776.4596069610386,211094.10594807356,80326.52060346858,0.8415486538492102,D1_trade100_match300,m30,5pct
2026-04,10007,5090.645548798476,603400.19010329,261344.25142541915,0.8436599179604268,D1_trade100_match300,m30,5pct
2026-05,22188,5868.70809450506,691239.8564598472,308867.0060450412,0.849011821245577,D1_trade100_match300,m30,5pct
2026-06,14840,3065.5170523145375,584958.3230067943,273395.93778991705,0.5240573442150905,D1_trade100_match300,m30,5pct
2026-07,15570,1896.7649986872343,715492.0560883216,320721.49285790976,0.2650993791681028,D1_trade100_match300,m30,5pct
2026-08,9924,4284.493447393023,600984.1038053297,268864.6955650185,0.7129129406692017,D1_trade100_match300,m30,5pct
2026-01,4221,3264.259002690003,311532.5176794821,146972.43601188387,1.047806831532242,D2_trade250_match750,res,actual
2026-02,7486,16670.798148326572,704665.5081440703,343421.6676443495,2.365774676872391,D2_trade250_match750,res,actual
2026-03,2813,1246.4409710226575,353024.59011630743,157454.1145585369,0.3530748298898967,D2_trade250_match750,res,actual
2026-04,12134,13514.58213210288,1105980.0468877275,496182.2922713112,1.2219553300381376,D2_trade250_match750,res,actual
2026-05,29018,37910.870924984156,1368836.2246285935,591998.2077179824,2.769569525037264,D2_trade250_match750,res,actual
2026-06,19001,15138.911898718256,1157203.521440581,551204.8116119073,1.3082324429735668,D2_trade250_match750,res,actual
2026-07,20350,17945.643586245413,1487285.242605375,677196.7173622723,1.206604024041068,D2_trade250_match750,res,actual
2026-08,12991,17767.008621065095,1260909.7422827578,571809.815273462,1.409062681116224,D2_trade250_match750,res,actual
2026-01,4221,462.77470257751236,311532.5176794821,146972.43601188387,0.14854780041088186,D2_trade250_match750,res,5pct
2026-02,7486,9741.176896931156,704665.5081440703,343421.6676443495,1.3823831001161409,D2_trade250_match750,res,5pct
2026-03,2813,-1358.3255221400223,353024.59011630743,157454.1145585369,-0.3847679623939252,D2_trade250_match750,res,5pct
2026-04,12134,9203.590541536298,1105980.0468877275,496182.2922713112,0.8321660564705099,D2_trade250_match750,res,5pct
2026-05,29018,32914.21528805918,1368836.2246285935,591998.2077179824,2.4045400535034642,D2_trade250_match750,res,5pct
2026-06,19001,10680.18078206283,1157203.521440581,551204.8116119073,0.9229302006242837,D2_trade250_match750,res,5pct
2026-07,20350,16614.96878758793,1487285.242605375,677196.7173622723,1.1171339775067224,D2_trade250_match750,res,5pct
2026-08,12991,17767.008621065095,1260909.7422827578,571809.815273462,1.409062681116224,D2_trade250_match750,res,5pct
2026-01,4221,4875.102398698186,311532.5176794821,146972.43601188387,1.5648775399150783,D2_trade250_match750,m30,actual
2026-02,7486,8167.44772319878,704665.5081440703,343421.6676443495,1.1590531434850546,D2_trade250_match750,m30,actual
2026-03,2813,5766.345944149789,353024.59011630743,157454.1145585369,1.6334119791060475,D2_trade250_match750,m30,actual
2026-04,12134,14507.468567608003,1105980.0468877275,496182.2922713112,1.311729683409082,D2_trade250_match750,m30,actual
2026-05,29018,22021.710391089942,1368836.2246285935,591998.2077179824,1.6087907373334671,D2_trade250_match750,m30,actual
2026-06,19001,11017.342607871173,1157203.521440581,551204.8116119073,0.952066114883222,D2_trade250_match750,m30,actual
2026-07,20350,6136.245811601251,1487285.242605375,677196.7173622723,0.41258029299423343,D2_trade250_match750,m30,actual
2026-08,12991,8540.851327716608,1260909.7422827578,571809.815273462,0.6773562802563651,D2_trade250_match750,m30,actual
2026-01,4221,2076.1543017816957,311532.5176794821,146972.43601188387,0.6664326142408451,D2_trade250_match750,m30,5pct
2026-02,7486,1242.8302187274705,704665.5081440703,343421.6676443495,0.17637165497156296,D2_trade250_match750,m30,5pct
2026-03,2813,3165.428522482928,353024.59011630743,157454.1145585369,0.8966594993963583,D2_trade250_match750,m30,5pct
2026-04,12134,10197.088350241083,1105980.0468877275,496182.2922713112,0.9219956887048822,D2_trade250_match750,m30,5pct
2026-05,29018,17025.05475416497,1368836.2246285935,591998.2077179824,1.243761265799667,D2_trade250_match750,m30,5pct
2026-06,19001,6559.18112964993,1157203.521440581,551204.8116119073,0.5668130979660801,D2_trade250_match750,m30,5pct
2026-07,20350,4805.9427389145685,1487285.242605375,677196.7173622723,0.3231352400495607,D2_trade250_match750,m30,5pct
2026-08,12991,8540.851327716608,1260909.7422827578,571809.815273462,0.6773562802563651,D2_trade250_match750,m30,5pct
2026-01,4386,5516.314235417602,398302.98596002255,193749.9339047411,1.3849542759820714,D3_trade500_match1500,res,actual
2026-02,8264,23539.26568322883,1019868.3947689797,498365.01608632354,2.308068943401363,D3_trade500_match1500,res,actual
2026-03,3112,-2955.068347606265,501499.6810553071,237176.15675601456,-0.5892463064757902,D3_trade500_match1500,res,actual
2026-04,13313,22713.812751830945,1597991.514226586,734584.5246055316,1.4213975825036989,D3_trade500_match1500,res,actual
2026-05,32851,53636.338280649354,1906206.3200724246,850647.0974398563,2.8137740241366678,D3_trade500_match1500,res,actual
2026-06,21315,31862.54815163504,1794398.513499909,838739.6906052594,1.7756673287411668,D3_trade500_match1500,res,actual
2026-07,24337,45279.65870312069,2324716.342107419,1056808.405528049,1.9477498343765003,D3_trade500_match1500,res,actual
2026-08,15548,29936.537105701726,1995536.5571206743,905369.8552870292,1.5001748276111087,D3_trade500_match1500,res,actual
2026-01,4386,1900.832646313433,398302.98596002255,193749.9339047411,0.4772328386471646,D3_trade500_match1500,res,5pct
2026-02,8264,13587.973103819431,1019868.3947689797,498365.01608632354,1.3323261288920885,D3_trade500_match1500,res,5pct
2026-03,3112,-6807.099803569329,501499.6810553071,237176.15675601456,-1.3573487802116107,D3_trade500_match1500,res,5pct
2026-04,13313,16492.616107532012,1597991.514226586,734584.5246055316,1.0320840855975568,D3_trade500_match1500,res,5pct
2026-05,32851,46510.72415313389,1906206.3200724246,850647.0974398563,2.4399627502738923,D3_trade500_match1500,res,5pct
2026-06,21315,25136.547049830126,1794398.513499909,838739.6906052594,1.4008341436263343,D3_trade500_match1500,res,5pct
2026-07,24337,43275.331873290466,2324716.342107419,1056808.405528049,1.861531709888536,D3_trade500_match1500,res,5pct
2026-08,15548,29936.537105701726,1995536.5571206743,905369.8552870292,1.5001748276111087,D3_trade500_match1500,res,5pct
2026-01,4386,5925.324858126912,398302.98596002255,193749.9339047411,1.4876425904378316,D3_trade500_match1500,m30,actual
2026-02,8264,12089.977715428426,1019868.3947689797,498365.01608632354,1.1854448845987666,D3_trade500_match1500,m30,actual
2026-03,3112,7566.206004610565,501499.6810553071,237176.15675601456,1.5087160152702346,D3_trade500_match1500,m30,actual
2026-04,13313,20965.76823826044,1597991.514226586,734584.5246055316,1.3120074826184347,D3_trade500_match1500,m30,actual
2026-05,32851,30667.575058877588,1906206.3200724246,850647.0974398563,1.6088276875355447,D3_trade500_match1500,m30,actual
2026-06,21315,17019.423174126758,1794398.513499909,838739.6906052594,0.9484751043919999,D3_trade500_match1500,m30,actual
2026-07,24337,10987.777348871306,2324716.342107419,1056808.405528049,0.47265023907865616,D3_trade500_match1500,m30,actual
2026-08,15548,14077.744841401514,1995536.5571206743,905369.8552870292,0.7054616359278355,D3_trade500_match1500,m30,actual
2026-01,4386,2313.3214893547934,398302.98596002255,193749.9339047411,0.5807944130217945,D3_trade500_match1500,m30,5pct
2026-02,8264,2144.5718219521223,1019868.3947689797,498365.01608632354,0.2102792706345126,D3_trade500_match1500,m30,5pct
2026-03,3112,3719.96956722375,501499.6810553071,237176.15675601456,0.7417690793732526,D3_trade500_match1500,m30,5pct
2026-04,13313,14746.080898013313,1597991.514226586,734584.5246055316,0.9227884357790402,D3_trade500_match1500,m30,5pct
2026-05,32851,23541.96093136213,1906206.3200724246,850647.0974398563,1.2350164136727693,D3_trade500_match1500,m30,5pct
2026-06,21315,10294.341976576025,1794398.513499909,838739.6906052594,0.5736931846035296,D3_trade500_match1500,m30,5pct
2026-07,24337,8984.134743436674,2324716.342107419,1056808.405528049,0.3864615471878307,D3_trade500_match1500,m30,5pct
2026-08,15548,14077.744841401514,1995536.5571206743,905369.8552870292,0.7054616359278355,D3_trade500_match1500,m30,5pct
2026-01,4464,5242.692604209237,469565.395707148,236427.49763515973,1.116498926909624,D4_trade2500_match7500,res,actual
2026-02,8808,35375.02444104364,1376437.6372695896,690458.2929789738,2.570041931664724,D4_trade2500_match7500,res,actual
2026-03,3380,-9576.281113533949,692584.8307904871,337536.1248411748,-1.382687100236369,D4_trade2500_match7500,res,actual
2026-04,14532,27198.99888130569,2207860.9289831123,1040930.0064169795,1.2319163097755843,D4_trade2500_match7500,res,actual
2026-05,35888,66434.9162871139,2615121.4082725807,1196110.5128990498,2.5404142261600584,D4_trade2500_match7500,res,actual
2026-06,23716,70100.34244146486,2872032.7279449455,1312855.5219957153,2.44079190878944,D4_trade2500_match7500,res,actual
2026-07,28757,120840.30279678163,3926229.8349924516,1812909.9341652193,3.077769460152196,D4_trade2500_match7500,res,actual
2026-08,18673,33878.99547077826,3376722.87251003,1563405.5547569848,1.0033099176301334,D4_trade2500_match7500,res,actual
2026-01,4464,974.5656700857448,469565.395707148,236427.49763515973,0.20754631388841702,D4_trade2500_match7500,res,5pct
2026-02,8808,21935.237428425276,1376437.6372695896,690458.2929789738,1.5936237744804584,D4_trade2500_match7500,res,5pct
2026-03,3380,-14980.390049996273,692584.8307904871,337536.1248411748,-2.16296825803971,D4_trade2500_match7500,res,5pct
2026-04,14532,18624.10211118904,2207860.9289831123,1040930.0064169795,0.8435360156387591,D4_trade2500_match7500,res,5pct
2026-05,35888,56468.71766159023,2615121.4082725807,1196110.5128990498,2.159315337443192,D4_trade2500_match7500,res,5pct
2026-06,23716,59796.19095830824,2872032.7279449455,1312855.5219957153,2.082016349482717,D4_trade2500_match7500,res,5pct
2026-07,28757,117693.382457972,3926229.8349924516,1812909.9341652193,2.9976182598642565,D4_trade2500_match7500,res,5pct
2026-08,18673,33878.99547077826,3376722.87251003,1563405.5547569848,1.0033099176301334,D4_trade2500_match7500,res,5pct
2026-01,4464,6819.948502897853,469565.395707148,236427.49763515973,1.4523958888893984,D4_trade2500_match7500,m30,actual
2026-02,8808,16622.193819752687,1376437.6372695896,690458.2929789738,1.2076241864997082,D4_trade2500_match7500,m30,actual
2026-03,3380,10148.350759002698,692584.8307904871,337536.1248411748,1.465286316972868,D4_trade2500_match7500,m30,actual
2026-04,14532,26063.336046988035,2207860.9289831123,1040930.0064169795,1.1804790648200918,D4_trade2500_match7500,m30,actual
2026-05,35888,46739.192674332946,2615121.4082725807,1196110.5128990498,1.787266645689178,D4_trade2500_match7500,m30,actual
2026-06,23716,28961.967092518415,2872032.7279449455,1312855.5219957153,1.008413546639556,D4_trade2500_match7500,m30,actual
2026-07,28757,23080.086791564936,3926229.8349924516,1812909.9341652193,0.5878434977459568,D4_trade2500_match7500,m30,actual
2026-08,18673,27699.186493767116,3376722.87251003,1563405.5547569848,0.8202978905751123,D4_trade2500_match7500,m30,actual
2026-01,4464,2555.4506691064103,469565.395707148,236427.49763515973,0.544216139534302,D4_trade2500_match7500,m30,5pct
2026-02,8808,3197.093480496952,1376437.6372695896,690458.2929789738,0.23227303540165897,D4_trade2500_match7500,m30,5pct
2026-03,3380,4756.745806690287,692584.8307904871,337536.1248411748,0.6868105674883376,D4_trade2500_match7500,m30,5pct
2026-04,14532,17491.576558882192,2207860.9289831123,1040930.0064169795,0.7922408666807829,D4_trade2500_match7500,m30,5pct
2026-05,35888,36772.994048809276,2615121.4082725807,1196110.5128990498,1.4061677569723117,D4_trade2500_match7500,m30,5pct
2026-06,23716,18660.23222907646,2872032.7279449455,1312855.5219957153,0.6497221305144599,D4_trade2500_match7500,m30,5pct
2026-07,28757,19940.337235916293,3926229.8349924516,1812909.9341652193,0.5078749353437846,D4_trade2500_match7500,m30,5pct
2026-08,18673,27699.186493767116,3376722.87251003,1563405.5547569848,0.8202978905751123,D4_trade2500_match7500,m30,5pct
2026-01,4464,5242.692604209237,469565.395707148,236427.49763515973,1.116498926909624,D5_trade5000_match15k,res,actual
2026-02,8808,35375.02444104364,1376437.6372695896,690458.2929789738,2.570041931664724,D5_trade5000_match15k,res,actual
2026-03,3380,-9576.281113533949,692584.8307904871,337536.1248411748,-1.382687100236369,D5_trade5000_match15k,res,actual
2026-04,14532,27198.99888130569,2207860.9289831123,1040930.0064169795,1.2319163097755843,D5_trade5000_match15k,res,actual
2026-05,35899,65133.26683211579,2620342.0849825214,1198601.6329470752,2.485678003853083,D5_trade5000_match15k,res,actual
2026-06,23760,70697.20519366312,2884586.7961307964,1319592.0199506904,2.4508607363970434,D5_trade5000_match15k,res,actual
2026-07,28906,134416.95097655107,3992643.8064129706,1844115.125847245,3.366615142594264,D5_trade5000_match15k,res,actual
2026-08,18864,30551.579770797533,3489005.8811995666,1616840.549588826,0.875652859613223,D5_trade5000_match15k,res,actual
2026-01,4464,974.5656700857448,469565.395707148,236427.49763515973,0.20754631388841702,D5_trade5000_match15k,res,5pct
2026-02,8808,21935.237428425276,1376437.6372695896,690458.2929789738,1.5936237744804584,D5_trade5000_match15k,res,5pct
2026-03,3380,-14980.390049996273,692584.8307904871,337536.1248411748,-2.16296825803971,D5_trade5000_match15k,res,5pct
2026-04,14532,18624.10211118904,2207860.9289831123,1040930.0064169795,0.8435360156387591,D5_trade5000_match15k,res,5pct
2026-05,35899,55147.16171327739,2620342.0849825214,1198601.6329470752,2.1045787124258335,D5_trade5000_match15k,res,5pct
2026-06,23760,60356.11067564197,2884586.7961307964,1319592.0199506904,2.0923659068466884,D5_trade5000_match15k,res,5pct
2026-07,28906,131197.46795115623,3992643.8064129706,1844115.125847245,3.2859797746151886,D5_trade5000_match15k,res,5pct
2026-08,18864,30551.579770797533,3489005.8811995666,1616840.549588826,0.875652859613223,D5_trade5000_match15k,res,5pct
2026-01,4464,6819.948502897853,469565.395707148,236427.49763515973,1.4523958888893984,D5_trade5000_match15k,m30,actual
2026-02,8808,16622.193819752687,1376437.6372695896,690458.2929789738,1.2076241864997082,D5_trade5000_match15k,m30,actual
2026-03,3380,10148.350759002698,692584.8307904871,337536.1248411748,1.465286316972868,D5_trade5000_match15k,m30,actual
2026-04,14532,26063.336046988035,2207860.9289831123,1040930.0064169795,1.1804790648200918,D5_trade5000_match15k,m30,actual
2026-05,35899,46798.71650767022,2620342.0849825214,1198601.6329470752,1.7859773644013501,D5_trade5000_match15k,m30,actual
2026-06,23760,29168.392108467844,2884586.7961307964,1319592.0199506904,1.0111809479122797,D5_trade5000_match15k,m30,actual
2026-07,28906,24821.519432072804,3992643.8064129706,1844115.125847245,0.6216812877774012,D5_trade5000_match15k,m30,actual
2026-08,18864,30035.52083724817,3489005.8811995666,1616840.549588826,0.8608618575019872,D5_trade5000_match15k,m30,actual
2026-01,4464,2555.4506691064103,469565.395707148,236427.49763515973,0.544216139534302,D5_trade5000_match15k,m30,5pct
2026-02,8808,3197.093480496952,1376437.6372695896,690458.2929789738,0.23227303540165897,D5_trade5000_match15k,m30,5pct
2026-03,3380,4756.745806690287,692584.8307904871,337536.1248411748,0.6868105674883376,D5_trade5000_match15k,m30,5pct
2026-04,14532,17491.576558882192,2207860.9289831123,1040930.0064169795,0.7922408666807829,D5_trade5000_match15k,m30,5pct
2026-05,35899,36812.61138883183,2620342.0849825214,1198601.6329470752,1.404878072974101,D5_trade5000_match15k,m30,5pct
2026-06,23760,18829.71421016137,2884586.7961307964,1319592.0199506904,0.6527698953423197,D5_trade5000_match15k,m30,5pct
2026-07,28906,21609.207314858948,3992643.8064129706,1844115.125847245,0.5412255228014659,D5_trade5000_match15k,m30,5pct
2026-08,18864,30035.52083724817,3489005.8811995666,1616840.549588826,0.8608618575019872,D5_trade5000_match15k,m30,5pct
2026-01,4447,5335.305184229022,465339.53665254015,234042.24767503317,1.1465402709189503,E1_stop2sigma,res,actual
2026-02,8206,31518.08216607187,1246389.8314905043,628668.3543862671,2.528749944018778,E1_stop2sigma,res,actual
2026-03,3294,-1992.4268128873598,641794.9238880163,317244.0438554439,-0.3104460223551112,E1_stop2sigma,res,actual
2026-04,14116,24996.03660709557,2090930.5343761144,984382.3112859236,1.1954503603130848,E1_stop2sigma,res,actual
2026-05,34732,69433.8626801932,2419486.4609599696,1100443.912250476,2.869776863832675,E1_stop2sigma,res,actual
2026-06,22631,59513.82744477775,2469311.4168227115,1178844.6384275078,2.4101385932664097,E1_stop2sigma,res,actual
2026-07,25268,74014.25180423803,3100392.5316208564,1428045.690017116,2.387254228274897,E1_stop2sigma,res,actual
2026-08,16687,55400.45655122345,2708225.9169363678,1250080.3843735442,2.045636451699503,E1_stop2sigma,res,actual
2026-01,4447,1098.9785358134304,465339.53665254015,234042.24767503317,0.23616702413017102,E1_stop2sigma,res,5pct
2026-02,8173,18926.31311283022,1238956.0142996977,624763.0219182755,1.5276016980738456,E1_stop2sigma,res,5pct
2026-03,3294,-7024.848534530947,641794.9238880163,317244.0438554439,-1.094562807068365,E1_stop2sigma,res,5pct
2026-04,14066,16769.421587360335,2081198.9701711144,980581.767743997,0.8057577304096767,E1_stop2sigma,res,5pct
2026-05,34732,60261.59932147998,2419486.4609599696,1100443.912250476,2.4906772694884287,E1_stop2sigma,res,5pct
2026-06,22631,50271.09059377264,2469311.4168227115,1178844.6384275078,2.0358343727441626,E1_stop2sigma,res,5pct
2026-07,25268,71588.99520767886,3100392.5316208564,1428045.690017116,2.3090300495032094,E1_stop2sigma,res,5pct
2026-08,16687,55400.45655122345,2708225.9169363678,1250080.3843735442,2.045636451699503,E1_stop2sigma,res,5pct
2026-01,4447,6954.5587068410405,465339.53665254015,234042.24767503317,1.4945127501671693,E1_stop2sigma,m30,actual
2026-02,8646,15671.858954216947,1326009.6453542563,662944.0264762192,1.1818812185208547,E1_stop2sigma,m30,actual
2026-03,3294,9133.488254331249,641794.9238880163,317244.0438554439,1.4231163124507522,E1_stop2sigma,m30,actual
2026-04,14116,25371.089813467373,2090930.5343761144,984382.3112859236,1.213387503618695,E1_stop2sigma,m30,actual
2026-05,34846,43035.48642268097,2428047.5844745464,1104456.246540475,1.7724317553683482,E1_stop2sigma,m30,actual
2026-06,22631,25334.820906723828,2469311.4168227115,1178844.6384275078,1.0259872745950531,E1_stop2sigma,m30,actual
2026-07,26699,17225.68232387452,3297346.5949088912,1515243.2471171375,0.5224104238987495,E1_stop2sigma,m30,actual
2026-08,17273,19487.36111574697,2829478.734632835,1303003.6252764398,0.6887261910549659,E1_stop2sigma,m30,actual
2026-01,4447,2721.710278757497,465339.53665254015,234042.24767503317,0.5848869619668152,E1_stop2sigma,m30,5pct
2026-02,7980,1080.4957784399217,1227933.4974016703,613232.498287121,0.08799302085383862,E1_stop2sigma,m30,5pct
2026-03,3294,4111.23532838556,641794.9238880163,317244.0438554439,0.6405839584207914,E1_stop2sigma,m30,5pct
2026-04,14116,17243.11186709443,2090930.5343761144,984382.3112859236,0.8246621101757156,E1_stop2sigma,m30,5pct
2026-05,34846,33830.63613864747,2428047.5844745464,1104456.246540475,1.3933267352323637,E1_stop2sigma,m30,5pct
2026-06,22631,16093.96213751541,2469311.4168227115,1178844.6384275078,0.6517591109761148,E1_stop2sigma,m30,5pct
2026-07,26699,14539.908975441338,3297346.5949088912,1515243.2471171375,0.44095785981039975,E1_stop2sigma,m30,5pct
2026-08,17273,19487.36111574697,2829478.734632835,1303003.6252764398,0.6887261910549659,E1_stop2sigma,m30,5pct
2026-01,4447,5335.305184229022,465339.53665254015,234042.24767503317,1.1465402709189503,E2_stop3sigma,res,actual
2026-02,8523,34266.75108193684,1305115.9121986849,655610.7238002646,2.625571473127532,E2_stop3sigma,res,actual
2026-03,3294,-1992.4268128873598,641794.9238880163,317244.0438554439,-0.3104460223551112,E2_stop3sigma,res,actual
2026-04,14116,24996.03660709557,2090930.5343761144,984382.3112859236,1.1954503603130848,E2_stop3sigma,res,actual
2026-05,34846,68688.65318138535,2428047.5844745464,1104456.246540475,2.828966516990657,E2_stop3sigma,res,actual
2026-06,22631,59513.82744477775,2469311.4168227115,1178844.6384275078,2.4101385932664097,E2_stop3sigma,res,actual
2026-07,26561,79088.87775872764,3281308.490480744,1506575.436413111,2.4102847381820034,E2_stop3sigma,res,actual
2026-08,17190,55510.44746861716,2812668.0551423407,1293459.2394944401,1.973586871267251,E2_stop3sigma,res,actual
2026-01,4447,1098.9785358134304,465339.53665254015,234042.24767503317,0.23616702413017102,E2_stop3sigma,res,5pct
2026-02,8520,21546.024325631617,1305025.0121986847,655574.3048002647,1.6510047029160941,E2_stop3sigma,res,5pct
2026-03,3294,-7024.848534530947,641794.9238880163,317244.0438554439,-1.094562807068365,E2_stop3sigma,res,5pct
2026-04,14116,16864.98950016961,2090930.5343761144,984382.3112859236,0.8065781824359716,E2_stop3sigma,res,5pct
2026-05,34846,59483.80289735185,2428047.5844745464,1104456.246540475,2.4498614968546732,E2_stop3sigma,res,5pct
2026-06,22631,50271.09059377264,2469311.4168227115,1178844.6384275078,2.0358343727441626,E2_stop3sigma,res,5pct
2026-07,26561,76396.99584896964,3281308.490480744,1506575.436413111,2.3282478947225327,E2_stop3sigma,res,5pct
2026-08,17190,55510.44746861716,2812668.0551423407,1293459.2394944401,1.973586871267251,E2_stop3sigma,res,5pct
2026-01,4447,6954.5587068410405,465339.53665254015,234042.24767503317,1.4945127501671693,E2_stop3sigma,m30,actual
2026-02,8646,15671.858954216947,1326009.6453542563,662944.0264762192,1.1818812185208547,E2_stop3sigma,m30,actual
2026-03,3294,9133.488254331249,641794.9238880163,317244.0438554439,1.4231163124507522,E2_stop3sigma,m30,actual
2026-04,14116,25371.089813467373,2090930.5343761144,984382.3112859236,1.213387503618695,E2_stop3sigma,m30,actual
2026-05,34846,43035.48642268097,2428047.5844745464,1104456.246540475,1.7724317553683482,E2_stop3sigma,m30,actual
2026-06,22631,25334.820906723828,2469311.4168227115,1178844.6384275078,1.0259872745950531,E2_stop3sigma,m30,actual
2026-07,26699,17225.68232387452,3297346.5949088912,1515243.2471171375,0.5224104238987495,E2_stop3sigma,m30,actual
2026-08,17273,19487.36111574697,2829478.734632835,1303003.6252764398,0.6887261910549659,E2_stop3sigma,m30,actual
2026-01,4447,2721.710278757497,465339.53665254015,234042.24767503317,0.5848869619668152,E2_stop3sigma,m30,5pct
2026-02,8646,2746.0084238233317,1326009.6453542563,662944.0264762192,0.20708811835902663,E2_stop3sigma,m30,5pct
2026-03,3294,4111.23532838556,641794.9238880163,317244.0438554439,0.6405839584207914,E2_stop3sigma,m30,5pct
2026-04,14116,17243.11186709443,2090930.5343761144,984382.3112859236,0.8246621101757156,E2_stop3sigma,m30,5pct
2026-05,34846,33830.63613864747,2428047.5844745464,1104456.246540475,1.3933267352323637,E2_stop3sigma,m30,5pct
2026-06,22631,16093.96213751541,2469311.4168227115,1178844.6384275078,0.6517591109761148,E2_stop3sigma,m30,5pct
2026-07,26699,14539.908975441338,3297346.5949088912,1515243.2471171375,0.44095785981039975,E2_stop3sigma,m30,5pct
2026-08,17273,19487.36111574697,2829478.734632835,1303003.6252764398,0.6887261910549659,E2_stop3sigma,m30,5pct
2026-01,4464,750.8639085936401,216098.91008315465,117738.41307071126,0.34746307063960125,E3_rp_stop2sigma,res,actual
2026-02,8138,13414.073297619916,530842.669671071,285553.82317387074,2.526939536705245,E3_rp_stop2sigma,res,actual
2026-03,3380,2547.562796970887,265362.4238327121,152771.47128376295,0.9600314770175989,E3_rp_stop2sigma,res,actual
2026-04,14532,17131.533978773477,947257.3596792162,479798.22901053884,1.8085406044852461,E3_rp_stop2sigma,res,actual
2026-05,35896,27461.95355253109,1335540.0937075056,665046.0463147815,2.056243289281998,E3_rp_stop2sigma,res,actual
2026-06,23745,19049.560340029646,1117174.133864195,593728.3203067494,1.7051558716400905,E3_rp_stop2sigma,res,actual
2026-07,27115,22364.082040342422,1519183.5870536657,803255.5241357827,1.4721118784409566,E3_rp_stop2sigma,res,actual
2026-08,17940,16747.099045475083,1329245.1319278488,720186.4201766459,1.2598954581978572,E3_rp_stop2sigma,res,actual
2026-01,4464,-1176.4091389142184,216098.91008315465,117738.41307071126,-0.5443845776276878,E3_rp_stop2sigma,res,5pct
2026-02,7793,7552.443188205442,507330.8341043135,271884.7046399353,1.4886623639856604,E3_rp_stop2sigma,res,5pct
2026-03,3350,209.49420191356393,263834.4242540446,151848.96509710117,0.07940366481966099,E3_rp_stop2sigma,res,5pct
2026-04,14496,13247.566034779049,945156.8018730351,478743.411936248,1.401626270744293,E3_rp_stop2sigma,res,5pct
2026-05,35857,22760.73261722927,1333349.4884090389,664029.7337163828,1.7070342633413782,E3_rp_stop2sigma,res,5pct
2026-06,23745,14943.34956863171,1117174.133864195,593728.3203067494,1.3376025380165344,E3_rp_stop2sigma,res,5pct
2026-07,27115,20855.652043676866,1519183.5870536657,803255.5241357827,1.3728197316905408,E3_rp_stop2sigma,res,5pct
2026-08,17940,16747.099045475083,1329245.1319278488,720186.4201766459,1.2598954581978572,E3_rp_stop2sigma,res,5pct
2026-01,4464,3942.601572430797,216098.91008315465,117738.41307071126,1.8244430621670824,E3_rp_stop2sigma,m30,actual
2026-02,8808,6257.486350521406,573861.2470157099,307648.65028121544,1.0904180031432062,E3_rp_stop2sigma,m30,actual
2026-03,3380,4754.875614073136,265362.4238327121,152771.47128376295,1.7918420948214848,E3_rp_stop2sigma,m30,actual
2026-04,14532,13677.871563365,947257.3596792162,479798.22901053884,1.4439446074081643,E3_rp_stop2sigma,m30,actual
2026-05,35896,19189.048678263403,1335540.0937075056,665046.0463147815,1.4368006448233193,E3_rp_stop2sigma,m30,actual
2026-06,23745,11793.00422668302,1117174.133864195,593728.3203067494,1.05561021054902,E3_rp_stop2sigma,m30,actual
2026-07,28860,10509.67549193818,1630856.5181320142,860717.6313372047,0.6444267398811994,E3_rp_stop2sigma,m30,actual
2026-08,18776,12475.470441354322,1397978.4808140846,757009.1527757175,0.8923935963656238,E3_rp_stop2sigma,m30,actual
2026-01,4464,2018.6505442368225,216098.91008315465,117738.41307071126,0.9341326818631559,E3_rp_stop2sigma,m30,5pct
2026-02,8632,859.9077489447593,559262.4910133112,300298.8215551358,0.1537574507073982,E3_rp_stop2sigma,m30,5pct
2026-03,3380,2664.7280410302897,265362.4238327121,152771.47128376295,1.0041843914985373,E3_rp_stop2sigma,m30,5pct
2026-04,14532,10056.699624277966,947257.3596792162,479798.22901053884,1.0616649764203063,E3_rp_stop2sigma,m30,5pct
2026-05,35896,14108.284475791155,1335540.0937075056,665046.0463147815,1.056372964186052,E3_rp_stop2sigma,m30,5pct
2026-06,23745,7689.039493356141,1117174.133864195,593728.3203067494,0.6882579232980012,E3_rp_stop2sigma,m30,5pct
2026-07,28860,9004.012886887567,1630856.5181320142,860717.6313372047,0.5521033142266114,E3_rp_stop2sigma,m30,5pct
2026-08,18776,12475.470441354322,1397978.4808140846,757009.1527757175,0.8923935963656238,E3_rp_stop2sigma,m30,5pct
2026-01,4464,750.8639085936401,216098.91008315465,117738.41307071126,0.34746307063960125,F1_rp_zonewf_wallet,res,actual
2026-02,8289,13558.959221290203,526345.6464407165,289803.801683719,2.576056116922282,F1_rp_zonewf_wallet,res,actual
2026-03,3057,1723.464620251397,220376.8147619468,121833.37465658336,0.7820535123502445,F1_rp_zonewf_wallet,res,actual
2026-04,10241,14698.249968862368,704383.5982913044,334566.3901577299,2.086682598021507,F1_rp_zonewf_wallet,res,actual
2026-05,20065,17899.109552302758,985603.7856675652,517461.29214941215,1.8160552762263797,F1_rp_zonewf_wallet,res,actual
2026-06,16103,15312.211147687913,934167.5060335615,529359.824354757,1.6391290693360723,F1_rp_zonewf_wallet,res,actual
2026-07,17826,19601.004659473238,1177978.449213618,668266.5556201059,1.663952738062251,F1_rp_zonewf_wallet,res,actual
2026-08,12740,10048.87357943792,1019871.0186819665,605379.5196188953,0.9853082787296588,F1_rp_zonewf_wallet,res,actual
2026-01,4130,-1775.278225684976,197994.88223866586,108779.18987686171,-0.8966283398906393,F1_rp_zonewf_wallet,res,5pct
2026-02,5031,5478.797660809845,338752.89761825494,195384.91276316138,1.6173434085230982,F1_rp_zonewf_wallet,res,5pct
2026-03,2888,21.15414136944928,213569.8088299523,117817.40149514738,0.00990502425663196,F1_rp_zonewf_wallet,res,5pct
2026-04,8874,12914.603124170637,673956.958853975,320417.6213499781,1.9162355925712489,F1_rp_zonewf_wallet,res,5pct
2026-05,16481,14027.599653749514,879359.292826064,461775.3447272417,1.5952068475523749,F1_rp_zonewf_wallet,res,5pct
2026-06,13117,13671.841012376162,785560.0171180634,452811.4457710497,1.7403942047016625,F1_rp_zonewf_wallet,res,5pct
2026-07,17105,14433.885458739593,1136676.4980094465,648678.7115065607,1.2698323123611939,F1_rp_zonewf_wallet,res,5pct
2026-08,12740,10048.87357943792,1019871.0186819665,605379.5196188953,0.9853082787296588,F1_rp_zonewf_wallet,res,5pct
2026-01,4464,3942.601572430797,216098.91008315465,117738.41307071126,1.8244430621670824,F1_rp_zonewf_wallet,m30,actual
2026-02,8808,6257.486350521406,573861.2470157099,307648.65028121544,1.0904180031432062,F1_rp_zonewf_wallet,m30,actual
2026-03,3362,4743.24119926594,264524.0605619157,152238.30585504146,1.7931227840636128,F1_rp_zonewf_wallet,m30,actual
2026-04,11454,13446.199771101821,831722.1526178764,425494.45459298533,1.6166696689248214,F1_rp_zonewf_wallet,m30,actual
2026-05,21607,19747.374186515564,1123095.8331712782,546738.292732566,1.7582982327300631,F1_rp_zonewf_wallet,m30,actual
2026-06,16103,11581.334142499332,934167.5060335615,529359.824354757,1.239749195695451,F1_rp_zonewf_wallet,m30,actual
2026-07,17826,10665.335661037814,1177978.449213618,668266.5556201059,0.9053931052947245,F1_rp_zonewf_wallet,m30,actual
2026-08,12740,11138.930355466744,1019871.0186819665,605379.5196188953,1.0921901055549335,F1_rp_zonewf_wallet,m30,actual
2026-01,4130,1888.2439607718497,197994.88223866586,108779.18987686171,0.9536832161629984,F1_rp_zonewf_wallet,m30,5pct
2026-02,5550,1080.185999681348,386268.49819324835,213229.76136065787,0.27964641298316173,F1_rp_zonewf_wallet,m30,5pct
2026-03,3189,2561.252000670468,257407.05462992116,147933.6326936055,0.9950201265279334,F1_rp_zonewf_wallet,m30,5pct
2026-04,10046,10345.122952521446,798005.3564891263,408448.9287280291,1.2963726206093966,F1_rp_zonewf_wallet,m30,5pct
2026-05,17888,15570.226361026182,1014579.7103297771,490756.20609039505,1.5346479140574636,F1_rp_zonewf_wallet,m30,5pct
2026-06,13117,7171.938607920974,785560.0171180634,452811.4457710497,0.9129714409641458,F1_rp_zonewf_wallet,m30,5pct
2026-07,17105,9344.689034707906,1136676.4980094465,648678.7115065607,0.8221062941894524,F1_rp_zonewf_wallet,m30,5pct
2026-08,12740,11138.930355466744,1019871.0186819665,605379.5196188953,1.0921901055549335,F1_rp_zonewf_wallet,m30,5pct
2026-01,4464,750.8639085936401,216098.91008315465,117738.41307071126,0.34746307063960125,F2_rp_wallet_net2000,res,actual
2026-02,8808,13987.899432212726,573701.463807096,307514.4927911749,2.4381843719534384,F2_rp_wallet_net2000,res,actual
2026-03,3361,2454.8464786510162,263301.46831977845,152031.1588499978,0.9323330000080426,F2_rp_wallet_net2000,res,actual
2026-04,11452,16526.989581346064,831360.157175852,425302.11085319537,1.9879458305397502,F2_rp_wallet_net2000,res,actual
2026-05,21592,32284.242061860696,1108656.7558250828,546582.8827394645,2.9120141912484145,F2_rp_wallet_net2000,res,actual
2026-06,16889,18399.669063030695,1023813.4286949885,536769.3666279223,1.7971701237093531,F2_rp_wallet_net2000,res,actual
2026-07,18610,18782.10829441644,1282849.4876279382,672721.0354688049,1.464092902211438,F2_rp_wallet_net2000,res,actual
2026-08,13349,12576.685331274435,1100431.0326735845,600148.5763728966,1.142887192186718,F2_rp_wallet_net2000,res,actual
2026-01,4130,-1775.278225684976,197994.88223866586,108779.18987686171,-0.8966283398906393,F2_rp_wallet_net2000,res,5pct
2026-02,5550,5763.531605566163,386268.49819324835,213229.76136065787,1.4921050079218976,F2_rp_wallet_net2000,res,5pct
2026-03,3189,624.2661579278615,256345.88723075693,147840.76864624085,0.24352493604311698,F2_rp_wallet_net2000,res,5pct
2026-04,10044,14177.596905258812,797701.5610471021,408299.8427082391,1.7773058995457656,F2_rp_wallet_net2000,res,5pct
2026-05,17871,28028.58532902796,1000140.0424135878,490607.28921799845,2.8024660687905247,F2_rp_wallet_net2000,res,5pct
2026-06,13893,16574.131384789158,875281.100084974,460473.16122492024,1.8935781182959517,F2_rp_wallet_net2000,res,5pct
2026-07,17930,16059.088564302712,1246359.0968992996,655526.725132077,1.2884800700098886,F2_rp_wallet_net2000,res,5pct
2026-08,13349,12576.685331274435,1100431.0326735845,600148.5763728966,1.142887192186718,F2_rp_wallet_net2000,res,5pct
2026-01,4464,3942.601572430797,216098.91008315465,117738.41307071126,1.8244430621670824,F2_rp_wallet_net2000,m30,actual
2026-02,8808,6288.583671005955,573701.463807096,307514.4927911749,1.0961421693566493,F2_rp_wallet_net2000,m30,actual
2026-03,3361,4741.306350351915,263301.46831977845,152031.1588499978,1.8007139802933496,F2_rp_wallet_net2000,m30,actual
2026-04,11452,13437.476140138406,831360.157175852,425302.11085319537,1.6163242878737172,F2_rp_wallet_net2000,m30,actual
2026-05,21592,18756.191086852326,1108656.7558250828,546582.8827394645,1.691794235529068,F2_rp_wallet_net2000,m30,actual
2026-06,16889,12115.058132427394,1023813.4286949885,536769.3666279223,1.1833267461504138,F2_rp_wallet_net2000,m30,actual
2026-07,18610,10862.9255631579,1282849.4876279382,672721.0354688049,0.8467809877871229,F2_rp_wallet_net2000,m30,actual
2026-08,13349,11224.069695372042,1100431.0326735845,600148.5763728966,1.0199702991020048,F2_rp_wallet_net2000,m30,actual
2026-01,4130,1888.2439607718497,197994.88223866586,108779.18987686171,0.9536832161629984,F2_rp_wallet_net2000,m30,5pct
2026-02,5550,1080.185999681348,386268.49819324835,213229.76136065787,0.27964641298316173,F2_rp_wallet_net2000,m30,5pct
2026-03,3189,2560.4625330323424,256345.88723075693,147840.76864624085,0.9988311342508376,F2_rp_wallet_net2000,m30,5pct
2026-04,10044,10336.875324697521,797701.5610471021,408299.8427082391,1.2958324051828147,F2_rp_wallet_net2000,m30,5pct
2026-05,17871,14581.407520305389,1000140.0424135878,490607.28921799845,1.4579365790731476,F2_rp_wallet_net2000,m30,5pct
2026-06,13893,7583.633251913092,875281.100084974,460473.16122492024,0.8664225985431262,F2_rp_wallet_net2000,m30,5pct
2026-07,17930,9557.327253438703,1246359.0968992996,655526.725132077,0.7668197132925403,F2_rp_wallet_net2000,m30,5pct
2026-08,13349,11224.069695372042,1100431.0326735845,600148.5763728966,1.0199702991020048,F2_rp_wallet_net2000,m30,5pct
2026-01,4464,61.569824604920186,194805.56693450897,106923.45831632678,0.03160578292180897,F3_kelw_zonewf_net2000,res,actual
2026-02,8289,11816.440365745695,463856.5263026947,258881.9117376345,2.5474343241286523,F3_kelw_zonewf_net2000,res,actual
2026-03,3075,2463.6554227042743,241858.44199946226,135204.44529983687,1.0186352820009283,F3_kelw_zonewf_net2000,res,actual
2026-04,13319,16900.240755666873,778079.4899586013,370565.086138977,2.172045526680837,F3_kelw_zonewf_net2000,res,actual
2026-05,34353,11831.194075022628,1156671.7030349073,623938.8219905748,1.0228653509876322,F3_kelw_zonewf_net2000,res,actual
2026-06,22946,17004.98680334932,977043.3006028797,567317.0793303672,1.7404537539796316,F3_kelw_zonewf_net2000,res,actual
2026-07,27913,18679.14157794792,1338512.116981833,758160.8091072687,1.3955153144274035,F3_kelw_zonewf_net2000,res,actual
2026-08,17931,12358.161440344395,1165063.5378688427,686842.4543888898,1.0607285387155956,F3_kelw_zonewf_net2000,res,actual
2026-01,4464,-1508.5037244497312,177641.4144326709,98168.25598300854,-0.8491847068812209,F3_kelw_zonewf_net2000,res,5pct
2026-02,8289,6970.011163927096,443325.14430791454,249151.8951461413,1.5722120103988566,F3_kelw_zonewf_net2000,res,5pct
2026-03,3075,619.7645828593622,226387.98393957855,127362.24649223435,0.2737621370508663,F3_kelw_zonewf_net2000,res,5pct
2026-04,13319,14159.85626380375,774211.2124850079,368902.85912316886,1.8289397047550437,F3_kelw_zonewf_net2000,res,5pct
2026-05,34353,7198.2147911569045,1150989.8758445107,622218.4325903783,0.625393406338643,F3_kelw_zonewf_net2000,res,5pct
2026-06,22943,13726.75941229405,971579.2023150959,566033.6849227796,1.412829687953971,F3_kelw_zonewf_net2000,res,5pct
2026-07,27933,17389.619393215162,1310535.047306125,743851.3060444962,1.3269099082058473,F3_kelw_zonewf_net2000,res,5pct
2026-08,17931,12358.161440344395,1165063.5378688427,686842.4543888898,1.0607285387155956,F3_kelw_zonewf_net2000,res,5pct
2026-01,4464,3599.489426606251,194805.56693450897,106923.45831632678,1.8477343759977616,F3_kelw_zonewf_net2000,m30,actual
2026-02,8807,5530.040606423932,518290.6525707115,281792.31371087616,1.0669767203006728,F3_kelw_zonewf_net2000,m30,actual
2026-03,3377,5384.023108301028,297457.62120065955,174773.14687965493,1.810013502618937,F3_kelw_zonewf_net2000,m30,actual
2026-04,14526,13901.965071075287,937715.2972091349,482813.2316851428,1.482535809371017,F3_kelw_zonewf_net2000,m30,actual
2026-05,35879,19134.546636543077,1298953.7498215807,656559.3941325586,1.4730737440937618,F3_kelw_zonewf_net2000,m30,actual
2026-06,22946,11414.668299798308,977043.3006028797,567317.0793303672,1.1682868397700432,F3_kelw_zonewf_net2000,m30,actual
2026-07,27913,10818.195379674073,1338512.116981833,758160.8091072687,0.8082254349753416,F3_kelw_zonewf_net2000,m30,actual
2026-08,17931,11121.03357083944,1165063.5378688427,686842.4543888898,0.9545430965234956,F3_kelw_zonewf_net2000,m30,actual
2026-01,4464,1858.4448526572828,177641.4144326709,98168.25598300854,1.0461776937503866,F3_kelw_zonewf_net2000,m30,5pct
2026-02,8807,758.2693718372419,499785.6067847662,272959.4069084001,0.15171892938561402,F3_kelw_zonewf_net2000,m30,5pct
2026-03,3376,2924.2527424662658,282506.31389402534,167310.10164295358,1.0351105793561912,F3_kelw_zonewf_net2000,m30,5pct
2026-04,14525,10587.558311021166,939412.0341710055,484798.5326594156,1.1270409496472198,F3_kelw_zonewf_net2000,m30,5pct
2026-05,35879,14497.648527857478,1296363.7331896527,655274.8497428246,1.1183318505977158,F3_kelw_zonewf_net2000,m30,5pct
2026-06,22943,7873.886979958853,971579.2023150959,566033.6849227796,0.810421524173924,F3_kelw_zonewf_net2000,m30,5pct
2026-07,27933,9463.281297875252,1310535.047306125,743851.3060444962,0.7220929586986272,F3_kelw_zonewf_net2000,m30,5pct
2026-08,17931,11121.03357083944,1165063.5378688427,686842.4543888898,0.9545430965234956,F3_kelw_zonewf_net2000,m30,5pct
2026-01,4464,497.62005225296804,126992.35379427145,70283.5536393131,0.3918504046779983,F4_rp_25pct,res,actual
2026-02,8808,5585.269200973621,271567.89978453005,144643.2835199344,2.056675036116249,F4_rp_25pct,res,actual
2026-03,3380,861.5220166622075,118062.739914739,68484.00083213455,0.7297154185006804,F4_rp_25pct,res,actual
2026-04,14532,7859.655126695427,458724.2151452572,232148.23950768786,1.7133726250328052,F4_rp_25pct,res,actual
2026-05,35899,11517.845476444629,764033.8746854427,387236.7246232818,1.5075045568086356,F4_rp_25pct,res,actual
2026-06,23760,8394.66081797406,543708.5343147689,290004.40691024717,1.5439634083643323,F4_rp_25pct,res,actual
2026-07,28906,10451.420301378066,718065.1034837058,382812.7111093618,1.4554975935570205,F4_rp_25pct,res,actual
2026-08,18861,7097.902994523106,625999.5125752465,347920.9690154966,1.1338512014687747,F4_rp_25pct,res,actual
2026-01,4464,-632.285179452268,126992.35379427145,70283.5536393131,-0.4978923223019983,F4_rp_25pct,res,5pct
2026-02,8808,2995.9265517878225,271567.89978453005,144643.2835199344,1.1031961267016015,F4_rp_25pct,res,5pct
2026-03,3380,-72.67712770028305,118062.739914739,68484.00083213455,-0.06155805612572439,F4_rp_25pct,res,5pct
2026-04,14532,6116.556572266678,458724.2151452572,232148.23950768786,1.333384279774688,F4_rp_25pct,res,5pct
2026-05,35899,8588.619205737858,764033.8746854427,387236.7246232818,1.124114975827982,F4_rp_25pct,res,5pct
2026-06,23760,6371.959370555523,543708.5343147689,290004.40691024717,1.1719439678441037,F4_rp_25pct,res,5pct
2026-07,28906,9743.695597190323,718065.1034837058,382812.7111093618,1.3569376300169174,F4_rp_25pct,res,5pct
2026-08,18861,7097.902994523106,625999.5125752465,347920.9690154966,1.1338512014687747,F4_rp_25pct,res,5pct
2026-01,4464,2520.094078077386,126992.35379427145,70283.5536393131,1.9844455219406019,F4_rp_25pct,m30,actual
2026-02,8808,2833.6854891699163,271567.89978453005,144643.2835199344,1.043453770279273,F4_rp_25pct,m30,actual
2026-03,3380,2190.756766844318,118062.739914739,68484.00083213455,1.8555869264311586,F4_rp_25pct,m30,actual
2026-04,14532,6407.1102525295355,458724.2151452572,232148.23950768786,1.3967237919848408,F4_rp_25pct,m30,actual
2026-05,35899,9412.374197180228,764033.8746854427,387236.7246232818,1.231931529352067,F4_rp_25pct,m30,actual
2026-06,23760,5366.559378076959,543708.5343147689,290004.40691024717,0.987028718399719,F4_rp_25pct,m30,actual
2026-07,28906,5195.339295533672,718065.1034837058,382812.7111093618,0.7235192561688891,F4_rp_25pct,m30,actual
2026-08,18861,5572.646494996968,625999.5125752465,347920.9690154966,0.8901998137462005,F4_rp_25pct,m30,actual
2026-01,4464,1392.0465753664137,126992.35379427145,70283.5536393131,1.096165661770109,F4_rp_25pct,m30,5pct
2026-02,8808,248.93615673454687,271567.89978453005,144643.2835199344,0.0916662672326369,F4_rp_25pct,m30,5pct
2026-03,3380,1258.5170510651415,118062.739914739,68484.00083213455,1.0659731020760665,F4_rp_25pct,m30,5pct
2026-04,14532,4664.623286133863,458724.2151452572,232148.23950768786,1.0168687704129131,F4_rp_25pct,m30,5pct
2026-05,35899,6483.147926473457,764033.8746854427,387236.7246232818,0.8485419483714132,F4_rp_25pct,m30,5pct
2026-06,23760,3344.815449902094,543708.5343147689,290004.40691024717,0.6151853868024226,F4_rp_25pct,m30,5pct
2026-07,28906,4488.649197987091,718065.1034837058,382812.7111093618,0.6251033751968071,F4_rp_25pct,m30,5pct
2026-08,18861,5572.646494996968,625999.5125752465,347920.9690154966,0.8901998137462005,F4_rp_25pct,m30,5pct
2026-01,4464,587.154628135395,292176.5705304799,157435.80941446335,0.2009588335811283,F5_rp_75pct,res,actual
2026-02,8806,23007.330903486494,859682.0724517405,461307.82548464,2.676260403787593,F5_rp_75pct,res,actual
2026-03,3350,1567.3384111209405,437865.60995565,244540.19638127525,0.35794964835893167,F5_rp_75pct,res,actual
2026-04,14505,26110.154408818817,1484729.1945654457,748154.4022543266,1.758580251832443,F5_rp_75pct,res,actual
2026-05,35691,38709.833137510876,1847538.3811769984,904197.4816269303,2.0952113110013046,F5_rp_75pct,res,actual
2026-06,23563,30332.84753156754,1727539.2911691372,908420.9530845196,1.7558412527358114,F5_rp_75pct,res,actual
2026-07,28180,44384.16087395388,2432423.4825611725,1247765.3766425282,1.8246888830073476,F5_rp_75pct,res,actual
2026-08,18239,24541.20761820386,2103050.2900309693,1093137.4358606471,1.16693394040722,F5_rp_75pct,res,actual
2026-01,4464,-2021.774603455705,292176.5705304799,157435.80941446335,-0.6919701329182358,F5_rp_75pct,res,5pct
2026-02,8806,14708.180743046021,859682.0724517405,461307.82548464,1.7108860605990694,F5_rp_75pct,res,5pct
2026-03,3350,-1940.8063363974059,437865.60995565,244540.19638127525,-0.44324246807005097,F5_rp_75pct,res,5pct
2026-04,14505,20399.86736681078,1484729.1945654457,748154.4022543266,1.3739790017924087,F5_rp_75pct,res,5pct
2026-05,35691,31658.70629098784,1847538.3811769984,904197.4816269303,1.7135614942310022,F5_rp_75pct,res,5pct
2026-06,23563,23957.7920887947,1727539.2911691372,908420.9530845196,1.3868160458788128,F5_rp_75pct,res,5pct
2026-07,28180,42261.72285869539,2432423.4825611725,1247765.3766425282,1.737432776886233,F5_rp_75pct,res,5pct
2026-08,18239,24541.20761820386,2103050.2900309693,1093137.4358606471,1.16693394040722,F5_rp_75pct,res,5pct
2026-01,4464,4929.295444363076,292176.5705304799,157435.80941446335,1.6870947028412915,F5_rp_75pct,m30,actual
2026-02,8806,10086.566686727983,859682.0724517405,461307.82548464,1.1732903372012806,F5_rp_75pct,m30,actual
2026-03,3350,7696.38730834525,437865.60995565,244540.19638127525,1.7577053628680253,F5_rp_75pct,m30,actual
2026-04,14505,21071.032247175277,1484729.1945654457,748154.4022543266,1.419183533556259,F5_rp_75pct,m30,actual
2026-05,35691,28223.214975607494,1847538.3811769984,904197.4816269303,1.5276118354644155,F5_rp_75pct,m30,actual
2026-06,23563,19303.662411418358,1727539.2911691372,908420.9530845196,1.1174080097682944,F5_rp_75pct,m30,actual
2026-07,28180,13989.834492653406,2432423.4825611725,1247765.3766425282,0.5751397564178704,F5_rp_75pct,m30,actual
2026-08,18239,16802.067202081522,2103050.2900309693,1093137.4358606471,0.79893796556972,F5_rp_75pct,m30,actual
2026-01,4464,2323.995313104025,292176.5705304799,157435.80941446335,0.7954078278366217,F5_rp_75pct,m30,5pct
2026-02,8806,1801.475752048908,859682.0724517405,461307.82548464,0.20955139228520275,F5_rp_75pct,m30,5pct
2026-03,3350,4197.266661604579,437865.60995565,244540.19638127525,0.9585741757681556,F5_rp_75pct,m30,5pct
2026-04,14505,15363.88248717805,1484729.1945654457,748154.4022543266,1.034793586831489,F5_rp_75pct,m30,5pct
2026-05,35691,21172.088129084463,1847538.3811769984,904197.4816269303,1.1459620186941128,F5_rp_75pct,m30,5pct
2026-06,23563,12931.023588360184,1727539.2911691372,908420.9530845196,0.748522690885307,F5_rp_75pct,m30,5pct
2026-07,28180,11870.973822294707,2432423.4825611725,1247765.3766425282,0.48803071946153875,F5_rp_75pct,m30,5pct
2026-08,18239,16802.067202081522,2103050.2900309693,1093137.4358606471,0.79893796556972,F5_rp_75pct,m30,5pct
2026-01,4464,1310.6731510523095,117391.34892678699,59106.874408789925,1.1164989269096244,F6_usd_25pct,res,actual
2026-02,8808,8843.756110260909,344109.40931739734,172614.57324474343,2.5700419316647234,F6_usd_25pct,res,actual
2026-03,3380,-2394.0702783834863,173146.20769762175,84384.03121029367,-1.3826871002363688,F6_usd_25pct,res,actual
2026-04,14532,6799.749720326422,551965.2322457781,260232.50160424484,1.231916309775584,F6_usd_25pct,res,actual
2026-05,35899,16283.31670802894,655085.52124563,299650.4082367687,2.485678003853083,F6_usd_25pct,res,actual
2026-06,23760,17674.301298415772,721146.6990326989,329898.0049876725,2.4508607363970434,F6_usd_25pct,res,actual
2026-07,28872,33645.80020749071,997429.1549603168,460625.1025358028,3.3732521292531628,F6_usd_25pct,res,actual
2026-08,18835,7790.046278110156,868408.8451242396,402554.624582996,0.8970482419482574,F6_usd_25pct,res,actual
2026-01,4464,243.64141752143638,117391.34892678699,59106.874408789925,0.2075463138884172,F6_usd_25pct,res,5pct
2026-02,8808,5483.809357106319,344109.40931739734,172614.57324474343,1.5936237744804589,F6_usd_25pct,res,5pct
2026-03,3380,-3745.0975124990673,173146.20769762175,84384.03121029367,-2.16296825803971,F6_usd_25pct,res,5pct
2026-04,14532,4656.025527797259,551965.2322457781,260232.50160424484,0.843536015638759,F6_usd_25pct,res,5pct
2026-05,35899,13786.790428319342,655085.52124563,299650.4082367687,2.104578712425834,F6_usd_25pct,res,5pct
2026-06,23760,15089.027668910487,721146.6990326989,329898.0049876725,2.0923659068466884,F6_usd_25pct,res,5pct
2026-07,28872,32843.30187451351,997429.1549603168,460625.1025358028,3.29279545431176,F6_usd_25pct,res,5pct
2026-08,18835,7790.046278110156,868408.8451242396,402554.624582996,0.8970482419482574,F6_usd_25pct,res,5pct
2026-01,4464,1704.987125724463,117391.34892678699,59106.874408789925,1.4523958888893984,F6_usd_25pct,m30,actual
2026-02,8808,4155.548454938171,344109.40931739734,172614.57324474343,1.2076241864997082,F6_usd_25pct,m30,actual
2026-03,3380,2537.087689750674,173146.20769762175,84384.03121029367,1.465286316972868,F6_usd_25pct,m30,actual
2026-04,14532,6515.834011747008,551965.2322457781,260232.50160424484,1.1804790648200916,F6_usd_25pct,m30,actual
2026-05,35899,11699.679126917552,655085.52124563,299650.4082367687,1.7859773644013504,F6_usd_25pct,m30,actual
2026-06,23760,7292.098027116958,721146.6990326989,329898.0049876725,1.0111809479122797,F6_usd_25pct,m30,actual
2026-07,28872,6167.283043229715,997429.1549603168,460625.1025358028,0.6183179038390033,F6_usd_25pct,m30,actual
2026-08,18835,7575.146168697713,868408.8451242396,402554.624582996,0.8723018208795384,F6_usd_25pct,m30,actual
2026-01,4464,638.8626672766025,117391.34892678699,59106.874408789925,0.544216139534302,F6_usd_25pct,m30,5pct
2026-02,8808,799.2733701242379,344109.40931739734,172614.57324474343,0.23227303540165897,F6_usd_25pct,m30,5pct
2026-03,3380,1189.1864516725716,173146.20769762175,84384.03121029367,0.6868105674883376,F6_usd_25pct,m30,5pct
2026-04,14532,4372.894139720548,551965.2322457781,260232.50160424484,0.7922408666807829,F6_usd_25pct,m30,5pct
2026-05,35899,9203.152847207952,655085.52124563,299650.4082367687,1.404878072974101,F6_usd_25pct,m30,5pct
2026-06,23760,4707.428552540341,721146.6990326989,329898.0049876725,0.6527698953423197,F6_usd_25pct,m30,5pct
2026-07,28872,5366.577437297764,997429.1549603168,460625.1025358028,0.5380409636723799,F6_usd_25pct,m30,5pct
2026-08,18835,7575.146168697713,868408.8451242396,402554.624582996,0.8723018208795384,F6_usd_25pct,m30,5pct
2026-01,4463,3835.1064022294177,351668.81490440137,176912.30440133772,1.0905449217247096,F7_usd_75pct,res,actual
2026-02,8750,26807.941240905555,1021744.8358832593,512113.0735672238,2.6237413001193315,F7_usd_75pct,res,actual
2026-03,3338,-4133.162563484068,496054.83911624376,245549.63796025896,-0.8332067823080982,F7_usd_75pct,res,actual
2026-04,14395,22075.15153919216,1629524.2441792476,765721.0118926647,1.3546991778763553,F7_usd_75pct,res,actual
2026-05,35390,50629.372464170665,1890098.3596992379,862869.2661439942,2.6786633724303677,F7_usd_75pct,res,actual
2026-06,23300,52466.344675457876,1963502.2016885316,936197.734461647,2.672079747623352,F7_usd_75pct,res,actual
2026-07,27746,65458.22105145121,2678687.1185214426,1234057.8822161122,2.443668041662971,F7_usd_75pct,res,actual
2026-08,17954,34138.10776431066,2313381.2394751175,1064246.6743526745,1.4756801508451867,F7_usd_75pct,res,actual
2026-01,4463,637.9068962059097,351668.81490440137,176912.30440133772,0.18139421784650428,F7_usd_75pct,res,5pct
2026-02,8750,16828.48993312553,1021744.8358832593,512113.0735672238,1.6470344984496978,F7_usd_75pct,res,5pct
2026-03,3338,-8020.813921508087,496054.83911624376,245549.63796025896,-1.6169208097632362,F7_usd_75pct,res,5pct
2026-04,14395,15740.36672292262,1629524.2441792476,765721.0118926647,0.9659486061129864,F7_usd_75pct,res,5pct
2026-05,35390,43440.89401842929,1890098.3596992379,862869.2661439942,2.2983403903562896,F7_usd_75pct,res,5pct
2026-06,23300,45126.28733050302,1963502.2016885316,936197.734461647,2.298254990073159,F7_usd_75pct,res,5pct
2026-07,27746,63302.2403555098,2678687.1185214426,1234057.8822161122,2.3631815719654035,F7_usd_75pct,res,5pct
2026-08,17954,34138.10776431066,2313381.2394751175,1064246.6743526745,1.4756801508451867,F7_usd_75pct,res,5pct
2026-01,4463,5110.659882678197,351668.81490440137,176912.30440133772,1.45325933551074,F7_usd_75pct,m30,actual
2026-02,8750,12316.371625540021,1021744.8358832593,512113.0735672238,1.2054253853794121,F7_usd_75pct,m30,actual
2026-03,3338,7108.495174052732,496054.83911624376,245549.63796025896,1.433005912555356,F7_usd_75pct,m30,actual
2026-04,14395,19517.116837718757,1629524.2441792476,765721.0118926647,1.1977187149829158,F7_usd_75pct,m30,actual
2026-05,35390,33367.871461281975,1890098.3596992379,862869.2661439942,1.7654039690607235,F7_usd_75pct,m30,actual
2026-06,23300,20580.152030380596,1963502.2016885316,936197.734461647,1.0481349097893808,F7_usd_75pct,m30,actual
2026-07,27746,14186.64215571265,2678687.1185214426,1234057.8822161122,0.5296117660633416,F7_usd_75pct,m30,actual
2026-08,17954,15906.777692986165,2313381.2394751175,1064246.6743526745,0.6875986292944629,F7_usd_75pct,m30,actual
2026-01,4463,1916.0690419037264,351668.81490440137,176912.30440133772,0.5448504276458508,F7_usd_75pct,m30,5pct
2026-02,8750,2347.7252674354295,1021744.8358832593,512113.0735672238,0.2297760835175556,F7_usd_75pct,m30,5pct
2026-03,3338,3230.2218041411465,496054.83911624376,245549.63796025896,0.6511823994895426,F7_usd_75pct,m30,5pct
2026-04,14395,13184.684982957322,1629524.2441792476,765721.0118926647,0.8091125388317333,F7_usd_75pct,m30,5pct
2026-05,35390,26179.393015540598,1890098.3596992379,862869.2661439942,1.3850809869866454,F7_usd_75pct,m30,5pct
2026-06,23300,13241.907150211735,1963502.2016885316,936197.734461647,0.6744024599933851,F7_usd_75pct,m30,5pct
2026-07,27746,12036.039547141989,2678687.1185214426,1234057.8822161122,0.44932606962270133,F7_usd_75pct,m30,5pct
2026-08,17954,15906.777692986165,2313381.2394751175,1064246.6743526745,0.6875986292944629,F7_usd_75pct,m30,5pct
2026-01,4399,1267.448216583979,205680.03070410347,110122.82135184672,0.6162232727431679,F8_rp_zone05_wallet_net2000,res,actual
2026-02,8674,13475.190360690041,556257.4602323207,292901.59481318324,2.4224736428815055,F8_rp_zone05_wallet_net2000,res,actual
2026-03,3276,1990.926263851362,243485.9038630127,134440.68653270238,0.8176761908038318,F8_rp_zone05_wallet_net2000,res,actual
2026-04,11313,16856.071454238463,809275.048345049,408341.41008374956,2.0828606403606273,F8_rp_zone05_wallet_net2000,res,actual
2026-05,21299,30499.166472155197,1077987.2033402023,526935.471762487,2.829269807438517,F8_rp_zone05_wallet_net2000,res,actual
2026-06,16613,18451.454126209206,977518.0731286571,506212.09420951403,1.8875818906501893,F8_rp_zone05_wallet_net2000,res,actual
2026-07,18294,18968.401356617043,1230616.9890086139,634249.3514339807,1.541373272597025,F8_rp_zone05_wallet_net2000,res,actual
2026-08,13036,11874.485725911567,1037389.2934956338,556242.5364811472,1.1446508847126005,F8_rp_zone05_wallet_net2000,res,actual
2026-01,4065,-1246.4081569182524,187576.00285961467,101163.59815799718,-0.664481670318504,F8_rp_zone05_wallet_net2000,res,5pct
2026-02,5416,5277.291423605616,368824.4946184731,198616.86338266617,1.4308408201208702,F8_rp_zone05_wallet_net2000,res,5pct
2026-03,3103,179.44717067152743,236368.8979310182,130136.01337126641,0.07591826684570709,F8_rp_zone05_wallet_net2000,res,5pct
2026-04,9905,14518.783247009243,775616.452216299,391339.1419387933,1.8719024339313959,F8_rp_zone05_wallet_net2000,res,5pct
2026-05,17580,26259.240922662986,969497.4408287072,470972.2354140214,2.7085415408850495,F8_rp_zone05_wallet_net2000,res,5pct
2026-06,13617,16646.595565878364,829067.7560176952,429956.23364492744,2.0078691331379033,F8_rp_zone05_wallet_net2000,res,5pct
2026-07,17614,16249.330125735663,1194126.5982799754,617055.041097253,1.3607711401070257,F8_rp_zone05_wallet_net2000,res,5pct
2026-08,13036,11874.485725911567,1037389.2934956338,556242.5364811472,1.1446508847126005,F8_rp_zone05_wallet_net2000,res,5pct
2026-01,4399,3856.170262420337,205680.03070410347,110122.82135184672,1.8748394043016856,F8_rp_zone05_wallet_net2000,m30,actual
2026-02,8674,6138.087450581814,556257.4602323207,292901.59481318324,1.103461596365511,F8_rp_zone05_wallet_net2000,m30,actual
2026-03,3276,4607.49001421684,243485.9038630127,134440.68653270238,1.8923025691084991,F8_rp_zone05_wallet_net2000,m30,actual
2026-04,11313,13229.95976373009,809275.048345049,408341.41008374956,1.6347915076320576,F8_rp_zone05_wallet_net2000,m30,actual
2026-05,21299,17900.770959730267,1077987.2033402023,526935.471762487,1.660573604609011,F8_rp_zone05_wallet_net2000,m30,actual
2026-06,16613,11915.639021779776,977518.0731286571,506212.09420951403,1.2189686665989128,F8_rp_zone05_wallet_net2000,m30,actual
2026-07,18294,10796.694389291626,1230616.9890086139,634249.3514339807,0.8773399429492237,F8_rp_zone05_wallet_net2000,m30,actual
2026-08,13036,11109.681458094252,1037389.2934956338,556242.5364811472,1.0709269439882658,F8_rp_zone05_wallet_net2000,m30,actual
2026-01,4065,1812.2118395845098,187576.00285961467,101163.59815799718,0.9661213651837983,F8_rp_zone05_wallet_net2000,m30,5pct
2026-02,5416,953.7910077965071,368824.4946184731,198616.86338266617,0.2586029457677823,F8_rp_zone05_wallet_net2000,m30,5pct
2026-03,3103,2441.495448795844,236368.8979310182,130136.01337126641,1.03291738894868,F8_rp_zone05_wallet_net2000,m30,5pct
2026-04,9905,10140.524198747527,775616.452216299,391339.1419387933,1.3074147885557748,F8_rp_zone05_wallet_net2000,m30,5pct
2026-05,17580,13742.437564746104,969497.4408287072,470972.2354140214,1.4174805405364805,F8_rp_zone05_wallet_net2000,m30,5pct
2026-06,13617,7403.942253487619,829067.7560176952,429956.23364492744,0.8930442897757072,F8_rp_zone05_wallet_net2000,m30,5pct
2026-07,17614,9493.589405799989,1194126.5982799754,617055.041097253,0.7950236950985425,F8_rp_zone05_wallet_net2000,m30,5pct
2026-08,13036,11109.681458094252,1037389.2934956338,556242.5364811472,1.0709269439882658,F8_rp_zone05_wallet_net2000,m30,5pct
2026-01,4399,1267.448216583979,205680.03070410347,110122.82135184672,0.6162232727431679,F9_F8_stop2sigma,res,actual
2026-02,7652,12006.393228740473,489772.8159559215,257444.68079430834,2.4514209114090613,F9_F8_stop2sigma,res,actual
2026-03,3276,1990.926263851362,243485.9038630127,134440.68653270238,0.8176761908038318,F9_F8_stop2sigma,res,actual
2026-04,11313,16856.071454238463,809275.048345049,408341.41008374956,2.0828606403606273,F9_F8_stop2sigma,res,actual
2026-05,21299,30499.166472155197,1077987.2033402023,526935.471762487,2.829269807438517,F9_F8_stop2sigma,res,actual
2026-06,16613,18451.454126209206,977518.0731286571,506212.09420951403,1.8875818906501893,F9_F8_stop2sigma,res,actual
2026-07,18294,18968.401356617043,1230616.9890086139,634249.3514339807,1.541373272597025,F9_F8_stop2sigma,res,actual
2026-08,12593,14854.294538635224,997868.7745507342,535251.0329023077,1.4886020003304545,F9_F8_stop2sigma,res,actual
2026-01,4065,-1246.4081569182524,187576.00285961467,101163.59815799718,-0.664481670318504,F9_F8_stop2sigma,res,5pct
2026-02,4765,5710.26639126726,326470.63228892814,176041.47646590052,1.7490903703135066,F9_F8_stop2sigma,res,5pct
2026-03,2920,-511.70786770117485,221602.88091536696,121961.21003573682,-0.23091210077571273,F9_F8_stop2sigma,res,5pct
2026-04,9773,14071.02302324888,766698.3538269565,386945.87721571047,1.835274975225094,F9_F8_stop2sigma,res,5pct
2026-05,17580,26259.240922662986,969497.4408287072,470972.2354140214,2.7085415408850495,F9_F8_stop2sigma,res,5pct
2026-06,13617,16646.595565878364,829067.7560176952,429956.23364492744,2.0078691331379033,F9_F8_stop2sigma,res,5pct
2026-07,17289,15178.99679614512,1171242.4595008867,605390.4024710564,1.2959739183818095,F9_F8_stop2sigma,res,5pct
2026-08,12593,14854.294538635224,997868.7745507342,535251.0329023077,1.4886020003304545,F9_F8_stop2sigma,res,5pct
2026-01,4399,3856.170262420337,205680.03070410347,110122.82135184672,1.8748394043016856,F9_F8_stop2sigma,m30,actual
2026-02,8674,6138.087450581814,556257.4602323207,292901.59481318324,1.103461596365511,F9_F8_stop2sigma,m30,actual
2026-03,3276,4607.49001421684,243485.9038630127,134440.68653270238,1.8923025691084991,F9_F8_stop2sigma,m30,actual
2026-04,11313,13229.95976373009,809275.048345049,408341.41008374956,1.6347915076320576,F9_F8_stop2sigma,m30,actual
2026-05,21299,17900.770959730267,1077987.2033402023,526935.471762487,1.660573604609011,F9_F8_stop2sigma,m30,actual
2026-06,16613,11915.639021779776,977518.0731286571,506212.09420951403,1.2189686665989128,F9_F8_stop2sigma,m30,actual
2026-07,18294,10796.694389291626,1230616.9890086139,634249.3514339807,0.8773399429492237,F9_F8_stop2sigma,m30,actual
2026-08,13036,11109.681458094252,1037389.2934956338,556242.5364811472,1.0709269439882658,F9_F8_stop2sigma,m30,actual
2026-01,4065,1812.2118395845098,187576.00285961467,101163.59815799718,0.9661213651837983,F9_F8_stop2sigma,m30,5pct
2026-02,5416,953.7910077965071,368824.4946184731,198616.86338266617,0.2586029457677823,F9_F8_stop2sigma,m30,5pct
2026-03,3103,2441.495448795844,236368.8979310182,130136.01337126641,1.03291738894868,F9_F8_stop2sigma,m30,5pct
2026-04,9905,10140.524198747527,775616.452216299,391339.1419387933,1.3074147885557748,F9_F8_stop2sigma,m30,5pct
2026-05,17580,13742.437564746104,969497.4408287072,470972.2354140214,1.4174805405364805,F9_F8_stop2sigma,m30,5pct
2026-06,13617,7403.942253487619,829067.7560176952,429956.23364492744,0.8930442897757072,F9_F8_stop2sigma,m30,5pct
2026-07,17614,9493.589405799989,1194126.5982799754,617055.041097253,0.7950236950985425,F9_F8_stop2sigma,m30,5pct
2026-08,13036,11109.681458094252,1037389.2934956338,556242.5364811472,1.0709269439882658,F9_F8_stop2sigma,m30,5pct
2026-01,4399,739.4159978697636,120773.9232417596,65278.916664736804,0.6122314966862799,F10_F8_25pct,res,actual
2026-02,8674,5406.484547424689,262830.99542301643,136979.5089105242,2.0570193932885115,F10_F8_25pct,res,actual
2026-03,3276,595.1520442134862,109259.01515280633,60775.01532724068,0.5447166473001104,F10_F8_25pct,res,actual
2026-04,11315,6927.707450711127,365923.7312961771,184814.44615314476,1.8932107590212208,F10_F8_25pct,res,actual
2026-05,21300,14086.679553836326,548444.1240105503,269150.3178119453,2.568480349616316,F10_F8_25pct,res,actual
2026-06,16620,7429.680147443033,456270.34492675244,235338.2031210217,1.628350435230622,F10_F8_25pct,res,actual
2026-07,18357,9933.645707093365,536694.2451217804,277966.1272883915,1.8508947687410615,F10_F8_25pct,res,actual
2026-08,13143,5963.330495101272,461531.43838327,251241.8814721457,1.2920746018929132,F10_F8_25pct,res,actual
2026-01,4065,-682.403472271425,111422.02215015476,60664.51768873729,-0.6124493696154636,F10_F8_25pct,res,5pct
2026-02,5416,2258.2861036538498,168432.13171140244,90770.6966063716,1.3407691755176956,F10_F8_25pct,res,5pct
2026-03,3103,-225.2872249169609,105773.76163616066,58642.48374938632,-0.2129897069293056,F10_F8_25pct,res,5pct
2026-04,9907,6129.720693396141,338417.431413186,171390.95276942794,1.8112898817886671,F10_F8_25pct,res,5pct
2026-05,17581,12190.460109121874,473445.46024276956,228900.56654851724,2.574839370699837,F10_F8_25pct,res,5pct
2026-06,13618,6441.433367735232,385554.6702266106,197719.57498162056,1.6706926060444982,F10_F8_25pct,res,5pct
2026-07,17634,8266.07736835782,520628.70370026695,270090.3517503601,1.5877106486077868,F10_F8_25pct,res,5pct
2026-08,13143,5963.330495101272,461531.43838327,251241.8814721457,1.2920746018929132,F10_F8_25pct,res,5pct
2026-01,4399,2470.177846157625,120773.9232417596,65278.916664736804,2.0452907215847733,F10_F8_25pct,m30,actual
2026-02,8674,2777.0376203345113,262830.99542301643,136979.5089105242,1.0565868062345445,F10_F8_25pct,m30,actual
2026-03,3276,2140.887624454394,109259.01515280633,60775.01532724068,1.9594608476565651,F10_F8_25pct,m30,actual
2026-04,11315,6031.408810470914,365923.7312961771,184814.44615314476,1.6482693781861113,F10_F8_25pct,m30,actual
2026-05,21300,8948.294327339067,548444.1240105503,269150.3178119453,1.6315781199192736,F10_F8_25pct,m30,actual
2026-06,16620,5525.257726400576,456270.34492675244,235338.2031210217,1.210961393357172,F10_F8_25pct,m30,actual
2026-07,18357,5321.77924347954,536694.2451217804,277966.1272883915,0.9915849278898051,F10_F8_25pct,m30,actual
2026-08,13143,5097.8823563058295,461531.43838327,251241.8814721457,1.1045579850775822,F10_F8_25pct,m30,actual
2026-01,4065,1288.7853779899426,111422.02215015476,60664.51768873729,1.1566702462580936,F10_F8_25pct,m30,5pct
2026-02,5416,554.9731546409255,168432.13171140244,90770.6966063716,0.32949363580568825,F10_F8_25pct,m30,5pct
2026-03,3103,1170.1477594540004,105773.76163616066,58642.48374938632,1.1062741282465314,F10_F8_25pct,m30,5pct
2026-04,9907,4721.476550321166,338417.431413186,171390.95276942794,1.3951635205683437,F10_F8_25pct,m30,5pct
2026-05,17581,6779.635202356161,473445.46024276956,228900.56654851724,1.431978078083113,F10_F8_25pct,m30,5pct
2026-06,13618,3359.166764906063,385554.6702266106,197719.57498162056,0.8712556283993927,F10_F8_25pct,m30,5pct
2026-07,17634,4643.791233478218,520628.70370026695,270090.3517503601,0.8919583573616625,F10_F8_25pct,m30,5pct
2026-08,13143,5097.8823563058295,461531.43838327,251241.8814721457,1.1045579850775822,F10_F8_25pct,m30,5pct
2026-01,4399,1587.0485217236348,278490.16759317287,148213.6364356263,0.5698759620275158,F11_F8_75pct,res,actual
2026-02,8652,21220.321943881725,827543.7871317987,435632.99397411686,2.564253671389363,F11_F8_75pct,res,actual
2026-03,3236,1931.5805991079235,400550.1331465266,217148.31721233806,0.48223192036771223,F11_F8_75pct,res,actual
2026-04,11221,23655.25171742815,1298446.8756940628,652851.4822706685,1.8218112854854869,F11_F8_75pct,res,actual
2026-05,21051,37928.147178393876,1539399.9885816649,748501.4749835408,2.4638266506250392,F11_F8_75pct,res,actual
2026-06,16390,26380.938758308155,1532788.7486544282,793919.415391156,1.7211072811871102,F11_F8_75pct,res,actual
2026-07,17884,32779.79783862815,1804168.7741164975,914612.5559450113,1.8168919842147493,F11_F8_75pct,res,actual
2026-08,12656,16785.359640755774,1533179.440033159,794888.049863589,1.0948072484191902,F11_F8_75pct,res,actual
2026-01,4065,-1690.9028146457997,251697.0913179581,134808.666774075,-0.6718006973349386,F11_F8_75pct,res,5pct
2026-02,5411,9992.906935236102,591580.1160538502,316170.63575101126,1.6891891164114905,F11_F8_75pct,res,5pct
2026-03,3071,-1385.956043681156,389557.5866662833,210397.51009650313,-0.3557769354568989,F11_F8_75pct,res,5pct
2026-04,9818,19652.782555571775,1263429.0422313765,635037.1957101363,1.5555113820133863,F11_F8_75pct,res,5pct
2026-05,17412,31620.820853568526,1412996.9903738454,684092.6374335896,2.2378547915521327,F11_F8_75pct,res,5pct
2026-06,13479,24794.477811831766,1295622.142409136,675975.9647383092,1.9137121078934198,F11_F8_75pct,res,5pct
2026-07,17264,27747.450211512416,1752419.7321149015,890781.2160906623,1.5833792386042984,F11_F8_75pct,res,5pct
2026-08,12656,16785.359640755774,1533179.440033159,794888.049863589,1.0948072484191902,F11_F8_75pct,res,5pct
2026-01,4399,4802.443103132786,278490.16759317287,148213.6364356263,1.7244569690332279,F11_F8_75pct,m30,actual
2026-02,8652,9899.280102769737,827543.7871317987,435632.99397411686,1.1962243275464441,F11_F8_75pct,m30,actual
2026-03,3236,7182.2052748424985,400550.1331465266,217148.31721233806,1.7930852296621638,F11_F8_75pct,m30,actual
2026-04,11221,19826.0076472077,1298446.8756940628,652851.4822706685,1.5269017176085886,F11_F8_75pct,m30,actual
2026-05,21051,26327.826032024837,1539399.9885816649,748501.4749835408,1.7102654428549227,F11_F8_75pct,m30,actual
2026-06,16390,18436.838653497383,1532788.7486544282,793919.415391156,1.2028297226008686,F11_F8_75pct,m30,actual
2026-07,17884,14499.803518202283,1804168.7741164975,914612.5559450113,0.8036833208856996,F11_F8_75pct,m30,actual
2026-08,12656,15650.191073687894,1533179.440033159,794888.049863589,1.020767084728805,F11_F8_75pct,m30,actual
2026-01,4065,2067.404711977729,251697.0913179581,134808.666774075,0.8213860164820362,F11_F8_75pct,m30,5pct
2026-02,5411,1758.915565541365,591580.1160538502,316170.63575101126,0.29732499754627567,F11_F8_75pct,m30,5pct
2026-03,3071,3674.602131145461,389557.5866662833,210397.51009650313,0.943275720180834,F11_F8_75pct,m30,5pct
2026-04,9818,14898.99298438256,1263429.0422313765,635037.1957101363,1.1792504752042934,F11_F8_75pct,m30,5pct
2026-05,17412,20800.309160296398,1412996.9903738454,684092.6374335896,1.4720703088541702,F11_F8_75pct,m30,5pct
2026-06,13479,11522.261726191953,1295622.142409136,675975.9647383092,0.8893226928622074,F11_F8_75pct,m30,5pct
2026-07,17264,12776.933152410571,1752419.7321149015,890781.2160906623,0.7291023330917858,F11_F8_75pct,m30,5pct
2026-08,12656,15650.191073687894,1533179.440033159,794888.049863589,1.020767084728805,F11_F8_75pct,m30,5pct
2026-01,4366,2441.6039177483044,384321.22436913976,200708.7917381675,0.6353029088508391,F12_F8_100pct,res,actual
2026-02,8317,30521.470263413317,1108215.527471046,567762.7264954877,2.75410960294551,F12_F8_100pct,res,actual
2026-03,3132,5731.91330325386,499167.5559685956,260761.5467526561,1.1482944423604475,F12_F8_100pct,res,actual
2026-04,10866,20704.348900467587,1627471.314773618,799285.1646839633,1.2721790370448138,F12_F8_100pct,res,actual
2026-05,20334,45080.42910537486,1861006.9263973718,881639.858294655,2.4223676153986036,F12_F8_100pct,res,actual
2026-06,15618,27192.205175418538,1938066.9791862015,968670.1976834246,1.4030580711321239,F12_F8_100pct,res,actual
2026-07,17110,39749.94667863395,2096433.637853416,1031906.2271857563,1.8960746460515099,F12_F8_100pct,res,actual
2026-08,12067,16574.306357400492,1799774.6617900173,891318.7642470661,0.9209100844277941,F12_F8_100pct,res,actual
2026-01,4044,-578.5441377772884,346315.8704787109,181984.2336123999,-0.16705677882378572,F12_F8_100pct,res,5pct
2026-02,5220,12631.50365760258,842956.5159291778,434267.2896959679,1.4984763055872545,F12_F8_100pct,res,5pct
2026-03,2961,991.1864617030789,488932.5590977055,254102.8837882333,0.20272457688893772,F12_F8_100pct,res,5pct
2026-04,9512,14957.758034738565,1595555.4602865917,782970.9618592695,0.9374639996563874,F12_F8_100pct,res,5pct
2026-05,16844,38965.59690394381,1726975.9328557216,814007.9276952598,2.256290673345426,F12_F8_100pct,res,5pct
2026-06,13033,28222.70680758438,1631677.4356753207,824001.3252717487,1.7296743946148603,F12_F8_100pct,res,5pct
2026-07,16530,38439.740651227155,2039532.0599656738,1005393.1677590712,1.8847333369142583,F12_F8_100pct,res,5pct
2026-08,12067,16574.306357400492,1799774.6617900173,891318.7642470661,0.9209100844277941,F12_F8_100pct,res,5pct
2026-01,4366,5527.601145760916,384321.22436913976,200708.7917381675,1.4382763155572345,F12_F8_100pct,m30,actual
2026-02,8317,13129.863373162183,1108215.527471046,567762.7264954877,1.1847752578530104,F12_F8_100pct,m30,actual
2026-03,3132,7658.471322560086,499167.5559685956,260761.5467526561,1.5342486167193743,F12_F8_100pct,m30,actual
2026-04,10866,21973.00926747117,1627471.314773618,799285.1646839633,1.3501318928332464,F12_F8_100pct,m30,actual
2026-05,20334,33154.16826124657,1861006.9263973718,881639.858294655,1.7815177252149206,F12_F8_100pct,m30,actual
2026-06,15618,23630.896971996168,1938066.9791862015,968670.1976834246,1.2193023887089203,F12_F8_100pct,m30,actual
2026-07,17110,16641.22470195212,2096433.637853416,1031906.2271857563,0.7937873349042155,F12_F8_100pct,m30,actual
2026-08,12067,16902.4850245496,1799774.6617900173,891318.7642470661,0.9391445153327558,F12_F8_100pct,m30,actual
2026-01,4044,1790.9365063765547,346315.8704787109,181984.2336123999,0.5171395997246534,F12_F8_100pct,m30,5pct
2026-02,5220,808.6162655333944,842956.5159291778,434267.2896959679,0.09592621330438017,F12_F8_100pct,m30,5pct
2026-03,2961,3205.752431680707,488932.5590977055,254102.8837882333,0.655663520874274,F12_F8_100pct,m30,5pct
2026-04,9512,15509.33880990159,1595555.4602865917,782970.9618592695,0.9720338274619312,F12_F8_100pct,m30,5pct
2026-05,16844,26579.436011065573,1726975.9328557216,814007.9276952598,1.5390739097975679,F12_F8_100pct,m30,5pct
2026-06,13033,14710.202288168446,1631677.4356753207,824001.3252717487,0.9015386231703431,F12_F8_100pct,m30,5pct
2026-07,16530,14785.973639310914,2039532.0599656738,1005393.1677590712,0.7249689244678884,F12_F8_100pct,m30,5pct
2026-08,12067,16902.4850245496,1799774.6617900173,891318.7642470661,0.9391445153327558,F12_F8_100pct,m30,5pct
2026-01,4398,732.7203360288094,120717.27244217417,65228.96152699231,0.6069722428327695,G_25pct_net500,res,actual
2026-02,8662,5477.8854504821875,262179.5501646703,136615.97046810784,2.0893641197574815,G_25pct_net500,res,actual
2026-03,3264,812.477107110699,108842.40263241473,60477.306353055435,0.7464711247275723,G_25pct_net500,res,actual
2026-04,11300,7036.687253761125,364811.85972291377,184209.1298800633,1.9288537546739062,G_25pct_net500,res,actual
2026-05,21178,14293.06583688964,542872.4856787681,266208.8364123055,2.6328587677488633,G_25pct_net500,res,actual
2026-06,16558,7528.489548745801,453544.83974871214,233836.2399755299,1.6599217737582426,G_25pct_net500,res,actual
2026-07,18216,8663.753598491141,529697.1597057297,273848.91693674773,1.6356050697542424,G_25pct_net500,res,actual
2026-08,12910,5054.249130021758,446890.5327601657,242226.46918760208,1.1309814729805967,G_25pct_net500,res,actual
2026-01,4065,-685.0087292787531,111391.7816747426,60637.00661498471,-0.6149544598172763,G_25pct_net500,res,5pct
2026-02,5416,2261.674131191249,168375.43758258823,90739.66315314703,1.343232815702051,G_25pct_net500,res,5pct
2026-03,3092,-40.40833366166959,105394.95112376906,58380.3039084964,-0.03833991403840269,G_25pct_net500,res,5pct
2026-04,9892,6210.424407062829,337321.4233733693,170747.1925726352,1.841099905530971,G_25pct_net500,res,5pct
2026-05,17519,12066.201158044327,470443.5528139128,227524.51528815582,2.564856311851126,G_25pct_net500,res,5pct
2026-06,13591,6474.845544910466,384340.1919646639,196989.39848283108,1.684665221144959,G_25pct_net500,res,5pct
2026-07,17549,7929.054326511611,515899.13698205224,267060.5138037523,1.5369388622930489,G_25pct_net500,res,5pct
2026-08,12910,5054.249130021758,446890.5327601657,242226.46918760208,1.1309814729805967,G_25pct_net500,res,5pct
2026-01,4398,2470.3074307540373,120717.27244217417,65228.96152699231,2.0463578912763793,G_25pct_net500,m30,actual
2026-02,8662,2782.8170543861734,262179.5501646703,136615.97046810784,1.061416518808708,G_25pct_net500,m30,actual
2026-03,3264,2118.9600665818634,108842.40263241473,60477.306353055435,1.9468148583030347,G_25pct_net500,m30,actual
2026-04,11300,6004.370428894785,364811.85972291377,184209.1298800633,1.6458813684004943,G_25pct_net500,m30,actual
2026-05,21178,8952.489359141757,542872.4856787681,266208.8364123055,1.64909616812652,G_25pct_net500,m30,actual
2026-06,16558,5474.302961581262,453544.83974871214,233836.2399755299,1.2070036922069967,G_25pct_net500,m30,actual
2026-07,18216,5153.312721440622,529697.1597057297,273848.91693674773,0.9728790549497219,G_25pct_net500,m30,actual
2026-08,12910,4705.40848007588,446890.5327601657,242226.46918760208,1.0529219428779326,G_25pct_net500,m30,actual
2026-01,4065,1289.462464178248,111391.7816747426,60637.00661498471,1.1575920995171816,G_25pct_net500,m30,5pct
2026-02,5416,559.5075147855996,168375.43758258823,90739.66315314703,0.3322975861673178,G_25pct_net500,m30,5pct
2026-03,3092,1151.6173209643105,105394.95112376906,58380.3039084964,1.0926683951035994,G_25pct_net500,m30,5pct
2026-04,9892,4706.963626881623,337321.4233733693,170747.1925726352,1.3953942147551206,G_25pct_net500,m30,5pct
2026-05,17519,6729.378157197481,470443.5528139128,227524.51528815582,1.4304326453081042,G_25pct_net500,m30,5pct
2026-06,13591,3348.2769508919664,384340.1919646639,196989.39848283108,0.8711753339603383,G_25pct_net500,m30,5pct
2026-07,17549,4511.899718175661,515899.13698205224,267060.5138037523,0.8745701232550477,G_25pct_net500,m30,5pct
2026-08,12910,4705.40848007588,446890.5327601657,242226.46918760208,1.0529219428779326,G_25pct_net500,m30,5pct
2026-01,4334,883.8275481373233,116840.64260810125,63060.36710699645,0.7564384519022171,G_25pct_net250,res,actual
2026-02,8469,5562.633997644679,252092.5715115928,131179.3437276142,2.2065838609563606,G_25pct_net250,res,actual
2026-03,3170,1240.0969342931612,104368.19288209008,57477.91054062237,1.1881943148083058,G_25pct_net250,res,actual
2026-04,11088,6413.60549798359,351275.33561114926,176384.97226747073,1.8258058132163455,G_25pct_net250,res,actual
2026-05,20457,11759.545584121515,512083.75294659147,251919.53385048197,2.2964106001129068,G_25pct_net250,res,actual
2026-06,16122,7508.7875713169415,432729.8392433251,221910.8681197239,1.7352137269865346,G_25pct_net250,res,actual
2026-07,17566,7048.133911323961,497573.3772323393,255859.4786344887,1.4165014114155212,G_25pct_net250,res,actual
2026-08,12247,3457.5454109027764,406542.8878855255,217079.09857483738,0.850474947154002,G_25pct_net250,res,actual
2026-01,4017,-512.7715926385272,108358.13535180585,58966.96713885929,-0.4732192843423469,G_25pct_net250,res,5pct
2026-02,5353,2518.816047350202,164319.35217097143,88512.70302708223,1.5328785161770953,G_25pct_net250,res,5pct
2026-03,3009,394.53056953424715,101248.2585404585,55602.170012095026,0.3896665238707231,G_25pct_net250,res,5pct
2026-04,9715,5799.476213249382,325098.6107178793,163577.8143844623,1.7839129488874284,G_25pct_net250,res,5pct
2026-05,16980,10058.333414667795,445426.2529909389,216227.9951624674,2.2581366381366856,G_25pct_net250,res,5pct
2026-06,13288,6665.802764122422,369555.8667471297,189031.8477206819,1.8037334443626971,G_25pct_net250,res,5pct
2026-07,16942,6305.701526463953,485627.03687585075,249950.8359273659,1.298465910594675,G_25pct_net250,res,5pct
2026-08,12247,3457.5454109027764,406542.8878855255,217079.09857483738,0.850474947154002,G_25pct_net250,res,5pct
2026-01,4334,2462.684996840925,116840.64260810125,63060.36710699645,2.1077297606973042,G_25pct_net250,m30,actual
2026-02,8469,2695.0583641665203,252092.5715115928,131179.3437276142,1.0690748830901526,G_25pct_net250,m30,actual
2026-03,3170,2068.4949559918205,104368.19288209008,57477.91054062237,1.9819208313098815,G_25pct_net250,m30,actual
2026-04,11088,5676.9889173426245,351275.33561114926,176384.97226747073,1.616108033166004,G_25pct_net250,m30,actual
2026-05,20457,8342.573704397704,512083.75294659147,251919.53385048197,1.629142431563886,G_25pct_net250,m30,actual
2026-06,16122,5188.07889776345,432729.8392433251,221910.8681197239,1.198918684885555,G_25pct_net250,m30,actual
2026-07,17566,4761.140767985321,497573.3772323393,255859.4786344887,0.9568720887898572,G_25pct_net250,m30,actual
2026-08,12247,4284.778499074361,406542.8878855255,217079.09857483738,1.053954853658852,G_25pct_net250,m30,actual
2026-01,4017,1294.594289247463,108358.13535180585,58966.96713885929,1.1947365881152436,G_25pct_net250,m30,5pct
2026-02,5353,528.2044354420468,164319.35217097143,88512.70302708223,0.32144992568645187,G_25pct_net250,m30,5pct
2026-03,3009,1139.0755466226524,101248.2585404585,55602.170012095026,1.1250322356581384,G_25pct_net250,m30,5pct
2026-04,9715,4464.596987074872,325098.6107178793,163577.8143844623,1.373305464829947,G_25pct_net250,m30,5pct
2026-05,16980,6292.717468611182,445426.2529909389,216227.9951624674,1.4127405886736524,G_25pct_net250,m30,5pct
2026-06,13288,3117.1904218600266,369555.8667471297,189031.8477206819,0.8434963972559467,G_25pct_net250,m30,5pct
2026-07,16942,4114.644039472437,485627.03687585075,249950.8359273659,0.8472847940969017,G_25pct_net250,m30,5pct
2026-08,12247,4284.778499074361,406542.8878855255,217079.09857483738,1.053954853658852,G_25pct_net250,m30,5pct
2026-01,3972,1111.808927206652,98400.0560477411,52175.91706258122,1.1298864775719555,G_25pct_net100,res,actual
2026-02,7572,4468.065863106104,210664.2124730753,108833.95842790623,2.1209420483211696,G_25pct_net100,res,actual
2026-03,2779,1243.6593362838244,84929.26463325456,45381.92313083306,1.4643472325519964,G_25pct_net100,res,actual
2026-04,10047,5264.96452281121,292393.6465898673,145486.75938169885,1.8006425872160738,G_25pct_net100,res,actual
2026-05,18012,8086.30876550367,414181.7841526405,203818.0513916291,1.9523574128319419,G_25pct_net100,res,actual
2026-06,14508,6493.253341078879,359399.2396646182,181421.9817841253,1.8066964602201747,G_25pct_net100,res,actual
2026-07,15526,5500.694681374714,398562.08343919506,201436.17861838135,1.3801349676590358,G_25pct_net100,res,actual
2026-08,10641,2227.2082382168164,316824.94981924165,164719.75940312495,0.702977539959371,G_25pct_net100,res,actual
2026-01,3677,45.334399119803294,91172.9642137723,48797.50593293217,0.049723511252204325,G_25pct_net100,res,5pct
2026-02,4871,2549.3222979285847,139962.7264037317,74598.00428267584,1.8214294358448666,G_25pct_net100,res,5pct
2026-03,2633,500.0242920837441,82070.64257963217,43772.51031346602,0.6092608469570303,G_25pct_net100,res,5pct
2026-04,8799,4594.135509364365,270851.358668417,134834.97852912956,1.6961832984521303,G_25pct_net100,res,5pct
2026-05,15065,6391.921921777215,362541.07441785344,176857.95821174758,1.7630890326126432,G_25pct_net100,res,5pct
2026-06,12011,5600.020215913584,307924.8846916852,155227.24155787233,1.8186319113249634,G_25pct_net100,res,5pct
2026-07,15007,4868.411880513203,389281.41762779315,196865.5344118362,1.250615020408726,G_25pct_net100,res,5pct
2026-08,10641,2227.2082382168164,316824.94981924165,164719.75940312495,0.702977539959371,G_25pct_net100,res,5pct
2026-01,3972,2111.1031617554218,98400.0560477411,52175.91706258122,2.145428820417714,G_25pct_net100,m30,actual
2026-02,7572,2267.6033564536915,210664.2124730753,108833.95842790623,1.0764065380794143,G_25pct_net100,m30,actual
2026-03,2779,1712.5357068734854,84929.26463325456,45381.92313083306,2.016425921346,G_25pct_net100,m30,actual
2026-04,10047,4577.833078590243,292393.6465898673,145486.75938169885,1.5656404070268481,G_25pct_net100,m30,actual
2026-05,18012,6477.7030021425235,414181.7841526405,203818.0513916291,1.5639758313840433,G_25pct_net100,m30,actual
2026-06,14508,4204.250631126347,359399.2396646182,181421.9817841253,1.1697995340918477,G_25pct_net100,m30,actual
2026-07,15526,3538.5639567332505,398562.08343919506,201436.17861838135,0.8878325620437743,G_25pct_net100,m30,actual
2026-08,10641,3177.6406882016227,316824.94981924165,164719.75940312495,1.002964157341322,G_25pct_net100,m30,actual
2026-01,3677,1110.2868917123778,91172.9642137723,48797.50593293217,1.2177808424755168,G_25pct_net100,m30,5pct
2026-02,4871,450.45671651110473,139962.7264037317,74598.00428267584,0.3218404843098959,G_25pct_net100,m30,5pct
2026-03,2633,939.1566258126767,82070.64257963217,43772.51031346602,1.1443271263551082,G_25pct_net100,m30,5pct
2026-04,8799,3574.0871683439586,270851.358668417,134834.97852912956,1.3195751300326486,G_25pct_net100,m30,5pct
2026-05,15065,4853.968327814291,362541.07441785344,176857.95821174758,1.3388740394749754,G_25pct_net100,m30,5pct
2026-06,12011,2493.295728560685,307924.8846916852,155227.24155787233,0.8097090727360791,G_25pct_net100,m30,5pct
2026-07,15007,3020.400320151606,389281.41762779315,196865.5344118362,0.775891214781674,G_25pct_net100,m30,5pct
2026-08,10641,3177.6406882016227,316824.94981924165,164719.75940312495,1.002964157341322,G_25pct_net100,m30,5pct
2026-01,4335,1517.100830991424,197784.5832007352,105794.2855121833,0.7670470602108005,G_50pct_net500,res,actual
2026-02,8321,13701.470136865979,509712.54126059724,267596.50517934206,2.688077892488214,G_50pct_net500,res,actual
2026-03,3107,3899.838568722874,221607.16632153487,120800.23687772606,1.7597980396827553,G_50pct_net500,res,actual
2026-04,10876,13629.411529539377,730814.7517960313,365973.35149712436,1.8649611951652716,G_50pct_net500,res,actual
2026-05,20195,22108.38635711151,959219.3094100367,469852.8299667393,2.3048312456000466,G_50pct_net500,res,actual
2026-06,15815,16829.718387179182,875735.0554964185,448271.442396186,1.9217819683647472,G_50pct_net500,res,actual
2026-07,17058,12290.129902895898,1048205.8411929068,535110.7880340269,1.1724920258896059,G_50pct_net500,res,actual
2026-08,11858,5521.283788675107,838928.7317939068,440355.98787244374,0.6581350214181815,G_50pct_net500,res,actual
2026-01,4020,-870.2926232769753,181825.50218070965,98177.16383423773,-0.4786416717342673,G_50pct_net500,res,5pct
2026-02,5269,6176.505662915687,347400.44856086024,186447.0223920042,1.7779210385313133,G_50pct_net500,res,5pct
2026-03,2944,2104.575054777948,215460.15948937583,116982.28309775123,0.9767815357445342,G_50pct_net500,res,5pct
2026-04,9504,11716.556136715697,700003.0159670579,350520.15475571883,1.6737865222665096,G_50pct_net500,res,5pct
2026-05,16767,18496.98964809989,868127.1053875419,422750.04234879167,2.1306775854951128,G_50pct_net500,res,5pct
2026-06,13065,15971.310094958339,751539.4218283456,386175.56616130454,2.125146017770209,G_50pct_net500,res,5pct
2026-07,16460,10112.554050552315,1022289.917662479,523121.76041763753,0.9892060829158146,G_50pct_net500,res,5pct
2026-08,11858,5521.283788675107,838928.7317939068,440355.98787244374,0.6581350214181815,G_50pct_net500,res,5pct
2026-01,4335,3858.9726554166828,197784.5832007352,105794.2855121833,1.9510988131466955,G_50pct_net500,m30,actual
2026-02,8321,5726.754124195643,509712.54126059724,267596.50517934206,1.1235262350093451,G_50pct_net500,m30,actual
2026-03,3107,4223.287196615123,221607.16632153487,120800.23687772606,1.9057538917705668,G_50pct_net500,m30,actual
2026-04,10876,11499.947239488596,730814.7517960313,365973.35149712436,1.573578969393629,G_50pct_net500,m30,actual
2026-05,20195,15808.057078417365,959219.3094100367,469852.8299667393,1.6480128082638408,G_50pct_net500,m30,actual
2026-06,15815,10645.43377661531,875735.0554964185,448271.442396186,1.2155998220924076,G_50pct_net500,m30,actual
2026-07,17058,8408.779626168673,1048205.8411929068,535110.7880340269,0.8022069039988455,G_50pct_net500,m30,actual
2026-08,11858,8405.937433966137,838928.7317939068,440355.98787244374,1.001984687780506,G_50pct_net500,m30,actual
2026-01,4020,1852.0469101430044,181825.50218070965,98177.16383423773,1.0185847903240346,G_50pct_net500,m30,5pct
2026-02,5269,918.9504177621773,347400.44856086024,186447.0223920042,0.26452194335643997,G_50pct_net500,m30,5pct
2026-03,2944,2263.511803956283,215460.15948937583,116982.28309775123,1.0505477250739226,G_50pct_net500,m30,5pct
2026-04,9504,8752.083908166149,700003.0159670579,350520.15475571883,1.250292314251689,G_50pct_net500,m30,5pct
2026-05,16767,12080.57648045752,868127.1053875419,422750.04234879167,1.3915677100146078,G_50pct_net500,m30,5pct
2026-06,13065,6452.382605350805,751539.4218283456,386175.56616130454,0.8585554420622997,G_50pct_net500,m30,5pct
2026-07,16460,7195.189532058145,1022289.917662479,523121.76041763753,0.7038306264929555,G_50pct_net500,m30,5pct
2026-08,11858,8405.937433966137,838928.7317939068,440355.98787244374,1.001984687780506,G_50pct_net500,m30,5pct
2026-01,4142,1627.878210169676,175368.31214631326,93126.291592666,0.9282624610149096,G_50pct_net250,res,actual
2026-02,7671,10551.965691647067,432093.8266096908,224948.93861460456,2.4420542580856237,G_50pct_net250,res,actual
2026-03,2793,3499.881979717088,178177.19812678132,94619.2883913527,1.964270409745,G_50pct_net250,res,actual
2026-04,10108,12943.66895889843,603424.3466850772,299988.3201951789,2.145035915439063,G_50pct_net250,res,actual
2026-05,18381,16312.560685608143,790927.933064541,387586.2716801476,2.0624585380874407,G_50pct_net250,res,actual
2026-06,14594,14787.15300955267,726820.2394174192,367051.46628704126,2.0344993449006417,G_50pct_net250,res,actual
2026-07,15553,8956.424519753342,833089.1036183251,421596.61643689766,1.075086023914277,G_50pct_net250,res,actual
2026-08,10731,3517.0394716464134,659320.4612770072,342003.3712399908,0.5334339942725913,G_50pct_net250,res,actual
2026-01,3839,-386.79990539113487,160964.85097031912,86327.41308245392,-0.24030085019148575,G_50pct_net250,res,5pct
2026-02,4891,5645.114549037602,297053.61990130035,158763.10687902576,1.900368879838347,G_50pct_net250,res,5pct
2026-03,2645,2039.8544625181853,173488.99246473677,91940.5070026508,1.1757832203289809,G_50pct_net250,res,5pct
2026-04,8821,11400.869105131767,576695.0630344116,286635.01261516486,1.9769319759984614,G_50pct_net250,res,5pct
2026-05,15320,12835.052132515324,715437.7106882219,348654.25487063464,1.7940139219343818,G_50pct_net250,res,5pct
2026-06,12094,12567.799052743401,625255.3153351812,316845.05943845917,2.0100267433962027,G_50pct_net250,res,5pct
2026-07,15028,7627.746391147317,812793.3357629183,412088.8443850859,0.9384607446353663,G_50pct_net250,res,5pct
2026-08,10731,3517.0394716464134,659320.4612770072,342003.3712399908,0.5334339942725913,G_50pct_net250,res,5pct
2026-01,4142,3559.2695489735074,175368.31214631326,93126.291592666,2.029596741516186,G_50pct_net250,m30,actual
2026-02,7671,4649.198719517921,432093.8266096908,224948.93861460456,1.075969716113887,G_50pct_net250,m30,actual
2026-03,2793,3341.154185973775,178177.19812678132,94619.2883913527,1.8751861748305128,G_50pct_net250,m30,actual
2026-04,10108,9174.506663716822,603424.3466850772,299988.3201951789,1.520407108880698,G_50pct_net250,m30,actual
2026-05,18381,12672.756320037362,790927.933064541,387586.2716801476,1.6022643518146231,G_50pct_net250,m30,actual
2026-06,14594,8653.121772245375,726820.2394174192,367051.46628704126,1.1905449659989191,G_50pct_net250,m30,actual
2026-07,15553,6524.6589243669205,833089.1036183251,421596.61643689766,0.7831886044396225,G_50pct_net250,m30,actual
2026-08,10731,6083.71384969564,659320.4612770072,342003.3712399908,0.9227248670414957,G_50pct_net250,m30,actual
2026-01,3839,1749.1091382262475,160964.85097031912,86327.41308245392,1.0866404234728064,G_50pct_net250,m30,5pct
2026-02,4891,664.114194272748,297053.61990130035,158763.10687902576,0.223567110373342,G_50pct_net250,m30,5pct
2026-03,2645,1753.4433770976934,173488.99246473677,91940.5070026508,1.0106943110261575,G_50pct_net250,m30,5pct
2026-04,8821,6912.641433690557,576695.0630344116,286635.01261516486,1.1986649230735789,G_50pct_net250,m30,5pct
2026-05,15320,9626.51264567655,715437.7106882219,348654.25487063464,1.3455416875378623,G_50pct_net250,m30,5pct
2026-06,12094,5248.639444912745,625255.3153351812,316845.05943845917,0.8394393963846756,G_50pct_net250,m30,5pct
2026-07,15028,5522.745780428966,812793.3357629183,412088.8443850859,0.6794772468508381,G_50pct_net250,m30,5pct
2026-08,10731,6083.71384969564,659320.4612770072,342003.3712399908,0.9227248670414957,G_50pct_net250,m30,5pct
2026-01,3606,1694.5827783418376,121885.2465162412,63560.07107455683,1.390310006154875,G_50pct_net100,res,actual
2026-02,6527,5670.673166411826,298769.61669911334,153713.755606504,1.8980086492940413,G_50pct_net100,res,actual
2026-03,2337,2090.923316719386,116193.69695390007,60213.60067138754,1.7995152676387955,G_50pct_net100,res,actual
2026-04,8729,8923.466625257184,394533.46229671367,194464.02913547587,2.261776877761051,G_50pct_net100,res,actual
2026-05,15574,9673.677920325626,513075.6748512528,251564.49619404608,1.8854290691388067,G_50pct_net100,res,actual
2026-06,12380,8389.780607433575,479793.4823951421,239817.72262797595,1.7486232963298214,G_50pct_net100,res,actual
2026-07,13101,5368.212148020077,523443.68106837745,262439.81113618665,1.0255567775817371,G_50pct_net100,res,actual
2026-08,8837,3150.8588707649856,405129.70206810924,206382.60719129615,0.7777407715801771,G_50pct_net100,res,actual
2026-01,3361,-29.036937422764556,112580.5744288757,59323.27665529008,-0.025792138270807133,G_50pct_net100,res,5pct
2026-02,4128,3094.25248137786,200237.27264614461,105225.47090976094,1.5452929619381914,G_50pct_net100,res,5pct
2026-03,2212,1009.0166645443193,113324.27450791317,58658.974861349714,0.8903799904528504,G_50pct_net100,res,5pct
2026-04,7594,7688.331587310575,373616.48814930243,184052.26509478712,2.0578137826289424,G_50pct_net100,res,5pct
2026-05,13028,7141.439351525309,461047.6073102032,225114.6764653035,1.5489592047097185,G_50pct_net100,res,5pct
2026-06,10407,6517.7898120052805,414720.06984248804,207610.91704034078,1.5716118620641526,G_50pct_net100,res,5pct
2026-07,12684,4728.2829050630335,510983.81374761247,256261.83385996224,0.9253292918194957,G_50pct_net100,res,5pct
2026-08,8837,3150.8588707649856,405129.70206810924,206382.60719129615,0.7777407715801771,G_50pct_net100,res,5pct
2026-01,3606,2496.3512019652203,121885.2465162412,63560.07107455683,2.048115972454945,G_50pct_net100,m30,actual
2026-02,6527,2872.0481703255055,298769.61669911334,153713.755606504,0.9612919151741941,G_50pct_net100,m30,actual
2026-03,2337,2278.719826924267,116193.69695390007,60213.60067138754,1.9611389315105026,G_50pct_net100,m30,actual
2026-04,8729,5985.9334237037065,394533.46229671367,194464.02913547587,1.5172181819147985,G_50pct_net100,m30,actual
2026-05,15574,8000.555663719953,513075.6748512528,251564.49619404608,1.5593324836612876,G_50pct_net100,m30,actual
2026-06,12380,5479.786509439374,479793.4823951421,239817.72262797595,1.1421135781345195,G_50pct_net100,m30,actual
2026-07,13101,3955.354946220562,523443.68106837745,262439.81113618665,0.7556409771052092,G_50pct_net100,m30,actual
2026-08,8837,3699.969935023391,405129.70206810924,206382.60719129615,0.9132803435876845,G_50pct_net100,m30,actual
2026-01,3361,1231.0152748347866,112580.5744288757,59323.27665529008,1.0934526503171267,G_50pct_net100,m30,5pct
2026-02,4128,465.9574984821638,200237.27264614461,105225.47090976094,0.23270267933862385,G_50pct_net100,m30,5pct
2026-03,2212,1243.5381693623794,113324.27450791317,58658.974861349714,1.09732727146252,G_50pct_net100,m30,5pct
2026-04,7594,4542.122035278905,373616.48814930243,184052.26509478712,1.215717769250004,G_50pct_net100,m30,5pct
2026-05,13028,6026.488373669387,461047.6073102032,225114.6764653035,1.3071293025092376,G_50pct_net100,m30,5pct
2026-06,10407,3218.2834157521747,414720.06984248804,207610.91704034078,0.776013424422524,G_50pct_net100,m30,5pct
2026-07,12684,3304.51641869038,510983.81374761247,256261.83385996224,0.6466968874130644,G_50pct_net100,m30,5pct
2026-08,8837,3699.969935023391,405129.70206810924,206382.60719129615,0.9132803435876845,G_50pct_net100,m30,5pct
2026-01,4067,4069.7465172782177,271056.2063983689,142012.26144128674,1.5014400781869381,G_100pct_net500,res,actual
2026-02,7657,17038.41688265862,675427.4024061722,351420.3295520125,2.522612618611596,G_100pct_net500,res,actual
2026-03,2765,5364.731145593944,300964.5074541048,158497.1728740049,1.7825128919602033,G_100pct_net500,res,actual
2026-04,9976,22204.13548098594,967820.5652998431,479231.9041446571,2.2942409241021675,G_100pct_net500,res,actual
2026-05,18688,24224.448421184505,1197443.4833017727,581173.8698780106,2.0230139258338258,G_100pct_net500,res,actual
2026-06,14367,22405.80120252024,1159983.1424966399,587764.3279066595,1.9315626565310318,G_100pct_net500,res,actual
2026-07,15832,13795.188289239706,1292004.6417048203,651426.6542566507,1.067735195675206,G_100pct_net500,res,actual
2026-08,10881,5252.548917687695,1045969.3011772261,535271.1280944704,0.5021704663584308,G_100pct_net500,res,actual
2026-01,3787,367.862485084616,250452.65521063816,132714.89057881827,0.14687905176139288,G_100pct_net500,res,5pct
2026-02,4810,6697.658747334029,490686.1412569238,259373.1712223336,1.3649577977029368,G_100pct_net500,res,5pct
2026-03,2620,3050.3676775757885,293732.04943938536,154337.74109324976,1.0384864993104075,G_100pct_net500,res,5pct
2026-04,8685,19204.170546815334,938715.1294774247,464576.27116764965,2.045793227760816,G_100pct_net500,res,5pct
2026-05,15523,20717.391348460773,1100982.9194661549,532549.854188844,1.8817177798277047,G_100pct_net500,res,5pct
2026-06,12075,19191.808025654085,994474.007647056,506609.0372916043,1.9298451118961126,G_100pct_net500,res,5pct
2026-07,15297,12306.757293548108,1257215.1057842756,634667.6791682555,0.9788903455682637,G_100pct_net500,res,5pct
2026-08,10881,5252.548917687695,1045969.3011772261,535271.1280944704,0.5021704663584308,G_100pct_net500,res,5pct
2026-01,4067,4957.447075128937,271056.2063983689,142012.26144128674,1.8289369356269312,G_100pct_net500,m30,actual
2026-02,7657,7434.765496987107,675427.4024061722,351420.3295520125,1.1007497579312258,G_100pct_net500,m30,actual
2026-03,2765,4826.115406274152,300964.5074541048,158497.1728740049,1.6035496833493246,G_100pct_net500,m30,actual
2026-04,9976,14193.057252254266,967820.5652998431,479231.9041446571,1.4664967620167357,G_100pct_net500,m30,actual
2026-05,18688,19994.23212888252,1197443.4833017727,581173.8698780106,1.669743282893936,G_100pct_net500,m30,actual
2026-06,14367,13705.044327573129,1159983.1424966399,587764.3279066595,1.1814865083362907,G_100pct_net500,m30,actual
2026-07,15832,9472.332820345182,1292004.6417048203,651426.6542566507,0.7331500611210104,G_100pct_net500,m30,actual
2026-08,10881,9512.088902847981,1045969.3011772261,535271.1280944704,0.9094042140760955,G_100pct_net500,m30,actual
2026-01,3787,2190.4906429664693,250452.65521063816,132714.89057881827,0.8746126652656971,G_100pct_net500,m30,5pct
2026-02,4810,849.2681504382829,490686.1412569238,259373.1712223336,0.17307767206606414,G_100pct_net500,m30,5pct
2026-03,2620,2210.9901677926205,293732.04943938536,154337.74109324976,0.7527235015765213,G_100pct_net500,m30,5pct
2026-04,8685,10456.851514151489,938715.1294774247,464576.27116764965,1.1139536570559736,G_100pct_net500,m30,5pct
2026-05,15523,15602.518205303688,1100982.9194661549,532549.854188844,1.4171444378872875,G_100pct_net500,m30,5pct
2026-06,12075,8207.856967672275,994474.007647056,506609.0372916043,0.8253465555215682,G_100pct_net500,m30,5pct
2026-07,15297,8205.267262989863,1257215.1057842756,634667.6791682555,0.6526542057312662,G_100pct_net500,m30,5pct
2026-08,10881,9512.088902847981,1045969.3011772261,535271.1280944704,0.9094042140760955,G_100pct_net500,m30,5pct
2026-01,3871,2821.8510185051127,200223.53023591253,104549.37959364538,1.4093503471746196,G_100pct_net250,res,actual
2026-02,7181,11302.416877654192,491947.11606598296,254687.64129172848,2.297486154210576,G_100pct_net250,res,actual
2026-03,2536,4420.475837959918,205857.55416230863,107131.96251170794,2.147346914689654,G_100pct_net250,res,actual
2026-04,9413,16309.678488005851,678779.7270652817,335262.13681941386,2.40279399010944,G_100pct_net250,res,actual
2026-05,17418,16935.916169541477,858413.0708287768,419793.27863747167,1.9729331652872277,G_100pct_net250,res,actual
2026-06,13471,15335.930364514283,814435.9872788124,409938.21981840464,1.8830123673383565,G_100pct_net250,res,actual
2026-07,14608,9014.085560381678,910432.3165188611,458869.2027715249,0.9900884883840716,G_100pct_net250,res,actual
2026-08,9949,4565.174044600212,718691.9376703489,368962.4959921587,0.6352059631277199,G_100pct_net250,res,actual
2026-01,3617,-167.31950525556525,184733.44188380294,97244.5213747062,-0.09057347903516515,G_100pct_net250,res,5pct
2026-02,4496,4998.905870007756,347020.34493480215,183056.97945920296,1.440522419786928,G_100pct_net250,res,5pct
2026-03,2401,2695.173590118052,201326.40298783244,104584.04466909204,1.338708460549479,G_100pct_net250,res,5pct
2026-04,8178,14107.374474736016,652860.8813541884,322102.4753586568,2.160854613539407,G_100pct_net250,res,5pct
2026-05,14477,13881.731170921648,781825.3809182344,380546.71861699113,1.7755539164791379,G_100pct_net250,res,5pct
2026-06,11317,12806.70050409438,703904.0223507278,355696.90643091436,1.8193816340650635,G_100pct_net250,res,5pct
2026-07,14123,8104.552853100163,887068.4967864269,447535.49918896984,0.9136332630975439,G_100pct_net250,res,5pct
2026-08,9949,4565.174044600212,718691.9376703489,368962.4959921587,0.6352059631277199,G_100pct_net250,res,5pct
2026-01,3871,3989.4545903063536,200223.53023591253,104549.37959364538,1.9925003747590482,G_100pct_net250,m30,actual
2026-02,7181,5166.52443547289,491947.11606598296,254687.64129172848,1.0502194782212981,G_100pct_net250,m30,actual
2026-03,2536,3776.956766290256,205857.55416230863,107131.96251170794,1.8347428549123392,G_100pct_net250,m30,actual
2026-04,9413,10331.490341378312,678779.7270652817,335262.13681941386,1.5220681952371686,G_100pct_net250,m30,actual
2026-05,17418,14019.256757582496,858413.0708287768,419793.27863747167,1.6331597495419365,G_100pct_net250,m30,actual
2026-06,13471,9740.122910926733,814435.9872788124,409938.21981840464,1.1959347404908223,G_100pct_net250,m30,actual
2026-07,14608,6574.246975548158,910432.3165188611,458869.2027715249,0.7221016715098075,G_100pct_net250,m30,actual
2026-08,9949,6701.235824148828,718691.9376703489,368962.4959921587,0.9324211769887092,G_100pct_net250,m30,actual
2026-01,3617,1936.2177749799505,184733.44188380294,97244.5213747062,1.0481143832083357,G_100pct_net250,m30,5pct
2026-02,4496,523.4876441917531,347020.34493480215,183056.97945920296,0.150852147959828,G_100pct_net250,m30,5pct
2026-03,2401,1978.3509850836615,201326.40298783244,104584.04466909204,0.9826584867774284,G_100pct_net250,m30,5pct
2026-04,8178,7683.6423385156895,652860.8813541884,322102.4753586568,1.1769187828466596,G_100pct_net250,m30,5pct
2026-05,14477,10842.061929904077,781825.3809182344,380546.71861699113,1.3867625936075836,G_100pct_net250,m30,5pct
2026-06,11317,5937.481677871437,703904.0223507278,355696.90643091436,0.8435072807288237,G_100pct_net250,m30,5pct
2026-07,14123,5528.5034861126915,887068.4967864269,447535.49918896984,0.6232329866454213,G_100pct_net250,m30,5pct
2026-08,9949,6701.235824148828,718691.9376703489,368962.4959921587,0.9324211769887092,G_100pct_net250,m30,5pct
2026-01,3536,1838.810855833286,123890.45714831984,64413.533503606515,1.4842231582307333,G_100pct_net100,res,actual
2026-02,6339,5717.740631354612,304046.3017011139,156198.82965329083,1.8805493108662485,G_100pct_net100,res,actual
2026-03,2278,2146.0128834741085,116916.31491564152,60554.463801170496,1.8355119086865836,G_100pct_net100,res,actual
2026-04,8604,9018.673476045084,395647.4150744505,194933.81177509404,2.279472361609643,G_100pct_net100,res,actual
2026-05,15574,9673.677920325626,513075.6748512528,251564.49619404608,1.8854290691388067,G_100pct_net100,res,actual
2026-06,12216,8353.614859343921,480878.42986075144,240349.56403260457,1.7371573230604016,G_100pct_net100,res,actual
2026-07,13012,5368.079851771895,523586.7119281753,262510.9350117011,1.0252513536875776,G_100pct_net100,res,actual
2026-08,8837,3150.8588707649856,405129.70206810924,206382.60719129615,0.7777407715801771,G_100pct_net100,res,actual
2026-01,3308,44.35934941401051,114651.03422358299,60234.1371159893,0.03869075382914084,G_100pct_net100,res,5pct
2026-02,4023,3265.2795447472854,204586.1371115251,107221.82199037807,1.596041447797266,G_100pct_net100,res,5pct
2026-03,2153,1062.9175992800444,114042.77762664152,58993.50968920337,0.9320341203542699,G_100pct_net100,res,5pct
2026-04,7469,7779.901556777844,374849.6132626484,184578.81020476736,2.075472744672848,G_100pct_net100,res,5pct
2026-05,13028,7141.439351525309,461047.6073102032,225114.6764653035,1.5489592047097185,G_100pct_net100,res,5pct
2026-06,10289,6500.270895045268,415427.63586061465,207966.84387574953,1.5647179758705931,G_100pct_net100,res,5pct
2026-07,12602,4728.69403038143,511136.73071805545,256337.03293422906,0.9251328942333029,G_100pct_net100,res,5pct
2026-08,8837,3150.8588707649856,405129.70206810924,206382.60719129615,0.7777407715801771,G_100pct_net100,res,5pct
2026-01,3536,2532.1967335160643,123890.45714831984,64413.533503606515,2.0438997415955575,G_100pct_net100,m30,actual
2026-02,6339,2858.3376484557325,304046.3017011139,156198.82965329083,0.940099462635648,G_100pct_net100,m30,actual
2026-03,2278,2292.8314222370714,116916.31491564152,60554.463801170496,1.9610876582035752,G_100pct_net100,m30,actual
2026-04,8604,5995.9543983413505,395647.4150744505,194933.81177509404,1.5154792297108952,G_100pct_net100,m30,actual
2026-05,15574,8000.555663719953,513075.6748512528,251564.49619404608,1.5593324836612876,G_100pct_net100,m30,actual
2026-06,12216,5487.281095370143,480878.42986075144,240349.56403260457,1.141095286174325,G_100pct_net100,m30,actual
2026-07,13012,3950.234576598747,523586.7119281753,262510.9350117011,0.7544566137004319,G_100pct_net100,m30,actual
2026-08,8837,3699.969935023391,405129.70206810924,206382.60719129615,0.9132803435876845,G_100pct_net100,m30,actual
2026-01,3308,1251.4344157761782,114651.03422358299,60234.1371159893,1.091516028835583,G_100pct_net100,m30,5pct
2026-02,4023,433.18570689212277,204586.1371115251,107221.82199037807,0.211737565901634,G_100pct_net100,m30,5pct
2026-03,2153,1252.0080345594042,114042.77762664152,58993.50968920337,1.097840705580046,G_100pct_net100,m30,5pct
2026-04,7469,4549.398446380103,374849.6132626484,184578.81020476736,1.213659634535209,G_100pct_net100,m30,5pct
2026-05,13028,6026.488373669387,461047.6073102032,225114.6764653035,1.3071293025092376,G_100pct_net100,m30,5pct
2026-06,10289,3223.2900903302934,415427.63586061465,207966.84387574953,0.7758968860251223,G_100pct_net100,m30,5pct
2026-07,12602,3299.5789692267713,511136.73071805545,256337.03293422906,0.6455374405575304,G_100pct_net100,m30,5pct
2026-08,8837,3699.969935023391,405129.70206810924,206382.60719129615,0.9132803435876845,G_100pct_net100,m30,5pct
2026-01,4447,4636.371491948339,465339.53665254015,234042.24767503317,0.9963416230008038,A0_base_usd1k_match3k,m30x,actual
2026-02,8646,9058.476532332252,1326009.6453542563,662944.0264762192,0.6831380574092425,A0_base_usd1k_match3k,m30x,actual
2026-03,3294,5577.309412328938,641794.9238880163,317244.0438554439,0.8690173768501317,A0_base_usd1k_match3k,m30x,actual
2026-04,14116,2888.6923874111067,2090930.5343761144,984382.3112859236,0.13815343646856382,A0_base_usd1k_match3k,m30x,actual
2026-05,34846,16945.741477417203,2428047.5844745464,1104456.246540475,0.6979163664572262,A0_base_usd1k_match3k,m30x,actual
2026-06,22631,-671.4025775372711,2469311.4168227115,1178844.6384275078,-0.0271898705429861,A0_base_usd1k_match3k,m30x,actual
2026-07,26699,-27366.04498420829,3297346.5949088912,1515243.2471171375,-0.8299414149080206,A0_base_usd1k_match3k,m30x,actual
2026-08,17273,-20194.810683563108,2829478.734632835,1303003.6252764398,-0.7137290143367581,A0_base_usd1k_match3k,m30x,actual
2026-01,4447,-3773.2213951054073,465339.53665254015,234042.24767503317,-0.8108533872381443,A0_base_usd1k_match3k,m30x,5pct
2026-02,8646,-16566.365426109962,1326009.6453542563,662944.0264762192,-1.249339737772729,A0_base_usd1k_match3k,m30x,5pct
2026-03,3294,-4353.636376117289,641794.9238880163,317244.0438554439,-0.678353195712862,A0_base_usd1k_match3k,m30x,5pct
2026-04,14116,-13271.155442648245,2090930.5343761144,984382.3112859236,-0.6347009249930942,A0_base_usd1k_match3k,m30x,5pct
2026-05,34846,-1558.7801552103224,2428047.5844745464,1104456.246540475,-0.06419891295283893,A0_base_usd1k_match3k,m30x,5pct
2026-06,22631,-19050.793856481596,2469311.4168227115,1178844.6384275078,-0.7715022790035309,A0_base_usd1k_match3k,m30x,5pct
2026-07,26699,-32723.181004637798,3297346.5949088912,1515243.2471171375,-0.9924095045137943,A0_base_usd1k_match3k,m30x,5pct
2026-08,17273,-20194.810683563108,2829478.734632835,1303003.6252764398,-0.7137290143367581,A0_base_usd1k_match3k,m30x,5pct
2026-01,4399,2829.5648279325314,205680.03070410347,110122.82135184672,1.3757119824642652,F8_rp_zone05_wallet_net2000,m30x,actual
2026-02,8674,3365.4174265568613,556257.4602323207,292901.59481318324,0.6050107490066373,F8_rp_zone05_wallet_net2000,m30x,actual
2026-03,3276,3128.479383346353,243485.9038630127,134440.68653270238,1.2848708420946056,F8_rp_zone05_wallet_net2000,m30x,actual
2026-04,11313,4618.329445777679,809275.048345049,408341.41008374956,0.5706748842957742,F8_rp_zone05_wallet_net2000,m30x,actual
2026-05,21299,6405.040085282182,1077987.2033402023,526935.471762487,0.5941666158406904,F8_rp_zone05_wallet_net2000,m30x,actual
2026-06,16613,1622.8074317433347,977518.0731286571,506212.09420951403,0.1660130361118906,F8_rp_zone05_wallet_net2000,m30x,actual
2026-07,18294,-5232.732814014393,1230616.9890086139,634249.3514339807,-0.42521213836239063,F8_rp_zone05_wallet_net2000,m30x,actual
2026-08,13036,-3268.1336855720483,1037389.2934956338,556242.5364811472,-0.3150344529351751,F8_rp_zone05_wallet_net2000,m30x,actual
2026-01,4065,-789.144131918856,187576.00285961467,101163.59815799718,-0.42070633763822446,F8_rp_zone05_wallet_net2000,m30x,5pct
2026-02,5416,-4212.208460732474,368824.4946184731,198616.86338266617,-1.1420631010664712,F8_rp_zone05_wallet_net2000,m30x,5pct
2026-03,3103,-944.4587825279849,236368.8979310182,130136.01337126641,-0.39956982106995115,F8_rp_zone05_wallet_net2000,m30x,5pct
2026-04,9905,-1081.9855589826254,775616.452216299,391339.1419387933,-0.13950007840742504,F8_rp_zone05_wallet_net2000,m30x,5pct
2026-05,17580,-179.4232974533815,969497.4408287072,470972.2354140214,-0.018506835593089757,F8_rp_zone05_wallet_net2000,m30x,5pct
2026-06,13617,-4109.556274786681,829067.7560176952,429956.23364492744,-0.49568400712220784,F8_rp_zone05_wallet_net2000,m30x,5pct
2026-07,17614,-7250.286449055176,1194126.5982799754,617055.041097253,-0.6071622941402124,F8_rp_zone05_wallet_net2000,m30x,5pct
2026-08,13036,-3268.1336855720483,1037389.2934956338,556242.5364811472,-0.3150344529351751,F8_rp_zone05_wallet_net2000,m30x,5pct
2026-01,4399,1867.483005040771,120773.9232417596,65278.916664736804,1.5462634274971183,F10_F8_25pct,m30x,actual
2026-02,8674,1466.6413712384795,262830.99542301643,136979.5089105242,0.5580168993683474,F10_F8_25pct,m30x,actual
2026-03,3276,1476.7283886240464,109259.01515280633,60775.01532724068,1.3515849347156745,F10_F8_25pct,m30x,actual
2026-04,11315,2174.6774725726846,365923.7312961771,184814.44615314476,0.5942980152912001,F10_F8_25pct,m30x,actual
2026-05,21300,3145.2520359159685,548444.1240105503,269150.3178119453,0.573486322164601,F10_F8_25pct,m30x,actual
2026-06,16620,719.4492575986734,456270.34492675244,235338.2031210217,0.1576804772868091,F10_F8_25pct,m30x,actual
2026-07,18357,-1677.7260774244853,536694.2451217804,277966.1272883915,-0.31260370176762287,F10_F8_25pct,m30x,actual
2026-08,13143,-1289.9818248028819,461531.43838327,251241.8814721457,-0.2795003151511514,F10_F8_25pct,m30x,actual
2026-01,4065,-255.41440388037518,111422.02215015476,60664.51768873729,-0.2292315279794268,F10_F8_25pct,m30x,5pct
2026-02,5416,-1770.447784478574,168432.13171140244,90770.6966063716,-1.0511342262841639,F10_F8_25pct,m30x,5pct
2026-03,3103,-339.2306469529289,105773.76163616066,58642.48374938632,-0.3207134186262662,F10_F8_25pct,m30x,5pct
2026-04,9907,-126.8941565724584,338417.431413186,171390.95276942794,-0.03749634173469296,F10_F8_25pct,m30x,5pct
2026-05,17581,39.86244685415472,473445.46024276956,228900.56654851724,0.00841964918909865,F10_F8_25pct,m30x,5pct
2026-06,13618,-2010.965475591021,385554.6702266106,197719.57498162056,-0.5215772576192818,F10_F8_25pct,m30x,5pct
2026-07,17634,-2705.755488436914,520628.70370026695,270090.3517503601,-0.5197092417698611,F10_F8_25pct,m30x,5pct
2026-08,13143,-1289.9818248028819,461531.43838327,251241.8814721457,-0.2795003151511514,F10_F8_25pct,m30x,5pct
2026-01,3972,1619.9555566086601,98400.0560477411,52175.91706258122,1.646295359651727,G_25pct_net100,m30x,actual
2026-02,7572,1217.3059796247367,210664.2124730753,108833.95842790623,0.5778418485675724,G_25pct_net100,m30x,actual
2026-03,2779,1184.1143368701403,84929.26463325456,45381.92313083306,1.3942359468004781,G_25pct_net100,m30x,actual
2026-04,10047,1465.2608640751332,292393.6465898673,145486.75938169885,0.501126095304805,G_25pct_net100,m30x,actual
2026-05,18012,2068.9137675485986,414181.7841526405,203818.0513916291,0.4995182904485561,G_25pct_net100,m30x,actual
2026-06,14508,367.3097393774944,359399.2396646182,181421.9817841253,0.10220103407014942,G_25pct_net100,m30x,actual
2026-07,15526,-1740.326778658038,398562.08343919506,201436.17861838135,-0.4366513652379438,G_25pct_net100,m30x,actual
2026-08,10641,-1331.999817110594,316824.94981924165,164719.75940312495,-0.42042137712656175,G_25pct_net100,m30x,actual
2026-01,3677,-179.86146020601322,91172.9642137723,48797.50593293217,-0.19727499457437178,G_25pct_net100,m30x,5pct
2026-02,4871,-1502.1068929142123,139962.7264037317,74598.00428267584,-1.0732192287975915,G_25pct_net100,m30x,5pct
2026-03,2633,-254.51368408477592,82070.64257963217,43772.51031346602,-0.310115378757787,G_25pct_net100,m30x,5pct
2026-04,8799,-354.40608937007,270851.358668417,134834.97852912956,-0.13084892433710948,G_25pct_net100,m30x,5pct
2026-05,15065,-364.18003287934675,362541.07441785344,176857.95821174758,-0.10045207524805982,G_25pct_net100,m30x,5pct
2026-06,12011,-1874.2099320094821,307924.8846916852,155227.24155787233,-0.6086581582667686,G_25pct_net100,m30x,5pct
2026-07,15007,-2559.6298318404,389281.41762779315,196865.5344118362,-0.657526847142691,G_25pct_net100,m30x,5pct
2026-08,10641,-1331.999817110594,316824.94981924165,164719.75940312495,-0.42042137712656175,G_25pct_net100,m30x,5pct
2026-01,4142,2683.900607274653,175368.31214631326,93126.291592666,1.5304364707778118,G_50pct_net250,m30x,actual
2026-02,7671,2494.8001558994665,432093.8266096908,224948.93861460456,0.5773746353828408,G_50pct_net250,m30x,actual
2026-03,2793,2234.6668513678287,178177.19812678132,94619.2883913527,1.2541822830650642,G_50pct_net250,m30x,actual
2026-04,10108,2693.1450211137444,603424.3466850772,299988.3201951789,0.44631030151643475,G_50pct_net250,m30x,actual
2026-05,18381,4185.545287813511,790927.933064541,387586.2716801476,0.5291942682560389,G_50pct_net250,m30x,actual
2026-06,14594,878.283104907958,726820.2394174192,367051.46628704126,0.12083910949039388,G_50pct_net250,m30x,actual
2026-07,15553,-4480.21395037479,833089.1036183251,421596.61643689766,-0.5377832852351618,G_50pct_net250,m30x,actual
2026-08,10731,-3284.612934800448,659320.4612770072,342003.3712399908,-0.49818155627062344,G_50pct_net250,m30x,actual
2026-01,3839,-521.6734997201863,160964.85097031912,86327.41308245392,-0.32409156196241845,G_50pct_net250,m30x,5pct
2026-02,4891,-3536.1381839492665,297053.61990130035,158763.10687902576,-1.1904040035345105,G_50pct_net250,m30x,5pct
2026-03,2645,-770.4761134901652,173488.99246473677,91940.5070026508,-0.4441066274834535,G_50pct_net250,m30x,5pct
2026-04,8821,-1533.6814067655166,576695.0630344116,286635.01261516486,-0.2659432176678789,G_50pct_net250,m30x,5pct
2026-05,15320,-762.9011804444923,715437.7106882219,348654.25487063464,-0.10663418618381362,G_50pct_net250,m30x,5pct
2026-06,12094,-3632.4664927870213,625255.3153351812,316845.05943845917,-0.5809573151472949,G_50pct_net250,m30x,5pct
2026-07,15028,-6069.447973683204,812793.3357629183,412088.8443850859,-0.7467393870775518,G_50pct_net250,m30x,5pct
2026-08,10731,-3284.612934800448,659320.4612770072,342003.3712399908,-0.49818155627062344,G_50pct_net250,m30x,5pct
2026-01,3606,1888.028550134014,121885.2465162412,63560.07107455683,1.5490213984860213,G_50pct_net100,m30x,actual
2026-02,6527,1382.7706562599385,298769.61669911334,153713.755606504,0.46282171244089637,G_50pct_net100,m30x,actual
2026-03,2337,1555.8622656759987,116193.69695390007,60213.60067138754,1.3390246686903233,G_50pct_net100,m30x,actual
2026-04,8729,1721.9815786724405,394533.46229671367,194464.02913547587,0.436460210155103,G_50pct_net100,m30x,actual
2026-05,15574,2482.7461735883157,513075.6748512528,251564.49619404608,0.48389473430173735,G_50pct_net100,m30x,actual
2026-06,12380,308.74688494862346,479793.4823951421,239817.72262797595,0.06434995394421587,G_50pct_net100,m30x,actual
2026-07,13101,-3017.8981349493383,523443.68106837745,262439.81113618665,-0.5765468653264936,G_50pct_net100,m30x,actual
2026-08,8837,-2141.874209040362,405129.70206810924,206382.60719129615,-0.5286885158275254,G_50pct_net100,m30x,actual
2026-01,3361,-381.68826278059635,112580.5744288757,59323.27665529008,-0.3390356326718985,G_50pct_net100,m30x,5pct
2026-02,4128,-2381.549239329475,200237.27264614461,105225.47090976094,-1.1893636024188672,G_50pct_net100,m30x,5pct
2026-03,2212,-421.8790011476737,113324.27450791317,58658.974861349714,-0.3722759338011159,G_50pct_net100,m30x,5pct
2026-04,7594,-975.0686395287507,373616.48814930243,184052.26509478712,-0.26098115860965415,G_50pct_net100,m30x,5pct
2026-05,13028,-705.6055946376279,461047.6073102032,225114.6764653035,-0.15304397711858866,G_50pct_net100,m30x,5pct
2026-06,10407,-2740.5522487722724,414720.06984248804,207610.91704034078,-0.6608197789446608,G_50pct_net100,m30x,5pct
2026-07,12684,-4074.4859539813797,510983.81374761247,256261.83385996224,-0.7973806301414215,G_50pct_net100,m30x,5pct
2026-08,8837,-2141.874209040362,405129.70206810924,206382.60719129615,-0.5286885158275254,G_50pct_net100,m30x,5pct
2026-01,3871,2989.705891001791,200223.53023591253,104549.37959364538,1.493184086545264,G_100pct_net250,m30x,actual
2026-02,7181,2712.859424572975,491947.11606598296,254687.64129172848,0.5514534664350201,G_100pct_net250,m30x,actual
2026-03,2536,2497.846365098531,205857.55416230863,107131.96251170794,1.2133858168396876,G_100pct_net250,m30x,actual
2026-04,9413,2978.405519259648,678779.7270652817,335262.13681941386,0.43878822547291535,G_100pct_net250,m30x,actual
2026-05,17418,4754.866017959082,858413.0708287768,419793.27863747167,0.5539135154790193,G_100pct_net250,m30x,actual
2026-06,13471,961.8019931658645,814435.9872788124,409938.21981840464,0.11809424045460346,G_100pct_net250,m30x,actual
2026-07,14608,-5510.040255680171,910432.3165188611,458869.2027715249,-0.6052114095365618,G_100pct_net250,m30x,actual
2026-08,9949,-3579.1744591730217,718691.9376703489,368962.4959921587,-0.49801232928464056,G_100pct_net250,m30x,actual
2026-01,3617,-693.476747924999,184733.44188380294,97244.5213747062,-0.3753931832013366,G_100pct_net250,m30x,5pct
2026-02,4496,-4453.529871827445,347020.34493480215,183056.97945920296,-1.283362758648681,G_100pct_net250,m30x,5pct
2026-03,2401,-973.4919225639761,201326.40298783244,104584.04466909204,-0.48353912259725373,G_100pct_net250,m30x,5pct
2026-04,8178,-1974.074232333156,652860.8813541884,322102.4753586568,-0.30237287739440866,G_100pct_net250,m30x,5pct
2026-05,14477,-603.3081046025297,781825.3809182344,380546.71861699113,-0.07716660514320467,G_100pct_net250,m30x,5pct
2026-06,11317,-4155.812354037642,703904.0223507278,355696.90643091436,-0.5903947444651714,G_100pct_net250,m30x,5pct
2026-07,14123,-7188.516335362635,887068.4967864269,447535.49918896984,-0.8103676730043274,G_100pct_net250,m30x,5pct
2026-08,9949,-3579.1744591730217,718691.9376703489,368962.4959921587,-0.49801232928464056,G_100pct_net250,m30x,5pct
