label,source,reading,cv,x_s,period,per_share_c,per_share_ci95_lo_c,per_share_ci95_hi_c,pnl_per_day_usd,pnl_usd,sharpe_ann,fill_rate,calls_share_before_reprice,calls_share_in_decay_window,calls_share_too_late,calls_median_tau_s,n_calls,n_trades,wrong_call_share_of_trades,pnl_correct_usd,pnl_wrong_usd,max_dd_usd,worst_day_usd,capital_usd,days,n_seeds,n_seeds_with_trades,pnl_per_day_usd_sd,pnl_per_day_usd_seed_p2_5,pnl_per_day_usd_seed_p97_5,per_share_c_sd,sharpe_ann_sd,grid,x_kind
assumed data: licensed feed/video not purchased; parameters measured,video,tournament,own120_engine,0.0,IS,1.149554,0.878971,1.423013,92.198058,9496.399991,11.83596,0.251061,0.437376,0.104383,0.45824,-0.338,22517.0,6399.7,0.118942,13148.903774,-3652.503783,-451.483347,-218.731849,29026.981301,103.0,20,20,21.689357,49.859251,119.614574,0.171798,2.468868,sensitivity_cv_pessimistic,video delay V (s)
assumed data: licensed feed/video not purchased; parameters measured,video,tournament,own120_engine,0.05,IS,0.938663,0.565462,1.304256,58.284492,6003.302634,7.70082,0.174635,0.306142,0.23057,0.463288,-0.388,22517.0,4697.35,0.170963,9625.645549,-3622.342915,-642.565309,-246.243259,25452.826571,103.0,20,20,22.810072,15.492431,89.106678,0.242654,2.609729,sensitivity_cv_pessimistic,video delay V (s)
assumed data: licensed feed/video not purchased; parameters measured,video,tournament,own120_engine,0.1,IS,0.827462,0.402584,1.241224,46.403102,4779.519548,6.303923,0.1469,0.258265,0.256893,0.484843,-0.438,22517.0,4083.35,0.201795,8378.761072,-3599.241523,-746.027564,-245.966847,23065.355666,103.0,20,20,24.06027,0.700274,81.412009,0.336781,2.94482,sensitivity_cv_pessimistic,video delay V (s)
assumed data: licensed feed/video not purchased; parameters measured,video,tournament,own120_engine,0.15,IS,0.781378,0.334249,1.215319,42.909327,4419.660662,5.801069,0.139828,0.245759,0.260805,0.493436,-0.488,22517.0,3928.15,0.213706,7873.340327,-3453.679665,-814.351237,-239.068678,22993.189204,103.0,20,20,24.41197,-3.547072,78.611153,0.361871,3.030185,sensitivity_cv_pessimistic,video delay V (s)
assumed data: licensed feed/video not purchased; parameters measured,video,tournament,own120_engine,0.2,IS,0.782786,0.335356,1.22745,41.848293,4310.37414,5.716889,0.136963,0.240867,0.24883,0.510303,-0.538,22517.0,3866.0,0.217313,7632.063321,-3321.689182,-797.534675,-238.824873,22906.113709,103.0,20,20,23.040059,-2.836838,74.524646,0.349638,2.882804,sensitivity_cv_pessimistic,video delay V (s)
assumed data: licensed feed/video not purchased; parameters measured,video,tournament,own120_engine,0.25,IS,0.764884,0.296673,1.21039,40.592502,4181.027702,5.558422,0.134398,0.23709,0.238551,0.524359,-0.588,22517.0,3813.0,0.2223,7366.422861,-3185.395159,-852.887955,-250.171864,22637.023712,103.0,20,20,23.207751,-2.754684,73.028335,0.360298,2.937575,sensitivity_cv_pessimistic,video delay V (s)
assumed data: licensed feed/video not purchased; parameters measured,video,tournament,own120_engine,0.3,IS,0.712018,0.228885,1.178614,35.909348,3698.662795,4.940695,0.125183,0.221102,0.249774,0.529125,-0.638,22517.0,3610.4,0.235893,6746.697662,-3048.034866,-911.067498,-253.221098,21791.054334,103.0,20,20,20.560464,-2.249545,63.980211,0.335313,2.564672,sensitivity_cv_pessimistic,video delay V (s)
assumed data: licensed feed/video not purchased; parameters measured,video,tournament,own120_engine,0.35,IS,0.703541,0.211449,1.183054,34.5776,3561.492834,4.765045,0.121919,0.215195,0.243176,0.541629,-0.688,22517.0,3538.25,0.241291,6497.83321,-2936.340376,-913.231691,-256.957643,21342.109556,103.0,20,20,20.048544,-1.610008,64.715766,0.341288,2.482569,sensitivity_cv_pessimistic,video delay V (s)
assumed data: licensed feed/video not purchased; parameters measured,video,tournament,own120_engine,0.4,IS,0.706349,0.193572,1.192337,33.878225,3489.457172,4.708347,0.118695,0.209277,0.245361,0.545361,-0.738,22517.0,3466.55,0.247801,6319.59852,-2830.141347,-894.411486,-252.40562,21111.653517,103.0,20,20,19.738362,-1.825667,65.474374,0.340212,2.435039,sensitivity_cv_pessimistic,video delay V (s)
assumed data: licensed feed/video not purchased; parameters measured,video,tournament,own120_engine,0.45,IS,0.684345,0.1501,1.189053,32.211611,3317.795936,4.498316,0.114356,0.201692,0.247569,0.550739,-0.788,22517.0,3369.75,0.255116,5996.285239,-2678.489303,-917.322664,-251.681072,21015.47342,103.0,20,20,19.987415,-1.041395,64.962099,0.35435,2.506398,sensitivity_cv_pessimistic,video delay V (s)
assumed data: licensed feed/video not purchased; parameters measured,video,tournament,own120_engine,0.5,IS,0.654606,0.10526,1.181229,30.004218,3090.434421,4.193056,0.108915,0.19168,0.245697,0.562624,-0.838,22517.0,3249.15,0.265476,5669.495524,-2579.061103,-944.121786,-252.320789,20580.867742,103.0,20,20,20.593095,-0.891844,65.961725,0.370242,2.588219,sensitivity_cv_pessimistic,video delay V (s)
assumed data: licensed feed/video not purchased; parameters measured,video,tournament,own120_engine,0.55,IS,0.666782,0.107149,1.202537,30.173347,3107.854765,4.252468,0.108856,0.191284,0.114858,0.693858,-0.888,22517.0,3248.25,0.265668,5597.972038,-2490.117273,-918.780416,-251.636184,20473.333871,103.0,20,20,20.31578,-0.173625,66.180159,0.365125,2.560542,sensitivity_cv_pessimistic,video delay V (s)
assumed data: licensed feed/video not purchased; parameters measured,video,tournament,own120_engine,0.6,IS,0.624305,0.053096,1.177585,27.010809,2782.113308,3.794184,0.102318,0.179507,0.078769,0.741724,-0.938,22517.0,3103.85,0.278659,5201.670659,-2419.557351,-944.293899,-254.453642,20046.564617,103.0,20,20,19.042164,-2.178067,62.535962,0.374694,2.347266,sensitivity_cv_pessimistic,video delay V (s)
assumed data: licensed feed/video not purchased; parameters measured,video,tournament,own120_engine,0.65,IS,0.625078,0.05951,1.187059,26.807018,2761.122897,3.785122,0.101437,0.177748,0.068011,0.754241,-0.988,22517.0,3085.2,0.281111,5139.447578,-2378.324681,-935.359283,-253.334234,19944.160211,103.0,20,20,19.093736,-4.113095,62.317579,0.38117,2.377628,sensitivity_cv_pessimistic,video delay V (s)
assumed data: licensed feed/video not purchased; parameters measured,video,tournament,own120_engine,0.7,IS,0.57421,-0.041773,1.1688,23.735273,2444.733134,3.343011,0.094395,0.165026,0.07584,0.759133,-1.038,22517.0,2929.2,0.299443,4834.823804,-2390.090669,-996.858455,-249.88862,19709.03028,103.0,20,20,18.251549,-5.66568,58.737324,0.395066,2.303991,sensitivity_cv_pessimistic,video delay V (s)
assumed data: licensed feed/video not purchased; parameters measured,video,tournament,own120_engine,0.75,IS,0.570846,-0.052659,1.173914,23.260536,2395.835221,3.294262,0.09444,0.164065,0.073025,0.76291,-1.088,22517.0,2930.75,0.299629,4758.140769,-2362.305548,-993.260577,-251.977514,19400.76826,103.0,20,20,18.078282,-5.111425,58.80628,0.388682,2.269234,sensitivity_cv_pessimistic,video delay V (s)
assumed data: licensed feed/video not purchased; parameters measured,video,tournament,own120_engine,0.8,IS,0.463763,-0.225903,1.119907,17.473816,1799.803093,2.561262,0.084618,0.146991,0.074111,0.778898,-1.138,22517.0,2711.75,0.318373,4120.41131,-2320.608217,-1128.367907,-260.10655,18154.56249,103.0,20,20,16.112142,-4.4733,50.984415,0.389413,2.208517,sensitivity_cv_pessimistic,video delay V (s)
assumed data: licensed feed/video not purchased; parameters measured,video,tournament,own120_engine,0.85,IS,0.469433,-0.227203,1.140689,17.273547,1779.175379,2.541186,0.082262,0.143034,0.072161,0.784805,-1.188,22517.0,2660.5,0.32451,4067.669746,-2288.494367,-1097.40453,-255.286433,18038.104472,103.0,20,20,15.55138,-5.061254,50.608091,0.381449,2.123072,sensitivity_cv_pessimistic,video delay V (s)
assumed data: licensed feed/video not purchased; parameters measured,video,tournament,own120_engine,0.9,IS,0.47679,-0.225682,1.149257,17.391801,1791.355538,2.56455,0.081563,0.14207,0.067198,0.790731,-1.238,22517.0,2645.3,0.326884,4057.753529,-2266.397991,-1099.592943,-253.44529,17923.67608,103.0,20,20,15.651668,-4.851135,51.179726,0.381484,2.128549,sensitivity_cv_pessimistic,video delay V (s)
assumed data: licensed feed/video not purchased; parameters measured,video,tournament,own120_engine,0.95,IS,0.469231,-0.240105,1.151597,16.772512,1727.568776,2.4822,0.07978,0.138855,0.062837,0.798308,-1.288,22517.0,2605.75,0.331941,3972.370334,-2244.801558,-1130.785795,-252.728048,17862.251412,103.0,20,20,14.970107,-4.870519,47.703862,0.37317,2.060812,sensitivity_cv_pessimistic,video delay V (s)
assumed data: licensed feed/video not purchased; parameters measured,video,tournament,own120_engine,1.0,IS,0.476394,-0.23648,1.16886,17.018232,1752.877874,2.510574,0.079162,0.137654,0.054026,0.80832,-1.338,22517.0,2592.0,0.334229,3938.581772,-2185.703897,-1110.954359,-252.19847,17801.91484,103.0,20,20,15.26232,-4.716929,49.058141,0.38164,2.090218,sensitivity_cv_pessimistic,video delay V (s)
assumed data: licensed feed/video not purchased; parameters measured,video,tournament,own120_engine,1.05,IS,-0.213279,-1.375091,0.835463,1.750843,180.336843,-0.067836,0.044056,0.07686,0.114425,0.808716,-1.388,22517.0,1810.35,0.516752,2379.852708,-2199.515864,-1669.72241,-267.036587,16088.740822,103.0,20,20,18.231299,-20.906083,44.206389,0.78553,2.667515,sensitivity_cv_pessimistic,video delay V (s)
assumed data: licensed feed/video not purchased; parameters measured,video,tournament,own120_engine,1.1,IS,-0.317732,-1.543695,0.821621,0.055939,5.761753,-0.351864,0.03778,0.066583,0.112924,0.820493,-1.438,22517.0,1671.75,0.558706,2223.504459,-2217.742706,-1732.918017,-263.021517,15909.871455,103.0,20,20,17.419218,-21.091427,40.315742,0.838355,2.587222,sensitivity_cv_pessimistic,video delay V (s)
assumed data: licensed feed/video not purchased; parameters measured,video,tournament,own120_engine,1.15,IS,-0.544391,-1.865451,0.686826,-2.805684,-288.985401,-0.848293,0.030939,0.054723,0.123025,0.822252,-1.488,22517.0,1519.45,0.61066,1887.371827,-2176.357228,-1828.353582,-263.648428,14106.507735,103.0,20,20,17.697899,-24.306482,40.149861,1.003025,2.666644,sensitivity_cv_pessimistic,video delay V (s)
assumed data: licensed feed/video not purchased; parameters measured,video,tournament,own120_engine,1.2,IS,-0.547541,-1.887347,0.694002,-2.682448,-276.292175,-0.822952,0.030806,0.054488,0.110539,0.834974,-1.538,22517.0,1517.15,0.612678,1850.097106,-2126.389281,-1820.999867,-262.939607,14074.102521,103.0,20,20,17.862235,-26.389942,40.445439,1.060367,2.691164,sensitivity_cv_pessimistic,video delay V (s)
assumed data: licensed feed/video not purchased; parameters measured,video,tournament,own120_engine,1.25,IS,-0.539243,-1.906528,0.750063,-2.393841,-246.565643,-0.761605,0.029909,0.053246,0.110818,0.835935,-1.588,22517.0,1498.75,0.624434,1809.996726,-2056.562369,-1786.080507,-261.760998,13982.082612,103.0,20,20,17.749243,-26.845109,40.552856,1.078603,2.661775,sensitivity_cv_pessimistic,video delay V (s)
assumed data: licensed feed/video not purchased; parameters measured,video,tournament,own120_engine,1.3,IS,-0.634981,-2.052269,0.702606,-3.017978,-310.851775,-0.886484,0.02747,0.04907,0.097922,0.853009,-1.638,22517.0,1445.25,0.65447,1731.533003,-2042.384778,-1755.725448,-261.062978,13402.311061,103.0,20,20,18.146536,-26.19885,40.984864,1.134367,2.733577,sensitivity_cv_pessimistic,video delay V (s)
assumed data: licensed feed/video not purchased; parameters measured,video,tournament,own120_engine,1.35,IS,-0.743948,-2.223918,0.65551,-4.141948,-426.620603,-1.092406,0.024692,0.044313,0.098721,0.856966,-1.688,22517.0,1383.5,0.685256,1597.109024,-2023.729627,-1764.169966,-262.508577,13144.034594,103.0,20,20,18.241662,-28.387626,41.128319,1.206629,2.752346,sensitivity_cv_pessimistic,video delay V (s)
assumed data: licensed feed/video not purchased; parameters measured,video,tournament,own120_engine,1.4,IS,-0.721307,-2.20351,0.678821,-3.889536,-400.622172,-1.046099,0.024666,0.044218,0.097853,0.85793,-1.738,22517.0,1383.2,0.6857,1579.096906,-1979.719077,-1736.178634,-262.030487,13095.764275,103.0,20,20,18.122624,-27.853508,41.255352,1.190101,2.729372,sensitivity_cv_pessimistic,video delay V (s)
assumed data: licensed feed/video not purchased; parameters measured,video,tournament,own120_engine,1.45,IS,-0.695794,-2.175068,0.702141,-3.619585,-372.817251,-0.99427,0.024717,0.044218,0.094637,0.861145,-1.788,22517.0,1384.6,0.685578,1565.163243,-1937.980494,-1709.347655,-261.551866,13041.044457,103.0,20,20,17.967893,-27.342017,41.213094,1.173098,2.705872,sensitivity_cv_pessimistic,video delay V (s)
assumed data: licensed feed/video not purchased; parameters measured,video,tournament,own120_engine,1.5,IS,-0.680957,-2.154307,0.717163,-3.435359,-353.842013,-0.960477,0.024644,0.044071,0.093583,0.862346,-1.838,22517.0,1383.05,0.686692,1535.879719,-1889.721732,-1688.710135,-259.959505,12998.087645,103.0,20,20,17.849037,-27.214187,41.162268,1.168652,2.693373,sensitivity_cv_pessimistic,video delay V (s)
assumed data: licensed feed/video not purchased; parameters measured,video,tournament,own120_engine,1.55,IS,-0.725601,-2.212306,0.695879,-3.745972,-385.835145,-1.028223,0.023653,0.042459,0.034401,0.92314,-1.888,22517.0,1361.15,0.70203,1457.089501,-1842.924646,-1702.968609,-259.658152,12630.386245,103.0,20,20,17.72304,-26.678073,40.495884,1.201445,2.706364,sensitivity_cv_pessimistic,video delay V (s)
assumed data: licensed feed/video not purchased; parameters measured,video,tournament,own120_engine,1.6,IS,-0.719571,-2.206753,0.698103,-3.733836,-384.585116,-1.022594,0.023689,0.042435,0.024148,0.933417,-1.938,22517.0,1362.1,0.70187,1447.387312,-1831.972428,-1693.016751,-259.526707,12577.359939,103.0,20,20,17.585638,-26.265876,40.301065,1.187025,2.685566,sensitivity_cv_pessimistic,video delay V (s)
assumed data: licensed feed/video not purchased; parameters measured,video,tournament,own120_engine,1.65,IS,-0.720541,-2.209799,0.700495,-3.813399,-392.78014,-1.034004,0.02374,0.042435,0.012288,0.945277,-1.988,22517.0,1363.25,0.701525,1430.917362,-1823.697502,-1689.848993,-259.403078,12513.053042,103.0,20,20,17.462084,-25.956,40.047816,1.176336,2.669363,sensitivity_cv_pessimistic,video delay V (s)
assumed data: licensed feed/video not purchased; parameters measured,video,tournament,own120_engine,1.7,IS,-0.723402,-2.215511,0.703236,-3.902293,-401.936162,-1.046339,0.023806,0.04243,0.012058,0.945512,-2.038,22517.0,1364.9,0.701104,1413.672452,-1815.608614,-1689.447644,-259.292497,12447.547002,103.0,20,20,17.350598,-25.792049,39.780038,1.168542,2.654629,sensitivity_cv_pessimistic,video delay V (s)
assumed data: licensed feed/video not purchased; parameters measured,video,tournament,own120_engine,1.75,IS,-0.723689,-2.220549,0.723032,-3.961981,-408.084047,-1.05654,0.023902,0.042399,0.010847,0.946754,-2.088,22517.0,1367.15,0.700532,1409.302308,-1817.386355,-1680.374958,-259.215112,12379.608438,103.0,20,20,17.227038,-25.298156,39.529535,1.154127,2.639638,sensitivity_cv_pessimistic,video delay V (s)
assumed data: licensed feed/video not purchased; parameters measured,video,tournament,own120_engine,1.8,IS,-0.732532,-2.233837,0.721598,-4.105341,-422.850129,-1.083517,0.023993,0.042399,0.006671,0.95093,-2.138,22517.0,1369.4,0.700162,1384.463603,-1807.313733,-1675.336124,-259.215112,12212.740783,103.0,20,20,17.214292,-25.155788,39.464503,1.149134,2.641773,sensitivity_cv_pessimistic,video delay V (s)
assumed data: licensed feed/video not purchased; parameters measured,video,tournament,own120_engine,1.85,IS,-0.735265,-2.238656,0.721934,-4.192392,-431.816362,-1.09449,0.024033,0.042399,0.001914,0.955687,-2.188,22517.0,1370.3,0.699958,1380.154847,-1811.971208,-1674.992193,-259.215112,12176.681824,103.0,20,20,17.1199,-25.1491,39.147565,1.146592,2.632764,sensitivity_cv_pessimistic,video delay V (s)
assumed data: licensed feed/video not purchased; parameters measured,video,tournament,own120_engine,1.9,IS,-0.741381,-2.247823,0.717328,-4.334904,-446.495115,-1.114711,0.024084,0.042399,0.001819,0.955782,-2.238,22517.0,1371.25,0.699446,1358.462367,-1804.957482,-1675.459885,-259.215112,12148.0685,103.0,20,20,16.993804,-25.14241,38.772544,1.141054,2.618689,sensitivity_cv_pessimistic,video delay V (s)
assumed data: licensed feed/video not purchased; parameters measured,video,tournament,own120_engine,1.95,IS,-0.766204,-2.276771,0.70087,-4.52587,-466.164644,-1.140153,0.023913,0.042135,0.002083,0.955782,-2.288,22517.0,1367.45,0.703373,1337.76448,-1803.929124,-1688.252608,-259.215112,11881.340383,103.0,20,20,16.992989,-25.135718,38.318177,1.166657,2.632434,sensitivity_cv_pessimistic,video delay V (s)
assumed data: licensed feed/video not purchased; parameters measured,video,tournament,own120_engine,2.0,IS,-0.771768,-2.281646,0.702385,-4.637256,-477.637335,-1.157387,0.023773,0.041853,0.002218,0.955929,-2.338,22517.0,1364.4,0.704323,1320.81395,-1798.451285,-1688.93747,-259.215112,11853.953858,103.0,20,20,16.880039,-25.129025,37.904125,1.164509,2.624767,sensitivity_cv_pessimistic,video delay V (s)
assumed data: licensed feed/video not purchased; parameters measured,video,tournament,own120_engine,2.05,IS,-0.907588,-2.514365,0.660601,-6.102571,-628.564835,-1.434988,0.019616,0.034954,0.007505,0.957541,-2.388,22517.0,1271.85,0.746678,1179.883953,-1808.448787,-1753.73639,-260.701894,11335.142619,103.0,20,20,16.47309,-25.391169,35.534995,1.161761,2.613076,sensitivity_cv_pessimistic,video delay V (s)
assumed data: licensed feed/video not purchased; parameters measured,video,tournament,own120_engine,2.1,IS,-1.0421,-2.702206,0.567259,-7.571081,-779.821382,-1.712714,0.017138,0.030646,0.011789,0.957565,-2.438,22517.0,1216.8,0.775127,1004.756009,-1784.577391,-1821.589205,-260.701894,10925.652336,103.0,20,20,16.573867,-25.391493,35.29877,1.146755,2.624742,sensitivity_cv_pessimistic,video delay V (s)
assumed data: licensed feed/video not purchased; parameters measured,video,tournament,own120_engine,2.15,IS,-1.106236,-2.803112,0.551248,-8.407503,-865.972758,-1.880632,0.015233,0.027077,0.015357,0.957565,-2.488,22517.0,1174.9,0.792486,906.268849,-1772.241607,-1838.348646,-261.851802,10822.159045,103.0,20,20,16.524457,-25.391816,34.988914,1.121143,2.618374,sensitivity_cv_pessimistic,video delay V (s)
assumed data: licensed feed/video not purchased; parameters measured,video,tournament,own120_engine,2.2,IS,-1.168756,-2.91347,0.529079,-9.052553,-932.412965,-1.999548,0.013901,0.024781,0.017649,0.95757,-2.538,22517.0,1145.4,0.810461,837.929033,-1770.341998,-1845.269932,-260.701894,10228.948391,103.0,20,20,16.406595,-25.39214,34.604659,1.106362,2.600067,sensitivity_cv_pessimistic,video delay V (s)
assumed data: licensed feed/video not purchased; parameters measured,video,tournament,own120_engine,2.25,IS,-1.174694,-2.912352,0.516233,-9.073661,-934.587124,-2.010668,0.013763,0.024586,0.017813,0.957601,-2.588,22517.0,1142.4,0.812596,843.794927,-1778.382051,-1836.57798,-260.701894,10223.529803,103.0,20,20,16.393087,-25.392463,34.603911,1.106295,2.597567,sensitivity_cv_pessimistic,video delay V (s)
assumed data: licensed feed/video not purchased; parameters measured,video,tournament,own120_engine,2.3,IS,-1.167114,-2.902483,0.524443,-8.97046,-923.95741,-1.989357,0.013719,0.02451,0.017889,0.957601,-2.638,22517.0,1141.55,0.813578,842.040972,-1765.998382,-1825.660405,-260.701894,10217.343942,103.0,20,20,16.35615,-25.392787,34.610538,1.104578,2.589277,sensitivity_cv_pessimistic,video delay V (s)
assumed data: licensed feed/video not purchased; parameters measured,video,tournament,own120_engine,2.35,IS,-1.1594,-2.893141,0.531507,-8.868586,-913.464367,-1.970539,0.013676,0.024444,0.017955,0.957601,-2.688,22517.0,1140.7,0.814338,842.495473,-1755.95984,-1816.495659,-260.701894,10206.35553,103.0,20,20,16.310252,-25.393267,34.624351,1.102393,2.579264,sensitivity_cv_pessimistic,video delay V (s)
assumed data: licensed feed/video not purchased; parameters measured,video,tournament,own120_engine,2.4,IS,-1.152145,-2.893961,0.53608,-8.782508,-904.598357,-1.953341,0.013665,0.024408,0.017991,0.957601,-2.738,22517.0,1140.65,0.814531,844.728651,-1749.327008,-1812.32465,-260.701894,10192.90506,103.0,20,20,16.260321,-25.394909,34.542679,1.101917,2.57122,sensitivity_cv_pessimistic,video delay V (s)
assumed data: licensed feed/video not purchased; parameters measured,video,tournament,own120_engine,2.45,IS,-1.314228,-3.145344,0.465054,-11.156628,-1149.132695,-2.347168,0.00908,0.016425,0.025709,0.957865,-2.788,22517.0,1038.4,0.863564,601.717194,-1750.849889,-1888.384971,-267.541981,8173.794236,103.0,20,20,13.780014,-25.397056,21.712899,0.974016,2.132342,sensitivity_cv_pessimistic,video delay V (s)
assumed data: licensed feed/video not purchased; parameters measured,video,tournament,own120_engine,2.5,IS,-1.312389,-3.160156,0.47998,-11.154443,-1148.907654,-2.340031,0.00896,0.016274,0.025578,0.958147,-2.838,22517.0,1035.85,0.865832,576.370757,-1725.278411,-1892.655262,-265.641006,8176.358138,103.0,20,20,13.784775,-25.399203,22.209405,0.975447,2.135237,sensitivity_cv_pessimistic,video delay V (s)
assumed data: licensed feed/video not purchased; parameters measured,video,tournament,own120_engine,2.55,IS,-1.303048,-3.151,0.489496,-11.057784,-1138.95177,-2.320947,0.008971,0.016274,0.018679,0.965046,-2.888,22517.0,1036.1,0.865773,574.801284,-1713.753054,-1884.272509,-265.369784,8177.981154,103.0,20,20,13.752851,-25.40135,22.222144,0.975639,2.131309,sensitivity_cv_pessimistic,video delay V (s)
assumed data: licensed feed/video not purchased; parameters measured,video,tournament,own120_engine,2.6,IS,-1.296684,-3.143686,0.495595,-10.994813,-1132.465699,-2.308246,0.008973,0.016274,0.014371,0.969354,-2.938,22517.0,1036.15,0.865762,573.386229,-1705.851929,-1878.367654,-265.345027,8176.516066,103.0,20,20,13.717221,-25.403496,22.204894,0.975952,2.128188,sensitivity_cv_pessimistic,video delay V (s)
assumed data: licensed feed/video not purchased; parameters measured,video,tournament,own120_engine,2.65,IS,-1.292046,-3.147741,0.500491,-10.930326,-1125.823615,-2.297771,0.008869,0.016112,0.010965,0.972923,-2.988,22517.0,1034.0,0.867853,557.743819,-1683.567434,-1870.966207,-265.320262,8172.470678,103.0,20,20,13.667584,-25.405641,22.036907,0.973311,2.119417,sensitivity_cv_pessimistic,video delay V (s)
assumed data: licensed feed/video not purchased; parameters measured,video,tournament,own120_engine,2.7,IS,-1.289027,-3.143996,0.503607,-10.901142,-1122.817676,-2.291525,0.00888,0.016112,0.008669,0.975219,-3.038,22517.0,1034.25,0.867757,555.765323,-1678.582999,-1867.530656,-265.29549,8168.109755,103.0,20,20,13.643298,-25.407787,22.005417,0.974651,2.118712,sensitivity_cv_pessimistic,video delay V (s)
assumed data: licensed feed/video not purchased; parameters measured,video,tournament,own120_engine,2.75,IS,-1.286342,-3.141443,0.506046,-10.875988,-1120.226786,-2.285945,0.008893,0.016112,0.008474,0.975414,-3.088,22517.0,1034.6,0.867683,553.554643,-1673.78143,-1864.308695,-265.27071,8163.509555,103.0,20,20,13.617382,-25.409932,21.964352,0.976021,2.117896,sensitivity_cv_pessimistic,video delay V (s)
assumed data: licensed feed/video not purchased; parameters measured,video,tournament,own120_engine,2.8,IS,-1.283707,-3.138028,0.50769,-10.852207,-1117.777289,-2.280505,0.0089,0.016112,0.008398,0.97549,-3.138,22517.0,1034.75,0.867638,550.397329,-1668.174618,-1861.14363,-265.245923,8158.869952,103.0,20,20,13.590247,-25.412077,21.913981,0.97758,2.117221,sensitivity_cv_pessimistic,video delay V (s)
assumed data: licensed feed/video not purchased; parameters measured,video,tournament,own120_engine,2.85,IS,-1.281188,-3.134427,0.509652,-10.829663,-1115.45527,-2.275256,0.008909,0.016112,0.008331,0.975556,-3.188,22517.0,1034.95,0.867557,546.997909,-1662.453179,-1858.23033,-265.221129,8154.571699,103.0,20,20,13.566278,-25.414221,21.866189,0.979373,2.116913,sensitivity_cv_pessimistic,video delay V (s)
assumed data: licensed feed/video not purchased; parameters measured,video,tournament,own120_engine,2.9,IS,-1.278849,-3.131853,0.512667,-10.806849,-1113.105447,-2.269943,0.008915,0.016112,0.008296,0.975592,-3.238,22517.0,1035.1,0.867482,543.636934,-1656.742381,-1855.263856,-265.196327,8148.040858,103.0,20,20,13.547511,-25.416365,21.830845,0.981332,2.11712,sensitivity_cv_pessimistic,video delay V (s)
assumed data: licensed feed/video not purchased; parameters measured,video,tournament,own120_engine,2.95,IS,-1.278123,-3.132448,0.513967,-10.799939,-1112.393673,-2.267932,0.008931,0.016112,0.000313,0.983575,-3.288,22517.0,1035.4,0.867349,539.564325,-1651.957998,-1853.656322,-265.195334,8136.170565,103.0,20,20,13.532839,-25.418509,21.801273,0.982494,2.116426,sensitivity_cv_pessimistic,video delay V (s)
assumed data: licensed feed/video not purchased; parameters measured,video,tournament,own120_engine,3.0,IS,-1.279302,-3.135882,0.513882,-10.812851,-1113.723603,-2.269656,0.008935,0.016112,0.000162,0.983726,-3.338,22517.0,1035.55,0.86732,536.307639,-1650.031242,-1853.571744,-265.195334,8111.292768,103.0,20,20,13.501763,-25.420652,21.726926,0.981832,2.11176,sensitivity_cv_pessimistic,video delay V (s)
assumed data: licensed feed/video not purchased; parameters measured,video,tournament_lagcal,own120_engine,0.0,IS,1.373743,1.212755,1.539305,203.465036,20956.898681,23.328099,0.461265,0.817567,0.047311,0.135122,0.804,22517.0,11051.05,0.060742,26847.779933,-5890.881252,-232.130253,-174.609389,36210.856889,103.0,20,20,20.078479,168.916034,232.765088,0.066457,3.257049,sensitivity_stamp_lag,video delay V (s)
assumed data: licensed feed/video not purchased; parameters measured,video,tournament_lagcal,own120_engine,0.05,IS,1.367841,1.203168,1.534851,199.222563,20519.923975,22.948507,0.453928,0.804348,0.058705,0.136948,0.754,22517.0,10888.4,0.06198,26338.313887,-5818.389912,-240.956891,-181.761937,35928.497101,103.0,20,20,20.135247,164.891138,230.940167,0.064209,3.274745,sensitivity_stamp_lag,video delay V (s)
assumed data: licensed feed/video not purchased; parameters measured,video,tournament_lagcal,own120_engine,0.1,IS,1.363999,1.196231,1.533336,196.011191,20189.15264,22.558251,0.44863,0.794346,0.049494,0.15616,0.704,22517.0,10770.65,0.062717,25913.823023,-5724.670384,-236.722797,-176.510981,35787.325652,103.0,20,20,19.245462,161.887538,225.158018,0.067804,3.073591,sensitivity_stamp_lag,video delay V (s)
assumed data: licensed feed/video not purchased; parameters measured,video,tournament_lagcal,own120_engine,0.15,IS,1.350867,1.179952,1.521979,188.499399,19415.438148,21.471917,0.435129,0.769774,0.071375,0.158851,0.654,22517.0,10472.3,0.065272,25013.394629,-5597.956481,-290.322843,-194.167793,35634.878684,103.0,20,20,22.626086,136.447759,220.224677,0.079344,3.424691,sensitivity_stamp_lag,video delay V (s)
assumed data: licensed feed/video not purchased; parameters measured,video,tournament_lagcal,own120_engine,0.2,IS,1.305226,1.115241,1.495567,159.971058,16477.018959,17.645303,0.370622,0.657947,0.18208,0.159972,0.604,22517.0,9035.65,0.077017,22078.212381,-5601.193422,-444.840579,-226.683004,34786.85891,103.0,20,20,18.71448,123.086164,186.515649,0.097455,2.223601,sensitivity_stamp_lag,video delay V (s)
assumed data: licensed feed/video not purchased; parameters measured,video,tournament_lagcal,own120_engine,0.25,IS,1.286284,1.090207,1.48605,152.309719,15687.901073,17.08162,0.355325,0.630899,0.199087,0.170014,0.554,22517.0,8697.4,0.081358,21115.928179,-5428.027105,-448.730873,-222.435733,34102.318944,103.0,20,20,24.700097,95.734451,181.901803,0.123618,2.757548,sensitivity_stamp_lag,video delay V (s)
assumed data: licensed feed/video not purchased; parameters measured,video,tournament_lagcal,own120_engine,0.3,IS,1.273527,1.075475,1.475445,146.796003,15119.988343,16.510624,0.345197,0.613012,0.215264,0.171724,0.504,22517.0,8472.55,0.084029,20417.444736,-5297.456393,-438.389531,-220.107663,33853.319214,103.0,20,20,24.159264,90.125888,177.997931,0.127784,2.590725,sensitivity_stamp_lag,video delay V (s)
assumed data: licensed feed/video not purchased; parameters measured,video,tournament_lagcal,own120_engine,0.35,IS,1.266736,1.066156,1.473609,143.753074,14806.566656,16.289465,0.340494,0.604301,0.223904,0.171795,0.454,22517.0,8370.4,0.08562,19993.988804,-5187.422148,-439.071482,-214.413859,33677.768968,103.0,20,20,24.30687,88.850406,176.340165,0.125131,2.567794,sensitivity_stamp_lag,video delay V (s)
assumed data: licensed feed/video not purchased; parameters measured,video,tournament_lagcal,own120_engine,0.4,IS,1.26044,1.059899,1.467785,141.276528,14551.482337,16.08093,0.336743,0.597608,0.230011,0.172381,0.404,22517.0,8290.9,0.086967,19580.01393,-5028.531594,-429.105679,-216.95385,33632.16747,103.0,20,20,24.105832,87.392318,175.449189,0.125301,2.515925,sensitivity_stamp_lag,video delay V (s)
assumed data: licensed feed/video not purchased; parameters measured,video,tournament_lagcal,own120_engine,0.45,IS,1.253226,1.045672,1.462628,138.653916,14281.353316,15.84733,0.332957,0.590403,0.23645,0.173147,0.354,22517.0,8207.6,0.088105,19190.416775,-4909.063459,-417.432304,-213.339592,33582.580001,103.0,20,20,24.227641,84.939118,173.061661,0.128012,2.495458,sensitivity_stamp_lag,video delay V (s)
assumed data: licensed feed/video not purchased; parameters measured,video,tournament_lagcal,own120_engine,0.5,IS,1.258028,1.049138,1.468739,137.863519,14199.942438,15.932642,0.331336,0.586837,0.23073,0.182433,0.304,22517.0,8172.35,0.08868,19000.464425,-4800.521987,-402.276077,-211.322258,33506.146037,103.0,20,20,24.00232,84.362821,172.93695,0.129474,2.483334,sensitivity_stamp_lag,video delay V (s)
assumed data: licensed feed/video not purchased; parameters measured,video,tournament_lagcal,own120_engine,0.55,IS,1.240375,1.024643,1.460242,132.290894,13625.96208,15.386016,0.321777,0.569354,0.234994,0.195652,0.254,22517.0,7960.7,0.091556,18310.086538,-4684.124458,-416.79554,-212.113719,32752.610887,103.0,20,20,25.381365,82.490165,170.734199,0.131551,2.391845,sensitivity_stamp_lag,video delay V (s)
assumed data: licensed feed/video not purchased; parameters measured,video,tournament_lagcal,own120_engine,0.6,IS,1.220612,1.00291,1.44125,125.685356,12945.591658,14.739413,0.309568,0.547513,0.246834,0.205654,0.204,22517.0,7690.25,0.095334,17439.086058,-4493.4944,-470.11065,-209.065986,32027.062334,103.0,20,20,24.959266,74.354845,154.765734,0.144434,2.468977,sensitivity_stamp_lag,video delay V (s)
assumed data: licensed feed/video not purchased; parameters measured,video,tournament_lagcal,own120_engine,0.65,IS,1.22022,1.000455,1.446773,123.923455,12764.115909,14.709001,0.306531,0.541473,0.227428,0.231099,0.154,22517.0,7623.35,0.096364,17108.310624,-4344.194715,-449.738546,-216.293446,31869.627011,103.0,20,20,24.430112,75.200219,152.729871,0.137917,2.354571,sensitivity_stamp_lag,video delay V (s)
assumed data: licensed feed/video not purchased; parameters measured,video,tournament_lagcal,own120_engine,0.7,IS,1.210127,0.983485,1.436916,121.298388,12493.733976,14.486875,0.303657,0.53552,0.122427,0.342053,0.104,22517.0,7560.85,0.09742,16758.406535,-4264.672559,-435.339614,-213.681355,31693.747522,103.0,20,20,23.528586,73.721442,149.960341,0.13347,2.253241,sensitivity_stamp_lag,video delay V (s)
assumed data: licensed feed/video not purchased; parameters measured,video,tournament_lagcal,own120_engine,0.75,IS,1.194468,0.962612,1.429932,115.621838,11909.049359,13.920386,0.292206,0.515095,0.115804,0.369101,0.054,22517.0,7307.0,0.101514,16135.314643,-4226.265284,-439.744384,-220.778782,31489.499692,103.0,20,20,23.384059,67.687347,143.109106,0.142694,2.351907,sensitivity_stamp_lag,video delay V (s)
assumed data: licensed feed/video not purchased; parameters measured,video,tournament_lagcal,own120_engine,0.8,IS,1.190714,0.954316,1.431726,112.600299,11597.830835,13.688681,0.28611,0.503351,0.109662,0.386988,0.004,22517.0,7172.8,0.104061,15758.983149,-4161.152314,-422.753761,-221.951073,31044.745888,103.0,20,20,23.207634,66.571921,139.429692,0.140629,2.32797,sensitivity_stamp_lag,video delay V (s)
assumed data: licensed feed/video not purchased; parameters measured,video,tournament_lagcal,own120_engine,0.85,IS,1.161538,0.917086,1.407926,106.265258,10945.321538,12.954461,0.278006,0.487303,0.116998,0.395699,-0.046,22517.0,6993.65,0.107186,15032.96858,-4087.647043,-448.192305,-233.817318,30748.903153,103.0,20,20,23.226553,57.804851,134.722511,0.151778,2.40971,sensitivity_stamp_lag,video delay V (s)
assumed data: licensed feed/video not purchased; parameters measured,video,tournament_lagcal,own120_engine,0.9,IS,1.165892,0.915621,1.424073,103.219717,10631.630888,12.699445,0.272605,0.47541,0.122199,0.402392,-0.096,22517.0,6875.65,0.109341,14614.580658,-3982.94977,-441.398109,-229.593812,30346.667187,103.0,20,20,22.479052,55.417958,130.523223,0.155079,2.445408,sensitivity_stamp_lag,video delay V (s)
assumed data: licensed feed/video not purchased; parameters measured,video,tournament_lagcal,own120_engine,0.95,IS,1.164038,0.903388,1.424176,100.474019,10348.823952,12.517156,0.269425,0.470296,0.120107,0.409597,-0.146,22517.0,6805.25,0.11065,14205.447787,-3856.623836,-448.411268,-227.773795,29622.780154,103.0,20,20,21.946423,54.013701,127.479997,0.157298,2.452366,sensitivity_stamp_lag,video delay V (s)
assumed data: licensed feed/video not purchased; parameters measured,video,tournament_lagcal,own120_engine,1.0,IS,1.16288,0.899195,1.428986,98.004921,10094.506905,12.341215,0.262471,0.458309,0.128527,0.413163,-0.196,22517.0,6650.35,0.113634,13925.97773,-3831.470824,-455.082647,-220.577745,29281.740813,103.0,20,20,22.70714,50.499622,125.864769,0.16575,2.558468,sensitivity_stamp_lag,video delay V (s)
assumed data: licensed feed/video not purchased; parameters measured,video,tournament_lagcal,own120_engine,1.05,IS,1.163112,0.896337,1.43429,96.514496,9940.993073,12.264436,0.259071,0.45203,0.117325,0.430646,-0.246,22517.0,6576.15,0.115257,13668.802195,-3727.809122,-445.71183,-216.350127,29216.830391,103.0,20,20,22.260473,51.436534,125.745302,0.167921,2.543064,sensitivity_stamp_lag,video delay V (s)
assumed data: licensed feed/video not purchased; parameters measured,video,tournament_lagcal,own120_engine,1.1,IS,1.155344,0.889331,1.425521,94.467092,9730.110453,12.058417,0.255582,0.445634,0.101879,0.452487,-0.296,22517.0,6499.4,0.116878,13423.484766,-3693.374313,-448.46346,-216.083422,29116.200048,103.0,20,20,22.03113,49.863812,122.85195,0.170068,2.495559,sensitivity_stamp_lag,video delay V (s)
assumed data: licensed feed/video not purchased; parameters measured,video,tournament_lagcal,own120_engine,1.15,IS,1.143773,0.867176,1.420209,90.702938,9342.402627,11.623365,0.247577,0.431991,0.109482,0.458527,-0.346,22517.0,6321.4,0.120234,12977.292563,-3634.889936,-464.538203,-221.726197,29002.114931,103.0,20,20,20.376401,50.023631,117.555144,0.16664,2.287742,sensitivity_stamp_lag,video delay V (s)
assumed data: licensed feed/video not purchased; parameters measured,video,tournament_lagcal,own120_engine,1.2,IS,0.917112,0.532672,1.296618,55.426305,5708.909439,7.400883,0.167693,0.294204,0.241315,0.46448,-0.396,22517.0,4542.15,0.177356,9322.781992,-3613.872553,-677.808957,-244.415895,24767.38195,103.0,20,20,23.327971,15.535381,88.637328,0.250764,2.667738,sensitivity_stamp_lag,video delay V (s)
assumed data: licensed feed/video not purchased; parameters measured,video,tournament_lagcal,own120_engine,1.25,IS,0.822158,0.394632,1.240195,46.077232,4745.954909,6.254188,0.14674,0.257972,0.257124,0.484905,-0.446,22517.0,4080.45,0.202126,8335.747213,-3589.792304,-751.454268,-242.81684,23056.449952,103.0,20,20,24.098623,0.948875,81.86443,0.335768,2.952074,sensitivity_stamp_lag,video delay V (s)
assumed data: licensed feed/video not purchased; parameters measured,video,tournament_lagcal,own120_engine,1.3,IS,0.783308,0.336912,1.212716,42.931461,4421.940449,5.811757,0.139748,0.245674,0.257676,0.496649,-0.496,22517.0,3926.75,0.213872,7850.145566,-3428.205117,-807.14098,-238.881784,22980.59525,103.0,20,20,24.323649,-3.359166,78.54088,0.359982,3.017254,sensitivity_stamp_lag,video delay V (s)
assumed data: licensed feed/video not purchased; parameters measured,video,tournament_lagcal,own120_engine,1.35,IS,0.788358,0.341815,1.232028,42.04517,4330.65254,5.765681,0.136734,0.240587,0.246716,0.512697,-0.546,22517.0,3861.2,0.217604,7614.317395,-3283.664856,-791.941937,-238.523335,22889.313711,103.0,20,20,23.125497,-2.679298,75.068978,0.350731,2.905584,sensitivity_stamp_lag,video delay V (s)
assumed data: licensed feed/video not purchased; parameters measured,video,tournament_lagcal,own120_engine,1.4,IS,0.769912,0.304438,1.216886,40.752191,4197.475717,5.590095,0.134283,0.236861,0.238549,0.52459,-0.596,22517.0,3810.9,0.222612,7370.325587,-3172.84987,-839.47174,-249.847804,22623.390593,103.0,20,20,23.191977,-2.492187,73.410547,0.359273,2.938421,sensitivity_stamp_lag,video delay V (s)
assumed data: licensed feed/video not purchased; parameters measured,video,tournament_lagcal,own120_engine,1.45,IS,0.715607,0.232426,1.183105,36.01742,3709.794229,4.959714,0.125261,0.221102,0.249194,0.529704,-0.646,22517.0,3612.15,0.235795,6739.460026,-3029.665797,-906.016698,-252.89134,21761.570125,103.0,20,20,20.518284,-2.073284,63.986861,0.334041,2.557791,sensitivity_stamp_lag,video delay V (s)
assumed data: licensed feed/video not purchased; parameters measured,video,tournament_lagcal,own120_engine,1.5,IS,0.705475,0.213307,1.185122,34.622807,3566.149166,4.776575,0.121952,0.215195,0.243114,0.541691,-0.696,22517.0,3538.95,0.241246,6483.998949,-2917.849783,-908.569125,-256.575425,21325.781308,103.0,20,20,20.004126,-1.488607,64.827457,0.340125,2.47597,sensitivity_stamp_lag,video delay V (s)
assumed data: licensed feed/video not purchased; parameters measured,video,tournament_lagcal,own120_engine,1.55,IS,0.681006,0.155971,1.179713,32.714545,3369.598184,4.528407,0.116421,0.205312,0.246718,0.54797,-0.746,22517.0,3415.65,0.252295,6162.015427,-2792.417243,-924.332898,-252.664083,21094.862351,103.0,20,20,20.638548,-1.601891,65.563431,0.360493,2.577752,sensitivity_stamp_lag,video delay V (s)
assumed data: licensed feed/video not purchased; parameters measured,video,tournament_lagcal,own120_engine,1.6,IS,0.660616,0.121359,1.178427,30.835077,3176.012947,4.294743,0.111522,0.196676,0.248959,0.554366,-0.796,22517.0,3307.1,0.25983,5855.915472,-2679.902525,-941.020506,-253.723222,20709.492314,103.0,20,20,20.610429,-0.978766,65.314699,0.367241,2.592432,sensitivity_stamp_lag,video delay V (s)
assumed data: licensed feed/video not purchased; parameters measured,video,tournament_lagcal,own120_engine,1.65,IS,0.659892,0.107756,1.186957,30.175112,3108.036518,4.226455,0.108896,0.19156,0.240432,0.568009,-0.846,22517.0,3248.75,0.265531,5667.035203,-2558.998685,-932.710987,-252.66586,20551.106195,103.0,20,20,20.59119,-0.695378,66.137649,0.369387,2.591578,sensitivity_stamp_lag,video delay V (s)
assumed data: licensed feed/video not purchased; parameters measured,video,tournament_lagcal,own120_engine,1.7,IS,0.666939,0.106899,1.203222,30.15052,3105.50356,4.25214,0.108869,0.191284,0.10292,0.705796,-0.896,22517.0,3248.5,0.265624,5589.134714,-2483.631153,-916.943142,-251.578488,20462.329096,103.0,20,20,20.290059,-0.175103,66.164635,0.364671,2.557379,sensitivity_stamp_lag,video delay V (s)
assumed data: licensed feed/video not purchased; parameters measured,video,tournament_lagcal,own120_engine,1.75,IS,0.630936,0.062641,1.183587,27.161048,2797.587917,3.826699,0.102316,0.179427,0.078545,0.742028,-0.946,22517.0,3104.0,0.278762,5206.974484,-2409.386567,-925.261204,-253.953138,20031.186176,103.0,20,20,18.833276,-2.199952,62.547181,0.367057,2.305202,sensitivity_stamp_lag,video delay V (s)
assumed data: licensed feed/video not purchased; parameters measured,video,tournament_lagcal,own120_engine,1.8,IS,0.608731,0.027443,1.177957,25.499857,2626.485316,3.597983,0.098279,0.172063,0.073611,0.754326,-0.996,22517.0,3014.95,0.286225,5019.841318,-2393.356002,-952.580846,-251.080538,19926.982723,103.0,20,20,18.57932,-3.84031,60.461042,0.374806,2.294354,sensitivity_stamp_lag,video delay V (s)
assumed data: licensed feed/video not purchased; parameters measured,video,tournament_lagcal,own120_engine,1.85,IS,0.572505,-0.041172,1.164101,23.633557,2434.256411,3.331794,0.094406,0.164922,0.075665,0.759413,-1.046,22517.0,2929.45,0.299357,4828.054714,-2393.798303,-996.388095,-252.179909,19678.226083,103.0,20,20,18.236649,-5.652331,58.679229,0.394345,2.300056,sensitivity_stamp_lag,video delay V (s)
assumed data: licensed feed/video not purchased; parameters measured,video,tournament_lagcal,own120_engine,1.9,IS,0.570346,-0.055009,1.17558,23.187132,2388.274589,3.288623,0.094533,0.164065,0.072796,0.763139,-1.096,22517.0,2932.95,0.299544,4741.19611,-2352.921522,-990.606621,-251.986561,19345.572773,103.0,20,20,18.114472,-5.108101,58.811171,0.390198,2.27598,sensitivity_stamp_lag,video delay V (s)
assumed data: licensed feed/video not purchased; parameters measured,video,tournament_lagcal,own120_engine,1.95,IS,0.456116,-0.243656,1.11755,17.192205,1770.797085,2.520732,0.083515,0.145217,0.075885,0.778898,-1.146,22517.0,2687.25,0.321797,4088.616998,-2317.819912,-1145.846819,-259.881089,18137.720625,103.0,20,20,16.081919,-5.397897,50.284697,0.39764,2.22252,sensitivity_stamp_lag,video delay V (s)
assumed data: licensed feed/video not purchased; parameters measured,video,tournament_lagcal,own120_engine,2.0,IS,0.46723,-0.229527,1.14269,17.226117,1774.290013,2.531281,0.082136,0.14291,0.072285,0.784805,-1.196,22517.0,2657.95,0.324952,4051.762687,-2277.472674,-1103.716553,-254.046305,18006.990405,103.0,20,20,15.645514,-5.076635,50.728998,0.385759,2.137091,sensitivity_stamp_lag,video delay V (s)
assumed data: licensed feed/video not purchased; parameters measured,video,tournament_lagcal,own120_engine,2.05,IS,0.461824,-0.243262,1.148317,16.597485,1709.541003,2.45142,0.079806,0.139017,0.066294,0.794688,-1.246,22517.0,2606.3,0.331747,3985.775612,-2276.234609,-1142.690444,-253.330661,17916.733328,103.0,20,20,15.044814,-4.933797,47.629844,0.376575,2.072678,sensitivity_stamp_lag,video delay V (s)
assumed data: licensed feed/video not purchased; parameters measured,video,tournament_lagcal,own120_engine,2.1,IS,0.469387,-0.238753,1.154822,16.783089,1728.658172,2.484506,0.079769,0.1388,0.057876,0.803324,-1.296,22517.0,2605.55,0.332016,3971.355359,-2242.697187,-1134.050855,-252.631908,17850.533791,103.0,20,20,14.999375,-4.931687,47.709824,0.374628,2.067498,sensitivity_stamp_lag,video delay V (s)
assumed data: licensed feed/video not purchased; parameters measured,video,tournament_lagcal,own120_engine,2.15,IS,0.468665,-0.256199,1.16281,16.854317,1735.994616,2.479292,0.078634,0.136792,0.054768,0.80844,-1.346,22517.0,2580.05,0.336779,3915.493554,-2179.498938,-1114.537795,-252.16946,17793.996261,103.0,20,20,15.434756,-4.895518,49.074702,0.391069,2.117592,sensitivity_stamp_lag,video delay V (s)
assumed data: licensed feed/video not purchased; parameters measured,video,tournament_lagcal,own120_engine,2.2,IS,-0.237931,-1.413365,0.838904,1.029478,106.036274,-0.168367,0.042344,0.074009,0.117276,0.808716,-1.396,22517.0,1772.3,0.525349,2335.948029,-2229.911755,-1697.713581,-266.893812,16064.173956,103.0,20,20,17.121965,-20.837739,39.234085,0.788284,2.56383,sensitivity_stamp_lag,video delay V (s)
assumed data: licensed feed/video not purchased; parameters measured,video,tournament_lagcal,own120_engine,2.25,IS,-0.328168,-1.567517,0.82084,-0.616086,-63.456879,-0.458774,0.035733,0.063061,0.116365,0.820573,-1.446,22517.0,1626.4,0.565362,2158.865088,-2222.321967,-1761.029715,-262.891657,15845.734905,103.0,20,20,16.570234,-21.016339,39.914642,0.822687,2.43052,sensitivity_stamp_lag,video delay V (s)
assumed data: licensed feed/video not purchased; parameters measured,video,tournament_lagcal,own120_engine,2.3,IS,-0.54355,-1.864981,0.691364,-2.831582,-291.65291,-0.852822,0.030879,0.054652,0.117411,0.827937,-1.496,22517.0,1518.25,0.610991,1870.740451,-2162.393361,-1829.80476,-263.493326,14097.957461,103.0,20,20,17.616972,-24.186105,40.19167,0.997425,2.649219,sensitivity_stamp_lag,video delay V (s)
assumed data: licensed feed/video not purchased; parameters measured,video,tournament_lagcal,own120_engine,2.35,IS,-0.543147,-1.86364,0.701217,-2.617074,-269.558671,-0.811212,0.030795,0.054472,0.11045,0.835078,-1.546,22517.0,1516.85,0.612829,1848.362202,-2117.920873,-1819.605162,-262.880451,14066.15324,103.0,20,20,17.884535,-26.272831,40.497661,1.062326,2.698332,sensitivity_stamp_lag,video delay V (s)
assumed data: licensed feed/video not purchased; parameters measured,video,tournament_lagcal,own120_engine,2.4,IS,-0.537644,-1.912195,0.753178,-2.350216,-242.072203,-0.75619,0.029866,0.053195,0.11087,0.835935,-1.596,22517.0,1498.1,0.624928,1801.398328,-2043.470531,-1785.78233,-261.62806,13977.195447,103.0,20,20,17.807712,-26.80451,40.798683,1.080994,2.670187,sensitivity_stamp_lag,video delay V (s)
assumed data: licensed feed/video not purchased; parameters measured,video,tournament_lagcal,own120_engine,2.45,IS,-0.632408,-2.049502,0.707708,-3.006591,-309.678896,-0.883316,0.027439,0.04901,0.096207,0.854783,-1.646,22517.0,1444.7,0.65469,1729.835944,-2039.51484,-1755.059279,-260.967514,13397.347398,103.0,20,20,18.102378,-26.111507,41.00952,1.130386,2.725179,sensitivity_stamp_lag,video delay V (s)
assumed data: licensed feed/video not purchased; parameters measured,video,tournament_lagcal,own120_engine,2.5,IS,-0.739682,-2.219169,0.659657,-4.093721,-421.653296,-1.083547,0.024699,0.044313,0.098597,0.85709,-1.696,22517.0,1383.65,0.685176,1595.392669,-2017.045965,-1759.282568,-262.432118,13137.865654,103.0,20,20,18.221742,-28.302241,41.145251,1.203826,2.748692,sensitivity_stamp_lag,video delay V (s)
assumed data: licensed feed/video not purchased; parameters measured,video,tournament_lagcal,own120_engine,2.55,IS,-0.717281,-2.199034,0.68257,-3.845183,-396.053881,-1.038003,0.024655,0.044218,0.094799,0.860983,-1.746,22517.0,1383.0,0.685862,1576.875959,-1972.92984,-1731.850043,-261.953944,13086.440752,103.0,20,20,18.102437,-27.771752,41.269059,1.187393,2.725574,sensitivity_stamp_lag,video delay V (s)
assumed data: licensed feed/video not purchased; parameters measured,video,tournament_lagcal,own120_engine,2.6,IS,-0.691807,-2.17048,0.706174,-3.575983,-368.326227,-0.985869,0.02471,0.044218,0.094582,0.8612,-1.796,22517.0,1384.45,0.685613,1562.630576,-1930.956803,-1704.993314,-261.475237,13034.568636,103.0,20,20,17.943003,-27.260049,41.20481,1.170223,2.702119,sensitivity_stamp_lag,video delay V (s)
assumed data: licensed feed/video not purchased; parameters measured,video,tournament_lagcal,own120_engine,2.65,IS,-0.733881,-2.233551,0.686962,-3.793519,-390.732431,-1.03849,0.023689,0.042559,0.094233,0.863208,-1.846,22517.0,1361.7,0.701403,1479.975994,-1870.708425,-1717.762999,-259.886305,12666.650008,103.0,20,20,17.853718,-27.075414,40.593589,1.21606,2.72596,sensitivity_stamp_lag,video delay V (s)
assumed data: licensed feed/video not purchased; parameters measured,video,tournament_lagcal,own120_engine,2.7,IS,-0.722101,-2.208901,0.693777,-3.71449,-382.592436,-1.021246,0.023653,0.042435,0.031574,0.925991,-1.896,22517.0,1361.25,0.702142,1460.368932,-1842.961368,-1699.165858,-259.637147,12622.384024,103.0,20,20,17.693771,-26.601509,40.503482,1.197268,2.699449,sensitivity_stamp_lag,video delay V (s)
assumed data: licensed feed/video not purchased; parameters measured,video,tournament_lagcal,own120_engine,2.75,IS,-0.719439,-2.206688,0.698614,-3.743379,-385.567989,-1.023893,0.023707,0.042435,0.020627,0.936939,-1.946,22517.0,1362.5,0.701762,1444.789876,-1830.357865,-1692.225354,-259.505639,12567.935312,103.0,20,20,17.564091,-26.201919,40.26246,1.184962,2.682599,sensitivity_stamp_lag,video delay V (s)
assumed data: licensed feed/video not purchased; parameters measured,video,tournament_lagcal,own120_engine,2.8,IS,-0.721084,-2.210865,0.700535,-3.83006,-394.49618,-1.036495,0.023744,0.042435,0.012217,0.945348,-1.996,22517.0,1363.4,0.701475,1428.111628,-1822.607808,-1689.922892,-259.385407,12501.651605,103.0,20,20,17.445829,-25.929782,40.006623,1.175227,2.667464,sensitivity_stamp_lag,video delay V (s)
assumed data: licensed feed/video not purchased; parameters measured,video,tournament_lagcal,own120_engine,2.85,IS,-0.719056,-2.215066,0.723045,-3.85742,-397.314253,-1.038315,0.023795,0.042399,0.012073,0.945528,-2.046,22517.0,1364.6,0.701413,1421.9847,-1819.298953,-1681.039723,-259.274773,12439.142201,103.0,20,20,17.276227,-25.433131,39.632521,1.159972,2.645819,sensitivity_stamp_lag,video delay V (s)
assumed data: licensed feed/video not purchased; parameters measured,video,tournament_lagcal,own120_engine,2.9,IS,-0.725698,-2.222754,0.722941,-3.988061,-410.770281,-1.061777,0.023922,0.042399,0.010796,0.946805,-2.096,22517.0,1367.6,0.700411,1401.888314,-1812.658595,-1679.796839,-259.215112,12345.742877,103.0,20,20,17.229003,-25.272429,39.536482,1.153662,2.640451,sensitivity_stamp_lag,video delay V (s)
assumed data: licensed feed/video not purchased; parameters measured,video,tournament_lagcal,own120_engine,2.95,IS,-0.733743,-2.235545,0.721632,-4.135451,-425.95149,-1.088198,0.023991,0.042399,0.006611,0.95099,-2.146,22517.0,1369.3,0.7001,1381.607275,-1807.558766,-1675.274516,-259.215112,12202.240612,103.0,20,20,17.191357,-25.154718,39.415071,1.148013,2.638176,sensitivity_stamp_lag,video delay V (s)
assumed data: licensed feed/video not purchased; parameters measured,video,tournament_lagcal,own120_engine,3.0,IS,-0.736395,-2.240137,0.72113,-4.220283,-434.689146,-1.098618,0.024057,0.042399,0.001914,0.955687,-2.196,22517.0,1370.85,0.699839,1377.475169,-1812.164315,-1675.089752,-259.215112,12171.81512,103.0,20,20,17.099523,-25.148029,39.096328,1.145649,2.630071,sensitivity_stamp_lag,video delay V (s)
assumed data: licensed feed/video not purchased; parameters measured,video,tournament_lagcal,own120_pess,0.0,IS,1.280168,1.119426,1.44277,188.26109,19390.892313,22.013901,0.452314,0.809702,0.052902,0.137396,0.774,22517.0,10972.8,0.072538,26302.751496,-6911.859183,-261.284693,-181.825157,35895.939954,103.0,20,20,20.554491,152.728873,220.951691,0.071722,3.168003,sensitivity_stamp_lag,video delay V (s)
assumed data: licensed feed/video not purchased; parameters measured,video,tournament_lagcal,own120_pess,0.5,IS,1.135932,0.922114,1.351528,123.114893,12680.834006,14.55514,0.321222,0.574484,0.235218,0.190298,0.274,22517.0,8072.0,0.105759,18217.308007,-5536.474,-465.127079,-228.612636,33064.466306,103.0,20,20,24.524902,73.728624,161.676501,0.138489,2.470186,sensitivity_stamp_lag,video delay V (s)
assumed data: licensed feed/video not purchased; parameters measured,video,tournament_lagcal,own120_pess,1.0,IS,1.040071,0.772057,1.308797,87.746638,9037.903742,11.285617,0.257381,0.453913,0.120571,0.425516,-0.226,22517.0,6665.7,0.13314,13500.171894,-4462.268153,-464.527847,-229.92276,29236.369068,103.0,20,20,21.93654,48.234585,119.998215,0.172285,2.620519,sensitivity_stamp_lag,video delay V (s)
assumed data: licensed feed/video not purchased; parameters measured,video,tournament,own120_engine,0.0,burned_OOS,0.565528,-0.12125,1.218072,46.959896,1878.395829,7.279782,0.201877,0.350805,0.122081,0.527114,-0.58025,8256.0,1942.0,0.185126,3099.646772,-1221.250943,-466.836262,-190.819582,21322.271758,40.0,20,20,42.21205,-8.96144,120.594527,0.47007,6.311766,sensitivity_cv_pessimistic,video delay V (s)
assumed data: licensed feed/video not purchased; parameters measured,video,tournament,own120_engine,0.05,burned_OOS,0.37469,-0.439412,1.148894,37.293121,1491.724834,5.666197,0.178016,0.309211,0.15969,0.531099,-0.63025,8256.0,1747.95,0.219041,2725.989055,-1234.264221,-525.465747,-199.341768,21156.136565,40.0,20,20,40.605974,-19.528278,107.503924,0.717587,6.077446,sensitivity_cv_pessimistic,video delay V (s)
assumed data: licensed feed/video not purchased; parameters measured,video,tournament,own120_engine,0.1,burned_OOS,0.276455,-0.603756,1.106047,31.980141,1279.205635,4.790313,0.163947,0.284726,0.167393,0.54788,-0.68025,8256.0,1633.9,0.239884,2521.077286,-1241.871651,-557.830072,-214.970951,20142.028638,40.0,20,20,41.285357,-23.304889,105.784751,0.768633,6.184551,sensitivity_cv_pessimistic,video delay V (s)
assumed data: licensed feed/video not purchased; parameters measured,video,tournament,own120_engine,0.15,burned_OOS,0.257141,-0.63307,1.092993,31.185101,1247.404041,4.678612,0.161785,0.281171,0.156734,0.562094,-0.73025,8256.0,1616.65,0.245773,2411.694867,-1164.290826,-545.497469,-217.188939,20106.322688,40.0,20,20,40.854331,-23.821534,105.3825,0.768105,6.16297,sensitivity_cv_pessimistic,video delay V (s)
assumed data: licensed feed/video not purchased; parameters measured,video,tournament,own120_engine,0.2,burned_OOS,0.247213,-0.66505,1.103742,29.769414,1190.776565,4.50155,0.158448,0.27523,0.153295,0.571475,-0.78025,8256.0,1590.1,0.250756,2365.803532,-1175.026967,-539.145731,-218.792213,20047.208933,40.0,20,20,39.533559,-23.771572,100.128093,0.757839,6.043394,sensitivity_cv_pessimistic,video delay V (s)
assumed data: licensed feed/video not purchased; parameters measured,video,tournament,own120_engine,0.25,burned_OOS,0.107459,-0.902444,1.068328,24.623906,984.956234,3.715656,0.145621,0.252852,0.169247,0.577901,-0.83025,8256.0,1486.1,0.273741,2134.643028,-1149.686794,-605.048131,-225.540311,18697.574565,40.0,20,20,41.474806,-28.935304,99.503317,0.873528,6.501517,sensitivity_cv_pessimistic,video delay V (s)
assumed data: licensed feed/video not purchased; parameters measured,video,tournament,own120_engine,0.3,burned_OOS,0.112658,-0.897492,1.080983,23.998328,959.933116,3.633585,0.142951,0.248298,0.167345,0.584357,-0.88025,8256.0,1465.0,0.280661,2084.461227,-1124.528111,-587.926006,-218.589055,18585.834758,40.0,20,20,40.067216,-26.963081,95.640449,0.854515,6.347743,sensitivity_cv_pessimistic,video delay V (s)
assumed data: licensed feed/video not purchased; parameters measured,video,tournament,own120_engine,0.35,burned_OOS,0.046046,-1.06694,1.071051,19.415886,776.635426,2.83219,0.127671,0.221796,0.184417,0.593786,-0.93025,8256.0,1340.5,0.301823,1861.897591,-1085.262165,-623.494667,-229.619835,17504.252747,40.0,20,20,38.651487,-27.96784,87.968752,0.895936,6.086597,sensitivity_cv_pessimistic,video delay V (s)
assumed data: licensed feed/video not purchased; parameters measured,video,tournament,own120_engine,0.4,burned_OOS,-0.012836,-1.184579,1.073446,16.888431,675.537232,2.396983,0.119883,0.208503,0.190183,0.601314,-0.98025,8256.0,1277.4,0.31997,1738.20187,-1062.664638,-654.58918,-237.102465,17328.847567,40.0,20,20,37.589699,-28.398828,86.417306,0.916707,5.892928,sensitivity_cv_pessimistic,video delay V (s)
assumed data: licensed feed/video not purchased; parameters measured,video,tournament,own120_engine,0.45,burned_OOS,-0.027423,-1.229491,1.072962,16.302054,652.08217,2.303595,0.118617,0.206353,0.173008,0.62064,-1.03025,8256.0,1267.6,0.327068,1704.614582,-1052.532412,-659.385473,-233.714896,17267.623756,40.0,20,20,36.940516,-27.945776,84.990694,0.921462,5.853825,sensitivity_cv_pessimistic,video delay V (s)
assumed data: licensed feed/video not purchased; parameters measured,video,tournament,own120_engine,0.5,burned_OOS,-0.029768,-1.248887,1.093521,15.911468,636.458711,2.260955,0.117363,0.203918,0.146887,0.649195,-1.08025,8256.0,1257.65,0.332385,1662.926381,-1026.467669,-666.670534,-231.227944,17125.294553,40.0,20,20,36.727732,-29.359421,83.593613,0.935616,5.879708,sensitivity_cv_pessimistic,video delay V (s)
assumed data: licensed feed/video not purchased; parameters measured,video,tournament,own120_engine,0.55,burned_OOS,-0.069533,-1.332147,1.09084,12.670248,506.809901,1.72241,0.107528,0.186513,0.122699,0.690789,-1.13025,8256.0,1177.5,0.344601,1526.678707,-1019.868806,-669.640933,-230.851134,16017.424903,40.0,20,20,34.809982,-28.643479,80.520501,0.920438,5.531314,sensitivity_cv_pessimistic,video delay V (s)
assumed data: licensed feed/video not purchased; parameters measured,video,tournament,own120_engine,0.6,burned_OOS,-0.063621,-1.355043,1.147068,12.226906,489.076221,1.66626,0.104566,0.181068,0.103658,0.715274,-1.18025,8256.0,1153.95,0.354013,1513.721133,-1024.644912,-658.235238,-232.234308,15885.953829,40.0,20,20,33.049011,-28.477721,75.584176,0.912595,5.294595,sensitivity_cv_pessimistic,video delay V (s)
assumed data: licensed feed/video not purchased; parameters measured,video,tournament,own120_engine,0.65,burned_OOS,-0.075412,-1.391136,1.165242,11.798827,471.953089,1.605573,0.104021,0.179258,0.101914,0.718829,-1.23025,8256.0,1149.65,0.35825,1480.339607,-1008.386519,-653.733476,-231.432568,15755.936673,40.0,20,20,32.625669,-28.579834,74.815656,0.929618,5.277903,sensitivity_cv_pessimistic,video delay V (s)
assumed data: licensed feed/video not purchased; parameters measured,video,tournament,own120_engine,0.7,burned_OOS,-0.135577,-1.524735,1.162137,10.139403,405.576139,1.297166,0.100157,0.171693,0.103537,0.72477,-1.28025,8256.0,1118.6,0.374227,1392.666021,-987.089882,-675.571807,-232.214494,15418.650951,40.0,20,20,32.141778,-28.765166,73.123324,0.961386,5.187781,sensitivity_cv_pessimistic,video delay V (s)
assumed data: licensed feed/video not purchased; parameters measured,video,tournament,own120_engine,0.75,burned_OOS,-0.165202,-1.580123,1.144137,9.042482,361.699297,1.146673,0.100424,0.171245,0.081607,0.747148,-1.33025,8256.0,1121.2,0.375606,1317.105552,-955.406255,-690.21416,-230.815306,15125.137126,40.0,20,20,31.474012,-29.133783,71.640148,0.958518,5.143923,sensitivity_cv_pessimistic,video delay V (s)
assumed data: licensed feed/video not purchased; parameters measured,video,tournament,own120_engine,0.8,burned_OOS,-0.19213,-1.636512,1.14309,8.089241,323.569636,1.007674,0.098117,0.168259,0.080039,0.751702,-1.38025,8256.0,1102.15,0.379723,1263.706346,-940.13671,-709.09849,-233.086462,14779.765624,40.0,20,20,30.712191,-31.557989,71.443816,0.999567,5.046718,sensitivity_cv_pessimistic,video delay V (s)
assumed data: licensed feed/video not purchased; parameters measured,video,tournament,own120_engine,0.85,burned_OOS,-0.202913,-1.670286,1.157522,7.818272,312.730872,0.955437,0.096342,0.165153,0.056644,0.778204,-1.43025,8256.0,1087.75,0.386041,1247.354582,-934.623711,-703.69512,-232.807857,14715.721285,40.0,20,20,29.606896,-31.193726,67.186512,1.012612,4.820532,sensitivity_cv_pessimistic,video delay V (s)
assumed data: licensed feed/video not purchased; parameters measured,video,tournament,own120_engine,0.9,burned_OOS,-0.184455,-1.656143,1.179114,8.043642,321.745675,1.021796,0.096088,0.164892,0.043611,0.791497,-1.48025,8256.0,1085.8,0.387418,1255.445157,-933.699482,-691.697048,-231.092972,14693.87113,40.0,20,20,29.389922,-31.181755,65.967629,1.003973,4.832253,sensitivity_cv_pessimistic,video delay V (s)
assumed data: licensed feed/video not purchased; parameters measured,video,tournament,own120_engine,0.95,burned_OOS,-0.19638,-1.711951,1.218516,7.601163,304.046512,0.96608,0.092363,0.158412,0.047941,0.793647,-1.53025,8256.0,1055.3,0.402473,1225.32679,-921.280277,-696.143619,-230.964067,14600.568706,40.0,20,20,28.989593,-31.170405,65.169345,1.004228,4.788652,sensitivity_cv_pessimistic,video delay V (s)
assumed data: licensed feed/video not purchased; parameters measured,video,tournament,own120_engine,1.0,burned_OOS,-0.489928,-2.229144,1.164768,3.805921,152.236833,0.305944,0.07893,0.134926,0.068992,0.796082,-1.58025,8256.0,945.85,0.468015,1065.150069,-912.913236,-751.730972,-234.92497,13797.130392,40.0,20,20,30.203665,-35.394138,60.745424,1.237858,5.06352,sensitivity_cv_pessimistic,video delay V (s)
assumed data: licensed feed/video not purchased; parameters measured,video,tournament,own120_engine,1.05,burned_OOS,-1.33907,-3.874115,1.04861,-12.081592,-483.263699,-2.455698,0.026514,0.045343,0.14117,0.813487,-1.63025,8256.0,517.75,0.682448,410.679502,-893.943202,-911.493945,-256.343876,8189.245458,40.0,20,20,22.298359,-38.191914,41.000833,1.420802,3.614948,sensitivity_cv_pessimistic,video delay V (s)
assumed data: licensed feed/video not purchased; parameters measured,video,tournament,own120_engine,1.1,burned_OOS,-1.406107,-4.154751,1.155315,-11.869948,-474.79792,-2.420272,0.022626,0.03948,0.141588,0.818932,-1.68025,8256.0,486.3,0.732158,371.177119,-845.975039,-908.802406,-254.534292,7621.732583,40.0,20,20,21.810015,-37.488267,41.71513,1.399896,3.56749,sensitivity_cv_pessimistic,video delay V (s)
assumed data: licensed feed/video not purchased; parameters measured,video,tournament,own120_engine,1.15,burned_OOS,-1.532786,-4.359184,1.134523,-12.396826,-495.873044,-2.55336,0.020803,0.036434,0.142823,0.820742,-1.73025,8256.0,471.55,0.760573,341.174749,-837.047793,-919.782561,-254.712662,7076.006032,40.0,20,20,22.086234,-41.196753,41.325882,1.543633,3.666536,sensitivity_cv_pessimistic,video delay V (s)
assumed data: licensed feed/video not purchased; parameters measured,video,tournament,own120_engine,1.2,burned_OOS,-1.535708,-4.377988,1.122291,-12.083675,-483.347002,-2.529855,0.020415,0.035944,0.13575,0.828307,-1.78025,8256.0,468.5,0.767258,358.617089,-841.964092,-903.65641,-251.837875,7019.642248,40.0,20,20,21.809747,-39.266329,41.632401,1.526381,3.628326,sensitivity_cv_pessimistic,video delay V (s)
assumed data: licensed feed/video not purchased; parameters measured,video,tournament,own120_engine,1.25,burned_OOS,-1.62598,-4.594225,1.124762,-12.51421,-500.568404,-2.610336,0.018054,0.032243,0.139002,0.828755,-1.83025,8256.0,450.35,0.805491,323.53285,-824.101253,-920.369863,-247.507098,6722.054126,40.0,20,20,21.859036,-39.640797,41.144188,1.544913,3.665429,sensitivity_cv_pessimistic,video delay V (s)
assumed data: licensed feed/video not purchased; parameters measured,video,tournament,own120_engine,1.3,burned_OOS,-1.58247,-4.519444,1.188688,-12.031933,-481.277328,-2.524552,0.01792,0.032086,0.136174,0.831741,-1.88025,8256.0,449.35,0.807937,321.213415,-802.490743,-905.778438,-246.223988,6700.244072,40.0,20,20,21.686846,-39.138973,41.30322,1.52882,3.632927,sensitivity_cv_pessimistic,video delay V (s)
assumed data: licensed feed/video not purchased; parameters measured,video,tournament,own120_engine,1.35,burned_OOS,-1.576624,-4.553788,1.261647,-11.451235,-458.049411,-2.412543,0.017127,0.030832,0.13432,0.834847,-1.93025,8256.0,442.85,0.820082,320.831799,-778.88121,-893.542932,-244.949137,6565.696646,40.0,20,20,22.066755,-39.213865,42.764707,1.598431,3.663893,sensitivity_cv_pessimistic,video delay V (s)
assumed data: licensed feed/video not purchased; parameters measured,video,tournament,own120_engine,1.4,burned_OOS,-1.534358,-4.510564,1.305683,-11.026714,-441.068545,-2.332475,0.017133,0.030808,0.134084,0.835108,-1.98025,8256.0,442.9,0.819998,318.188821,-759.257366,-880.425106,-243.726136,6562.202961,40.0,20,20,21.973666,-38.765902,42.948414,1.589924,3.646109,sensitivity_cv_pessimistic,video delay V (s)
assumed data: licensed feed/video not purchased; parameters measured,video,tournament,own120_engine,1.45,burned_OOS,-1.527055,-4.527567,1.379795,-10.61263,-424.505186,-2.256499,0.016394,0.029518,0.128894,0.841588,-2.03025,8256.0,436.85,0.834634,316.704568,-741.209754,-869.349922,-242.657359,6421.307143,40.0,20,20,21.899258,-38.314069,43.130059,1.60431,3.632717,sensitivity_cv_pessimistic,video delay V (s)
assumed data: licensed feed/video not purchased; parameters measured,video,tournament,own120_engine,1.5,burned_OOS,-1.492242,-4.493654,1.418254,-10.269378,-410.775109,-2.18803,0.0164,0.029488,0.105438,0.865074,-2.08025,8256.0,436.85,0.834632,313.97243,-724.747538,-860.650071,-241.616377,6416.220232,40.0,20,20,21.797929,-38.046637,43.19062,1.599352,3.615696,sensitivity_cv_pessimistic,video delay V (s)
assumed data: licensed feed/video not purchased; parameters measured,video,tournament,own120_engine,1.55,burned_OOS,-1.4871,-4.500174,1.438205,-10.419435,-416.777401,-2.217952,0.015994,0.028828,0.016515,0.954657,-2.13025,8256.0,433.75,0.838904,297.290955,-714.068356,-856.907706,-240.935294,6409.604607,40.0,20,20,21.295615,-37.820653,40.903249,1.589055,3.520439,sensitivity_cv_pessimistic,video delay V (s)
assumed data: licensed feed/video not purchased; parameters measured,video,tournament,own120_engine,1.6,burned_OOS,-1.486962,-4.501402,1.438479,-10.423511,-416.940435,-2.21799,0.016013,0.028815,0.010665,0.96052,-2.18025,8256.0,433.9,0.838529,294.445174,-711.385609,-857.100135,-240.91757,6400.317993,40.0,20,20,21.254404,-37.692184,40.848538,1.585942,3.514814,sensitivity_cv_pessimistic,video delay V (s)
assumed data: licensed feed/video not purchased; parameters measured,video,tournament,own120_engine,1.65,burned_OOS,-1.482284,-4.508946,1.446112,-10.374923,-414.996914,-2.206923,0.016013,0.028785,0.007649,0.963566,-2.23025,8256.0,434.05,0.838686,294.792999,-709.789913,-854.77486,-240.906578,6389.825198,40.0,20,20,21.235195,-37.681719,40.803524,1.586267,3.512738,sensitivity_cv_pessimistic,video delay V (s)
assumed data: licensed feed/video not purchased; parameters measured,video,tournament,own120_engine,1.7,burned_OOS,-1.481396,-4.512283,1.452249,-10.359746,-414.389847,-2.204847,0.016025,0.028785,0.007158,0.964056,-2.28025,8256.0,434.25,0.838751,293.089639,-707.479485,-853.715803,-240.906578,6375.907933,40.0,20,20,21.231958,-37.673572,40.769714,1.587772,3.51424,sensitivity_cv_pessimistic,video delay V (s)
assumed data: licensed feed/video not purchased; parameters measured,video,tournament,own120_engine,1.75,burned_OOS,-1.483351,-4.515731,1.455216,-10.380361,-415.21443,-2.208782,0.016061,0.028779,0.003464,0.967757,-2.33025,8256.0,434.55,0.838278,290.802061,-706.016491,-854.411949,-240.906578,6348.770911,40.0,20,20,21.242942,-37.665423,40.740634,1.59029,3.518879,sensitivity_cv_pessimistic,video delay V (s)
assumed data: licensed feed/video not purchased; parameters measured,video,tournament,own120_engine,1.8,burned_OOS,-1.487216,-4.524552,1.461996,-10.441134,-417.645379,-2.216723,0.016031,0.028779,0.003307,0.967914,-2.38025,8256.0,434.3,0.839092,287.370415,-705.015794,-854.673971,-240.906578,6270.852447,40.0,20,20,21.053199,-37.65727,40.095536,1.591251,3.50383,sensitivity_cv_pessimistic,video delay V (s)
assumed data: licensed feed/video not purchased; parameters measured,video,tournament,own120_engine,1.85,burned_OOS,-1.486988,-4.526637,1.465233,-10.447668,-417.906738,-2.216872,0.016037,0.028779,0.002053,0.969168,-2.43025,8256.0,434.35,0.839107,286.772904,-704.679642,-854.635169,-240.906578,6256.583899,40.0,20,20,21.01264,-37.653356,39.979389,1.590956,3.500348,sensitivity_cv_pessimistic,video delay V (s)
assumed data: licensed feed/video not purchased; parameters measured,video,tournament,own120_engine,1.9,burned_OOS,-1.486507,-4.527136,1.467447,-10.441197,-417.647885,-2.215583,0.016037,0.028779,0.002029,0.969192,-2.48025,8256.0,434.35,0.839099,286.778115,-704.425999,-854.531381,-240.906578,6244.084031,40.0,20,20,21.016217,-37.653356,39.995916,1.591307,3.501217,sensitivity_cv_pessimistic,video delay V (s)
assumed data: licensed feed/video not purchased; parameters measured,video,tournament,own120_engine,1.95,burned_OOS,-1.48932,-4.560881,1.494405,-10.392008,-415.680335,-2.207426,0.015692,0.028234,0.001284,0.970482,-2.53025,8256.0,431.45,0.846766,294.176604,-709.85694,-852.416416,-240.906578,5941.8499,40.0,20,20,21.032232,-37.653356,40.012452,1.591449,3.505003,sensitivity_cv_pessimistic,video delay V (s)
assumed data: licensed feed/video not purchased; parameters measured,video,tournament,own120_engine,2.0,burned_OOS,-1.491,-4.568362,1.494577,-10.400791,-416.03166,-2.209295,0.015686,0.028222,0.001266,0.970512,-2.58025,8256.0,431.4,0.846957,289.338322,-705.369982,-852.797298,-240.906578,5934.607927,40.0,20,20,21.034525,-37.653356,40.028994,1.591315,3.505607,sensitivity_cv_pessimistic,video delay V (s)
assumed data: licensed feed/video not purchased; parameters measured,video,tournament,own120_engine,2.05,burned_OOS,-1.648143,-4.820493,1.463205,-11.08912,-443.564816,-2.330104,0.013844,0.025036,0.003791,0.971172,-2.63025,8256.0,416.35,0.883312,273.063425,-716.62824,-874.619306,-240.906578,5182.036227,40.0,20,20,21.301922,-37.653356,40.029053,1.651156,3.543377,sensitivity_cv_pessimistic,video delay V (s)
assumed data: licensed feed/video not purchased; parameters measured,video,tournament,own120_engine,2.1,burned_OOS,-1.662695,-4.880885,1.465903,-11.404675,-456.187007,-2.373316,0.012391,0.022578,0.006238,0.971185,-2.68025,8256.0,404.5,0.893674,256.425317,-712.612324,-876.656257,-240.906578,5000.604332,40.0,20,20,20.347265,-37.653356,37.200036,1.634091,3.439382,sensitivity_cv_pessimistic,video delay V (s)
assumed data: licensed feed/video not purchased; parameters measured,video,tournament,own120_engine,2.15,burned_OOS,-1.657765,-4.888285,1.477773,-11.282972,-451.318886,-2.358287,0.012336,0.022511,0.006274,0.971215,-2.73025,8256.0,404.05,0.894221,256.060907,-707.379793,-871.976878,-240.906578,4999.020338,40.0,20,20,20.615547,-37.653356,38.107144,1.636334,3.461672,sensitivity_cv_pessimistic,video delay V (s)
assumed data: licensed feed/video not purchased; parameters measured,video,tournament,own120_engine,2.2,burned_OOS,-1.67098,-4.963847,1.520814,-11.330372,-453.214878,-2.367058,0.011785,0.021493,0.007292,0.971215,-2.78025,8256.0,399.45,0.906729,255.450963,-708.665841,-869.238387,-240.906578,4792.561889,40.0,20,20,20.596681,-37.653356,38.178208,1.623686,3.455814,sensitivity_cv_pessimistic,video delay V (s)
assumed data: licensed feed/video not purchased; parameters measured,video,tournament,own120_engine,2.25,burned_OOS,-1.677752,-4.944278,1.513342,-11.344604,-453.784155,-2.371413,0.011743,0.021409,0.00737,0.971221,-2.83025,8256.0,399.05,0.907776,248.947115,-702.73127,-866.460994,-241.118575,4794.873998,40.0,20,20,20.594776,-37.653356,38.24931,1.621679,3.452215,sensitivity_cv_pessimistic,video delay V (s)
assumed data: licensed feed/video not purchased; parameters measured,video,tournament,own120_engine,2.3,burned_OOS,-1.676275,-4.933266,1.540938,-11.477646,-459.105832,-2.385645,0.011701,0.021366,0.007413,0.971221,-2.88025,8256.0,398.8,0.908023,244.694636,-703.800468,-872.452106,-241.118575,4793.194964,40.0,20,20,20.07498,-37.653356,36.522349,1.619116,3.400839,sensitivity_cv_pessimistic,video delay V (s)
assumed data: licensed feed/video not purchased; parameters measured,video,tournament,own120_engine,2.35,burned_OOS,-1.676618,-4.961513,1.559527,-11.396744,-455.869748,-2.370874,0.011507,0.020973,0.007806,0.971221,-2.93025,8256.0,397.3,0.912919,250.815837,-706.685585,-869.618481,-241.118575,4668.601214,40.0,20,20,20.090701,-37.653356,36.593235,1.618833,3.403535,sensitivity_cv_pessimistic,video delay V (s)
assumed data: licensed feed/video not purchased; parameters measured,video,tournament,own120_engine,2.4,burned_OOS,-1.706051,-4.991274,1.535871,-11.599394,-463.975775,-2.410153,0.011477,0.020924,0.007855,0.971221,-2.98025,8256.0,397.0,0.913792,241.394753,-705.370528,-879.598332,-241.118575,4661.488067,40.0,20,20,20.135876,-37.653356,36.664165,1.620231,3.407329,sensitivity_cv_pessimistic,video delay V (s)
assumed data: licensed feed/video not purchased; parameters measured,video,tournament,own120_engine,2.45,burned_OOS,-1.711418,-5.008726,1.539256,-11.654764,-466.190555,-2.419682,0.011271,0.020585,0.007649,0.971766,-3.03025,8256.0,395.25,0.917753,234.83599,-701.026546,-880.000498,-241.591592,4660.496982,40.0,20,20,20.098528,-37.653356,36.735141,1.61116,3.398086,sensitivity_cv_pessimistic,video delay V (s)
assumed data: licensed feed/video not purchased; parameters measured,video,tournament,own120_engine,2.5,burned_OOS,-1.708875,-4.992851,1.559957,-11.62712,-465.084817,-2.415251,0.011246,0.020573,0.007649,0.971778,-3.08025,8256.0,395.05,0.918231,234.96287,-700.047687,-879.173296,-241.221489,4660.58317,40.0,20,20,20.117109,-37.653356,36.806162,1.611453,3.400331,sensitivity_cv_pessimistic,video delay V (s)
assumed data: licensed feed/video not purchased; parameters measured,video,tournament,own120_engine,2.55,burned_OOS,-1.69828,-4.982503,1.568272,-11.538702,-461.548081,-2.401011,0.01124,0.020567,0.004469,0.974964,-3.13025,8256.0,395.05,0.918402,238.021221,-699.569302,-875.581191,-241.221489,4660.731482,40.0,20,20,20.124546,-37.653356,36.877228,1.610183,3.401315,sensitivity_cv_pessimistic,video delay V (s)
assumed data: licensed feed/video not purchased; parameters measured,video,tournament,own120_engine,2.6,burned_OOS,-1.69776,-4.982123,1.569047,-11.534794,-461.391741,-2.400299,0.01124,0.020567,0.002011,0.977422,-3.18025,8256.0,395.05,0.918402,237.862422,-699.254163,-875.328475,-241.221489,4660.879838,40.0,20,20,20.127031,-37.653356,36.885759,1.61028,3.401565,sensitivity_cv_pessimistic,video delay V (s)
assumed data: licensed feed/video not purchased; parameters measured,video,tournament,own120_engine,2.65,burned_OOS,-1.697629,-4.982119,1.568912,-11.53496,-461.398411,-2.400375,0.01124,0.020567,0.001944,0.977489,-3.23025,8256.0,395.05,0.918402,237.625522,-699.023932,-875.108128,-241.221489,4659.687189,40.0,20,20,20.125902,-37.653356,36.885759,1.610103,3.401272,sensitivity_cv_pessimistic,video delay V (s)
assumed data: licensed feed/video not purchased; parameters measured,video,tournament,own120_engine,2.7,burned_OOS,-1.697884,-4.982339,1.568751,-11.538212,-461.528481,-2.401123,0.01124,0.020567,0.000927,0.978507,-3.28025,8256.0,395.05,0.918402,237.383066,-698.911546,-874.997323,-241.221489,4658.359257,40.0,20,20,20.124081,-37.653356,36.885759,1.609728,3.400813,sensitivity_cv_pessimistic,video delay V (s)
assumed data: licensed feed/video not purchased; parameters measured,video,tournament,own120_engine,2.75,burned_OOS,-1.698213,-4.982606,1.568594,-11.542048,-461.681919,-2.401997,0.01124,0.020567,0.000842,0.978591,-3.33025,8256.0,395.05,0.918402,237.139656,-698.821576,-874.907352,-241.221489,4657.031325,40.0,20,20,20.122161,-37.653356,36.885759,1.60932,3.40033,sensitivity_cv_pessimistic,video delay V (s)
assumed data: licensed feed/video not purchased; parameters measured,video,tournament,own120_engine,2.8,burned_OOS,-1.69854,-4.982876,1.568446,-11.545863,-461.834519,-2.402866,0.011246,0.020567,0.000799,0.978634,-3.38025,8256.0,395.1,0.918292,236.897037,-698.731556,-874.817333,-241.221489,4655.700861,40.0,20,20,20.120286,-37.653356,36.885759,1.608917,3.399859,sensitivity_cv_pessimistic,video delay V (s)
assumed data: licensed feed/video not purchased; parameters measured,video,tournament,own120_engine,2.85,burned_OOS,-1.698939,-4.983195,1.568234,-11.550331,-462.013241,-2.403861,0.011252,0.020567,0.000406,0.979027,-3.43025,8256.0,395.15,0.918183,236.637566,-698.650807,-874.736583,-241.221489,4654.395119,40.0,20,20,20.118331,-37.653356,36.885759,1.608489,3.399362,sensitivity_cv_pessimistic,video delay V (s)
assumed data: licensed feed/video not purchased; parameters measured,video,tournament,own120_engine,2.9,burned_OOS,-1.699655,-4.983701,1.567737,-11.557579,-462.303167,-2.405385,0.011252,0.020567,0.000357,0.979076,-3.48025,8256.0,395.15,0.918183,236.315787,-698.618954,-874.704731,-241.221489,4653.206329,40.0,20,20,20.116035,-37.653356,36.885759,1.60796,3.398748,sensitivity_cv_pessimistic,video delay V (s)
assumed data: licensed feed/video not purchased; parameters measured,video,tournament,own120_engine,2.95,burned_OOS,-1.700399,-4.984205,1.567153,-11.565089,-462.603558,-2.406952,0.011252,0.020567,1.8e-05,0.979415,-3.53025,8256.0,395.15,0.918183,235.995001,-698.598559,-874.684336,-241.221489,4652.019098,40.0,20,20,20.113637,-37.653356,36.885759,1.607407,3.398117,sensitivity_cv_pessimistic,video delay V (s)
assumed data: licensed feed/video not purchased; parameters measured,video,tournament,own120_engine,3.0,burned_OOS,-1.700971,-4.984715,1.566443,-11.570468,-462.818709,-2.408006,0.011258,0.020567,6e-06,0.979427,-3.58025,8256.0,395.2,0.918074,235.77985,-698.598559,-874.684336,-241.221489,4650.831867,40.0,20,20,20.111855,-37.653356,36.885759,1.606973,3.397682,sensitivity_cv_pessimistic,video delay V (s)
assumed data: licensed feed/video not purchased; parameters measured,video,tournament_lagcal,own120_engine,0.0,burned_OOS,0.979119,0.681121,1.278347,130.862015,5234.480588,19.57399,0.422547,0.742085,0.063517,0.194398,0.56175,8256.0,3734.35,0.0713,6917.053713,-1682.573125,-193.79937,-132.624605,28433.503473,40.0,20,20,45.030899,50.142581,196.254531,0.173872,7.167268,sensitivity_stamp_lag,video delay V (s)
assumed data: licensed feed/video not purchased; parameters measured,video,tournament_lagcal,own120_engine,0.05,burned_OOS,0.977977,0.679584,1.280614,128.955395,5158.215785,19.259891,0.418041,0.733836,0.066437,0.199727,0.51175,8256.0,3697.7,0.072174,6831.057757,-1672.841972,-193.60209,-130.756332,28363.196173,40.0,20,20,43.782971,52.013167,195.052253,0.166689,7.023951,sensitivity_stamp_lag,video delay V (s)
assumed data: licensed feed/video not purchased; parameters measured,video,tournament_lagcal,own120_engine,0.1,burned_OOS,0.955436,0.64014,1.275171,120.490923,4819.636933,17.843686,0.394071,0.691951,0.098765,0.209284,0.46175,8256.0,3501.75,0.079055,6448.1047,-1628.467768,-200.913603,-136.199811,27995.466184,40.0,20,20,45.380774,44.727611,187.681203,0.168153,6.845053,sensitivity_stamp_lag,video delay V (s)
assumed data: licensed feed/video not purchased; parameters measured,video,tournament_lagcal,own120_engine,0.15,burned_OOS,0.937893,0.611861,1.264627,116.093391,4643.735641,16.904694,0.383872,0.6744,0.09854,0.227059,0.41175,8256.0,3418.75,0.081505,6250.927116,-1607.191475,-220.668292,-144.796458,27896.63744,40.0,20,20,45.664323,41.956281,184.917251,0.177587,6.569152,sensitivity_stamp_lag,video delay V (s)
assumed data: licensed feed/video not purchased; parameters measured,video,tournament_lagcal,own120_engine,0.2,burned_OOS,0.902215,0.533866,1.272487,100.202072,4008.082885,14.315132,0.32801,0.579548,0.192478,0.227974,0.36175,8256.0,2962.2,0.097456,5642.59895,-1634.516064,-281.035456,-177.036491,25862.602202,40.0,20,20,49.673202,38.552412,179.142436,0.20612,6.806023,sensitivity_stamp_lag,video delay V (s)
assumed data: licensed feed/video not purchased; parameters measured,video,tournament_lagcal,own120_engine,0.25,burned_OOS,0.868875,0.461411,1.266435,94.154396,3766.175836,13.457779,0.306559,0.542018,0.229191,0.228791,0.31175,8256.0,2787.4,0.107359,5402.902532,-1636.726696,-316.977869,-194.711747,25093.491726,40.0,20,20,53.104281,15.911803,171.838737,0.283518,7.342793,sensitivity_stamp_lag,video delay V (s)
assumed data: licensed feed/video not purchased; parameters measured,video,tournament_lagcal,own120_engine,0.3,burned_OOS,0.85874,0.443355,1.260568,92.083032,3683.321291,13.125581,0.300993,0.532788,0.237518,0.229694,0.26175,8256.0,2742.75,0.110248,5307.886485,-1624.565194,-330.985176,-194.291397,25043.669276,40.0,20,20,52.965948,12.102577,167.619115,0.292985,7.261364,sensitivity_stamp_lag,video delay V (s)
assumed data: licensed feed/video not purchased; parameters measured,video,tournament_lagcal,own120_engine,0.35,burned_OOS,0.862858,0.448314,1.266296,91.755215,3670.208599,13.155684,0.300527,0.53128,0.23687,0.23185,0.21175,8256.0,2739.05,0.110585,5292.839122,-1622.630522,-311.320386,-189.225283,24977.006898,40.0,20,20,52.119387,12.310639,164.972272,0.281086,7.141025,sensitivity_stamp_lag,video delay V (s)
assumed data: licensed feed/video not purchased; parameters measured,video,tournament_lagcal,own120_engine,0.4,burned_OOS,0.832461,0.407521,1.249747,88.211286,3528.451435,12.787844,0.294453,0.520046,0.246936,0.233018,0.16175,8256.0,2691.25,0.115426,5096.765169,-1568.313734,-325.865574,-196.290541,24571.728804,40.0,20,20,52.404998,7.199727,163.542856,0.309476,7.274531,sensitivity_stamp_lag,video delay V (s)
assumed data: licensed feed/video not purchased; parameters measured,video,tournament_lagcal,own120_engine,0.45,burned_OOS,0.819047,0.393721,1.251512,83.660817,3346.432689,12.172948,0.283497,0.500357,0.264692,0.23495,0.11175,8256.0,2602.2,0.118961,4862.085566,-1515.652877,-330.148485,-195.991894,24239.119402,40.0,20,20,50.861889,8.894934,164.544386,0.293011,7.115711,sensitivity_stamp_lag,video delay V (s)
assumed data: licensed feed/video not purchased; parameters measured,video,tournament_lagcal,own120_engine,0.5,burned_OOS,0.830407,0.407101,1.260858,83.048562,3321.942476,12.137458,0.280529,0.494761,0.247323,0.257915,0.06175,8256.0,2578.65,0.119751,4808.69383,-1486.751354,-326.67763,-194.930464,24108.911435,40.0,20,20,49.599402,12.289748,161.076268,0.276679,6.962404,sensitivity_stamp_lag,video delay V (s)
assumed data: licensed feed/video not purchased; parameters measured,video,tournament_lagcal,own120_engine,0.55,burned_OOS,0.828626,0.394487,1.266061,81.373369,3254.934773,11.942564,0.276986,0.488245,0.245591,0.266164,0.01175,8256.0,2550.05,0.121092,4723.86344,-1468.928667,-328.328559,-192.20337,23975.49719,40.0,20,20,47.614869,13.933407,155.211354,0.263177,6.639336,sensitivity_stamp_lag,video delay V (s)
assumed data: licensed feed/video not purchased; parameters measured,video,tournament_lagcal,own120_engine,0.6,burned_OOS,0.83388,0.392699,1.278627,79.916954,3196.678166,11.765774,0.274092,0.482528,0.209423,0.308049,-0.03825,8256.0,2526.55,0.122652,4620.83097,-1424.152804,-322.104392,-188.188269,23887.528681,40.0,20,20,45.259347,16.551076,147.244862,0.243482,6.26278,sensitivity_stamp_lag,video delay V (s)
assumed data: licensed feed/video not purchased; parameters measured,video,tournament_lagcal,own120_engine,0.65,burned_OOS,0.814892,0.356966,1.26874,77.146794,3085.871762,11.372728,0.268708,0.472687,0.201714,0.3256,-0.08825,8256.0,2482.95,0.125854,4490.366263,-1404.494502,-304.288609,-185.930079,23813.36608,40.0,20,20,44.475062,10.903964,145.635876,0.263841,6.167926,sensitivity_stamp_lag,video delay V (s)
assumed data: licensed feed/video not purchased; parameters measured,video,tournament_lagcal,own120_engine,0.7,burned_OOS,0.807438,0.350965,1.273363,75.744663,3029.786514,11.205317,0.266679,0.468399,0.111149,0.420452,-0.13825,8256.0,2466.9,0.127524,4396.218657,-1366.432144,-311.052138,-185.97174,23708.784153,40.0,20,20,44.46879,11.85897,142.304875,0.261921,6.142356,sensitivity_stamp_lag,video delay V (s)
assumed data: licensed feed/video not purchased; parameters measured,video,tournament_lagcal,own120_engine,0.75,burned_OOS,0.780605,0.301376,1.255309,71.194498,2847.779908,10.441237,0.257582,0.452114,0.089904,0.457982,-0.18825,8256.0,2392.95,0.131643,4176.3014,-1328.521492,-361.414878,-199.876782,23622.300293,40.0,20,20,43.140187,9.453922,136.335275,0.276564,5.988771,sensitivity_stamp_lag,video delay V (s)
assumed data: licensed feed/video not purchased; parameters measured,video,tournament_lagcal,own120_engine,0.8,burned_OOS,0.741223,0.243756,1.243384,67.579767,2703.190685,10.063033,0.249285,0.436773,0.096015,0.467212,-0.23825,8256.0,2325.75,0.13989,4030.109827,-1326.919141,-371.91996,-198.147792,23444.139762,40.0,20,20,44.848675,1.1278,135.895694,0.339676,6.451441,sensitivity_stamp_lag,video delay V (s)
assumed data: licensed feed/video not purchased; parameters measured,video,tournament_lagcal,own120_engine,0.85,burned_OOS,0.722976,0.21083,1.23109,64.774368,2590.974735,9.731196,0.245137,0.428488,0.102792,0.46872,-0.28825,8256.0,2292.2,0.142121,3854.72875,-1263.754015,-378.019581,-201.953341,23301.937019,40.0,20,20,44.280624,1.020739,134.178477,0.33077,6.331415,sensitivity_stamp_lag,video delay V (s)
assumed data: licensed feed/video not purchased; parameters measured,video,tournament_lagcal,own120_engine,0.9,burned_OOS,0.698514,0.167053,1.218319,62.119648,2484.785936,9.392972,0.241503,0.421469,0.098577,0.479954,-0.33825,8256.0,2263.45,0.145418,3740.802962,-1256.017026,-390.841184,-202.049494,23039.763439,40.0,20,20,44.586841,-1.869441,134.312484,0.349898,6.463233,sensitivity_stamp_lag,video delay V (s)
assumed data: licensed feed/video not purchased; parameters measured,video,tournament_lagcal,own120_engine,0.95,burned_OOS,0.668791,0.126778,1.20431,59.502049,2380.081964,9.057103,0.238227,0.415516,0.084841,0.499643,-0.38825,8256.0,2237.45,0.14874,3641.612655,-1261.530691,-396.09279,-200.104773,22729.953291,40.0,20,20,44.824469,-3.305604,133.747174,0.3511,6.471841,sensitivity_stamp_lag,video delay V (s)
assumed data: licensed feed/video not purchased; parameters measured,video,tournament_lagcal,own120_engine,1.0,burned_OOS,0.654406,0.106394,1.204371,57.415306,2296.612249,8.809994,0.232915,0.406189,0.088572,0.505239,-0.43825,8256.0,2194.6,0.15245,3530.504569,-1233.892321,-396.935871,-199.499736,22477.232733,40.0,20,20,44.219506,-5.062788,132.890742,0.362482,6.43114,sensitivity_stamp_lag,video delay V (s)
assumed data: licensed feed/video not purchased; parameters measured,video,tournament_lagcal,own120_engine,1.05,burned_OOS,0.61289,0.032731,1.17509,54.817402,2192.696089,8.523232,0.227307,0.395718,0.092527,0.511755,-0.48825,8256.0,2149.45,0.159247,3433.41324,-1240.717151,-425.540329,-196.179405,22346.389747,40.0,20,20,44.683244,-8.367858,130.272801,0.41989,6.626248,sensitivity_stamp_lag,video delay V (s)
assumed data: licensed feed/video not purchased; parameters measured,video,tournament_lagcal,own120_engine,1.1,burned_OOS,0.582602,-0.055695,1.196785,49.524496,1980.979836,7.748593,0.210859,0.366249,0.116279,0.517472,-0.53825,8256.0,2015.2,0.175116,3267.159681,-1286.179845,-450.801907,-191.839037,21836.606867,40.0,20,20,42.937459,-7.355499,123.443495,0.424822,6.45014,sensitivity_stamp_lag,video delay V (s)
assumed data: licensed feed/video not purchased; parameters measured,video,tournament_lagcal,own120_engine,1.15,burned_OOS,0.481666,-0.241196,1.178308,43.724696,1748.987826,6.697534,0.195646,0.339826,0.132861,0.527313,-0.58825,8256.0,1891.2,0.196213,2962.58848,-1213.600653,-492.86954,-196.836573,21298.671186,40.0,20,20,42.466435,-14.496959,120.095012,0.626717,6.367458,sensitivity_stamp_lag,video delay V (s)
assumed data: licensed feed/video not purchased; parameters measured,video,tournament_lagcal,own120_engine,1.2,burned_OOS,0.282756,-0.585815,1.100087,32.638411,1305.536428,4.945334,0.166424,0.289062,0.179336,0.531601,-0.63825,8256.0,1653.65,0.236107,2564.312963,-1258.776536,-551.863735,-202.843308,20308.291775,40.0,20,20,41.686629,-23.210466,107.059914,0.753685,6.302984,sensitivity_stamp_lag,video delay V (s)
assumed data: licensed feed/video not purchased; parameters measured,video,tournament_lagcal,own120_engine,1.25,burned_OOS,0.286026,-0.596856,1.113897,32.278766,1291.150637,4.836064,0.163669,0.284248,0.167866,0.547886,-0.68825,8256.0,1631.85,0.241085,2502.58766,-1211.437023,-542.251444,-217.071376,20136.842109,40.0,20,20,40.980507,-23.365256,105.52868,0.757226,6.150071,sensitivity_stamp_lag,video delay V (s)
assumed data: licensed feed/video not purchased; parameters measured,video,tournament_lagcal,own120_engine,1.3,burned_OOS,0.252873,-0.650417,1.088373,30.865199,1234.60794,4.633964,0.161676,0.280923,0.15585,0.563227,-0.73825,8256.0,1616.0,0.246199,2401.605143,-1166.997202,-543.953274,-217.077,20100.248103,40.0,20,20,40.631284,-23.747352,104.103369,0.762667,6.14109,sensitivity_stamp_lag,video delay V (s)
assumed data: licensed feed/video not purchased; parameters measured,video,tournament_lagcal,own120_engine,1.35,burned_OOS,0.239879,-0.675853,1.105718,29.489413,1179.576524,4.444611,0.158291,0.274994,0.153494,0.571512,-0.78825,8256.0,1589.15,0.25124,2344.138385,-1164.561861,-547.786752,-218.575182,20034.652724,40.0,20,20,39.583778,-24.078068,100.252593,0.766883,6.058355,sensitivity_stamp_lag,video delay V (s)
assumed data: licensed feed/video not purchased; parameters measured,video,tournament_lagcal,own120_engine,1.4,burned_OOS,0.104907,-0.918341,1.063918,24.521829,980.87315,3.695056,0.145379,0.252422,0.169047,0.578531,-0.83825,8256.0,1484.45,0.275262,2123.720266,-1142.847115,-605.695973,-222.075385,18684.161945,40.0,20,20,41.438398,-29.555544,99.198105,0.881081,6.52417,sensitivity_stamp_lag,video delay V (s)
assumed data: licensed feed/video not purchased; parameters measured,video,tournament_lagcal,own120_engine,1.45,burned_OOS,0.113979,-0.896057,1.082707,23.97342,958.936808,3.634598,0.143005,0.248298,0.167218,0.584484,-0.88825,8256.0,1465.5,0.280653,2078.441026,-1119.504218,-586.613695,-218.463648,18579.965543,40.0,20,20,39.94334,-26.910636,95.243062,0.852417,6.334458,sensitivity_stamp_lag,video delay V (s)
assumed data: licensed feed/video not purchased; parameters measured,video,tournament_lagcal,own120_engine,1.5,burned_OOS,0.048246,-1.064886,1.074966,19.422777,776.911067,2.837861,0.127713,0.221796,0.184393,0.593811,-0.93825,8256.0,1340.95,0.301865,1856.839603,-1079.928536,-622.09075,-229.434524,17491.924941,40.0,20,20,38.541627,-27.907016,87.779014,0.894233,6.074305,sensitivity_stamp_lag,video delay V (s)
assumed data: licensed feed/video not purchased; parameters measured,video,tournament_lagcal,own120_engine,1.55,burned_OOS,-0.010255,-1.181993,1.075483,16.900375,676.015012,2.403885,0.119907,0.208503,0.187215,0.604282,-0.98825,8256.0,1277.6,0.32002,1734.15726,-1058.142247,-652.783677,-236.97572,17320.002133,40.0,20,20,37.454581,-28.361056,86.187497,0.915287,5.875328,sensitivity_stamp_lag,video delay V (s)
assumed data: licensed feed/video not purchased; parameters measured,video,tournament_lagcal,own120_engine,1.6,burned_OOS,-0.022729,-1.243259,1.09969,16.374697,654.987879,2.339593,0.117393,0.204457,0.161791,0.633751,-1.03825,8256.0,1257.75,0.331894,1700.045972,-1045.058093,-653.891893,-232.297762,17189.324913,40.0,20,20,36.875356,-27.963318,85.153632,0.919238,5.858968,sensitivity_stamp_lag,video delay V (s)
assumed data: licensed feed/video not purchased; parameters measured,video,tournament_lagcal,own120_engine,1.65,burned_OOS,-0.031936,-1.252214,1.094117,15.789828,631.59313,2.240005,0.117369,0.203882,0.135944,0.660174,-1.08825,8256.0,1257.65,0.332281,1652.780587,-1021.187457,-665.658062,-231.130475,17110.786562,40.0,20,20,36.582748,-29.351134,82.961862,0.934544,5.859359,sensitivity_stamp_lag,video delay V (s)
assumed data: licensed feed/video not purchased; parameters measured,video,tournament_lagcal,own120_engine,1.7,burned_OOS,-0.067867,-1.330676,1.093494,12.663111,506.524459,1.724202,0.107582,0.186513,0.10255,0.710938,-1.13825,8256.0,1177.95,0.344497,1524.15581,-1017.631351,-668.163867,-230.770115,15997.359009,40.0,20,20,34.690116,-28.546,80.270242,0.919053,5.515079,sensitivity_stamp_lag,video delay V (s)
assumed data: licensed feed/video not purchased; parameters measured,video,tournament_lagcal,own120_engine,1.75,burned_OOS,-0.076167,-1.388481,1.154178,12.12374,484.949599,1.650352,0.104173,0.180202,0.104046,0.715752,-1.18825,8256.0,1150.75,0.35794,1502.853264,-1017.903665,-664.539917,-232.105838,15866.222483,40.0,20,20,33.04805,-28.489829,75.403541,0.925123,5.300262,sensitivity_stamp_lag,video delay V (s)
assumed data: licensed feed/video not purchased; parameters measured,video,tournament_lagcal,own120_engine,1.8,burned_OOS,-0.109101,-1.467849,1.163758,11.266895,450.675798,1.507733,0.102168,0.176126,0.104797,0.719077,-1.23825,8256.0,1134.8,0.370691,1462.416558,-1011.74076,-665.559078,-232.016467,15647.731135,40.0,20,20,32.703977,-28.600116,74.587279,0.949836,5.29557,sensitivity_stamp_lag,video delay V (s)
assumed data: licensed feed/video not purchased; parameters measured,video,tournament_lagcal,own120_engine,1.85,burned_OOS,-0.13854,-1.534716,1.160188,10.01846,400.738413,1.280714,0.099903,0.171639,0.103355,0.725006,-1.28825,8256.0,1116.4,0.375249,1383.754862,-983.016449,-674.629021,-232.157628,15358.834121,40.0,20,20,32.048644,-28.813115,72.843027,0.963518,5.183206,sensitivity_stamp_lag,video delay V (s)
assumed data: licensed feed/video not purchased; parameters measured,video,tournament_lagcal,own120_engine,1.9,burned_OOS,-0.163676,-1.581472,1.149305,9.093971,363.758858,1.167212,0.10023,0.171245,0.081177,0.747578,-1.33825,8256.0,1119.4,0.375513,1312.09434,-948.335481,-689.483634,-230.686499,15064.258606,40.0,20,20,31.518309,-29.213028,71.56619,0.961571,5.158844,sensitivity_stamp_lag,video delay V (s)
assumed data: licensed feed/video not purchased; parameters measured,video,tournament_lagcal,own120_engine,1.95,burned_OOS,-0.188009,-1.640678,1.145106,8.185021,327.400859,1.021843,0.097995,0.168035,0.080263,0.751702,-1.38825,8256.0,1101.25,0.380364,1262.495014,-935.094155,-704.788089,-233.030181,14766.968442,40.0,20,20,30.643906,-31.582066,71.462972,0.996632,5.036538,sensitivity_stamp_lag,video delay V (s)
assumed data: licensed feed/video not purchased; parameters measured,video,tournament_lagcal,own120_engine,2.0,burned_OOS,-0.187184,-1.655197,1.173504,8.031438,321.257512,0.994856,0.096233,0.165044,0.056753,0.778204,-1.43825,8256.0,1086.85,0.386891,1256.631598,-935.374086,-695.065082,-231.259398,14711.831294,40.0,20,20,29.500828,-31.191842,67.168553,1.004651,4.803621,sensitivity_stamp_lag,video delay V (s)
assumed data: licensed feed/video not purchased; parameters measured,video,tournament_lagcal,own120_engine,2.05,burned_OOS,-0.178784,-1.655744,1.187558,8.137255,325.490204,1.04134,0.095839,0.164486,0.044016,0.791497,-1.48825,8256.0,1083.9,0.389215,1255.650099,-930.159895,-691.059319,-231.07235,14692.224675,40.0,20,20,29.35561,-31.179796,65.938417,1.005094,4.82798,sensitivity_stamp_lag,video delay V (s)
assumed data: licensed feed/video not purchased; parameters measured,video,tournament_lagcal,own120_engine,2.1,burned_OOS,-0.368122,-2.012115,1.20293,5.600034,224.001345,0.595876,0.085078,0.145573,0.058884,0.795543,-1.53825,8256.0,995.65,0.44121,1132.672133,-908.670788,-713.957677,-232.923462,13938.225988,40.0,20,20,30.670688,-33.428159,66.812629,1.152178,5.099543,sensitivity_stamp_lag,video delay V (s)
assumed data: licensed feed/video not purchased; parameters measured,video,tournament_lagcal,own120_engine,2.15,burned_OOS,-0.74095,-2.723138,1.099602,-2.633949,-105.357964,-0.671637,0.058164,0.099019,0.104863,0.796118,-1.58825,8256.0,776.45,0.522687,823.6272,-928.985164,-802.836907,-244.106871,11839.876898,40.0,20,20,29.35354,-35.518131,60.085771,1.243168,4.970592,sensitivity_stamp_lag,video delay V (s)
assumed data: licensed feed/video not purchased; parameters measured,video,tournament_lagcal,own120_engine,2.2,burned_OOS,-1.348093,-3.905218,1.063078,-12.022427,-480.897096,-2.479323,0.026042,0.044495,0.142018,0.813487,-1.63825,8256.0,514.15,0.688511,380.295796,-861.192892,-915.932888,-251.96682,8186.719983,40.0,20,20,22.277519,-37.942457,41.212357,1.421827,3.641159,sensitivity_stamp_lag,video delay V (s)
assumed data: licensed feed/video not purchased; parameters measured,video,tournament_lagcal,own120_engine,2.25,burned_OOS,-1.537004,-4.34123,1.104943,-12.386576,-495.463052,-2.551652,0.021318,0.037227,0.142975,0.819798,-1.68825,8256.0,475.7,0.754309,353.36925,-848.832302,-918.683348,-254.315396,7134.792375,40.0,20,20,22.382327,-41.449363,41.741204,1.556145,3.718978,sensitivity_stamp_lag,video delay V (s)
assumed data: licensed feed/video not purchased; parameters measured,video,tournament_lagcal,own120_engine,2.3,burned_OOS,-1.570616,-4.399352,1.083447,-12.614647,-504.585884,-2.623863,0.020591,0.036156,0.139971,0.823874,-1.73825,8256.0,469.95,0.76436,339.726391,-844.312276,-919.387197,-253.141951,7042.673504,40.0,20,20,21.872684,-39.447873,41.366908,1.51869,3.640302,sensitivity_stamp_lag,video delay V (s)
assumed data: licensed feed/video not purchased; parameters measured,video,tournament_lagcal,own120_engine,2.35,burned_OOS,-1.598611,-4.488139,1.06603,-12.662715,-506.50861,-2.635648,0.019979,0.035338,0.136301,0.828361,-1.78825,8256.0,465.55,0.774023,329.956276,-836.464887,-929.58335,-249.693677,7018.529313,40.0,20,20,22.214369,-39.193643,41.710549,1.551435,3.695734,sensitivity_stamp_lag,video delay V (s)
assumed data: licensed feed/video not purchased; parameters measured,video,tournament_lagcal,own120_engine,2.4,burned_OOS,-1.618401,-4.586021,1.131574,-12.436838,-497.473501,-2.595873,0.018029,0.032237,0.139008,0.828755,-1.83825,8256.0,450.15,0.805698,323.361661,-820.835162,-918.006904,-247.300116,6720.936483,40.0,20,20,21.840802,-39.569303,41.181268,1.543355,3.662254,sensitivity_stamp_lag,video delay V (s)
assumed data: licensed feed/video not purchased; parameters measured,video,tournament_lagcal,own120_engine,2.45,burned_OOS,-1.576249,-4.522991,1.198537,-11.93966,-477.586386,-2.501952,0.017896,0.032049,0.135986,0.831965,-1.88825,8256.0,449.15,0.808559,319.939921,-797.526307,-902.496997,-246.020086,6698.01889,40.0,20,20,21.63996,-38.831341,41.328544,1.527686,3.617515,sensitivity_stamp_lag,video delay V (s)
assumed data: licensed feed/video not purchased; parameters measured,video,tournament_lagcal,own120_engine,2.5,burned_OOS,-1.569484,-4.546085,1.269565,-11.379667,-455.186671,-2.399012,0.017127,0.030832,0.134211,0.834956,-1.93825,8256.0,442.85,0.820082,320.559075,-775.745746,-891.369484,-244.745058,6565.149055,40.0,20,20,22.052839,-39.142702,42.795127,1.597265,3.661287,sensitivity_stamp_lag,video delay V (s)
assumed data: licensed feed/video not purchased; parameters measured,video,tournament_lagcal,own120_engine,2.55,burned_OOS,-1.527221,-4.503171,1.314269,-10.955353,-438.214107,-2.318942,0.017133,0.030808,0.133679,0.835514,-1.98825,8256.0,442.9,0.819998,317.892295,-756.106402,-878.43962,-243.555197,6561.464295,40.0,20,20,21.960947,-38.693651,42.977644,1.58898,3.643773,sensitivity_stamp_lag,video delay V (s)
assumed data: licensed feed/video not purchased; parameters measured,video,tournament_lagcal,own120_engine,2.6,burned_OOS,-1.52038,-4.520433,1.386461,-10.547265,-421.890611,-2.243979,0.016394,0.029518,0.116055,0.854427,-2.03825,8256.0,436.85,0.834634,316.357315,-738.247926,-867.618467,-242.486264,6420.496788,40.0,20,20,21.882892,-38.243679,43.14402,1.603494,3.630028,sensitivity_stamp_lag,video delay V (s)
assumed data: licensed feed/video not purchased; parameters measured,video,tournament_lagcal,own120_engine,2.65,burned_OOS,-1.490866,-4.503874,1.436281,-10.397217,-415.888674,-2.21753,0.016019,0.02887,0.070149,0.900981,-2.08825,8256.0,433.85,0.838486,300.798953,-716.687626,-859.51729,-241.466231,6415.405324,40.0,20,20,21.534697,-38.009214,41.543755,1.593752,3.542922,sensitivity_stamp_lag,video delay V (s)
assumed data: licensed feed/video not purchased; parameters measured,video,tournament_lagcal,own120_engine,2.7,burned_OOS,-1.487021,-4.500307,1.438295,-10.419452,-416.778082,-2.217827,0.016,0.028815,0.01568,0.955505,-2.13825,8256.0,433.8,0.838791,296.902248,-713.68033,-856.927499,-240.932458,6408.456039,40.0,20,20,21.289404,-37.799417,40.898316,1.588575,3.519627,sensitivity_stamp_lag,video delay V (s)
assumed data: licensed feed/video not purchased; parameters measured,video,tournament_lagcal,own120_engine,2.75,burned_OOS,-1.487111,-4.501608,1.43836,-10.425136,-417.005422,-2.218254,0.016025,0.028815,0.008412,0.962773,-2.18825,8256.0,434.0,0.838335,293.990087,-710.995509,-857.149726,-240.914734,6398.42622,40.0,20,20,21.250614,-37.688559,40.838779,1.58588,3.514531,sensitivity_stamp_lag,video delay V (s)
assumed data: licensed feed/video not purchased; parameters measured,video,tournament_lagcal,own120_engine,2.8,burned_OOS,-1.48266,-4.509439,1.445817,-10.378195,-415.127794,-2.2076,0.016007,0.028785,0.00737,0.963844,-2.23825,8256.0,434.05,0.838821,294.060281,-709.188075,-854.805303,-240.906578,6387.59798,40.0,20,20,21.233688,-37.680415,40.79811,1.586239,3.512731,sensitivity_stamp_lag,video delay V (s)
assumed data: licensed feed/video not purchased; parameters measured,video,tournament_lagcal,own120_engine,2.85,burned_OOS,-1.480916,-4.512566,1.453972,-10.355922,-414.236882,-2.204064,0.016031,0.028779,0.006559,0.964662,-2.28825,8256.0,434.3,0.838631,293.906593,-708.143475,-853.689041,-240.906578,6373.754696,40.0,20,20,21.23694,-37.672268,40.793938,1.588818,3.515936,sensitivity_stamp_lag,video delay V (s)
assumed data: licensed feed/video not purchased; parameters measured,video,tournament_lagcal,own120_engine,2.9,burned_OOS,-1.484532,-4.517251,1.455744,-10.392616,-415.70464,-2.210717,0.016043,0.028779,0.003458,0.967763,-2.33825,8256.0,434.4,0.838579,290.314642,-706.019282,-854.582677,-240.906578,6329.222839,40.0,20,20,21.225943,-37.664118,40.670227,1.590513,3.517874,sensitivity_stamp_lag,video delay V (s)
assumed data: licensed feed/video not purchased; parameters measured,video,tournament_lagcal,own120_engine,2.95,burned_OOS,-1.487238,-4.525174,1.462079,-10.452794,-418.111768,-2.217905,0.016049,0.028779,0.00327,0.967951,-2.38825,8256.0,434.45,0.838842,286.835478,-704.947246,-854.771329,-240.906578,6267.88122,40.0,20,20,21.00873,-37.655966,39.955132,1.591015,3.499704,sensitivity_stamp_lag,video delay V (s)
assumed data: licensed feed/video not purchased; parameters measured,video,tournament_lagcal,own120_engine,3.0,burned_OOS,-1.487002,-4.526721,1.465844,-10.447536,-417.901423,-2.216832,0.016031,0.028779,0.002053,0.969168,-2.43825,8256.0,434.3,0.839215,286.737632,-704.639055,-854.620919,-240.906578,6254.656211,40.0,20,20,21.012826,-37.653356,39.982032,1.590935,3.500395,sensitivity_stamp_lag,video delay V (s)
assumed data: licensed feed/video not purchased; parameters measured,video,tournament_lagcal,own120_pess,0.0,burned_OOS,0.882656,0.589338,1.186065,117.243756,4689.750224,17.888256,0.41356,0.733461,0.066461,0.200079,0.5316,8256.0,3707.5,0.085503,6821.804917,-2132.054692,-215.662319,-134.946223,28412.124238,40.0,20,20,42.431602,42.057268,186.088255,0.180409,6.822155,sensitivity_stamp_lag,video delay V (s)
assumed data: licensed feed/video not purchased; parameters measured,video,tournament_lagcal,own120_pess,0.5,burned_OOS,0.743422,0.3116,1.182021,74.05723,2962.289201,11.114014,0.274461,0.489492,0.243968,0.266539,0.0316,8256.0,2575.45,0.139896,4739.329943,-1777.040742,-338.354822,-199.161569,23984.331672,40.0,20,20,44.758156,10.964745,145.323863,0.262331,6.427597,sensitivity_stamp_lag,video delay V (s)
assumed data: licensed feed/video not purchased; parameters measured,video,tournament_lagcal,own120_pess,1.0,burned_OOS,0.543955,-0.04356,1.104463,48.967641,1958.705622,7.656696,0.225818,0.398001,0.091491,0.510508,-0.4684,8256.0,2183.25,0.180031,3479.167757,-1520.462135,-431.389794,-204.944114,22355.235929,40.0,20,20,40.054796,-9.853224,116.3304,0.380563,5.939052,sensitivity_stamp_lag,video delay V (s)
