label,key,slug,n,set,game,score_after_a,score_after_b,winner,T_ms,realised_move_D,t_pre_ms,source,state,p_server0,mid_pre,pa,pb,v_now,v_if_a,v_if_b,swing,score_ok,score_winner,replayable_lag2_V1,eligible_T2c,eligible_T4c,eligible_T6c
"EXPLORATORY, added after seeing the all-points replay; not pre-registered; one day, 9 matches; backtest replay on real recorded book; assumed feed latency; paper only",1020|LS032,wta-rybakin-charaev-2026-10-01,1,1,1,0,15,1,1791031206000,-0,1791031176000,pre-point mid,sets 0-0 games 0-0 pts 0-0,0.5,0.945,0.62569,0.50431,0.945,0.949543,0.939202,0.0103411,True,1,True,False,False,False
"EXPLORATORY, added after seeing the all-points replay; not pre-registered; one day, 9 matches; backtest replay on real recorded book; assumed feed latency; paper only",1020|LS032,wta-rybakin-charaev-2026-10-01,2,1,1,15,15,0,1791031227000,0,1791031208000,pre-point mid,sets 0-0 games 0-0 pts 0-15,0.42602,0.935,0.624385,0.505615,0.935,0.940607,0.928154,0.0124534,True,0,True,False,False,False
"EXPLORATORY, added after seeing the all-points replay; not pre-registered; one day, 9 matches; backtest replay on real recorded book; assumed feed latency; paper only",1020|LS032,wta-rybakin-charaev-2026-10-01,3,1,1,15,30,1,1791031253000,0.01,1791031229000,pre-point mid,sets 0-0 games 0-0 pts 15-15,0.483842,0.935,0.622627,0.507373,0.935,0.941363,0.927047,0.0143162,True,1,True,False,False,False
"EXPLORATORY, added after seeing the all-points replay; not pre-registered; one day, 9 matches; backtest replay on real recorded book; assumed feed latency; paper only",1020|LS032,wta-rybakin-charaev-2026-10-01,4,1,1,30,30,0,1791031282000,0.01,1791031255000,pre-point mid,sets 0-0 games 0-0 pts 15-30,0.410798,0.925,0.622065,0.507935,0.925,0.932601,0.915878,0.016723,True,0,True,False,False,False
"EXPLORATORY, added after seeing the all-points replay; not pre-registered; one day, 9 matches; backtest replay on real recorded book; assumed feed latency; paper only",1020|LS033,wta-kartal-wa-2026-10-01,1,1,1,15,0,0,1791028998000,0.01,1791028968000,pre-point mid,sets 0-0 games 0-0 pts 0-0,0.5,0.515,0.566422,0.563578,0.515,0.533438,0.496457,0.0369808,True,0,True,True,False,False
"EXPLORATORY, added after seeing the all-points replay; not pre-registered; one day, 9 matches; backtest replay on real recorded book; assumed feed latency; paper only",1020|LS033,wta-kartal-wa-2026-10-01,2,1,1,15,15,1,1791029029000,0.02,1791029000000,pre-point mid,sets 0-0 games 0-0 pts 15-0,0.564816,0.525,0.565618,0.564382,0.525,0.542839,0.506504,0.0363343,True,1,False,True,False,False
"EXPLORATORY, added after seeing the all-points replay; not pre-registered; one day, 9 matches; backtest replay on real recorded book; assumed feed latency; paper only",1020|LS033,wta-kartal-wa-2026-10-01,3,1,1,30,15,0,1791029049000,0.015,1791029031000,pre-point mid,sets 0-0 games 0-0 pts 15-15,0.499731,0.505,0.565475,0.564525,0.505,0.52731,0.482651,0.0446593,True,0,True,True,True,False
"EXPLORATORY, added after seeing the all-points replay; not pre-registered; one day, 9 matches; backtest replay on real recorded book; assumed feed latency; paper only",1020|LS033,wta-kartal-wa-2026-10-01,4,1,1,40,15,0,1791029074000,0.02,1791029051000,pre-point mid,sets 0-0 games 0-0 pts 30-15,0.564674,0.52,0.564777,0.565223,0.52,0.541616,0.497665,0.0439509,True,0,True,True,True,False
"EXPLORATORY, added after seeing the all-points replay; not pre-registered; one day, 9 matches; backtest replay on real recorded book; assumed feed latency; paper only",1020|LS033,wta-kartal-wa-2026-10-01,5,1,1,40,30,1,1791029097000,0.015,1791029076000,pre-point mid,sets 0-0 games 0-0 pts 40-15,0.627557,0.525,0.56318,0.56682,0.525,0.5381,0.511104,0.0269961,True,1,True,True,False,False
"EXPLORATORY, added after seeing the all-points replay; not pre-registered; one day, 9 matches; backtest replay on real recorded book; assumed feed latency; paper only",1020|LS033,wta-kartal-wa-2026-10-01,6,1,1,G,30,0,1791029128000,0.02,1791029099000,pre-point mid,sets 0-0 games 0-0 pts 40-30,0.564938,0.535,0.565468,0.564532,0.535001,0.564035,0.504914,0.0591213,True,0,True,True,True,False
"EXPLORATORY, added after seeing the all-points replay; not pre-registered; one day, 9 matches; backtest replay on real recorded book; assumed feed latency; paper only",1020|LS033,wta-kartal-wa-2026-10-01,7,1,2,15,0,0,1791029197000,0.02,1791029130000,pre-point mid,sets 0-0 games 1-0 pts 0-0,0.372277,0.555,0.564586,0.565414,0.555,0.576769,0.534664,0.0421042,True,0,True,True,True,False
"EXPLORATORY, added after seeing the all-points replay; not pre-registered; one day, 9 matches; backtest replay on real recorded book; assumed feed latency; paper only",1020|LS033,wta-kartal-wa-2026-10-01,8,1,2,15,15,1,1791029221000,0.02,1791029199000,pre-point mid,sets 0-0 games 1-0 pts 15-0,0.435176,0.585,0.565401,0.564599,0.585,0.60685,0.56384,0.0430103,True,1,True,True,True,False
"EXPLORATORY, added after seeing the all-points replay; not pre-registered; one day, 9 matches; backtest replay on real recorded book; assumed feed latency; paper only",1020|LS033,wta-kartal-wa-2026-10-01,9,1,2,15,30,1,1791029242000,0.02,1791029223000,pre-point mid,sets 0-0 games 1-0 pts 15-15,0.372278,0.565,0.565515,0.564485,0.565,0.590587,0.541008,0.0495791,True,1,True,True,True,False
"EXPLORATORY, added after seeing the all-points replay; not pre-registered; one day, 9 matches; backtest replay on real recorded book; assumed feed latency; paper only",1020|LS033,wta-kartal-wa-2026-10-01,10,1,2,15,40,1,1791029290000,0.015,1791029244000,pre-point mid,sets 0-0 games 1-0 pts 15-30,0.313414,0.535,0.564931,0.565069,0.535001,0.55955,0.51273,0.0468192,True,1,True,True,True,False
"EXPLORATORY, added after seeing the all-points replay; not pre-registered; one day, 9 matches; backtest replay on real recorded book; assumed feed latency; paper only",1020|LS033,wta-kartal-wa-2026-10-01,11,1,2,30,40,0,1791029323000,0.01,1791029292000,pre-point mid,sets 0-0 games 1-0 pts 15-40,0.260061,0.525,0.566122,0.563878,0.525,0.540195,0.511529,0.028666,True,0,True,True,False,False
"EXPLORATORY, added after seeing the all-points replay; not pre-registered; one day, 9 matches; backtest replay on real recorded book; assumed feed latency; paper only",1020|LS033,wta-kartal-wa-2026-10-01,12,1,2,30,G,1,1791029348000,0.01,1791029325000,pre-point mid,sets 0-0 games 1-0 pts 30-40,0.313294,0.525,0.564645,0.565355,0.525,0.556621,0.496347,0.0602739,True,1,True,True,True,True
"EXPLORATORY, added after seeing the all-points replay; not pre-registered; one day, 9 matches; backtest replay on real recorded book; assumed feed latency; paper only",1020|LS033,wta-kartal-wa-2026-10-01,13,1,3,15,0,0,1791029383000,0.015,1791029350000,pre-point mid,sets 0-0 games 1-1 pts 0-0,0.740017,0.525,0.567434,0.562566,0.525,0.544171,0.503063,0.0411084,True,0,True,True,True,False
"EXPLORATORY, added after seeing the all-points replay; not pre-registered; one day, 9 matches; backtest replay on real recorded book; assumed feed latency; paper only",1020|LS033,wta-kartal-wa-2026-10-01,14,1,3,30,0,0,1791029417000,0.025,1791029385000,pre-point mid,sets 0-0 games 1-1 pts 15-0,0.786886,0.535,0.566534,0.563466,0.535,0.552395,0.514677,0.037718,True,0,True,True,False,False
"EXPLORATORY, added after seeing the all-points replay; not pre-registered; one day, 9 matches; backtest replay on real recorded book; assumed feed latency; paper only",1020|LS033,wta-kartal-wa-2026-10-01,15,1,3,30,15,1,1791029464000,0.02,1791029419000,pre-point mid,sets 0-0 games 1-1 pts 30-0,0.827345,0.555,0.566792,0.563208,0.555,0.567068,0.540583,0.0264856,True,1,True,True,False,False
"EXPLORATORY, added after seeing the all-points replay; not pre-registered; one day, 9 matches; backtest replay on real recorded book; assumed feed latency; paper only",1020|LS033,wta-kartal-wa-2026-10-01,16,1,3,30,30,1,1791029489000,0.03,1791029466000,pre-point mid,sets 0-0 games 1-1 pts 30-15,0.78659,0.535,0.566243,0.563757,0.535,0.555914,0.510597,0.0453165,True,1,True,True,True,False
"EXPLORATORY, added after seeing the all-points replay; not pre-registered; one day, 9 matches; backtest replay on real recorded book; assumed feed latency; paper only",1020|LS033,wta-kartal-wa-2026-10-01,17,1,3,30,40,1,1791029530000,0.03,1791029491000,pre-point mid,sets 0-0 games 1-1 pts 30-30,0.739304,0.505,0.565695,0.564305,0.505,0.536526,0.469191,0.0673345,True,1,True,True,True,True
"EXPLORATORY, added after seeing the all-points replay; not pre-registered; one day, 9 matches; backtest replay on real recorded book; assumed feed latency; paper only",1020|LS033,wta-kartal-wa-2026-10-01,18,1,3,30,G,1,1791029569000,0.06,1791029532000,pre-point mid,sets 0-0 games 1-1 pts 30-40,0.685789,0.455,0.564294,0.565706,0.455,0.490694,0.415794,0.0748993,True,1,True,True,True,True
"EXPLORATORY, added after seeing the all-points replay; not pre-registered; one day, 9 matches; backtest replay on real recorded book; assumed feed latency; paper only",1020|LS033,wta-kartal-wa-2026-10-01,19,1,4,0,15,1,1791029696000,0.01,1791029571000,pre-point mid,sets 0-0 games 1-2 pts 0-0,0.372993,0.385,0.561134,0.568866,0.385,0.408576,0.36327,0.0453061,True,1,True,True,True,False
"EXPLORATORY, added after seeing the all-points replay; not pre-registered; one day, 9 matches; backtest replay on real recorded book; assumed feed latency; paper only",1020|LS033,wta-kartal-wa-2026-10-01,20,1,4,0,30,1,1791029719000,0.025,1791029698000,pre-point mid,sets 0-0 games 1-2 pts 0-15,0.314568,0.365,0.561318,0.568682,0.365,0.38745,0.344914,0.0425352,True,1,True,True,True,False
"EXPLORATORY, added after seeing the all-points replay; not pre-registered; one day, 9 matches; backtest replay on real recorded book; assumed feed latency; paper only",1020|LS033,wta-kartal-wa-2026-10-01,21,1,4,15,30,0,1791029745000,0,1791029721000,pre-point mid,sets 0-0 games 1-2 pts 0-30,0.261459,0.345,0.561327,0.568673,0.345,0.361758,0.330417,0.031341,True,0,True,True,False,False
"EXPLORATORY, added after seeing the all-points replay; not pre-registered; one day, 9 matches; backtest replay on real recorded book; assumed feed latency; paper only",1020|LS033,wta-kartal-wa-2026-10-01,22,1,4,30,30,0,1791029771000,0.04,1791029747000,pre-point mid,sets 0-0 games 1-2 pts 15-30,0.315407,0.345,0.559525,0.570475,0.345,0.371022,0.321875,0.0491462,True,0,True,True,True,False
"EXPLORATORY, added after seeing the all-points replay; not pre-registered; one day, 9 matches; backtest replay on real recorded book; assumed feed latency; paper only",1020|LS033,wta-kartal-wa-2026-10-01,23,1,4,40,30,0,1791029815000,0.07,1791029773000,pre-point mid,sets 0-0 games 1-2 pts 30-30,0.375064,0.385,0.560991,0.569009,0.385,0.421647,0.351206,0.0704406,True,0,True,True,True,True
"EXPLORATORY, added after seeing the all-points replay; not pre-registered; one day, 9 matches; backtest replay on real recorded book; assumed feed latency; paper only",1020|LS033,wta-kartal-wa-2026-10-01,24,1,4,40,40,1,1791029843000,0.05,1791029817000,pre-point mid,sets 0-0 games 1-2 pts 40-30,0.438578,0.435,0.562345,0.567655,0.435,0.473526,0.398079,0.0754468,True,1,True,True,True,True
"EXPLORATORY, added after seeing the all-points replay; not pre-registered; one day, 9 matches; backtest replay on real recorded book; assumed feed latency; paper only",1020|LS033,wta-kartal-wa-2026-10-01,25,1,4,A,40,0,1791029871000,0.05,1791029845000,pre-point mid,sets 0-0 games 1-2 pts 40-40,0.375893,0.395,0.562027,0.567973,0.395,0.431873,0.360842,0.0710312,True,0,True,True,True,True
"EXPLORATORY, added after seeing the all-points replay; not pre-registered; one day, 9 matches; backtest replay on real recorded book; assumed feed latency; paper only",1020|LS033,wta-kartal-wa-2026-10-01,26,1,4,40,40,1,1791029895000,0.04,1791029873000,pre-point mid,sets 0-0 games 1-2 pts A-40,0.439312,0.435,0.562343,0.567657,0.435,0.473506,0.398085,0.0754211,True,1,True,True,True,True
"EXPLORATORY, added after seeing the all-points replay; not pre-registered; one day, 9 matches; backtest replay on real recorded book; assumed feed latency; paper only",1020|LS033,wta-kartal-wa-2026-10-01,27,1,4,A,40,0,1791029918000,0.045,1791029897000,pre-point mid,sets 0-0 games 1-2 pts 40-40,0.376593,0.405,0.563056,0.566944,0.405,0.442075,0.3705,0.0715758,True,0,True,True,True,True
"EXPLORATORY, added after seeing the all-points replay; not pre-registered; one day, 9 matches; backtest replay on real recorded book; assumed feed latency; paper only",1020|LS033,wta-kartal-wa-2026-10-01,28,1,4,G,40,0,1791029955000,0.05,1791029920000,pre-point mid,sets 0-0 games 1-2 pts A-40,0.439911,0.435,0.562341,0.567659,0.435,0.47349,0.398089,0.0754001,True,0,True,True,True,True
"EXPLORATORY, added after seeing the all-points replay; not pre-registered; one day, 9 matches; backtest replay on real recorded book; assumed feed latency; paper only",1020|LS033,wta-kartal-wa-2026-10-01,29,1,5,15,0,0,1791030005000,0.025,1791029957000,pre-point mid,sets 0-0 games 2-2 pts 0-0,0.494658,0.495,0.564499,0.565501,0.495,0.518426,0.471685,0.0467412,True,0,True,True,True,False
"EXPLORATORY, added after seeing the all-points replay; not pre-registered; one day, 9 matches; backtest replay on real recorded book; assumed feed latency; paper only",1020|LS033,wta-kartal-wa-2026-10-01,30,1,5,15,15,1,1791030028000,0.02,1791030007000,pre-point mid,sets 0-0 games 2-2 pts 15-0,0.559806,0.525,0.565161,0.564839,0.525,0.547646,0.501624,0.0460225,True,1,True,True,True,False
"EXPLORATORY, added after seeing the all-points replay; not pre-registered; one day, 9 matches; backtest replay on real recorded book; assumed feed latency; paper only",1020|LS033,wta-kartal-wa-2026-10-01,31,1,5,30,15,0,1791030054000,0.01,1791030030000,pre-point mid,sets 0-0 games 2-2 pts 15-15,0.494703,0.505,0.5655,0.5645,0.505,0.533216,0.476805,0.056411,True,0,True,True,True,False
"EXPLORATORY, added after seeing the all-points replay; not pre-registered; one day, 9 matches; backtest replay on real recorded book; assumed feed latency; paper only",1020|LS033,wta-kartal-wa-2026-10-01,32,1,5,30,30,1,1791030096000,0.015,1791030056000,pre-point mid,sets 0-0 games 2-2 pts 30-15,0.55972,0.515,0.563658,0.566342,0.515,0.542516,0.486768,0.0557474,True,1,True,True,True,False
"EXPLORATORY, added after seeing the all-points replay; not pre-registered; one day, 9 matches; backtest replay on real recorded book; assumed feed latency; paper only",1020|LS033,wta-kartal-wa-2026-10-01,33,1,5,40,30,0,1791030126000,0.02,1791030098000,pre-point mid,sets 0-0 games 2-2 pts 30-30,0.494814,0.505,0.5655,0.5645,0.505,0.543055,0.466972,0.0760826,True,0,True,True,True,True
"EXPLORATORY, added after seeing the all-points replay; not pre-registered; one day, 9 matches; backtest replay on real recorded book; assumed feed latency; paper only",1020|LS033,wta-kartal-wa-2026-10-01,34,1,5,G,30,0,1791030157000,0.03,1791030128000,pre-point mid,sets 0-0 games 2-2 pts 40-30,0.559829,0.525,0.563663,0.566337,0.525,0.562212,0.486816,0.075396,True,0,True,True,True,True
"EXPLORATORY, added after seeing the all-points replay; not pre-registered; one day, 9 matches; backtest replay on real recorded book; assumed feed latency; paper only",1020|LS033,wta-kartal-wa-2026-10-01,35,1,6,15,0,0,1791030292000,0.04,1791030159000,pre-point mid,sets 0-0 games 3-2 pts 0-0,0.376916,0.545,0.561883,0.568117,0.545,0.572958,0.519101,0.0538572,True,0,True,True,True,False
"EXPLORATORY, added after seeing the all-points replay; not pre-registered; one day, 9 matches; backtest replay on real recorded book; assumed feed latency; paper only",1020|LS033,wta-kartal-wa-2026-10-01,36,1,6,15,15,1,1791030319000,0.035,1791030294000,pre-point mid,sets 0-0 games 3-2 pts 15-0,0.440405,0.595,0.564205,0.565795,0.595,0.622845,0.56809,0.0547555,True,1,True,True,True,False
"EXPLORATORY, added after seeing the all-points replay; not pre-registered; one day, 9 matches; backtest replay on real recorded book; assumed feed latency; paper only",1020|LS033,wta-kartal-wa-2026-10-01,37,1,6,30,15,0,1791030342000,0.05,1791030321000,pre-point mid,sets 0-0 games 3-2 pts 15-15,0.377404,0.565,0.563883,0.566117,0.565,0.597673,0.534482,0.0631905,True,0,True,True,True,True
"EXPLORATORY, added after seeing the all-points replay; not pre-registered; one day, 9 matches; backtest replay on real recorded book; assumed feed latency; paper only",1020|LS033,wta-kartal-wa-2026-10-01,38,1,6,40,15,0,1791030386000,0.045,1791030344000,pre-point mid,sets 0-0 games 3-2 pts 30-15,0.440654,0.595,0.563598,0.566402,0.595,0.628241,0.562949,0.0652919,True,0,True,True,True,True
"EXPLORATORY, added after seeing the all-points replay; not pre-registered; one day, 9 matches; backtest replay on real recorded book; assumed feed latency; paper only",1020|LS033,wta-kartal-wa-2026-10-01,39,1,6,40,30,1,1791030412000,0.02,1791030388000,pre-point mid,sets 0-0 games 3-2 pts 40-15,0.505929,0.645,0.565455,0.564545,0.645,0.666794,0.623099,0.0436946,True,1,True,True,True,False
"EXPLORATORY, added after seeing the all-points replay; not pre-registered; one day, 9 matches; backtest replay on real recorded book; assumed feed latency; paper only",1020|LS033,wta-kartal-wa-2026-10-01,40,1,6,40,40,1,1791030450000,0.065,1791030414000,pre-point mid,sets 0-0 games 3-2 pts 40-30,0.440778,0.625,0.565663,0.564337,0.625,0.668588,0.58262,0.0859681,True,1,True,True,True,True
"EXPLORATORY, added after seeing the all-points replay; not pre-registered; one day, 9 matches; backtest replay on real recorded book; assumed feed latency; paper only",1020|LS033,wta-kartal-wa-2026-10-01,41,1,6,40,A,1,1791030480000,0.03,1791030452000,pre-point mid,sets 0-0 games 3-2 pts 40-40,0.377579,0.575,0.564861,0.565139,0.574999,0.617636,0.535015,0.0826212,True,1,True,True,True,True
"EXPLORATORY, added after seeing the all-points replay; not pre-registered; one day, 9 matches; backtest replay on real recorded book; assumed feed latency; paper only",1020|LS033,wta-kartal-wa-2026-10-01,42,1,6,40,G,1,1791030503000,0.04,1791030482000,pre-point mid,sets 0-0 games 3-2 pts 40-A,0.318377,0.555,0.566934,0.563066,0.555,0.594631,0.518663,0.0759683,True,1,True,True,True,True
"EXPLORATORY, added after seeing the all-points replay; not pre-registered; one day, 9 matches; backtest replay on real recorded book; assumed feed latency; paper only",1020|LS033,wta-kartal-wa-2026-10-01,43,1,7,0,15,1,1791030548000,0.06,1791030505000,pre-point mid,sets 0-0 games 3-3 pts 0-0,0.735702,0.515,0.566554,0.563446,0.515001,0.541101,0.485308,0.0557937,True,1,True,True,True,False
"EXPLORATORY, added after seeing the all-points replay; not pre-registered; one day, 9 matches; backtest replay on real recorded book; assumed feed latency; paper only",1020|LS033,wta-kartal-wa-2026-10-01,44,1,7,15,15,0,1791030579000,0.025,1791030550000,pre-point mid,sets 0-0 games 3-3 pts 0-15,0.681667,0.465,0.56444,0.56556,0.465,0.493232,0.434038,0.0591934,True,0,True,True,True,False
"EXPLORATORY, added after seeing the all-points replay; not pre-registered; one day, 9 matches; backtest replay on real recorded book; assumed feed latency; paper only",1020|LS033,wta-kartal-wa-2026-10-01,45,1,7,30,15,0,1791030609000,0.04,1791030581000,pre-point mid,sets 0-0 games 3-3 pts 15-15,0.735599,0.495,0.564624,0.565376,0.495,0.52673,0.459183,0.0675473,True,0,True,True,True,True
"EXPLORATORY, added after seeing the all-points replay; not pre-registered; one day, 9 matches; backtest replay on real recorded book; assumed feed latency; paper only",1020|LS033,wta-kartal-wa-2026-10-01,46,1,7,40,15,0,1791030633000,0.03,1791030611000,pre-point mid,sets 0-0 games 3-3 pts 30-15,0.783283,0.525,0.564443,0.565557,0.525,0.553644,0.491875,0.0617689,True,0,True,True,True,True
"EXPLORATORY, added after seeing the all-points replay; not pre-registered; one day, 9 matches; backtest replay on real recorded book; assumed feed latency; paper only",1020|LS033,wta-kartal-wa-2026-10-01,47,1,7,G,15,0,1791030657000,0.02,1791030635000,pre-point mid,sets 0-0 games 3-3 pts 40-15,0.824433,0.555,0.564587,0.565413,0.555,0.57099,0.536096,0.0348936,True,0,True,True,False,False
"EXPLORATORY, added after seeing the all-points replay; not pre-registered; one day, 9 matches; backtest replay on real recorded book; assumed feed latency; paper only",1020|LS033,wta-kartal-wa-2026-10-01,48,1,8,15,0,0,1791030802000,0.04,1791030659000,pre-point mid,sets 0-0 games 4-3 pts 0-0,0.140835,0.565,0.563943,0.566057,0.565,0.598036,0.537723,0.0603134,True,0,True,True,True,True
"EXPLORATORY, added after seeing the all-points replay; not pre-registered; one day, 9 matches; backtest replay on real recorded book; assumed feed latency; paper only",1020|LS033,wta-kartal-wa-2026-10-01,49,1,8,30,0,0,1791030828000,0.04,1791030804000,pre-point mid,sets 0-0 games 4-3 pts 15-0,0.175617,0.615,0.565814,0.564186,0.615,0.651067,0.584444,0.0666235,True,0,True,True,True,True
"EXPLORATORY, added after seeing the all-points replay; not pre-registered; one day, 9 matches; backtest replay on real recorded book; assumed feed latency; paper only",1020|LS033,wta-kartal-wa-2026-10-01,50,1,8,30,15,1,1791030854000,0.03,1791030830000,pre-point mid,sets 0-0 games 4-3 pts 30-0,0.216652,0.655,0.566268,0.563732,0.655,0.686574,0.62762,0.0589538,True,1,True,True,True,False
"EXPLORATORY, added after seeing the all-points replay; not pre-registered; one day, 9 matches; backtest replay on real recorded book; assumed feed latency; paper only",1020|LS033,wta-kartal-wa-2026-10-01,51,1,8,40,15,0,1791030879000,0.045,1791030856000,pre-point mid,sets 0-0 games 4-3 pts 30-15,0.175457,0.635,0.567103,0.562897,0.635,0.678119,0.598282,0.0798368,True,0,True,True,True,True
"EXPLORATORY, added after seeing the all-points replay; not pre-registered; one day, 9 matches; backtest replay on real recorded book; assumed feed latency; paper only",1020|LS033,wta-kartal-wa-2026-10-01,52,1,8,G,15,0,1791030904000,0.05,1791030881000,pre-point mid,sets 0-0 games 4-3 pts 40-15,0.21635,0.675,0.56673,0.56327,0.675001,0.707606,0.646678,0.0609277,True,0,True,True,True,True
"EXPLORATORY, added after seeing the all-points replay; not pre-registered; one day, 9 matches; backtest replay on real recorded book; assumed feed latency; paper only",1020|LS033,wta-kartal-wa-2026-10-01,53,1,9,15,0,0,1791030948000,0.03,1791030906000,pre-point mid,sets 0-0 games 5-3 pts 0-0,0.736236,0.725,0.568958,0.561042,0.725,0.743177,0.704115,0.0390615,True,0,True,True,False,False
"EXPLORATORY, added after seeing the all-points replay; not pre-registered; one day, 9 matches; backtest replay on real recorded book; assumed feed latency; paper only",1020|LS033,wta-kartal-wa-2026-10-01,54,1,9,30,0,0,1791030975000,0.01,1791030950000,pre-point mid,sets 0-0 games 5-3 pts 15-0,0.783452,0.745,0.569206,0.560794,0.745,0.761652,0.725368,0.0362842,True,0,True,True,False,False
"EXPLORATORY, added after seeing the all-points replay; not pre-registered; one day, 9 matches; backtest replay on real recorded book; assumed feed latency; paper only",1020|LS033,wta-kartal-wa-2026-10-01,55,1,9,40,0,0,1791031000000,0.02,1791030977000,pre-point mid,sets 0-0 games 5-3 pts 30-0,0.824215,0.765,0.569686,0.560314,0.765,0.776776,0.75079,0.0259854,True,0,True,True,False,False
"EXPLORATORY, added after seeing the all-points replay; not pre-registered; one day, 9 matches; backtest replay on real recorded book; assumed feed latency; paper only",1020|LS033,wta-kartal-wa-2026-10-01,56,1,9,40,15,1,1791031038000,0.01,1791031002000,pre-point mid,sets 0-0 games 5-3 pts 40-0,0.858659,0.775,0.569421,0.560579,0.775,0.780107,0.768732,0.0113754,True,1,True,False,False,False
"EXPLORATORY, added after seeing the all-points replay; not pre-registered; one day, 9 matches; backtest replay on real recorded book; assumed feed latency; paper only",1020|LS033,wta-kartal-wa-2026-10-01,57,1,9,40,30,1,1791031080000,0.02,1791031040000,pre-point mid,sets 0-0 games 5-3 pts 40-15,0.823517,0.775,0.570343,0.559657,0.775001,0.786128,0.761543,0.0245856,True,1,True,True,False,False
"EXPLORATORY, added after seeing the all-points replay; not pre-registered; one day, 9 matches; backtest replay on real recorded book; assumed feed latency; paper only",1020|LS033,wta-kartal-wa-2026-10-01,58,1,9,G,30,0,1791031120000,0.03,1791031082000,pre-point mid,sets 0-0 games 5-3 pts 40-30,0.781772,0.755,0.569417,0.560583,0.755001,0.780085,0.725429,0.0546559,True,0,True,True,True,False
"EXPLORATORY, added after seeing the all-points replay; not pre-registered; one day, 9 matches; backtest replay on real recorded book; assumed feed latency; paper only",1020|LS033,wta-kartal-wa-2026-10-01,59,2,1,0,15,1,1791031276000,0.015,1791031122000,pre-point mid,sets 1-0 games 0-0 pts 0-0,0.177236,0.775,0.568649,0.561351,0.775,0.79401,0.758696,0.0353146,True,1,True,True,False,False
"EXPLORATORY, added after seeing the all-points replay; not pre-registered; one day, 9 matches; backtest replay on real recorded book; assumed feed latency; paper only",1020|LS033,wta-kartal-wa-2026-10-01,60,2,1,0,30,1,1791031302000,0.03,1791031278000,pre-point mid,sets 1-0 games 0-0 pts 0-15,0.142021,0.755,0.568114,0.561886,0.754999,0.772542,0.740261,0.0322809,True,1,True,True,False,False
"EXPLORATORY, added after seeing the all-points replay; not pre-registered; one day, 9 matches; backtest replay on real recorded book; assumed feed latency; paper only",1020|LS034,wta-bouzkov-birrell-2026-10-01,1,1,1,15,0,0,1791028003000,0.02,1791027973000,pre-point mid,sets 0-0 games 0-0 pts 0-0,0.5,0.67,0.581634,0.548366,0.67,0.686239,0.652643,0.0335964,True,0,True,True,False,False
"EXPLORATORY, added after seeing the all-points replay; not pre-registered; one day, 9 matches; backtest replay on real recorded book; assumed feed latency; paper only",1020|LS034,wta-bouzkov-birrell-2026-10-01,2,1,1,15,15,1,1791028062000,0.02,1791028005000,pre-point mid,sets 0-0 games 0-0 pts 15-0,0.562907,0.68,0.580969,0.549031,0.68,0.695252,0.663199,0.0320524,True,1,True,True,False,False
"EXPLORATORY, added after seeing the all-points replay; not pre-registered; one day, 9 matches; backtest replay on real recorded book; assumed feed latency; paper only",1020|LS034,wta-bouzkov-birrell-2026-10-01,3,1,1,30,15,0,1791028097000,0.03,1791028064000,pre-point mid,sets 0-0 games 0-0 pts 15-15,0.49569,0.665,0.581157,0.548843,0.665,0.684769,0.643958,0.0408101,True,0,True,True,True,False
"EXPLORATORY, added after seeing the all-points replay; not pre-registered; one day, 9 matches; backtest replay on real recorded book; assumed feed latency; paper only",1020|LS034,wta-bouzkov-birrell-2026-10-01,4,1,1,40,15,0,1791028132000,0.02,1791028099000,pre-point mid,sets 0-0 games 0-0 pts 30-15,0.558719,0.695,0.58226,0.54774,0.695,0.71302,0.675091,0.0379287,True,0,True,True,False,False
"EXPLORATORY, added after seeing the all-points replay; not pre-registered; one day, 9 matches; backtest replay on real recorded book; assumed feed latency; paper only",1020|LS034,wta-bouzkov-birrell-2026-10-01,5,1,1,G,15,0,1791028164000,0.01,1791028134000,pre-point mid,sets 0-0 games 0-0 pts 40-15,0.619782,0.715,0.582483,0.547517,0.714999,0.725128,0.703437,0.0216906,True,0,True,True,False,False
"EXPLORATORY, added after seeing the all-points replay; not pre-registered; one day, 9 matches; backtest replay on real recorded book; assumed feed latency; paper only",1020|LS034,wta-bouzkov-birrell-2026-10-01,6,1,2,0,15,1,1791028250000,0.02,1791028166000,pre-point mid,sets 0-0 games 1-0 pts 0-0,0.322747,0.715,0.581324,0.548676,0.715,0.732859,0.697614,0.0352456,True,1,True,True,False,False
"EXPLORATORY, added after seeing the all-points replay; not pre-registered; one day, 9 matches; backtest replay on real recorded book; assumed feed latency; paper only",1020|LS034,wta-bouzkov-birrell-2026-10-01,7,1,2,15,15,0,1791028303000,0.03,1791028252000,pre-point mid,sets 0-0 games 1-0 pts 0-15,0.26667,0.715,0.583269,0.546731,0.715001,0.731951,0.69885,0.0331004,True,0,True,True,False,False
"EXPLORATORY, added after seeing the all-points replay; not pre-registered; one day, 9 matches; backtest replay on real recorded book; assumed feed latency; paper only",1020|LS034,wta-bouzkov-birrell-2026-10-01,8,1,2,15,30,1,1791028336000,0.015,1791028305000,pre-point mid,sets 0-0 games 1-0 pts 15-15,0.318772,0.725,0.58246,0.54754,0.724999,0.745719,0.70478,0.040939,True,1,True,True,True,False
"EXPLORATORY, added after seeing the all-points replay; not pre-registered; one day, 9 matches; backtest replay on real recorded book; assumed feed latency; paper only",1020|LS034,wta-bouzkov-birrell-2026-10-01,9,1,2,15,40,1,1791028358000,0.01,1791028338000,pre-point mid,sets 0-0 games 1-0 pts 15-30,0.262992,0.695,0.581374,0.548626,0.695,0.715653,0.675506,0.0401477,True,1,True,True,True,False
"EXPLORATORY, added after seeing the all-points replay; not pre-registered; one day, 9 matches; backtest replay on real recorded book; assumed feed latency; paper only",1020|LS034,wta-bouzkov-birrell-2026-10-01,10,1,2,15,G,1,1791028381000,0.01,1791028360000,pre-point mid,sets 0-0 games 1-0 pts 15-40,0.214011,0.685,0.582402,0.547598,0.684999,0.698014,0.672975,0.0250391,True,1,True,True,False,False
"EXPLORATORY, added after seeing the all-points replay; not pre-registered; one day, 9 matches; backtest replay on real recorded book; assumed feed latency; paper only",1020|LS034,wta-bouzkov-birrell-2026-10-01,11,1,3,0,15,1,1791028434000,0.025,1791028383000,pre-point mid,sets 0-0 games 1-1 pts 0-0,0.82806,0.675,0.58262,0.54738,0.675,0.691372,0.65414,0.0372325,True,1,True,True,False,False
"EXPLORATORY, added after seeing the all-points replay; not pre-registered; one day, 9 matches; backtest replay on real recorded book; assumed feed latency; paper only",1020|LS034,wta-bouzkov-birrell-2026-10-01,12,1,3,15,15,0,1791028461000,0.01,1791028436000,pre-point mid,sets 0-0 games 1-1 pts 0-15,0.785968,0.635,0.580618,0.549382,0.635,0.654472,0.61093,0.0435424,True,0,True,True,True,False
"EXPLORATORY, added after seeing the all-points replay; not pre-registered; one day, 9 matches; backtest replay on real recorded book; assumed feed latency; paper only",1020|LS034,wta-bouzkov-birrell-2026-10-01,13,1,3,15,30,1,1791028499000,0.03,1791028463000,pre-point mid,sets 0-0 games 1-1 pts 15-15,0.825529,0.655,0.580674,0.549326,0.655,0.67552,0.629096,0.0464239,True,1,True,True,True,False
"EXPLORATORY, added after seeing the all-points replay; not pre-registered; one day, 9 matches; backtest replay on real recorded book; assumed feed latency; paper only",1020|LS034,wta-bouzkov-birrell-2026-10-01,14,1,3,15,40,1,1791028530000,0.055,1791028501000,pre-point mid,sets 0-0 games 1-1 pts 15-30,0.783168,0.625,0.580251,0.549749,0.625,0.649188,0.595189,0.0539989,True,1,True,True,True,False
"EXPLORATORY, added after seeing the all-points replay; not pre-registered; one day, 9 matches; backtest replay on real recorded book; assumed feed latency; paper only",1020|LS034,wta-bouzkov-birrell-2026-10-01,15,1,3,30,40,0,1791028557000,0.02,1791028532000,pre-point mid,sets 0-0 games 1-1 pts 15-40,0.733884,0.585,0.579219,0.550781,0.585,0.603766,0.562557,0.041209,True,0,True,True,True,False
"EXPLORATORY, added after seeing the all-points replay; not pre-registered; one day, 9 matches; backtest replay on real recorded book; assumed feed latency; paper only",1020|LS034,wta-bouzkov-birrell-2026-10-01,16,1,3,40,40,0,1791028593000,0.035,1791028559000,pre-point mid,sets 0-0 games 1-1 pts 30-40,0.780501,0.595,0.578328,0.551672,0.595,0.630812,0.551266,0.0795458,True,0,True,True,True,True
"EXPLORATORY, added after seeing the all-points replay; not pre-registered; one day, 9 matches; backtest replay on real recorded book; assumed feed latency; paper only",1020|LS034,wta-bouzkov-birrell-2026-10-01,17,1,3,40,A,1,1791028624000,0.04,1791028595000,pre-point mid,sets 0-0 games 1-1 pts 40-40,0.82101,0.64,0.579284,0.550716,0.64,0.668386,0.604451,0.0639348,True,1,True,True,True,True
"EXPLORATORY, added after seeing the all-points replay; not pre-registered; one day, 9 matches; backtest replay on real recorded book; assumed feed latency; paper only",1020|LS034,wta-bouzkov-birrell-2026-10-01,18,1,3,40,G,1,1791028665000,0.06,1791028626000,pre-point mid,sets 0-0 games 1-1 pts 40-A,0.777981,0.605,0.57934,0.55066,0.605,0.640554,0.561462,0.0790921,True,1,True,True,True,True
"EXPLORATORY, added after seeing the all-points replay; not pre-registered; one day, 9 matches; backtest replay on real recorded book; assumed feed latency; paper only",1020|LS034,wta-bouzkov-birrell-2026-10-01,19,1,4,0,15,1,1791028800000,0.015,1791028667000,pre-point mid,sets 0-0 games 1-2 pts 0-0,0.27197,0.545,0.577685,0.552315,0.545,0.569489,0.522118,0.0473711,True,1,True,True,True,False
"EXPLORATORY, added after seeing the all-points replay; not pre-registered; one day, 9 matches; backtest replay on real recorded book; assumed feed latency; paper only",1020|LS034,wta-bouzkov-birrell-2026-10-01,20,1,4,15,15,0,1791028824000,0.035,1791028802000,pre-point mid,sets 0-0 games 1-2 pts 0-15,0.222178,0.51,0.57647,0.55353,0.51,0.533423,0.488778,0.0446445,True,0,True,True,True,False
"EXPLORATORY, added after seeing the all-points replay; not pre-registered; one day, 9 matches; backtest replay on real recorded book; assumed feed latency; paper only",1020|LS034,wta-bouzkov-birrell-2026-10-01,21,1,4,15,30,1,1791028848000,0.035,1791028826000,pre-point mid,sets 0-0 games 1-2 pts 15-15,0.26944,0.535,0.576628,0.553372,0.535,0.56415,0.507913,0.0562375,True,1,True,True,True,False
"EXPLORATORY, added after seeing the all-points replay; not pre-registered; one day, 9 matches; backtest replay on real recorded book; assumed feed latency; paper only",1020|LS034,wta-bouzkov-birrell-2026-10-01,22,1,4,15,40,1,1791028880000,0.02,1791028850000,pre-point mid,sets 0-0 games 1-2 pts 15-30,0.220072,0.505,0.576336,0.553664,0.505,0.532674,0.479967,0.0527071,True,1,True,True,True,False
"EXPLORATORY, added after seeing the all-points replay; not pre-registered; one day, 9 matches; backtest replay on real recorded book; assumed feed latency; paper only",1020|LS034,wta-bouzkov-birrell-2026-10-01,23,1,4,30,40,0,1791028909000,0.025,1791028882000,pre-point mid,sets 0-0 games 1-2 pts 15-40,0.177575,0.485,0.576847,0.553153,0.485,0.502078,0.46986,0.0322187,True,0,True,True,False,False
"EXPLORATORY, added after seeing the all-points replay; not pre-registered; one day, 9 matches; backtest replay on real recorded book; assumed feed latency; paper only",1020|LS034,wta-bouzkov-birrell-2026-10-01,24,1,4,30,G,1,1791028942000,0.035,1791028911000,pre-point mid,sets 0-0 games 1-2 pts 30-40,0.217976,0.495,0.576132,0.553868,0.495,0.530558,0.462897,0.0676617,True,1,True,True,True,True
"EXPLORATORY, added after seeing the all-points replay; not pre-registered; one day, 9 matches; backtest replay on real recorded book; assumed feed latency; paper only",1020|LS034,wta-bouzkov-birrell-2026-10-01,25,1,5,15,0,0,1791028998000,0.02,1791028944000,pre-point mid,sets 0-0 games 1-3 pts 0-0,0.824191,0.465,0.576348,0.553652,0.465,0.480468,0.445825,0.0346432,True,0,True,True,False,False
"EXPLORATORY, added after seeing the all-points replay; not pre-registered; one day, 9 matches; backtest replay on real recorded book; assumed feed latency; paper only",1020|LS034,wta-bouzkov-birrell-2026-10-01,26,1,5,30,0,0,1791029048000,0.02,1791029000000,pre-point mid,sets 0-0 games 1-3 pts 15-0,0.858224,0.475,0.575788,0.554212,0.475,0.488327,0.458219,0.0301078,True,0,True,True,False,False
"EXPLORATORY, added after seeing the all-points replay; not pre-registered; one day, 9 matches; backtest replay on real recorded book; assumed feed latency; paper only",1020|LS034,wta-bouzkov-birrell-2026-10-01,27,1,5,30,15,1,1791029080000,0.025,1791029050000,pre-point mid,sets 0-0 games 1-3 pts 30-0,0.886604,0.505,0.577495,0.552505,0.505,0.513795,0.49368,0.0201146,True,1,True,True,False,False
"EXPLORATORY, added after seeing the all-points replay; not pre-registered; one day, 9 matches; backtest replay on real recorded book; assumed feed latency; paper only",1020|LS034,wta-bouzkov-birrell-2026-10-01,28,1,5,40,15,0,1791029110000,0.015,1791029082000,pre-point mid,sets 0-0 games 1-3 pts 30-15,0.856713,0.495,0.57763,0.55237,0.495,0.511023,0.47469,0.0363332,True,0,True,True,False,False
"EXPLORATORY, added after seeing the all-points replay; not pre-registered; one day, 9 matches; backtest replay on real recorded book; assumed feed latency; paper only",1020|LS034,wta-bouzkov-birrell-2026-10-01,29,1,5,G,15,0,1791029140000,0.02,1791029112000,pre-point mid,sets 0-0 games 1-3 pts 40-15,0.885261,0.505,0.577012,0.552988,0.505,0.513304,0.49434,0.0189639,True,0,True,False,False,False
"EXPLORATORY, added after seeing the all-points replay; not pre-registered; one day, 9 matches; backtest replay on real recorded book; assumed feed latency; paper only",1020|LS034,wta-bouzkov-birrell-2026-10-01,30,1,6,0,15,1,1791029280000,0.02,1791029142000,pre-point mid,sets 0-0 games 2-3 pts 0-0,0.0912475,0.525,0.578217,0.551783,0.525001,0.553073,0.50108,0.0519927,True,1,True,True,True,False
"EXPLORATORY, added after seeing the all-points replay; not pre-registered; one day, 9 matches; backtest replay on real recorded book; assumed feed latency; paper only",1020|LS034,wta-bouzkov-birrell-2026-10-01,31,1,6,0,30,1,1791029306000,0.025,1791029282000,pre-point mid,sets 0-0 games 2-3 pts 0-15,0.071282,0.505,0.578623,0.551377,0.505,0.530486,0.483473,0.047013,True,1,True,True,True,False
"EXPLORATORY, added after seeing the all-points replay; not pre-registered; one day, 9 matches; backtest replay on real recorded book; assumed feed latency; paper only",1020|LS034,wta-bouzkov-birrell-2026-10-01,32,1,6,0,40,1,1791029337000,0.025,1791029308000,pre-point mid,sets 0-0 games 2-3 pts 0-30,0.0554068,0.485,0.578783,0.551217,0.484999,0.503295,0.469664,0.0336302,True,1,True,True,False,False
"EXPLORATORY, added after seeing the all-points replay; not pre-registered; one day, 9 matches; backtest replay on real recorded book; assumed feed latency; paper only",1020|LS034,wta-bouzkov-birrell-2026-10-01,33,1,6,0,G,1,1791029366000,0.03,1791029339000,pre-point mid,sets 0-0 games 2-3 pts 0-40,0.0429002,0.465,0.57829,0.55171,0.465,0.473014,0.458339,0.014675,True,1,True,False,False,False
"EXPLORATORY, added after seeing the all-points replay; not pre-registered; one day, 9 matches; backtest replay on real recorded book; assumed feed latency; paper only",1020|LS034,wta-bouzkov-birrell-2026-10-01,34,1,7,0,15,1,1791029411000,0.035,1791029368000,pre-point mid,sets 0-0 games 2-4 pts 0-0,0.966874,0.445,0.576867,0.553133,0.445,0.4594,0.425711,0.0336888,True,1,True,True,False,False
"EXPLORATORY, added after seeing the all-points replay; not pre-registered; one day, 9 matches; backtest replay on real recorded book; assumed feed latency; paper only",1020|LS034,wta-bouzkov-birrell-2026-10-01,35,1,7,15,15,0,1791029443000,0.035,1791029413000,pre-point mid,sets 0-0 games 2-4 pts 0-15,0.957132,0.415,0.575704,0.554296,0.415,0.432262,0.392105,0.0401566,True,0,True,True,True,False
"EXPLORATORY, added after seeing the all-points replay; not pre-registered; one day, 9 matches; backtest replay on real recorded book; assumed feed latency; paper only",1020|LS034,wta-bouzkov-birrell-2026-10-01,36,1,7,30,15,0,1791029466000,0.025,1791029445000,pre-point mid,sets 0-0 games 2-4 pts 15-15,0.966488,0.435,0.575999,0.554001,0.435,0.452608,0.411503,0.0411049,True,0,True,True,True,False
"EXPLORATORY, added after seeing the all-points replay; not pre-registered; one day, 9 matches; backtest replay on real recorded book; assumed feed latency; paper only",1020|LS034,wta-bouzkov-birrell-2026-10-01,37,1,7,40,15,0,1791029495000,0.02,1791029468000,pre-point mid,sets 0-0 games 2-4 pts 30-15,0.973854,0.455,0.576254,0.553746,0.455,0.469581,0.435445,0.0341351,True,0,True,True,False,False
"EXPLORATORY, added after seeing the all-points replay; not pre-registered; one day, 9 matches; backtest replay on real recorded book; assumed feed latency; paper only",1020|LS034,wta-bouzkov-birrell-2026-10-01,38,1,7,G,15,0,1791029521000,0.01,1791029497000,pre-point mid,sets 0-0 games 2-4 pts 40-15,0.979632,0.465,0.575766,0.554234,0.465001,0.47252,0.454907,0.0176132,True,0,True,False,False,False
"EXPLORATORY, added after seeing the all-points replay; not pre-registered; one day, 9 matches; backtest replay on real recorded book; assumed feed latency; paper only",1020|LS034,wta-bouzkov-birrell-2026-10-01,39,1,8,15,0,0,1791029659000,0.065,1791029523000,pre-point mid,sets 0-0 games 3-4 pts 0-0,0.015842,0.485,0.577098,0.552902,0.485,0.518449,0.457726,0.0607226,True,0,True,True,True,True
"EXPLORATORY, added after seeing the all-points replay; not pre-registered; one day, 9 matches; backtest replay on real recorded book; assumed feed latency; paper only",1020|LS034,wta-bouzkov-birrell-2026-10-01,40,1,8,15,15,1,1791029692000,0.055,1791029661000,pre-point mid,sets 0-0 games 3-4 pts 15-0,0.0203546,0.525,0.577796,0.552204,0.525,0.562864,0.493966,0.0688977,True,1,True,True,True,True
"EXPLORATORY, added after seeing the all-points replay; not pre-registered; one day, 9 matches; backtest replay on real recorded book; assumed feed latency; paper only",1020|LS034,wta-bouzkov-birrell-2026-10-01,41,1,8,30,15,0,1791029721000,0.04,1791029694000,pre-point mid,sets 0-0 games 3-4 pts 15-15,0.0156376,0.505,0.578979,0.551021,0.505,0.545455,0.471765,0.0736896,True,0,True,True,True,True
"EXPLORATORY, added after seeing the all-points replay; not pre-registered; one day, 9 matches; backtest replay on real recorded book; assumed feed latency; paper only",1020|LS034,wta-bouzkov-birrell-2026-10-01,42,1,8,30,30,1,1791029744000,0.02,1791029723000,pre-point mid,sets 0-0 games 3-4 pts 30-15,0.0200745,0.535,0.577854,0.552146,0.535,0.581428,0.496942,0.0844858,True,1,True,True,True,True
"EXPLORATORY, added after seeing the all-points replay; not pre-registered; one day, 9 matches; backtest replay on real recorded book; assumed feed latency; paper only",1020|LS034,wta-bouzkov-birrell-2026-10-01,43,1,8,40,30,0,1791029790000,0.035,1791029746000,pre-point mid,sets 0-0 games 3-4 pts 30-30,0.015421,0.505,0.578722,0.551278,0.505,0.559425,0.460339,0.099086,True,0,True,True,True,True
"EXPLORATORY, added after seeing the all-points replay; not pre-registered; one day, 9 matches; backtest replay on real recorded book; assumed feed latency; paper only",1020|LS034,wta-bouzkov-birrell-2026-10-01,44,1,8,40,40,1,1791029819000,0.05,1791029792000,pre-point mid,sets 0-0 games 3-4 pts 40-30,0.0198002,0.565,0.579328,0.550672,0.565,0.630959,0.510617,0.120342,True,1,True,True,True,True
"EXPLORATORY, added after seeing the all-points replay; not pre-registered; one day, 9 matches; backtest replay on real recorded book; assumed feed latency; paper only",1020|LS034,wta-bouzkov-birrell-2026-10-01,45,1,8,A,40,0,1791029865000,0.025,1791029821000,pre-point mid,sets 0-0 games 3-4 pts 40-40,0.0151969,0.515,0.579801,0.550199,0.515,0.569323,0.470235,0.0990879,True,0,True,True,True,True
"EXPLORATORY, added after seeing the all-points replay; not pre-registered; one day, 9 matches; backtest replay on real recorded book; assumed feed latency; paper only",1020|LS034,wta-bouzkov-birrell-2026-10-01,46,1,8,G,40,0,1791029911000,0.075,1791029867000,pre-point mid,sets 0-0 games 3-4 pts A-40,0.0195034,0.565,0.579329,0.550671,0.565,0.63097,0.510617,0.120353,True,0,True,True,True,True
"EXPLORATORY, added after seeing the all-points replay; not pre-registered; one day, 9 matches; backtest replay on real recorded book; assumed feed latency; paper only",1020|LS034,wta-bouzkov-birrell-2026-10-01,47,1,9,15,0,0,1791029982000,0.03,1791029913000,pre-point mid,sets 0-0 games 4-4 pts 0-0,0.974995,0.645,0.580935,0.549065,0.645,0.674057,0.605253,0.0688038,True,0,True,True,True,True
"EXPLORATORY, added after seeing the all-points replay; not pre-registered; one day, 9 matches; backtest replay on real recorded book; assumed feed latency; paper only",1020|LS034,wta-bouzkov-birrell-2026-10-01,48,1,9,15,15,1,1791030016000,0.045,1791029984000,pre-point mid,sets 0-0 games 4-4 pts 15-0,0.980481,0.67,0.580452,0.549548,0.67,0.694444,0.636532,0.0579117,True,1,True,True,True,False
"EXPLORATORY, added after seeing the all-points replay; not pre-registered; one day, 9 matches; backtest replay on real recorded book; assumed feed latency; paper only",1020|LS034,wta-bouzkov-birrell-2026-10-01,49,1,9,15,30,1,1791030057000,0.05,1791030018000,pre-point mid,sets 0-0 games 4-4 pts 15-15,0.974587,0.645,0.581431,0.548569,0.645,0.680587,0.596233,0.0843536,True,1,True,True,True,True
"EXPLORATORY, added after seeing the all-points replay; not pre-registered; one day, 9 matches; backtest replay on real recorded book; assumed feed latency; paper only",1020|LS034,wta-bouzkov-birrell-2026-10-01,50,1,9,30,30,0,1791030099000,0.05,1791030059000,pre-point mid,sets 0-0 games 4-4 pts 15-30,0.966955,0.595,0.581292,0.548708,0.595,0.639402,0.534434,0.104968,True,0,True,True,True,True
"EXPLORATORY, added after seeing the all-points replay; not pre-registered; one day, 9 matches; backtest replay on real recorded book; assumed feed latency; paper only",1020|LS034,wta-bouzkov-birrell-2026-10-01,51,1,9,40,30,0,1791030126000,0.04,1791030101000,pre-point mid,sets 0-0 games 4-4 pts 30-30,0.974154,0.625,0.57963,0.55037,0.625,0.674453,0.557744,0.11671,True,0,True,True,True,True
"EXPLORATORY, added after seeing the all-points replay; not pre-registered; one day, 9 matches; backtest replay on real recorded book; assumed feed latency; paper only",1020|LS034,wta-bouzkov-birrell-2026-10-01,52,1,9,G,30,0,1791030155000,0.02,1791030128000,pre-point mid,sets 0-0 games 4-4 pts 40-30,0.979834,0.685,0.580906,0.549094,0.685,0.720674,0.636082,0.084592,True,0,True,True,True,True
"EXPLORATORY, added after seeing the all-points replay; not pre-registered; one day, 9 matches; backtest replay on real recorded book; assumed feed latency; paper only",1020|LS034,wta-bouzkov-birrell-2026-10-01,53,1,10,0,15,1,1791030288000,0.025,1791030157000,pre-point mid,sets 0-0 games 5-4 pts 0-0,0.015724,0.715,0.580177,0.549823,0.715,0.74968,0.68637,0.0633093,True,1,True,True,True,True
"EXPLORATORY, added after seeing the all-points replay; not pre-registered; one day, 9 matches; backtest replay on real recorded book; assumed feed latency; paper only",1020|LS034,wta-bouzkov-birrell-2026-10-01,54,1,10,15,15,0,1791030318000,0.03,1791030290000,pre-point mid,sets 0-0 games 5-4 pts 0-15,0.012051,0.675,0.578792,0.551208,0.675,0.706583,0.649122,0.0574604,True,0,True,True,True,False
"EXPLORATORY, added after seeing the all-points replay; not pre-registered; one day, 9 matches; backtest replay on real recorded book; assumed feed latency; paper only",1020|LS034,wta-bouzkov-birrell-2026-10-01,55,1,10,30,15,0,1791030379000,0.045,1791030320000,pre-point mid,sets 0-0 games 5-4 pts 15-15,0.0154878,0.705,0.578591,0.551409,0.705,0.747994,0.669737,0.0782563,True,0,True,True,True,True
"EXPLORATORY, added after seeing the all-points replay; not pre-registered; one day, 9 matches; backtest replay on real recorded book; assumed feed latency; paper only",1020|LS034,wta-bouzkov-birrell-2026-10-01,56,1,10,40,15,0,1791030440000,0.035,1791030381000,pre-point mid,sets 0-0 games 5-4 pts 30-15,0.0198868,0.745,0.57818,0.55182,0.745,0.794552,0.704332,0.0902206,True,0,True,True,True,True
"EXPLORATORY, added after seeing the all-points replay; not pre-registered; one day, 9 matches; backtest replay on real recorded book; assumed feed latency; paper only",1020|LS034,wta-bouzkov-birrell-2026-10-01,57,1,10,G,15,0,1791030479000,0.04,1791030442000,pre-point mid,sets 0-0 games 5-4 pts 40-15,0.025508,0.795,0.578249,0.551751,0.795,0.833849,0.763013,0.0708363,True,0,True,True,True,True
"EXPLORATORY, added after seeing the all-points replay; not pre-registered; one day, 9 matches; backtest replay on real recorded book; assumed feed latency; paper only",1020|LS034,wta-bouzkov-birrell-2026-10-01,58,2,1,15,0,0,1791030641000,0.02,1791030481000,pre-point mid,sets 1-0 games 0-0 pts 0-0,0.967336,0.845,0.580291,0.549709,0.845,0.857042,0.828638,0.0284036,True,0,True,True,False,False
"EXPLORATORY, added after seeing the all-points replay; not pre-registered; one day, 9 matches; backtest replay on real recorded book; assumed feed latency; paper only",1020|LS034,wta-bouzkov-birrell-2026-10-01,59,2,1,30,0,0,1791030671000,0,1791030643000,pre-point mid,sets 1-0 games 0-0 pts 15-0,0.974467,0.855,0.579888,0.550112,0.855,0.865206,0.841104,0.0241021,True,0,True,True,False,False
"EXPLORATORY, added after seeing the all-points replay; not pre-registered; one day, 9 matches; backtest replay on real recorded book; assumed feed latency; paper only",1020|LS034,wta-bouzkov-birrell-2026-10-01,60,2,1,40,0,0,1791030698000,0.02,1791030673000,pre-point mid,sets 1-0 games 0-0 pts 30-0,0.980077,0.865,0.579846,0.550154,0.865,0.871711,0.855836,0.0158751,True,0,True,False,False,False
"EXPLORATORY, added after seeing the all-points replay; not pre-registered; one day, 9 matches; backtest replay on real recorded book; assumed feed latency; paper only",1020|LS034,wta-bouzkov-birrell-2026-10-01,61,2,1,40,15,1,1791030734000,0.01,1791030700000,pre-point mid,sets 1-0 games 0-0 pts 40-0,0.984474,0.875,0.580562,0.549438,0.875,0.877553,0.871496,0.00605631,True,1,True,False,False,False
"EXPLORATORY, added after seeing the all-points replay; not pre-registered; one day, 9 matches; backtest replay on real recorded book; assumed feed latency; paper only",1020|LS034,wta-bouzkov-birrell-2026-10-01,62,2,1,G,15,0,1791030765000,0.01,1791030736000,pre-point mid,sets 1-0 games 0-0 pts 40-15,0.979759,0.885,0.583575,0.546425,0.885,0.890616,0.877214,0.0134022,True,0,True,False,False,False
"EXPLORATORY, added after seeing the all-points replay; not pre-registered; one day, 9 matches; backtest replay on real recorded book; assumed feed latency; paper only",1020|LS034,wta-bouzkov-birrell-2026-10-01,63,2,2,15,0,0,1791030835000,0.02,1791030767000,pre-point mid,sets 1-0 games 1-0 pts 0-0,0.015803,0.885,0.58224,0.54776,0.885,0.899224,0.873158,0.0260661,True,0,False,True,False,False
"EXPLORATORY, added after seeing the all-points replay; not pre-registered; one day, 9 matches; backtest replay on real recorded book; assumed feed latency; paper only",1020|LS034,wta-bouzkov-birrell-2026-10-01,64,2,2,15,15,1,1791030886000,0.01,1791030837000,pre-point mid,sets 1-0 games 1-0 pts 15-0,0.0202536,0.9,0.58244,0.54756,0.9,0.915821,0.886788,0.0290334,True,1,True,True,False,False
"EXPLORATORY, added after seeing the all-points replay; not pre-registered; one day, 9 matches; backtest replay on real recorded book; assumed feed latency; paper only",1020|LS034,wta-bouzkov-birrell-2026-10-01,65,2,2,15,30,1,1791030920000,0.02,1791030888000,pre-point mid,sets 1-0 games 1-0 pts 15-15,0.0155197,0.895,0.58444,0.54556,0.895,0.91114,0.881446,0.0296949,True,1,True,True,False,False
"EXPLORATORY, added after seeing the all-points replay; not pre-registered; one day, 9 matches; backtest replay on real recorded book; assumed feed latency; paper only",1020|LS034,wta-bouzkov-birrell-2026-10-01,66,2,2,30,30,0,1791030959000,0.02,1791030922000,pre-point mid,sets 1-0 games 1-0 pts 15-30,0.0118654,0.875,0.582982,0.547018,0.875,0.889973,0.862523,0.02745,True,0,True,True,False,False
"EXPLORATORY, added after seeing the all-points replay; not pre-registered; one day, 9 matches; backtest replay on real recorded book; assumed feed latency; paper only",1020|LS034,wta-bouzkov-birrell-2026-10-01,67,2,2,40,30,0,1791031004000,0.025,1791030961000,pre-point mid,sets 1-0 games 1-0 pts 30-30,0.0152188,0.895,0.584225,0.545775,0.895,0.916801,0.876711,0.0400899,True,0,True,True,True,False
"EXPLORATORY, added after seeing the all-points replay; not pre-registered; one day, 9 matches; backtest replay on real recorded book; assumed feed latency; paper only",1020|LS034,wta-bouzkov-birrell-2026-10-01,68,2,2,G,30,0,1791031047000,0.035,1791031006000,pre-point mid,sets 1-0 games 1-0 pts 40-30,0.0194896,0.915,0.583689,0.546311,0.915,0.941404,0.892847,0.0485574,True,0,True,True,True,False
"EXPLORATORY, added after seeing the all-points replay; not pre-registered; one day, 9 matches; backtest replay on real recorded book; assumed feed latency; paper only",1020|LS034,wta-bouzkov-birrell-2026-10-01,69,2,3,15,0,0,1791031111000,0.01,1791031049000,pre-point mid,sets 1-0 games 2-0 pts 0-0,0.975065,0.945,0.585157,0.544843,0.945,0.95303,0.933823,0.0192074,True,0,True,False,False,False
"EXPLORATORY, added after seeing the all-points replay; not pre-registered; one day, 9 matches; backtest replay on real recorded book; assumed feed latency; paper only",1020|LS034,wta-bouzkov-birrell-2026-10-01,70,2,3,15,15,1,1791031148000,0.01,1791031113000,pre-point mid,sets 1-0 games 2-0 pts 15-0,0.980497,0.945,0.581547,0.548453,0.945,0.952657,0.934469,0.0181886,True,1,True,False,False,False
"EXPLORATORY, added after seeing the all-points replay; not pre-registered; one day, 9 matches; backtest replay on real recorded book; assumed feed latency; paper only",1020|LS034,wta-bouzkov-birrell-2026-10-01,71,2,3,30,15,0,1791031185000,0.01,1791031150000,pre-point mid,sets 1-0 games 2-0 pts 15-15,0.974592,0.935,0.581743,0.548257,0.935,0.9462,0.919632,0.0265684,True,0,True,True,False,False
"EXPLORATORY, added after seeing the all-points replay; not pre-registered; one day, 9 matches; backtest replay on real recorded book; assumed feed latency; paper only",1020|LS034,wta-bouzkov-birrell-2026-10-01,72,2,3,30,30,1,1791031216000,0.01,1791031187000,pre-point mid,sets 1-0 games 2-0 pts 30-15,0.980157,0.945,0.581227,0.548773,0.945,0.954335,0.932181,0.0221541,True,1,True,True,False,False
"EXPLORATORY, added after seeing the all-points replay; not pre-registered; one day, 9 matches; backtest replay on real recorded book; assumed feed latency; paper only",1020|LS034,wta-bouzkov-birrell-2026-10-01,73,2,3,30,40,1,1791031271000,0.02,1791031218000,pre-point mid,sets 1-0 games 2-0 pts 30-30,0.974156,0.935,0.582261,0.547739,0.935,0.950058,0.914299,0.0357598,True,1,True,True,False,False
"EXPLORATORY, added after seeing the all-points replay; not pre-registered; one day, 9 matches; backtest replay on real recorded book; assumed feed latency; paper only",1020|LS034,wta-bouzkov-birrell-2026-10-01,74,2,3,40,40,0,1791031308000,0.02,1791031273000,pre-point mid,sets 1-0 games 2-0 pts 30-40,0.966384,0.915,0.582473,0.547527,0.915,0.935569,0.886815,0.0487548,True,0,True,True,True,False
"EXPLORATORY, added after seeing the all-points replay; not pre-registered; one day, 9 matches; backtest replay on real recorded book; assumed feed latency; paper only",1020|LS035,wta-zhen-kalinsk-2026-10-01,1,1,1,15,0,0,1791015031000,,1791015001000,no price yet,sets 0-0 games 0-0 pts 0-0,0.5,,0.565,0.565,0.5,0.518503,0.481497,,True,0,False,False,False,False
"EXPLORATORY, added after seeing the all-points replay; not pre-registered; one day, 9 matches; backtest replay on real recorded book; assumed feed latency; paper only",1020|LS035,wta-zhen-kalinsk-2026-10-01,2,1,1,15,15,1,1791015065000,,1791015033000,no price yet,sets 0-0 games 0-0 pts 15-0,0.565,,0.565,0.565,0.518503,0.536392,0.5,,True,1,False,False,False,False
"EXPLORATORY, added after seeing the all-points replay; not pre-registered; one day, 9 matches; backtest replay on real recorded book; assumed feed latency; paper only",1020|LS035,wta-zhen-kalinsk-2026-10-01,3,1,1,15,30,1,1791015123000,,1791015067000,no price yet,sets 0-0 games 0-0 pts 15-15,0.5,,0.565,0.565,0.5,0.522331,0.477669,,True,1,False,False,False,False
"EXPLORATORY, added after seeing the all-points replay; not pre-registered; one day, 9 matches; backtest replay on real recorded book; assumed feed latency; paper only",1020|LS035,wta-zhen-kalinsk-2026-10-01,4,1,1,30,30,0,1791015150000,,1791015125000,no price yet,sets 0-0 games 0-0 pts 15-30,0.435,,0.565,0.565,0.477669,0.5,0.45608,,True,0,False,False,False,False
"EXPLORATORY, added after seeing the all-points replay; not pre-registered; one day, 9 matches; backtest replay on real recorded book; assumed feed latency; paper only",1020|LS035,wta-zhen-kalinsk-2026-10-01,5,1,1,40,30,0,1791015175000,,1791015152000,no price yet,sets 0-0 games 0-0 pts 30-30,0.5,,0.565,0.565,0.5,0.530119,0.469881,,True,0,False,False,False,False
"EXPLORATORY, added after seeing the all-points replay; not pre-registered; one day, 9 matches; backtest replay on real recorded book; assumed feed latency; paper only",1020|LS035,wta-zhen-kalinsk-2026-10-01,6,1,1,40,40,1,1791015201000,,1791015177000,no price yet,sets 0-0 games 0-0 pts 40-30,0.565,,0.565,0.565,0.530119,0.559237,0.5,,True,1,False,False,False,False
"EXPLORATORY, added after seeing the all-points replay; not pre-registered; one day, 9 matches; backtest replay on real recorded book; assumed feed latency; paper only",1020|LS035,wta-zhen-kalinsk-2026-10-01,7,1,1,A,40,0,1791015239000,,1791015203000,no price yet,sets 0-0 games 0-0 pts 40-40,0.5,,0.565,0.565,0.5,0.530119,0.469881,,True,0,False,False,False,False
"EXPLORATORY, added after seeing the all-points replay; not pre-registered; one day, 9 matches; backtest replay on real recorded book; assumed feed latency; paper only",1020|LS035,wta-zhen-kalinsk-2026-10-01,8,1,1,G,40,0,1791015293000,,1791015241000,no price yet,sets 0-0 games 0-0 pts A-40,0.565,,0.565,0.565,0.530119,0.559237,0.5,,True,0,False,False,False,False
"EXPLORATORY, added after seeing the all-points replay; not pre-registered; one day, 9 matches; backtest replay on real recorded book; assumed feed latency; paper only",1020|LS035,wta-zhen-kalinsk-2026-10-01,9,1,2,15,0,0,1791015390000,,1791015295000,no price yet,sets 0-0 games 1-0 pts 0-0,0.37216,,0.565,0.565,0.559237,0.580944,0.538926,,True,0,False,False,False,False
"EXPLORATORY, added after seeing the all-points replay; not pre-registered; one day, 9 matches; backtest replay on real recorded book; assumed feed latency; paper only",1020|LS035,wta-zhen-kalinsk-2026-10-01,10,1,2,15,15,1,1791015419000,,1791015392000,no price yet,sets 0-0 games 1-0 pts 15-0,0.435,,0.565,0.565,0.580944,0.60288,0.559737,,True,1,False,False,False,False
"EXPLORATORY, added after seeing the all-points replay; not pre-registered; one day, 9 matches; backtest replay on real recorded book; assumed feed latency; paper only",1020|LS035,wta-zhen-kalinsk-2026-10-01,11,1,2,30,15,0,1791015452000,,1791015421000,no price yet,sets 0-0 games 1-0 pts 15-15,0.37216,,0.565,0.565,0.559737,0.585421,0.535706,,True,0,False,False,False,False
"EXPLORATORY, added after seeing the all-points replay; not pre-registered; one day, 9 matches; backtest replay on real recorded book; assumed feed latency; paper only",1020|LS035,wta-zhen-kalinsk-2026-10-01,12,1,2,30,30,1,1791015509000,,1791015454000,no price yet,sets 0-0 games 1-0 pts 30-15,0.435,,0.565,0.565,0.585421,0.611461,0.560246,,True,1,False,False,False,False
"EXPLORATORY, added after seeing the all-points replay; not pre-registered; one day, 9 matches; backtest replay on real recorded book; assumed feed latency; paper only",1020|LS035,wta-zhen-kalinsk-2026-10-01,13,1,2,30,40,1,1791015541000,,1791015511000,no price yet,sets 0-0 games 1-0 pts 30-30,0.37216,,0.565,0.565,0.560246,0.594003,0.528661,,True,1,False,False,False,False
"EXPLORATORY, added after seeing the all-points replay; not pre-registered; one day, 9 matches; backtest replay on real recorded book; assumed feed latency; paper only",1020|LS035,wta-zhen-kalinsk-2026-10-01,14,1,2,40,40,0,1791015565000,,1791015543000,no price yet,sets 0-0 games 1-0 pts 30-40,0.313364,,0.565,0.565,0.528661,0.560246,0.5,,True,0,False,False,False,False
"EXPLORATORY, added after seeing the all-points replay; not pre-registered; one day, 9 matches; backtest replay on real recorded book; assumed feed latency; paper only",1020|LS035,wta-zhen-kalinsk-2026-10-01,15,1,2,40,A,1,1791015601000,,1791015567000,no price yet,sets 0-0 games 1-0 pts 40-40,0.37216,,0.565,0.565,0.560246,0.594003,0.528661,,True,1,False,False,False,False
"EXPLORATORY, added after seeing the all-points replay; not pre-registered; one day, 9 matches; backtest replay on real recorded book; assumed feed latency; paper only",1020|LS035,wta-zhen-kalinsk-2026-10-01,16,1,2,40,40,1,1791015647000,,1791015603000,no price yet,sets 0-0 games 1-0 pts 40-A,0.313364,,0.565,0.565,0.528661,0.560246,0.5,,True,0,False,False,False,False
"EXPLORATORY, added after seeing the all-points replay; not pre-registered; one day, 9 matches; backtest replay on real recorded book; assumed feed latency; paper only",1020|LS035,wta-zhen-kalinsk-2026-10-01,17,1,2,40,A,1,1791015678000,,1791015649000,no price yet,sets 0-0 games 1-0 pts 40-40,0.37216,,0.565,0.565,0.560246,0.594003,0.528661,,True,1,False,False,False,False
"EXPLORATORY, added after seeing the all-points replay; not pre-registered; one day, 9 matches; backtest replay on real recorded book; assumed feed latency; paper only",1020|LS035,wta-zhen-kalinsk-2026-10-01,18,1,2,40,G,1,1791015703000,,1791015680000,no price yet,sets 0-0 games 1-0 pts 40-A,0.313364,,0.565,0.565,0.528661,0.560246,0.5,,True,1,False,False,False,False
"EXPLORATORY, added after seeing the all-points replay; not pre-registered; one day, 9 matches; backtest replay on real recorded book; assumed feed latency; paper only",1020|LS035,wta-zhen-kalinsk-2026-10-01,19,1,3,15,0,0,1791015756000,,1791015705000,no price yet,sets 0-0 games 1-1 pts 0-0,0.73999,,0.565,0.565,0.5,0.519316,0.478113,,True,0,False,False,False,False
"EXPLORATORY, added after seeing the all-points replay; not pre-registered; one day, 9 matches; backtest replay on real recorded book; assumed feed latency; paper only",1020|LS035,wta-zhen-kalinsk-2026-10-01,20,1,3,30,0,0,1791015778000,,1791015758000,no price yet,sets 0-0 games 1-1 pts 15-0,0.787078,,0.565,0.565,0.519316,0.536846,0.498958,,True,0,False,False,False,False
"EXPLORATORY, added after seeing the all-points replay; not pre-registered; one day, 9 matches; backtest replay on real recorded book; assumed feed latency; paper only",1020|LS035,wta-zhen-kalinsk-2026-10-01,21,1,3,30,15,1,1791015803000,,1791015780000,no price yet,sets 0-0 games 1-1 pts 30-0,0.827624,,0.565,0.565,0.536846,0.549082,0.522331,,True,1,False,False,False,False
"EXPLORATORY, added after seeing the all-points replay; not pre-registered; one day, 9 matches; backtest replay on real recorded book; assumed feed latency; paper only",1020|LS035,wta-zhen-kalinsk-2026-10-01,22,1,3,40,15,0,1791015854000,,1791015805000,no price yet,sets 0-0 games 1-1 pts 30-15,0.787078,,0.565,0.565,0.522331,0.54337,0.497898,,True,0,False,False,False,False
"EXPLORATORY, added after seeing the all-points replay; not pre-registered; one day, 9 matches; backtest replay on real recorded book; assumed feed latency; paper only",1020|LS035,wta-zhen-kalinsk-2026-10-01,23,1,3,G,15,0,1791015898000,,1791015856000,no price yet,sets 0-0 games 1-1 pts 40-15,0.827624,,0.565,0.565,0.54337,0.555094,0.529463,,True,0,False,False,False,False
"EXPLORATORY, added after seeing the all-points replay; not pre-registered; one day, 9 matches; backtest replay on real recorded book; assumed feed latency; paper only",1020|LS035,wta-zhen-kalinsk-2026-10-01,24,1,4,15,0,0,1791016045000,,1791015900000,no price yet,sets 0-0 games 2-1 pts 0-0,0.138196,,0.565,0.565,0.555094,0.579295,0.535055,,True,0,False,False,False,False
"EXPLORATORY, added after seeing the all-points replay; not pre-registered; one day, 9 matches; backtest replay on real recorded book; assumed feed latency; paper only",1020|LS035,wta-zhen-kalinsk-2026-10-01,25,1,4,15,15,1,1791016083000,,1791016047000,no price yet,sets 0-0 games 2-1 pts 15-0,0.172376,,0.565,0.565,0.579295,0.60614,0.556665,,True,1,False,False,False,False
"EXPLORATORY, added after seeing the all-points replay; not pre-registered; one day, 9 matches; backtest replay on real recorded book; assumed feed latency; paper only",1020|LS035,wta-zhen-kalinsk-2026-10-01,26,1,4,30,15,0,1791016114000,,1791016085000,no price yet,sets 0-0 games 2-1 pts 15-15,0.138196,,0.565,0.565,0.556665,0.585716,0.53261,,True,0,False,False,False,False
"EXPLORATORY, added after seeing the all-points replay; not pre-registered; one day, 9 matches; backtest replay on real recorded book; assumed feed latency; paper only",1020|LS035,wta-zhen-kalinsk-2026-10-01,27,1,4,30,30,1,1791016146000,,1791016116000,no price yet,sets 0-0 games 2-1 pts 30-15,0.172376,,0.565,0.565,0.585716,0.61828,0.558263,,True,1,False,False,False,False
"EXPLORATORY, added after seeing the all-points replay; not pre-registered; one day, 9 matches; backtest replay on real recorded book; assumed feed latency; paper only",1020|LS035,wta-zhen-kalinsk-2026-10-01,28,1,4,30,40,1,1791016191000,,1791016148000,no price yet,sets 0-0 games 2-1 pts 30-30,0.138196,,0.565,0.565,0.558263,0.597013,0.526177,,True,1,False,False,False,False
"EXPLORATORY, added after seeing the all-points replay; not pre-registered; one day, 9 matches; backtest replay on real recorded book; assumed feed latency; paper only",1020|LS035,wta-zhen-kalinsk-2026-10-01,29,1,4,30,G,1,1791016215000,,1791016193000,no price yet,sets 0-0 games 2-1 pts 30-40,0.109893,,0.565,0.565,0.526177,0.558263,0.5,,True,1,False,False,False,False
"EXPLORATORY, added after seeing the all-points replay; not pre-registered; one day, 9 matches; backtest replay on real recorded book; assumed feed latency; paper only",1020|LS035,wta-zhen-kalinsk-2026-10-01,30,1,5,0,15,1,1791016287000,,1791016217000,no price yet,sets 0-0 games 2-2 pts 0-0,0.913198,,0.565,0.565,0.5,0.521105,0.473815,,True,1,False,False,False,False
"EXPLORATORY, added after seeing the all-points replay; not pre-registered; one day, 9 matches; backtest replay on real recorded book; assumed feed latency; paper only",1020|LS035,wta-zhen-kalinsk-2026-10-01,31,1,5,0,30,1,1791016329000,,1791016289000,no price yet,sets 0-0 games 2-2 pts 0-15,0.890107,,0.565,0.565,0.473815,0.497957,0.444222,,True,1,False,False,False,False
"EXPLORATORY, added after seeing the all-points replay; not pre-registered; one day, 9 matches; backtest replay on real recorded book; assumed feed latency; paper only",1020|LS035,wta-zhen-kalinsk-2026-10-01,32,1,5,15,30,0,1791016356000,,1791016331000,no price yet,sets 0-0 games 2-2 pts 0-30,0.861804,,0.565,0.565,0.444222,0.466108,0.417791,,True,0,False,False,False,False
"EXPLORATORY, added after seeing the all-points replay; not pre-registered; one day, 9 matches; backtest replay on real recorded book; assumed feed latency; paper only",1020|LS035,wta-zhen-kalinsk-2026-10-01,33,1,5,30,30,0,1791016380000,,1791016358000,no price yet,sets 0-0 games 2-2 pts 15-30,0.890107,,0.565,0.565,0.466108,0.495878,0.429617,,True,0,False,False,False,False
"EXPLORATORY, added after seeing the all-points replay; not pre-registered; one day, 9 matches; backtest replay on real recorded book; assumed feed latency; paper only",1020|LS035,wta-zhen-kalinsk-2026-10-01,34,1,5,40,30,0,1791016405000,,1791016382000,no price yet,sets 0-0 games 2-2 pts 30-30,0.913198,,0.565,0.565,0.495878,0.530632,0.452759,,True,0,False,False,False,False
"EXPLORATORY, added after seeing the all-points replay; not pre-registered; one day, 9 matches; backtest replay on real recorded book; assumed feed latency; paper only",1020|LS035,wta-zhen-kalinsk-2026-10-01,35,1,5,40,40,1,1791016444000,,1791016407000,no price yet,sets 0-0 games 2-2 pts 40-30,0.931808,,0.565,0.565,0.530632,0.558369,0.495878,,True,1,False,False,False,False
"EXPLORATORY, added after seeing the all-points replay; not pre-registered; one day, 9 matches; backtest replay on real recorded book; assumed feed latency; paper only",1020|LS035,wta-zhen-kalinsk-2026-10-01,36,1,5,A,40,0,1791016473000,,1791016446000,no price yet,sets 0-0 games 2-2 pts 40-40,0.913198,,0.565,0.565,0.495878,0.530632,0.452759,,True,0,False,False,False,False
"EXPLORATORY, added after seeing the all-points replay; not pre-registered; one day, 9 matches; backtest replay on real recorded book; assumed feed latency; paper only",1020|LS035,wta-zhen-kalinsk-2026-10-01,37,1,5,40,40,0,1791016516000,,1791016475000,no price yet,sets 0-0 games 2-2 pts A-40,0.931808,,0.565,0.565,0.530632,0.558369,0.495878,,True,1,False,False,False,False
"EXPLORATORY, added after seeing the all-points replay; not pre-registered; one day, 9 matches; backtest replay on real recorded book; assumed feed latency; paper only",1020|LS035,wta-zhen-kalinsk-2026-10-01,38,1,5,A,40,0,1791016542000,,1791016518000,no price yet,sets 0-0 games 2-2 pts 40-40,0.913198,,0.565,0.565,0.495878,0.530632,0.452759,,True,0,False,False,False,False
"EXPLORATORY, added after seeing the all-points replay; not pre-registered; one day, 9 matches; backtest replay on real recorded book; assumed feed latency; paper only",1020|LS035,wta-zhen-kalinsk-2026-10-01,39,1,5,40,40,0,1791016569000,,1791016544000,no price yet,sets 0-0 games 2-2 pts A-40,0.931808,,0.565,0.565,0.530632,0.558369,0.495878,,True,1,False,False,False,False
"EXPLORATORY, added after seeing the all-points replay; not pre-registered; one day, 9 matches; backtest replay on real recorded book; assumed feed latency; paper only",1020|LS035,wta-zhen-kalinsk-2026-10-01,40,1,5,A,40,0,1791016606000,,1791016571000,no price yet,sets 0-0 games 2-2 pts 40-40,0.913198,,0.565,0.565,0.495878,0.530632,0.452759,,True,0,False,False,False,False
"EXPLORATORY, added after seeing the all-points replay; not pre-registered; one day, 9 matches; backtest replay on real recorded book; assumed feed latency; paper only",1020|LS035,wta-zhen-kalinsk-2026-10-01,41,1,5,40,40,0,1791016650000,,1791016608000,no price yet,sets 0-0 games 2-2 pts A-40,0.931808,,0.565,0.565,0.530632,0.558369,0.495878,,True,1,False,False,False,False
"EXPLORATORY, added after seeing the all-points replay; not pre-registered; one day, 9 matches; backtest replay on real recorded book; assumed feed latency; paper only",1020|LS035,wta-zhen-kalinsk-2026-10-01,42,1,5,A,40,0,1791016693000,,1791016652000,no price yet,sets 0-0 games 2-2 pts 40-40,0.913198,,0.565,0.565,0.495878,0.530632,0.452759,,True,0,False,False,False,False
"EXPLORATORY, added after seeing the all-points replay; not pre-registered; one day, 9 matches; backtest replay on real recorded book; assumed feed latency; paper only",1020|LS035,wta-zhen-kalinsk-2026-10-01,43,1,5,40,40,0,1791016744000,,1791016695000,no price yet,sets 0-0 games 2-2 pts A-40,0.931808,,0.565,0.565,0.530632,0.558369,0.495878,,True,1,False,False,False,False
"EXPLORATORY, added after seeing the all-points replay; not pre-registered; one day, 9 matches; backtest replay on real recorded book; assumed feed latency; paper only",1020|LS035,wta-zhen-kalinsk-2026-10-01,44,1,5,A,40,0,1791016778000,,1791016746000,no price yet,sets 0-0 games 2-2 pts 40-40,0.913198,,0.565,0.565,0.495878,0.530632,0.452759,,True,0,False,False,False,False
"EXPLORATORY, added after seeing the all-points replay; not pre-registered; one day, 9 matches; backtest replay on real recorded book; assumed feed latency; paper only",1020|LS035,wta-zhen-kalinsk-2026-10-01,45,1,5,G,40,0,1791016825000,,1791016780000,no price yet,sets 0-0 games 2-2 pts A-40,0.931808,,0.565,0.565,0.530632,0.558369,0.495878,,True,0,False,False,False,False
"EXPLORATORY, added after seeing the all-points replay; not pre-registered; one day, 9 matches; backtest replay on real recorded book; assumed feed latency; paper only",1020|LS035,wta-zhen-kalinsk-2026-10-01,46,1,6,0,15,1,1791016966000,,1791016827000,no price yet,sets 0-0 games 3-2 pts 0-0,0.0533388,,0.565,0.565,0.558369,0.585579,0.536822,,True,1,False,False,False,False
"EXPLORATORY, added after seeing the all-points replay; not pre-registered; one day, 9 matches; backtest replay on real recorded book; assumed feed latency; paper only",1020|LS035,wta-zhen-kalinsk-2026-10-01,47,1,6,0,30,1,1791016992000,,1791016968000,no price yet,sets 0-0 games 3-2 pts 0-15,0.0415764,,0.565,0.565,0.536822,0.560578,0.518125,,True,1,False,False,False,False
"EXPLORATORY, added after seeing the all-points replay; not pre-registered; one day, 9 matches; backtest replay on real recorded book; assumed feed latency; paper only",1020|LS035,wta-zhen-kalinsk-2026-10-01,48,1,6,0,40,1,1791017016000,,1791016994000,no price yet,sets 0-0 games 3-2 pts 0-30,0.0323193,,0.565,0.565,0.518125,0.534468,0.505326,,True,1,False,False,False,False
"EXPLORATORY, added after seeing the all-points replay; not pre-registered; one day, 9 matches; backtest replay on real recorded book; assumed feed latency; paper only",1020|LS035,wta-zhen-kalinsk-2026-10-01,49,1,6,15,40,0,1791017073000,,1791017018000,no price yet,sets 0-0 games 3-2 pts 0-40,0.0250695,,0.565,0.565,0.505326,0.512152,0.5,,True,0,False,False,False,False
"EXPLORATORY, added after seeing the all-points replay; not pre-registered; one day, 9 matches; backtest replay on real recorded book; assumed feed latency; paper only",1020|LS035,wta-zhen-kalinsk-2026-10-01,50,1,6,15,G,1,1791017103000,,1791017075000,no price yet,sets 0-0 games 3-2 pts 15-40,0.0323193,,0.565,0.565,0.512152,0.527668,0.5,,True,1,False,False,False,False
"EXPLORATORY, added after seeing the all-points replay; not pre-registered; one day, 9 matches; backtest replay on real recorded book; assumed feed latency; paper only",1020|LS035,wta-zhen-kalinsk-2026-10-01,51,1,7,15,0,0,1791017167000,,1791017105000,no price yet,sets 0-0 games 3-3 pts 0-0,0.974931,,0.565,0.565,0.5,0.524755,0.46827,,True,0,False,False,False,False
"EXPLORATORY, added after seeing the all-points replay; not pre-registered; one day, 9 matches; backtest replay on real recorded book; assumed feed latency; paper only",1020|LS035,wta-zhen-kalinsk-2026-10-01,52,1,7,15,15,1,1791017220000,,1791017169000,no price yet,sets 0-0 games 3-3 pts 15-0,0.980587,,0.565,0.565,0.524755,0.546185,0.497205,,True,1,False,False,False,False
"EXPLORATORY, added after seeing the all-points replay; not pre-registered; one day, 9 matches; backtest replay on real recorded book; assumed feed latency; paper only",1020|LS035,wta-zhen-kalinsk-2026-10-01,53,1,7,15,30,1,1791017269000,,1791017222000,no price yet,sets 0-0 games 3-3 pts 15-15,0.974931,,0.565,0.565,0.497205,0.527389,0.458517,,True,1,False,False,False,False
"EXPLORATORY, added after seeing the all-points replay; not pre-registered; one day, 9 matches; backtest replay on real recorded book; assumed feed latency; paper only",1020|LS035,wta-zhen-kalinsk-2026-10-01,54,1,7,15,40,1,1791017346000,,1791017271000,no price yet,sets 0-0 games 3-3 pts 15-30,0.967681,,0.565,0.565,0.458517,0.494363,0.412747,,True,1,False,False,False,False
"EXPLORATORY, added after seeing the all-points replay; not pre-registered; one day, 9 matches; backtest replay on real recorded book; assumed feed latency; paper only",1020|LS035,wta-zhen-kalinsk-2026-10-01,55,1,7,30,40,0,1791017374000,,1791017348000,no price yet,sets 0-0 games 3-3 pts 15-40,0.958424,,0.565,0.565,0.412747,0.441919,0.375679,,True,0,False,False,False,False
"EXPLORATORY, added after seeing the all-points replay; not pre-registered; one day, 9 matches; backtest replay on real recorded book; assumed feed latency; paper only",1020|LS035,wta-zhen-kalinsk-2026-10-01,56,1,7,40,40,0,1791017403000,,1791017376000,no price yet,sets 0-0 games 3-3 pts 30-40,0.967681,,0.565,0.565,0.441919,0.494363,0.374957,,True,0,False,False,False,False
"EXPLORATORY, added after seeing the all-points replay; not pre-registered; one day, 9 matches; backtest replay on real recorded book; assumed feed latency; paper only",1020|LS035,wta-zhen-kalinsk-2026-10-01,57,1,7,A,40,0,1791017433000,,1791017405000,no price yet,sets 0-0 games 3-3 pts 40-40,0.974931,,0.565,0.565,0.494363,0.535278,0.441919,,True,0,False,False,False,False
"EXPLORATORY, added after seeing the all-points replay; not pre-registered; one day, 9 matches; backtest replay on real recorded book; assumed feed latency; paper only",1020|LS035,wta-zhen-kalinsk-2026-10-01,58,1,7,G,40,0,1791017486000,,1791017435000,no price yet,sets 0-0 games 3-3 pts A-40,0.980587,,0.565,0.565,0.535278,0.567104,0.494363,,True,0,False,False,False,False
"EXPLORATORY, added after seeing the all-points replay; not pre-registered; one day, 9 matches; backtest replay on real recorded book; assumed feed latency; paper only",1020|LS035,wta-zhen-kalinsk-2026-10-01,59,1,8,15,0,0,1791017612000,,1791017488000,no price yet,sets 0-0 games 4-3 pts 0-0,0.0150135,,0.565,0.565,0.567104,0.599199,0.542196,,True,0,False,False,False,False
"EXPLORATORY, added after seeing the all-points replay; not pre-registered; one day, 9 matches; backtest replay on real recorded book; assumed feed latency; paper only",1020|LS035,wta-zhen-kalinsk-2026-10-01,60,1,8,30,0,0,1791017643000,,1791017614000,no price yet,sets 0-0 games 4-3 pts 15-0,0.0194132,,0.565,0.565,0.599199,0.636792,0.569957,,True,0,False,False,False,False
"EXPLORATORY, added after seeing the all-points replay; not pre-registered; one day, 9 matches; backtest replay on real recorded book; assumed feed latency; paper only",1020|LS035,wta-zhen-kalinsk-2026-10-01,61,1,8,30,15,1,1791017690000,,1791017645000,no price yet,sets 0-0 games 4-3 pts 30-0,0.0250695,,0.565,0.565,0.636792,0.672352,0.609049,,True,1,False,False,False,False
"EXPLORATORY, added after seeing the all-points replay; not pre-registered; one day, 9 matches; backtest replay on real recorded book; assumed feed latency; paper only",1020|LS035,wta-zhen-kalinsk-2026-10-01,62,1,8,40,15,0,1791017723000,,1791017692000,no price yet,sets 0-0 games 4-3 pts 30-15,0.0194132,,0.565,0.565,0.609049,0.655572,0.57286,,True,0,False,False,False,False
"EXPLORATORY, added after seeing the all-points replay; not pre-registered; one day, 9 matches; backtest replay on real recorded book; assumed feed latency; paper only",1020|LS035,wta-zhen-kalinsk-2026-10-01,63,1,8,G,15,0,1791017753000,,1791017725000,no price yet,sets 0-0 games 4-3 pts 40-15,0.0250695,,0.565,0.565,0.655572,0.693778,0.625765,,True,0,False,False,False,False
"EXPLORATORY, added after seeing the all-points replay; not pre-registered; one day, 9 matches; backtest replay on real recorded book; assumed feed latency; paper only",1020|LS035,wta-zhen-kalinsk-2026-10-01,64,1,9,0,15,1,1791017816000,,1791017755000,no price yet,sets 0-0 games 5-3 pts 0-0,0.967681,,0.565,0.565,0.693778,0.714516,0.667299,,True,1,False,False,False,False
"EXPLORATORY, added after seeing the all-points replay; not pre-registered; one day, 9 matches; backtest replay on real recorded book; assumed feed latency; paper only",1020|LS035,wta-zhen-kalinsk-2026-10-01,65,1,9,0,30,1,1791017874000,,1791017818000,no price yet,sets 0-0 games 5-3 pts 0-15,0.958424,,0.565,0.565,0.667299,0.691401,0.636673,,True,1,False,False,False,False
"EXPLORATORY, added after seeing the all-points replay; not pre-registered; one day, 9 matches; backtest replay on real recorded book; assumed feed latency; paper only",1020|LS035,wta-zhen-kalinsk-2026-10-01,66,1,9,0,40,1,1791017901000,,1791017876000,no price yet,sets 0-0 games 5-3 pts 0-30,0.946661,,0.565,0.565,0.636673,0.659115,0.608334,,True,1,False,False,False,False
"EXPLORATORY, added after seeing the all-points replay; not pre-registered; one day, 9 matches; backtest replay on real recorded book; assumed feed latency; paper only",1020|LS035,wta-zhen-kalinsk-2026-10-01,67,1,9,0,G,1,1791017944000,,1791017903000,no price yet,sets 0-0 games 5-3 pts 0-40,0.931808,,0.565,0.565,0.608334,0.621163,0.592261,,True,1,False,False,False,False
"EXPLORATORY, added after seeing the all-points replay; not pre-registered; one day, 9 matches; backtest replay on real recorded book; assumed feed latency; paper only",1020|LS035,wta-zhen-kalinsk-2026-10-01,68,1,10,0,15,1,1791018081000,,1791017946000,no price yet,sets 0-0 games 5-4 pts 0-0,0.0868025,,0.565,0.565,0.592261,0.634291,0.558385,,True,1,False,False,False,False
"EXPLORATORY, added after seeing the all-points replay; not pre-registered; one day, 9 matches; backtest replay on real recorded book; assumed feed latency; paper only",1020|LS035,wta-zhen-kalinsk-2026-10-01,69,1,10,0,30,1,1791018108000,,1791018083000,no price yet,sets 0-0 games 5-4 pts 0-15,0.0681922,,0.565,0.565,0.558385,0.595398,0.528845,,True,1,False,False,False,False
"EXPLORATORY, added after seeing the all-points replay; not pre-registered; one day, 9 matches; backtest replay on real recorded book; assumed feed latency; paper only",1020|LS035,wta-zhen-kalinsk-2026-10-01,70,1,10,0,40,1,1791018136000,,1791018110000,no price yet,sets 0-0 games 5-4 pts 0-30,0.0533388,,0.565,0.565,0.528845,0.554515,0.508517,,True,1,False,False,False,False
"EXPLORATORY, added after seeing the all-points replay; not pre-registered; one day, 9 matches; backtest replay on real recorded book; assumed feed latency; paper only",1020|LS035,wta-zhen-kalinsk-2026-10-01,71,1,10,15,40,0,1791018174000,,1791018138000,no price yet,sets 0-0 games 5-4 pts 0-40,0.0415764,,0.565,0.565,0.508517,0.519339,0.5,,True,0,False,False,False,False
"EXPLORATORY, added after seeing the all-points replay; not pre-registered; one day, 9 matches; backtest replay on real recorded book; assumed feed latency; paper only",1020|LS035,wta-zhen-kalinsk-2026-10-01,72,1,10,15,G,1,1791018219000,,1791018176000,no price yet,sets 0-0 games 5-4 pts 15-40,0.0533388,,0.565,0.565,0.519339,0.54376,0.5,,True,1,False,False,False,False
"EXPLORATORY, added after seeing the all-points replay; not pre-registered; one day, 9 matches; backtest replay on real recorded book; assumed feed latency; paper only",1020|LS035,wta-zhen-kalinsk-2026-10-01,73,1,11,15,0,0,1791018288000,,1791018221000,no price yet,sets 0-0 games 5-5 pts 0-0,0.958424,,0.565,0.565,0.5,0.53206,0.459263,,True,0,False,False,False,False
"EXPLORATORY, added after seeing the all-points replay; not pre-registered; one day, 9 matches; backtest replay on real recorded book; assumed feed latency; paper only",1020|LS035,wta-zhen-kalinsk-2026-10-01,74,1,11,30,0,0,1791018336000,,1791018290000,no price yet,sets 0-0 games 5-5 pts 15-0,0.967681,,0.565,0.565,0.53206,0.559895,0.49652,,True,0,False,False,False,False
"EXPLORATORY, added after seeing the all-points replay; not pre-registered; one day, 9 matches; backtest replay on real recorded book; assumed feed latency; paper only",1020|LS035,wta-zhen-kalinsk-2026-10-01,75,1,11,40,0,0,1791018375000,,1791018338000,no price yet,sets 0-0 games 5-5 pts 30-0,0.974931,,0.565,0.565,0.559895,0.578862,0.535583,,True,0,False,False,False,False
"EXPLORATORY, added after seeing the all-points replay; not pre-registered; one day, 9 matches; backtest replay on real recorded book; assumed feed latency; paper only",1020|LS035,wta-zhen-kalinsk-2026-10-01,76,1,11,40,15,1,1791018416000,,1791018377000,no price yet,sets 0-0 games 5-5 pts 40-0,0.980587,,0.565,0.565,0.578862,0.586573,0.568949,,True,1,False,False,False,False
"EXPLORATORY, added after seeing the all-points replay; not pre-registered; one day, 9 matches; backtest replay on real recorded book; assumed feed latency; paper only",1020|LS035,wta-zhen-kalinsk-2026-10-01,77,1,11,G,15,0,1791018484000,,1791018418000,no price yet,sets 0-0 games 5-5 pts 40-15,0.974931,,0.565,0.565,0.568949,0.586921,0.545913,,True,0,False,False,False,False
"EXPLORATORY, added after seeing the all-points replay; not pre-registered; one day, 9 matches; backtest replay on real recorded book; assumed feed latency; paper only",1020|LS035,wta-zhen-kalinsk-2026-10-01,78,1,12,15,0,0,1791018613000,,1791018486000,no price yet,sets 0-0 games 6-5 pts 0-0,0.0194132,,0.565,0.565,0.586921,0.628375,0.554677,,True,0,False,False,False,False
"EXPLORATORY, added after seeing the all-points replay; not pre-registered; one day, 9 matches; backtest replay on real recorded book; assumed feed latency; paper only",1020|LS035,wta-zhen-kalinsk-2026-10-01,79,1,12,15,15,1,1791018638000,,1791018615000,no price yet,sets 0-0 games 6-5 pts 15-0,0.0250695,,0.565,0.565,0.628375,0.676832,0.59057,,True,1,False,False,False,False
"EXPLORATORY, added after seeing the all-points replay; not pre-registered; one day, 9 matches; backtest replay on real recorded book; assumed feed latency; paper only",1020|LS035,wta-zhen-kalinsk-2026-10-01,80,1,12,15,30,1,1791018678000,,1791018640000,no price yet,sets 0-0 games 6-5 pts 15-15,0.0194132,,0.565,0.565,0.59057,0.641027,0.551321,,True,1,False,False,False,False
"EXPLORATORY, added after seeing the all-points replay; not pre-registered; one day, 9 matches; backtest replay on real recorded book; assumed feed latency; paper only",1020|LS035,wta-zhen-kalinsk-2026-10-01,81,1,12,15,40,1,1791018700000,,1791018680000,no price yet,sets 0-0 games 6-5 pts 15-30,0.0150135,,0.565,0.565,0.551321,0.594281,0.517982,,True,1,False,False,False,False
"EXPLORATORY, added after seeing the all-points replay; not pre-registered; one day, 9 matches; backtest replay on real recorded book; assumed feed latency; paper only",1020|LS035,wta-zhen-kalinsk-2026-10-01,82,1,12,15,G,1,1791018741000,,1791018702000,no price yet,sets 0-0 games 6-5 pts 15-40,0.0115992,,0.565,0.565,0.517982,0.541196,0.5,,True,1,False,False,False,False
"EXPLORATORY, added after seeing the all-points replay; not pre-registered; one day, 9 matches; backtest replay on real recorded book; assumed feed latency; paper only",1020|LS035,wta-zhen-kalinsk-2026-10-01,83,1,13,0,1,0,1791018789000,,1791018743000,no price yet,sets 0-0 games 6-6 pts 0-0,0.991046,,0.565,0.565,0.5,0.549548,0.435948,,True,1,False,False,False,False
"EXPLORATORY, added after seeing the all-points replay; not pre-registered; one day, 9 matches; backtest replay on real recorded book; assumed feed latency; paper only",1020|LS035,wta-zhen-kalinsk-2026-10-01,84,1,13,0,2,1,1791018817000,,1791018791000,no price yet,sets 0-0 games 6-6 pts 0-1,0.988401,,0.565,0.565,0.435948,0.5,0.386331,,True,1,False,False,False,False
"EXPLORATORY, added after seeing the all-points replay; not pre-registered; one day, 9 matches; backtest replay on real recorded book; assumed feed latency; paper only",1020|LS035,wta-zhen-kalinsk-2026-10-01,85,1,13,1,2,1,1791018859000,,1791018819000,no price yet,sets 0-0 games 6-6 pts 0-2,0.991046,,0.565,0.565,0.386331,0.445881,0.340264,,True,0,False,False,False,False
"EXPLORATORY, added after seeing the all-points replay; not pre-registered; one day, 9 matches; backtest replay on real recorded book; assumed feed latency; paper only",1020|LS035,wta-zhen-kalinsk-2026-10-01,86,1,13,2,2,1,1791018899000,,1791018861000,no price yet,sets 0-0 games 6-6 pts 1-2,0.988401,,0.565,0.565,0.445881,0.5,0.376019,,True,0,False,False,False,False
"EXPLORATORY, added after seeing the all-points replay; not pre-registered; one day, 9 matches; backtest replay on real recorded book; assumed feed latency; paper only",1020|LS035,wta-zhen-kalinsk-2026-10-01,87,1,13,2,3,1,1791018939000,,1791018901000,no price yet,sets 0-0 games 6-6 pts 2-2,0.991046,,0.565,0.565,0.5,0.560031,0.422396,,True,1,False,False,False,False
"EXPLORATORY, added after seeing the all-points replay; not pre-registered; one day, 9 matches; backtest replay on real recorded book; assumed feed latency; paper only",1020|LS035,wta-zhen-kalinsk-2026-10-01,88,1,13,2,4,1,1791018981000,,1791018941000,no price yet,sets 0-0 games 6-6 pts 2-3,0.988401,,0.565,0.565,0.422396,0.5,0.362281,,True,1,False,False,False,False
"EXPLORATORY, added after seeing the all-points replay; not pre-registered; one day, 9 matches; backtest replay on real recorded book; assumed feed latency; paper only",1020|LS035,wta-zhen-kalinsk-2026-10-01,89,1,13,2,5,1,1791019039000,,1791018983000,no price yet,sets 0-0 games 6-6 pts 2-4,0.991046,,0.565,0.565,0.362281,0.431331,0.308866,,True,1,False,False,False,False
"EXPLORATORY, added after seeing the all-points replay; not pre-registered; one day, 9 matches; backtest replay on real recorded book; assumed feed latency; paper only",1020|LS035,wta-zhen-kalinsk-2026-10-01,90,1,13,3,5,1,1791019089000,,1791019041000,no price yet,sets 0-0 games 6-6 pts 2-5,0.993092,,0.565,0.565,0.308866,0.342685,0.265101,,True,0,False,False,False,False
"EXPLORATORY, added after seeing the all-points replay; not pre-registered; one day, 9 matches; backtest replay on real recorded book; assumed feed latency; paper only",1020|LS035,wta-zhen-kalinsk-2026-10-01,91,1,13,4,5,1,1791019139000,,1791019091000,no price yet,sets 0-0 games 6-6 pts 3-5,0.994673,,0.565,0.565,0.342685,0.393566,0.276783,,True,0,False,False,False,False
"EXPLORATORY, added after seeing the all-points replay; not pre-registered; one day, 9 matches; backtest replay on real recorded book; assumed feed latency; paper only",1020|LS035,wta-zhen-kalinsk-2026-10-01,92,1,13,4,6,1,1791019190000,,1791019141000,no price yet,sets 0-0 games 6-6 pts 4-5,0.995894,,0.565,0.565,0.393566,0.5,0.311444,,True,1,False,False,False,False
"EXPLORATORY, added after seeing the all-points replay; not pre-registered; one day, 9 matches; backtest replay on real recorded book; assumed feed latency; paper only",1020|LS035,wta-zhen-kalinsk-2026-10-01,93,1,13,4,7,1,1791019218000,,1791019192000,no price yet,sets 0-0 games 6-6 pts 4-6,0.996835,,0.565,0.565,0.311444,0.391117,0.25,,True,1,False,False,False,False
"EXPLORATORY, added after seeing the all-points replay; not pre-registered; one day, 9 matches; backtest replay on real recorded book; assumed feed latency; paper only",1020|LS035,wta-zhen-kalinsk-2026-10-01,94,2,1,0,15,1,1791019766000,,1791019220000,no price yet,sets 0-1 games 0-0 pts 0-0,0.00243825,,0.565,0.565,0.25,0.271253,0.233616,,True,1,False,False,False,False
"EXPLORATORY, added after seeing the all-points replay; not pre-registered; one day, 9 matches; backtest replay on real recorded book; assumed feed latency; paper only",1020|LS035,wta-zhen-kalinsk-2026-10-01,95,2,1,15,15,0,1791019801000,,1791019768000,no price yet,sets 0-1 games 0-0 pts 0-15,0.00187829,,0.565,0.565,0.233616,0.251948,0.219488,,True,0,False,False,False,False
"EXPLORATORY, added after seeing the all-points replay; not pre-registered; one day, 9 matches; backtest replay on real recorded book; assumed feed latency; paper only",1020|LS035,wta-zhen-kalinsk-2026-10-01,96,2,1,15,30,1,1791019828000,,1791019803000,no price yet,sets 0-1 games 0-0 pts 15-15,0.00243825,,0.565,0.565,0.251948,0.277887,0.231951,,True,1,False,False,False,False
"EXPLORATORY, added after seeing the all-points replay; not pre-registered; one day, 9 matches; backtest replay on real recorded book; assumed feed latency; paper only",1020|LS035,wta-zhen-kalinsk-2026-10-01,97,2,1,15,40,1,1791019853000,,1791019830000,no price yet,sets 0-1 games 0-0 pts 15-30,0.00187829,,0.565,0.565,0.231951,0.253929,0.215014,,True,1,False,False,False,False
"EXPLORATORY, added after seeing the all-points replay; not pre-registered; one day, 9 matches; backtest replay on real recorded book; assumed feed latency; paper only",1020|LS035,wta-zhen-kalinsk-2026-10-01,98,2,1,15,G,1,1791019873000,,1791019855000,no price yet,sets 0-1 games 0-0 pts 15-40,0.00144674,,0.565,0.565,0.215014,0.22681,0.205924,,True,1,False,False,False,False
"EXPLORATORY, added after seeing the all-points replay; not pre-registered; one day, 9 matches; backtest replay on real recorded book; assumed feed latency; paper only",1020|LS035,wta-zhen-kalinsk-2026-10-01,99,2,2,15,0,0,1791019944000,,1791019875000,no price yet,sets 0-1 games 0-1 pts 0-0,0.998886,,0.565,0.565,0.205924,0.222313,0.184649,,True,0,False,False,False,False
"EXPLORATORY, added after seeing the all-points replay; not pre-registered; one day, 9 matches; backtest replay on real recorded book; assumed feed latency; paper only",1020|LS035,wta-zhen-kalinsk-2026-10-01,100,2,2,15,15,1,1791019975000,,1791019946000,no price yet,sets 0-1 games 0-1 pts 15-0,0.999142,,0.565,0.565,0.222313,0.236442,0.203971,,True,1,False,False,False,False
"EXPLORATORY, added after seeing the all-points replay; not pre-registered; one day, 9 matches; backtest replay on real recorded book; assumed feed latency; paper only",1020|LS035,wta-zhen-kalinsk-2026-10-01,101,2,2,15,30,1,1791020022000,,1791019977000,no price yet,sets 0-1 games 0-1 pts 15-15,0.998886,,0.565,0.565,0.203971,0.223973,0.178007,,True,1,False,False,False,False
"EXPLORATORY, added after seeing the all-points replay; not pre-registered; one day, 9 matches; backtest replay on real recorded book; assumed feed latency; paper only",1020|LS035,wta-zhen-kalinsk-2026-10-01,102,2,2,15,40,1,1791020055000,,1791020024000,no price yet,sets 0-1 games 0-1 pts 15-30,0.998553,,0.565,0.565,0.178007,0.201984,0.146887,,True,1,False,False,False,False
"EXPLORATORY, added after seeing the all-points replay; not pre-registered; one day, 9 matches; backtest replay on real recorded book; assumed feed latency; paper only",1020|LS035,wta-zhen-kalinsk-2026-10-01,103,2,2,30,40,0,1791020096000,,1791020057000,no price yet,sets 0-1 games 0-1 pts 15-40,0.998122,,0.565,0.565,0.146887,0.166776,0.12108,,True,0,False,False,False,False
"EXPLORATORY, added after seeing the all-points replay; not pre-registered; one day, 9 matches; backtest replay on real recorded book; assumed feed latency; paper only",1020|LS035,wta-zhen-kalinsk-2026-10-01,104,2,2,40,40,0,1791020125000,,1791020098000,no price yet,sets 0-1 games 0-1 pts 30-40,0.998553,,0.565,0.565,0.166776,0.201984,0.12108,,True,0,False,False,False,False
"EXPLORATORY, added after seeing the all-points replay; not pre-registered; one day, 9 matches; backtest replay on real recorded book; assumed feed latency; paper only",1020|LS035,wta-zhen-kalinsk-2026-10-01,105,2,2,A,40,0,1791020172000,,1791020127000,no price yet,sets 0-1 games 0-1 pts 40-40,0.998886,,0.565,0.565,0.201984,0.229108,0.166776,,True,0,False,False,False,False
"EXPLORATORY, added after seeing the all-points replay; not pre-registered; one day, 9 matches; backtest replay on real recorded book; assumed feed latency; paper only",1020|LS035,wta-zhen-kalinsk-2026-10-01,106,2,2,G,40,0,1791020201000,,1791020174000,no price yet,sets 0-1 games 0-1 pts A-40,0.999142,,0.565,0.565,0.229108,0.25,0.201984,,True,0,False,False,False,False
"EXPLORATORY, added after seeing the all-points replay; not pre-registered; one day, 9 matches; backtest replay on real recorded book; assumed feed latency; paper only",1020|LS035,wta-zhen-kalinsk-2026-10-01,107,2,3,0,15,1,1791020272000,,1791020203000,no price yet,sets 0-1 games 1-1 pts 0-0,0.000660778,,0.565,0.565,0.25,0.273583,0.231837,,True,1,False,False,False,False
"EXPLORATORY, added after seeing the all-points replay; not pre-registered; one day, 9 matches; backtest replay on real recorded book; assumed feed latency; paper only",1020|LS035,wta-zhen-kalinsk-2026-10-01,108,2,3,15,15,0,1791020313000,,1791020274000,no price yet,sets 0-1 games 1-1 pts 0-15,0.000508818,,0.565,0.565,0.231837,0.252168,0.216179,,True,0,False,False,False,False
"EXPLORATORY, added after seeing the all-points replay; not pre-registered; one day, 9 matches; backtest replay on real recorded book; assumed feed latency; paper only",1020|LS035,wta-zhen-kalinsk-2026-10-01,109,2,3,15,30,1,1791020351000,,1791020315000,no price yet,sets 0-1 games 1-1 pts 15-15,0.000660778,,0.565,0.565,0.252168,0.280953,0.229998,,True,1,False,False,False,False
"EXPLORATORY, added after seeing the all-points replay; not pre-registered; one day, 9 matches; backtest replay on real recorded book; assumed feed latency; paper only",1020|LS035,wta-zhen-kalinsk-2026-10-01,110,2,3,15,40,1,1791020403000,,1791020353000,no price yet,sets 0-1 games 1-1 pts 15-30,0.000508818,,0.565,0.565,0.229998,0.254373,0.211226,,True,1,False,False,False,False
"EXPLORATORY, added after seeing the all-points replay; not pre-registered; one day, 9 matches; backtest replay on real recorded book; assumed feed latency; paper only",1020|LS035,wta-zhen-kalinsk-2026-10-01,111,2,3,15,G,1,1791020438000,,1791020405000,no price yet,sets 0-1 games 1-1 pts 15-40,0.000391791,,0.565,0.565,0.211226,0.224306,0.201154,,True,1,False,False,False,False
"EXPLORATORY, added after seeing the all-points replay; not pre-registered; one day, 9 matches; backtest replay on real recorded book; assumed feed latency; paper only",1020|LS035,wta-zhen-kalinsk-2026-10-01,112,2,4,15,0,0,1791020579000,,1791020440000,no price yet,sets 0-1 games 1-2 pts 0-0,0.999698,,0.565,0.565,0.201154,0.219319,0.177565,,True,0,False,False,False,False
"EXPLORATORY, added after seeing the all-points replay; not pre-registered; one day, 9 matches; backtest replay on real recorded book; assumed feed latency; paper only",1020|LS035,wta-zhen-kalinsk-2026-10-01,113,2,4,15,15,1,1791020619000,,1791020581000,no price yet,sets 0-1 games 1-2 pts 15-0,0.999768,,0.565,0.565,0.219319,0.234977,0.198985,,True,1,False,False,False,False
"EXPLORATORY, added after seeing the all-points replay; not pre-registered; one day, 9 matches; backtest replay on real recorded book; assumed feed latency; paper only",1020|LS035,wta-zhen-kalinsk-2026-10-01,114,2,4,30,15,0,1791020650000,,1791020621000,no price yet,sets 0-1 games 1-2 pts 15-15,0.999698,,0.565,0.565,0.198985,0.221156,0.170192,,True,0,False,False,False,False
"EXPLORATORY, added after seeing the all-points replay; not pre-registered; one day, 9 matches; backtest replay on real recorded book; assumed feed latency; paper only",1020|LS035,wta-zhen-kalinsk-2026-10-01,115,2,4,40,15,0,1791020680000,,1791020652000,no price yet,sets 0-1 games 1-2 pts 30-15,0.999768,,0.565,0.565,0.221156,0.239928,0.196778,,True,0,False,False,False,False
"EXPLORATORY, added after seeing the all-points replay; not pre-registered; one day, 9 matches; backtest replay on real recorded book; assumed feed latency; paper only",1020|LS035,wta-zhen-kalinsk-2026-10-01,116,2,4,G,15,0,1791020713000,,1791020682000,no price yet,sets 0-1 games 1-2 pts 40-15,0.999821,,0.565,0.565,0.239928,0.25,0.226847,,True,0,False,False,False,False
"EXPLORATORY, added after seeing the all-points replay; not pre-registered; one day, 9 matches; backtest replay on real recorded book; assumed feed latency; paper only",1020|LS035,wta-zhen-kalinsk-2026-10-01,117,2,5,0,15,1,1791020756000,,1791020715000,no price yet,sets 0-1 games 2-2 pts 0-0,0.000137698,,0.565,0.565,0.25,0.276864,0.229316,,True,1,False,False,False,False
"EXPLORATORY, added after seeing the all-points replay; not pre-registered; one day, 9 matches; backtest replay on real recorded book; assumed feed latency; paper only",1020|LS035,wta-zhen-kalinsk-2026-10-01,118,2,5,15,15,0,1791020779000,,1791020758000,no price yet,sets 0-1 games 2-2 pts 0-15,0.000106019,,0.565,0.565,0.229316,0.252472,0.211487,,True,0,False,False,False,False
"EXPLORATORY, added after seeing the all-points replay; not pre-registered; one day, 9 matches; backtest replay on real recorded book; assumed feed latency; paper only",1020|LS035,wta-zhen-kalinsk-2026-10-01,119,2,5,30,15,0,1791020823000,0.05,1791020781000,no price yet,sets 0-1 games 2-2 pts 15-15,0.000137698,,0.565,0.565,0.252472,0.285262,0.227224,,True,0,True,False,False,False
"EXPLORATORY, added after seeing the all-points replay; not pre-registered; one day, 9 matches; backtest replay on real recorded book; assumed feed latency; paper only",1020|LS035,wta-zhen-kalinsk-2026-10-01,120,2,5,30,30,1,1791020863000,0.06,1791020825000,pre-point mid,sets 0-1 games 2-2 pts 30-15,0.000178842,0.415,0.582611,0.547389,0.415,0.458431,0.379086,0.0793448,True,1,True,True,True,True
"EXPLORATORY, added after seeing the all-points replay; not pre-registered; one day, 9 matches; backtest replay on real recorded book; assumed feed latency; paper only",1020|LS035,wta-zhen-kalinsk-2026-10-01,121,2,5,40,30,0,1791020898000,0.06,1791020865000,pre-point mid,sets 0-1 games 2-2 pts 30-30,0.000136374,0.385,0.583396,0.546604,0.385,0.436464,0.342309,0.0941556,True,0,True,True,True,True
"EXPLORATORY, added after seeing the all-points replay; not pre-registered; one day, 9 matches; backtest replay on real recorded book; assumed feed latency; paper only",1020|LS035,wta-zhen-kalinsk-2026-10-01,122,2,5,40,40,1,1791020938000,0.05,1791020900000,pre-point mid,sets 0-1 games 2-2 pts 40-30,0.000175469,0.435,0.583207,0.546793,0.434999,0.497032,0.383579,0.113453,True,1,True,True,True,True
"EXPLORATORY, added after seeing the all-points replay; not pre-registered; one day, 9 matches; backtest replay on real recorded book; assumed feed latency; paper only",1020|LS035,wta-zhen-kalinsk-2026-10-01,123,2,5,A,40,0,1791020978000,0.05,1791020940000,pre-point mid,sets 0-1 games 2-2 pts 40-40,0.000133757,0.395,0.584717,0.545283,0.395001,0.446753,0.351841,0.0949117,True,0,True,True,True,True
"EXPLORATORY, added after seeing the all-points replay; not pre-registered; one day, 9 matches; backtest replay on real recorded book; assumed feed latency; paper only",1020|LS035,wta-zhen-kalinsk-2026-10-01,124,2,5,40,40,1,1791021017000,0.05,1791020980000,pre-point mid,sets 0-1 games 2-2 pts A-40,0.000171991,0.445,0.584493,0.545507,0.445,0.507054,0.393295,0.113759,True,1,True,True,True,True
"EXPLORATORY, added after seeing the all-points replay; not pre-registered; one day, 9 matches; backtest replay on real recorded book; assumed feed latency; paper only",1020|LS035,wta-zhen-kalinsk-2026-10-01,125,2,5,40,A,1,1791021038000,0.035,1791021019000,pre-point mid,sets 0-1 games 2-2 pts 40-40,0.000131009,0.395,0.584717,0.545283,0.395001,0.446753,0.351841,0.0949118,True,1,True,True,True,True
"EXPLORATORY, added after seeing the all-points replay; not pre-registered; one day, 9 matches; backtest replay on real recorded book; assumed feed latency; paper only",1020|LS035,wta-zhen-kalinsk-2026-10-01,126,2,5,40,G,1,1791021061000,0.04,1791021040000,pre-point mid,sets 0-1 games 2-2 pts 40-A,9.97783e-05,0.355,0.585153,0.544847,0.355,0.398309,0.318819,0.0794903,True,1,True,True,True,True
"EXPLORATORY, added after seeing the all-points replay; not pre-registered; one day, 9 matches; backtest replay on real recorded book; assumed feed latency; paper only",1020|LS035,wta-zhen-kalinsk-2026-10-01,127,2,6,15,0,0,1791021191000,0.03,1791021063000,pre-point mid,sets 0-1 games 2-3 pts 0-0,0.999924,0.325,0.586055,0.543945,0.325001,0.351382,0.287651,0.0637309,True,0,True,True,True,True
"EXPLORATORY, added after seeing the all-points replay; not pre-registered; one day, 9 matches; backtest replay on real recorded book; assumed feed latency; paper only",1020|LS035,wta-zhen-kalinsk-2026-10-01,128,2,6,30,0,0,1791021217000,0.02,1791021193000,pre-point mid,sets 0-1 games 2-3 pts 15-0,0.999941,0.345,0.585151,0.544849,0.345,0.366622,0.314504,0.0521181,True,0,True,True,True,False
"EXPLORATORY, added after seeing the all-points replay; not pre-registered; one day, 9 matches; backtest replay on real recorded book; assumed feed latency; paper only",1020|LS035,wta-zhen-kalinsk-2026-10-01,129,2,6,40,0,0,1791021239000,0.02,1791021219000,pre-point mid,sets 0-1 games 2-3 pts 30-0,0.999954,0.365,0.584925,0.545075,0.365,0.378987,0.345289,0.0336979,True,0,True,True,False,False
"EXPLORATORY, added after seeing the all-points replay; not pre-registered; one day, 9 matches; backtest replay on real recorded book; assumed feed latency; paper only",1020|LS035,wta-zhen-kalinsk-2026-10-01,130,2,6,40,15,1,1791021279000,0.01,1791021241000,pre-point mid,sets 0-1 games 2-3 pts 40-0,0.999964,0.385,0.585757,0.544243,0.385,0.390425,0.377329,0.0130967,True,1,True,False,False,False
"EXPLORATORY, added after seeing the all-points replay; not pre-registered; one day, 9 matches; backtest replay on real recorded book; assumed feed latency; paper only",1020|LS035,wta-zhen-kalinsk-2026-10-01,131,2,6,G,15,0,1791021341000,0.01,1791021281000,pre-point mid,sets 0-1 games 2-3 pts 40-15,0.999953,0.375,0.585433,0.544567,0.375,0.388085,0.356522,0.0315633,True,0,True,True,False,False
"EXPLORATORY, added after seeing the all-points replay; not pre-registered; one day, 9 matches; backtest replay on real recorded book; assumed feed latency; paper only",1020|LS035,wta-zhen-kalinsk-2026-10-01,132,2,7,15,0,0,1791021386000,0.06,1791021343000,pre-point mid,sets 0-1 games 3-3 pts 0-0,3.65568e-05,0.385,0.585006,0.544994,0.385,0.423143,0.353155,0.0699881,True,0,False,True,True,True
"EXPLORATORY, added after seeing the all-points replay; not pre-registered; one day, 9 matches; backtest replay on real recorded book; assumed feed latency; paper only",1020|LS035,wta-zhen-kalinsk-2026-10-01,133,2,7,15,15,1,1791021441000,0.03,1791021388000,pre-point mid,sets 0-1 games 3-3 pts 15-0,4.70009e-05,0.445,0.587942,0.542058,0.444999,0.487956,0.408708,0.0792481,True,1,True,True,True,True
"EXPLORATORY, added after seeing the all-points replay; not pre-registered; one day, 9 matches; backtest replay on real recorded book; assumed feed latency; paper only",1020|LS035,wta-zhen-kalinsk-2026-10-01,134,2,7,15,30,1,1791021477000,0.045,1791021443000,pre-point mid,sets 0-1 games 3-3 pts 15-15,3.57293e-05,0.405,0.587431,0.542569,0.405,0.451663,0.365658,0.0860057,True,1,True,True,True,True
"EXPLORATORY, added after seeing the all-points replay; not pre-registered; one day, 9 matches; backtest replay on real recorded book; assumed feed latency; paper only",1020|LS035,wta-zhen-kalinsk-2026-10-01,135,2,7,15,40,1,1791021502000,0.035,1791021479000,pre-point mid,sets 0-1 games 3-3 pts 15-30,2.71687e-05,0.385,0.59021,0.53979,0.385,0.427521,0.348748,0.0787729,True,1,True,True,True,True
"EXPLORATORY, added after seeing the all-points replay; not pre-registered; one day, 9 matches; backtest replay on real recorded book; assumed feed latency; paper only",1020|LS035,wta-zhen-kalinsk-2026-10-01,136,2,7,30,40,0,1791021525000,0.03,1791021504000,pre-point mid,sets 0-1 games 3-3 pts 15-40,2.06257e-05,0.345,0.589645,0.540355,0.344999,0.369696,0.323991,0.0457047,True,0,True,True,True,False
"EXPLORATORY, added after seeing the all-points replay; not pre-registered; one day, 9 matches; backtest replay on real recorded book; assumed feed latency; paper only",1020|LS035,wta-zhen-kalinsk-2026-10-01,137,2,7,40,40,0,1791021559000,0.04,1791021527000,pre-point mid,sets 0-1 games 3-3 pts 30-40,2.64591e-05,0.365,0.588958,0.541042,0.365,0.418461,0.319649,0.0988119,True,0,True,True,True,True
"EXPLORATORY, added after seeing the all-points replay; not pre-registered; one day, 9 matches; backtest replay on real recorded book; assumed feed latency; paper only",1020|LS035,wta-zhen-kalinsk-2026-10-01,138,2,7,A,40,0,1791021612000,0.04,1791021561000,pre-point mid,sets 0-1 games 3-3 pts 40-40,3.39533e-05,0.415,0.588479,0.541521,0.415,0.477917,0.361731,0.116186,True,0,True,True,True,True
"EXPLORATORY, added after seeing the all-points replay; not pre-registered; one day, 9 matches; backtest replay on real recorded book; assumed feed latency; paper only",1020|LS035,wta-zhen-kalinsk-2026-10-01,139,2,7,G,40,0,1791021649000,0.09,1791021614000,pre-point mid,sets 0-1 games 3-3 pts A-40,4.35803e-05,0.475,0.588087,0.541913,0.475,0.549323,0.412172,0.137151,True,0,True,True,True,True
"EXPLORATORY, added after seeing the all-points replay; not pre-registered; one day, 9 matches; backtest replay on real recorded book; assumed feed latency; paper only",1020|LS035,wta-zhen-kalinsk-2026-10-01,140,2,8,15,0,0,1791021787000,0.01,1791021651000,pre-point mid,sets 0-1 games 4-3 pts 0-0,0.999944,0.585,0.592941,0.537059,0.585,0.60869,0.550494,0.058196,True,0,True,True,True,False
"EXPLORATORY, added after seeing the all-points replay; not pre-registered; one day, 9 matches; backtest replay on real recorded book; assumed feed latency; paper only",1020|LS035,wta-zhen-kalinsk-2026-10-01,141,2,8,30,0,0,1791021815000,0.02,1791021789000,pre-point mid,sets 0-1 games 4-3 pts 15-0,0.999956,0.595,0.591033,0.538967,0.595,0.614517,0.566795,0.0477225,True,0,True,True,True,False
"EXPLORATORY, added after seeing the all-points replay; not pre-registered; one day, 9 matches; backtest replay on real recorded book; assumed feed latency; paper only",1020|LS035,wta-zhen-kalinsk-2026-10-01,142,2,8,30,15,1,1791021859000,0.02,1791021817000,pre-point mid,sets 0-1 games 4-3 pts 30-0,0.999966,0.615,0.591101,0.538899,0.615,0.627452,0.597,0.0304521,True,1,True,True,False,False
"EXPLORATORY, added after seeing the all-points replay; not pre-registered; one day, 9 matches; backtest replay on real recorded book; assumed feed latency; paper only",1020|LS035,wta-zhen-kalinsk-2026-10-01,143,2,8,30,30,1,1791021907000,0.045,1791021861000,pre-point mid,sets 0-1 games 4-3 pts 30-15,0.999955,0.605,0.592221,0.537779,0.605,0.628416,0.570995,0.0574203,True,1,True,True,True,False
"EXPLORATORY, added after seeing the all-points replay; not pre-registered; one day, 9 matches; backtest replay on real recorded book; assumed feed latency; paper only",1020|LS035,wta-zhen-kalinsk-2026-10-01,144,2,8,30,40,1,1791021948000,0.07,1791021909000,pre-point mid,sets 0-1 games 4-3 pts 30-30,0.999941,0.555,0.590018,0.539982,0.555001,0.59613,0.495813,0.100317,True,1,True,True,True,True
"EXPLORATORY, added after seeing the all-points replay; not pre-registered; one day, 9 matches; backtest replay on real recorded book; assumed feed latency; paper only",1020|LS035,wta-zhen-kalinsk-2026-10-01,145,2,8,40,40,0,1791021992000,0.08,1791021950000,pre-point mid,sets 0-1 games 4-3 pts 30-40,0.999922,0.485,0.588528,0.541472,0.485,0.544109,0.40046,0.14365,True,0,True,True,True,True
"EXPLORATORY, added after seeing the all-points replay; not pre-registered; one day, 9 matches; backtest replay on real recorded book; assumed feed latency; paper only",1020|LS035,wta-zhen-kalinsk-2026-10-01,146,2,8,A,40,0,1791022018000,0.04,1791021994000,pre-point mid,sets 0-1 games 4-3 pts 40-40,0.999939,0.545,0.588649,0.541351,0.545,0.586313,0.485883,0.10043,True,0,True,True,True,True
"EXPLORATORY, added after seeing the all-points replay; not pre-registered; one day, 9 matches; backtest replay on real recorded book; assumed feed latency; paper only",1020|LS035,wta-zhen-kalinsk-2026-10-01,147,2,8,G,40,0,1791022045000,0.03,1791022020000,pre-point mid,sets 0-1 games 4-3 pts A-40,0.999953,0.585,0.588467,0.541533,0.585,0.613908,0.543664,0.0702436,True,0,True,True,True,True
"EXPLORATORY, added after seeing the all-points replay; not pre-registered; one day, 9 matches; backtest replay on real recorded book; assumed feed latency; paper only",1020|LS035,wta-zhen-kalinsk-2026-10-01,148,2,9,0,15,1,1791022096000,0.01,1791022047000,pre-point mid,sets 0-1 games 5-3 pts 0-0,3.68905e-05,0.61,0.587909,0.542091,0.61,0.622785,0.5992,0.023585,True,1,True,True,False,False
"EXPLORATORY, added after seeing the all-points replay; not pre-registered; one day, 9 matches; backtest replay on real recorded book; assumed feed latency; paper only",1020|LS035,wta-zhen-kalinsk-2026-10-01,149,2,9,0,30,1,1791022147000,0.02,1791022098000,pre-point mid,sets 0-1 games 5-3 pts 0-15,2.80439e-05,0.605,0.588733,0.541267,0.605001,0.61654,0.595221,0.0213194,True,1,True,True,False,False
"EXPLORATORY, added after seeing the all-points replay; not pre-registered; one day, 9 matches; backtest replay on real recorded book; assumed feed latency; paper only",1020|LS035,wta-zhen-kalinsk-2026-10-01,150,2,9,15,30,0,1791022175000,0.01,1791022149000,pre-point mid,sets 0-1 games 5-3 pts 0-30,2.13086e-05,0.585,0.587287,0.542713,0.585,0.593351,0.577964,0.0153873,True,0,True,False,False,False
"EXPLORATORY, added after seeing the all-points replay; not pre-registered; one day, 9 matches; backtest replay on real recorded book; assumed feed latency; paper only",1020|LS035,wta-zhen-kalinsk-2026-10-01,151,2,9,15,40,1,1791022192000,-0,1791022177000,pre-point mid,sets 0-1 games 5-3 pts 15-30,2.73661e-05,0.585,0.586109,0.543891,0.585,0.598987,0.57327,0.0257169,True,1,True,True,False,False
"EXPLORATORY, added after seeing the all-points replay; not pre-registered; one day, 9 matches; backtest replay on real recorded book; assumed feed latency; paper only",1020|LS035,wta-zhen-kalinsk-2026-10-01,152,2,9,15,G,1,1791022227000,0.01,1791022194000,pre-point mid,sets 0-1 games 5-3 pts 15-40,2.08253e-05,0.585,0.587762,0.542238,0.585,0.593029,0.578222,0.0148063,True,1,True,False,False,False
"EXPLORATORY, added after seeing the all-points replay; not pre-registered; one day, 9 matches; backtest replay on real recorded book; assumed feed latency; paper only",1020|LS035,wta-zhen-kalinsk-2026-10-01,153,2,10,15,0,0,1791022358000,0.015,1791022229000,pre-point mid,sets 0-1 games 5-4 pts 0-0,0.999984,0.585,0.588724,0.541276,0.585,0.615305,0.54162,0.0736855,True,0,True,True,True,True
"EXPLORATORY, added after seeing the all-points replay; not pre-registered; one day, 9 matches; backtest replay on real recorded book; assumed feed latency; paper only",1020|LS035,wta-zhen-kalinsk-2026-10-01,154,2,10,30,0,0,1791022388000,0.02,1791022360000,pre-point mid,sets 0-1 games 5-4 pts 15-0,0.999988,0.595,0.58579,0.54421,0.595,0.620346,0.559156,0.0611902,True,0,True,True,True,True
"EXPLORATORY, added after seeing the all-points replay; not pre-registered; one day, 9 matches; backtest replay on real recorded book; assumed feed latency; paper only",1020|LS035,wta-zhen-kalinsk-2026-10-01,155,2,10,40,0,0,1791022418000,0.02,1791022390000,pre-point mid,sets 0-1 games 5-4 pts 30-0,0.99999,0.615,0.585006,0.544994,0.615,0.6315,0.591741,0.0397593,True,0,True,True,False,False
"EXPLORATORY, added after seeing the all-points replay; not pre-registered; one day, 9 matches; backtest replay on real recorded book; assumed feed latency; paper only",1020|LS035,wta-zhen-kalinsk-2026-10-01,156,2,10,G,0,0,1791022445000,0,1791022420000,pre-point mid,sets 0-1 games 5-4 pts 40-0,0.999993,0.635,0.58553,0.54447,0.635,0.641356,0.62602,0.0153357,True,0,True,False,False,False
"EXPLORATORY, added after seeing the all-points replay; not pre-registered; one day, 9 matches; backtest replay on real recorded book; assumed feed latency; paper only",1020|LS035,wta-zhen-kalinsk-2026-10-01,157,3,1,15,0,0,1791022629000,0.04,1791022447000,pre-point mid,sets 1-1 games 0-0 pts 0-0,5.80821e-06,0.635,0.584569,0.545431,0.634999,0.674006,0.602491,0.071515,True,0,True,True,True,True
"EXPLORATORY, added after seeing the all-points replay; not pre-registered; one day, 9 matches; backtest replay on real recorded book; assumed feed latency; paper only",1020|LS035,wta-zhen-kalinsk-2026-10-01,158,3,1,15,15,1,1791022656000,0.03,1791022631000,pre-point mid,sets 1-1 games 0-0 pts 15-0,7.46926e-06,0.665,0.583156,0.546844,0.665,0.709294,0.628294,0.0809997,True,1,True,True,True,True
"EXPLORATORY, added after seeing the all-points replay; not pre-registered; one day, 9 matches; backtest replay on real recorded book; assumed feed latency; paper only",1020|LS035,wta-zhen-kalinsk-2026-10-01,159,3,1,30,15,0,1791022677000,0.035,1791022658000,pre-point mid,sets 1-1 games 0-0 pts 15-15,5.69362e-06,0.645,0.585701,0.544299,0.645,0.691774,0.60584,0.0859336,True,0,True,True,True,True
"EXPLORATORY, added after seeing the all-points replay; not pre-registered; one day, 9 matches; backtest replay on real recorded book; assumed feed latency; paper only",1020|LS035,wta-zhen-kalinsk-2026-10-01,160,3,1,40,15,0,1791022705000,0.07,1791022679000,pre-point mid,sets 1-1 games 0-0 pts 30-15,7.31785e-06,0.695,0.586229,0.543771,0.695,0.747529,0.650928,0.0966007,True,0,True,True,True,True
"EXPLORATORY, added after seeing the all-points replay; not pre-registered; one day, 9 matches; backtest replay on real recorded book; assumed feed latency; paper only",1020|LS035,wta-zhen-kalinsk-2026-10-01,161,3,1,G,15,0,1791022747000,0.05,1791022707000,pre-point mid,sets 1-1 games 0-0 pts 40-15,9.40302e-06,0.755,0.587594,0.542406,0.755,0.794748,0.721467,0.0732818,True,0,True,True,True,True
"EXPLORATORY, added after seeing the all-points replay; not pre-registered; one day, 9 matches; backtest replay on real recorded book; assumed feed latency; paper only",1020|LS035,wta-zhen-kalinsk-2026-10-01,162,3,2,15,0,0,1791023177000,0.035,1791022749000,pre-point mid,sets 1-1 games 1-0 pts 0-0,0.999988,0.815,0.591912,0.538088,0.815,0.837599,0.782221,0.0553784,True,0,True,True,True,False
"EXPLORATORY, added after seeing the all-points replay; not pre-registered; one day, 9 matches; backtest replay on real recorded book; assumed feed latency; paper only",1020|LS035,wta-zhen-kalinsk-2026-10-01,163,3,2,30,0,0,1791023224000,0.025,1791023179000,pre-point mid,sets 1-1 games 1-0 pts 15-0,0.999991,0.85,0.594982,0.535018,0.85,0.867283,0.824612,0.0426711,True,0,True,True,True,False
"EXPLORATORY, added after seeing the all-points replay; not pre-registered; one day, 9 matches; backtest replay on real recorded book; assumed feed latency; paper only",1020|LS035,wta-zhen-kalinsk-2026-10-01,164,3,2,40,0,0,1791023259000,0.01,1791023226000,pre-point mid,sets 1-1 games 1-0 pts 30-0,0.999993,0.855,0.591651,0.538349,0.855,0.866782,0.837928,0.0288543,True,0,True,True,False,False
"EXPLORATORY, added after seeing the all-points replay; not pre-registered; one day, 9 matches; backtest replay on real recorded book; assumed feed latency; paper only",1020|LS035,wta-zhen-kalinsk-2026-10-01,165,3,2,G,0,0,1791023284000,0.005,1791023261000,pre-point mid,sets 1-1 games 1-0 pts 40-0,0.999994,0.865,0.59115,0.53885,0.865,0.869533,0.858446,0.011087,True,0,True,False,False,False
"EXPLORATORY, added after seeing the all-points replay; not pre-registered; one day, 9 matches; backtest replay on real recorded book; assumed feed latency; paper only",1020|LS035,wta-zhen-kalinsk-2026-10-01,166,3,3,0,15,1,1791023338000,0.02,1791023286000,pre-point mid,sets 1-1 games 2-0 pts 0-0,4.48222e-06,0.885,0.595819,0.534181,0.885,0.905098,0.867474,0.0376232,True,1,True,True,False,False
"EXPLORATORY, added after seeing the all-points replay; not pre-registered; one day, 9 matches; backtest replay on real recorded book; assumed feed latency; paper only",1020|LS035,wta-zhen-kalinsk-2026-10-01,167,3,3,15,15,0,1791023355000,0.02,1791023340000,pre-point mid,sets 1-1 games 2-0 pts 0-15,3.39142e-06,0.865,0.595109,0.534891,0.865,0.883798,0.848654,0.0351447,True,0,True,True,False,False
"EXPLORATORY, added after seeing the all-points replay; not pre-registered; one day, 9 matches; backtest replay on real recorded book; assumed feed latency; paper only",1020|LS035,wta-zhen-kalinsk-2026-10-01,168,3,3,30,15,0,1791023389000,0.03,1791023357000,pre-point mid,sets 1-1 games 2-0 pts 15-15,4.33933e-06,0.885,0.595491,0.534509,0.885,0.909398,0.863752,0.0456461,True,0,True,True,True,False
"EXPLORATORY, added after seeing the all-points replay; not pre-registered; one day, 9 matches; backtest replay on real recorded book; assumed feed latency; paper only",1020|LS035,wta-zhen-kalinsk-2026-10-01,169,3,3,40,15,0,1791023407000,0.03,1791023391000,pre-point mid,sets 1-1 games 2-0 pts 30-15,5.55119e-06,0.905,0.593845,0.536155,0.905,0.932869,0.880889,0.0519803,True,0,True,True,True,False
"EXPLORATORY, added after seeing the all-points replay; not pre-registered; one day, 9 matches; backtest replay on real recorded book; assumed feed latency; paper only",1020|LS035,wta-zhen-kalinsk-2026-10-01,170,3,3,G,15,0,1791023437000,0.03,1791023409000,pre-point mid,sets 1-1 games 2-0 pts 40-15,7.10699e-06,0.935,0.594888,0.535112,0.935,0.955392,0.917284,0.0381073,True,0,True,True,False,False
"EXPLORATORY, added after seeing the all-points replay; not pre-registered; one day, 9 matches; backtest replay on real recorded book; assumed feed latency; paper only",1020|LS036,wta-bencic-zakharo-2026-10-01,1,1,1,0,15,1,1791015010000,,1791014980000,no price yet,sets 0-0 games 0-0 pts 0-0,0.5,,0.565,0.565,0.5,0.518503,0.481497,,True,1,False,False,False,False
"EXPLORATORY, added after seeing the all-points replay; not pre-registered; one day, 9 matches; backtest replay on real recorded book; assumed feed latency; paper only",1020|LS036,wta-bencic-zakharo-2026-10-01,2,1,1,15,15,0,1791015036000,,1791015012000,no price yet,sets 0-0 games 0-0 pts 0-15,0.435,,0.565,0.565,0.481497,0.5,0.463608,,True,0,False,False,False,False
"EXPLORATORY, added after seeing the all-points replay; not pre-registered; one day, 9 matches; backtest replay on real recorded book; assumed feed latency; paper only",1020|LS036,wta-bencic-zakharo-2026-10-01,3,1,1,30,15,0,1791015066000,,1791015038000,no price yet,sets 0-0 games 0-0 pts 15-15,0.5,,0.565,0.565,0.5,0.522331,0.477669,,True,0,False,False,False,False
"EXPLORATORY, added after seeing the all-points replay; not pre-registered; one day, 9 matches; backtest replay on real recorded book; assumed feed latency; paper only",1020|LS036,wta-bencic-zakharo-2026-10-01,4,1,1,40,15,0,1791015113000,,1791015068000,no price yet,sets 0-0 games 0-0 pts 30-15,0.565,,0.565,0.565,0.522331,0.54392,0.5,,True,0,False,False,False,False
"EXPLORATORY, added after seeing the all-points replay; not pre-registered; one day, 9 matches; backtest replay on real recorded book; assumed feed latency; paper only",1020|LS036,wta-bencic-zakharo-2026-10-01,5,1,1,40,30,1,1791015157000,,1791015115000,no price yet,sets 0-0 games 0-0 pts 40-15,0.62784,,0.565,0.565,0.54392,0.556834,0.530119,,True,1,False,False,False,False
"EXPLORATORY, added after seeing the all-points replay; not pre-registered; one day, 9 matches; backtest replay on real recorded book; assumed feed latency; paper only",1020|LS036,wta-bencic-zakharo-2026-10-01,6,1,1,40,40,1,1791015182000,,1791015159000,no price yet,sets 0-0 games 0-0 pts 40-30,0.565,,0.565,0.565,0.530119,0.559237,0.5,,True,1,False,False,False,False
"EXPLORATORY, added after seeing the all-points replay; not pre-registered; one day, 9 matches; backtest replay on real recorded book; assumed feed latency; paper only",1020|LS036,wta-bencic-zakharo-2026-10-01,7,1,1,40,A,1,1791015247000,,1791015184000,no price yet,sets 0-0 games 0-0 pts 40-40,0.5,,0.565,0.565,0.5,0.530119,0.469881,,True,1,False,False,False,False
"EXPLORATORY, added after seeing the all-points replay; not pre-registered; one day, 9 matches; backtest replay on real recorded book; assumed feed latency; paper only",1020|LS036,wta-bencic-zakharo-2026-10-01,8,1,1,40,40,0,1791015282000,,1791015249000,no price yet,sets 0-0 games 0-0 pts 40-A,0.435,,0.565,0.565,0.469881,0.5,0.440763,,True,0,False,False,False,False
"EXPLORATORY, added after seeing the all-points replay; not pre-registered; one day, 9 matches; backtest replay on real recorded book; assumed feed latency; paper only",1020|LS036,wta-bencic-zakharo-2026-10-01,9,1,1,40,A,1,1791015311000,,1791015284000,no price yet,sets 0-0 games 0-0 pts 40-40,0.5,,0.565,0.565,0.5,0.530119,0.469881,,True,1,False,False,False,False
"EXPLORATORY, added after seeing the all-points replay; not pre-registered; one day, 9 matches; backtest replay on real recorded book; assumed feed latency; paper only",1020|LS036,wta-bencic-zakharo-2026-10-01,10,1,1,40,40,0,1791015341000,,1791015313000,no price yet,sets 0-0 games 0-0 pts 40-A,0.435,,0.565,0.565,0.469881,0.5,0.440763,,True,0,False,False,False,False
"EXPLORATORY, added after seeing the all-points replay; not pre-registered; one day, 9 matches; backtest replay on real recorded book; assumed feed latency; paper only",1020|LS036,wta-bencic-zakharo-2026-10-01,11,1,1,A,40,0,1791015384000,,1791015343000,no price yet,sets 0-0 games 0-0 pts 40-40,0.5,,0.565,0.565,0.5,0.530119,0.469881,,True,0,False,False,False,False
"EXPLORATORY, added after seeing the all-points replay; not pre-registered; one day, 9 matches; backtest replay on real recorded book; assumed feed latency; paper only",1020|LS036,wta-bencic-zakharo-2026-10-01,12,1,1,G,40,0,1791015421000,,1791015386000,no price yet,sets 0-0 games 0-0 pts A-40,0.565,,0.565,0.565,0.530119,0.559237,0.5,,True,0,False,False,False,False
"EXPLORATORY, added after seeing the all-points replay; not pre-registered; one day, 9 matches; backtest replay on real recorded book; assumed feed latency; paper only",1020|LS036,wta-bencic-zakharo-2026-10-01,13,1,2,15,0,0,1791015500000,,1791015423000,no price yet,sets 0-0 games 1-0 pts 0-0,0.37216,,0.565,0.565,0.559237,0.580944,0.538926,,True,0,False,False,False,False
"EXPLORATORY, added after seeing the all-points replay; not pre-registered; one day, 9 matches; backtest replay on real recorded book; assumed feed latency; paper only",1020|LS036,wta-bencic-zakharo-2026-10-01,14,1,2,30,0,0,1791015539000,,1791015502000,no price yet,sets 0-0 games 1-0 pts 15-0,0.435,,0.565,0.565,0.580944,0.60288,0.559737,,True,0,False,False,False,False
"EXPLORATORY, added after seeing the all-points replay; not pre-registered; one day, 9 matches; backtest replay on real recorded book; assumed feed latency; paper only",1020|LS036,wta-bencic-zakharo-2026-10-01,15,1,2,40,0,0,1791015577000,,1791015541000,no price yet,sets 0-0 games 1-0 pts 30-0,0.5,,0.565,0.565,0.60288,0.620338,0.585421,,True,0,False,False,False,False
"EXPLORATORY, added after seeing the all-points replay; not pre-registered; one day, 9 matches; backtest replay on real recorded book; assumed feed latency; paper only",1020|LS036,wta-bencic-zakharo-2026-10-01,16,1,2,G,0,0,1791015604000,,1791015579000,no price yet,sets 0-0 games 1-0 pts 40-0,0.565,,0.565,0.565,0.620338,0.62892,0.611461,,True,0,False,False,False,False
"EXPLORATORY, added after seeing the all-points replay; not pre-registered; one day, 9 matches; backtest replay on real recorded book; assumed feed latency; paper only",1020|LS036,wta-bencic-zakharo-2026-10-01,17,1,3,0,15,1,1791015647000,,1791015606000,no price yet,sets 0-0 games 2-0 pts 0-0,0.37216,,0.565,0.565,0.62892,0.64513,0.613753,,True,1,False,False,False,False
"EXPLORATORY, added after seeing the all-points replay; not pre-registered; one day, 9 matches; backtest replay on real recorded book; assumed feed latency; paper only",1020|LS036,wta-bencic-zakharo-2026-10-01,18,1,3,0,30,1,1791015673000,,1791015649000,no price yet,sets 0-0 games 2-0 pts 0-15,0.313364,,0.565,0.565,0.613753,0.629203,0.599732,,True,1,False,False,False,False
"EXPLORATORY, added after seeing the all-points replay; not pre-registered; one day, 9 matches; backtest replay on real recorded book; assumed feed latency; paper only",1020|LS036,wta-bencic-zakharo-2026-10-01,19,1,3,15,30,0,1791015700000,,1791015675000,no price yet,sets 0-0 games 2-0 pts 0-30,0.26001,,0.565,0.565,0.599732,0.610889,0.589886,,True,0,False,False,False,False
"EXPLORATORY, added after seeing the all-points replay; not pre-registered; one day, 9 matches; backtest replay on real recorded book; assumed feed latency; paper only",1020|LS036,wta-bencic-zakharo-2026-10-01,20,1,3,30,30,0,1791015724000,,1791015702000,no price yet,sets 0-0 games 2-0 pts 15-30,0.313364,,0.565,0.565,0.610889,0.629491,0.594009,,True,0,False,False,False,False
"EXPLORATORY, added after seeing the all-points replay; not pre-registered; one day, 9 matches; backtest replay on real recorded book; assumed feed latency; paper only",1020|LS036,wta-bencic-zakharo-2026-10-01,21,1,3,40,30,0,1791015757000,,1791015726000,no price yet,sets 0-0 games 2-0 pts 30-30,0.37216,,0.565,0.565,0.629491,0.655897,0.604785,,True,0,False,False,False,False
"EXPLORATORY, added after seeing the all-points replay; not pre-registered; one day, 9 matches; backtest replay on real recorded book; assumed feed latency; paper only",1020|LS036,wta-bencic-zakharo-2026-10-01,22,1,3,G,30,0,1791015822000,,1791015759000,no price yet,sets 0-0 games 2-0 pts 40-30,0.435,,0.565,0.565,0.655897,0.683211,0.629491,,True,0,False,False,False,False
"EXPLORATORY, added after seeing the all-points replay; not pre-registered; one day, 9 matches; backtest replay on real recorded book; assumed feed latency; paper only",1020|LS036,wta-bencic-zakharo-2026-10-01,23,1,4,15,0,0,1791015946000,,1791015824000,no price yet,sets 0-0 games 3-0 pts 0-0,0.5,,0.565,0.565,0.683211,0.696417,0.670004,,True,0,False,False,False,False
"EXPLORATORY, added after seeing the all-points replay; not pre-registered; one day, 9 matches; backtest replay on real recorded book; assumed feed latency; paper only",1020|LS036,wta-bencic-zakharo-2026-10-01,24,1,4,30,0,0,1791015975000,,1791015948000,no price yet,sets 0-0 games 3-0 pts 15-0,0.565,,0.565,0.565,0.696417,0.709184,0.683211,,True,0,False,False,False,False
"EXPLORATORY, added after seeing the all-points replay; not pre-registered; one day, 9 matches; backtest replay on real recorded book; assumed feed latency; paper only",1020|LS036,wta-bencic-zakharo-2026-10-01,25,1,4,30,15,1,1791016004000,,1791015977000,no price yet,sets 0-0 games 3-0 pts 30-0,0.62784,,0.565,0.565,0.709184,0.718895,0.698806,,True,1,False,False,False,False
"EXPLORATORY, added after seeing the all-points replay; not pre-registered; one day, 9 matches; backtest replay on real recorded book; assumed feed latency; paper only",1020|LS036,wta-bencic-zakharo-2026-10-01,26,1,4,30,30,1,1791016032000,,1791016006000,no price yet,sets 0-0 games 3-0 pts 30-15,0.565,,0.565,0.565,0.698806,0.713883,0.683211,,True,1,False,False,False,False
"EXPLORATORY, added after seeing the all-points replay; not pre-registered; one day, 9 matches; backtest replay on real recorded book; assumed feed latency; paper only",1020|LS036,wta-bencic-zakharo-2026-10-01,27,1,4,40,30,0,1791016083000,,1791016034000,no price yet,sets 0-0 games 3-0 pts 30-30,0.5,,0.565,0.565,0.683211,0.703667,0.662755,,True,0,False,False,False,False
"EXPLORATORY, added after seeing the all-points replay; not pre-registered; one day, 9 matches; backtest replay on real recorded book; assumed feed latency; paper only",1020|LS036,wta-bencic-zakharo-2026-10-01,28,1,4,G,30,0,1791016122000,,1791016085000,no price yet,sets 0-0 games 3-0 pts 40-30,0.565,,0.565,0.565,0.703667,0.723443,0.683211,,True,0,False,False,False,False
"EXPLORATORY, added after seeing the all-points replay; not pre-registered; one day, 9 matches; backtest replay on real recorded book; assumed feed latency; paper only",1020|LS036,wta-bencic-zakharo-2026-10-01,29,1,5,15,0,0,1791016175000,,1791016124000,no price yet,sets 0-0 games 4-0 pts 0-0,0.37216,,0.565,0.565,0.723443,0.72954,0.717737,,True,0,False,False,False,False
"EXPLORATORY, added after seeing the all-points replay; not pre-registered; one day, 9 matches; backtest replay on real recorded book; assumed feed latency; paper only",1020|LS036,wta-bencic-zakharo-2026-10-01,30,1,5,30,0,0,1791016196000,,1791016177000,no price yet,sets 0-0 games 4-0 pts 15-0,0.435,,0.565,0.565,0.72954,0.735826,0.723463,,True,0,False,False,False,False
"EXPLORATORY, added after seeing the all-points replay; not pre-registered; one day, 9 matches; backtest replay on real recorded book; assumed feed latency; paper only",1020|LS036,wta-bencic-zakharo-2026-10-01,31,1,5,40,0,0,1791016220000,,1791016198000,no price yet,sets 0-0 games 4-0 pts 30-0,0.5,,0.565,0.565,0.735826,0.74083,0.730823,,True,0,False,False,False,False
"EXPLORATORY, added after seeing the all-points replay; not pre-registered; one day, 9 matches; backtest replay on real recorded book; assumed feed latency; paper only",1020|LS036,wta-bencic-zakharo-2026-10-01,32,1,5,40,15,1,1791016262000,,1791016222000,no price yet,sets 0-0 games 4-0 pts 40-0,0.565,,0.565,0.565,0.74083,0.743166,0.738414,,True,1,False,False,False,False
"EXPLORATORY, added after seeing the all-points replay; not pre-registered; one day, 9 matches; backtest replay on real recorded book; assumed feed latency; paper only",1020|LS036,wta-bencic-zakharo-2026-10-01,33,1,5,40,30,1,1791016289000,,1791016264000,no price yet,sets 0-0 games 4-0 pts 40-15,0.5,,0.565,0.565,0.738414,0.743418,0.73341,,True,1,False,False,False,False
"EXPLORATORY, added after seeing the all-points replay; not pre-registered; one day, 9 matches; backtest replay on real recorded book; assumed feed latency; paper only",1020|LS036,wta-bencic-zakharo-2026-10-01,34,1,5,40,40,1,1791016319000,,1791016291000,no price yet,sets 0-0 games 4-0 pts 40-30,0.435,,0.565,0.565,0.73341,0.743678,0.723484,,True,1,False,False,False,False
"EXPLORATORY, added after seeing the all-points replay; not pre-registered; one day, 9 matches; backtest replay on real recorded book; assumed feed latency; paper only",1020|LS036,wta-bencic-zakharo-2026-10-01,35,1,5,A,40,0,1791016359000,,1791016321000,no price yet,sets 0-0 games 4-0 pts 40-40,0.37216,,0.565,0.565,0.723484,0.73341,0.714196,,True,0,False,False,False,False
"EXPLORATORY, added after seeing the all-points replay; not pre-registered; one day, 9 matches; backtest replay on real recorded book; assumed feed latency; paper only",1020|LS036,wta-bencic-zakharo-2026-10-01,36,1,5,40,40,1,1791016402000,,1791016361000,no price yet,sets 0-0 games 4-0 pts A-40,0.435,,0.565,0.565,0.73341,0.743678,0.723484,,True,1,False,False,False,False
"EXPLORATORY, added after seeing the all-points replay; not pre-registered; one day, 9 matches; backtest replay on real recorded book; assumed feed latency; paper only",1020|LS036,wta-bencic-zakharo-2026-10-01,37,1,5,40,A,1,1791016446000,,1791016404000,no price yet,sets 0-0 games 4-0 pts 40-40,0.37216,,0.565,0.565,0.723484,0.73341,0.714196,,True,1,False,False,False,False
"EXPLORATORY, added after seeing the all-points replay; not pre-registered; one day, 9 matches; backtest replay on real recorded book; assumed feed latency; paper only",1020|LS036,wta-bencic-zakharo-2026-10-01,38,1,5,40,G,1,1791016468000,,1791016448000,no price yet,sets 0-0 games 4-0 pts 40-A,0.313364,,0.565,0.565,0.714196,0.723484,0.705767,,True,1,False,False,False,False
"EXPLORATORY, added after seeing the all-points replay; not pre-registered; one day, 9 matches; backtest replay on real recorded book; assumed feed latency; paper only",1020|LS036,wta-bencic-zakharo-2026-10-01,39,1,6,0,15,1,1791016616000,,1791016470000,no price yet,sets 0-0 games 4-1 pts 0-0,0.73999,,0.565,0.565,0.705767,0.716946,0.693101,,True,1,False,False,False,False
"EXPLORATORY, added after seeing the all-points replay; not pre-registered; one day, 9 matches; backtest replay on real recorded book; assumed feed latency; paper only",1020|LS036,wta-bencic-zakharo-2026-10-01,40,1,6,15,15,0,1791016648000,,1791016618000,no price yet,sets 0-0 games 4-1 pts 0-15,0.686636,,0.565,0.565,0.693101,0.705224,0.679741,,True,0,False,False,False,False
"EXPLORATORY, added after seeing the all-points replay; not pre-registered; one day, 9 matches; backtest replay on real recorded book; assumed feed latency; paper only",1020|LS036,wta-bencic-zakharo-2026-10-01,41,1,6,15,30,1,1791016679000,,1791016650000,no price yet,sets 0-0 games 4-1 pts 15-15,0.73999,,0.565,0.565,0.705224,0.718517,0.690162,,True,1,False,False,False,False
"EXPLORATORY, added after seeing the all-points replay; not pre-registered; one day, 9 matches; backtest replay on real recorded book; assumed feed latency; paper only",1020|LS036,wta-bencic-zakharo-2026-10-01,42,1,6,30,30,0,1791016708000,,1791016681000,no price yet,sets 0-0 games 4-1 pts 15-30,0.686636,,0.565,0.565,0.690162,0.704672,0.674172,,True,0,False,False,False,False
"EXPLORATORY, added after seeing the all-points replay; not pre-registered; one day, 9 matches; backtest replay on real recorded book; assumed feed latency; paper only",1020|LS036,wta-bencic-zakharo-2026-10-01,43,1,6,40,30,0,1791016752000,,1791016710000,no price yet,sets 0-0 games 4-1 pts 30-30,0.73999,,0.565,0.565,0.704672,0.722234,0.684772,,True,0,False,False,False,False
"EXPLORATORY, added after seeing the all-points replay; not pre-registered; one day, 9 matches; backtest replay on real recorded book; assumed feed latency; paper only",1020|LS036,wta-bencic-zakharo-2026-10-01,44,1,6,G,30,0,1791016791000,,1791016754000,no price yet,sets 0-0 games 4-1 pts 40-30,0.787078,,0.565,0.565,0.722234,0.737356,0.704672,,True,0,False,False,False,False
"EXPLORATORY, added after seeing the all-points replay; not pre-registered; one day, 9 matches; backtest replay on real recorded book; assumed feed latency; paper only",1020|LS036,wta-bencic-zakharo-2026-10-01,45,1,7,15,0,0,1791016837000,,1791016793000,no price yet,sets 0-0 games 5-1 pts 0-0,0.172376,,0.565,0.565,0.737356,0.740851,0.73441,,True,0,False,False,False,False
"EXPLORATORY, added after seeing the all-points replay; not pre-registered; one day, 9 matches; backtest replay on real recorded book; assumed feed latency; paper only",1020|LS036,wta-bencic-zakharo-2026-10-01,46,1,7,30,0,0,1791016866000,,1791016839000,no price yet,sets 0-0 games 5-1 pts 15-0,0.212922,,0.565,0.565,0.740851,0.744741,0.737501,,True,0,False,False,False,False
"EXPLORATORY, added after seeing the all-points replay; not pre-registered; one day, 9 matches; backtest replay on real recorded book; assumed feed latency; paper only",1020|LS036,wta-bencic-zakharo-2026-10-01,47,1,7,30,15,1,1791016887000,,1791016868000,no price yet,sets 0-0 games 5-1 pts 30-0,0.26001,,0.565,0.565,0.744741,0.748152,0.741732,,True,1,False,False,False,False
"EXPLORATORY, added after seeing the all-points replay; not pre-registered; one day, 9 matches; backtest replay on real recorded book; assumed feed latency; paper only",1020|LS036,wta-bencic-zakharo-2026-10-01,48,1,7,30,30,1,1791016909000,,1791016889000,no price yet,sets 0-0 games 5-1 pts 30-15,0.212922,,0.565,0.565,0.741732,0.746474,0.737648,,True,1,False,False,False,False
"EXPLORATORY, added after seeing the all-points replay; not pre-registered; one day, 9 matches; backtest replay on real recorded book; assumed feed latency; paper only",1020|LS036,wta-bencic-zakharo-2026-10-01,49,1,7,40,30,0,1791016939000,,1791016911000,no price yet,sets 0-0 games 5-1 pts 30-30,0.172376,,0.565,0.565,0.737648,0.743363,0.73283,,True,0,False,False,False,False
"EXPLORATORY, added after seeing the all-points replay; not pre-registered; one day, 9 matches; backtest replay on real recorded book; assumed feed latency; paper only",1020|LS036,wta-bencic-zakharo-2026-10-01,50,1,7,G,30,0,1791016965000,,1791016941000,no price yet,sets 0-0 games 5-1 pts 40-30,0.212922,,0.565,0.565,0.743363,0.75,0.737648,,True,0,False,False,False,False
"EXPLORATORY, added after seeing the all-points replay; not pre-registered; one day, 9 matches; backtest replay on real recorded book; assumed feed latency; paper only",1020|LS036,wta-bencic-zakharo-2026-10-01,51,2,1,0,15,1,1791017123000,,1791016967000,no price yet,sets 1-0 games 0-0 pts 0-0,0.73999,,0.565,0.565,0.75,0.767417,0.730265,,True,1,False,False,False,False
"EXPLORATORY, added after seeing the all-points replay; not pre-registered; one day, 9 matches; backtest replay on real recorded book; assumed feed latency; paper only",1020|LS036,wta-bencic-zakharo-2026-10-01,52,2,1,15,15,0,1791017174000,,1791017125000,no price yet,sets 1-0 games 0-0 pts 0-15,0.686636,,0.565,0.565,0.730265,0.74906,0.709553,,True,0,False,False,False,False
"EXPLORATORY, added after seeing the all-points replay; not pre-registered; one day, 9 matches; backtest replay on real recorded book; assumed feed latency; paper only",1020|LS036,wta-bencic-zakharo-2026-10-01,53,2,1,30,15,0,1791017200000,,1791017176000,no price yet,sets 1-0 games 0-0 pts 15-15,0.73999,,0.565,0.565,0.74906,0.770135,0.72518,,True,0,False,False,False,False
"EXPLORATORY, added after seeing the all-points replay; not pre-registered; one day, 9 matches; backtest replay on real recorded book; assumed feed latency; paper only",1020|LS036,wta-bencic-zakharo-2026-10-01,54,2,1,30,30,1,1791017230000,,1791017202000,no price yet,sets 1-0 games 0-0 pts 30-15,0.787078,,0.565,0.565,0.770135,0.789106,0.748105,,True,1,False,False,False,False
"EXPLORATORY, added after seeing the all-points replay; not pre-registered; one day, 9 matches; backtest replay on real recorded book; assumed feed latency; paper only",1020|LS036,wta-bencic-zakharo-2026-10-01,55,2,1,40,30,0,1791017261000,,1791017232000,no price yet,sets 1-0 games 0-0 pts 30-30,0.73999,,0.565,0.565,0.748105,0.776566,0.715855,,True,0,False,False,False,False
"EXPLORATORY, added after seeing the all-points replay; not pre-registered; one day, 9 matches; backtest replay on real recorded book; assumed feed latency; paper only",1020|LS036,wta-bencic-zakharo-2026-10-01,56,2,1,G,30,0,1791017287000,,1791017263000,no price yet,sets 1-0 games 0-0 pts 40-30,0.787078,,0.565,0.565,0.776566,0.801074,0.748105,,True,0,False,False,False,False
"EXPLORATORY, added after seeing the all-points replay; not pre-registered; one day, 9 matches; backtest replay on real recorded book; assumed feed latency; paper only",1020|LS036,wta-bencic-zakharo-2026-10-01,57,2,2,0,15,1,1791017381000,,1791017289000,no price yet,sets 1-0 games 1-0 pts 0-0,0.172376,,0.565,0.565,0.801074,0.822957,0.782626,,True,1,False,False,False,False
"EXPLORATORY, added after seeing the all-points replay; not pre-registered; one day, 9 matches; backtest replay on real recorded book; assumed feed latency; paper only",1020|LS036,wta-bencic-zakharo-2026-10-01,58,2,2,15,15,0,1791017422000,,1791017383000,no price yet,sets 1-0 games 1-0 pts 0-15,0.138196,,0.565,0.565,0.782626,0.802356,0.766289,,True,0,False,False,False,False
"EXPLORATORY, added after seeing the all-points replay; not pre-registered; one day, 9 matches; backtest replay on real recorded book; assumed feed latency; paper only",1020|LS036,wta-bencic-zakharo-2026-10-01,59,2,2,30,15,0,1791017449000,,1791017424000,no price yet,sets 1-0 games 1-0 pts 15-15,0.172376,,0.565,0.565,0.802356,0.828543,0.78028,,True,0,False,False,False,False
"EXPLORATORY, added after seeing the all-points replay; not pre-registered; one day, 9 matches; backtest replay on real recorded book; assumed feed latency; paper only",1020|LS036,wta-bencic-zakharo-2026-10-01,60,2,2,30,30,1,1791017490000,,1791017451000,no price yet,sets 1-0 games 1-0 pts 30-15,0.212922,,0.565,0.565,0.828543,0.857439,0.803661,,True,1,False,False,False,False
"EXPLORATORY, added after seeing the all-points replay; not pre-registered; one day, 9 matches; backtest replay on real recorded book; assumed feed latency; paper only",1020|LS036,wta-bencic-zakharo-2026-10-01,61,2,2,40,30,0,1791017523000,,1791017492000,no price yet,sets 1-0 games 1-0 pts 30-30,0.172376,,0.565,0.565,0.803661,0.838482,0.774306,,True,0,False,False,False,False
"EXPLORATORY, added after seeing the all-points replay; not pre-registered; one day, 9 matches; backtest replay on real recorded book; assumed feed latency; paper only",1020|LS036,wta-bencic-zakharo-2026-10-01,62,2,2,40,40,1,1791017552000,,1791017525000,no price yet,sets 1-0 games 1-0 pts 40-30,0.212922,,0.565,0.565,0.838482,0.87892,0.803661,,True,1,False,False,False,False
"EXPLORATORY, added after seeing the all-points replay; not pre-registered; one day, 9 matches; backtest replay on real recorded book; assumed feed latency; paper only",1020|LS036,wta-bencic-zakharo-2026-10-01,63,2,2,40,A,1,1791017574000,,1791017554000,no price yet,sets 1-0 games 1-0 pts 40-40,0.172376,,0.565,0.565,0.803661,0.838482,0.774306,,True,1,False,False,False,False
"EXPLORATORY, added after seeing the all-points replay; not pre-registered; one day, 9 matches; backtest replay on real recorded book; assumed feed latency; paper only",1020|LS036,wta-bencic-zakharo-2026-10-01,64,2,2,40,G,1,1791017597000,,1791017576000,no price yet,sets 1-0 games 1-0 pts 40-A,0.138196,,0.565,0.565,0.774306,0.803661,0.75,,True,1,False,False,False,False
"EXPLORATORY, added after seeing the all-points replay; not pre-registered; one day, 9 matches; backtest replay on real recorded book; assumed feed latency; paper only",1020|LS036,wta-bencic-zakharo-2026-10-01,65,2,3,15,0,0,1791017656000,,1791017599000,no price yet,sets 1-0 games 1-1 pts 0-0,0.890107,,0.565,0.565,0.75,0.768632,0.727162,,True,0,False,False,False,False
"EXPLORATORY, added after seeing the all-points replay; not pre-registered; one day, 9 matches; backtest replay on real recorded book; assumed feed latency; paper only",1020|LS036,wta-bencic-zakharo-2026-10-01,66,2,3,30,0,0,1791017685000,,1791017658000,no price yet,sets 1-0 games 1-1 pts 15-0,0.913198,,0.565,0.565,0.768632,0.785013,0.748306,,True,0,False,False,False,False
"EXPLORATORY, added after seeing the all-points replay; not pre-registered; one day, 9 matches; backtest replay on real recorded book; assumed feed latency; paper only",1020|LS036,wta-bencic-zakharo-2026-10-01,67,2,3,40,0,0,1791017723000,,1791017687000,no price yet,sets 1-0 games 1-1 pts 30-0,0.931808,,0.565,0.565,0.785013,0.796239,0.770948,,True,0,False,False,False,False
"EXPLORATORY, added after seeing the all-points replay; not pre-registered; one day, 9 matches; backtest replay on real recorded book; assumed feed latency; paper only",1020|LS036,wta-bencic-zakharo-2026-10-01,68,2,3,G,0,0,1791017746000,,1791017725000,no price yet,sets 1-0 games 1-1 pts 40-0,0.946661,,0.565,0.565,0.796239,0.800716,0.790586,,True,0,False,False,False,False
"EXPLORATORY, added after seeing the all-points replay; not pre-registered; one day, 9 matches; backtest replay on real recorded book; assumed feed latency; paper only",1020|LS036,wta-bencic-zakharo-2026-10-01,69,2,4,15,0,0,1791017874000,,1791017748000,no price yet,sets 1-0 games 2-1 pts 0-0,0.0415764,,0.565,0.565,0.800716,0.824547,0.781961,,True,0,False,False,False,False
"EXPLORATORY, added after seeing the all-points replay; not pre-registered; one day, 9 matches; backtest replay on real recorded book; assumed feed latency; paper only",1020|LS036,wta-bencic-zakharo-2026-10-01,70,2,4,30,0,0,1791017918000,,1791017876000,no price yet,sets 1-0 games 2-1 pts 15-0,0.0533388,,0.565,0.565,0.824547,0.852127,0.802706,,True,0,False,False,False,False
"EXPLORATORY, added after seeing the all-points replay; not pre-registered; one day, 9 matches; backtest replay on real recorded book; assumed feed latency; paper only",1020|LS036,wta-bencic-zakharo-2026-10-01,71,2,4,30,15,1,1791017942000,,1791017920000,no price yet,sets 1-0 games 2-1 pts 30-0,0.0681922,,0.565,0.565,0.852127,0.877813,0.831627,,True,1,False,False,False,False
"EXPLORATORY, added after seeing the all-points replay; not pre-registered; one day, 9 matches; backtest replay on real recorded book; assumed feed latency; paper only",1020|LS036,wta-bencic-zakharo-2026-10-01,72,2,4,30,30,1,1791017961000,,1791017944000,no price yet,sets 1-0 games 2-1 pts 30-15,0.0533388,,0.565,0.565,0.831627,0.86559,0.804731,,True,1,False,False,False,False
"EXPLORATORY, added after seeing the all-points replay; not pre-registered; one day, 9 matches; backtest replay on real recorded book; assumed feed latency; paper only",1020|LS036,wta-bencic-zakharo-2026-10-01,73,2,4,40,30,0,1791017995000,,1791017963000,no price yet,sets 1-0 games 2-1 pts 30-30,0.0415764,,0.565,0.565,0.804731,0.843731,0.774038,,True,0,False,False,False,False
"EXPLORATORY, added after seeing the all-points replay; not pre-registered; one day, 9 matches; backtest replay on real recorded book; assumed feed latency; paper only",1020|LS036,wta-bencic-zakharo-2026-10-01,74,2,4,40,40,1,1791018018000,,1791017997000,no price yet,sets 1-0 games 2-1 pts 40-30,0.0533388,,0.565,0.565,0.843731,0.892979,0.804731,,True,1,False,False,False,False
"EXPLORATORY, added after seeing the all-points replay; not pre-registered; one day, 9 matches; backtest replay on real recorded book; assumed feed latency; paper only",1020|LS036,wta-bencic-zakharo-2026-10-01,75,2,4,40,A,1,1791018038000,,1791018020000,no price yet,sets 1-0 games 2-1 pts 40-40,0.0415764,,0.565,0.565,0.804731,0.843731,0.774038,,True,1,False,False,False,False
"EXPLORATORY, added after seeing the all-points replay; not pre-registered; one day, 9 matches; backtest replay on real recorded book; assumed feed latency; paper only",1020|LS036,wta-bencic-zakharo-2026-10-01,76,2,4,40,40,1,1791018079000,,1791018040000,no price yet,sets 1-0 games 2-1 pts 40-A,0.0323193,,0.565,0.565,0.774038,0.804731,0.75,,True,0,False,False,False,False
"EXPLORATORY, added after seeing the all-points replay; not pre-registered; one day, 9 matches; backtest replay on real recorded book; assumed feed latency; paper only",1020|LS036,wta-bencic-zakharo-2026-10-01,77,2,4,A,40,0,1791018107000,,1791018081000,no price yet,sets 1-0 games 2-1 pts 40-40,0.0415764,,0.565,0.565,0.804731,0.843731,0.774038,,True,0,False,False,False,False
"EXPLORATORY, added after seeing the all-points replay; not pre-registered; one day, 9 matches; backtest replay on real recorded book; assumed feed latency; paper only",1020|LS036,wta-bencic-zakharo-2026-10-01,78,2,4,40,40,1,1791018134000,,1791018109000,no price yet,sets 1-0 games 2-1 pts A-40,0.0533388,,0.565,0.565,0.843731,0.892979,0.804731,,True,1,False,False,False,False
"EXPLORATORY, added after seeing the all-points replay; not pre-registered; one day, 9 matches; backtest replay on real recorded book; assumed feed latency; paper only",1020|LS036,wta-bencic-zakharo-2026-10-01,79,2,4,40,A,1,1791018158000,,1791018136000,no price yet,sets 1-0 games 2-1 pts 40-40,0.0415764,,0.565,0.565,0.804731,0.843731,0.774038,,True,1,False,False,False,False
"EXPLORATORY, added after seeing the all-points replay; not pre-registered; one day, 9 matches; backtest replay on real recorded book; assumed feed latency; paper only",1020|LS036,wta-bencic-zakharo-2026-10-01,80,2,4,40,40,1,1791018227000,,1791018160000,no price yet,sets 1-0 games 2-1 pts 40-A,0.0323193,,0.565,0.565,0.774038,0.804731,0.75,,True,0,False,False,False,False
"EXPLORATORY, added after seeing the all-points replay; not pre-registered; one day, 9 matches; backtest replay on real recorded book; assumed feed latency; paper only",1020|LS036,wta-bencic-zakharo-2026-10-01,81,2,4,40,A,1,1791018263000,,1791018229000,no price yet,sets 1-0 games 2-1 pts 40-40,0.0415764,,0.565,0.565,0.804731,0.843731,0.774038,,True,1,False,False,False,False
"EXPLORATORY, added after seeing the all-points replay; not pre-registered; one day, 9 matches; backtest replay on real recorded book; assumed feed latency; paper only",1020|LS036,wta-bencic-zakharo-2026-10-01,82,2,4,40,40,1,1791018291000,,1791018265000,no price yet,sets 1-0 games 2-1 pts 40-A,0.0323193,,0.565,0.565,0.774038,0.804731,0.75,,True,0,False,False,False,False
"EXPLORATORY, added after seeing the all-points replay; not pre-registered; one day, 9 matches; backtest replay on real recorded book; assumed feed latency; paper only",1020|LS036,wta-bencic-zakharo-2026-10-01,83,2,4,A,40,0,1791018332000,,1791018293000,no price yet,sets 1-0 games 2-1 pts 40-40,0.0415764,,0.565,0.565,0.804731,0.843731,0.774038,,True,0,False,False,False,False
"EXPLORATORY, added after seeing the all-points replay; not pre-registered; one day, 9 matches; backtest replay on real recorded book; assumed feed latency; paper only",1020|LS036,wta-bencic-zakharo-2026-10-01,84,2,4,40,40,1,1791018392000,,1791018334000,no price yet,sets 1-0 games 2-1 pts A-40,0.0533388,,0.565,0.565,0.843731,0.892979,0.804731,,True,1,False,False,False,False
"EXPLORATORY, added after seeing the all-points replay; not pre-registered; one day, 9 matches; backtest replay on real recorded book; assumed feed latency; paper only",1020|LS036,wta-bencic-zakharo-2026-10-01,85,2,4,40,A,1,1791018415000,,1791018394000,no price yet,sets 1-0 games 2-1 pts 40-40,0.0415764,,0.565,0.565,0.804731,0.843731,0.774038,,True,1,False,False,False,False
"EXPLORATORY, added after seeing the all-points replay; not pre-registered; one day, 9 matches; backtest replay on real recorded book; assumed feed latency; paper only",1020|LS036,wta-bencic-zakharo-2026-10-01,86,2,4,40,G,1,1791018436000,,1791018417000,no price yet,sets 1-0 games 2-1 pts 40-A,0.0323193,,0.565,0.565,0.774038,0.804731,0.75,,True,1,False,False,False,False
"EXPLORATORY, added after seeing the all-points replay; not pre-registered; one day, 9 matches; backtest replay on real recorded book; assumed feed latency; paper only",1020|LS036,wta-bencic-zakharo-2026-10-01,87,2,5,15,0,0,1791018479000,,1791018438000,no price yet,sets 1-0 games 2-2 pts 0-0,0.974931,,0.565,0.565,0.75,0.770803,0.723335,,True,0,False,False,False,False
"EXPLORATORY, added after seeing the all-points replay; not pre-registered; one day, 9 matches; backtest replay on real recorded book; assumed feed latency; paper only",1020|LS036,wta-bencic-zakharo-2026-10-01,88,2,5,15,15,1,1791018502000,,1791018481000,no price yet,sets 1-0 games 2-2 pts 15-0,0.980587,,0.565,0.565,0.770803,0.788812,0.747651,,True,1,False,False,False,False
"EXPLORATORY, added after seeing the all-points replay; not pre-registered; one day, 9 matches; backtest replay on real recorded book; assumed feed latency; paper only",1020|LS036,wta-bencic-zakharo-2026-10-01,89,2,5,30,15,0,1791018540000,,1791018504000,no price yet,sets 1-0 games 2-2 pts 15-15,0.974931,,0.565,0.565,0.747651,0.773017,0.715139,,True,0,False,False,False,False
"EXPLORATORY, added after seeing the all-points replay; not pre-registered; one day, 9 matches; backtest replay on real recorded book; assumed feed latency; paper only",1020|LS036,wta-bencic-zakharo-2026-10-01,90,2,5,30,30,1,1791018574000,,1791018542000,no price yet,sets 1-0 games 2-2 pts 30-15,0.980587,,0.565,0.565,0.773017,0.794606,0.745263,,True,1,False,False,False,False
"EXPLORATORY, added after seeing the all-points replay; not pre-registered; one day, 9 matches; backtest replay on real recorded book; assumed feed latency; paper only",1020|LS036,wta-bencic-zakharo-2026-10-01,91,2,5,30,40,1,1791018612000,,1791018576000,no price yet,sets 1-0 games 2-2 pts 30-30,0.974931,,0.565,0.565,0.745263,0.779646,0.701191,,True,1,False,False,False,False
"EXPLORATORY, added after seeing the all-points replay; not pre-registered; one day, 9 matches; backtest replay on real recorded book; assumed feed latency; paper only",1020|LS036,wta-bencic-zakharo-2026-10-01,92,2,5,30,G,1,1791018658000,,1791018614000,no price yet,sets 1-0 games 2-2 pts 30-40,0.967681,,0.565,0.565,0.701191,0.745263,0.644919,,True,1,False,False,False,False
"EXPLORATORY, added after seeing the all-points replay; not pre-registered; one day, 9 matches; backtest replay on real recorded book; assumed feed latency; paper only",1020|LS036,wta-bencic-zakharo-2026-10-01,93,2,6,0,15,1,1791018797000,,1791018660000,no price yet,sets 1-0 games 2-3 pts 0-0,0.0415764,,0.565,0.565,0.644919,0.672061,0.623558,,True,1,False,False,False,False
"EXPLORATORY, added after seeing the all-points replay; not pre-registered; one day, 9 matches; backtest replay on real recorded book; assumed feed latency; paper only",1020|LS036,wta-bencic-zakharo-2026-10-01,94,2,6,0,30,1,1791018835000,,1791018799000,no price yet,sets 1-0 games 2-3 pts 0-15,0.0323193,,0.565,0.565,0.623558,0.647186,0.605053,,True,1,False,False,False,False
"EXPLORATORY, added after seeing the all-points replay; not pre-registered; one day, 9 matches; backtest replay on real recorded book; assumed feed latency; paper only",1020|LS036,wta-bencic-zakharo-2026-10-01,95,2,6,0,40,1,1791018860000,,1791018837000,no price yet,sets 1-0 games 2-3 pts 0-30,0.0250695,,0.565,0.565,0.605053,0.621263,0.592406,,True,1,False,False,False,False
"EXPLORATORY, added after seeing the all-points replay; not pre-registered; one day, 9 matches; backtest replay on real recorded book; assumed feed latency; paper only",1020|LS036,wta-bencic-zakharo-2026-10-01,96,2,6,15,40,0,1791018911000,,1791018862000,no price yet,sets 1-0 games 2-3 pts 0-40,0.0194132,,0.565,0.565,0.592406,0.599155,0.587157,,True,0,False,False,False,False
"EXPLORATORY, added after seeing the all-points replay; not pre-registered; one day, 9 matches; backtest replay on real recorded book; assumed feed latency; paper only",1020|LS036,wta-bencic-zakharo-2026-10-01,97,2,6,15,G,1,1791018953000,,1791018913000,no price yet,sets 1-0 games 2-3 pts 15-40,0.0250695,,0.565,0.565,0.599155,0.614534,0.587157,,True,1,False,False,False,False
"EXPLORATORY, added after seeing the all-points replay; not pre-registered; one day, 9 matches; backtest replay on real recorded book; assumed feed latency; paper only",1020|LS036,wta-bencic-zakharo-2026-10-01,98,2,7,0,15,1,1791018995000,,1791018955000,no price yet,sets 1-0 games 2-4 pts 0-0,0.980587,,0.565,0.565,0.587157,0.600432,0.570091,,True,1,False,False,False,False
"EXPLORATORY, added after seeing the all-points replay; not pre-registered; one day, 9 matches; backtest replay on real recorded book; assumed feed latency; paper only",1020|LS036,wta-bencic-zakharo-2026-10-01,99,2,7,15,15,0,1791019026000,,1791018997000,no price yet,sets 1-0 games 2-4 pts 0-15,0.974931,,0.565,0.565,0.570091,0.585663,0.55013,,True,0,False,False,False,False
"EXPLORATORY, added after seeing the all-points replay; not pre-registered; one day, 9 matches; backtest replay on real recorded book; assumed feed latency; paper only",1020|LS036,wta-bencic-zakharo-2026-10-01,100,2,7,15,30,1,1791019049000,,1791019028000,no price yet,sets 1-0 games 2-4 pts 15-15,0.980587,,0.565,0.565,0.585663,0.601851,0.564853,,True,1,False,False,False,False
"EXPLORATORY, added after seeing the all-points replay; not pre-registered; one day, 9 matches; backtest replay on real recorded book; assumed feed latency; paper only",1020|LS036,wta-bencic-zakharo-2026-10-01,101,2,7,30,30,0,1791019079000,,1791019051000,no price yet,sets 1-0 games 2-4 pts 15-30,0.974931,,0.565,0.565,0.564853,0.584145,0.540127,,True,0,False,False,False,False
"EXPLORATORY, added after seeing the all-points replay; not pre-registered; one day, 9 matches; backtest replay on real recorded book; assumed feed latency; paper only",1020|LS036,wta-bencic-zakharo-2026-10-01,102,2,7,40,30,0,1791019107000,,1791019081000,no price yet,sets 1-0 games 2-4 pts 30-30,0.980587,,0.565,0.565,0.584145,0.606087,0.555935,,True,0,False,False,False,False
"EXPLORATORY, added after seeing the all-points replay; not pre-registered; one day, 9 matches; backtest replay on real recorded book; assumed feed latency; paper only",1020|LS036,wta-bencic-zakharo-2026-10-01,103,2,7,G,30,0,1791019143000,,1791019109000,no price yet,sets 1-0 games 2-4 pts 40-30,0.984986,,0.565,0.565,0.606087,0.623116,0.584145,,True,0,False,False,False,False
"EXPLORATORY, added after seeing the all-points replay; not pre-registered; one day, 9 matches; backtest replay on real recorded book; assumed feed latency; paper only",1020|LS036,wta-bencic-zakharo-2026-10-01,104,2,8,0,15,1,1791019288000,,1791019145000,no price yet,sets 1-0 games 3-4 pts 0-0,0.0115992,,0.565,0.565,0.623116,0.655183,0.598275,,True,1,False,False,False,False
"EXPLORATORY, added after seeing the all-points replay; not pre-registered; one day, 9 matches; backtest replay on real recorded book; assumed feed latency; paper only",1020|LS036,wta-bencic-zakharo-2026-10-01,105,2,8,15,15,0,1791019322000,,1791019290000,no price yet,sets 1-0 games 3-4 pts 0-15,0.00895423,,0.565,0.565,0.598275,0.62599,0.576836,,True,0,False,False,False,False
"EXPLORATORY, added after seeing the all-points replay; not pre-registered; one day, 9 matches; backtest replay on real recorded book; assumed feed latency; paper only",1020|LS036,wta-bencic-zakharo-2026-10-01,106,2,8,15,30,1,1791019385000,,1791019324000,no price yet,sets 1-0 games 3-4 pts 15-15,0.0115992,,0.565,0.565,0.62599,0.665066,0.59572,,True,1,False,False,False,False
"EXPLORATORY, added after seeing the all-points replay; not pre-registered; one day, 9 matches; backtest replay on real recorded book; assumed feed latency; paper only",1020|LS036,wta-bencic-zakharo-2026-10-01,107,2,8,30,30,0,1791019430000,,1791019387000,no price yet,sets 1-0 games 3-4 pts 15-30,0.00895423,,0.565,0.565,0.59572,0.628913,0.570042,,True,0,False,False,False,False
"EXPLORATORY, added after seeing the all-points replay; not pre-registered; one day, 9 matches; backtest replay on real recorded book; assumed feed latency; paper only",1020|LS036,wta-bencic-zakharo-2026-10-01,108,2,8,30,40,1,1791019475000,,1791019432000,no price yet,sets 1-0 games 3-4 pts 30-30,0.0115992,,0.565,0.565,0.628913,0.681822,0.587927,,True,1,False,False,False,False
"EXPLORATORY, added after seeing the all-points replay; not pre-registered; one day, 9 matches; backtest replay on real recorded book; assumed feed latency; paper only",1020|LS036,wta-bencic-zakharo-2026-10-01,109,2,8,40,40,0,1791019502000,,1791019477000,no price yet,sets 1-0 games 3-4 pts 30-40,0.00895423,,0.565,0.565,0.587927,0.628913,0.556222,,True,0,False,False,False,False
"EXPLORATORY, added after seeing the all-points replay; not pre-registered; one day, 9 matches; backtest replay on real recorded book; assumed feed latency; paper only",1020|LS036,wta-bencic-zakharo-2026-10-01,110,2,8,A,40,0,1791019539000,,1791019504000,no price yet,sets 1-0 games 3-4 pts 40-40,0.0115992,,0.565,0.565,0.628913,0.681822,0.587927,,True,0,False,False,False,False
"EXPLORATORY, added after seeing the all-points replay; not pre-registered; one day, 9 matches; backtest replay on real recorded book; assumed feed latency; paper only",1020|LS036,wta-bencic-zakharo-2026-10-01,111,2,8,40,40,0,1791019566000,,1791019541000,no price yet,sets 1-0 games 3-4 pts A-40,0.0150135,,0.565,0.565,0.681822,0.75,0.628913,,True,1,False,False,False,False
"EXPLORATORY, added after seeing the all-points replay; not pre-registered; one day, 9 matches; backtest replay on real recorded book; assumed feed latency; paper only",1020|LS036,wta-bencic-zakharo-2026-10-01,112,2,8,A,40,0,1791019595000,,1791019568000,no price yet,sets 1-0 games 3-4 pts 40-40,0.0115992,,0.565,0.565,0.628913,0.681822,0.587927,,True,0,False,False,False,False
"EXPLORATORY, added after seeing the all-points replay; not pre-registered; one day, 9 matches; backtest replay on real recorded book; assumed feed latency; paper only",1020|LS036,wta-bencic-zakharo-2026-10-01,113,2,8,G,40,0,1791019640000,,1791019597000,no price yet,sets 1-0 games 3-4 pts A-40,0.0150135,,0.565,0.565,0.681822,0.75,0.628913,,True,0,False,False,False,False
"EXPLORATORY, added after seeing the all-points replay; not pre-registered; one day, 9 matches; backtest replay on real recorded book; assumed feed latency; paper only",1020|LS036,wta-bencic-zakharo-2026-10-01,114,2,9,15,0,0,1791019697000,,1791019642000,no price yet,sets 1-0 games 4-4 pts 0-0,0.980587,,0.565,0.565,0.75,0.781896,0.708995,,True,0,False,False,False,False
"EXPLORATORY, added after seeing the all-points replay; not pre-registered; one day, 9 matches; backtest replay on real recorded book; assumed feed latency; paper only",1020|LS036,wta-bencic-zakharo-2026-10-01,115,2,9,15,15,1,1791019736000,,1791019699000,no price yet,sets 1-0 games 4-4 pts 15-0,0.984986,,0.565,0.565,0.781896,0.80948,0.746352,,True,1,False,False,False,False
"EXPLORATORY, added after seeing the all-points replay; not pre-registered; one day, 9 matches; backtest replay on real recorded book; assumed feed latency; paper only",1020|LS036,wta-bencic-zakharo-2026-10-01,116,2,9,30,15,0,1791019767000,,1791019738000,no price yet,sets 1-0 games 4-4 pts 15-15,0.980587,,0.565,0.565,0.746352,0.785251,0.696342,,True,0,False,False,False,False
"EXPLORATORY, added after seeing the all-points replay; not pre-registered; one day, 9 matches; backtest replay on real recorded book; assumed feed latency; paper only",1020|LS036,wta-bencic-zakharo-2026-10-01,117,2,9,30,30,1,1791019798000,,1791019769000,no price yet,sets 1-0 games 4-4 pts 30-15,0.984986,,0.565,0.565,0.785251,0.81832,0.74264,,True,1,False,False,False,False
"EXPLORATORY, added after seeing the all-points replay; not pre-registered; one day, 9 matches; backtest replay on real recorded book; assumed feed latency; paper only",1020|LS036,wta-bencic-zakharo-2026-10-01,118,2,9,30,40,1,1791019839000,,1791019800000,no price yet,sets 1-0 games 4-4 pts 30-30,0.980587,,0.565,0.565,0.74264,0.795377,0.674843,,True,1,False,False,False,False
"EXPLORATORY, added after seeing the all-points replay; not pre-registered; one day, 9 matches; backtest replay on real recorded book; assumed feed latency; paper only",1020|LS036,wta-bencic-zakharo-2026-10-01,119,2,9,30,G,1,1791019888000,,1791019841000,no price yet,sets 1-0 games 4-4 pts 30-40,0.974931,,0.565,0.565,0.674843,0.74264,0.587944,,True,1,False,False,False,False
"EXPLORATORY, added after seeing the all-points replay; not pre-registered; one day, 9 matches; backtest replay on real recorded book; assumed feed latency; paper only",1020|LS036,wta-bencic-zakharo-2026-10-01,120,2,10,15,0,0,1791020014000,,1791019890000,no price yet,sets 1-0 games 4-5 pts 0-0,0.0323193,,0.565,0.565,0.587944,0.629526,0.555378,,True,0,False,False,False,False
"EXPLORATORY, added after seeing the all-points replay; not pre-registered; one day, 9 matches; backtest replay on real recorded book; assumed feed latency; paper only",1020|LS036,wta-bencic-zakharo-2026-10-01,121,2,10,15,15,1,1791020054000,,1791020016000,no price yet,sets 1-0 games 4-5 pts 15-0,0.0415764,,0.565,0.565,0.629526,0.677851,0.591494,,True,1,False,False,False,False
"EXPLORATORY, added after seeing the all-points replay; not pre-registered; one day, 9 matches; backtest replay on real recorded book; assumed feed latency; paper only",1020|LS036,wta-bencic-zakharo-2026-10-01,122,2,10,30,15,0,1791020099000,,1791020056000,no price yet,sets 1-0 games 4-5 pts 15-15,0.0323193,,0.565,0.565,0.591494,0.642019,0.551925,,True,0,False,False,False,False
"EXPLORATORY, added after seeing the all-points replay; not pre-registered; one day, 9 matches; backtest replay on real recorded book; assumed feed latency; paper only",1020|LS036,wta-bencic-zakharo-2026-10-01,123,2,10,40,15,0,1791020168000,,1791020101000,no price yet,sets 1-0 games 4-5 pts 30-15,0.0415764,,0.565,0.565,0.642019,0.701628,0.595106,,True,0,False,False,False,False
"EXPLORATORY, added after seeing the all-points replay; not pre-registered; one day, 9 matches; backtest replay on real recorded book; assumed feed latency; paper only",1020|LS036,wta-bencic-zakharo-2026-10-01,124,2,10,40,30,1,1791020205000,,1791020170000,no price yet,sets 1-0 games 4-5 pts 40-15,0.0533388,,0.565,0.565,0.701628,0.75,0.663322,,True,1,False,False,False,False
"EXPLORATORY, added after seeing the all-points replay; not pre-registered; one day, 9 matches; backtest replay on real recorded book; assumed feed latency; paper only",1020|LS036,wta-bencic-zakharo-2026-10-01,125,2,10,G,30,0,1791020248000,,1791020207000,no price yet,sets 1-0 games 4-5 pts 40-30,0.0415764,,0.565,0.565,0.663322,0.75,0.595106,,True,0,False,False,False,False
"EXPLORATORY, added after seeing the all-points replay; not pre-registered; one day, 9 matches; backtest replay on real recorded book; assumed feed latency; paper only",1020|LS036,wta-bencic-zakharo-2026-10-01,126,2,11,15,0,0,1791020317000,,1791020250000,no price yet,sets 1-0 games 5-5 pts 0-0,0.946661,,0.565,0.565,0.75,0.782148,0.709404,,True,0,False,False,False,False
"EXPLORATORY, added after seeing the all-points replay; not pre-registered; one day, 9 matches; backtest replay on real recorded book; assumed feed latency; paper only",1020|LS036,wta-bencic-zakharo-2026-10-01,127,2,11,30,0,0,1791020357000,,1791020319000,no price yet,sets 1-0 games 5-5 pts 15-0,0.958424,,0.565,0.565,0.782148,0.810118,0.746609,,True,0,False,False,False,False
"EXPLORATORY, added after seeing the all-points replay; not pre-registered; one day, 9 matches; backtest replay on real recorded book; assumed feed latency; paper only",1020|LS036,wta-bencic-zakharo-2026-10-01,128,2,11,40,0,0,1791020382000,,1791020359000,no price yet,sets 1-0 games 5-5 pts 30-0,0.967681,,0.565,0.565,0.810118,0.829193,0.785761,,True,0,False,False,False,False
"EXPLORATORY, added after seeing the all-points replay; not pre-registered; one day, 9 matches; backtest replay on real recorded book; assumed feed latency; paper only",1020|LS036,wta-bencic-zakharo-2026-10-01,129,2,11,G,0,0,1791020409000,,1791020384000,no price yet,sets 1-0 games 5-5 pts 40-0,0.974931,,0.565,0.565,0.829193,0.836921,0.819288,,True,0,False,False,False,False
"EXPLORATORY, added after seeing the all-points replay; not pre-registered; one day, 9 matches; backtest replay on real recorded book; assumed feed latency; paper only",1020|LS036,wta-bencic-zakharo-2026-10-01,130,2,12,15,0,0,1791020536000,,1791020411000,no price yet,sets 1-0 games 6-5 pts 0-0,0.0194132,,0.565,0.565,0.836921,0.878375,0.804677,,True,0,False,False,False,False
"EXPLORATORY, added after seeing the all-points replay; not pre-registered; one day, 9 matches; backtest replay on real recorded book; assumed feed latency; paper only",1020|LS036,wta-bencic-zakharo-2026-10-01,131,2,12,15,15,1,1791020558000,,1791020538000,no price yet,sets 1-0 games 6-5 pts 15-0,0.0250695,,0.565,0.565,0.878375,0.926832,0.84057,,True,1,False,False,False,False
"EXPLORATORY, added after seeing the all-points replay; not pre-registered; one day, 9 matches; backtest replay on real recorded book; assumed feed latency; paper only",1020|LS036,wta-bencic-zakharo-2026-10-01,132,2,12,15,30,1,1791020598000,,1791020560000,no price yet,sets 1-0 games 6-5 pts 15-15,0.0194132,,0.565,0.565,0.84057,0.891027,0.801321,,True,1,False,False,False,False
"EXPLORATORY, added after seeing the all-points replay; not pre-registered; one day, 9 matches; backtest replay on real recorded book; assumed feed latency; paper only",1020|LS036,wta-bencic-zakharo-2026-10-01,133,2,12,15,40,1,1791020621000,,1791020600000,no price yet,sets 1-0 games 6-5 pts 15-30,0.0150135,,0.565,0.565,0.801321,0.844281,0.767982,,True,1,False,False,False,False
"EXPLORATORY, added after seeing the all-points replay; not pre-registered; one day, 9 matches; backtest replay on real recorded book; assumed feed latency; paper only",1020|LS036,wta-bencic-zakharo-2026-10-01,134,2,12,15,G,1,1791020671000,,1791020623000,no price yet,sets 1-0 games 6-5 pts 15-40,0.0115992,,0.565,0.565,0.767982,0.791196,0.75,,True,1,False,False,False,False
"EXPLORATORY, added after seeing the all-points replay; not pre-registered; one day, 9 matches; backtest replay on real recorded book; assumed feed latency; paper only",1020|LS036,wta-bencic-zakharo-2026-10-01,135,2,13,1,0,1,1791020713000,,1791020673000,no price yet,sets 1-0 games 6-6 pts 0-0,0.991046,,0.565,0.565,0.75,0.799548,0.685948,,True,0,False,False,False,False
"EXPLORATORY, added after seeing the all-points replay; not pre-registered; one day, 9 matches; backtest replay on real recorded book; assumed feed latency; paper only",1020|LS036,wta-bencic-zakharo-2026-10-01,136,2,13,2,0,0,1791020752000,,1791020715000,no price yet,sets 1-0 games 6-6 pts 1-0,0.993092,,0.565,0.565,0.799548,0.863669,0.75,,True,0,False,False,False,False
"EXPLORATORY, added after seeing the all-points replay; not pre-registered; one day, 9 matches; backtest replay on real recorded book; assumed feed latency; paper only",1020|LS036,wta-bencic-zakharo-2026-10-01,137,2,13,3,0,0,1791020803000,0.017,1791020754000,no price yet,sets 1-0 games 6-6 pts 2-0,0.991046,,0.565,0.565,0.863669,0.920201,0.819938,,True,0,True,False,False,False
"EXPLORATORY, added after seeing the all-points replay; not pre-registered; one day, 9 matches; backtest replay on real recorded book; assumed feed latency; paper only",1020|LS036,wta-bencic-zakharo-2026-10-01,138,2,13,3,1,0,1791020852000,-0.0205,1791020805000,pre-point mid,sets 1-0 games 6-6 pts 3-0,0.988401,0.975,0.603751,0.526249,0.975,0.986973,0.956872,0.0301007,True,1,True,True,False,False
"EXPLORATORY, added after seeing the all-points replay; not pre-registered; one day, 9 matches; backtest replay on real recorded book; assumed feed latency; paper only",1020|LS036,wta-bencic-zakharo-2026-10-01,139,2,13,4,1,0,1791020882000,0.02,1791020854000,pre-point mid,sets 1-0 games 6-6 pts 3-1,0.984654,0.953,0.6011,0.5289,0.953,0.972832,0.923362,0.04947,True,0,True,True,True,False
"EXPLORATORY, added after seeing the all-points replay; not pre-registered; one day, 9 matches; backtest replay on real recorded book; assumed feed latency; paper only",1020|LS036,wta-bencic-zakharo-2026-10-01,140,2,13,5,1,0,1791020916000,0.015,1791020884000,pre-point mid,sets 1-0 games 6-6 pts 4-1,0.987933,0.975,0.603563,0.526437,0.975,0.990824,0.960676,0.0301485,True,0,True,True,False,False
"EXPLORATORY, added after seeing the all-points replay; not pre-registered; one day, 9 matches; backtest replay on real recorded book; assumed feed latency; paper only",1020|LS036,wta-bencic-zakharo-2026-10-01,141,2,13,5,2,0,1791020989000,0,1791020918000,pre-point mid,sets 1-0 games 6-6 pts 5-1,0.984671,0.988,0.595932,0.534068,0.988,0.997576,0.979578,0.0179979,True,1,True,False,False,False
"EXPLORATORY, added after seeing the all-points replay; not pre-registered; one day, 9 matches; backtest replay on real recorded book; assumed feed latency; paper only",1020|LS036,wta-bencic-zakharo-2026-10-01,142,2,13,6,2,0,1791021041000,0.0015,1791020991000,pre-point mid,sets 1-0 games 6-6 pts 5-2,0.988359,0.9885,0.612588,0.517412,0.9885,0.996741,0.975551,0.02119,True,0,True,True,False,False
"EXPLORATORY, added after seeing the all-points replay; not pre-registered; one day, 9 matches; backtest replay on real recorded book; assumed feed latency; paper only",1020|LS036,wta-bencic-zakharo-2026-10-01,143,2,13,6,3,0,1791021085000,-0.013,1791021043000,pre-point mid,sets 1-0 games 6-6 pts 6-2,0.990806,0.998,0.624707,0.505293,0.998,1,0.994688,0.00531225,True,1,True,False,False,False
"EXPLORATORY, added after seeing the all-points replay; not pre-registered; one day, 9 matches; backtest replay on real recorded book; assumed feed latency; paper only",1020|LS036,wta-bencic-zakharo-2026-10-01,144,2,13,7,3,0,1791021129000,0.011,1791021087000,pre-point mid,sets 1-0 games 6-6 pts 6-3,0.987661,0.9905,0.609072,0.520928,0.9905,1,0.981707,0.0182931,True,0,True,False,False,False
"EXPLORATORY, added after seeing the all-points replay; not pre-registered; one day, 9 matches; backtest replay on real recorded book; assumed feed latency; paper only",1020|LS041,wta-su-bucsa-2026-10-02,1,1,1,15,0,0,1791022760000,0.01,1791022730000,pre-point mid,sets 0-0 games 0-0 pts 0-0,0.5,0.315,0.546784,0.583216,0.315,0.332079,0.299123,0.0329558,True,0,True,True,False,False
"EXPLORATORY, added after seeing the all-points replay; not pre-registered; one day, 9 matches; backtest replay on real recorded book; assumed feed latency; paper only",1020|LS041,wta-su-bucsa-2026-10-02,2,1,1,15,15,1,1791022789000,0.01,1791022762000,pre-point mid,sets 0-0 games 0-0 pts 15-0,0.567458,0.325,0.546041,0.583959,0.325,0.342149,0.308536,0.0336125,True,1,True,True,False,False
"EXPLORATORY, added after seeing the all-points replay; not pre-registered; one day, 9 matches; backtest replay on real recorded book; assumed feed latency; paper only",1020|LS041,wta-su-bucsa-2026-10-02,3,1,1,30,15,0,1791022815000,0,1791022791000,pre-point mid,sets 0-0 games 0-0 pts 15-15,0.504915,0.315,0.546734,0.583266,0.315,0.335602,0.295802,0.0398,True,0,True,True,False,False
"EXPLORATORY, added after seeing the all-points replay; not pre-registered; one day, 9 matches; backtest replay on real recorded book; assumed feed latency; paper only",1020|LS041,wta-su-bucsa-2026-10-02,4,1,1,30,30,1,1791022841000,0.035,1791022817000,pre-point mid,sets 0-0 games 0-0 pts 30-15,0.572284,0.325,0.54562,0.58438,0.325,0.345684,0.305125,0.0405589,True,1,True,True,True,False
"EXPLORATORY, added after seeing the all-points replay; not pre-registered; one day, 9 matches; backtest replay on real recorded book; assumed feed latency; paper only",1020|LS041,wta-su-bucsa-2026-10-02,5,1,1,40,30,0,1791022875000,0.035,1791022843000,pre-point mid,sets 0-0 games 0-0 pts 30-30,0.509888,0.315,0.546686,0.583314,0.315,0.34277,0.28906,0.0537097,True,0,True,True,True,False
"EXPLORATORY, added after seeing the all-points replay; not pre-registered; one day, 9 matches; backtest replay on real recorded book; assumed feed latency; paper only",1020|LS041,wta-su-bucsa-2026-10-02,6,1,1,G,30,0,1791022922000,0.03,1791022877000,pre-point mid,sets 0-0 games 0-0 pts 40-30,0.577154,0.325,0.54482,0.58518,0.325,0.353362,0.297766,0.0555958,True,0,True,True,True,False
"EXPLORATORY, added after seeing the all-points replay; not pre-registered; one day, 9 matches; backtest replay on real recorded book; assumed feed latency; paper only",1020|LS041,wta-su-bucsa-2026-10-02,7,1,2,0,15,1,1791022998000,0.01,1791022924000,pre-point mid,sets 0-0 games 1-0 pts 0-0,0.358079,0.345,0.543948,0.586052,0.345,0.366692,0.326485,0.0402068,True,1,True,True,True,False
"EXPLORATORY, added after seeing the all-points replay; not pre-registered; one day, 9 matches; backtest replay on real recorded book; assumed feed latency; paper only",1020|LS041,wta-su-bucsa-2026-10-02,8,1,2,15,15,0,1791023039000,0.01,1791023000000,pre-point mid,sets 0-0 games 1-0 pts 0-15,0.302692,0.345,0.545907,0.584093,0.344999,0.3651,0.328201,0.0368992,True,0,True,True,False,False
"EXPLORATORY, added after seeing the all-points replay; not pre-registered; one day, 9 matches; backtest replay on real recorded book; assumed feed latency; paper only",1020|LS041,wta-su-bucsa-2026-10-02,9,1,2,30,15,0,1791023069000,0.035,1791023041000,pre-point mid,sets 0-0 games 1-0 pts 15-15,0.362963,0.355,0.544863,0.585137,0.355,0.380919,0.332738,0.0481818,True,0,True,True,True,False
"EXPLORATORY, added after seeing the all-points replay; not pre-registered; one day, 9 matches; backtest replay on real recorded book; assumed feed latency; paper only",1020|LS041,wta-su-bucsa-2026-10-02,10,1,2,30,30,1,1791023107000,0.025,1791023071000,pre-point mid,sets 0-0 games 1-0 pts 30-15,0.428019,0.395,0.546293,0.583707,0.395,0.422912,0.370055,0.0528564,True,1,True,True,True,False
"EXPLORATORY, added after seeing the all-points replay; not pre-registered; one day, 9 matches; backtest replay on real recorded book; assumed feed latency; paper only",1020|LS041,wta-su-bucsa-2026-10-02,11,1,2,40,30,0,1791023151000,0.04,1791023109000,pre-point mid,sets 0-0 games 1-0 pts 30-30,0.367749,0.375,0.5468,0.5832,0.375,0.409539,0.345027,0.0645118,True,0,True,True,True,True
"EXPLORATORY, added after seeing the all-points replay; not pre-registered; one day, 9 matches; backtest replay on real recorded book; assumed feed latency; paper only",1020|LS041,wta-su-bucsa-2026-10-02,12,1,2,G,30,0,1791023187000,0.055,1791023153000,pre-point mid,sets 0-0 games 1-0 pts 40-30,0.432806,0.405,0.546343,0.583657,0.405,0.443289,0.370688,0.0726011,True,0,True,True,True,True
"EXPLORATORY, added after seeing the all-points replay; not pre-registered; one day, 9 matches; backtest replay on real recorded book; assumed feed latency; paper only",1020|LS041,wta-su-bucsa-2026-10-02,13,1,3,15,0,0,1791023225000,0.02,1791023189000,pre-point mid,sets 0-0 games 2-0 pts 0-0,0.499668,0.465,0.548514,0.581486,0.464999,0.483242,0.447924,0.0353184,True,0,True,True,False,False
"EXPLORATORY, added after seeing the all-points replay; not pre-registered; one day, 9 matches; backtest replay on real recorded book; assumed feed latency; paper only",1020|LS041,wta-su-bucsa-2026-10-02,14,1,3,30,0,0,1791023273000,0.01,1791023227000,pre-point mid,sets 0-0 games 2-0 pts 15-0,0.566891,0.495,0.54969,0.58031,0.495,0.513413,0.477068,0.0363453,True,0,True,True,False,False
"EXPLORATORY, added after seeing the all-points replay; not pre-registered; one day, 9 matches; backtest replay on real recorded book; assumed feed latency; paper only",1020|LS041,wta-su-bucsa-2026-10-02,15,1,3,30,15,1,1791023309000,0.04,1791023275000,pre-point mid,sets 0-0 games 2-0 pts 30-0,0.631583,0.515,0.54985,0.58015,0.515,0.529276,0.500612,0.0286644,True,1,True,True,False,False
"EXPLORATORY, added after seeing the all-points replay; not pre-registered; one day, 9 matches; backtest replay on real recorded book; assumed feed latency; paper only",1020|LS041,wta-su-bucsa-2026-10-02,16,1,3,30,30,1,1791023350000,0.03,1791023311000,pre-point mid,sets 0-0 games 2-0 pts 30-15,0.570847,0.495,0.549287,0.580713,0.495,0.517296,0.473276,0.0440195,True,1,True,True,True,False
"EXPLORATORY, added after seeing the all-points replay; not pre-registered; one day, 9 matches; backtest replay on real recorded book; assumed feed latency; paper only",1020|LS041,wta-su-bucsa-2026-10-02,17,1,3,40,30,0,1791023381000,0.025,1791023352000,pre-point mid,sets 0-0 games 2-0 pts 30-30,0.50797,0.465,0.548458,0.581542,0.464999,0.494706,0.437079,0.0576269,True,0,True,True,True,False
"EXPLORATORY, added after seeing the all-points replay; not pre-registered; one day, 9 matches; backtest replay on real recorded book; assumed feed latency; paper only",1020|LS041,wta-su-bucsa-2026-10-02,18,1,3,40,40,1,1791023409000,0.05,1791023383000,pre-point mid,sets 0-0 games 2-0 pts 40-30,0.575033,0.495,0.548487,0.581513,0.495,0.525552,0.465263,0.0602887,True,1,True,True,True,True
"EXPLORATORY, added after seeing the all-points replay; not pre-registered; one day, 9 matches; backtest replay on real recorded book; assumed feed latency; paper only",1020|LS041,wta-su-bucsa-2026-10-02,19,1,3,40,A,1,1791023437000,0.04,1791023411000,pre-point mid,sets 0-0 games 2-0 pts 40-40,0.512345,0.465,0.548461,0.581539,0.464999,0.494694,0.437027,0.057667,True,1,True,True,True,False
"EXPLORATORY, added after seeing the all-points replay; not pre-registered; one day, 9 matches; backtest replay on real recorded book; assumed feed latency; paper only",1020|LS041,wta-su-bucsa-2026-10-02,20,1,3,40,G,1,1791023505000,0.06,1791023439000,pre-point mid,sets 0-0 games 2-0 pts 40-A,0.449268,0.415,0.546232,0.583768,0.415001,0.442802,0.389885,0.0529173,True,1,True,True,True,False
"EXPLORATORY, added after seeing the all-points replay; not pre-registered; one day, 9 matches; backtest replay on real recorded book; assumed feed latency; paper only",1020|LS041,wta-su-bucsa-2026-10-02,21,1,4,0,15,1,1791023652000,0.03,1791023507000,pre-point mid,sets 0-0 games 2-1 pts 0-0,0.611957,0.375,0.544679,0.585321,0.375,0.398485,0.35205,0.0464348,True,1,True,True,True,False
"EXPLORATORY, added after seeing the all-points replay; not pre-registered; one day, 9 matches; backtest replay on real recorded book; assumed feed latency; paper only",1020|LS041,wta-su-bucsa-2026-10-02,22,1,4,0,30,1,1791023690000,0.025,1791023654000,pre-point mid,sets 0-0 games 2-1 pts 0-15,0.55092,0.345,0.543921,0.586079,0.345,0.368136,0.323164,0.0449716,True,1,True,True,True,False
"EXPLORATORY, added after seeing the all-points replay; not pre-registered; one day, 9 matches; backtest replay on real recorded book; assumed feed latency; paper only",1020|LS041,wta-su-bucsa-2026-10-02,23,1,4,0,40,1,1791023730000,0.02,1791023692000,pre-point mid,sets 0-0 games 2-1 pts 0-30,0.488402,0.315,0.543011,0.586989,0.315,0.332827,0.298774,0.034053,True,1,True,True,False,False
"EXPLORATORY, added after seeing the all-points replay; not pre-registered; one day, 9 matches; backtest replay on real recorded book; assumed feed latency; paper only",1020|LS041,wta-su-bucsa-2026-10-02,24,1,4,0,G,1,1791023772000,0.02,1791023732000,pre-point mid,sets 0-0 games 2-1 pts 0-40,0.426353,0.295,0.542575,0.587425,0.295,0.30344,0.287576,0.0158641,True,1,True,False,False,False
"EXPLORATORY, added after seeing the all-points replay; not pre-registered; one day, 9 matches; backtest replay on real recorded book; assumed feed latency; paper only",1020|LS041,wta-su-bucsa-2026-10-02,25,1,5,15,0,0,1791023806000,0.03,1791023774000,pre-point mid,sets 0-0 games 2-2 pts 0-0,0.633412,0.285,0.542272,0.587728,0.285,0.30527,0.265162,0.0401078,True,0,True,True,True,False
"EXPLORATORY, added after seeing the all-points replay; not pre-registered; one day, 9 matches; backtest replay on real recorded book; assumed feed latency; paper only",1020|LS041,wta-su-bucsa-2026-10-02,26,1,5,30,0,0,1791023832000,0.02,1791023808000,pre-point mid,sets 0-0 games 2-2 pts 15-0,0.694442,0.295,0.541083,0.588917,0.295,0.3147,0.275193,0.0395073,True,0,True,True,False,False
"EXPLORATORY, added after seeing the all-points replay; not pre-registered; one day, 9 matches; backtest replay on real recorded book; assumed feed latency; paper only",1020|LS041,wta-su-bucsa-2026-10-02,27,1,5,30,15,1,1791023867000,0.02,1791023834000,pre-point mid,sets 0-0 games 2-2 pts 30-0,0.749462,0.325,0.54225,0.58775,0.325,0.340032,0.309374,0.030658,True,1,True,True,False,False
"EXPLORATORY, added after seeing the all-points replay; not pre-registered; one day, 9 matches; backtest replay on real recorded book; assumed feed latency; paper only",1020|LS041,wta-su-bucsa-2026-10-02,28,1,5,40,15,0,1791023884000,0.03,1791023869000,pre-point mid,sets 0-0 games 2-2 pts 30-15,0.699678,0.305,0.541747,0.588253,0.305,0.328877,0.280864,0.0480134,True,0,True,True,True,False
"EXPLORATORY, added after seeing the all-points replay; not pre-registered; one day, 9 matches; backtest replay on real recorded book; assumed feed latency; paper only",1020|LS041,wta-su-bucsa-2026-10-02,29,1,5,40,30,1,1791023912000,0.01,1791023886000,pre-point mid,sets 0-0 games 2-2 pts 40-15,0.754018,0.335,0.542434,0.587566,0.335,0.349817,0.31955,0.0302665,True,1,True,True,False,False
"EXPLORATORY, added after seeing the all-points replay; not pre-registered; one day, 9 matches; backtest replay on real recorded book; assumed feed latency; paper only",1020|LS041,wta-su-bucsa-2026-10-02,30,1,5,G,30,0,1791023950000,0.035,1791023914000,pre-point mid,sets 0-0 games 2-2 pts 40-30,0.704764,0.325,0.543051,0.586949,0.325,0.357587,0.291798,0.0657892,True,0,True,True,True,True
"EXPLORATORY, added after seeing the all-points replay; not pre-registered; one day, 9 matches; backtest replay on real recorded book; assumed feed latency; paper only",1020|LS041,wta-su-bucsa-2026-10-02,31,1,6,15,0,0,1791024086000,0.03,1791023952000,pre-point mid,sets 0-0 games 3-2 pts 0-0,0.241638,0.345,0.541657,0.588343,0.345,0.372721,0.322946,0.0497751,True,0,True,True,True,False
"EXPLORATORY, added after seeing the all-points replay; not pre-registered; one day, 9 matches; backtest replay on real recorded book; assumed feed latency; paper only",1020|LS041,wta-su-bucsa-2026-10-02,32,1,6,15,15,1,1791024110000,0.01,1791024088000,pre-point mid,sets 0-0 games 3-2 pts 15-0,0.295404,0.375,0.541906,0.588094,0.375,0.406227,0.34942,0.0568076,True,1,True,True,True,False
"EXPLORATORY, added after seeing the all-points replay; not pre-registered; one day, 9 matches; backtest replay on real recorded book; assumed feed latency; paper only",1020|LS041,wta-su-bucsa-2026-10-02,33,1,6,30,15,0,1791024146000,0.045,1791024112000,pre-point mid,sets 0-0 games 3-2 pts 15-15,0.24618,0.355,0.542525,0.587475,0.355,0.388408,0.328265,0.0601427,True,0,True,True,True,True
"EXPLORATORY, added after seeing the all-points replay; not pre-registered; one day, 9 matches; backtest replay on real recorded book; assumed feed latency; paper only",1020|LS041,wta-su-bucsa-2026-10-02,34,1,6,30,30,1,1791024190000,0.055,1791024148000,pre-point mid,sets 0-0 games 3-2 pts 30-15,0.300451,0.395,0.543238,0.586762,0.395,0.432973,0.363642,0.0693316,True,1,True,True,True,True
"EXPLORATORY, added after seeing the all-points replay; not pre-registered; one day, 9 matches; backtest replay on real recorded book; assumed feed latency; paper only",1020|LS041,wta-su-bucsa-2026-10-02,35,1,6,30,40,1,1791024251000,0.04,1791024192000,pre-point mid,sets 0-0 games 3-2 pts 30-30,0.250563,0.375,0.544483,0.585517,0.375,0.419886,0.338709,0.0811771,True,1,True,True,True,True
"EXPLORATORY, added after seeing the all-points replay; not pre-registered; one day, 9 matches; backtest replay on real recorded book; assumed feed latency; paper only",1020|LS041,wta-su-bucsa-2026-10-02,36,1,6,30,G,1,1791024295000,0.025,1791024253000,pre-point mid,sets 0-0 games 3-2 pts 30-40,0.206415,0.325,0.542924,0.587076,0.325,0.360978,0.296759,0.0642186,True,1,True,True,True,True
"EXPLORATORY, added after seeing the all-points replay; not pre-registered; one day, 9 matches; backtest replay on real recorded book; assumed feed latency; paper only",1020|LS041,wta-su-bucsa-2026-10-02,37,1,7,15,0,0,1791024343000,0.03,1791024297000,pre-point mid,sets 0-0 games 3-3 pts 0-0,0.831595,0.295,0.542713,0.587287,0.295,0.318414,0.269552,0.0488621,True,0,True,True,True,False
"EXPLORATORY, added after seeing the all-points replay; not pre-registered; one day, 9 matches; backtest replay on real recorded book; assumed feed latency; paper only",1020|LS041,wta-su-bucsa-2026-10-02,38,1,7,15,15,1,1791024371000,0.03,1791024345000,pre-point mid,sets 0-0 games 3-3 pts 15-0,0.866551,0.305,0.541133,0.588867,0.305,0.326626,0.281214,0.0454113,True,1,True,True,True,False
"EXPLORATORY, added after seeing the all-points replay; not pre-registered; one day, 9 matches; backtest replay on real recorded book; assumed feed latency; paper only",1020|LS041,wta-su-bucsa-2026-10-02,39,1,7,15,30,1,1791024423000,0.03,1791024373000,pre-point mid,sets 0-0 games 3-3 pts 15-15,0.834983,0.295,0.542815,0.587185,0.295,0.323244,0.264234,0.0590101,True,1,True,True,True,False
"EXPLORATORY, added after seeing the all-points replay; not pre-registered; one day, 9 matches; backtest replay on real recorded book; assumed feed latency; paper only",1020|LS041,wta-su-bucsa-2026-10-02,40,1,7,30,30,0,1791024471000,0.02,1791024425000,pre-point mid,sets 0-0 games 3-3 pts 15-30,0.79756,0.255,0.541627,0.588373,0.255,0.28442,0.223722,0.0606984,True,0,True,True,True,True
"EXPLORATORY, added after seeing the all-points replay; not pre-registered; one day, 9 matches; backtest replay on real recorded book; assumed feed latency; paper only",1020|LS041,wta-su-bucsa-2026-10-02,41,1,7,30,40,1,1791024509000,0.04,1791024473000,pre-point mid,sets 0-0 games 3-3 pts 30-30,0.838292,0.285,0.541699,0.588301,0.285,0.322483,0.244283,0.0781996,True,1,True,True,True,True
"EXPLORATORY, added after seeing the all-points replay; not pre-registered; one day, 9 matches; backtest replay on real recorded book; assumed feed latency; paper only",1020|LS041,wta-su-bucsa-2026-10-02,42,1,7,40,40,0,1791024532000,0.035,1791024511000,pre-point mid,sets 0-0 games 3-3 pts 30-40,0.801526,0.245,0.541794,0.588206,0.244999,0.285741,0.201565,0.0841756,True,0,True,True,True,True
"EXPLORATORY, added after seeing the all-points replay; not pre-registered; one day, 9 matches; backtest replay on real recorded book; assumed feed latency; paper only",1020|LS041,wta-su-bucsa-2026-10-02,43,1,7,A,40,0,1791024564000,0.05,1791024534000,pre-point mid,sets 0-0 games 3-3 pts 40-40,0.841606,0.275,0.540459,0.589541,0.275,0.311926,0.235017,0.0769086,True,0,True,True,True,True
"EXPLORATORY, added after seeing the all-points replay; not pre-registered; one day, 9 matches; backtest replay on real recorded book; assumed feed latency; paper only",1020|LS041,wta-su-bucsa-2026-10-02,44,1,7,40,40,0,1791024586000,-0.05,1791024566000,pre-point mid,sets 0-0 games 3-3 pts A-40,0.874941,0.325,0.542001,0.587999,0.325,0.358929,0.287388,0.0715413,True,1,True,True,True,True
"EXPLORATORY, added after seeing the all-points replay; not pre-registered; one day, 9 matches; backtest replay on real recorded book; assumed feed latency; paper only",1020|LS041,wta-su-bucsa-2026-10-02,45,1,7,A,40,0,1791024613000,0.04,1791024588000,pre-point mid,sets 0-0 games 3-3 pts 40-40,0.844947,0.285,0.541707,0.588293,0.285,0.32243,0.244198,0.0782325,True,0,True,True,True,True
"EXPLORATORY, added after seeing the all-points replay; not pre-registered; one day, 9 matches; backtest replay on real recorded book; assumed feed latency; paper only",1020|LS041,wta-su-bucsa-2026-10-02,46,1,7,G,40,0,1791024634000,0.03,1791024615000,pre-point mid,sets 0-0 games 3-3 pts A-40,0.877603,0.325,0.542008,0.587992,0.325,0.358858,0.287413,0.0714459,True,0,True,True,True,True
"EXPLORATORY, added after seeing the all-points replay; not pre-registered; one day, 9 matches; backtest replay on real recorded book; assumed feed latency; paper only",1020|LS041,wta-su-bucsa-2026-10-02,47,1,8,0,15,1,1791024754000,0.03,1791024636000,pre-point mid,sets 0-0 games 4-3 pts 0-0,0.0958544,0.345,0.540419,0.589581,0.345,0.377681,0.321053,0.0566272,True,1,True,True,True,False
"EXPLORATORY, added after seeing the all-points replay; not pre-registered; one day, 9 matches; backtest replay on real recorded book; assumed feed latency; paper only",1020|LS041,wta-su-bucsa-2026-10-02,48,1,8,0,30,1,1791024778000,0.02,1791024756000,pre-point mid,sets 0-0 games 4-3 pts 0-15,0.0763322,0.335,0.542063,0.587937,0.335,0.362728,0.314757,0.0479711,True,1,True,True,True,False
"EXPLORATORY, added after seeing the all-points replay; not pre-registered; one day, 9 matches; backtest replay on real recorded book; assumed feed latency; paper only",1020|LS041,wta-su-bucsa-2026-10-02,49,1,8,0,40,1,1791024798000,0.02,1791024780000,pre-point mid,sets 0-0 games 4-3 pts 0-30,0.0604749,0.315,0.542092,0.587908,0.315,0.33326,0.30178,0.0314798,True,1,True,True,False,False
"EXPLORATORY, added after seeing the all-points replay; not pre-registered; one day, 9 matches; backtest replay on real recorded book; assumed feed latency; paper only",1020|LS041,wta-su-bucsa-2026-10-02,50,1,8,0,G,1,1791024827000,0.01,1791024800000,pre-point mid,sets 0-0 games 4-3 pts 0-40,0.0477409,0.295,0.541254,0.588746,0.294999,0.302144,0.289879,0.0122652,True,1,True,False,False,False
"EXPLORATORY, added after seeing the all-points replay; not pre-registered; one day, 9 matches; backtest replay on real recorded book; assumed feed latency; paper only",1020|LS041,wta-su-bucsa-2026-10-02,51,1,9,15,0,0,1791024853000,0.02,1791024829000,pre-point mid,sets 0-0 games 4-4 pts 0-0,0.962404,0.285,0.540639,0.589361,0.285,0.31374,0.251833,0.0619071,True,0,True,True,True,True
"EXPLORATORY, added after seeing the all-points replay; not pre-registered; one day, 9 matches; backtest replay on real recorded book; assumed feed latency; paper only",1020|LS041,wta-su-bucsa-2026-10-02,52,1,9,30,0,0,1791024877000,0.04,1791024855000,pre-point mid,sets 0-0 games 4-4 pts 15-0,0.971184,0.305,0.539567,0.590433,0.305,0.331078,0.274898,0.0561797,True,0,True,True,True,False
"EXPLORATORY, added after seeing the all-points replay; not pre-registered; one day, 9 matches; backtest replay on real recorded book; assumed feed latency; paper only",1020|LS041,wta-su-bucsa-2026-10-02,53,1,9,30,15,1,1791024912000,0.03,1791024879000,pre-point mid,sets 0-0 games 4-4 pts 30-0,0.977974,0.345,0.541224,0.588776,0.345,0.364103,0.322722,0.0413809,True,1,True,True,True,False
"EXPLORATORY, added after seeing the all-points replay; not pre-registered; one day, 9 matches; backtest replay on real recorded book; assumed feed latency; paper only",1020|LS041,wta-su-bucsa-2026-10-02,54,1,9,40,15,0,1791024964000,0.04,1791024914000,pre-point mid,sets 0-0 games 4-4 pts 30-15,0.971908,0.315,0.540283,0.589717,0.315,0.346361,0.278681,0.0676803,True,0,True,True,True,True
"EXPLORATORY, added after seeing the all-points replay; not pre-registered; one day, 9 matches; backtest replay on real recorded book; assumed feed latency; paper only",1020|LS041,wta-su-bucsa-2026-10-02,55,1,9,G,15,0,1791024988000,0.03,1791024966000,pre-point mid,sets 0-0 games 4-4 pts 40-15,0.978522,0.345,0.540122,0.589878,0.345,0.363324,0.323719,0.0396059,True,0,True,True,False,False
"EXPLORATORY, added after seeing the all-points replay; not pre-registered; one day, 9 matches; backtest replay on real recorded book; assumed feed latency; paper only",1020|LS041,wta-su-bucsa-2026-10-02,56,1,10,15,0,0,1791025127000,0.04,1791024990000,pre-point mid,sets 0-0 games 5-4 pts 0-0,0.0163933,0.365,0.540318,0.589682,0.365,0.408314,0.334595,0.0737193,True,0,True,True,True,True
"EXPLORATORY, added after seeing the all-points replay; not pre-registered; one day, 9 matches; backtest replay on real recorded book; assumed feed latency; paper only",1020|LS041,wta-su-bucsa-2026-10-02,57,1,10,30,0,0,1791025149000,0.08,1791025129000,pre-point mid,sets 0-0 games 5-4 pts 15-0,0.0214756,0.425,0.542221,0.587779,0.425,0.479338,0.386451,0.0928874,True,0,True,True,True,True
"EXPLORATORY, added after seeing the all-points replay; not pre-registered; one day, 9 matches; backtest replay on real recorded book; assumed feed latency; paper only",1020|LS041,wta-su-bucsa-2026-10-02,58,1,10,30,15,1,1791025183000,0.04,1791025151000,pre-point mid,sets 0-0 games 5-4 pts 30-0,0.0280582,0.485,0.542861,0.587139,0.485,0.539733,0.44593,0.0938029,True,1,True,True,True,True
"EXPLORATORY, added after seeing the all-points replay; not pre-registered; one day, 9 matches; backtest replay on real recorded book; assumed feed latency; paper only",1020|LS041,wta-su-bucsa-2026-10-02,59,1,10,40,15,0,1791025228000,0.08,1791025185000,pre-point mid,sets 0-0 games 5-4 pts 30-15,0.0219824,0.445,0.542755,0.587245,0.445,0.5135,0.396283,0.117216,True,0,True,True,True,True
"EXPLORATORY, added after seeing the all-points replay; not pre-registered; one day, 9 matches; backtest replay on real recorded book; assumed feed latency; paper only",1020|LS041,wta-su-bucsa-2026-10-02,60,1,10,G,15,0,1791025268000,0.05,1791025230000,pre-point mid,sets 0-0 games 5-4 pts 40-15,0.0287071,0.515,0.542927,0.587073,0.515,0.575585,0.471726,0.103858,True,0,True,True,True,True
"EXPLORATORY, added after seeing the all-points replay; not pre-registered; one day, 9 matches; backtest replay on real recorded book; assumed feed latency; paper only",1020|LS041,wta-su-bucsa-2026-10-02,61,2,1,0,15,1,1791025426000,0.02,1791025270000,pre-point mid,sets 1-0 games 0-0 pts 0-0,0.962593,0.585,0.544037,0.585963,0.585,0.605997,0.560434,0.0455628,True,1,True,True,True,False
"EXPLORATORY, added after seeing the all-points replay; not pre-registered; one day, 9 matches; backtest replay on real recorded book; assumed feed latency; paper only",1020|LS041,wta-su-bucsa-2026-10-02,62,2,1,0,30,1,1791025457000,0.04,1791025428000,pre-point mid,sets 1-0 games 0-0 pts 0-15,0.952435,0.545,0.542229,0.587771,0.545,0.568268,0.518116,0.0501516,True,1,True,True,True,False
"EXPLORATORY, added after seeing the all-points replay; not pre-registered; one day, 9 matches; backtest replay on real recorded book; assumed feed latency; paper only",1020|LS041,wta-su-bucsa-2026-10-02,63,2,1,0,40,1,1791025494000,0.03,1791025459000,pre-point mid,sets 1-0 games 0-0 pts 0-30,0.939742,0.515,0.541863,0.588137,0.515,0.535373,0.491651,0.0437226,True,1,True,True,True,False
"EXPLORATORY, added after seeing the all-points replay; not pre-registered; one day, 9 matches; backtest replay on real recorded book; assumed feed latency; paper only",1020|LS041,wta-su-bucsa-2026-10-02,64,2,1,0,G,1,1791025516000,0.03,1791025496000,pre-point mid,sets 1-0 games 0-0 pts 0-40,0.923944,0.475,0.539883,0.590117,0.475,0.485852,0.462763,0.0230897,True,1,True,True,False,False
"EXPLORATORY, added after seeing the all-points replay; not pre-registered; one day, 9 matches; backtest replay on real recorded book; assumed feed latency; paper only",1020|LS041,wta-su-bucsa-2026-10-02,65,2,2,0,15,1,1791025589000,0.02,1791025518000,pre-point mid,sets 1-0 games 0-1 pts 0-0,0.0954932,0.445,0.537732,0.592268,0.445,0.468153,0.428224,0.0399291,True,1,True,True,False,False
"EXPLORATORY, added after seeing the all-points replay; not pre-registered; one day, 9 matches; backtest replay on real recorded book; assumed feed latency; paper only",1020|LS041,wta-su-bucsa-2026-10-02,66,2,2,0,30,1,1791025621000,0.03,1791025591000,pre-point mid,sets 1-0 games 0-1 pts 0-15,0.0761286,0.435,0.538568,0.591432,0.435,0.454365,0.421065,0.0332996,True,1,True,True,False,False
"EXPLORATORY, added after seeing the all-points replay; not pre-registered; one day, 9 matches; backtest replay on real recorded book; assumed feed latency; paper only",1020|LS041,wta-su-bucsa-2026-10-02,67,2,2,0,40,1,1791025648000,0.02,1791025623000,pre-point mid,sets 1-0 games 0-1 pts 0-30,0.0604059,0.405,0.536547,0.593453,0.405,0.41743,0.396204,0.0212255,True,1,True,True,False,False
"EXPLORATORY, added after seeing the all-points replay; not pre-registered; one day, 9 matches; backtest replay on real recorded book; assumed feed latency; paper only",1020|LS041,wta-su-bucsa-2026-10-02,68,2,2,0,G,1,1791025674000,0.02,1791025650000,pre-point mid,sets 1-0 games 0-1 pts 0-40,0.0478062,0.4,0.537033,0.592967,0.4,0.404867,0.396572,0.00829444,True,1,True,False,False,False
"EXPLORATORY, added after seeing the all-points replay; not pre-registered; one day, 9 matches; backtest replay on real recorded book; assumed feed latency; paper only",1020|LS041,wta-su-bucsa-2026-10-02,69,2,3,15,0,0,1791025706000,0.02,1791025676000,pre-point mid,sets 1-0 games 0-2 pts 0-0,0.962279,0.375,0.534227,0.595773,0.375,0.387567,0.360867,0.0266995,True,0,True,True,False,False
"EXPLORATORY, added after seeing the all-points replay; not pre-registered; one day, 9 matches; backtest replay on real recorded book; assumed feed latency; paper only",1020|LS041,wta-su-bucsa-2026-10-02,70,2,3,30,0,0,1791025721000,0.02,1791025708000,pre-point mid,sets 1-0 games 0-2 pts 15-0,0.971194,0.375,0.532588,0.597412,0.375,0.386548,0.362038,0.0245094,True,0,True,True,False,False
"EXPLORATORY, added after seeing the all-points replay; not pre-registered; one day, 9 matches; backtest replay on real recorded book; assumed feed latency; paper only",1020|LS041,wta-su-bucsa-2026-10-02,71,2,3,30,15,1,1791025756000,0.01,1791025723000,pre-point mid,sets 1-0 games 0-2 pts 30-0,0.978071,0.405,0.534966,0.595034,0.405,0.413583,0.395239,0.0183439,True,1,True,False,False,False
"EXPLORATORY, added after seeing the all-points replay; not pre-registered; one day, 9 matches; backtest replay on real recorded book; assumed feed latency; paper only",1020|LS041,wta-su-bucsa-2026-10-02,72,2,3,40,15,0,1791025785000,0.01,1791025758000,pre-point mid,sets 1-0 games 0-2 pts 30-15,0.972112,0.395,0.534935,0.595065,0.395,0.408998,0.379131,0.029867,True,0,True,True,False,False
"EXPLORATORY, added after seeing the all-points replay; not pre-registered; one day, 9 matches; backtest replay on real recorded book; assumed feed latency; paper only",1020|LS041,wta-su-bucsa-2026-10-02,73,2,3,G,15,0,1791025804000,0.02,1791025787000,pre-point mid,sets 1-0 games 0-2 pts 40-15,0.978745,0.405,0.534423,0.595577,0.405,0.41331,0.395567,0.0177427,True,0,True,False,False,False
"EXPLORATORY, added after seeing the all-points replay; not pre-registered; one day, 9 matches; backtest replay on real recorded book; assumed feed latency; paper only",1020|LS041,wta-su-bucsa-2026-10-02,74,2,4,15,0,0,1791025933000,0.04,1791025806000,pre-point mid,sets 1-0 games 1-2 pts 0-0,0.0161681,0.425,0.535913,0.594087,0.425,0.45015,0.407666,0.0424842,True,0,True,True,True,False
"EXPLORATORY, added after seeing the all-points replay; not pre-registered; one day, 9 matches; backtest replay on real recorded book; assumed feed latency; paper only",1020|LS041,wta-su-bucsa-2026-10-02,75,2,4,15,15,1,1791025959000,0.03,1791025935000,pre-point mid,sets 1-0 games 1-2 pts 15-0,0.0212363,0.455,0.53652,0.59348,0.455,0.486906,0.432894,0.0540128,True,1,True,True,True,False
"EXPLORATORY, added after seeing the all-points replay; not pre-registered; one day, 9 matches; backtest replay on real recorded book; assumed feed latency; paper only",1020|LS041,wta-su-bucsa-2026-10-02,76,2,4,30,15,0,1791025987000,-0.01,1791025961000,pre-point mid,sets 1-0 games 1-2 pts 15-15,0.0166621,0.445,0.538051,0.591949,0.445,0.476374,0.423178,0.0531958,True,0,False,True,True,False
"EXPLORATORY, added after seeing the all-points replay; not pre-registered; one day, 9 matches; backtest replay on real recorded book; assumed feed latency; paper only",1020|LS041,wta-su-bucsa-2026-10-02,77,2,4,40,15,0,1791026013000,0.09,1791025989000,carried from an earlier point,sets 1-0 games 1-2 pts 30-15,0.0218544,,0.538051,0.591949,0.476374,0.516802,0.448176,0.0686254,True,0,False,True,True,True
"EXPLORATORY, added after seeing the all-points replay; not pre-registered; one day, 9 matches; backtest replay on real recorded book; assumed feed latency; paper only",1020|LS041,wta-su-bucsa-2026-10-02,78,2,4,G,15,0,1791026055000,0.05,1791026015000,carried from an earlier point,sets 1-0 games 1-2 pts 40-15,0.0286177,,0.538051,0.591949,0.516802,0.553176,0.49134,0.0618361,True,0,True,True,True,True
"EXPLORATORY, added after seeing the all-points replay; not pre-registered; one day, 9 matches; backtest replay on real recorded book; assumed feed latency; paper only",1020|LS041,wta-su-bucsa-2026-10-02,79,2,5,0,15,1,1791026122000,0.06,1791026057000,pre-point mid,sets 1-0 games 2-2 pts 0-0,0.962606,0.575,0.540848,0.589152,0.575,0.60269,0.543015,0.0596747,True,1,True,True,True,False
"EXPLORATORY, added after seeing the all-points replay; not pre-registered; one day, 9 matches; backtest replay on real recorded book; assumed feed latency; paper only",1020|LS041,wta-su-bucsa-2026-10-02,80,2,5,0,30,1,1791026154000,0.03,1791026124000,pre-point mid,sets 1-0 games 2-2 pts 0-15,0.952521,0.545,0.5411,0.5889,0.545,0.57522,0.510241,0.0649795,True,1,True,True,True,True
"EXPLORATORY, added after seeing the all-points replay; not pre-registered; one day, 9 matches; backtest replay on real recorded book; assumed feed latency; paper only",1020|LS041,wta-su-bucsa-2026-10-02,81,2,5,15,30,0,1791026181000,0.01,1791026156000,pre-point mid,sets 1-0 games 2-2 pts 0-30,0.93988,0.505,0.540435,0.589565,0.505,0.53141,0.474903,0.056507,True,0,True,True,True,False
"EXPLORATORY, added after seeing the all-points replay; not pre-registered; one day, 9 matches; backtest replay on real recorded book; assumed feed latency; paper only",1020|LS041,wta-su-bucsa-2026-10-02,82,2,5,30,30,0,1791026229000,0.06,1791026183000,pre-point mid,sets 1-0 games 2-2 pts 15-30,0.953672,0.525,0.539618,0.590382,0.525,0.562043,0.48262,0.0794232,True,0,True,True,True,True
"EXPLORATORY, added after seeing the all-points replay; not pre-registered; one day, 9 matches; backtest replay on real recorded book; assumed feed latency; paper only",1020|LS041,wta-su-bucsa-2026-10-02,83,2,5,40,30,0,1791026257000,0.05,1791026231000,pre-point mid,sets 1-0 games 2-2 pts 30-30,0.964436,0.565,0.540002,0.589998,0.565,0.6101,0.513032,0.0970679,True,0,True,True,True,True
"EXPLORATORY, added after seeing the all-points replay; not pre-registered; one day, 9 matches; backtest replay on real recorded book; assumed feed latency; paper only",1020|LS041,wta-su-bucsa-2026-10-02,84,2,5,40,40,1,1791026286000,0.05,1791026259000,pre-point mid,sets 1-0 games 2-2 pts 40-30,0.972764,0.625,0.542014,0.587986,0.625,0.663163,0.580475,0.0826878,True,1,True,True,True,True
"EXPLORATORY, added after seeing the all-points replay; not pre-registered; one day, 9 matches; backtest replay on real recorded book; assumed feed latency; paper only",1020|LS041,wta-su-bucsa-2026-10-02,85,2,5,40,A,1,1791026332000,0.05,1791026288000,pre-point mid,sets 1-0 games 2-2 pts 40-40,0.965302,0.585,0.542604,0.587396,0.585,0.629326,0.533363,0.0959622,True,1,True,True,True,True
"EXPLORATORY, added after seeing the all-points replay; not pre-registered; one day, 9 matches; backtest replay on real recorded book; assumed feed latency; paper only",1020|LS041,wta-su-bucsa-2026-10-02,86,2,5,40,40,0,1791026391000,0.065,1791026334000,pre-point mid,sets 1-0 games 2-2 pts 40-A,0.955875,0.525,0.541535,0.588465,0.525,0.576783,0.46523,0.111554,True,0,True,True,True,True
"EXPLORATORY, added after seeing the all-points replay; not pre-registered; one day, 9 matches; backtest replay on real recorded book; assumed feed latency; paper only",1020|LS041,wta-su-bucsa-2026-10-02,87,2,5,A,40,0,1791026455000,0.06,1791026393000,pre-point mid,sets 1-0 games 2-2 pts 40-40,0.966108,0.565,0.540004,0.589996,0.565,0.610084,0.513004,0.0970807,True,0,True,True,True,True
"EXPLORATORY, added after seeing the all-points replay; not pre-registered; one day, 9 matches; backtest replay on real recorded book; assumed feed latency; paper only",1020|LS041,wta-su-bucsa-2026-10-02,88,2,5,G,40,0,1791026484000,0.04,1791026457000,pre-point mid,sets 1-0 games 2-2 pts A-40,0.974056,0.615,0.540666,0.589334,0.615,0.653675,0.570091,0.0835838,True,0,True,True,True,True
"EXPLORATORY, added after seeing the all-points replay; not pre-registered; one day, 9 matches; backtest replay on real recorded book; assumed feed latency; paper only",1020|LS041,wta-su-bucsa-2026-10-02,89,2,6,0,15,1,1791026603000,0.04,1791026486000,pre-point mid,sets 1-0 games 3-2 pts 0-0,0.0198298,0.665,0.542289,0.587711,0.665,0.703373,0.637793,0.0655803,True,1,True,True,True,True
"EXPLORATORY, added after seeing the all-points replay; not pre-registered; one day, 9 matches; backtest replay on real recorded book; assumed feed latency; paper only",1020|LS041,wta-su-bucsa-2026-10-02,90,2,6,15,15,0,1791026640000,0.045,1791026605000,pre-point mid,sets 1-0 games 3-2 pts 0-15,0.0155115,0.645,0.543302,0.586698,0.645,0.676346,0.622734,0.0536124,True,0,True,True,True,False
"EXPLORATORY, added after seeing the all-points replay; not pre-registered; one day, 9 matches; backtest replay on real recorded book; assumed feed latency; paper only",1020|LS041,wta-su-bucsa-2026-10-02,91,2,6,15,30,1,1791026733000,0.04,1791026642000,pre-point mid,sets 1-0 games 3-2 pts 15-15,0.0202915,0.665,0.541643,0.588357,0.665,0.712706,0.631257,0.081449,True,1,True,True,True,True
"EXPLORATORY, added after seeing the all-points replay; not pre-registered; one day, 9 matches; backtest replay on real recorded book; assumed feed latency; paper only",1020|LS041,wta-su-bucsa-2026-10-02,92,2,6,15,40,1,1791026774000,0.04,1791026735000,pre-point mid,sets 1-0 games 3-2 pts 15-30,0.0158792,0.635,0.542168,0.587832,0.635,0.673191,0.607993,0.0651987,True,1,True,True,True,True
"EXPLORATORY, added after seeing the all-points replay; not pre-registered; one day, 9 matches; backtest replay on real recorded book; assumed feed latency; paper only",1020|LS041,wta-su-bucsa-2026-10-02,93,2,6,15,G,1,1791026803000,0.02,1791026776000,pre-point mid,sets 1-0 games 3-2 pts 15-40,0.0124111,0.605,0.541756,0.588244,0.604999,0.624166,0.591493,0.0326728,True,1,True,True,False,False
"EXPLORATORY, added after seeing the all-points replay; not pre-registered; one day, 9 matches; backtest replay on real recorded book; assumed feed latency; paper only",1020|LS041,wta-su-bucsa-2026-10-02,94,2,7,15,0,0,1791026859000,0.055,1791026805000,pre-point mid,sets 1-0 games 3-3 pts 0-0,0.990305,0.575,0.539504,0.590496,0.575,0.608431,0.536031,0.0724007,True,0,True,True,True,True
"EXPLORATORY, added after seeing the all-points replay; not pre-registered; one day, 9 matches; backtest replay on real recorded book; assumed feed latency; paper only",1020|LS041,wta-su-bucsa-2026-10-02,95,2,7,30,0,0,1791026902000,0.05,1791026861000,pre-point mid,sets 1-0 games 3-3 pts 15-0,0.992624,0.605,0.539021,0.590979,0.604999,0.635691,0.56925,0.0664404,True,0,True,True,True,True
"EXPLORATORY, added after seeing the all-points replay; not pre-registered; one day, 9 matches; backtest replay on real recorded book; assumed feed latency; paper only",1020|LS041,wta-su-bucsa-2026-10-02,96,2,7,30,15,1,1791026923000,0.04,1791026904000,pre-point mid,sets 1-0 games 3-3 pts 30-0,0.994393,0.635,0.538919,0.591081,0.635,0.657276,0.609039,0.0482371,True,1,True,True,True,False
"EXPLORATORY, added after seeing the all-points replay; not pre-registered; one day, 9 matches; backtest replay on real recorded book; assumed feed latency; paper only",1020|LS041,wta-su-bucsa-2026-10-02,97,2,7,40,15,0,1791026959000,0.04,1791026925000,pre-point mid,sets 1-0 games 3-3 pts 30-15,0.992823,0.615,0.53977,0.59023,0.615,0.651399,0.57247,0.0789296,True,0,True,True,True,True
"EXPLORATORY, added after seeing the all-points replay; not pre-registered; one day, 9 matches; backtest replay on real recorded book; assumed feed latency; paper only",1020|LS041,wta-su-bucsa-2026-10-02,98,2,7,G,15,0,1791026994000,0.04,1791026961000,pre-point mid,sets 1-0 games 3-3 pts 40-15,0.994542,0.645,0.538808,0.591192,0.645,0.666542,0.619905,0.0466371,True,0,True,True,True,False
"EXPLORATORY, added after seeing the all-points replay; not pre-registered; one day, 9 matches; backtest replay on real recorded book; assumed feed latency; paper only",1020|LS041,wta-su-bucsa-2026-10-02,99,2,8,0,15,1,1791027112000,0.04,1791026996000,pre-point mid,sets 1-0 games 4-3 pts 0-0,0.00414628,0.675,0.540136,0.589864,0.675,0.722757,0.64172,0.0810369,True,1,True,True,True,True
"EXPLORATORY, added after seeing the all-points replay; not pre-registered; one day, 9 matches; backtest replay on real recorded book; assumed feed latency; paper only",1020|LS041,wta-su-bucsa-2026-10-02,100,2,8,15,15,0,1791027154000,0.04,1791027114000,pre-point mid,sets 1-0 games 4-3 pts 0-15,0.00323543,0.635,0.539122,0.590878,0.635,0.674458,0.607632,0.0668255,True,0,True,True,True,True
"EXPLORATORY, added after seeing the all-points replay; not pre-registered; one day, 9 matches; backtest replay on real recorded book; assumed feed latency; paper only",1020|LS041,wta-su-bucsa-2026-10-02,101,2,8,15,30,1,1791027178000,0.04,1791027156000,pre-point mid,sets 1-0 games 4-3 pts 15-15,0.00425913,0.64,0.533691,0.596309,0.64,0.703922,0.596627,0.107295,True,1,True,True,True,True
"EXPLORATORY, added after seeing the all-points replay; not pre-registered; one day, 9 matches; backtest replay on real recorded book; assumed feed latency; paper only",1020|LS041,wta-su-bucsa-2026-10-02,102,2,8,30,30,0,1791027201000,0.05,1791027180000,pre-point mid,sets 1-0 games 4-3 pts 15-30,0.0033337,0.635,0.539447,0.590553,0.635,0.682554,0.60197,0.0805837,True,0,True,True,True,True
"EXPLORATORY, added after seeing the all-points replay; not pre-registered; one day, 9 matches; backtest replay on real recorded book; assumed feed latency; paper only",1020|LS041,wta-su-bucsa-2026-10-02,103,2,8,30,40,1,1791027228000,0.045,1791027203000,pre-point mid,sets 1-0 games 4-3 pts 30-30,0.00438751,0.675,0.538215,0.591785,0.675,0.75859,0.617203,0.141388,True,1,True,True,True,True
"EXPLORATORY, added after seeing the all-points replay; not pre-registered; one day, 9 matches; backtest replay on real recorded book; assumed feed latency; paper only",1020|LS041,wta-su-bucsa-2026-10-02,104,2,8,30,G,1,1791027261000,0.07,1791027230000,pre-point mid,sets 1-0 games 4-3 pts 30-40,0.00342699,0.635,0.540895,0.589105,0.635,0.691376,0.595606,0.0957702,True,1,True,True,True,True
"EXPLORATORY, added after seeing the all-points replay; not pre-registered; one day, 9 matches; backtest replay on real recorded book; assumed feed latency; paper only",1020|LS041,wta-su-bucsa-2026-10-02,105,2,9,0,15,1,1791027298000,0.06,1791027263000,pre-point mid,sets 1-0 games 4-4 pts 0-0,0.997327,0.595,0.540807,0.589193,0.595,0.637639,0.544853,0.0927866,True,1,True,True,True,True
"EXPLORATORY, added after seeing the all-points replay; not pre-registered; one day, 9 matches; backtest replay on real recorded book; assumed feed latency; paper only",1020|LS041,wta-su-bucsa-2026-10-02,106,2,9,15,15,0,1791027326000,0.055,1791027300000,pre-point mid,sets 1-0 games 4-4 pts 0-15,0.996573,0.535,0.53941,0.59059,0.535,0.582526,0.47944,0.103086,True,0,True,True,True,True
"EXPLORATORY, added after seeing the all-points replay; not pre-registered; one day, 9 matches; backtest replay on real recorded book; assumed feed latency; paper only",1020|LS041,wta-su-bucsa-2026-10-02,107,2,9,30,15,0,1791027359000,0.065,1791027328000,pre-point mid,sets 1-0 games 4-4 pts 15-15,0.997397,0.575,0.538303,0.591697,0.575,0.627533,0.513834,0.113699,True,0,True,True,True,True
"EXPLORATORY, added after seeing the all-points replay; not pre-registered; one day, 9 matches; backtest replay on real recorded book; assumed feed latency; paper only",1020|LS041,wta-su-bucsa-2026-10-02,108,2,9,30,30,1,1791027390000,0.06,1791027361000,pre-point mid,sets 1-0 games 4-4 pts 30-15,0.998024,0.635,0.539471,0.590529,0.635,0.68201,0.579989,0.102021,True,1,True,True,True,True
"EXPLORATORY, added after seeing the all-points replay; not pre-registered; one day, 9 matches; backtest replay on real recorded book; assumed feed latency; paper only",1020|LS041,wta-su-bucsa-2026-10-02,109,2,9,40,30,0,1791027440000,0.07,1791027392000,pre-point mid,sets 1-0 games 4-4 pts 30-30,0.997468,0.575,0.53873,0.59127,0.575,0.645239,0.493075,0.152164,True,0,True,True,True,True
"EXPLORATORY, added after seeing the all-points replay; not pre-registered; one day, 9 matches; backtest replay on real recorded book; assumed feed latency; paper only",1020|LS041,wta-su-bucsa-2026-10-02,110,2,9,G,30,0,1791027461000,0.07,1791027442000,pre-point mid,sets 1-0 games 4-4 pts 40-30,0.998078,0.645,0.538692,0.591308,0.645,0.705227,0.57474,0.130487,True,0,True,True,True,True
"EXPLORATORY, added after seeing the all-points replay; not pre-registered; one day, 9 matches; backtest replay on real recorded book; assumed feed latency; paper only",1020|LS041,wta-su-bucsa-2026-10-02,111,2,10,15,0,0,1791027588000,0.06,1791027463000,pre-point mid,sets 1-0 games 5-4 pts 0-0,0.00145899,0.705,0.538651,0.591349,0.705,0.7715,0.659009,0.11249,True,0,True,True,True,True
"EXPLORATORY, added after seeing the all-points replay; not pre-registered; one day, 9 matches; backtest replay on real recorded book; assumed feed latency; paper only",1020|LS041,wta-su-bucsa-2026-10-02,112,2,10,15,15,1,1791027611000,0.08,1791027590000,pre-point mid,sets 1-0 games 5-4 pts 15-0,0.00192223,0.785,0.541637,0.588363,0.785,0.864933,0.729019,0.135914,True,1,True,True,True,True
"EXPLORATORY, added after seeing the all-points replay; not pre-registered; one day, 9 matches; backtest replay on real recorded book; assumed feed latency; paper only",1020|LS041,wta-su-bucsa-2026-10-02,113,2,10,15,30,1,1791027643000,0.085,1791027613000,pre-point mid,sets 1-0 games 5-4 pts 15-15,0.00149815,0.725,0.540873,0.589127,0.725,0.80473,0.669349,0.135381,True,1,True,True,True,True
"EXPLORATORY, added after seeing the all-points replay; not pre-registered; one day, 9 matches; backtest replay on real recorded book; assumed feed latency; paper only",1020|LS041,wta-su-bucsa-2026-10-02,114,2,10,15,40,1,1791027674000,0.04,1791027645000,pre-point mid,sets 1-0 games 5-4 pts 15-30,0.00116794,0.675,0.541829,0.588171,0.675,0.737857,0.630962,0.106895,True,1,True,True,True,True
"EXPLORATORY, added after seeing the all-points replay; not pre-registered; one day, 9 matches; backtest replay on real recorded book; assumed feed latency; paper only",1020|LS041,wta-su-bucsa-2026-10-02,115,2,10,15,G,1,1791027697000,0.02,1791027676000,pre-point mid,sets 1-0 games 5-4 pts 15-40,0.000910034,0.615,0.539312,0.590688,0.615,0.646981,0.592829,0.0541521,True,1,True,True,True,False
"EXPLORATORY, added after seeing the all-points replay; not pre-registered; one day, 9 matches; backtest replay on real recorded book; assumed feed latency; paper only",1020|LS041,wta-su-bucsa-2026-10-02,116,2,11,0,15,1,1791027747000,0.07,1791027699000,pre-point mid,sets 1-0 games 5-5 pts 0-0,0.99929,0.585,0.538107,0.591893,0.585,0.629535,0.533135,0.0963999,True,1,True,True,True,True
"EXPLORATORY, added after seeing the all-points replay; not pre-registered; one day, 9 matches; backtest replay on real recorded book; assumed feed latency; paper only",1020|LS041,wta-su-bucsa-2026-10-02,117,2,11,15,15,0,1791027783000,0.055,1791027749000,pre-point mid,sets 1-0 games 5-5 pts 0-15,0.99909,0.525,0.536902,0.593098,0.525,0.574296,0.467875,0.106421,True,0,True,True,True,True
"EXPLORATORY, added after seeing the all-points replay; not pre-registered; one day, 9 matches; backtest replay on real recorded book; assumed feed latency; paper only",1020|LS041,wta-su-bucsa-2026-10-02,118,2,11,15,30,1,1791027803000,0.05,1791027785000,pre-point mid,sets 1-0 games 5-5 pts 15-15,0.999311,0.565,0.535462,0.594538,0.565,0.619935,0.501701,0.118234,True,1,True,True,True,True
"EXPLORATORY, added after seeing the all-points replay; not pre-registered; one day, 9 matches; backtest replay on real recorded book; assumed feed latency; paper only",1020|LS041,wta-su-bucsa-2026-10-02,119,2,11,30,30,0,1791027821000,0.06,1791027805000,pre-point mid,sets 1-0 games 5-5 pts 15-30,0.999118,0.505,0.535954,0.594046,0.505,0.565358,0.435321,0.130036,True,0,True,True,True,True
"EXPLORATORY, added after seeing the all-points replay; not pre-registered; one day, 9 matches; backtest replay on real recorded book; assumed feed latency; paper only",1020|LS041,wta-su-bucsa-2026-10-02,120,2,11,30,40,1,1791027851000,0.11,1791027823000,carried from an earlier point,sets 1-0 games 5-5 pts 30-30,0.999332,,0.535954,0.594046,0.565358,0.638698,0.480683,0.158015,True,1,True,True,True,True
"EXPLORATORY, added after seeing the all-points replay; not pre-registered; one day, 9 matches; backtest replay on real recorded book; assumed feed latency; paper only",1020|LS041,wta-su-bucsa-2026-10-02,121,2,11,40,40,0,1791027893000,0.09,1791027853000,pre-point mid,sets 1-0 games 5-5 pts 30-40,0.999145,0.485,0.536597,0.593403,0.485,0.569469,0.387233,0.182237,True,0,True,True,True,True
"EXPLORATORY, added after seeing the all-points replay; not pre-registered; one day, 9 matches; backtest replay on real recorded book; assumed feed latency; paper only",1020|LS041,wta-su-bucsa-2026-10-02,122,2,11,A,40,0,1791027910000,0.06,1791027895000,pre-point mid,sets 1-0 games 5-5 pts 40-40,0.999352,0.565,0.535898,0.594102,0.565,0.638371,0.480307,0.158065,True,0,True,True,True,True
"EXPLORATORY, added after seeing the all-points replay; not pre-registered; one day, 9 matches; backtest replay on real recorded book; assumed feed latency; paper only",1020|LS041,wta-su-bucsa-2026-10-02,123,2,11,G,40,0,1791027942000,0.06,1791027912000,pre-point mid,sets 1-0 games 5-5 pts A-40,0.999509,0.635,0.53532,0.59468,0.635,0.698988,0.561304,0.137684,True,0,True,True,True,True
"EXPLORATORY, added after seeing the all-points replay; not pre-registered; one day, 9 matches; backtest replay on real recorded book; assumed feed latency; paper only",1020|LS041,wta-su-bucsa-2026-10-02,124,2,12,15,0,0,1791028064000,0.08,1791027944000,pre-point mid,sets 1-0 games 6-5 pts 0-0,0.00037191,0.7,0.535519,0.594481,0.7,0.766657,0.654522,0.112135,True,0,True,True,True,True
"EXPLORATORY, added after seeing the all-points replay; not pre-registered; one day, 9 matches; backtest replay on real recorded book; assumed feed latency; paper only",1020|LS041,wta-su-bucsa-2026-10-02,125,2,12,30,0,0,1791028106000,0.085,1791028066000,pre-point mid,sets 1-0 games 6-5 pts 15-0,0.000491078,0.765,0.535129,0.594871,0.765,0.850792,0.706557,0.144235,True,0,True,True,True,True
"EXPLORATORY, added after seeing the all-points replay; not pre-registered; one day, 9 matches; backtest replay on real recorded book; assumed feed latency; paper only",1020|LS041,wta-su-bucsa-2026-10-02,126,2,12,40,0,0,1791028139000,0.095,1791028108000,pre-point mid,sets 1-0 games 6-5 pts 30-0,0.000648555,0.855,0.53657,0.59343,0.855,0.941971,0.795393,0.146578,True,0,True,True,True,True
"EXPLORATORY, added after seeing the all-points replay; not pre-registered; one day, 9 matches; backtest replay on real recorded book; assumed feed latency; paper only",1020|LS041,wta-su-bucsa-2026-10-02,127,2,12,40,15,1,1791028180000,0.035,1791028141000,pre-point mid,sets 1-0 games 6-5 pts 40-0,0.000855752,0.945,0.538983,0.591017,0.945,1,0.906923,0.0930775,True,1,True,True,True,True
"EXPLORATORY, added after seeing the all-points replay; not pre-registered; one day, 9 matches; backtest replay on real recorded book; assumed feed latency; paper only",1020|LS041,wta-su-bucsa-2026-10-02,128,2,12,G,15,0,1791028212000,0.02,1791028182000,pre-point mid,sets 1-0 games 6-5 pts 40-15,0.000667647,0.905,0.537994,0.592006,0.905,1,0.839505,0.160495,True,0,True,True,True,True
"EXPLORATORY, added after seeing the all-points replay; not pre-registered; one day, 9 matches; backtest replay on real recorded book; assumed feed latency; paper only",1020|LS044,wta-jovic-dart-2026-10-02,1,1,1,15,0,0,1791017012000,,1791016982000,no price yet,sets 0-0 games 0-0 pts 0-0,0.5,,0.565,0.565,0.5,0.518503,0.481497,,True,0,False,False,False,False
"EXPLORATORY, added after seeing the all-points replay; not pre-registered; one day, 9 matches; backtest replay on real recorded book; assumed feed latency; paper only",1020|LS044,wta-jovic-dart-2026-10-02,2,1,1,30,0,0,1791017038000,,1791017014000,no price yet,sets 0-0 games 0-0 pts 15-0,0.565,,0.565,0.565,0.518503,0.536392,0.5,,True,0,False,False,False,False
"EXPLORATORY, added after seeing the all-points replay; not pre-registered; one day, 9 matches; backtest replay on real recorded book; assumed feed latency; paper only",1020|LS044,wta-jovic-dart-2026-10-02,3,1,1,30,15,1,1791017102000,,1791017040000,no price yet,sets 0-0 games 0-0 pts 30-0,0.62784,,0.565,0.565,0.536392,0.549548,0.522331,,True,1,False,False,False,False
"EXPLORATORY, added after seeing the all-points replay; not pre-registered; one day, 9 matches; backtest replay on real recorded book; assumed feed latency; paper only",1020|LS044,wta-jovic-dart-2026-10-02,4,1,1,30,30,1,1791017151000,,1791017104000,no price yet,sets 0-0 games 0-0 pts 30-15,0.565,,0.565,0.565,0.522331,0.54392,0.5,,True,1,False,False,False,False
"EXPLORATORY, added after seeing the all-points replay; not pre-registered; one day, 9 matches; backtest replay on real recorded book; assumed feed latency; paper only",1020|LS044,wta-jovic-dart-2026-10-02,5,1,1,30,40,1,1791017198000,,1791017153000,no price yet,sets 0-0 games 0-0 pts 30-30,0.5,,0.565,0.565,0.5,0.530119,0.469881,,True,1,False,False,False,False
"EXPLORATORY, added after seeing the all-points replay; not pre-registered; one day, 9 matches; backtest replay on real recorded book; assumed feed latency; paper only",1020|LS044,wta-jovic-dart-2026-10-02,6,1,1,30,G,1,1791017232000,,1791017200000,no price yet,sets 0-0 games 0-0 pts 30-40,0.435,,0.565,0.565,0.469881,0.5,0.440763,,True,1,False,False,False,False
"EXPLORATORY, added after seeing the all-points replay; not pre-registered; one day, 9 matches; backtest replay on real recorded book; assumed feed latency; paper only",1020|LS044,wta-jovic-dart-2026-10-02,7,1,2,15,0,0,1791017309000,,1791017234000,no price yet,sets 0-0 games 0-1 pts 0-0,0.62784,,0.565,0.565,0.440763,0.461074,0.419056,,True,0,False,False,False,False
"EXPLORATORY, added after seeing the all-points replay; not pre-registered; one day, 9 matches; backtest replay on real recorded book; assumed feed latency; paper only",1020|LS044,wta-jovic-dart-2026-10-02,8,1,2,15,15,1,1791017349000,,1791017311000,no price yet,sets 0-0 games 0-1 pts 15-0,0.686636,,0.565,0.565,0.461074,0.479959,0.440263,,True,1,False,False,False,False
"EXPLORATORY, added after seeing the all-points replay; not pre-registered; one day, 9 matches; backtest replay on real recorded book; assumed feed latency; paper only",1020|LS044,wta-jovic-dart-2026-10-02,9,1,2,30,15,0,1791017399000,,1791017351000,no price yet,sets 0-0 games 0-1 pts 15-15,0.62784,,0.565,0.565,0.440263,0.464294,0.414579,,True,0,False,False,False,False
"EXPLORATORY, added after seeing the all-points replay; not pre-registered; one day, 9 matches; backtest replay on real recorded book; assumed feed latency; paper only",1020|LS044,wta-jovic-dart-2026-10-02,10,1,2,30,30,1,1791017445000,,1791017401000,no price yet,sets 0-0 games 0-1 pts 30-15,0.686636,,0.565,0.565,0.464294,0.486564,0.439754,,True,1,False,False,False,False
"EXPLORATORY, added after seeing the all-points replay; not pre-registered; one day, 9 matches; backtest replay on real recorded book; assumed feed latency; paper only",1020|LS044,wta-jovic-dart-2026-10-02,11,1,2,40,30,0,1791017486000,,1791017447000,no price yet,sets 0-0 games 0-1 pts 30-30,0.62784,,0.565,0.565,0.439754,0.471339,0.405997,,True,0,False,False,False,False
"EXPLORATORY, added after seeing the all-points replay; not pre-registered; one day, 9 matches; backtest replay on real recorded book; assumed feed latency; paper only",1020|LS044,wta-jovic-dart-2026-10-02,12,1,2,40,40,1,1791017512000,,1791017488000,no price yet,sets 0-0 games 0-1 pts 40-30,0.686636,,0.565,0.565,0.471339,0.5,0.439754,,True,1,False,False,False,False
"EXPLORATORY, added after seeing the all-points replay; not pre-registered; one day, 9 matches; backtest replay on real recorded book; assumed feed latency; paper only",1020|LS044,wta-jovic-dart-2026-10-02,13,1,2,A,40,0,1791017547000,,1791017514000,no price yet,sets 0-0 games 0-1 pts 40-40,0.62784,,0.565,0.565,0.439754,0.471339,0.405997,,True,0,False,False,False,False
"EXPLORATORY, added after seeing the all-points replay; not pre-registered; one day, 9 matches; backtest replay on real recorded book; assumed feed latency; paper only",1020|LS044,wta-jovic-dart-2026-10-02,14,1,2,G,40,0,1791017595000,,1791017549000,no price yet,sets 0-0 games 0-1 pts A-40,0.686636,,0.565,0.565,0.471339,0.5,0.439754,,True,0,False,False,False,False
"EXPLORATORY, added after seeing the all-points replay; not pre-registered; one day, 9 matches; backtest replay on real recorded book; assumed feed latency; paper only",1020|LS044,wta-jovic-dart-2026-10-02,15,1,3,0,15,1,1791017640000,,1791017597000,no price yet,sets 0-0 games 1-1 pts 0-0,0.26001,,0.565,0.565,0.5,0.521887,0.480684,,True,1,False,False,False,False
"EXPLORATORY, added after seeing the all-points replay; not pre-registered; one day, 9 matches; backtest replay on real recorded book; assumed feed latency; paper only",1020|LS044,wta-jovic-dart-2026-10-02,16,1,3,0,30,1,1791017693000,,1791017642000,no price yet,sets 0-0 games 1-1 pts 0-15,0.212922,,0.565,0.565,0.480684,0.501042,0.463154,,True,1,False,False,False,False
"EXPLORATORY, added after seeing the all-points replay; not pre-registered; one day, 9 matches; backtest replay on real recorded book; assumed feed latency; paper only",1020|LS044,wta-jovic-dart-2026-10-02,17,1,3,15,30,0,1791017731000,,1791017695000,no price yet,sets 0-0 games 1-1 pts 0-30,0.172376,,0.565,0.565,0.463154,0.477669,0.450918,,True,0,False,False,False,False
"EXPLORATORY, added after seeing the all-points replay; not pre-registered; one day, 9 matches; backtest replay on real recorded book; assumed feed latency; paper only",1020|LS044,wta-jovic-dart-2026-10-02,18,1,3,30,30,0,1791017772000,,1791017733000,no price yet,sets 0-0 games 1-1 pts 15-30,0.212922,,0.565,0.565,0.477669,0.502102,0.45663,,True,0,False,False,False,False
"EXPLORATORY, added after seeing the all-points replay; not pre-registered; one day, 9 matches; backtest replay on real recorded book; assumed feed latency; paper only",1020|LS044,wta-jovic-dart-2026-10-02,19,1,3,40,30,0,1791017808000,,1791017774000,no price yet,sets 0-0 games 1-1 pts 30-30,0.26001,,0.565,0.565,0.502102,0.537868,0.470537,,True,0,False,False,False,False
"EXPLORATORY, added after seeing the all-points replay; not pre-registered; one day, 9 matches; backtest replay on real recorded book; assumed feed latency; paper only",1020|LS044,wta-jovic-dart-2026-10-02,20,1,3,40,40,1,1791017872000,,1791017810000,no price yet,sets 0-0 games 1-1 pts 40-30,0.313364,,0.565,0.565,0.537868,0.577282,0.502102,,True,1,False,False,False,False
"EXPLORATORY, added after seeing the all-points replay; not pre-registered; one day, 9 matches; backtest replay on real recorded book; assumed feed latency; paper only",1020|LS044,wta-jovic-dart-2026-10-02,21,1,3,40,A,1,1791017929000,,1791017874000,no price yet,sets 0-0 games 1-1 pts 40-40,0.26001,,0.565,0.565,0.502102,0.537868,0.470537,,True,1,False,False,False,False
"EXPLORATORY, added after seeing the all-points replay; not pre-registered; one day, 9 matches; backtest replay on real recorded book; assumed feed latency; paper only",1020|LS044,wta-jovic-dart-2026-10-02,22,1,3,40,G,1,1791017989000,,1791017931000,no price yet,sets 0-0 games 1-1 pts 40-A,0.212922,,0.565,0.565,0.470537,0.502102,0.443357,,True,1,False,False,False,False
"EXPLORATORY, added after seeing the all-points replay; not pre-registered; one day, 9 matches; backtest replay on real recorded book; assumed feed latency; paper only",1020|LS044,wta-jovic-dart-2026-10-02,23,1,4,0,15,1,1791018106000,,1791017991000,no price yet,sets 0-0 games 1-2 pts 0-0,0.827624,,0.565,0.565,0.443357,0.463816,0.419087,,True,1,False,False,False,False
"EXPLORATORY, added after seeing the all-points replay; not pre-registered; one day, 9 matches; backtest replay on real recorded book; assumed feed latency; paper only",1020|LS044,wta-jovic-dart-2026-10-02,24,1,4,0,30,1,1791018141000,,1791018108000,no price yet,sets 0-0 games 1-2 pts 0-15,0.787078,,0.565,0.565,0.419087,0.441934,0.392555,,True,1,False,False,False,False
"EXPLORATORY, added after seeing the all-points replay; not pre-registered; one day, 9 matches; backtest replay on real recorded book; assumed feed latency; paper only",1020|LS044,wta-jovic-dart-2026-10-02,25,1,4,15,30,0,1791018175000,,1791018143000,no price yet,sets 0-0 games 1-2 pts 0-30,0.73999,,0.565,0.565,0.392555,0.412892,0.369511,,True,0,False,False,False,False
"EXPLORATORY, added after seeing the all-points replay; not pre-registered; one day, 9 matches; backtest replay on real recorded book; assumed feed latency; paper only",1020|LS044,wta-jovic-dart-2026-10-02,26,1,4,15,40,1,1791018207000,,1791018177000,no price yet,sets 0-0 games 1-2 pts 15-30,0.787078,,0.565,0.565,0.412892,0.440487,0.380844,,True,1,False,False,False,False
"EXPLORATORY, added after seeing the all-points replay; not pre-registered; one day, 9 matches; backtest replay on real recorded book; assumed feed latency; paper only",1020|LS044,wta-jovic-dart-2026-10-02,27,1,4,15,G,1,1791018235000,,1791018209000,no price yet,sets 0-0 games 1-2 pts 15-40,0.73999,,0.565,0.565,0.380844,0.401869,0.357021,,True,1,False,False,False,False
"EXPLORATORY, added after seeing the all-points replay; not pre-registered; one day, 9 matches; backtest replay on real recorded book; assumed feed latency; paper only",1020|LS044,wta-jovic-dart-2026-10-02,28,1,5,0,15,1,1791018274000,,1791018237000,no price yet,sets 0-0 games 1-3 pts 0-0,0.313364,,0.565,0.565,0.357021,0.375711,0.340061,,True,1,False,False,False,False
"EXPLORATORY, added after seeing the all-points replay; not pre-registered; one day, 9 matches; backtest replay on real recorded book; assumed feed latency; paper only",1020|LS044,wta-jovic-dart-2026-10-02,29,1,5,15,15,0,1791018326000,,1791018276000,no price yet,sets 0-0 games 1-3 pts 0-15,0.26001,,0.565,0.565,0.340061,0.357906,0.324311,,True,0,False,False,False,False
"EXPLORATORY, added after seeing the all-points replay; not pre-registered; one day, 9 matches; backtest replay on real recorded book; assumed feed latency; paper only",1020|LS044,wta-jovic-dart-2026-10-02,30,1,5,30,15,0,1791018362000,,1791018328000,no price yet,sets 0-0 games 1-3 pts 15-15,0.313364,,0.565,0.565,0.357906,0.380508,0.337396,,True,0,False,False,False,False
"EXPLORATORY, added after seeing the all-points replay; not pre-registered; one day, 9 matches; backtest replay on real recorded book; assumed feed latency; paper only",1020|LS044,wta-jovic-dart-2026-10-02,31,1,5,40,15,0,1791018415000,,1791018364000,no price yet,sets 0-0 games 1-3 pts 30-15,0.37216,,0.565,0.565,0.380508,0.403702,0.358807,,True,0,False,False,False,False
"EXPLORATORY, added after seeing the all-points replay; not pre-registered; one day, 9 matches; backtest replay on real recorded book; assumed feed latency; paper only",1020|LS044,wta-jovic-dart-2026-10-02,32,1,5,G,15,0,1791018466000,,1791018417000,no price yet,sets 0-0 games 1-3 pts 40-15,0.435,,0.565,0.565,0.403702,0.418578,0.389321,,True,0,False,False,False,False
"EXPLORATORY, added after seeing the all-points replay; not pre-registered; one day, 9 matches; backtest replay on real recorded book; assumed feed latency; paper only",1020|LS044,wta-jovic-dart-2026-10-02,33,1,6,0,15,1,1791018597000,,1791018468000,no price yet,sets 0-0 games 2-3 pts 0-0,0.5,,0.565,0.565,0.418578,0.445305,0.391851,,True,1,False,False,False,False
"EXPLORATORY, added after seeing the all-points replay; not pre-registered; one day, 9 matches; backtest replay on real recorded book; assumed feed latency; paper only",1020|LS044,wta-jovic-dart-2026-10-02,34,1,6,0,30,1,1791018627000,,1791018599000,no price yet,sets 0-0 games 2-3 pts 0-15,0.435,,0.565,0.565,0.391851,0.418578,0.366013,,True,1,False,False,False,False
"EXPLORATORY, added after seeing the all-points replay; not pre-registered; one day, 9 matches; backtest replay on real recorded book; assumed feed latency; paper only",1020|LS044,wta-jovic-dart-2026-10-02,35,1,6,15,30,0,1791018662000,,1791018629000,no price yet,sets 0-0 games 2-3 pts 0-30,0.37216,,0.565,0.565,0.366013,0.387016,0.34636,,True,0,False,False,False,False
"EXPLORATORY, added after seeing the all-points replay; not pre-registered; one day, 9 matches; backtest replay on real recorded book; assumed feed latency; paper only",1020|LS044,wta-jovic-dart-2026-10-02,36,1,6,15,40,1,1791018718000,,1791018664000,no price yet,sets 0-0 games 2-3 pts 15-30,0.435,,0.565,0.565,0.387016,0.418578,0.356503,,True,1,False,False,False,False
"EXPLORATORY, added after seeing the all-points replay; not pre-registered; one day, 9 matches; backtest replay on real recorded book; assumed feed latency; paper only",1020|LS044,wta-jovic-dart-2026-10-02,37,1,6,15,G,1,1791018742000,,1791018720000,no price yet,sets 0-0 games 2-3 pts 15-40,0.37216,,0.565,0.565,0.356503,0.37718,0.337157,,True,1,False,False,False,False
"EXPLORATORY, added after seeing the all-points replay; not pre-registered; one day, 9 matches; backtest replay on real recorded book; assumed feed latency; paper only",1020|LS044,wta-jovic-dart-2026-10-02,38,1,7,0,15,1,1791018812000,,1791018744000,no price yet,sets 0-0 games 2-4 pts 0-0,0.686636,,0.565,0.565,0.337157,0.353153,0.319528,,True,1,False,False,False,False
"EXPLORATORY, added after seeing the all-points replay; not pre-registered; one day, 9 matches; backtest replay on real recorded book; assumed feed latency; paper only",1020|LS044,wta-jovic-dart-2026-10-02,39,1,7,0,30,1,1791018893000,,1791018814000,no price yet,sets 0-0 games 2-4 pts 0-15,0.62784,,0.565,0.565,0.319528,0.336779,0.301091,,True,1,False,False,False,False
"EXPLORATORY, added after seeing the all-points replay; not pre-registered; one day, 9 matches; backtest replay on real recorded book; assumed feed latency; paper only",1020|LS044,wta-jovic-dart-2026-10-02,40,1,7,15,30,0,1791018938000,,1791018895000,no price yet,sets 0-0 games 2-4 pts 0-30,0.565,,0.565,0.565,0.301091,0.315485,0.286203,,True,0,False,False,False,False
"EXPLORATORY, added after seeing the all-points replay; not pre-registered; one day, 9 matches; backtest replay on real recorded book; assumed feed latency; paper only",1020|LS044,wta-jovic-dart-2026-10-02,41,1,7,30,30,0,1791018963000,,1791018940000,no price yet,sets 0-0 games 2-4 pts 15-30,0.62784,,0.565,0.565,0.315485,0.336395,0.293136,,True,0,False,False,False,False
"EXPLORATORY, added after seeing the all-points replay; not pre-registered; one day, 9 matches; backtest replay on real recorded book; assumed feed latency; paper only",1020|LS044,wta-jovic-dart-2026-10-02,42,1,7,30,40,1,1791018992000,,1791018965000,no price yet,sets 0-0 games 2-4 pts 30-30,0.686636,,0.565,0.565,0.336395,0.362469,0.307662,,True,1,False,False,False,False
"EXPLORATORY, added after seeing the all-points replay; not pre-registered; one day, 9 matches; backtest replay on real recorded book; assumed feed latency; paper only",1020|LS044,wta-jovic-dart-2026-10-02,43,1,7,40,40,0,1791019048000,,1791018994000,no price yet,sets 0-0 games 2-4 pts 30-40,0.62784,,0.565,0.565,0.307662,0.336395,0.276953,,True,0,False,False,False,False
"EXPLORATORY, added after seeing the all-points replay; not pre-registered; one day, 9 matches; backtest replay on real recorded book; assumed feed latency; paper only",1020|LS044,wta-jovic-dart-2026-10-02,44,1,7,A,40,0,1791019088000,,1791019050000,no price yet,sets 0-0 games 2-4 pts 40-40,0.686636,,0.565,0.565,0.336395,0.362469,0.307662,,True,0,False,False,False,False
"EXPLORATORY, added after seeing the all-points replay; not pre-registered; one day, 9 matches; backtest replay on real recorded book; assumed feed latency; paper only",1020|LS044,wta-jovic-dart-2026-10-02,45,1,7,40,40,1,1791019133000,,1791019090000,no price yet,sets 0-0 games 2-4 pts A-40,0.73999,,0.565,0.565,0.362469,0.38548,0.336395,,True,1,False,False,False,False
"EXPLORATORY, added after seeing the all-points replay; not pre-registered; one day, 9 matches; backtest replay on real recorded book; assumed feed latency; paper only",1020|LS044,wta-jovic-dart-2026-10-02,46,1,7,A,40,0,1791019168000,,1791019135000,no price yet,sets 0-0 games 2-4 pts 40-40,0.686636,,0.565,0.565,0.336395,0.362469,0.307662,,True,0,False,False,False,False
"EXPLORATORY, added after seeing the all-points replay; not pre-registered; one day, 9 matches; backtest replay on real recorded book; assumed feed latency; paper only",1020|LS044,wta-jovic-dart-2026-10-02,47,1,7,40,40,1,1791019207000,,1791019170000,no price yet,sets 0-0 games 2-4 pts A-40,0.73999,,0.565,0.565,0.362469,0.38548,0.336395,,True,1,False,False,False,False
"EXPLORATORY, added after seeing the all-points replay; not pre-registered; one day, 9 matches; backtest replay on real recorded book; assumed feed latency; paper only",1020|LS044,wta-jovic-dart-2026-10-02,48,1,7,40,A,1,1791019241000,,1791019209000,no price yet,sets 0-0 games 2-4 pts 40-40,0.686636,,0.565,0.565,0.336395,0.362469,0.307662,,True,1,False,False,False,False
"EXPLORATORY, added after seeing the all-points replay; not pre-registered; one day, 9 matches; backtest replay on real recorded book; assumed feed latency; paper only",1020|LS044,wta-jovic-dart-2026-10-02,49,1,7,40,40,1,1791019287000,,1791019243000,no price yet,sets 0-0 games 2-4 pts 40-A,0.62784,,0.565,0.565,0.307662,0.336395,0.276953,,True,0,False,False,False,False
"EXPLORATORY, added after seeing the all-points replay; not pre-registered; one day, 9 matches; backtest replay on real recorded book; assumed feed latency; paper only",1020|LS044,wta-jovic-dart-2026-10-02,50,1,7,A,40,0,1791019333000,,1791019289000,no price yet,sets 0-0 games 2-4 pts 40-40,0.686636,,0.565,0.565,0.336395,0.362469,0.307662,,True,0,False,False,False,False
"EXPLORATORY, added after seeing the all-points replay; not pre-registered; one day, 9 matches; backtest replay on real recorded book; assumed feed latency; paper only",1020|LS044,wta-jovic-dart-2026-10-02,51,1,7,40,40,1,1791019370000,,1791019335000,no price yet,sets 0-0 games 2-4 pts A-40,0.73999,,0.565,0.565,0.362469,0.38548,0.336395,,True,1,False,False,False,False
"EXPLORATORY, added after seeing the all-points replay; not pre-registered; one day, 9 matches; backtest replay on real recorded book; assumed feed latency; paper only",1020|LS044,wta-jovic-dart-2026-10-02,52,1,7,40,A,1,1791019417000,,1791019372000,no price yet,sets 0-0 games 2-4 pts 40-40,0.686636,,0.565,0.565,0.336395,0.362469,0.307662,,True,1,False,False,False,False
"EXPLORATORY, added after seeing the all-points replay; not pre-registered; one day, 9 matches; backtest replay on real recorded book; assumed feed latency; paper only",1020|LS044,wta-jovic-dart-2026-10-02,53,1,7,40,G,1,1791019456000,,1791019419000,no price yet,sets 0-0 games 2-4 pts 40-A,0.62784,,0.565,0.565,0.307662,0.336395,0.276953,,True,1,False,False,False,False
"EXPLORATORY, added after seeing the all-points replay; not pre-registered; one day, 9 matches; backtest replay on real recorded book; assumed feed latency; paper only",1020|LS044,wta-jovic-dart-2026-10-02,54,1,8,15,0,0,1791019600000,,1791019458000,no price yet,sets 0-0 games 2-5 pts 0-0,0.435,,0.565,0.565,0.276953,0.286319,0.267898,,True,0,False,False,False,False
"EXPLORATORY, added after seeing the all-points replay; not pre-registered; one day, 9 matches; backtest replay on real recorded book; assumed feed latency; paper only",1020|LS044,wta-jovic-dart-2026-10-02,55,1,8,15,15,1,1791019633000,,1791019602000,no price yet,sets 0-0 games 2-5 pts 15-0,0.5,,0.565,0.565,0.286319,0.295574,0.277064,,True,1,False,False,False,False
"EXPLORATORY, added after seeing the all-points replay; not pre-registered; one day, 9 matches; backtest replay on real recorded book; assumed feed latency; paper only",1020|LS044,wta-jovic-dart-2026-10-02,56,1,8,30,15,0,1791019661000,,1791019635000,no price yet,sets 0-0 games 2-5 pts 15-15,0.435,,0.565,0.565,0.277064,0.28813,0.266365,,True,0,False,False,False,False
"EXPLORATORY, added after seeing the all-points replay; not pre-registered; one day, 9 matches; backtest replay on real recorded book; assumed feed latency; paper only",1020|LS044,wta-jovic-dart-2026-10-02,57,1,8,30,30,1,1791019708000,,1791019663000,no price yet,sets 0-0 games 2-5 pts 30-15,0.5,,0.565,0.565,0.28813,0.299083,0.277177,,True,1,False,False,False,False
"EXPLORATORY, added after seeing the all-points replay; not pre-registered; one day, 9 matches; backtest replay on real recorded book; assumed feed latency; paper only",1020|LS044,wta-jovic-dart-2026-10-02,58,1,8,30,40,1,1791019739000,,1791019710000,no price yet,sets 0-0 games 2-5 pts 30-30,0.435,,0.565,0.565,0.277177,0.291699,0.263137,,True,1,False,False,False,False
"EXPLORATORY, added after seeing the all-points replay; not pre-registered; one day, 9 matches; backtest replay on real recorded book; assumed feed latency; paper only",1020|LS044,wta-jovic-dart-2026-10-02,59,1,8,30,G,1,1791019774000,,1791019741000,no price yet,sets 0-0 games 2-5 pts 30-40,0.37216,,0.565,0.565,0.263137,0.277177,0.25,,True,1,False,False,False,False
"EXPLORATORY, added after seeing the all-points replay; not pre-registered; one day, 9 matches; backtest replay on real recorded book; assumed feed latency; paper only",1020|LS044,wta-jovic-dart-2026-10-02,60,2,1,0,15,1,1791019927000,,1791019776000,no price yet,sets 0-1 games 0-0 pts 0-0,0.686636,,0.565,0.565,0.25,0.267647,0.230553,,True,1,False,False,False,False
"EXPLORATORY, added after seeing the all-points replay; not pre-registered; one day, 9 matches; backtest replay on real recorded book; assumed feed latency; paper only",1020|LS044,wta-jovic-dart-2026-10-02,61,2,1,15,15,0,1791019969000,,1791019929000,no price yet,sets 0-1 games 0-0 pts 0-15,0.62784,,0.565,0.565,0.230553,0.249269,0.210549,,True,0,False,False,False,False
"EXPLORATORY, added after seeing the all-points replay; not pre-registered; one day, 9 matches; backtest replay on real recorded book; assumed feed latency; paper only",1020|LS044,wta-jovic-dart-2026-10-02,62,2,1,30,15,0,1791020021000,,1791019971000,no price yet,sets 0-1 games 0-0 pts 15-15,0.686636,,0.565,0.565,0.249269,0.270601,0.225762,,True,0,False,False,False,False
"EXPLORATORY, added after seeing the all-points replay; not pre-registered; one day, 9 matches; backtest replay on real recorded book; assumed feed latency; paper only",1020|LS044,wta-jovic-dart-2026-10-02,63,2,1,40,15,0,1791020050000,,1791020023000,no price yet,sets 0-1 games 0-0 pts 30-15,0.73999,,0.565,0.565,0.270601,0.290083,0.248526,,True,0,False,False,False,False
"EXPLORATORY, added after seeing the all-points replay; not pre-registered; one day, 9 matches; backtest replay on real recorded book; assumed feed latency; paper only",1020|LS044,wta-jovic-dart-2026-10-02,64,2,1,40,30,1,1791020089000,,1791020052000,no price yet,sets 0-1 games 0-0 pts 40-15,0.787078,,0.565,0.565,0.290083,0.301074,0.277319,,True,1,False,False,False,False
"EXPLORATORY, added after seeing the all-points replay; not pre-registered; one day, 9 matches; backtest replay on real recorded book; assumed feed latency; paper only",1020|LS044,wta-jovic-dart-2026-10-02,65,2,1,40,40,1,1791020125000,,1791020091000,no price yet,sets 0-1 games 0-0 pts 40-30,0.73999,,0.565,0.565,0.277319,0.30273,0.248526,,True,1,False,False,False,False
"EXPLORATORY, added after seeing the all-points replay; not pre-registered; one day, 9 matches; backtest replay on real recorded book; assumed feed latency; paper only",1020|LS044,wta-jovic-dart-2026-10-02,66,2,1,A,40,0,1791020163000,,1791020127000,no price yet,sets 0-1 games 0-0 pts 40-40,0.686636,,0.565,0.565,0.248526,0.277319,0.216796,,True,0,False,False,False,False
"EXPLORATORY, added after seeing the all-points replay; not pre-registered; one day, 9 matches; backtest replay on real recorded book; assumed feed latency; paper only",1020|LS044,wta-jovic-dart-2026-10-02,67,2,1,G,40,0,1791020218000,,1791020165000,no price yet,sets 0-1 games 0-0 pts A-40,0.73999,,0.565,0.565,0.277319,0.30273,0.248526,,True,0,False,False,False,False
"EXPLORATORY, added after seeing the all-points replay; not pre-registered; one day, 9 matches; backtest replay on real recorded book; assumed feed latency; paper only",1020|LS044,wta-jovic-dart-2026-10-02,68,2,2,0,15,1,1791020309000,,1791020220000,no price yet,sets 0-1 games 1-0 pts 0-0,0.212922,,0.565,0.565,0.30273,0.32465,0.283855,,True,1,False,False,False,False
"EXPLORATORY, added after seeing the all-points replay; not pre-registered; one day, 9 matches; backtest replay on real recorded book; assumed feed latency; paper only",1020|LS044,wta-jovic-dart-2026-10-02,69,2,2,15,15,0,1791020358000,,1791020311000,no price yet,sets 0-1 games 1-0 pts 0-15,0.172376,,0.565,0.565,0.283855,0.303854,0.266996,,True,0,False,False,False,False
"EXPLORATORY, added after seeing the all-points replay; not pre-registered; one day, 9 matches; backtest replay on real recorded book; assumed feed latency; paper only",1020|LS044,wta-jovic-dart-2026-10-02,70,2,2,15,30,1,1791020404000,,1791020360000,no price yet,sets 0-1 games 1-0 pts 15-15,0.212922,,0.565,0.565,0.303854,0.330001,0.281339,,True,1,False,False,False,False
"EXPLORATORY, added after seeing the all-points replay; not pre-registered; one day, 9 matches; backtest replay on real recorded book; assumed feed latency; paper only",1020|LS044,wta-jovic-dart-2026-10-02,71,2,2,15,40,1,1791020453000,,1791020406000,no price yet,sets 0-1 games 1-0 pts 15-30,0.172376,,0.565,0.565,0.281339,0.304997,0.261395,,True,1,False,False,False,False
"EXPLORATORY, added after seeing the all-points replay; not pre-registered; one day, 9 matches; backtest replay on real recorded book; assumed feed latency; paper only",1020|LS044,wta-jovic-dart-2026-10-02,72,2,2,30,40,0,1791020508000,,1791020455000,no price yet,sets 0-1 games 1-0 pts 15-40,0.138196,,0.565,0.565,0.261395,0.275156,0.25,,True,0,False,False,False,False
"EXPLORATORY, added after seeing the all-points replay; not pre-registered; one day, 9 matches; backtest replay on real recorded book; assumed feed latency; paper only",1020|LS044,wta-jovic-dart-2026-10-02,73,2,2,30,G,1,1791020564000,,1791020510000,no price yet,sets 0-1 games 1-0 pts 30-40,0.172376,,0.565,0.565,0.275156,0.304997,0.25,,True,1,False,False,False,False
"EXPLORATORY, added after seeing the all-points replay; not pre-registered; one day, 9 matches; backtest replay on real recorded book; assumed feed latency; paper only",1020|LS044,wta-jovic-dart-2026-10-02,74,2,3,15,0,0,1791020622000,,1791020566000,no price yet,sets 0-1 games 1-1 pts 0-0,0.861804,,0.565,0.565,0.25,0.268757,0.227348,,True,0,False,False,False,False
"EXPLORATORY, added after seeing the all-points replay; not pre-registered; one day, 9 matches; backtest replay on real recorded book; assumed feed latency; paper only",1020|LS044,wta-jovic-dart-2026-10-02,75,2,3,30,0,0,1791020666000,,1791020624000,no price yet,sets 0-1 games 1-1 pts 15-0,0.890107,,0.565,0.565,0.268757,0.285341,0.248429,,True,0,False,False,False,False
"EXPLORATORY, added after seeing the all-points replay; not pre-registered; one day, 9 matches; backtest replay on real recorded book; assumed feed latency; paper only",1020|LS044,wta-jovic-dart-2026-10-02,76,2,3,40,0,0,1791020709000,,1791020668000,no price yet,sets 0-1 games 1-1 pts 30-0,0.913198,,0.565,0.565,0.285341,0.296737,0.271201,,True,0,False,False,False,False
"EXPLORATORY, added after seeing the all-points replay; not pre-registered; one day, 9 matches; backtest replay on real recorded book; assumed feed latency; paper only",1020|LS044,wta-jovic-dart-2026-10-02,77,2,3,40,15,1,1791020761000,,1791020711000,no price yet,sets 0-1 games 1-1 pts 40-0,0.931808,,0.565,0.565,0.296737,0.301249,0.291083,,True,1,False,False,False,False
"EXPLORATORY, added after seeing the all-points replay; not pre-registered; one day, 9 matches; backtest replay on real recorded book; assumed feed latency; paper only",1020|LS044,wta-jovic-dart-2026-10-02,78,2,3,G,15,0,1791020793000,0.01,1791020763000,no price yet,sets 0-1 games 1-1 pts 40-15,0.913198,,0.565,0.565,0.291083,0.301922,0.277635,,True,0,True,False,False,False
"EXPLORATORY, added after seeing the all-points replay; not pre-registered; one day, 9 matches; backtest replay on real recorded book; assumed feed latency; paper only",1020|LS044,wta-jovic-dart-2026-10-02,79,2,4,0,15,1,1791020926000,0.02,1791020795000,pre-point mid,sets 0-1 games 2-1 pts 0-0,0.0681922,0.635,0.607446,0.522554,0.635001,0.658521,0.612733,0.0457882,True,1,True,True,True,False
"EXPLORATORY, added after seeing the all-points replay; not pre-registered; one day, 9 matches; backtest replay on real recorded book; assumed feed latency; paper only",1020|LS044,wta-jovic-dart-2026-10-02,80,2,4,15,15,0,1791020979000,0.02,1791020928000,pre-point mid,sets 0-1 games 2-1 pts 0-15,0.0521115,0.615,0.607745,0.522255,0.615001,0.637645,0.593716,0.0439291,True,0,True,True,True,False
"EXPLORATORY, added after seeing the all-points replay; not pre-registered; one day, 9 matches; backtest replay on real recorded book; assumed feed latency; paper only",1020|LS044,wta-jovic-dart-2026-10-02,81,2,4,15,30,1,1791021013000,0.035,1791020981000,pre-point mid,sets 0-1 games 2-1 pts 15-15,0.0653648,0.635,0.60739,0.52261,0.635001,0.663153,0.608394,0.0547589,True,1,True,True,True,False
"EXPLORATORY, added after seeing the all-points replay; not pre-registered; one day, 9 matches; backtest replay on real recorded book; assumed feed latency; paper only",1020|LS044,wta-jovic-dart-2026-10-02,82,2,4,30,30,0,1791021059000,0.03,1791021015000,pre-point mid,sets 0-1 games 2-1 pts 15-30,0.0499168,0.615,0.608262,0.521738,0.614999,0.641896,0.589694,0.0522022,True,0,True,True,True,False
"EXPLORATORY, added after seeing the all-points replay; not pre-registered; one day, 9 matches; backtest replay on real recorded book; assumed feed latency; paper only",1020|LS044,wta-jovic-dart-2026-10-02,83,2,4,40,30,0,1791021115000,0.06,1791021061000,pre-point mid,sets 0-1 games 2-1 pts 30-30,0.0626352,0.635,0.60733,0.52267,0.635001,0.672453,0.599663,0.0727898,True,0,True,True,True,True
"EXPLORATORY, added after seeing the all-points replay; not pre-registered; one day, 9 matches; backtest replay on real recorded book; assumed feed latency; paper only",1020|LS044,wta-jovic-dart-2026-10-02,84,2,4,G,30,0,1791021164000,0.05,1791021117000,pre-point mid,sets 0-1 games 2-1 pts 40-30,0.0783571,0.685,0.609115,0.520885,0.685,0.723548,0.648068,0.0754797,True,0,True,True,True,True
"EXPLORATORY, added after seeing the all-points replay; not pre-registered; one day, 9 matches; backtest replay on real recorded book; assumed feed latency; paper only",1020|LS044,wta-jovic-dart-2026-10-02,85,2,5,15,0,0,1791021211000,0.02,1791021166000,pre-point mid,sets 0-1 games 3-1 pts 0-0,0.902456,0.735,0.610912,0.519088,0.735,0.746202,0.71832,0.027882,True,0,True,True,False,False
"EXPLORATORY, added after seeing the all-points replay; not pre-registered; one day, 9 matches; backtest replay on real recorded book; assumed feed latency; paper only",1020|LS044,wta-jovic-dart-2026-10-02,86,2,5,15,15,1,1791021242000,0.02,1791021213000,pre-point mid,sets 0-1 games 3-1 pts 15-0,0.921585,0.765,0.614058,0.515942,0.765,0.773386,0.752216,0.0211706,True,1,True,True,False,False
"EXPLORATORY, added after seeing the all-points replay; not pre-registered; one day, 9 matches; backtest replay on real recorded book; assumed feed latency; paper only",1020|LS044,wta-jovic-dart-2026-10-02,87,2,5,30,15,0,1791021291000,0.02,1791021244000,pre-point mid,sets 0-1 games 3-1 pts 15-15,0.89787,0.745,0.612876,0.517124,0.745,0.758562,0.72469,0.0338717,True,0,True,True,False,False
"EXPLORATORY, added after seeing the all-points replay; not pre-registered; one day, 9 matches; backtest replay on real recorded book; assumed feed latency; paper only",1020|LS044,wta-jovic-dart-2026-10-02,88,2,5,30,30,1,1791021359000,0.04,1791021293000,pre-point mid,sets 0-1 games 3-1 pts 30-15,0.917751,0.765,0.613973,0.516027,0.765,0.77526,0.749398,0.0258624,True,1,True,True,False,False
"EXPLORATORY, added after seeing the all-points replay; not pre-registered; one day, 9 matches; backtest replay on real recorded book; assumed feed latency; paper only",1020|LS044,wta-jovic-dart-2026-10-02,89,2,5,30,40,1,1791021419000,0.035,1791021361000,pre-point mid,sets 0-1 games 3-1 pts 30-30,0.893016,0.745,0.613252,0.516748,0.745,0.763813,0.716858,0.0469552,True,1,True,True,True,False
"EXPLORATORY, added after seeing the all-points replay; not pre-registered; one day, 9 matches; backtest replay on real recorded book; assumed feed latency; paper only",1020|LS044,wta-jovic-dart-2026-10-02,90,2,5,40,40,0,1791021471000,0.03,1791021421000,pre-point mid,sets 0-1 games 3-1 pts 30-40,0.862017,0.705,0.611443,0.518557,0.705,0.733799,0.662953,0.0708456,True,0,True,True,True,True
"EXPLORATORY, added after seeing the all-points replay; not pre-registered; one day, 9 matches; backtest replay on real recorded book; assumed feed latency; paper only",1020|LS044,wta-jovic-dart-2026-10-02,91,2,5,40,A,1,1791021531000,0.045,1791021473000,pre-point mid,sets 0-1 games 3-1 pts 40-40,0.88807,0.725,0.610054,0.519946,0.725,0.744803,0.695845,0.0489582,True,1,True,True,True,False
"EXPLORATORY, added after seeing the all-points replay; not pre-registered; one day, 9 matches; backtest replay on real recorded book; assumed feed latency; paper only",1020|LS044,wta-jovic-dart-2026-10-02,92,2,5,40,40,1,1791021572000,-0.04,1791021533000,pre-point mid,sets 0-1 games 3-1 pts 40-A,0.856124,0.7,0.610674,0.519326,0.7,0.728977,0.657962,0.0710149,True,0,True,True,True,True
"EXPLORATORY, added after seeing the all-points replay; not pre-registered; one day, 9 matches; backtest replay on real recorded book; assumed feed latency; paper only",1020|LS044,wta-jovic-dart-2026-10-02,93,2,5,40,A,1,1791021681000,0.045,1791021574000,pre-point mid,sets 0-1 games 3-1 pts 40-40,0.883174,0.715,0.608499,0.521501,0.715,0.735275,0.685421,0.0498541,True,1,True,True,True,False
"EXPLORATORY, added after seeing the all-points replay; not pre-registered; one day, 9 matches; backtest replay on real recorded book; assumed feed latency; paper only",1020|LS044,wta-jovic-dart-2026-10-02,94,2,5,40,40,1,1791021750000,-0.045,1791021683000,pre-point mid,sets 0-1 games 3-1 pts 40-A,0.850193,0.695,0.609911,0.520089,0.695,0.724147,0.652982,0.0711657,True,0,True,True,True,True
"EXPLORATORY, added after seeing the all-points replay; not pre-registered; one day, 9 matches; backtest replay on real recorded book; assumed feed latency; paper only",1020|LS044,wta-jovic-dart-2026-10-02,95,2,5,A,40,0,1791021803000,0.025,1791021752000,pre-point mid,sets 0-1 games 3-1 pts 40-40,0.878235,0.705,0.606971,0.523029,0.705,0.725733,0.675024,0.050709,True,0,True,True,True,False
"EXPLORATORY, added after seeing the all-points replay; not pre-registered; one day, 9 matches; backtest replay on real recorded book; assumed feed latency; paper only",1020|LS044,wta-jovic-dart-2026-10-02,96,2,5,40,40,1,1791021843000,0.03,1791021805000,carried from an earlier point,sets 0-1 games 3-1 pts A-40,0.901753,,0.606971,0.523029,0.725733,0.739871,0.70503,0.0348412,True,1,True,True,False,False
"EXPLORATORY, added after seeing the all-points replay; not pre-registered; one day, 9 matches; backtest replay on real recorded book; assumed feed latency; paper only",1020|LS044,wta-jovic-dart-2026-10-02,97,2,5,40,A,1,1791021877000,0.05,1791021845000,pre-point mid,sets 0-1 games 3-1 pts 40-40,0.873371,0.725,0.61004,0.51996,0.725,0.744787,0.696101,0.0486855,True,1,True,True,True,False
"EXPLORATORY, added after seeing the all-points replay; not pre-registered; one day, 9 matches; backtest replay on real recorded book; assumed feed latency; paper only",1020|LS044,wta-jovic-dart-2026-10-02,98,2,5,40,40,1,1791021926000,-0.03,1791021879000,pre-point mid,sets 0-1 games 3-1 pts 40-A,0.837996,0.665,0.605518,0.524482,0.665,0.695359,0.6223,0.0730594,True,0,True,True,True,True
"EXPLORATORY, added after seeing the all-points replay; not pre-registered; one day, 9 matches; backtest replay on real recorded book; assumed feed latency; paper only",1020|LS044,wta-jovic-dart-2026-10-02,99,2,5,40,A,1,1791021958000,0.05,1791021928000,pre-point mid,sets 0-1 games 3-1 pts 40-40,0.868192,0.705,0.606962,0.523038,0.705,0.725722,0.675203,0.050519,True,1,True,True,True,False
"EXPLORATORY, added after seeing the all-points replay; not pre-registered; one day, 9 matches; backtest replay on real recorded book; assumed feed latency; paper only",1020|LS044,wta-jovic-dart-2026-10-02,100,2,5,40,G,1,1791021994000,0.06,1791021960000,pre-point mid,sets 0-1 games 3-1 pts 40-A,0.831923,0.675,0.606933,0.523067,0.675,0.704839,0.632924,0.071915,True,1,True,True,True,True
"EXPLORATORY, added after seeing the all-points replay; not pre-registered; one day, 9 matches; backtest replay on real recorded book; assumed feed latency; paper only",1020|LS044,wta-jovic-dart-2026-10-02,101,2,6,0,15,1,1791022137000,0.025,1791021996000,pre-point mid,sets 0-1 games 3-2 pts 0-0,0.211886,0.615,0.604463,0.525537,0.615,0.642901,0.586874,0.056028,True,1,True,True,True,False
"EXPLORATORY, added after seeing the all-points replay; not pre-registered; one day, 9 matches; backtest replay on real recorded book; assumed feed latency; paper only",1020|LS044,wta-jovic-dart-2026-10-02,102,2,6,15,15,0,1791022176000,0.025,1791022139000,pre-point mid,sets 0-1 games 3-2 pts 0-15,0.168294,0.575,0.602865,0.527135,0.575,0.60303,0.547554,0.0554762,True,0,True,True,True,False
"EXPLORATORY, added after seeing the all-points replay; not pre-registered; one day, 9 matches; backtest replay on real recorded book; assumed feed latency; paper only",1020|LS044,wta-jovic-dart-2026-10-02,103,2,6,15,30,1,1791022210000,0.04,1791022178000,pre-point mid,sets 0-1 games 3-2 pts 15-15,0.205073,0.605,0.603133,0.526867,0.605,0.638452,0.571576,0.0668758,True,1,True,True,True,True
"EXPLORATORY, added after seeing the all-points replay; not pre-registered; one day, 9 matches; backtest replay on real recorded book; assumed feed latency; paper only",1020|LS044,wta-jovic-dart-2026-10-02,104,2,6,30,30,0,1791022237000,0.03,1791022212000,pre-point mid,sets 0-1 games 3-2 pts 15-30,0.162706,0.575,0.603595,0.526405,0.575,0.608193,0.542497,0.0656957,True,0,True,True,True,True
"EXPLORATORY, added after seeing the all-points replay; not pre-registered; one day, 9 matches; backtest replay on real recorded book; assumed feed latency; paper only",1020|LS044,wta-jovic-dart-2026-10-02,105,2,6,30,40,1,1791022315000,0.05,1791022239000,pre-point mid,sets 0-1 games 3-2 pts 30-30,0.198503,0.595,0.601794,0.528206,0.595,0.639547,0.550879,0.0886682,True,1,True,True,True,True
"EXPLORATORY, added after seeing the all-points replay; not pre-registered; one day, 9 matches; backtest replay on real recorded book; assumed feed latency; paper only",1020|LS044,wta-jovic-dart-2026-10-02,106,2,6,40,40,0,1791022393000,0.04,1791022317000,pre-point mid,sets 0-1 games 3-2 pts 30-40,0.157334,0.565,0.603697,0.526303,0.565,0.608664,0.522345,0.0863191,True,0,True,True,True,True
"EXPLORATORY, added after seeing the all-points replay; not pre-registered; one day, 9 matches; backtest replay on real recorded book; assumed feed latency; paper only",1020|LS044,wta-jovic-dart-2026-10-02,107,2,6,A,40,0,1791022467000,0.06,1791022395000,pre-point mid,sets 0-1 games 3-2 pts 40-40,0.192213,0.605,0.603195,0.526805,0.605,0.649233,0.561088,0.0881445,True,0,True,True,True,True
"EXPLORATORY, added after seeing the all-points replay; not pre-registered; one day, 9 matches; backtest replay on real recorded book; assumed feed latency; paper only",1020|LS044,wta-jovic-dart-2026-10-02,108,2,6,G,40,0,1791022539000,0.05,1791022469000,pre-point mid,sets 0-1 games 3-2 pts A-40,0.23273,0.655,0.604018,0.525982,0.655,0.698529,0.610721,0.0878082,True,0,True,True,True,True
"EXPLORATORY, added after seeing the all-points replay; not pre-registered; one day, 9 matches; backtest replay on real recorded book; assumed feed latency; paper only",1020|LS044,wta-jovic-dart-2026-10-02,109,2,7,15,0,0,1791022618000,0.02,1791022541000,pre-point mid,sets 0-1 games 4-2 pts 0-0,0.721236,0.715,0.606573,0.523427,0.715,0.728347,0.697284,0.0310631,True,0,True,True,False,False
"EXPLORATORY, added after seeing the all-points replay; not pre-registered; one day, 9 matches; backtest replay on real recorded book; assumed feed latency; paper only",1020|LS044,wta-jovic-dart-2026-10-02,110,2,7,30,0,0,1791022648000,0.02,1791022620000,pre-point mid,sets 0-1 games 4-2 pts 15-0,0.767064,0.745,0.609321,0.520679,0.745,0.755731,0.730239,0.0254913,True,0,True,True,False,False
"EXPLORATORY, added after seeing the all-points replay; not pre-registered; one day, 9 matches; backtest replay on real recorded book; assumed feed latency; paper only",1020|LS044,wta-jovic-dart-2026-10-02,111,2,7,30,15,1,1791022689000,0.01,1791022650000,pre-point mid,sets 0-1 games 4-2 pts 30-0,0.807178,0.765,0.610945,0.519055,0.765,0.771666,0.755569,0.0160979,True,1,True,False,False,False
"EXPLORATORY, added after seeing the all-points replay; not pre-registered; one day, 9 matches; backtest replay on real recorded book; assumed feed latency; paper only",1020|LS044,wta-jovic-dart-2026-10-02,112,2,7,40,15,0,1791022724000,0.02,1791022691000,pre-point mid,sets 0-1 games 4-2 pts 30-15,0.75832,0.755,0.610847,0.519153,0.755001,0.767658,0.737562,0.0300967,True,0,True,True,False,False
"EXPLORATORY, added after seeing the all-points replay; not pre-registered; one day, 9 matches; backtest replay on real recorded book; assumed feed latency; paper only",1020|LS044,wta-jovic-dart-2026-10-02,113,2,7,G,15,0,1791022753000,0.02,1791022726000,pre-point mid,sets 0-1 games 4-2 pts 40-15,0.799438,0.775,0.612175,0.517825,0.775,0.781071,0.766404,0.0146669,True,0,True,False,False,False
"EXPLORATORY, added after seeing the all-points replay; not pre-registered; one day, 9 matches; backtest replay on real recorded book; assumed feed latency; paper only",1020|LS044,wta-jovic-dart-2026-10-02,114,2,8,0,15,1,1791022901000,0.02,1791022755000,pre-point mid,sets 0-1 games 5-2 pts 0-0,0.164998,0.785,0.612914,0.517086,0.785,0.790139,0.779771,0.010368,True,1,True,False,False,False
"EXPLORATORY, added after seeing the all-points replay; not pre-registered; one day, 9 matches; backtest replay on real recorded book; assumed feed latency; paper only",1020|LS044,wta-jovic-dart-2026-10-02,115,2,8,15,15,0,1791022926000,0.01,1791022903000,pre-point mid,sets 0-1 games 5-2 pts 0-15,0.128862,0.775,0.612032,0.517968,0.775,0.780242,0.769784,0.0104583,True,0,True,False,False,False
"EXPLORATORY, added after seeing the all-points replay; not pre-registered; one day, 9 matches; backtest replay on real recorded book; assumed feed latency; paper only",1020|LS044,wta-jovic-dart-2026-10-02,116,2,8,15,30,1,1791022968000,0.01,1791022928000,pre-point mid,sets 0-1 games 5-2 pts 15-15,0.15812,0.775,0.611059,0.518941,0.775,0.781353,0.768606,0.0127477,True,1,True,False,False,False
"EXPLORATORY, added after seeing the all-points replay; not pre-registered; one day, 9 matches; backtest replay on real recorded book; assumed feed latency; paper only",1020|LS044,wta-jovic-dart-2026-10-02,117,2,8,15,40,1,1791023016000,0.01,1791022970000,pre-point mid,sets 0-1 games 5-2 pts 15-30,0.123397,0.765,0.61041,0.51959,0.765,0.771418,0.758672,0.0127462,True,1,True,False,False,False
"EXPLORATORY, added after seeing the all-points replay; not pre-registered; one day, 9 matches; backtest replay on real recorded book; assumed feed latency; paper only",1020|LS044,wta-jovic-dart-2026-10-02,118,2,8,15,G,1,1791023065000,0.02,1791023018000,pre-point mid,sets 0-1 games 5-2 pts 15-40,0.0954708,0.755,0.609764,0.520236,0.755001,0.759262,0.75087,0.00839201,True,1,True,False,False,False
"EXPLORATORY, added after seeing the all-points replay; not pre-registered; one day, 9 matches; backtest replay on real recorded book; assumed feed latency; paper only",1020|LS044,wta-jovic-dart-2026-10-02,119,2,9,15,0,0,1791023129000,0.02,1791023067000,pre-point mid,sets 0-1 games 5-3 pts 0-0,0.926636,0.735,0.60705,0.52295,0.735,0.749374,0.713661,0.0357138,True,0,True,True,False,False
"EXPLORATORY, added after seeing the all-points replay; not pre-registered; one day, 9 matches; backtest replay on real recorded book; assumed feed latency; paper only",1020|LS044,wta-jovic-dart-2026-10-02,120,2,9,15,15,1,1791023177000,0.02,1791023131000,pre-point mid,sets 0-1 games 5-3 pts 15-0,0.941427,0.755,0.608037,0.521963,0.755,0.766363,0.737927,0.0284352,True,1,True,True,False,False
"EXPLORATORY, added after seeing the all-points replay; not pre-registered; one day, 9 matches; backtest replay on real recorded book; assumed feed latency; paper only",1020|LS044,wta-jovic-dart-2026-10-02,121,2,9,30,15,0,1791023208000,0.02,1791023179000,pre-point mid,sets 0-1 games 5-3 pts 15-15,0.923486,0.735,0.607541,0.522459,0.735,0.752852,0.708488,0.0443639,True,0,True,True,True,False
"EXPLORATORY, added after seeing the all-points replay; not pre-registered; one day, 9 matches; backtest replay on real recorded book; assumed feed latency; paper only",1020|LS044,wta-jovic-dart-2026-10-02,122,2,9,40,15,0,1791023235000,0.04,1791023210000,pre-point mid,sets 0-1 games 5-3 pts 30-15,0.938857,0.745,0.606167,0.523833,0.745,0.759258,0.72377,0.0354882,True,0,True,True,False,False
"EXPLORATORY, added after seeing the all-points replay; not pre-registered; one day, 9 matches; backtest replay on real recorded book; assumed feed latency; paper only",1020|LS044,wta-jovic-dart-2026-10-02,123,2,9,G,15,0,1791023264000,0.02,1791023237000,pre-point mid,sets 0-1 games 5-3 pts 40-15,0.951332,0.775,0.609065,0.520935,0.775,0.781421,0.765258,0.0161636,True,0,True,False,False,False
"EXPLORATORY, added after seeing the all-points replay; not pre-registered; one day, 9 matches; backtest replay on real recorded book; assumed feed latency; paper only",1020|LS044,wta-jovic-dart-2026-10-02,124,3,1,15,0,0,1791023409000,0.025,1791023266000,pre-point mid,sets 1-1 games 0-0 pts 0-0,0.038682,0.785,0.609756,0.520244,0.785,0.813962,0.757749,0.0562134,True,0,True,True,True,False
"EXPLORATORY, added after seeing the all-points replay; not pre-registered; one day, 9 matches; backtest replay on real recorded book; assumed feed latency; paper only",1020|LS044,wta-jovic-dart-2026-10-02,125,3,1,30,0,0,1791023441000,0.035,1791023411000,pre-point mid,sets 1-1 games 0-0 pts 15-0,0.0486537,0.815,0.609977,0.520023,0.815,0.844761,0.786825,0.0579357,True,0,True,True,True,False
"EXPLORATORY, added after seeing the all-points replay; not pre-registered; one day, 9 matches; backtest replay on real recorded book; assumed feed latency; paper only",1020|LS044,wta-jovic-dart-2026-10-02,126,3,1,30,15,1,1791023476000,0.025,1791023443000,pre-point mid,sets 1-1 games 0-0 pts 30-0,0.0610272,0.835,0.60768,0.52232,0.835,0.860518,0.81091,0.0496075,True,1,True,True,True,False
"EXPLORATORY, added after seeing the all-points replay; not pre-registered; one day, 9 matches; backtest replay on real recorded book; assumed feed latency; paper only",1020|LS044,wta-jovic-dart-2026-10-02,127,3,1,40,15,0,1791023521000,0.02,1791023478000,pre-point mid,sets 1-1 games 0-0 pts 30-15,0.0465451,0.825,0.610742,0.519258,0.825,0.860473,0.791352,0.0691207,True,0,True,True,True,True
"EXPLORATORY, added after seeing the all-points replay; not pre-registered; one day, 9 matches; backtest replay on real recorded book; assumed feed latency; paper only",1020|LS044,wta-jovic-dart-2026-10-02,128,3,1,40,30,1,1791023552000,0.02,1791023523000,pre-point mid,sets 1-1 games 0-0 pts 40-15,0.0583966,0.855,0.609335,0.520665,0.855,0.880099,0.831181,0.048918,True,1,True,True,True,False
"EXPLORATORY, added after seeing the all-points replay; not pre-registered; one day, 9 matches; backtest replay on real recorded book; assumed feed latency; paper only",1020|LS044,wta-jovic-dart-2026-10-02,129,3,1,G,30,0,1791023596000,0.04,1791023554000,pre-point mid,sets 1-1 games 0-0 pts 40-30,0.0444645,0.835,0.610219,0.519781,0.835,0.883904,0.788761,0.0951424,True,0,True,True,True,True
"EXPLORATORY, added after seeing the all-points replay; not pre-registered; one day, 9 matches; backtest replay on real recorded book; assumed feed latency; paper only",1020|LS044,wta-jovic-dart-2026-10-02,130,3,2,15,0,0,1791023757000,0.03,1791023598000,pre-point mid,sets 1-1 games 1-0 pts 0-0,0.944171,0.885,0.61055,0.51945,0.885,0.901426,0.860021,0.0414046,True,0,True,True,True,False
"EXPLORATORY, added after seeing the all-points replay; not pre-registered; one day, 9 matches; backtest replay on real recorded book; assumed feed latency; paper only",1020|LS044,wta-jovic-dart-2026-10-02,131,3,2,15,15,1,1791023810000,0.03,1791023759000,pre-point mid,sets 1-1 games 1-0 pts 15-0,0.955529,0.895,0.60841,0.52159,0.895,0.908642,0.874312,0.0343295,True,1,True,True,False,False
"EXPLORATORY, added after seeing the all-points replay; not pre-registered; one day, 9 matches; backtest replay on real recorded book; assumed feed latency; paper only",1020|LS044,wta-jovic-dart-2026-10-02,132,3,2,30,15,0,1791023866000,0.03,1791023812000,pre-point mid,sets 1-1 games 1-0 pts 15-15,0.941628,0.885,0.611572,0.518428,0.885,0.905056,0.854412,0.0506435,True,0,True,True,True,False
"EXPLORATORY, added after seeing the all-points replay; not pre-registered; one day, 9 matches; backtest replay on real recorded book; assumed feed latency; paper only",1020|LS044,wta-jovic-dart-2026-10-02,133,3,2,40,15,0,1791023923000,0.015,1791023868000,pre-point mid,sets 1-1 games 1-0 pts 30-15,0.953458,0.895,0.608152,0.521848,0.895,0.91166,0.86979,0.0418708,True,0,True,True,True,False
"EXPLORATORY, added after seeing the all-points replay; not pre-registered; one day, 9 matches; backtest replay on real recorded book; assumed feed latency; paper only",1020|LS044,wta-jovic-dart-2026-10-02,134,3,2,40,30,1,1791023957000,0.01,1791023925000,pre-point mid,sets 1-1 games 1-0 pts 40-15,0.963039,0.915,0.609427,0.520573,0.915,0.922606,0.903368,0.019238,True,1,True,False,False,False
"EXPLORATORY, added after seeing the all-points replay; not pre-registered; one day, 9 matches; backtest replay on real recorded book; assumed feed latency; paper only",1020|LS044,wta-jovic-dart-2026-10-02,135,3,2,G,30,0,1791024029000,0.02,1791023959000,pre-point mid,sets 1-1 games 1-0 pts 40-30,0.951336,0.905,0.610003,0.519997,0.905,0.923965,0.876113,0.0478513,True,0,True,True,True,False
"EXPLORATORY, added after seeing the all-points replay; not pre-registered; one day, 9 matches; backtest replay on real recorded book; assumed feed latency; paper only",1020|LS044,wta-jovic-dart-2026-10-02,136,3,3,0,15,1,1791024102000,0.015,1791024031000,pre-point mid,sets 1-1 games 2-0 pts 0-0,0.0386944,0.925,0.610447,0.519553,0.925,0.93932,0.911488,0.027832,True,1,True,True,False,False
"EXPLORATORY, added after seeing the all-points replay; not pre-registered; one day, 9 matches; backtest replay on real recorded book; assumed feed latency; paper only",1020|LS044,wta-jovic-dart-2026-10-02,137,3,3,15,15,0,1791024150000,0.015,1791024104000,pre-point mid,sets 1-1 games 2-0 pts 0-15,0.0292961,0.915,0.611818,0.518182,0.915,0.928403,0.902347,0.026056,True,0,True,True,False,False
"EXPLORATORY, added after seeing the all-points replay; not pre-registered; one day, 9 matches; backtest replay on real recorded book; assumed feed latency; paper only",1020|LS044,wta-jovic-dart-2026-10-02,138,3,3,15,30,1,1791024188000,0.02,1791024152000,pre-point mid,sets 1-1 games 2-0 pts 15-15,0.0369088,0.925,0.610311,0.519689,0.925,0.942277,0.908722,0.0335556,True,1,True,True,False,False
"EXPLORATORY, added after seeing the all-points replay; not pre-registered; one day, 9 matches; backtest replay on real recorded book; assumed feed latency; paper only",1020|LS044,wta-jovic-dart-2026-10-02,139,3,3,15,40,1,1791024227000,0.02,1791024190000,pre-point mid,sets 1-1 games 2-0 pts 15-30,0.027934,0.905,0.608919,0.521081,0.905,0.922118,0.889036,0.0330821,True,1,True,True,False,False
"EXPLORATORY, added after seeing the all-points replay; not pre-registered; one day, 9 matches; backtest replay on real recorded book; assumed feed latency; paper only",1020|LS044,wta-jovic-dart-2026-10-02,140,3,3,30,40,0,1791024274000,0.01,1791024229000,pre-point mid,sets 1-1 games 2-0 pts 15-40,0.0211121,0.885,0.60759,0.52241,0.885,0.895959,0.87487,0.021089,True,0,True,True,False,False
"EXPLORATORY, added after seeing the all-points replay; not pre-registered; one day, 9 matches; backtest replay on real recorded book; assumed feed latency; paper only",1020|LS044,wta-jovic-dart-2026-10-02,141,3,3,40,40,0,1791024308000,0.03,1791024276000,pre-point mid,sets 1-1 games 2-0 pts 30-40,0.0267053,0.895,0.607257,0.522743,0.895,0.918169,0.873551,0.0446174,True,0,True,True,True,False
"EXPLORATORY, added after seeing the all-points replay; not pre-registered; one day, 9 matches; backtest replay on real recorded book; assumed feed latency; paper only",1020|LS044,wta-jovic-dart-2026-10-02,142,3,3,40,A,1,1791024362000,0.03,1791024310000,pre-point mid,sets 1-1 games 2-0 pts 40-40,0.0337342,0.925,0.610164,0.519836,0.925,0.948193,0.903198,0.0449949,True,1,True,True,True,False
"EXPLORATORY, added after seeing the all-points replay; not pre-registered; one day, 9 matches; backtest replay on real recorded book; assumed feed latency; paper only",1020|LS044,wta-jovic-dart-2026-10-02,143,3,3,40,G,1,1791024395000,0.03,1791024364000,pre-point mid,sets 1-1 games 2-0 pts 40-A,0.0255132,0.905,0.610829,0.519171,0.905,0.92651,0.884812,0.0416986,True,1,True,True,True,False
"EXPLORATORY, added after seeing the all-points replay; not pre-registered; one day, 9 matches; backtest replay on real recorded book; assumed feed latency; paper only",1020|LS044,wta-jovic-dart-2026-10-02,144,3,4,0,15,1,1791024542000,0.04,1791024397000,pre-point mid,sets 1-1 games 2-1 pts 0-0,0.980752,0.875,0.607689,0.522311,0.875,0.894417,0.845237,0.0491804,True,1,True,True,True,False
"EXPLORATORY, added after seeing the all-points replay; not pre-registered; one day, 9 matches; backtest replay on real recorded book; assumed feed latency; paper only",1020|LS044,wta-jovic-dart-2026-10-02,145,3,4,15,15,0,1791024577000,0.03,1791024544000,pre-point mid,sets 1-1 games 2-1 pts 0-15,0.974537,0.845,0.607625,0.522375,0.845,0.870671,0.805794,0.0648774,True,0,True,True,True,True
"EXPLORATORY, added after seeing the all-points replay; not pre-registered; one day, 9 matches; backtest replay on real recorded book; assumed feed latency; paper only",1020|LS044,wta-jovic-dart-2026-10-02,146,3,4,30,15,0,1791024627000,0.025,1791024579000,pre-point mid,sets 1-1 games 2-1 pts 15-15,0.979875,0.875,0.608972,0.521028,0.875,0.898745,0.838424,0.0603216,True,0,True,True,True,True
"EXPLORATORY, added after seeing the all-points replay; not pre-registered; one day, 9 matches; backtest replay on real recorded book; assumed feed latency; paper only",1020|LS044,wta-jovic-dart-2026-10-02,147,3,4,30,30,1,1791024677000,0.025,1791024629000,pre-point mid,sets 1-1 games 2-1 pts 30-15,0.984103,0.895,0.607609,0.522391,0.895,0.913694,0.866302,0.047392,True,1,True,True,True,False
"EXPLORATORY, added after seeing the all-points replay; not pre-registered; one day, 9 matches; backtest replay on real recorded book; assumed feed latency; paper only",1020|LS044,wta-jovic-dart-2026-10-02,148,3,4,40,30,0,1791024722000,0.025,1791024679000,pre-point mid,sets 1-1 games 2-1 pts 30-30,0.978947,0.865,0.607214,0.522786,0.865,0.89921,0.812717,0.0864927,True,0,True,True,True,True
"EXPLORATORY, added after seeing the all-points replay; not pre-registered; one day, 9 matches; backtest replay on real recorded book; assumed feed latency; paper only",1020|LS044,wta-jovic-dart-2026-10-02,149,3,4,40,40,1,1791024761000,0.03,1791024724000,pre-point mid,sets 1-1 games 2-1 pts 40-30,0.983379,0.895,0.605666,0.524334,0.895,0.918145,0.859771,0.0583738,True,1,True,True,True,False
"EXPLORATORY, added after seeing the all-points replay; not pre-registered; one day, 9 matches; backtest replay on real recorded book; assumed feed latency; paper only",1020|LS044,wta-jovic-dart-2026-10-02,150,3,4,A,40,0,1791024803000,0.025,1791024763000,pre-point mid,sets 1-1 games 2-1 pts 40-40,0.97802,0.865,0.607227,0.522773,0.865,0.899222,0.812722,0.0864995,True,0,True,True,True,True
"EXPLORATORY, added after seeing the all-points replay; not pre-registered; one day, 9 matches; backtest replay on real recorded book; assumed feed latency; paper only",1020|LS044,wta-jovic-dart-2026-10-02,151,3,4,G,40,0,1791024846000,0.02,1791024805000,pre-point mid,sets 1-1 games 2-1 pts A-40,0.982644,0.895,0.605675,0.524325,0.895,0.918165,0.859754,0.0584105,True,0,True,True,True,False
"EXPLORATORY, added after seeing the all-points replay; not pre-registered; one day, 9 matches; backtest replay on real recorded book; assumed feed latency; paper only",1020|LS044,wta-jovic-dart-2026-10-02,152,3,5,0,15,1,1791024889000,0.01,1791024848000,pre-point mid,sets 1-1 games 3-1 pts 0-0,0.0136816,0.915,0.604287,0.525713,0.915,0.932541,0.899062,0.0334792,True,1,True,True,False,False
"EXPLORATORY, added after seeing the all-points replay; not pre-registered; one day, 9 matches; backtest replay on real recorded book; assumed feed latency; paper only",1020|LS044,wta-jovic-dart-2026-10-02,153,3,5,0,30,1,1791024938000,0.03,1791024891000,pre-point mid,sets 1-1 games 3-1 pts 0-15,0.0103333,0.905,0.606628,0.523372,0.905,0.92083,0.890506,0.0303243,True,1,True,True,False,False
"EXPLORATORY, added after seeing the all-points replay; not pre-registered; one day, 9 matches; backtest replay on real recorded book; assumed feed latency; paper only",1020|LS044,wta-jovic-dart-2026-10-02,154,3,5,15,30,0,1791024985000,0.01,1791024940000,pre-point mid,sets 1-1 games 3-1 pts 0-30,0.00778661,0.885,0.604631,0.525369,0.885,0.897358,0.87379,0.0235688,True,0,True,True,False,False
"EXPLORATORY, added after seeing the all-points replay; not pre-registered; one day, 9 matches; backtest replay on real recorded book; assumed feed latency; paper only",1020|LS044,wta-jovic-dart-2026-10-02,155,3,5,30,30,0,1791025050000,0.015,1791024987000,pre-point mid,sets 1-1 games 3-1 pts 15-30,0.00989823,0.895,0.603731,0.526269,0.895,0.91502,0.876885,0.0381349,True,0,True,True,False,False
"EXPLORATORY, added after seeing the all-points replay; not pre-registered; one day, 9 matches; backtest replay on real recorded book; assumed feed latency; paper only",1020|LS044,wta-jovic-dart-2026-10-02,156,3,5,30,40,1,1791025099000,0.03,1791025052000,pre-point mid,sets 1-1 games 3-1 pts 30-30,0.0125803,0.925,0.608358,0.521642,0.925,0.950766,0.901217,0.0495482,True,1,True,True,True,False
"EXPLORATORY, added after seeing the all-points replay; not pre-registered; one day, 9 matches; backtest replay on real recorded book; assumed feed latency; paper only",1020|LS044,wta-jovic-dart-2026-10-02,157,3,5,40,40,0,1791025140000,0.03,1791025101000,pre-point mid,sets 1-1 games 3-1 pts 30-40,0.00947484,0.895,0.60593,0.52407,0.895,0.919883,0.872291,0.0475929,True,0,True,True,True,False
"EXPLORATORY, added after seeing the all-points replay; not pre-registered; one day, 9 matches; backtest replay on real recorded book; assumed feed latency; paper only",1020|LS044,wta-jovic-dart-2026-10-02,158,3,5,40,A,1,1791025193000,0.03,1791025142000,pre-point mid,sets 1-1 games 3-1 pts 40-40,0.0120317,0.925,0.608356,0.521644,0.925,0.950767,0.901222,0.049545,True,1,True,True,True,False
"EXPLORATORY, added after seeing the all-points replay; not pre-registered; one day, 9 matches; backtest replay on real recorded book; assumed feed latency; paper only",1020|LS044,wta-jovic-dart-2026-10-02,159,3,5,40,G,1,1791025228000,0.03,1791025195000,pre-point mid,sets 1-1 games 3-1 pts 40-A,0.00906046,0.895,0.605926,0.524074,0.895,0.919879,0.8723,0.0475787,True,1,True,True,True,False
"EXPLORATORY, added after seeing the all-points replay; not pre-registered; one day, 9 matches; backtest replay on real recorded book; assumed feed latency; paper only",1020|LS044,wta-jovic-dart-2026-10-02,160,3,6,0,15,1,1791025349000,0.04,1791025230000,pre-point mid,sets 1-1 games 3-2 pts 0-0,0.993172,0.865,0.60349,0.52651,0.865,0.889341,0.82809,0.0612504,True,1,True,True,True,True
"EXPLORATORY, added after seeing the all-points replay; not pre-registered; one day, 9 matches; backtest replay on real recorded book; assumed feed latency; paper only",1020|LS044,wta-jovic-dart-2026-10-02,161,3,6,0,30,1,1791025397000,0.065,1791025351000,pre-point mid,sets 1-1 games 3-2 pts 0-15,0.990953,0.835,0.605461,0.524539,0.835,0.865965,0.787714,0.0782512,True,1,True,True,True,True
"EXPLORATORY, added after seeing the all-points replay; not pre-registered; one day, 9 matches; backtest replay on real recorded book; assumed feed latency; paper only",1020|LS044,wta-jovic-dart-2026-10-02,162,3,6,0,40,1,1791025432000,0.06,1791025399000,pre-point mid,sets 1-1 games 3-2 pts 0-30,0.988008,0.775,0.602318,0.527682,0.775,0.809448,0.723163,0.0862858,True,1,True,True,True,True
"EXPLORATORY, added after seeing the all-points replay; not pre-registered; one day, 9 matches; backtest replay on real recorded book; assumed feed latency; paper only",1020|LS044,wta-jovic-dart-2026-10-02,163,3,6,15,40,0,1791025470000,0.03,1791025434000,pre-point mid,sets 1-1 games 3-2 pts 0-40,0.98415,0.725,0.602728,0.527272,0.725,0.748485,0.689674,0.0588111,True,0,True,True,True,False
"EXPLORATORY, added after seeing the all-points replay; not pre-registered; one day, 9 matches; backtest replay on real recorded book; assumed feed latency; paper only",1020|LS044,wta-jovic-dart-2026-10-02,164,3,6,30,40,0,1791025496000,0.04,1791025472000,pre-point mid,sets 1-1 games 3-2 pts 15-40,0.987526,0.745,0.601917,0.528083,0.745,0.784342,0.685914,0.0984276,True,0,True,True,True,True
"EXPLORATORY, added after seeing the all-points replay; not pre-registered; one day, 9 matches; backtest replay on real recorded book; assumed feed latency; paper only",1020|LS044,wta-jovic-dart-2026-10-02,165,3,6,40,40,0,1791025537000,0.07,1791025498000,pre-point mid,sets 1-1 games 3-2 pts 30-40,0.990194,0.785,0.602085,0.527915,0.785,0.850317,0.686694,0.163623,True,0,True,True,True,True
"EXPLORATORY, added after seeing the all-points replay; not pre-registered; one day, 9 matches; backtest replay on real recorded book; assumed feed latency; paper only",1020|LS044,wta-jovic-dart-2026-10-02,166,3,6,40,A,1,1791025600000,0.05,1791025539000,pre-point mid,sets 1-1 games 3-2 pts 40-40,0.992295,0.855,0.603579,0.526421,0.855,0.897347,0.790792,0.106555,True,1,True,True,True,True
"EXPLORATORY, added after seeing the all-points replay; not pre-registered; one day, 9 matches; backtest replay on real recorded book; assumed feed latency; paper only",1020|LS044,wta-jovic-dart-2026-10-02,167,3,6,40,40,0,1791025639000,0.05,1791025602000,pre-point mid,sets 1-1 games 3-2 pts 40-A,0.989794,0.795,0.604676,0.525324,0.795,0.858357,0.698627,0.15973,True,0,True,True,True,True
"EXPLORATORY, added after seeing the all-points replay; not pre-registered; one day, 9 matches; backtest replay on real recorded book; assumed feed latency; paper only",1020|LS044,wta-jovic-dart-2026-10-02,168,3,6,40,A,1,1791025701000,0.035,1791025641000,pre-point mid,sets 1-1 games 3-2 pts 40-40,0.99197,0.855,0.603585,0.526415,0.855,0.897352,0.790795,0.106557,True,1,True,True,True,True
"EXPLORATORY, added after seeing the all-points replay; not pre-registered; one day, 9 matches; backtest replay on real recorded book; assumed feed latency; paper only",1020|LS044,wta-jovic-dart-2026-10-02,169,3,6,40,G,1,1791025738000,0.1,1791025703000,pre-point mid,sets 1-1 games 3-2 pts 40-A,0.989365,0.795,0.604681,0.525319,0.795,0.858354,0.698652,0.159703,True,1,True,True,True,True
"EXPLORATORY, added after seeing the all-points replay; not pre-registered; one day, 9 matches; backtest replay on real recorded book; assumed feed latency; paper only",1020|LS044,wta-jovic-dart-2026-10-02,170,3,7,0,15,1,1791025807000,0.07,1791025740000,pre-point mid,sets 1-1 games 3-3 pts 0-0,0.0140829,0.695,0.603884,0.526116,0.695,0.747608,0.647266,0.100342,True,1,True,True,True,True
"EXPLORATORY, added after seeing the all-points replay; not pre-registered; one day, 9 matches; backtest replay on real recorded book; assumed feed latency; paper only",1020|LS044,wta-jovic-dart-2026-10-02,171,3,7,15,15,0,1791025871000,0.045,1791025809000,pre-point mid,sets 1-1 games 3-3 pts 0-15,0.0106401,0.645,0.603411,0.526589,0.645,0.694828,0.599956,0.0948718,True,0,True,True,True,True
"EXPLORATORY, added after seeing the all-points replay; not pre-registered; one day, 9 matches; backtest replay on real recorded book; assumed feed latency; paper only",1020|LS044,wta-jovic-dart-2026-10-02,172,3,7,30,15,0,1791025912000,0.07,1791025873000,pre-point mid,sets 1-1 games 3-3 pts 15-15,0.0135224,0.695,0.603449,0.526551,0.695,0.758538,0.637466,0.121072,True,0,True,True,True,True
"EXPLORATORY, added after seeing the all-points replay; not pre-registered; one day, 9 matches; backtest replay on real recorded book; assumed feed latency; paper only",1020|LS044,wta-jovic-dart-2026-10-02,173,3,7,40,15,0,1791025964000,0.045,1791025914000,pre-point mid,sets 1-1 games 3-3 pts 30-15,0.0171717,0.765,0.605082,0.524918,0.765,0.831598,0.704183,0.127415,True,0,True,True,True,True
"EXPLORATORY, added after seeing the all-points replay; not pre-registered; one day, 9 matches; backtest replay on real recorded book; assumed feed latency; paper only",1020|LS044,wta-jovic-dart-2026-10-02,174,3,7,40,30,1,1791025998000,0.04,1791025966000,pre-point mid,sets 1-1 games 3-3 pts 40-15,0.0217682,0.825,0.603032,0.526968,0.825,0.874065,0.780454,0.0936114,True,1,False,True,True,True
"EXPLORATORY, added after seeing the all-points replay; not pre-registered; one day, 9 matches; backtest replay on real recorded book; assumed feed latency; paper only",1020|LS044,wta-jovic-dart-2026-10-02,175,3,7,G,30,0,1791026074000,0.07,1791026000000,carried from an earlier point,sets 1-1 games 3-3 pts 40-30,0.0164866,,0.603032,0.526968,0.780454,0.874644,0.695175,0.17947,True,0,True,True,True,True
"EXPLORATORY, added after seeing the all-points replay; not pre-registered; one day, 9 matches; backtest replay on real recorded book; assumed feed latency; paper only",1020|LS044,wta-jovic-dart-2026-10-02,176,3,8,0,15,1,1791026200000,0.06,1791026076000,pre-point mid,sets 1-1 games 4-3 pts 0-0,0.979077,0.875,0.603171,0.526829,0.875,0.904948,0.829994,0.0749535,True,1,True,True,True,True
"EXPLORATORY, added after seeing the all-points replay; not pre-registered; one day, 9 matches; backtest replay on real recorded book; assumed feed latency; paper only",1020|LS044,wta-jovic-dart-2026-10-02,177,3,8,15,15,0,1791026241000,0.04,1791026202000,pre-point mid,sets 1-1 games 4-3 pts 0-15,0.972412,0.825,0.601569,0.528431,0.825,0.864852,0.765722,0.0991302,True,0,True,True,True,True
"EXPLORATORY, added after seeing the all-points replay; not pre-registered; one day, 9 matches; backtest replay on real recorded book; assumed feed latency; paper only",1020|LS044,wta-jovic-dart-2026-10-02,178,3,8,30,15,0,1791026284000,0.035,1791026243000,pre-point mid,sets 1-1 games 4-3 pts 15-15,0.978244,0.865,0.601626,0.528374,0.865,0.903288,0.807855,0.0954331,True,0,True,True,True,True
"EXPLORATORY, added after seeing the all-points replay; not pre-registered; one day, 9 matches; backtest replay on real recorded book; assumed feed latency; paper only",1020|LS044,wta-jovic-dart-2026-10-02,179,3,8,40,15,0,1791026319000,0.03,1791026286000,pre-point mid,sets 1-1 games 4-3 pts 30-15,0.982865,0.905,0.602472,0.527528,0.905,0.93434,0.860945,0.0733945,True,0,True,True,True,True
"EXPLORATORY, added after seeing the all-points replay; not pre-registered; one day, 9 matches; backtest replay on real recorded book; assumed feed latency; paper only",1020|LS044,wta-jovic-dart-2026-10-02,180,3,8,40,30,1,1791026360000,0.02,1791026321000,pre-point mid,sets 1-1 games 4-3 pts 40-15,0.986512,0.935,0.602916,0.527084,0.935,0.948825,0.914162,0.0346629,True,1,True,True,False,False
"EXPLORATORY, added after seeing the all-points replay; not pre-registered; one day, 9 matches; backtest replay on real recorded book; assumed feed latency; paper only",1020|LS044,wta-jovic-dart-2026-10-02,181,3,8,G,30,0,1791026411000,0.035,1791026362000,pre-point mid,sets 1-1 games 4-3 pts 40-30,0.982175,0.915,0.603374,0.526626,0.915,0.949366,0.863223,0.086143,True,0,True,True,True,True
"EXPLORATORY, added after seeing the all-points replay; not pre-registered; one day, 9 matches; backtest replay on real recorded book; assumed feed latency; paper only",1020|LS044,wta-jovic-dart-2026-10-02,182,3,9,0,15,1,1791026473000,-0,1791026413000,pre-point mid,sets 1-1 games 5-3 pts 0-0,0.0140383,0.945,0.599778,0.530222,0.945,0.960731,0.93096,0.0297715,True,1,True,True,False,False
"EXPLORATORY, added after seeing the all-points replay; not pre-registered; one day, 9 matches; backtest replay on real recorded book; assumed feed latency; paper only",1020|LS044,wta-jovic-dart-2026-10-02,183,3,9,15,15,0,1791026502000,0.02,1791026475000,pre-point mid,sets 1-1 games 5-3 pts 0-15,0.010633,0.935,0.60259,0.52741,0.935,0.948985,0.922399,0.0265857,True,0,True,True,False,False
"EXPLORATORY, added after seeing the all-points replay; not pre-registered; one day, 9 matches; backtest replay on real recorded book; assumed feed latency; paper only",1020|LS044,wta-jovic-dart-2026-10-02,184,3,9,15,30,1,1791026538000,0.02,1791026504000,pre-point mid,sets 1-1 games 5-3 pts 15-15,0.0135183,0.945,0.599252,0.530748,0.945,0.964136,0.927961,0.0361752,True,1,True,True,False,False
"EXPLORATORY, added after seeing the all-points replay; not pre-registered; one day, 9 matches; backtest replay on real recorded book; assumed feed latency; paper only",1020|LS044,wta-jovic-dart-2026-10-02,185,3,9,15,40,1,1791026567000,0.02,1791026540000,pre-point mid,sets 1-1 games 5-3 pts 15-30,0.0102411,0.935,0.604144,0.525856,0.935,0.951266,0.920255,0.0310118,True,1,True,True,False,False
"EXPLORATORY, added after seeing the all-points replay; not pre-registered; one day, 9 matches; backtest replay on real recorded book; assumed feed latency; paper only",1020|LS044,wta-jovic-dart-2026-10-02,186,3,9,30,40,0,1791026599000,0.01,1791026569000,pre-point mid,sets 1-1 games 5-3 pts 15-40,0.0077289,0.915,0.600906,0.529094,0.915,0.925401,0.905705,0.0196963,True,0,True,False,False,False
"EXPLORATORY, added after seeing the all-points replay; not pre-registered; one day, 9 matches; backtest replay on real recorded book; assumed feed latency; paper only",1020|LS044,wta-jovic-dart-2026-10-02,187,3,9,40,40,0,1791026668000,0.02,1791026601000,pre-point mid,sets 1-1 games 5-3 pts 30-40,0.00984157,0.925,0.600641,0.529359,0.925,0.947309,0.905064,0.0422451,True,0,True,True,True,False
"EXPLORATORY, added after seeing the all-points replay; not pre-registered; one day, 9 matches; backtest replay on real recorded book; assumed feed latency; paper only",1020|LS044,wta-jovic-dart-2026-10-02,188,3,9,40,A,1,1791026705000,0.02,1791026670000,pre-point mid,sets 1-1 games 5-3 pts 40-40,0.0125259,0.945,0.598691,0.531309,0.945,0.970894,0.922008,0.0488868,True,1,True,True,True,False
"EXPLORATORY, added after seeing the all-points replay; not pre-registered; one day, 9 matches; backtest replay on real recorded book; assumed feed latency; paper only",1020|LS044,wta-jovic-dart-2026-10-02,189,3,9,40,40,0,1791026738000,0.02,1791026707000,pre-point mid,sets 1-1 games 5-3 pts 40-A,0.0094902,0.925,0.600631,0.529369,0.925,0.947301,0.905075,0.0422264,True,0,True,True,True,False
"EXPLORATORY, added after seeing the all-points replay; not pre-registered; one day, 9 matches; backtest replay on real recorded book; assumed feed latency; paper only",1020|LS044,wta-jovic-dart-2026-10-02,190,3,9,A,40,0,1791026825000,0.02,1791026740000,pre-point mid,sets 1-1 games 5-3 pts 40-40,0.01208,0.945,0.598687,0.531313,0.945,0.97089,0.922017,0.0488729,True,0,True,True,True,False
"EXPLORATORY, added after seeing the all-points replay; not pre-registered; one day, 9 matches; backtest replay on real recorded book; assumed feed latency; paper only",1020|LS044,wta-jovic-dart-2026-10-02,191,3,9,G,40,0,1791026871000,0.01,1791026827000,pre-point mid,sets 1-1 games 5-3 pts A-40,0.0153791,0.965,0.590764,0.539236,0.965,1,0.934852,0.0651482,True,0,True,True,True,True
"EXPLORATORY, added after seeing the all-points replay; not pre-registered; one day, 9 matches; backtest replay on real recorded book; assumed feed latency; paper only",1020|LS045,wta-rakhimo-fernand-2026-10-01,1,1,1,15,0,0,1791012578000,,1791012548000,no price yet,sets 0-0 games 0-0 pts 0-0,0.5,,0.565,0.565,0.5,0.518503,0.481497,,True,0,False,False,False,False
"EXPLORATORY, added after seeing the all-points replay; not pre-registered; one day, 9 matches; backtest replay on real recorded book; assumed feed latency; paper only",1020|LS045,wta-rakhimo-fernand-2026-10-01,2,1,1,30,0,0,1791012612000,,1791012580000,no price yet,sets 0-0 games 0-0 pts 15-0,0.565,,0.565,0.565,0.518503,0.536392,0.5,,True,0,False,False,False,False
"EXPLORATORY, added after seeing the all-points replay; not pre-registered; one day, 9 matches; backtest replay on real recorded book; assumed feed latency; paper only",1020|LS045,wta-rakhimo-fernand-2026-10-01,3,1,1,40,0,0,1791012650000,,1791012614000,no price yet,sets 0-0 games 0-0 pts 30-0,0.62784,,0.565,0.565,0.536392,0.549548,0.522331,,True,0,False,False,False,False
"EXPLORATORY, added after seeing the all-points replay; not pre-registered; one day, 9 matches; backtest replay on real recorded book; assumed feed latency; paper only",1020|LS045,wta-rakhimo-fernand-2026-10-01,4,1,1,40,15,1,1791012681000,,1791012652000,no price yet,sets 0-0 games 0-0 pts 40-0,0.686636,,0.565,0.565,0.549548,0.554654,0.54392,,True,1,False,False,False,False
"EXPLORATORY, added after seeing the all-points replay; not pre-registered; one day, 9 matches; backtest replay on real recorded book; assumed feed latency; paper only",1020|LS045,wta-rakhimo-fernand-2026-10-01,5,1,1,G,15,0,1791012716000,,1791012683000,no price yet,sets 0-0 games 0-0 pts 40-15,0.62784,,0.565,0.565,0.54392,0.556834,0.530119,,True,0,False,False,False,False
"EXPLORATORY, added after seeing the all-points replay; not pre-registered; one day, 9 matches; backtest replay on real recorded book; assumed feed latency; paper only",1020|LS045,wta-rakhimo-fernand-2026-10-01,6,1,2,0,15,1,1791012793000,,1791012718000,no price yet,sets 0-0 games 1-0 pts 0-0,0.313364,,0.565,0.565,0.556834,0.578684,0.537007,,True,1,False,False,False,False
"EXPLORATORY, added after seeing the all-points replay; not pre-registered; one day, 9 matches; backtest replay on real recorded book; assumed feed latency; paper only",1020|LS045,wta-rakhimo-fernand-2026-10-01,7,1,2,0,30,1,1791012826000,,1791012795000,no price yet,sets 0-0 games 1-0 pts 0-15,0.26001,,0.565,0.565,0.537007,0.557565,0.518864,,True,1,False,False,False,False
"EXPLORATORY, added after seeing the all-points replay; not pre-registered; one day, 9 matches; backtest replay on real recorded book; assumed feed latency; paper only",1020|LS045,wta-rakhimo-fernand-2026-10-01,8,1,2,15,30,0,1791012851000,,1791012828000,no price yet,sets 0-0 games 1-0 pts 0-30,0.212922,,0.565,0.565,0.518864,0.534053,0.505785,,True,0,False,False,False,False
"EXPLORATORY, added after seeing the all-points replay; not pre-registered; one day, 9 matches; backtest replay on real recorded book; assumed feed latency; paper only",1020|LS045,wta-rakhimo-fernand-2026-10-01,9,1,2,30,30,0,1791012889000,,1791012853000,no price yet,sets 0-0 games 1-0 pts 15-30,0.26001,,0.565,0.565,0.534053,0.558308,0.512647,,True,0,False,False,False,False
"EXPLORATORY, added after seeing the all-points replay; not pre-registered; one day, 9 matches; backtest replay on real recorded book; assumed feed latency; paper only",1020|LS045,wta-rakhimo-fernand-2026-10-01,10,1,2,40,30,0,1791012940000,,1791012891000,no price yet,sets 0-0 games 1-0 pts 30-30,0.313364,,0.565,0.565,0.558308,0.59244,0.527335,,True,0,False,False,False,False
"EXPLORATORY, added after seeing the all-points replay; not pre-registered; one day, 9 matches; backtest replay on real recorded book; assumed feed latency; paper only",1020|LS045,wta-rakhimo-fernand-2026-10-01,11,1,2,G,30,0,1791012974000,,1791012942000,no price yet,sets 0-0 games 1-0 pts 40-30,0.37216,,0.565,0.565,0.59244,0.62892,0.558308,,True,0,False,False,False,False
"EXPLORATORY, added after seeing the all-points replay; not pre-registered; one day, 9 matches; backtest replay on real recorded book; assumed feed latency; paper only",1020|LS045,wta-rakhimo-fernand-2026-10-01,12,1,3,0,15,1,1791013045000,,1791012976000,no price yet,sets 0-0 games 2-0 pts 0-0,0.565,,0.565,0.565,0.62892,0.64487,0.612421,,True,1,False,False,False,False
"EXPLORATORY, added after seeing the all-points replay; not pre-registered; one day, 9 matches; backtest replay on real recorded book; assumed feed latency; paper only",1020|LS045,wta-rakhimo-fernand-2026-10-01,13,1,3,0,30,1,1791013088000,,1791013047000,no price yet,sets 0-0 games 2-0 pts 0-15,0.5,,0.565,0.565,0.612421,0.628549,0.596294,,True,1,False,False,False,False
"EXPLORATORY, added after seeing the all-points replay; not pre-registered; one day, 9 matches; backtest replay on real recorded book; assumed feed latency; paper only",1020|LS045,wta-rakhimo-fernand-2026-10-01,14,1,3,0,40,1,1791013118000,,1791013090000,no price yet,sets 0-0 games 2-0 pts 0-30,0.435,,0.565,0.565,0.596294,0.608631,0.584366,,True,1,False,False,False,False
"EXPLORATORY, added after seeing the all-points replay; not pre-registered; one day, 9 matches; backtest replay on real recorded book; assumed feed latency; paper only",1020|LS045,wta-rakhimo-fernand-2026-10-01,15,1,3,0,G,1,1791013150000,,1791013120000,no price yet,sets 0-0 games 2-0 pts 0-40,0.37216,,0.565,0.565,0.584366,0.58909,0.579947,,True,1,False,False,False,False
"EXPLORATORY, added after seeing the all-points replay; not pre-registered; one day, 9 matches; backtest replay on real recorded book; assumed feed latency; paper only",1020|LS045,wta-rakhimo-fernand-2026-10-01,16,1,4,0,15,1,1791013291000,,1791013152000,no price yet,sets 0-0 games 2-1 pts 0-0,0.686636,,0.565,0.565,0.579947,0.601936,0.555715,,True,1,False,False,False,False
"EXPLORATORY, added after seeing the all-points replay; not pre-registered; one day, 9 matches; backtest replay on real recorded book; assumed feed latency; paper only",1020|LS045,wta-rakhimo-fernand-2026-10-01,17,1,4,0,30,1,1791013320000,,1791013293000,no price yet,sets 0-0 games 2-1 pts 0-15,0.62784,,0.565,0.565,0.555715,0.579136,0.530682,,True,1,False,False,False,False
"EXPLORATORY, added after seeing the all-points replay; not pre-registered; one day, 9 matches; backtest replay on real recorded book; assumed feed latency; paper only",1020|LS045,wta-rakhimo-fernand-2026-10-01,18,1,4,15,30,0,1791013361000,,1791013322000,no price yet,sets 0-0 games 2-1 pts 0-30,0.565,,0.565,0.565,0.530682,0.550401,0.510285,,True,0,False,False,False,False
"EXPLORATORY, added after seeing the all-points replay; not pre-registered; one day, 9 matches; backtest replay on real recorded book; assumed feed latency; paper only",1020|LS045,wta-rakhimo-fernand-2026-10-01,19,1,4,30,30,0,1791013404000,,1791013363000,no price yet,sets 0-0 games 2-1 pts 15-30,0.62784,,0.565,0.565,0.550401,0.578312,0.520571,,True,0,False,False,False,False
"EXPLORATORY, added after seeing the all-points replay; not pre-registered; one day, 9 matches; backtest replay on real recorded book; assumed feed latency; paper only",1020|LS045,wta-rakhimo-fernand-2026-10-01,20,1,4,40,30,0,1791013466000,,1791013406000,no price yet,sets 0-0 games 2-1 pts 30-30,0.686636,,0.565,0.565,0.578312,0.612663,0.540458,,True,0,False,False,False,False
"EXPLORATORY, added after seeing the all-points replay; not pre-registered; one day, 9 matches; backtest replay on real recorded book; assumed feed latency; paper only",1020|LS045,wta-rakhimo-fernand-2026-10-01,21,1,4,40,40,1,1791013500000,,1791013468000,no price yet,sets 0-0 games 2-1 pts 40-30,0.73999,,0.565,0.565,0.612663,0.642979,0.578312,,True,1,False,False,False,False
"EXPLORATORY, added after seeing the all-points replay; not pre-registered; one day, 9 matches; backtest replay on real recorded book; assumed feed latency; paper only",1020|LS045,wta-rakhimo-fernand-2026-10-01,22,1,4,A,40,0,1791013534000,,1791013502000,no price yet,sets 0-0 games 2-1 pts 40-40,0.686636,,0.565,0.565,0.578312,0.612663,0.540458,,True,0,False,False,False,False
"EXPLORATORY, added after seeing the all-points replay; not pre-registered; one day, 9 matches; backtest replay on real recorded book; assumed feed latency; paper only",1020|LS045,wta-rakhimo-fernand-2026-10-01,23,1,4,40,40,0,1791013568000,,1791013536000,no price yet,sets 0-0 games 2-1 pts A-40,0.73999,,0.565,0.565,0.612663,0.642979,0.578312,,True,1,False,False,False,False
"EXPLORATORY, added after seeing the all-points replay; not pre-registered; one day, 9 matches; backtest replay on real recorded book; assumed feed latency; paper only",1020|LS045,wta-rakhimo-fernand-2026-10-01,24,1,4,A,40,0,1791013614000,,1791013570000,no price yet,sets 0-0 games 2-1 pts 40-40,0.686636,,0.565,0.565,0.578312,0.612663,0.540458,,True,0,False,False,False,False
"EXPLORATORY, added after seeing the all-points replay; not pre-registered; one day, 9 matches; backtest replay on real recorded book; assumed feed latency; paper only",1020|LS045,wta-rakhimo-fernand-2026-10-01,25,1,4,G,40,0,1791013649000,,1791013616000,no price yet,sets 0-0 games 2-1 pts A-40,0.73999,,0.565,0.565,0.612663,0.642979,0.578312,,True,0,False,False,False,False
"EXPLORATORY, added after seeing the all-points replay; not pre-registered; one day, 9 matches; backtest replay on real recorded book; assumed feed latency; paper only",1020|LS045,wta-rakhimo-fernand-2026-10-01,26,1,5,15,0,0,1791013691000,,1791013651000,no price yet,sets 0-0 games 3-1 pts 0-0,0.212922,,0.565,0.565,0.642979,0.66014,0.628202,,True,0,False,False,False,False
"EXPLORATORY, added after seeing the all-points replay; not pre-registered; one day, 9 matches; backtest replay on real recorded book; assumed feed latency; paper only",1020|LS045,wta-rakhimo-fernand-2026-10-01,27,1,5,15,15,1,1791013718000,,1791013693000,no price yet,sets 0-0 games 3-1 pts 15-0,0.26001,,0.565,0.565,0.66014,0.678653,0.643801,,True,1,False,False,False,False
"EXPLORATORY, added after seeing the all-points replay; not pre-registered; one day, 9 matches; backtest replay on real recorded book; assumed feed latency; paper only",1020|LS045,wta-rakhimo-fernand-2026-10-01,28,1,5,15,30,1,1791013756000,,1791013720000,no price yet,sets 0-0 games 3-1 pts 15-15,0.212922,,0.565,0.565,0.643801,0.664578,0.62591,,True,1,False,False,False,False
"EXPLORATORY, added after seeing the all-points replay; not pre-registered; one day, 9 matches; backtest replay on real recorded book; assumed feed latency; paper only",1020|LS045,wta-rakhimo-fernand-2026-10-01,29,1,5,30,30,0,1791013791000,,1791013758000,no price yet,sets 0-0 games 3-1 pts 15-30,0.172376,,0.565,0.565,0.62591,0.644637,0.610122,,True,0,False,False,False,False
"EXPLORATORY, added after seeing the all-points replay; not pre-registered; one day, 9 matches; backtest replay on real recorded book; assumed feed latency; paper only",1020|LS045,wta-rakhimo-fernand-2026-10-01,30,1,5,40,30,0,1791013834000,,1791013793000,no price yet,sets 0-0 games 3-1 pts 30-30,0.212922,,0.565,0.565,0.644637,0.672704,0.620469,,True,0,False,False,False,False
"EXPLORATORY, added after seeing the all-points replay; not pre-registered; one day, 9 matches; backtest replay on real recorded book; assumed feed latency; paper only",1020|LS045,wta-rakhimo-fernand-2026-10-01,31,1,5,G,30,0,1791013892000,,1791013836000,no price yet,sets 0-0 games 3-1 pts 40-30,0.26001,,0.565,0.565,0.672704,0.704507,0.644637,,True,0,False,False,False,False
"EXPLORATORY, added after seeing the all-points replay; not pre-registered; one day, 9 matches; backtest replay on real recorded book; assumed feed latency; paper only",1020|LS045,wta-rakhimo-fernand-2026-10-01,32,1,6,15,0,0,1791014026000,,1791013894000,no price yet,sets 0-0 games 4-1 pts 0-0,0.686636,,0.565,0.565,0.704507,0.715967,0.691879,,True,0,False,False,False,False
"EXPLORATORY, added after seeing the all-points replay; not pre-registered; one day, 9 matches; backtest replay on real recorded book; assumed feed latency; paper only",1020|LS045,wta-rakhimo-fernand-2026-10-01,33,1,6,15,15,1,1791014075000,,1791014028000,no price yet,sets 0-0 games 4-1 pts 15-0,0.73999,,0.565,0.565,0.715967,0.726453,0.704085,,True,1,False,False,False,False
"EXPLORATORY, added after seeing the all-points replay; not pre-registered; one day, 9 matches; backtest replay on real recorded book; assumed feed latency; paper only",1020|LS045,wta-rakhimo-fernand-2026-10-01,34,1,6,30,15,0,1791014106000,,1791014077000,no price yet,sets 0-0 games 4-1 pts 15-15,0.686636,,0.565,0.565,0.704085,0.717674,0.68911,,True,0,False,False,False,False
"EXPLORATORY, added after seeing the all-points replay; not pre-registered; one day, 9 matches; backtest replay on real recorded book; assumed feed latency; paper only",1020|LS045,wta-rakhimo-fernand-2026-10-01,35,1,6,30,30,1,1791014140000,,1791014108000,no price yet,sets 0-0 games 4-1 pts 30-15,0.73999,,0.565,0.565,0.717674,0.730046,0.703655,,True,1,False,False,False,False
"EXPLORATORY, added after seeing the all-points replay; not pre-registered; one day, 9 matches; backtest replay on real recorded book; assumed feed latency; paper only",1020|LS045,wta-rakhimo-fernand-2026-10-01,36,1,6,40,30,0,1791014189000,,1791014142000,no price yet,sets 0-0 games 4-1 pts 30-30,0.686636,,0.565,0.565,0.703655,0.721557,0.683928,,True,0,False,False,False,False
"EXPLORATORY, added after seeing the all-points replay; not pre-registered; one day, 9 matches; backtest replay on real recorded book; assumed feed latency; paper only",1020|LS045,wta-rakhimo-fernand-2026-10-01,37,1,6,40,40,1,1791014225000,,1791014191000,no price yet,sets 0-0 games 4-1 pts 40-30,0.73999,,0.565,0.565,0.721557,0.737356,0.703655,,True,1,False,False,False,False
"EXPLORATORY, added after seeing the all-points replay; not pre-registered; one day, 9 matches; backtest replay on real recorded book; assumed feed latency; paper only",1020|LS045,wta-rakhimo-fernand-2026-10-01,38,1,6,A,40,0,1791014259000,,1791014227000,no price yet,sets 0-0 games 4-1 pts 40-40,0.686636,,0.565,0.565,0.703655,0.721557,0.683928,,True,0,False,False,False,False
"EXPLORATORY, added after seeing the all-points replay; not pre-registered; one day, 9 matches; backtest replay on real recorded book; assumed feed latency; paper only",1020|LS045,wta-rakhimo-fernand-2026-10-01,39,1,6,G,40,0,1791014291000,,1791014261000,no price yet,sets 0-0 games 4-1 pts A-40,0.73999,,0.565,0.565,0.721557,0.737356,0.703655,,True,0,False,False,False,False
"EXPLORATORY, added after seeing the all-points replay; not pre-registered; one day, 9 matches; backtest replay on real recorded book; assumed feed latency; paper only",1020|LS045,wta-rakhimo-fernand-2026-10-01,40,1,7,15,0,0,1791014348000,,1791014293000,no price yet,sets 0-0 games 5-1 pts 0-0,0.212922,,0.565,0.565,0.737356,0.740923,0.734285,,True,0,False,False,False,False
"EXPLORATORY, added after seeing the all-points replay; not pre-registered; one day, 9 matches; backtest replay on real recorded book; assumed feed latency; paper only",1020|LS045,wta-rakhimo-fernand-2026-10-01,41,1,7,15,15,1,1791014383000,,1791014350000,no price yet,sets 0-0 games 5-1 pts 15-0,0.26001,,0.565,0.565,0.740923,0.74484,0.737466,,True,1,False,False,False,False
"EXPLORATORY, added after seeing the all-points replay; not pre-registered; one day, 9 matches; backtest replay on real recorded book; assumed feed latency; paper only",1020|LS045,wta-rakhimo-fernand-2026-10-01,42,1,7,15,30,1,1791014421000,,1791014385000,no price yet,sets 0-0 games 5-1 pts 15-15,0.212922,,0.565,0.565,0.737466,0.74178,0.733752,,True,1,False,False,False,False
"EXPLORATORY, added after seeing the all-points replay; not pre-registered; one day, 9 matches; backtest replay on real recorded book; assumed feed latency; paper only",1020|LS045,wta-rakhimo-fernand-2026-10-01,43,1,7,15,40,1,1791014471000,,1791014423000,no price yet,sets 0-0 games 5-1 pts 15-30,0.172376,,0.565,0.565,0.733752,0.737578,0.730527,,True,1,False,False,False,False
"EXPLORATORY, added after seeing the all-points replay; not pre-registered; one day, 9 matches; backtest replay on real recorded book; assumed feed latency; paper only",1020|LS045,wta-rakhimo-fernand-2026-10-01,44,1,7,15,G,1,1791014505000,,1791014473000,no price yet,sets 0-0 games 5-1 pts 15-40,0.138196,,0.565,0.565,0.730527,0.732563,0.72884,,True,1,False,False,False,False
"EXPLORATORY, added after seeing the all-points replay; not pre-registered; one day, 9 matches; backtest replay on real recorded book; assumed feed latency; paper only",1020|LS045,wta-rakhimo-fernand-2026-10-01,45,1,8,15,0,0,1791014637000,,1791014507000,no price yet,sets 0-0 games 5-2 pts 0-0,0.890107,,0.565,0.565,0.72884,0.736578,0.719356,,True,0,False,False,False,False
"EXPLORATORY, added after seeing the all-points replay; not pre-registered; one day, 9 matches; backtest replay on real recorded book; assumed feed latency; paper only",1020|LS045,wta-rakhimo-fernand-2026-10-01,46,1,8,15,15,1,1791014675000,,1791014639000,no price yet,sets 0-0 games 5-2 pts 15-0,0.913198,,0.565,0.565,0.736578,0.743351,0.728174,,True,1,False,False,False,False
"EXPLORATORY, added after seeing the all-points replay; not pre-registered; one day, 9 matches; backtest replay on real recorded book; assumed feed latency; paper only",1020|LS045,wta-rakhimo-fernand-2026-10-01,47,1,8,30,15,0,1791014707000,,1791014677000,no price yet,sets 0-0 games 5-2 pts 15-15,0.890107,,0.565,0.565,0.728174,0.737489,0.716757,,True,0,False,False,False,False
"EXPLORATORY, added after seeing the all-points replay; not pre-registered; one day, 9 matches; backtest replay on real recorded book; assumed feed latency; paper only",1020|LS045,wta-rakhimo-fernand-2026-10-01,48,1,8,40,15,0,1791014766000,,1791014709000,no price yet,sets 0-0 games 5-2 pts 30-15,0.913198,,0.565,0.565,0.737489,0.745542,0.727497,,True,0,False,False,False,False
"EXPLORATORY, added after seeing the all-points replay; not pre-registered; one day, 9 matches; backtest replay on real recorded book; assumed feed latency; paper only",1020|LS045,wta-rakhimo-fernand-2026-10-01,49,1,8,G,15,0,1791014795000,,1791014768000,no price yet,sets 0-0 games 5-2 pts 40-15,0.931808,,0.565,0.565,0.745542,0.75,0.739957,,True,0,False,False,False,False
"EXPLORATORY, added after seeing the all-points replay; not pre-registered; one day, 9 matches; backtest replay on real recorded book; assumed feed latency; paper only",1020|LS045,wta-rakhimo-fernand-2026-10-01,50,2,1,0,15,1,1791014943000,,1791014797000,no price yet,sets 1-0 games 0-0 pts 0-0,0.0533388,,0.565,0.565,0.75,0.770935,0.733422,,True,1,False,False,False,False
"EXPLORATORY, added after seeing the all-points replay; not pre-registered; one day, 9 matches; backtest replay on real recorded book; assumed feed latency; paper only",1020|LS045,wta-rakhimo-fernand-2026-10-01,51,2,1,15,15,0,1791014990000,,1791014945000,no price yet,sets 1-0 games 0-0 pts 0-15,0.0415764,,0.565,0.565,0.733422,0.751749,0.718998,,True,0,False,False,False,False
"EXPLORATORY, added after seeing the all-points replay; not pre-registered; one day, 9 matches; backtest replay on real recorded book; assumed feed latency; paper only",1020|LS045,wta-rakhimo-fernand-2026-10-01,52,2,1,30,15,0,1791015020000,,1791014992000,no price yet,sets 1-0 games 0-0 pts 15-15,0.0533388,,0.565,0.565,0.751749,0.777244,0.731559,,True,0,False,False,False,False
"EXPLORATORY, added after seeing the all-points replay; not pre-registered; one day, 9 matches; backtest replay on real recorded book; assumed feed latency; paper only",1020|LS045,wta-rakhimo-fernand-2026-10-01,53,2,1,30,30,1,1791015055000,,1791015022000,no price yet,sets 1-0 games 0-0 pts 30-15,0.0681922,,0.565,0.565,0.777244,0.806959,0.753527,,True,1,False,False,False,False
"EXPLORATORY, added after seeing the all-points replay; not pre-registered; one day, 9 matches; backtest replay on real recorded book; assumed feed latency; paper only",1020|LS045,wta-rakhimo-fernand-2026-10-01,54,2,1,30,40,1,1791015098000,,1791015057000,no price yet,sets 1-0 games 0-0 pts 30-30,0.0533388,,0.565,0.565,0.753527,0.788067,0.726175,,True,1,False,False,False,False
"EXPLORATORY, added after seeing the all-points replay; not pre-registered; one day, 9 matches; backtest replay on real recorded book; assumed feed latency; paper only",1020|LS045,wta-rakhimo-fernand-2026-10-01,55,2,1,30,G,1,1791015131000,,1791015100000,no price yet,sets 1-0 games 0-0 pts 30-40,0.0415764,,0.565,0.565,0.726175,0.753527,0.704649,,True,1,False,False,False,False
"EXPLORATORY, added after seeing the all-points replay; not pre-registered; one day, 9 matches; backtest replay on real recorded book; assumed feed latency; paper only",1020|LS045,wta-rakhimo-fernand-2026-10-01,56,2,2,0,15,1,1791015202000,,1791015133000,no price yet,sets 1-0 games 0-1 pts 0-0,0.967681,,0.565,0.565,0.704649,0.721443,0.683206,,True,1,False,False,False,False
"EXPLORATORY, added after seeing the all-points replay; not pre-registered; one day, 9 matches; backtest replay on real recorded book; assumed feed latency; paper only",1020|LS045,wta-rakhimo-fernand-2026-10-01,57,2,2,0,30,1,1791015251000,,1791015204000,no price yet,sets 1-0 games 0-1 pts 0-15,0.958424,,0.565,0.565,0.683206,0.702818,0.658286,,True,1,False,False,False,False
"EXPLORATORY, added after seeing the all-points replay; not pre-registered; one day, 9 matches; backtest replay on real recorded book; assumed feed latency; paper only",1020|LS045,wta-rakhimo-fernand-2026-10-01,58,2,2,15,30,0,1791015282000,,1791015253000,no price yet,sets 1-0 games 0-1 pts 0-30,0.946661,,0.565,0.565,0.658286,0.676764,0.634953,,True,0,False,False,False,False
"EXPLORATORY, added after seeing the all-points replay; not pre-registered; one day, 9 matches; backtest replay on real recorded book; assumed feed latency; paper only",1020|LS045,wta-rakhimo-fernand-2026-10-01,59,2,2,15,40,1,1791015308000,,1791015284000,no price yet,sets 1-0 games 0-1 pts 15-30,0.958424,,0.565,0.565,0.676764,0.700956,0.646025,,True,1,False,False,False,False
"EXPLORATORY, added after seeing the all-points replay; not pre-registered; one day, 9 matches; backtest replay on real recorded book; assumed feed latency; paper only",1020|LS045,wta-rakhimo-fernand-2026-10-01,60,2,2,15,G,1,1791015351000,,1791015310000,no price yet,sets 1-0 games 0-1 pts 15-40,0.946661,,0.565,0.565,0.646025,0.665778,0.62108,,True,1,False,False,False,False
"EXPLORATORY, added after seeing the all-points replay; not pre-registered; one day, 9 matches; backtest replay on real recorded book; assumed feed latency; paper only",1020|LS045,wta-rakhimo-fernand-2026-10-01,61,2,3,15,0,0,1791015394000,,1791015353000,no price yet,sets 1-0 games 0-2 pts 0-0,0.0681922,,0.565,0.565,0.62108,0.640526,0.60556,,True,0,False,False,False,False
"EXPLORATORY, added after seeing the all-points replay; not pre-registered; one day, 9 matches; backtest replay on real recorded book; assumed feed latency; paper only",1020|LS045,wta-rakhimo-fernand-2026-10-01,62,2,3,15,15,1,1791015425000,,1791015396000,no price yet,sets 1-0 games 0-2 pts 15-0,0.0868025,,0.565,0.565,0.640526,0.662649,0.622695,,True,1,False,False,False,False
"EXPLORATORY, added after seeing the all-points replay; not pre-registered; one day, 9 matches; backtest replay on real recorded book; assumed feed latency; paper only",1020|LS045,wta-rakhimo-fernand-2026-10-01,63,2,3,15,30,1,1791015458000,,1791015427000,no price yet,sets 1-0 games 0-2 pts 15-15,0.0681922,,0.565,0.565,0.622695,0.646369,0.603801,,True,1,False,False,False,False
"EXPLORATORY, added after seeing the all-points replay; not pre-registered; one day, 9 matches; backtest replay on real recorded book; assumed feed latency; paper only",1020|LS045,wta-rakhimo-fernand-2026-10-01,64,2,3,30,30,0,1791015495000,,1791015460000,no price yet,sets 1-0 games 0-2 pts 15-30,0.0533388,,0.565,0.565,0.603801,0.624339,0.587537,,True,0,False,False,False,False
"EXPLORATORY, added after seeing the all-points replay; not pre-registered; one day, 9 matches; backtest replay on real recorded book; assumed feed latency; paper only",1020|LS045,wta-rakhimo-fernand-2026-10-01,65,2,3,30,40,1,1791015531000,,1791015497000,no price yet,sets 1-0 games 0-2 pts 30-30,0.0681922,,0.565,0.565,0.624339,0.656404,0.598746,,True,1,False,False,False,False
"EXPLORATORY, added after seeing the all-points replay; not pre-registered; one day, 9 matches; backtest replay on real recorded book; assumed feed latency; paper only",1020|LS045,wta-rakhimo-fernand-2026-10-01,66,2,3,40,40,0,1791015577000,,1791015533000,no price yet,sets 1-0 games 0-2 pts 30-40,0.0533388,,0.565,0.565,0.598746,0.624339,0.57848,,True,0,False,False,False,False
"EXPLORATORY, added after seeing the all-points replay; not pre-registered; one day, 9 matches; backtest replay on real recorded book; assumed feed latency; paper only",1020|LS045,wta-rakhimo-fernand-2026-10-01,67,2,3,A,40,0,1791015629000,,1791015579000,no price yet,sets 1-0 games 0-2 pts 40-40,0.0681922,,0.565,0.565,0.624339,0.656404,0.598746,,True,0,False,False,False,False
"EXPLORATORY, added after seeing the all-points replay; not pre-registered; one day, 9 matches; backtest replay on real recorded book; assumed feed latency; paper only",1020|LS045,wta-rakhimo-fernand-2026-10-01,68,2,3,40,40,1,1791015689000,,1791015631000,no price yet,sets 1-0 games 0-2 pts A-40,0.0868025,,0.565,0.565,0.656404,0.696188,0.624339,,True,1,False,False,False,False
"EXPLORATORY, added after seeing the all-points replay; not pre-registered; one day, 9 matches; backtest replay on real recorded book; assumed feed latency; paper only",1020|LS045,wta-rakhimo-fernand-2026-10-01,69,2,3,40,A,1,1791015744000,,1791015691000,no price yet,sets 1-0 games 0-2 pts 40-40,0.0681922,,0.565,0.565,0.624339,0.656404,0.598746,,True,1,False,False,False,False
"EXPLORATORY, added after seeing the all-points replay; not pre-registered; one day, 9 matches; backtest replay on real recorded book; assumed feed latency; paper only",1020|LS045,wta-rakhimo-fernand-2026-10-01,70,2,3,40,G,1,1791015795000,,1791015746000,no price yet,sets 1-0 games 0-2 pts 40-A,0.0533388,,0.565,0.565,0.598746,0.624339,0.57848,,True,1,False,False,False,False
"EXPLORATORY, added after seeing the all-points replay; not pre-registered; one day, 9 matches; backtest replay on real recorded book; assumed feed latency; paper only",1020|LS045,wta-rakhimo-fernand-2026-10-01,71,2,4,15,0,0,1791015941000,,1791015797000,no price yet,sets 1-0 games 0-3 pts 0-0,0.958424,,0.565,0.565,0.57848,0.589035,0.565068,,True,0,False,False,False,False
"EXPLORATORY, added after seeing the all-points replay; not pre-registered; one day, 9 matches; backtest replay on real recorded book; assumed feed latency; paper only",1020|LS045,wta-rakhimo-fernand-2026-10-01,72,2,4,30,0,0,1791015969000,,1791015943000,no price yet,sets 1-0 games 0-3 pts 15-0,0.967681,,0.565,0.565,0.589035,0.598178,0.57736,,True,0,False,False,False,False
"EXPLORATORY, added after seeing the all-points replay; not pre-registered; one day, 9 matches; backtest replay on real recorded book; assumed feed latency; paper only",1020|LS045,wta-rakhimo-fernand-2026-10-01,73,2,4,40,0,0,1791015994000,,1791015971000,no price yet,sets 1-0 games 0-3 pts 30-0,0.974931,,0.565,0.565,0.598178,0.604427,0.590169,,True,0,False,False,False,False
"EXPLORATORY, added after seeing the all-points replay; not pre-registered; one day, 9 matches; backtest replay on real recorded book; assumed feed latency; paper only",1020|LS045,wta-rakhimo-fernand-2026-10-01,74,2,4,40,15,1,1791016028000,,1791015996000,no price yet,sets 1-0 games 0-3 pts 40-0,0.980587,,0.565,0.565,0.604427,0.607021,0.601092,,True,1,False,False,False,False
"EXPLORATORY, added after seeing the all-points replay; not pre-registered; one day, 9 matches; backtest replay on real recorded book; assumed feed latency; paper only",1020|LS045,wta-rakhimo-fernand-2026-10-01,75,2,4,G,15,0,1791016080000,,1791016030000,no price yet,sets 1-0 games 0-3 pts 40-15,0.974931,,0.565,0.565,0.601092,0.607021,0.593493,,True,0,False,False,False,False
"EXPLORATORY, added after seeing the all-points replay; not pre-registered; one day, 9 matches; backtest replay on real recorded book; assumed feed latency; paper only",1020|LS045,wta-rakhimo-fernand-2026-10-01,76,2,5,15,0,0,1791016147000,,1791016082000,no price yet,sets 1-0 games 1-3 pts 0-0,0.0194132,,0.565,0.565,0.607021,0.628694,0.590163,,True,0,False,False,False,False
"EXPLORATORY, added after seeing the all-points replay; not pre-registered; one day, 9 matches; backtest replay on real recorded book; assumed feed latency; paper only",1020|LS045,wta-rakhimo-fernand-2026-10-01,77,2,5,15,15,1,1791016178000,,1791016149000,no price yet,sets 1-0 games 1-3 pts 15-0,0.0250695,,0.565,0.565,0.628694,0.65398,0.608966,,True,1,False,False,False,False
"EXPLORATORY, added after seeing the all-points replay; not pre-registered; one day, 9 matches; backtest replay on real recorded book; assumed feed latency; paper only",1020|LS045,wta-rakhimo-fernand-2026-10-01,78,2,5,30,15,0,1791016217000,,1791016180000,no price yet,sets 1-0 games 1-3 pts 15-15,0.0194132,,0.565,0.565,0.608966,0.635399,0.588404,,True,0,False,False,False,False
"EXPLORATORY, added after seeing the all-points replay; not pre-registered; one day, 9 matches; backtest replay on real recorded book; assumed feed latency; paper only",1020|LS045,wta-rakhimo-fernand-2026-10-01,79,2,5,40,15,0,1791016266000,,1791016219000,no price yet,sets 1-0 games 1-3 pts 30-15,0.0250695,,0.565,0.565,0.635399,0.666746,0.610944,,True,0,False,False,False,False
"EXPLORATORY, added after seeing the all-points replay; not pre-registered; one day, 9 matches; backtest replay on real recorded book; assumed feed latency; paper only",1020|LS045,wta-rakhimo-fernand-2026-10-01,80,2,5,40,30,1,1791016302000,,1791016268000,no price yet,sets 1-0 games 1-3 pts 40-15,0.0323193,,0.565,0.565,0.666746,0.692238,0.646781,,True,1,False,False,False,False
"EXPLORATORY, added after seeing the all-points replay; not pre-registered; one day, 9 matches; backtest replay on real recorded book; assumed feed latency; paper only",1020|LS045,wta-rakhimo-fernand-2026-10-01,81,2,5,40,40,1,1791016330000,,1791016304000,no price yet,sets 1-0 games 1-3 pts 40-30,0.0250695,,0.565,0.565,0.646781,0.692716,0.610944,,True,1,False,False,False,False
"EXPLORATORY, added after seeing the all-points replay; not pre-registered; one day, 9 matches; backtest replay on real recorded book; assumed feed latency; paper only",1020|LS045,wta-rakhimo-fernand-2026-10-01,82,2,5,40,A,1,1791016368000,,1791016332000,no price yet,sets 1-0 games 1-3 pts 40-40,0.0194132,,0.565,0.565,0.610944,0.646781,0.583067,,True,1,False,False,False,False
"EXPLORATORY, added after seeing the all-points replay; not pre-registered; one day, 9 matches; backtest replay on real recorded book; assumed feed latency; paper only",1020|LS045,wta-rakhimo-fernand-2026-10-01,83,2,5,40,G,1,1791016397000,,1791016370000,no price yet,sets 1-0 games 1-3 pts 40-A,0.0150135,,0.565,0.565,0.583067,0.610944,0.561434,,True,1,False,False,False,False
"EXPLORATORY, added after seeing the all-points replay; not pre-registered; one day, 9 matches; backtest replay on real recorded book; assumed feed latency; paper only",1020|LS045,wta-rakhimo-fernand-2026-10-01,84,2,6,15,0,0,1791016551000,,1791016399000,no price yet,sets 1-0 games 1-4 pts 0-0,0.988401,,0.565,0.565,0.561434,0.570986,0.549103,,True,0,False,False,False,False
"EXPLORATORY, added after seeing the all-points replay; not pre-registered; one day, 9 matches; backtest replay on real recorded book; assumed feed latency; paper only",1020|LS045,wta-rakhimo-fernand-2026-10-01,85,2,6,30,0,0,1791016597000,,1791016553000,no price yet,sets 1-0 games 1-4 pts 15-0,0.991046,,0.565,0.565,0.570986,0.57923,0.560329,,True,0,False,False,False,False
"EXPLORATORY, added after seeing the all-points replay; not pre-registered; one day, 9 matches; backtest replay on real recorded book; assumed feed latency; paper only",1020|LS045,wta-rakhimo-fernand-2026-10-01,86,2,6,40,0,0,1791016625000,,1791016599000,no price yet,sets 1-0 games 1-4 pts 30-0,0.993092,,0.565,0.565,0.57923,0.584841,0.571969,,True,0,False,False,False,False
"EXPLORATORY, added after seeing the all-points replay; not pre-registered; one day, 9 matches; backtest replay on real recorded book; assumed feed latency; paper only",1020|LS045,wta-rakhimo-fernand-2026-10-01,87,2,6,G,0,0,1791016673000,,1791016627000,no price yet,sets 1-0 games 1-4 pts 40-0,0.994673,,0.565,0.565,0.584841,0.587157,0.581842,,True,0,False,False,False,False
"EXPLORATORY, added after seeing the all-points replay; not pre-registered; one day, 9 matches; backtest replay on real recorded book; assumed feed latency; paper only",1020|LS045,wta-rakhimo-fernand-2026-10-01,88,2,7,0,15,1,1791016740000,,1791016675000,no price yet,sets 1-0 games 2-4 pts 0-0,0.00410648,,0.565,0.565,0.587157,0.611315,0.568516,,True,1,False,False,False,False
"EXPLORATORY, added after seeing the all-points replay; not pre-registered; one day, 9 matches; backtest replay on real recorded book; assumed feed latency; paper only",1020|LS045,wta-rakhimo-fernand-2026-10-01,89,2,7,15,15,0,1791016777000,,1791016742000,no price yet,sets 1-0 games 2-4 pts 0-15,0.00316462,,0.565,0.565,0.568516,0.58937,0.552434,,True,0,False,False,False,False
"EXPLORATORY, added after seeing the all-points replay; not pre-registered; one day, 9 matches; backtest replay on real recorded book; assumed feed latency; paper only",1020|LS045,wta-rakhimo-fernand-2026-10-01,90,2,7,30,15,0,1791016840000,,1791016779000,no price yet,sets 1-0 games 2-4 pts 15-15,0.00410648,,0.565,0.565,0.58937,0.618854,0.566621,,True,0,False,False,False,False
"EXPLORATORY, added after seeing the all-points replay; not pre-registered; one day, 9 matches; backtest replay on real recorded book; assumed feed latency; paper only",1020|LS045,wta-rakhimo-fernand-2026-10-01,91,2,7,40,15,0,1791016882000,,1791016842000,no price yet,sets 1-0 games 2-4 pts 30-15,0.00532717,,0.565,0.565,0.618854,0.654126,0.591621,,True,0,False,False,False,False
"EXPLORATORY, added after seeing the all-points replay; not pre-registered; one day, 9 matches; backtest replay on real recorded book; assumed feed latency; paper only",1020|LS045,wta-rakhimo-fernand-2026-10-01,92,2,7,G,15,0,1791016942000,,1791016884000,no price yet,sets 1-0 games 2-4 pts 40-15,0.0069082,,0.565,0.565,0.654126,0.683269,0.631606,,True,0,False,False,False,False
"EXPLORATORY, added after seeing the all-points replay; not pre-registered; one day, 9 matches; backtest replay on real recorded book; assumed feed latency; paper only",1020|LS045,wta-rakhimo-fernand-2026-10-01,93,2,8,15,0,0,1791017078000,,1791016944000,no price yet,sets 1-0 games 3-4 pts 0-0,0.991046,,0.565,0.565,0.683269,0.708058,0.651223,,True,0,False,False,False,False
"EXPLORATORY, added after seeing the all-points replay; not pre-registered; one day, 9 matches; backtest replay on real recorded book; assumed feed latency; paper only",1020|LS045,wta-rakhimo-fernand-2026-10-01,94,2,8,15,15,1,1791017130000,,1791017080000,no price yet,sets 1-0 games 3-4 pts 15-0,0.993092,,0.565,0.565,0.708058,0.729446,0.680379,,True,1,False,False,False,False
"EXPLORATORY, added after seeing the all-points replay; not pre-registered; one day, 9 matches; backtest replay on real recorded book; assumed feed latency; paper only",1020|LS045,wta-rakhimo-fernand-2026-10-01,95,2,8,15,30,1,1791017175000,,1791017132000,no price yet,sets 1-0 games 3-4 pts 15-15,0.991046,,0.565,0.565,0.680379,0.710598,0.641315,,True,1,False,False,False,False
"EXPLORATORY, added after seeing the all-points replay; not pre-registered; one day, 9 matches; backtest replay on real recorded book; assumed feed latency; paper only",1020|LS045,wta-rakhimo-fernand-2026-10-01,96,2,8,30,30,0,1791017229000,,1791017177000,no price yet,sets 1-0 games 3-4 pts 15-30,0.988401,,0.565,0.565,0.641315,0.67744,0.594681,,True,0,False,False,False,False
"EXPLORATORY, added after seeing the all-points replay; not pre-registered; one day, 9 matches; backtest replay on real recorded book; assumed feed latency; paper only",1020|LS045,wta-rakhimo-fernand-2026-10-01,97,2,8,40,30,0,1791017334000,,1791017231000,no price yet,sets 1-0 games 3-4 pts 30-30,0.991046,,0.565,0.565,0.67744,0.718371,0.624527,,True,0,False,False,False,False
"EXPLORATORY, added after seeing the all-points replay; not pre-registered; one day, 9 matches; backtest replay on real recorded book; assumed feed latency; paper only",1020|LS045,wta-rakhimo-fernand-2026-10-01,98,2,8,40,40,1,1791017369000,,1791017336000,no price yet,sets 1-0 games 3-4 pts 40-30,0.993092,,0.565,0.565,0.718371,0.75,0.67744,,True,1,False,False,False,False
"EXPLORATORY, added after seeing the all-points replay; not pre-registered; one day, 9 matches; backtest replay on real recorded book; assumed feed latency; paper only",1020|LS045,wta-rakhimo-fernand-2026-10-01,99,2,8,A,40,0,1791017406000,,1791017371000,no price yet,sets 1-0 games 3-4 pts 40-40,0.991046,,0.565,0.565,0.67744,0.718371,0.624527,,True,0,False,False,False,False
"EXPLORATORY, added after seeing the all-points replay; not pre-registered; one day, 9 matches; backtest replay on real recorded book; assumed feed latency; paper only",1020|LS045,wta-rakhimo-fernand-2026-10-01,100,2,8,G,40,0,1791017442000,,1791017408000,no price yet,sets 1-0 games 3-4 pts A-40,0.993092,,0.565,0.565,0.718371,0.75,0.67744,,True,0,False,False,False,False
"EXPLORATORY, added after seeing the all-points replay; not pre-registered; one day, 9 matches; backtest replay on real recorded book; assumed feed latency; paper only",1020|LS045,wta-rakhimo-fernand-2026-10-01,101,2,9,0,15,1,1791017500000,,1791017444000,no price yet,sets 1-0 games 4-4 pts 0-0,0.00532717,,0.565,0.565,0.75,0.791178,0.718207,,True,1,False,False,False,False
"EXPLORATORY, added after seeing the all-points replay; not pre-registered; one day, 9 matches; backtest replay on real recorded book; assumed feed latency; paper only",1020|LS045,wta-rakhimo-fernand-2026-10-01,102,2,9,0,30,1,1791017531000,,1791017502000,no price yet,sets 1-0 games 4-4 pts 0-15,0.00410648,,0.565,0.565,0.718207,0.753755,0.690779,,True,1,False,False,False,False
"EXPLORATORY, added after seeing the all-points replay; not pre-registered; one day, 9 matches; backtest replay on real recorded book; assumed feed latency; paper only",1020|LS045,wta-rakhimo-fernand-2026-10-01,103,2,9,15,30,0,1791017586000,,1791017533000,no price yet,sets 1-0 games 4-4 pts 0-30,0.00316462,,0.565,0.565,0.690779,0.714958,0.672132,,True,0,False,False,False,False
"EXPLORATORY, added after seeing the all-points replay; not pre-registered; one day, 9 matches; backtest replay on real recorded book; assumed feed latency; paper only",1020|LS045,wta-rakhimo-fernand-2026-10-01,104,2,9,15,40,1,1791017614000,,1791017588000,no price yet,sets 1-0 games 4-4 pts 15-30,0.00410648,,0.565,0.565,0.714958,0.757575,0.682074,,True,1,False,False,False,False
"EXPLORATORY, added after seeing the all-points replay; not pre-registered; one day, 9 matches; backtest replay on real recorded book; assumed feed latency; paper only",1020|LS045,wta-rakhimo-fernand-2026-10-01,105,2,9,15,G,1,1791017644000,,1791017616000,no price yet,sets 1-0 games 4-4 pts 15-40,0.00316462,,0.565,0.565,0.682074,0.704962,0.664424,,True,1,False,False,False,False
"EXPLORATORY, added after seeing the all-points replay; not pre-registered; one day, 9 matches; backtest replay on real recorded book; assumed feed latency; paper only",1020|LS045,wta-rakhimo-fernand-2026-10-01,106,2,10,0,15,1,1791017780000,,1791017646000,no price yet,sets 1-0 games 4-5 pts 0-0,0.997562,,0.565,0.565,0.664424,0.69624,0.623153,,True,1,False,False,False,False
"EXPLORATORY, added after seeing the all-points replay; not pre-registered; one day, 9 matches; backtest replay on real recorded book; assumed feed latency; paper only",1020|LS045,wta-rakhimo-fernand-2026-10-01,107,2,10,0,30,1,1791017814000,,1791017782000,no price yet,sets 1-0 games 4-5 pts 0-15,0.996835,,0.565,0.565,0.623153,0.660646,0.574536,,True,1,False,False,False,False
"EXPLORATORY, added after seeing the all-points replay; not pre-registered; one day, 9 matches; backtest replay on real recorded book; assumed feed latency; paper only",1020|LS045,wta-rakhimo-fernand-2026-10-01,108,2,10,15,30,0,1791017846000,,1791017816000,no price yet,sets 1-0 games 4-5 pts 0-30,0.995894,,0.565,0.565,0.574536,0.610288,0.5282,,True,0,False,False,False,False
"EXPLORATORY, added after seeing the all-points replay; not pre-registered; one day, 9 matches; backtest replay on real recorded book; assumed feed latency; paper only",1020|LS045,wta-rakhimo-fernand-2026-10-01,109,2,10,30,30,0,1791017873000,,1791017848000,no price yet,sets 1-0 games 4-5 pts 15-30,0.996835,,0.565,0.565,0.610288,0.656804,0.549972,,True,0,False,False,False,False
"EXPLORATORY, added after seeing the all-points replay; not pre-registered; one day, 9 matches; backtest replay on real recorded book; assumed feed latency; paper only",1020|LS045,wta-rakhimo-fernand-2026-10-01,110,2,10,30,40,1,1791017912000,,1791017875000,no price yet,sets 1-0 games 4-5 pts 30-30,0.997562,,0.565,0.565,0.656804,0.709437,0.58853,,True,1,False,False,False,False
"EXPLORATORY, added after seeing the all-points replay; not pre-registered; one day, 9 matches; backtest replay on real recorded book; assumed feed latency; paper only",1020|LS045,wta-rakhimo-fernand-2026-10-01,111,2,10,30,G,1,1791017943000,,1791017914000,no price yet,sets 1-0 games 4-5 pts 30-40,0.996835,,0.565,0.565,0.58853,0.656804,0.5,,True,1,False,False,False,False
"EXPLORATORY, added after seeing the all-points replay; not pre-registered; one day, 9 matches; backtest replay on real recorded book; assumed feed latency; paper only",1020|LS045,wta-rakhimo-fernand-2026-10-01,112,3,1,0,15,1,1791018282000,,1791017945000,no price yet,sets 1-1 games 0-0 pts 0-0,0.00410648,,0.565,0.565,0.5,0.542485,0.46722,,True,1,False,False,False,False
"EXPLORATORY, added after seeing the all-points replay; not pre-registered; one day, 9 matches; backtest replay on real recorded book; assumed feed latency; paper only",1020|LS045,wta-rakhimo-fernand-2026-10-01,113,3,1,0,30,1,1791018311000,,1791018284000,no price yet,sets 1-1 games 0-0 pts 0-15,0.00316462,,0.565,0.565,0.46722,0.503883,0.438945,,True,1,False,False,False,False
"EXPLORATORY, added after seeing the all-points replay; not pre-registered; one day, 9 matches; backtest replay on real recorded book; assumed feed latency; paper only",1020|LS045,wta-rakhimo-fernand-2026-10-01,114,3,1,0,40,1,1791018342000,,1791018313000,no price yet,sets 1-1 games 0-0 pts 0-30,0.00243825,,0.565,0.565,0.438945,0.463877,0.419724,,True,1,False,False,False,False
"EXPLORATORY, added after seeing the all-points replay; not pre-registered; one day, 9 matches; backtest replay on real recorded book; assumed feed latency; paper only",1020|LS045,wta-rakhimo-fernand-2026-10-01,115,3,1,0,G,1,1791018369000,,1791018344000,no price yet,sets 1-1 games 0-0 pts 0-40,0.00187829,,0.565,0.565,0.419724,0.429979,0.411821,,True,1,False,False,False,False
"EXPLORATORY, added after seeing the all-points replay; not pre-registered; one day, 9 matches; backtest replay on real recorded book; assumed feed latency; paper only",1020|LS045,wta-rakhimo-fernand-2026-10-01,116,3,2,15,0,0,1791018444000,,1791018371000,no price yet,sets 1-1 games 0-1 pts 0-0,0.998553,,0.565,0.565,0.411821,0.444609,0.369267,,True,0,False,False,False,False
"EXPLORATORY, added after seeing the all-points replay; not pre-registered; one day, 9 matches; backtest replay on real recorded book; assumed feed latency; paper only",1020|LS045,wta-rakhimo-fernand-2026-10-01,117,3,2,30,0,0,1791018474000,,1791018446000,no price yet,sets 1-1 games 0-1 pts 15-0,0.998886,,0.565,0.565,0.444609,0.472874,0.407917,,True,0,False,False,False,False
"EXPLORATORY, added after seeing the all-points replay; not pre-registered; one day, 9 matches; backtest replay on real recorded book; assumed feed latency; paper only",1020|LS045,wta-rakhimo-fernand-2026-10-01,118,3,2,40,0,0,1791018528000,,1791018476000,no price yet,sets 1-1 games 0-1 pts 30-0,0.999142,,0.565,0.565,0.472874,0.492087,0.44793,,True,0,False,False,False,False
"EXPLORATORY, added after seeing the all-points replay; not pre-registered; one day, 9 matches; backtest replay on real recorded book; assumed feed latency; paper only",1020|LS045,wta-rakhimo-fernand-2026-10-01,119,3,2,40,15,1,1791018570000,,1791018530000,no price yet,sets 1-1 games 0-1 pts 40-0,0.999339,,0.565,0.565,0.492087,0.5,0.481814,,True,1,False,False,False,False
"EXPLORATORY, added after seeing the all-points replay; not pre-registered; one day, 9 matches; backtest replay on real recorded book; assumed feed latency; paper only",1020|LS045,wta-rakhimo-fernand-2026-10-01,120,3,2,40,30,1,1791018618000,,1791018572000,no price yet,sets 1-1 games 0-1 pts 40-15,0.999142,,0.565,0.565,0.481814,0.5,0.458203,,True,1,False,False,False,False
"EXPLORATORY, added after seeing the all-points replay; not pre-registered; one day, 9 matches; backtest replay on real recorded book; assumed feed latency; paper only",1020|LS045,wta-rakhimo-fernand-2026-10-01,121,3,2,G,30,0,1791018668000,,1791018620000,no price yet,sets 1-1 games 0-1 pts 40-30,0.998886,,0.565,0.565,0.458203,0.5,0.403947,,True,0,False,False,False,False
"EXPLORATORY, added after seeing the all-points replay; not pre-registered; one day, 9 matches; backtest replay on real recorded book; assumed feed latency; paper only",1020|LS045,wta-rakhimo-fernand-2026-10-01,122,3,3,0,15,1,1791018739000,,1791018670000,no price yet,sets 1-1 games 1-1 pts 0-0,0.000858082,,0.565,0.565,0.5,0.547163,0.463672,,True,1,False,False,False,False
"EXPLORATORY, added after seeing the all-points replay; not pre-registered; one day, 9 matches; backtest replay on real recorded book; assumed feed latency; paper only",1020|LS045,wta-rakhimo-fernand-2026-10-01,123,3,3,0,30,1,1791018798000,,1791018741000,no price yet,sets 1-1 games 1-1 pts 0-15,0.000660778,,0.565,0.565,0.463672,0.504334,0.432355,,True,1,False,False,False,False
"EXPLORATORY, added after seeing the all-points replay; not pre-registered; one day, 9 matches; backtest replay on real recorded book; assumed feed latency; paper only",1020|LS045,wta-rakhimo-fernand-2026-10-01,124,3,3,0,40,1,1791018827000,,1791018800000,no price yet,sets 1-1 games 1-1 pts 0-30,0.000508818,,0.565,0.565,0.432355,0.459993,0.41107,,True,1,False,False,False,False
"EXPLORATORY, added after seeing the all-points replay; not pre-registered; one day, 9 matches; backtest replay on real recorded book; assumed feed latency; paper only",1020|LS045,wta-rakhimo-fernand-2026-10-01,125,3,3,0,G,1,1791018856000,,1791018829000,no price yet,sets 1-1 games 1-1 pts 0-40,0.000391791,,0.565,0.565,0.41107,0.422447,0.402309,,True,1,False,False,False,False
"EXPLORATORY, added after seeing the all-points replay; not pre-registered; one day, 9 matches; backtest replay on real recorded book; assumed feed latency; paper only",1020|LS045,wta-rakhimo-fernand-2026-10-01,126,3,4,15,0,0,1791018996000,,1791018858000,no price yet,sets 1-1 games 1-2 pts 0-0,0.999698,,0.565,0.565,0.402309,0.438638,0.355129,,True,0,False,False,False,False
"EXPLORATORY, added after seeing the all-points replay; not pre-registered; one day, 9 matches; backtest replay on real recorded book; assumed feed latency; paper only",1020|LS045,wta-rakhimo-fernand-2026-10-01,127,3,4,15,15,1,1791019022000,,1791018998000,no price yet,sets 1-1 games 1-2 pts 15-0,0.999768,,0.565,0.565,0.438638,0.469954,0.39797,,True,1,False,False,False,False
"EXPLORATORY, added after seeing the all-points replay; not pre-registered; one day, 9 matches; backtest replay on real recorded book; assumed feed latency; paper only",1020|LS045,wta-rakhimo-fernand-2026-10-01,128,3,4,30,15,0,1791019077000,,1791019024000,no price yet,sets 1-1 games 1-2 pts 15-15,0.999698,,0.565,0.565,0.39797,0.442313,0.340384,,True,0,False,False,False,False
"EXPLORATORY, added after seeing the all-points replay; not pre-registered; one day, 9 matches; backtest replay on real recorded book; assumed feed latency; paper only",1020|LS045,wta-rakhimo-fernand-2026-10-01,129,3,4,30,30,1,1791019126000,,1791019079000,no price yet,sets 1-1 games 1-2 pts 30-15,0.999768,,0.565,0.565,0.442313,0.479856,0.393556,,True,1,False,False,False,False
"EXPLORATORY, added after seeing the all-points replay; not pre-registered; one day, 9 matches; backtest replay on real recorded book; assumed feed latency; paper only",1020|LS045,wta-rakhimo-fernand-2026-10-01,130,3,4,40,30,0,1791019164000,,1791019128000,no price yet,sets 1-1 games 1-2 pts 30-30,0.999698,,0.565,0.565,0.393556,0.453694,0.315458,,True,0,False,False,False,False
"EXPLORATORY, added after seeing the all-points replay; not pre-registered; one day, 9 matches; backtest replay on real recorded book; assumed feed latency; paper only",1020|LS045,wta-rakhimo-fernand-2026-10-01,131,3,4,40,40,1,1791019212000,,1791019166000,no price yet,sets 1-1 games 1-2 pts 40-30,0.999768,,0.565,0.565,0.453694,0.5,0.393556,,True,1,False,False,False,False
"EXPLORATORY, added after seeing the all-points replay; not pre-registered; one day, 9 matches; backtest replay on real recorded book; assumed feed latency; paper only",1020|LS045,wta-rakhimo-fernand-2026-10-01,132,3,4,40,A,1,1791019281000,,1791019214000,no price yet,sets 1-1 games 1-2 pts 40-40,0.999698,,0.565,0.565,0.393556,0.453694,0.315458,,True,1,False,False,False,False
"EXPLORATORY, added after seeing the all-points replay; not pre-registered; one day, 9 matches; backtest replay on real recorded book; assumed feed latency; paper only",1020|LS045,wta-rakhimo-fernand-2026-10-01,133,3,4,40,40,0,1791019335000,,1791019283000,no price yet,sets 1-1 games 1-2 pts 40-A,0.999608,,0.565,0.565,0.315458,0.393556,0.214042,,True,0,False,False,False,False
"EXPLORATORY, added after seeing the all-points replay; not pre-registered; one day, 9 matches; backtest replay on real recorded book; assumed feed latency; paper only",1020|LS045,wta-rakhimo-fernand-2026-10-01,134,3,4,A,40,0,1791019384000,,1791019337000,no price yet,sets 1-1 games 1-2 pts 40-40,0.999698,,0.565,0.565,0.393556,0.453694,0.315458,,True,0,False,False,False,False
"EXPLORATORY, added after seeing the all-points replay; not pre-registered; one day, 9 matches; backtest replay on real recorded book; assumed feed latency; paper only",1020|LS045,wta-rakhimo-fernand-2026-10-01,135,3,4,40,40,0,1791019442000,,1791019386000,no price yet,sets 1-1 games 1-2 pts A-40,0.999768,,0.565,0.565,0.453694,0.5,0.393556,,True,1,False,False,False,False
"EXPLORATORY, added after seeing the all-points replay; not pre-registered; one day, 9 matches; backtest replay on real recorded book; assumed feed latency; paper only",1020|LS045,wta-rakhimo-fernand-2026-10-01,136,3,4,40,A,1,1791019481000,,1791019444000,no price yet,sets 1-1 games 1-2 pts 40-40,0.999698,,0.565,0.565,0.393556,0.453694,0.315458,,True,1,False,False,False,False
"EXPLORATORY, added after seeing the all-points replay; not pre-registered; one day, 9 matches; backtest replay on real recorded book; assumed feed latency; paper only",1020|LS045,wta-rakhimo-fernand-2026-10-01,137,3,4,40,40,0,1791019533000,,1791019483000,no price yet,sets 1-1 games 1-2 pts 40-A,0.999608,,0.565,0.565,0.315458,0.393556,0.214042,,True,0,False,False,False,False
"EXPLORATORY, added after seeing the all-points replay; not pre-registered; one day, 9 matches; backtest replay on real recorded book; assumed feed latency; paper only",1020|LS045,wta-rakhimo-fernand-2026-10-01,138,3,4,A,40,0,1791019610000,,1791019535000,no price yet,sets 1-1 games 1-2 pts 40-40,0.999698,,0.565,0.565,0.393556,0.453694,0.315458,,True,0,False,False,False,False
"EXPLORATORY, added after seeing the all-points replay; not pre-registered; one day, 9 matches; backtest replay on real recorded book; assumed feed latency; paper only",1020|LS045,wta-rakhimo-fernand-2026-10-01,139,3,4,G,40,0,1791019638000,,1791019612000,no price yet,sets 1-1 games 1-2 pts A-40,0.999768,,0.565,0.565,0.453694,0.5,0.393556,,True,0,False,False,False,False
"EXPLORATORY, added after seeing the all-points replay; not pre-registered; one day, 9 matches; backtest replay on real recorded book; assumed feed latency; paper only",1020|LS045,wta-rakhimo-fernand-2026-10-01,140,3,5,0,15,1,1791019677000,,1791019640000,no price yet,sets 1-1 games 2-2 pts 0-0,0.000178842,,0.565,0.565,0.5,0.553727,0.458631,,True,1,False,False,False,False
"EXPLORATORY, added after seeing the all-points replay; not pre-registered; one day, 9 matches; backtest replay on real recorded book; assumed feed latency; paper only",1020|LS045,wta-rakhimo-fernand-2026-10-01,141,3,5,15,15,0,1791019730000,,1791019679000,no price yet,sets 1-1 games 2-2 pts 0-15,0.000137698,,0.565,0.565,0.458631,0.504943,0.422973,,True,0,False,False,False,False
"EXPLORATORY, added after seeing the all-points replay; not pre-registered; one day, 9 matches; backtest replay on real recorded book; assumed feed latency; paper only",1020|LS045,wta-rakhimo-fernand-2026-10-01,142,3,5,15,30,1,1791019762000,,1791019732000,no price yet,sets 1-1 games 2-2 pts 15-15,0.000178842,,0.565,0.565,0.504943,0.570523,0.454448,,True,1,False,False,False,False
"EXPLORATORY, added after seeing the all-points replay; not pre-registered; one day, 9 matches; backtest replay on real recorded book; assumed feed latency; paper only",1020|LS045,wta-rakhimo-fernand-2026-10-01,143,3,5,15,40,1,1791019794000,,1791019764000,no price yet,sets 1-1 games 2-2 pts 15-30,0.000137698,,0.565,0.565,0.454448,0.509971,0.411696,,True,1,False,False,False,False
"EXPLORATORY, added after seeing the all-points replay; not pre-registered; one day, 9 matches; backtest replay on real recorded book; assumed feed latency; paper only",1020|LS045,wta-rakhimo-fernand-2026-10-01,144,3,5,30,40,0,1791019837000,,1791019796000,no price yet,sets 1-1 games 2-2 pts 15-40,0.000106019,,0.565,0.565,0.411696,0.441487,0.388759,,True,0,False,False,False,False
"EXPLORATORY, added after seeing the all-points replay; not pre-registered; one day, 9 matches; backtest replay on real recorded book; assumed feed latency; paper only",1020|LS045,wta-rakhimo-fernand-2026-10-01,145,3,5,40,40,0,1791019894000,,1791019839000,no price yet,sets 1-1 games 2-2 pts 30-40,0.000137698,,0.565,0.565,0.441487,0.509971,0.388756,,True,0,False,False,False,False
"EXPLORATORY, added after seeing the all-points replay; not pre-registered; one day, 9 matches; backtest replay on real recorded book; assumed feed latency; paper only",1020|LS045,wta-rakhimo-fernand-2026-10-01,146,3,5,A,40,0,1791019956000,,1791019896000,no price yet,sets 1-1 games 2-2 pts 40-40,0.000178842,,0.565,0.565,0.509971,0.598914,0.441487,,True,0,False,False,False,False
"EXPLORATORY, added after seeing the all-points replay; not pre-registered; one day, 9 matches; backtest replay on real recorded book; assumed feed latency; paper only",1020|LS045,wta-rakhimo-fernand-2026-10-01,147,3,5,40,40,0,1791019986000,,1791019958000,no price yet,sets 1-1 games 2-2 pts A-40,0.000232276,,0.565,0.565,0.598914,0.714423,0.509971,,True,1,False,False,False,False
"EXPLORATORY, added after seeing the all-points replay; not pre-registered; one day, 9 matches; backtest replay on real recorded book; assumed feed latency; paper only",1020|LS045,wta-rakhimo-fernand-2026-10-01,148,3,5,A,40,0,1791020056000,,1791019988000,no price yet,sets 1-1 games 2-2 pts 40-40,0.000178842,,0.565,0.565,0.509971,0.598914,0.441487,,True,0,False,False,False,False
"EXPLORATORY, added after seeing the all-points replay; not pre-registered; one day, 9 matches; backtest replay on real recorded book; assumed feed latency; paper only",1020|LS045,wta-rakhimo-fernand-2026-10-01,149,3,5,G,40,0,1791020103000,,1791020058000,no price yet,sets 1-1 games 2-2 pts A-40,0.000232276,,0.565,0.565,0.598914,0.714423,0.509971,,True,0,False,False,False,False
"EXPLORATORY, added after seeing the all-points replay; not pre-registered; one day, 9 matches; backtest replay on real recorded book; assumed feed latency; paper only",1020|LS045,wta-rakhimo-fernand-2026-10-01,150,3,6,15,0,0,1791020265000,,1791020105000,no price yet,sets 1-1 games 3-2 pts 0-0,0.999698,,0.565,0.565,0.714423,0.7558,0.660689,,True,0,False,False,False,False
"EXPLORATORY, added after seeing the all-points replay; not pre-registered; one day, 9 matches; backtest replay on real recorded book; assumed feed latency; paper only",1020|LS045,wta-rakhimo-fernand-2026-10-01,151,3,6,30,0,0,1791020305000,,1791020267000,no price yet,sets 1-1 games 3-2 pts 15-0,0.999768,,0.565,0.565,0.7558,0.791466,0.709481,,True,0,False,False,False,False
"EXPLORATORY, added after seeing the all-points replay; not pre-registered; one day, 9 matches; backtest replay on real recorded book; assumed feed latency; paper only",1020|LS045,wta-rakhimo-fernand-2026-10-01,152,3,6,30,15,1,1791020350000,,1791020307000,no price yet,sets 1-1 games 3-2 pts 30-0,0.999821,,0.565,0.565,0.791466,0.815706,0.759984,,True,1,False,False,False,False
"EXPLORATORY, added after seeing the all-points replay; not pre-registered; one day, 9 matches; backtest replay on real recorded book; assumed feed latency; paper only",1020|LS045,wta-rakhimo-fernand-2026-10-01,153,3,6,30,30,1,1791020397000,,1791020352000,no price yet,sets 1-1 games 3-2 pts 30-15,0.999768,,0.565,0.565,0.759984,0.802743,0.704454,,True,1,False,False,False,False
"EXPLORATORY, added after seeing the all-points replay; not pre-registered; one day, 9 matches; backtest replay on real recorded book; assumed feed latency; paper only",1020|LS045,wta-rakhimo-fernand-2026-10-01,154,3,6,40,30,0,1791020439000,,1791020399000,no price yet,sets 1-1 games 3-2 pts 30-30,0.999698,,0.565,0.565,0.704454,0.772947,0.615506,,True,0,False,False,False,False
"EXPLORATORY, added after seeing the all-points replay; not pre-registered; one day, 9 matches; backtest replay on real recorded book; assumed feed latency; paper only",1020|LS045,wta-rakhimo-fernand-2026-10-01,155,3,6,40,40,1,1791020465000,,1791020441000,no price yet,sets 1-1 games 3-2 pts 40-30,0.999768,,0.565,0.565,0.772947,0.825687,0.704454,,True,1,False,False,False,False
"EXPLORATORY, added after seeing the all-points replay; not pre-registered; one day, 9 matches; backtest replay on real recorded book; assumed feed latency; paper only",1020|LS045,wta-rakhimo-fernand-2026-10-01,156,3,6,A,40,0,1791020523000,,1791020467000,no price yet,sets 1-1 games 3-2 pts 40-40,0.999698,,0.565,0.565,0.704454,0.772947,0.615506,,True,0,False,False,False,False
"EXPLORATORY, added after seeing the all-points replay; not pre-registered; one day, 9 matches; backtest replay on real recorded book; assumed feed latency; paper only",1020|LS045,wta-rakhimo-fernand-2026-10-01,157,3,6,G,40,0,1791020546000,,1791020525000,no price yet,sets 1-1 games 3-2 pts A-40,0.999768,,0.565,0.565,0.772947,0.825687,0.704454,,True,0,False,False,False,False
"EXPLORATORY, added after seeing the all-points replay; not pre-registered; one day, 9 matches; backtest replay on real recorded book; assumed feed latency; paper only",1020|LS045,wta-rakhimo-fernand-2026-10-01,158,3,7,15,0,0,1791020591000,,1791020548000,no price yet,sets 1-1 games 4-2 pts 0-0,0.000178842,,0.565,0.565,0.825687,0.859738,0.799467,,True,0,False,False,False,False
"EXPLORATORY, added after seeing the all-points replay; not pre-registered; one day, 9 matches; backtest replay on real recorded book; assumed feed latency; paper only",1020|LS045,wta-rakhimo-fernand-2026-10-01,159,3,7,15,15,1,1791020625000,,1791020593000,no price yet,sets 1-1 games 4-2 pts 15-0,0.000232276,,0.565,0.565,0.859738,0.899893,0.828819,,True,1,False,False,False,False
"EXPLORATORY, added after seeing the all-points replay; not pre-registered; one day, 9 matches; backtest replay on real recorded book; assumed feed latency; paper only",1020|LS045,wta-rakhimo-fernand-2026-10-01,160,3,7,30,15,0,1791020654000,,1791020627000,no price yet,sets 1-1 games 4-2 pts 15-15,0.000178842,,0.565,0.565,0.828819,0.870383,0.796815,,True,0,False,False,False,False
"EXPLORATORY, added after seeing the all-points replay; not pre-registered; one day, 9 matches; backtest replay on real recorded book; assumed feed latency; paper only",1020|LS045,wta-rakhimo-fernand-2026-10-01,161,3,7,30,30,1,1791020681000,,1791020656000,no price yet,sets 1-1 games 4-2 pts 30-15,0.000232276,,0.565,0.565,0.870383,0.920224,0.832005,,True,1,False,False,False,False
"EXPLORATORY, added after seeing the all-points replay; not pre-registered; one day, 9 matches; backtest replay on real recorded book; assumed feed latency; paper only",1020|LS045,wta-rakhimo-fernand-2026-10-01,162,3,7,30,40,1,1791020708000,,1791020683000,no price yet,sets 1-1 games 4-2 pts 30-30,0.000178842,,0.565,0.565,0.832005,0.888377,0.7886,,True,1,False,False,False,False
"EXPLORATORY, added after seeing the all-points replay; not pre-registered; one day, 9 matches; backtest replay on real recorded book; assumed feed latency; paper only",1020|LS045,wta-rakhimo-fernand-2026-10-01,163,3,7,30,G,1,1791020743000,,1791020710000,no price yet,sets 1-1 games 4-2 pts 30-40,0.000137698,,0.565,0.565,0.7886,0.832005,0.75518,,True,1,False,False,False,False
"EXPLORATORY, added after seeing the all-points replay; not pre-registered; one day, 9 matches; backtest replay on real recorded book; assumed feed latency; paper only",1020|LS045,wta-rakhimo-fernand-2026-10-01,164,3,8,15,0,0,1791020889000,0.105,1791020745000,no price yet,sets 1-1 games 4-3 pts 0-0,0.999894,,0.565,0.565,0.75518,0.804409,0.691242,,True,0,True,False,False,False
"EXPLORATORY, added after seeing the all-points replay; not pre-registered; one day, 9 matches; backtest replay on real recorded book; assumed feed latency; paper only",1020|LS045,wta-rakhimo-fernand-2026-10-01,165,3,8,30,0,0,1791020922000,0.045,1791020891000,pre-point mid,sets 1-1 games 4-3 pts 15-0,0.999918,0.705,0.537993,0.592007,0.705,0.762279,0.638304,0.123975,True,0,True,True,True,True
"EXPLORATORY, added after seeing the all-points replay; not pre-registered; one day, 9 matches; backtest replay on real recorded book; assumed feed latency; paper only",1020|LS045,wta-rakhimo-fernand-2026-10-01,166,3,8,40,0,0,1791020950000,0.05,1791020924000,pre-point mid,sets 1-1 games 4-3 pts 30-0,0.999938,0.765,0.538773,0.591227,0.765,0.806221,0.716851,0.0893701,True,0,True,True,True,True
"EXPLORATORY, added after seeing the all-points replay; not pre-registered; one day, 9 matches; backtest replay on real recorded book; assumed feed latency; paper only",1020|LS045,wta-rakhimo-fernand-2026-10-01,167,3,8,40,15,1,1791021016000,0.02,1791020952000,pre-point mid,sets 1-1 games 4-3 pts 40-0,0.999953,0.805,0.538366,0.591634,0.805,0.823467,0.783464,0.0400028,True,1,True,True,True,False
"EXPLORATORY, added after seeing the all-points replay; not pre-registered; one day, 9 matches; backtest replay on real recorded book; assumed feed latency; paper only",1020|LS045,wta-rakhimo-fernand-2026-10-01,168,3,8,40,30,1,1791021071000,0.04,1791021018000,pre-point mid,sets 1-1 games 4-3 pts 40-15,0.99994,0.795,0.541981,0.588019,0.795,0.833187,0.749814,0.0833726,True,1,True,True,True,True
"EXPLORATORY, added after seeing the all-points replay; not pre-registered; one day, 9 matches; backtest replay on real recorded book; assumed feed latency; paper only",1020|LS045,wta-rakhimo-fernand-2026-10-01,169,3,8,G,30,0,1791021121000,0.09,1791021073000,pre-point mid,sets 1-1 games 4-3 pts 40-30,0.999923,0.735,0.537868,0.592132,0.735,0.822104,0.633626,0.188479,True,0,True,True,True,True
"EXPLORATORY, added after seeing the all-points replay; not pre-registered; one day, 9 matches; backtest replay on real recorded book; assumed feed latency; paper only",1020|LS045,wta-rakhimo-fernand-2026-10-01,170,3,9,15,0,0,1791021211000,0.04,1791021123000,pre-point mid,sets 1-1 games 5-3 pts 0-0,5.86007e-05,0.815,0.535306,0.594694,0.815,0.856055,0.787019,0.0690365,True,0,True,True,True,True
"EXPLORATORY, added after seeing the all-points replay; not pre-registered; one day, 9 matches; backtest replay on real recorded book; assumed feed latency; paper only",1020|LS045,wta-rakhimo-fernand-2026-10-01,171,3,9,15,15,1,1791021244000,0.04,1791021213000,pre-point mid,sets 1-1 games 5-3 pts 15-0,7.73952e-05,0.865,0.539172,0.590828,0.865,0.914816,0.830499,0.0843177,True,1,True,True,True,True
"EXPLORATORY, added after seeing the all-points replay; not pre-registered; one day, 9 matches; backtest replay on real recorded book; assumed feed latency; paper only",1020|LS045,wta-rakhimo-fernand-2026-10-01,172,3,9,30,15,0,1791021312000,0.05,1791021246000,pre-point mid,sets 1-1 games 5-3 pts 15-15,6.0367e-05,0.835,0.540908,0.589092,0.835,0.882799,0.801658,0.0811411,True,0,True,True,True,True
"EXPLORATORY, added after seeing the all-points replay; not pre-registered; one day, 9 matches; backtest replay on real recorded book; assumed feed latency; paper only",1020|LS045,wta-rakhimo-fernand-2026-10-01,173,3,9,30,30,1,1791021383000,0.055,1791021314000,pre-point mid,sets 1-1 games 5-3 pts 30-15,7.94639e-05,0.875,0.537064,0.592936,0.875,0.940295,0.830171,0.110124,True,1,False,True,True,True
"EXPLORATORY, added after seeing the all-points replay; not pre-registered; one day, 9 matches; backtest replay on real recorded book; assumed feed latency; paper only",1020|LS045,wta-rakhimo-fernand-2026-10-01,174,3,9,30,40,1,1791021421000,0.04,1791021385000,pre-point mid,sets 1-1 games 5-3 pts 30-30,6.20427e-05,0.835,0.538972,0.591028,0.835,0.902482,0.788303,0.114179,True,1,True,True,True,True
"EXPLORATORY, added after seeing the all-points replay; not pre-registered; one day, 9 matches; backtest replay on real recorded book; assumed feed latency; paper only",1020|LS045,wta-rakhimo-fernand-2026-10-01,175,3,9,40,40,0,1791021446000,0.04,1791021423000,pre-point mid,sets 1-1 games 5-3 pts 30-40,4.83967e-05,0.795,0.541289,0.588711,0.795,0.840759,0.763031,0.0777278,True,0,True,True,True,True
"EXPLORATORY, added after seeing the all-points replay; not pre-registered; one day, 9 matches; backtest replay on real recorded book; assumed feed latency; paper only",1020|LS045,wta-rakhimo-fernand-2026-10-01,176,3,9,40,A,1,1791021478000,0.04,1791021448000,pre-point mid,sets 1-1 games 5-3 pts 40-40,6.36929e-05,0.825,0.535054,0.594946,0.825,0.895886,0.776737,0.119149,True,1,True,True,True,True
"EXPLORATORY, added after seeing the all-points replay; not pre-registered; one day, 9 matches; backtest replay on real recorded book; assumed feed latency; paper only",1020|LS045,wta-rakhimo-fernand-2026-10-01,177,3,9,40,40,0,1791021507000,0.04,1791021480000,pre-point mid,sets 1-1 games 5-3 pts 40-A,4.97762e-05,0.795,0.541289,0.588711,0.795,0.840759,0.763031,0.077728,True,0,True,True,True,True
"EXPLORATORY, added after seeing the all-points replay; not pre-registered; one day, 9 matches; backtest replay on real recorded book; assumed feed latency; paper only",1020|LS045,wta-rakhimo-fernand-2026-10-01,178,3,9,A,40,0,1791021536000,0.07,1791021509000,pre-point mid,sets 1-1 games 5-3 pts 40-40,6.55084e-05,0.835,0.538972,0.591028,0.835,0.902482,0.788303,0.114179,True,0,True,True,True,True
"EXPLORATORY, added after seeing the all-points replay; not pre-registered; one day, 9 matches; backtest replay on real recorded book; assumed feed latency; paper only",1020|LS045,wta-rakhimo-fernand-2026-10-01,179,3,9,40,40,0,1791021566000,-0.06,1791021538000,pre-point mid,sets 1-1 games 5-3 pts A-40,8.63298e-05,0.905,0.540512,0.589488,0.905,1,0.83884,0.16116,True,1,True,True,True,True
"EXPLORATORY, added after seeing the all-points replay; not pre-registered; one day, 9 matches; backtest replay on real recorded book; assumed feed latency; paper only",1020|LS045,wta-rakhimo-fernand-2026-10-01,180,3,9,A,40,0,1791021612000,0.05,1791021568000,pre-point mid,sets 1-1 games 5-3 pts 40-40,6.72928e-05,0.845,0.543027,0.586973,0.845,0.909021,0.79995,0.109071,True,0,True,True,True,True
"EXPLORATORY, added after seeing the all-points replay; not pre-registered; one day, 9 matches; backtest replay on real recorded book; assumed feed latency; paper only",1020|LS045,wta-rakhimo-fernand-2026-10-01,181,3,9,G,40,0,1791021693000,0.06,1791021614000,pre-point mid,sets 1-1 games 5-3 pts A-40,8.84712e-05,0.905,0.540512,0.589488,0.905,1,0.83884,0.16116,True,0,True,True,True,True
"EXPLORATORY, added after seeing the all-points replay; not pre-registered; one day, 9 matches; backtest replay on real recorded book; assumed feed latency; paper only",1179|LS003,wta-andree-boisson-2026-10-03,1,1,1,15,0,0,1791029400000,0.04,1791029370000,pre-point mid,sets 0-0 games 0-0 pts 0-0,0.5,0.295,0.544622,0.585378,0.295,0.311657,0.279647,0.0320101,True,0,True,True,False,False
"EXPLORATORY, added after seeing the all-points replay; not pre-registered; one day, 9 matches; backtest replay on real recorded book; assumed feed latency; paper only",1179|LS003,wta-andree-boisson-2026-10-03,2,1,1,30,0,0,1791029432000,0.035,1791029402000,pre-point mid,sets 0-0 games 0-0 pts 15-0,0.567762,0.32,0.545512,0.584488,0.32,0.337065,0.303649,0.0334162,True,0,True,True,False,False
"EXPLORATORY, added after seeing the all-points replay; not pre-registered; one day, 9 matches; backtest replay on real recorded book; assumed feed latency; paper only",1179|LS003,wta-andree-boisson-2026-10-03,3,1,1,30,15,1,1791029459000,0.035,1791029434000,pre-point mid,sets 0-0 games 0-0 pts 30-0,0.63296,0.37,0.54889,0.58111,0.37,0.383442,0.356495,0.0269477,True,1,True,True,False,False
"EXPLORATORY, added after seeing the all-points replay; not pre-registered; one day, 9 matches; backtest replay on real recorded book; assumed feed latency; paper only",1179|LS003,wta-andree-boisson-2026-10-03,4,1,1,30,30,1,1791029489000,0.01,1791029461000,pre-point mid,sets 0-0 games 0-0 pts 30-15,0.572415,0.345,0.54771,0.58229,0.345,0.366029,0.324623,0.0414059,True,1,True,True,True,False
"EXPLORATORY, added after seeing the all-points replay; not pre-registered; one day, 9 matches; backtest replay on real recorded book; assumed feed latency; paper only",1179|LS003,wta-andree-boisson-2026-10-03,5,1,1,40,30,0,1791029519000,0.055,1791029491000,pre-point mid,sets 0-0 games 0-0 pts 30-30,0.509765,0.325,0.54775,0.58225,0.325,0.353074,0.298665,0.0544083,True,0,True,True,True,False
"EXPLORATORY, added after seeing the all-points replay; not pre-registered; one day, 9 matches; backtest replay on real recorded book; assumed feed latency; paper only",1179|LS003,wta-andree-boisson-2026-10-03,6,1,1,40,40,1,1791029555000,0.06,1791029521000,pre-point mid,sets 0-0 games 0-0 pts 40-30,0.576885,0.36,0.54846,0.58154,0.36,0.389047,0.331704,0.0573428,True,1,True,True,True,False
"EXPLORATORY, added after seeing the all-points replay; not pre-registered; one day, 9 matches; backtest replay on real recorded book; assumed feed latency; paper only",1179|LS003,wta-andree-boisson-2026-10-03,7,1,1,40,A,1,1791029577000,0.02,1791029557000,pre-point mid,sets 0-0 games 0-0 pts 40-40,0.514242,0.325,0.547754,0.582246,0.325,0.35304,0.298635,0.0544053,True,1,True,True,True,False
"EXPLORATORY, added after seeing the all-points replay; not pre-registered; one day, 9 matches; backtest replay on real recorded book; assumed feed latency; paper only",1179|LS003,wta-andree-boisson-2026-10-03,8,1,1,40,40,0,1791029598000,0.04,1791029579000,pre-point mid,sets 0-0 games 0-0 pts 40-A,0.451235,0.305,0.548451,0.581549,0.305,0.331585,0.280742,0.0508434,True,0,True,True,True,False
"EXPLORATORY, added after seeing the all-points replay; not pre-registered; one day, 9 matches; backtest replay on real recorded book; assumed feed latency; paper only",1179|LS003,wta-andree-boisson-2026-10-03,9,1,1,40,A,1,1791029619000,0.015,1791029600000,pre-point mid,sets 0-0 games 0-0 pts 40-40,0.518705,0.325,0.547757,0.582243,0.325,0.353007,0.298605,0.0544027,True,1,True,True,True,False
"EXPLORATORY, added after seeing the all-points replay; not pre-registered; one day, 9 matches; backtest replay on real recorded book; assumed feed latency; paper only",1179|LS003,wta-andree-boisson-2026-10-03,10,1,1,40,40,0,1791029640000,0.04,1791029621000,pre-point mid,sets 0-0 games 0-0 pts 40-A,0.455664,0.305,0.548457,0.581543,0.305,0.331617,0.280656,0.0509614,True,0,True,True,True,False
"EXPLORATORY, added after seeing the all-points replay; not pre-registered; one day, 9 matches; backtest replay on real recorded book; assumed feed latency; paper only",1179|LS003,wta-andree-boisson-2026-10-03,11,1,1,40,A,1,1791029691000,0.02,1791029642000,pre-point mid,sets 0-0 games 0-0 pts 40-40,0.523164,0.33,0.548287,0.581713,0.33,0.358117,0.303383,0.0547342,True,1,True,True,True,False
"EXPLORATORY, added after seeing the all-points replay; not pre-registered; one day, 9 matches; backtest replay on real recorded book; assumed feed latency; paper only",1179|LS003,wta-andree-boisson-2026-10-03,12,1,1,40,G,1,1791029738000,0.03,1791029693000,pre-point mid,sets 0-0 games 0-0 pts 40-A,0.460033,0.305,0.548464,0.581536,0.305,0.331649,0.280571,0.0510782,True,1,True,True,True,False
"EXPLORATORY, added after seeing the all-points replay; not pre-registered; one day, 9 matches; backtest replay on real recorded book; assumed feed latency; paper only",1179|LS003,wta-andree-boisson-2026-10-03,13,1,2,0,15,1,1791029860000,0.04,1791029740000,pre-point mid,sets 0-0 games 0-1 pts 0-0,0.601861,0.285,0.548968,0.581032,0.285,0.302889,0.267309,0.0355801,True,1,True,True,False,False
"EXPLORATORY, added after seeing the all-points replay; not pre-registered; one day, 9 matches; backtest replay on real recorded book; assumed feed latency; paper only",1179|LS003,wta-andree-boisson-2026-10-03,14,1,2,15,15,0,1791029900000,0.03,1791029862000,pre-point mid,sets 0-0 games 0-1 pts 0-15,0.539905,0.255,0.547502,0.582498,0.254999,0.272402,0.238432,0.03397,True,0,True,True,False,False
"EXPLORATORY, added after seeing the all-points replay; not pre-registered; one day, 9 matches; backtest replay on real recorded book; assumed feed latency; paper only",1179|LS003,wta-andree-boisson-2026-10-03,15,1,2,15,30,1,1791029943000,0.025,1791029902000,pre-point mid,sets 0-0 games 0-1 pts 15-15,0.606121,0.275,0.547804,0.582196,0.275001,0.295767,0.254514,0.0412528,True,1,True,True,True,False
"EXPLORATORY, added after seeing the all-points replay; not pre-registered; one day, 9 matches; backtest replay on real recorded book; assumed feed latency; paper only",1179|LS003,wta-andree-boisson-2026-10-03,16,1,2,15,40,1,1791029997000,0.03,1791029945000,pre-point mid,sets 0-0 games 0-1 pts 15-30,0.544468,0.255,0.547863,0.582137,0.254999,0.275668,0.235249,0.0404197,True,1,True,True,True,False
"EXPLORATORY, added after seeing the all-points replay; not pre-registered; one day, 9 matches; backtest replay on real recorded book; assumed feed latency; paper only",1179|LS003,wta-andree-boisson-2026-10-03,17,1,2,15,G,1,1791030045000,0.025,1791029999000,pre-point mid,sets 0-0 games 0-1 pts 15-40,0.481414,0.225,0.546541,0.583459,0.225,0.238105,0.212945,0.0251595,True,1,True,True,False,False
"EXPLORATORY, added after seeing the all-points replay; not pre-registered; one day, 9 matches; backtest replay on real recorded book; assumed feed latency; paper only",1179|LS003,wta-andree-boisson-2026-10-03,18,1,3,15,0,0,1791030088000,0.045,1791030047000,pre-point mid,sets 0-0 games 0-2 pts 0-0,0.580894,0.195,0.544036,0.585964,0.195,0.206062,0.18439,0.0216717,True,0,True,True,False,False
"EXPLORATORY, added after seeing the all-points replay; not pre-registered; one day, 9 matches; backtest replay on real recorded book; assumed feed latency; paper only",1179|LS003,wta-andree-boisson-2026-10-03,19,1,3,15,15,1,1791030124000,0.02,1791030090000,pre-point mid,sets 0-0 games 0-2 pts 15-0,0.645544,0.225,0.546589,0.583411,0.225,0.236443,0.213533,0.0229104,True,1,True,True,False,False
"EXPLORATORY, added after seeing the all-points replay; not pre-registered; one day, 9 matches; backtest replay on real recorded book; assumed feed latency; paper only",1179|LS003,wta-andree-boisson-2026-10-03,20,1,3,30,15,0,1791030165000,0.025,1791030126000,pre-point mid,sets 0-0 games 0-2 pts 15-15,0.585991,0.205,0.545413,0.584587,0.205001,0.21875,0.191707,0.0270427,True,0,True,True,False,False
"EXPLORATORY, added after seeing the all-points replay; not pre-registered; one day, 9 matches; backtest replay on real recorded book; assumed feed latency; paper only",1179|LS003,wta-andree-boisson-2026-10-03,21,1,3,30,30,1,1791030210000,0.025,1791030167000,pre-point mid,sets 0-0 games 0-2 pts 30-15,0.650147,0.225,0.546243,0.583757,0.225,0.238724,0.211234,0.0274901,True,1,True,True,False,False
"EXPLORATORY, added after seeing the all-points replay; not pre-registered; one day, 9 matches; backtest replay on real recorded book; assumed feed latency; paper only",1179|LS003,wta-andree-boisson-2026-10-03,22,1,3,30,40,1,1791030252000,0.02,1791030212000,pre-point mid,sets 0-0 games 0-2 pts 30-30,0.590918,0.215,0.546758,0.583242,0.215,0.234054,0.196429,0.0376253,True,1,True,True,False,False
"EXPLORATORY, added after seeing the all-points replay; not pre-registered; one day, 9 matches; backtest replay on real recorded book; assumed feed latency; paper only",1179|LS003,wta-andree-boisson-2026-10-03,23,1,3,30,G,1,1791030279000,0.015,1791030254000,pre-point mid,sets 0-0 games 0-2 pts 30-40,0.528865,0.185,0.545069,0.584931,0.185,0.202763,0.16835,0.034413,True,1,True,True,False,False
"EXPLORATORY, added after seeing the all-points replay; not pre-registered; one day, 9 matches; backtest replay on real recorded book; assumed feed latency; paper only",1179|LS003,wta-andree-boisson-2026-10-03,24,1,4,15,0,0,1791030394000,0,1791030281000,pre-point mid,sets 0-0 games 0-3 pts 0-0,0.533888,0.175,0.546139,0.583861,0.175,0.183854,0.166644,0.01721,True,0,True,False,False,False
"EXPLORATORY, added after seeing the all-points replay; not pre-registered; one day, 9 matches; backtest replay on real recorded book; assumed feed latency; paper only",1179|LS003,wta-andree-boisson-2026-10-03,25,1,4,30,0,0,1791030420000,0.02,1791030396000,pre-point mid,sets 0-0 games 0-3 pts 15-0,0.600516,0.175,0.544762,0.585238,0.175,0.18354,0.166701,0.0168392,True,0,True,False,False,False
"EXPLORATORY, added after seeing the all-points replay; not pre-registered; one day, 9 matches; backtest replay on real recorded book; assumed feed latency; paper only",1179|LS003,wta-andree-boisson-2026-10-03,26,1,4,30,15,1,1791030458000,0.01,1791030422000,pre-point mid,sets 0-0 games 0-3 pts 30-0,0.663797,0.185,0.544985,0.585015,0.184999,0.191774,0.17819,0.0135845,True,1,True,False,False,False
"EXPLORATORY, added after seeing the all-points replay; not pre-registered; one day, 9 matches; backtest replay on real recorded book; assumed feed latency; paper only",1179|LS003,wta-andree-boisson-2026-10-03,27,1,4,40,15,0,1791030487000,0.01,1791030460000,pre-point mid,sets 0-0 games 0-3 pts 30-15,0.605624,0.185,0.546036,0.583964,0.185,0.195422,0.174794,0.0206288,True,0,True,True,False,False
"EXPLORATORY, added after seeing the all-points replay; not pre-registered; one day, 9 matches; backtest replay on real recorded book; assumed feed latency; paper only",1179|LS003,wta-andree-boisson-2026-10-03,28,1,4,40,30,1,1791030533000,0.015,1791030489000,pre-point mid,sets 0-0 games 0-3 pts 40-15,0.66838,0.195,0.545974,0.584026,0.195,0.201875,0.188045,0.0138303,True,1,True,False,False,False
"EXPLORATORY, added after seeing the all-points replay; not pre-registered; one day, 9 matches; backtest replay on real recorded book; assumed feed latency; paper only",1179|LS003,wta-andree-boisson-2026-10-03,29,1,4,40,40,1,1791030569000,0.015,1791030535000,pre-point mid,sets 0-0 games 0-3 pts 40-30,0.610419,0.185,0.545512,0.584488,0.185,0.198684,0.171593,0.0270911,True,1,True,True,False,False
"EXPLORATORY, added after seeing the all-points replay; not pre-registered; one day, 9 matches; backtest replay on real recorded book; assumed feed latency; paper only",1179|LS003,wta-andree-boisson-2026-10-03,30,1,4,A,40,0,1791030622000,0.01,1791030571000,pre-point mid,sets 0-0 games 0-3 pts 40-40,0.549218,0.165,0.544435,0.585565,0.165,0.17807,0.152651,0.0254188,True,0,True,True,False,False
"EXPLORATORY, added after seeing the all-points replay; not pre-registered; one day, 9 matches; backtest replay on real recorded book; assumed feed latency; paper only",1179|LS003,wta-andree-boisson-2026-10-03,31,1,4,40,40,1,1791030659000,0.015,1791030624000,pre-point mid,sets 0-0 games 0-3 pts A-40,0.615465,0.165,0.542344,0.587656,0.164999,0.177633,0.152747,0.0248857,True,1,True,True,False,False
"EXPLORATORY, added after seeing the all-points replay; not pre-registered; one day, 9 matches; backtest replay on real recorded book; assumed feed latency; paper only",1179|LS003,wta-andree-boisson-2026-10-03,32,1,4,A,40,0,1791030696000,0.025,1791030661000,pre-point mid,sets 0-0 games 0-3 pts 40-40,0.554858,0.165,0.544423,0.585577,0.165,0.178048,0.152635,0.0254126,True,0,True,True,False,False
"EXPLORATORY, added after seeing the all-points replay; not pre-registered; one day, 9 matches; backtest replay on real recorded book; assumed feed latency; paper only",1179|LS003,wta-andree-boisson-2026-10-03,33,1,4,40,40,1,1791030745000,0.02,1791030698000,pre-point mid,sets 0-0 games 0-3 pts A-40,0.62085,0.175,0.543944,0.586056,0.175,0.188084,0.162192,0.025892,True,1,True,True,False,False
"EXPLORATORY, added after seeing the all-points replay; not pre-registered; one day, 9 matches; backtest replay on real recorded book; assumed feed latency; paper only",1179|LS003,wta-andree-boisson-2026-10-03,34,1,4,A,40,0,1791030770000,0.015,1791030747000,pre-point mid,sets 0-0 games 0-3 pts 40-40,0.560295,0.165,0.544411,0.585589,0.165,0.178027,0.152621,0.0254063,True,0,True,True,False,False
"EXPLORATORY, added after seeing the all-points replay; not pre-registered; one day, 9 matches; backtest replay on real recorded book; assumed feed latency; paper only",1179|LS003,wta-andree-boisson-2026-10-03,35,1,4,G,40,0,1791030833000,0.015,1791030772000,pre-point mid,sets 0-0 games 0-3 pts A-40,0.626026,0.175,0.543936,0.586064,0.175,0.18803,0.162212,0.0258185,True,0,True,True,False,False
"EXPLORATORY, added after seeing the all-points replay; not pre-registered; one day, 9 matches; backtest replay on real recorded book; assumed feed latency; paper only",1179|LS003,wta-andree-boisson-2026-10-03,36,1,5,0,15,1,1791030891000,0.015,1791030835000,carried from an earlier point,sets 0-0 games 1-3 pts 0-0,0.312528,,0.543936,0.586064,0.18803,0.201338,0.176939,0.0243997,True,1,True,True,False,False
"EXPLORATORY, added after seeing the all-points replay; not pre-registered; one day, 9 matches; backtest replay on real recorded book; assumed feed latency; paper only",1179|LS003,wta-andree-boisson-2026-10-03,37,1,5,0,30,1,1791030956000,0.015,1791030893000,pre-point mid,sets 0-0 games 1-3 pts 0-15,0.26132,0.175,0.54363,0.58637,0.175,0.187007,0.165271,0.0217368,True,1,True,True,False,False
"EXPLORATORY, added after seeing the all-points replay; not pre-registered; one day, 9 matches; backtest replay on real recorded book; assumed feed latency; paper only",1179|LS003,wta-andree-boisson-2026-10-03,38,1,5,0,40,1,1791030989000,0.01,1791030958000,pre-point mid,sets 0-0 games 1-3 pts 0-30,0.215892,0.165,0.543585,0.586415,0.165001,0.173333,0.15841,0.0149224,True,1,True,False,False,False
"EXPLORATORY, added after seeing the all-points replay; not pre-registered; one day, 9 matches; backtest replay on real recorded book; assumed feed latency; paper only",1179|LS003,wta-andree-boisson-2026-10-03,39,1,5,0,G,1,1791031014000,0.01,1791030991000,pre-point mid,sets 0-0 games 1-3 pts 0-40,0.176478,0.155,0.542994,0.587006,0.155,0.158174,0.152547,0.00562634,True,1,True,False,False,False
"EXPLORATORY, added after seeing the all-points replay; not pre-registered; one day, 9 matches; backtest replay on real recorded book; assumed feed latency; paper only",1179|LS003,wta-andree-boisson-2026-10-03,40,1,6,15,0,0,1791031181000,0.015,1791031016000,pre-point mid,sets 0-0 games 1-4 pts 0-0,0.857017,0.145,0.541633,0.588367,0.145,0.151452,0.137924,0.0135278,True,0,True,False,False,False
"EXPLORATORY, added after seeing the all-points replay; not pre-registered; one day, 9 matches; backtest replay on real recorded book; assumed feed latency; paper only",1179|LS003,wta-andree-boisson-2026-10-03,41,1,6,15,15,1,1791031227000,0.015,1791031183000,pre-point mid,sets 0-0 games 1-4 pts 15-0,0.887473,0.155,0.542258,0.587742,0.155,0.161078,0.148211,0.0128675,True,1,True,False,False,False
"EXPLORATORY, added after seeing the all-points replay; not pre-registered; one day, 9 matches; backtest replay on real recorded book; assumed feed latency; paper only",1179|LS003,wta-andree-boisson-2026-10-03,42,1,6,30,15,0,1791031263000,0.01,1791031229000,pre-point mid,sets 0-0 games 1-4 pts 15-15,0.85999,0.155,0.543469,0.586531,0.155,0.163081,0.146058,0.0170228,True,0,True,False,False,False
