fid,lead,lead_ms,n_obs,split,is_out,d_true,ground_x,ground_y,ground_d,ground_err_cm,phys3d_x,phys3d_y,phys3d_d,phys3d_err_cm,learned_x,learned_y,learned_d,learned_err_cm,source
412,0,-0.0,8,test,True,0.2213,4.4392,11.0115,0.3242,10.8556,9.8158,1.6258,5.7008,1083.8375,7.7715,7.4112,3.6565,495.1322,labels
143,0,0.0,18,train,False,-2.5683,1.5549,-6.7814,-2.5601,5.5776,1.4961,-6.1715,-2.6189,55.6999,1.5428,-6.8968,-2.5722,17.0663,labels
332,0,0.0,19,train,False,-1.2543,-2.847,-7.6872,-1.268,7.1811,-3.0329,-5.4446,-1.0821,217.8901,-2.6687,-8.6124,-1.4463,101.4064,labels
328,0,0.0,20,train,False,-3.235,-0.9015,-6.7751,-3.2135,16.7603,-0.5083,-3.1299,-3.6067,349.8756,-1.126,-8.4602,-2.989,186.7585,labels
326,0,0.0,26,train,False,-2.5522,-1.5569,-6.2198,-2.5581,13.8301,-0.1412,1.9272,-3.9738,813.4049,-1.5132,-7.4629,-2.6018,138.219,labels
102,0,0.0,15,train,False,-1.6599,2.4655,-8.1544,-1.6495,9.3595,1.9012,-5.3933,-2.2138,272.5012,2.4547,-7.9054,-1.6603,15.5986,labels
324,0,0.0,8,train,False,-3.7459,-0.3462,6.8105,-3.7688,5.6847,0.0295,3.4252,-4.0855,346.0366,-0.4282,7.0098,-3.6868,15.8664,labels
77,0,0.0,28,test,False,-2.836,1.2755,-0.0176,-2.8395,4.8963,1.2357,1.6115,-2.8793,158.0783,1.2947,4.5947,-2.8203,456.343,labels
106,0,0.0,22,train,False,-1.8536,2.2293,-7.3979,-1.8857,11.4683,0.3,2.1511,-3.815,964.0483,2.2598,-7.0082,-1.8552,27.9503,labels
334,0,0.0,27,train,False,-2.3721,-1.7661,-6.8197,-2.3489,5.7682,-0.4164,0.7255,-3.6986,760.8842,-1.761,-8.3721,-2.354,160.539,labels
314,0,0.0,12,train,False,-2.0402,2.0878,-0.423,-2.0272,33.1637,-0.4562,3.6282,-3.6588,449.9199,1.6114,-3.4347,-2.5036,337.5055,labels
293,0,0.0,21,train,False,-2.0845,-2.0006,-7.8647,-2.1144,13.8424,-1.4694,-3.5191,-2.6456,424.7592,-2.068,-8.5931,-2.047,86.4424,labels
281,0,0.0,19,train,False,-1.9268,-2.1465,-4.9345,-1.9685,5.5513,-2.2412,-5.6463,-1.8738,75.0317,-2.418,-7.9126,-1.697,302.3522,labels
64,0,0.0,21,test,False,-1.6087,-2.5037,-7.8487,-1.6113,5.6057,-2.4271,-2.6007,-1.6879,519.2605,-2.4182,-8.3792,-1.6968,59.3004,labels
426,0,0.0,20,test,False,-2.6214,-1.5182,-5.5819,-2.5968,7.7103,-0.6555,-1.254,-3.4595,433.6514,-2.2699,-7.5962,-1.8451,222.7088,labels
118,0,0.0,15,train,False,-1.7037,-2.4329,-5.9211,-1.6821,3.0583,-2.6578,-8.2914,-1.4572,236.1578,-2.7445,-8.8235,-1.3705,290.0014,labels
120,0,0.0,17,train,False,-1.6728,1.8305,-10.2633,-1.6217,5.7721,2.2096,-3.5967,-1.9054,662.8005,1.7809,-9.3632,-2.3341,84.9292,labels
48,0,0.0,25,test,False,-2.2148,-1.9018,-7.4016,-2.2132,7.4022,-2.3955,0.7248,-1.7195,806.7676,-1.7278,-7.9011,-2.3872,59.8836,labels
122,0,0.0,16,train,False,-1.6874,-2.4184,-7.8498,-1.6966,12.0904,-2.1915,-4.9015,-1.9235,283.7571,-2.4926,-8.5842,-1.6224,85.7439,labels
311,0,0.0,19,train,False,-3.3884,0.7157,-7.518,-3.3993,20.0966,1.2831,-2.7074,-2.8319,464.3386,0.7096,-8.3534,-3.4054,103.6214,labels
67,0,0.0,27,test,False,-2.3343,-1.7154,5.2228,-2.3996,56.375,-1.8544,4.6141,-2.2606,117.0978,-2.0198,4.7647,-2.0952,104.5733,labels
336,0,0.0,24,train,False,-2.447,1.6839,-8.2694,-2.4311,7.0121,1.7502,-11.7676,-0.1174,356.7449,1.7692,-8.9778,-2.3458,78.322,labels
417,0,0.0,27,test,False,-1.001,-3.0568,6.8878,-1.0582,6.9245,-2.7645,6.507,-1.3505,54.6256,-2.9997,6.3969,-1.1153,54.2096,labels
82,0,0.0,27,test,False,-3.4147,0.6946,6.6222,-3.4204,10.302,0.3789,6.9191,-3.7361,37.5419,0.7189,6.4773,-3.3961,24.8522,labels
405,0,0.0,20,test,True,0.0119,3.8292,11.639,-0.246,25.7899,4.0838,11.1477,-0.0312,79.0613,3.5121,10.6897,-0.6029,124.865,labels
83,0,0.0,23,test,False,-1.3275,-2.8168,-10.3411,-1.2982,8.472,-2.6438,-8.6954,-1.4712,157.2689,-2.69,-10.037,-1.425,24.4795,labels
84,0,0.0,35,test,True,1.9292,-1.9795,13.6689,1.7839,14.5298,-2.2967,14.8006,2.9156,103.5994,-1.961,10.5811,-1.3039,323.3092,labels
85,0,0.0,31,test,False,-0.9979,3.0877,5.123,-1.0273,4.0679,3.0411,4.9595,-1.0739,20.6097,3.1325,5.369,-0.9825,21.8528,labels
385,0,0.0,36,test,False,-0.1158,-4.0015,10.9217,-0.1135,14.2659,-4.1217,12.5202,0.6352,146.1032,-4.0012,10.2197,-0.1138,84.4608,labels
384,0,0.0,20,test,False,-1.443,-2.6555,-7.6686,-1.4595,15.6514,-2.5538,-8.4268,-1.5612,92.1487,-2.5185,-8.8214,-1.5965,131.7463,labels
86,0,0.0,20,test,False,-1.4289,-2.6866,-6.6159,-1.4284,6.7306,-2.3788,-5.5164,-1.7362,107.6981,-3.0749,-8.6965,-1.0401,218.2737,labels
373,0,0.0,17,test,False,-1.6652,-2.4401,-7.2316,-1.6749,4.3336,-2.5569,-3.064,-1.5581,412.6729,-2.2962,-8.2516,-1.8188,107.3313,labels
90,0,0.0,37,test,False,-2.3957,1.6574,-2.2288,-2.4576,13.8259,-0.956,-12.312,0.427,1055.1659,0.1816,3.4954,-3.9334,580.783,labels
368,0,0.0,19,test,False,-2.2766,-1.8679,7.9852,-2.2471,7.0425,-1.8571,8.0672,-2.2579,2.6029,-1.7788,7.8635,-2.3362,19.4957,labels
355,0,0.0,8,train,False,-2.2876,1.8165,-7.4112,-2.2985,8.2977,0.1116,1.6324,-4.0034,912.4129,2.2885,-7.1766,-1.8265,48.5527,labels
352,0,0.0,18,train,False,-0.7644,3.2999,9.6435,-0.8151,34.5874,3.2926,9.4499,-0.8224,53.8887,3.1367,8.3078,-0.9783,169.1409,labels
23,0,0.0,8,train,False,-0.3041,3.7347,4.9504,-0.3803,15.4195,3.7304,4.9386,-0.3846,16.6623,4.0479,4.9218,-0.0671,28.7472,labels
96,0,0.0,25,train,False,-1.9982,2.1006,-6.7207,-2.0144,4.1316,0.1506,6.1558,-3.9644,1298.81,2.1933,-7.132,-1.9217,45.5832,labels
344,0,0.0,26,train,False,-1.6082,-2.4869,-8.6654,-1.6281,2.2078,-2.9116,-3.6538,-1.2034,503.751,-2.2671,-8.7532,-1.8479,25.2138,labels
340,0,0.0,19,train,False,-1.5076,-2.6135,-10.199,-1.5015,22.289,-1.8044,-2.5347,-2.3106,748.4682,-2.565,-9.9206,-1.55,6.9896,labels
123,0,0.0,16,train,False,-1.5048,2.6521,-9.287,-1.4629,15.636,2.6008,-5.129,-1.5142,400.7389,2.715,-8.3485,-1.4,79.4829,labels
50,0,0.0,26,test,False,-3.9792,0.1354,-6.7678,-3.9796,9.9408,-0.0963,-3.9793,-4.0187,269.9068,0.2783,-8.2139,-3.6711,155.2086,labels
5,0,0.0,9,train,False,-0.1724,0.2099,-5.7476,-0.2099,29.7805,0.058,-1.6228,-0.058,383.1041,0.3141,-7.3342,0.9342,188.7348,labels
173,0,0.0,47,train,False,-3.6372,0.4715,-7.7555,-3.6435,9.9808,0.5891,-1.2916,-3.5259,656.448,0.521,-7.3786,-3.594,47.8462,labels
180,0,0.0,34,train,False,-3.3822,-0.7351,-7.3739,-3.3799,3.7191,-0.9813,-2.6722,-3.1337,474.5257,-0.5293,-8.2504,-3.5857,86.3743,labels
178,0,0.0,11,train,False,-2.8652,-1.0977,5.3698,-3.0173,73.6067,2.709,4.7843,-1.406,416.8554,-1.0241,3.9704,-3.0909,213.154,labels
54,0,0.0,28,test,False,-1.6769,-2.4381,-4.4039,-1.6769,0.0,-1.9387,0.5705,-2.1763,499.9467,-2.552,-5.5736,-1.563,117.5188,labels
175,0,0.0,10,train,False,-0.7631,-0.6131,4.4563,-0.6131,43.4198,-1.017,3.9209,-1.017,97.6445,-1.0154,4.3395,-1.0154,58.183,labels
133,0,0.0,24,train,False,-2.534,1.6035,-9.3575,-2.5115,3.7412,1.4103,-6.82,-2.7047,251.3375,1.7244,-9.7127,-2.1723,41.0932,labels
174,0,0.0,21,train,False,-0.0451,4.1372,9.3282,0.0222,44.0667,3.6904,9.3186,-0.4246,58.4843,4.1251,9.1289,0.0101,63.7135,labels
61,0,0.0,30,test,False,-1.3072,1.647,10.526,-1.359,5.2553,1.8764,11.5693,-0.3157,101.9613,1.409,10.2304,-1.6546,41.6505,labels
131,0,0.0,20,train,False,-2.5427,-1.1401,-9.3513,-2.5337,3.7159,-1.1217,-9.0298,-2.8552,31.7246,-1.15,-10.0249,-1.8601,68.3059,labels
73,0,0.0,39,test,False,-1.9185,0.3494,-9.9819,-1.9031,1.5368,0.2562,-3.7999,-3.8588,616.7355,0.3731,-8.9326,-2.9524,103.4227,labels
163,0,0.0,5,train,False,-2.0105,-2.0687,3.5184,-2.0463,102.0206,-2.7794,6.422,-1.3356,200.1221,-1.4166,0.9953,-2.6984,360.8814,labels
161,0,0.0,37,train,False,-1.8193,2.2108,-7.8195,-1.9042,23.3425,1.9504,-5.8611,-2.1646,177.49,2.2727,-4.1303,-1.8423,347.1862,labels
57,0,0.0,25,test,True,0.6349,-4.7475,7.4455,0.6325,14.6198,-4.7369,7.4811,0.6219,11.1349,-4.7361,7.2243,0.6211,36.7633,labels
160,0,0.0,20,train,False,-1.2327,-2.9708,5.586,-1.1442,12.2087,-1.9067,6.1319,-2.2083,107.9386,-3.2127,5.4044,-0.9023,42.3917,labels
155,0,0.0,9,train,False,-3.5978,0.6537,-4.8889,-3.4613,19.2931,,,,,1.5553,-8.1651,-2.5597,356.7009,labels
154,0,0.0,14,train,True,0.186,0.2502,-6.5508,0.1508,3.709,-0.4514,12.6691,12.6691,1926.7481,0.6529,-5.4151,-0.6529,124.209,labels
151,0,0.0,40,train,False,-0.85,3.2217,7.272,-0.8933,17.4862,3.0526,6.4873,-1.0624,97.7507,2.9624,7.4034,-1.1526,30.5009,labels
137,0,0.0,22,train,False,-1.7355,-1.0237,-10.1894,-1.6956,4.9125,-0.4164,-0.3974,-3.6986,977.2883,-0.9987,-9.2772,-2.6078,87.3937,labels
182,0,0.0,27,train,False,-2.5609,-1.5858,4.7665,-2.5292,12.0198,1.3276,1.2523,-2.7874,463.4795,-2.6887,-2.8731,-1.4263,783.8013,labels
404,0,0.0,14,test,False,-1.5406,2.0255,-4.8793,-1.5207,2.3314,3.9539,-27.8329,21.4329,2305.3318,3.1265,-7.9666,1.5666,329.248,labels
183,0,0.0,11,train,False,-0.0861,-0.0887,5.076,-0.0887,55.0625,-0.371,4.2905,-0.371,136.6174,-0.4405,4.8653,-0.4405,83.979,labels
2,0,0.0,15,train,False,-1.5397,2.5524,-7.1658,-1.5626,17.4096,3.0367,-2.0397,-1.0783,497.4969,2.404,-8.7281,-1.711,174.33,labels
62,0,0.0,22,test,False,-1.4489,2.6676,-6.4865,-1.4474,6.2267,2.6701,7.0644,-1.4449,1348.8648,2.6451,-8.136,-1.4699,171.1872,labels
52,0,0.0,25,test,False,-1.2026,-2.9258,-8.6675,-1.1892,6.302,-3.4346,-2.6428,-0.6804,598.5938,-2.8236,-9.0768,-1.2914,47.9142,labels
371,0,0.1025,24,test,False,-0.3195,3.7957,-9.2697,-0.3193,0.531,3.7865,-8.9924,-0.3285,28.2791,3.7919,-8.7486,-0.3231,52.6462,labels
322,0,0.3586,22,train,False,-2.3326,1.7619,5.9059,-2.3531,2.5782,1.3134,7.4632,-2.8016,161.1564,1.8498,5.9662,-2.2652,8.087,labels
341,0,0.4065,25,train,False,-1.3064,2.8646,6.8442,-1.2504,9.2949,2.694,7.0102,-1.421,26.6166,3.0569,7.5842,-1.0581,85.1235,labels
177,0,0.7407,21,train,False,-0.4077,3.7569,10.2688,-0.3581,16.9668,3.7782,10.6924,-0.3368,59.0066,3.6824,9.8977,-0.4326,21.0313,labels
231,0,0.7824,19,train,False,-0.4403,3.655,6.7878,-0.46,45.0869,3.5461,6.8306,-0.5689,42.7426,3.781,6.9335,-0.334,32.2789,labels
181,0,0.9456,9,train,False,-2.5451,1.6497,7.0226,-2.4653,27.9352,-1.7302,8.9922,-2.3848,398.6913,2.2952,2.2958,-1.8198,451.7692,labels
421,0,0.9466,28,test,False,-1.2566,-2.8458,4.5632,-1.2692,1.6312,-2.8183,5.2476,-1.2967,69.5952,-2.8083,3.9103,-1.3067,64.4401,labels
285,0,0.955,24,train,False,-2.1941,-1.9172,-9.3425,-2.1978,2.1494,-1.67,-5.6302,-2.445,374.1952,-2.0079,-9.7121,-2.1071,35.912,labels
280,0,1.1273,22,train,False,-2.1414,1.9737,8.2813,-2.1413,23.8724,1.9266,8.1322,-2.1884,39.0661,2.2245,8.0887,-1.8905,49.8997,labels
303,0,1.1419,10,train,False,-0.8253,3.2329,4.7805,-0.8821,20.4025,3.8111,4.942,-0.3039,52.2571,4.034,4.6973,-0.081,79.4941,labels
125,0,1.4527,18,train,True,0.0282,4.1632,-9.0743,0.0482,17.0154,4.6836,-16.284,4.399,739.8447,4.3428,-10.7463,0.2278,185.1762,labels
269,0,1.4733,39,train,False,-2.1426,-1.9275,8.7726,-2.1875,16.4358,-1.833,9.878,-2.007,95.7522,-1.6672,8.5206,-2.4478,51.1251,labels
43,0,1.6778,10,train,True,0.0533,4.1584,-6.0425,0.0434,11.9678,4.8233,-12.4599,6.0599,656.947,4.4124,-7.899,1.499,199.0778,labels
362,0,1.7927,23,test,False,-2.0925,-2.01,9.1747,-2.105,6.6892,-0.9544,10.0674,-1.8176,143.5038,-2.155,8.2202,-1.96,89.8589,labels
8,0,1.8052,32,train,False,-2.0329,-2.0873,-9.8937,-1.9913,4.6163,-2.0298,-9.6633,-2.0852,19.2488,-1.9582,-9.6919,-2.1568,19.3827,labels
169,0,2.0872,46,train,False,-2.3814,-1.7169,-4.8491,-2.3981,5.3346,-4.0088,18.1228,6.2378,2313.4701,-1.035,-4.7076,-3.08,72.4559,labels
359,0,2.6517,21,test,False,-3.4241,-0.6964,7.6474,-3.4186,13.9839,-1.1693,7.776,-2.9457,47.8548,0.2326,7.4309,-3.8824,98.9841,labels
342,0,2.8478,21,train,False,-0.4173,3.4078,-11.4006,-0.4844,6.8421,3.1166,-14.8318,2.9468,337.5537,3.0229,-9.8452,-1.0921,166.4595,labels
407,0,2.8647,18,test,False,-2.6312,1.4979,7.5744,-2.6171,2.1371,1.1142,6.9329,-3.0008,72.6473,1.0635,7.0162,-3.0515,68.5974,labels
238,0,2.9568,12,train,False,-0.6479,3.4621,-4.6724,-0.6529,6.0848,4.0078,-12.0227,5.6227,743.0576,3.4844,-6.6576,0.2576,204.5907,labels
266,0,3.0425,16,train,False,-2.0629,-2.0061,8.7143,-2.1089,68.2845,-1.8823,9.3655,-2.2327,17.2421,-2.0715,8.8074,-2.0435,58.8556,labels
140,0,3.1795,32,train,False,-2.4239,1.4751,9.651,-2.234,19.2253,1.1169,10.0714,-1.8136,72.3105,1.6294,9.3741,-2.4856,15.2097,labels
100,0,3.2635,19,train,False,-1.7548,2.3659,-7.41,-1.7491,8.9634,2.3961,-9.915,-1.7189,241.5891,2.4338,-9.4832,-1.6812,198.5177,labels
249,0,3.4328,11,train,False,-2.1043,-2.0009,-5.1984,-2.1141,4.2563,-0.835,16.3908,4.5058,2157.9874,-2.1219,-5.3817,-1.9931,25.0725,labels
12,0,3.434,19,train,False,-0.5685,3.4958,9.751,-0.6192,55.9331,3.5618,10.0656,-0.5532,24.282,3.6027,9.7094,-0.5123,60.126,labels
382,0,3.9738,22,test,False,-1.3616,2.7075,-6.3941,-1.4075,12.9483,3.3478,-12.4964,0.6114,601.0636,3.143,-9.0112,-0.972,252.6258,labels
292,0,4.2623,21,train,False,-3.1812,-0.9144,-4.4786,-3.2006,12.2519,-1.1847,-7.6331,-2.9303,304.3858,-1.4282,-7.9806,-2.6868,341.698,labels
139,0,4.3349,19,train,False,-1.8619,-2.199,-5.3604,-1.916,13.7036,-1.7663,-1.9988,-2.3487,352.1383,-2.4793,-8.469,-1.6357,299.1174,labels
165,0,4.3719,21,train,False,-2.8144,1.2405,-8.2212,-2.8745,13.0344,0.2759,4.5766,-3.8391,1295.4067,1.363,-7.4695,-2.752,86.9608,labels
429,0,4.4444,19,test,False,-0.7003,-3.2244,6.8312,-0.8906,39.1581,-2.664,6.6674,-1.451,90.5281,-3.3592,6.5912,-0.7558,58.4786,labels
16,0,4.4444,24,train,False,-3.767,-0.2853,-6.7412,-3.8297,13.7092,-0.0162,-2.666,-4.0988,421.0176,-0.3357,-8.1,-3.7793,123.7014,labels
110,0,4.5527,19,train,False,-0.336,-3.7912,-9.4524,-0.3238,13.4799,-3.8381,-7.966,-0.2769,162.1722,-3.5609,-9.4494,-0.5541,25.7744,labels
21,0,4.6458,34,train,False,-0.9722,3.1223,-6.1935,-0.9927,11.0037,3.1817,-3.2904,-0.9333,301.1465,3.0855,-6.9113,-1.0295,61.2432,labels
376,0,4.6485,16,test,False,-0.5387,-3.5286,-7.0024,-0.5864,4.939,-1.4169,2.0016,-2.6981,927.1892,-3.9937,-8.5498,-0.1213,159.018,labels
63,0,4.6944,26,test,False,-0.6152,3.1061,-11.1617,-0.7233,10.8066,2.179,-1.38,-1.936,993.3386,3.3017,-7.7661,-0.8133,350.897,labels
18,0,4.7059,19,train,False,-1.4971,-2.5878,8.0597,-1.5272,17.5374,-2.5392,2.4701,-1.5758,576.2891,-2.5676,6.6681,-1.5474,156.5153,labels
234,0,4.7799,10,train,False,-0.3821,3.6666,4.5185,-0.4484,31.2209,3.3367,4.7415,-0.7783,66.017,4.0453,4.5735,-0.0697,47.6738,labels
36,0,4.8301,24,train,False,-1.6139,-1.401,-10.2771,-1.6079,1.9912,-1.6288,-8.3819,-2.4862,190.0694,-1.0809,-9.0143,-2.8707,130.1735,labels
157,0,4.8433,30,train,False,-1.9456,-2.1631,-9.6673,-1.9519,9.5011,-2.066,-4.7769,-2.049,479.6708,-2.0946,-9.0511,-2.0204,52.68,labels
338,0,4.9067,17,train,False,-2.2033,1.9158,-5.8586,-2.1992,21.2139,2.1214,-8.0547,-1.9936,199.5054,2.251,-8.2011,-1.864,215.72,labels
377,0,4.9231,13,test,False,-0.6598,3.3784,4.269,-0.7366,7.851,2.2563,4.413,-1.8587,120.5698,3.4638,4.3459,-0.6512,6.1141,labels
367,0,4.9431,19,test,False,-3.6005,-0.4965,-5.6164,-3.6185,16.9604,-0.5649,-6.2701,-3.5501,48.762,-0.7221,-7.994,-3.3929,221.8685,labels
434,0,5.0133,19,test,False,-1.7066,-2.3885,8.4326,-1.7265,8.8468,-1.9764,8.3467,-2.1386,43.2029,-2.4306,8.165,-1.6844,18.2861,labels
428,0,5.0697,25,test,False,-1.1186,2.9764,-7.3813,-1.1386,19.2592,3.3495,-14.6101,2.7251,704.609,3.1794,-9.2609,-0.9356,169.7939,labels
299,0,5.1108,23,train,False,-0.4202,-3.7313,-9.1519,-0.3837,21.9148,-3.529,-6.4012,-0.586,297.1395,-3.6679,-9.4678,-0.4471,10.3367,labels
270,0,5.1131,15,train,False,-0.8438,-3.2939,-7.4033,-0.8211,13.7958,-2.9016,-12.7503,0.8653,522.4078,-2.8226,-9.5152,-1.2924,202.6118,labels
166,0,5.3624,23,train,False,-1.8152,2.3048,6.218,-1.8102,34.735,2.773,6.9853,-1.342,121.0829,2.1022,6.8669,-2.0128,101.5581,labels
390,0,5.4153,17,test,False,-2.1859,-1.9348,-6.4504,-2.1802,19.5886,-0.6722,-0.0184,-3.4428,674.5916,-2.519,-8.0961,-1.596,156.5285,labels
80,0,5.4902,22,test,False,-3.8085,-0.3004,6.8847,-3.8146,1.3621,-0.3022,6.7032,-3.8128,19.3689,-0.4034,6.8315,-3.7116,11.6891,labels
112,0,5.601,20,train,False,-2.1298,-1.9377,-7.4573,-2.1773,18.4332,-0.5887,2.9189,-3.5263,1064.6343,-1.9361,-7.735,-2.1789,11.105,labels
29,0,5.6256,7,train,False,-3.9894,-0.086,3.7608,-4.029,4.5056,0.2199,5.7678,-3.8951,201.5332,-0.5336,0.5554,-3.5814,325.2585,labels
395,0,5.7705,24,test,False,-1.3242,2.7667,6.5848,-1.3483,3.3967,3.04,6.3146,-1.075,35.0334,2.9684,6.314,-1.1466,30.4082,labels
164,0,6.1337,32,train,False,-1.8387,-2.2382,7.998,-1.8768,13.9678,-2.3744,9.28,-1.7406,115.1762,-2.1464,8.0136,-1.9686,17.6026,labels
402,0,6.183,22,test,False,-2.6479,1.4945,5.1664,-2.6205,19.5626,1.746,5.3793,-2.369,27.9573,1.2721,5.0546,-2.8429,36.2381,labels
247,0,6.2745,11,train,False,-0.4054,-3.6792,4.8097,-0.4358,15.7657,-3.6512,4.5739,-0.4638,9.9995,-3.842,4.6267,-0.273,13.5427,labels
159,0,6.3774,28,train,False,-1.2743,2.8518,-8.5277,-1.2632,9.059,2.6663,-4.6281,-1.4487,381.3718,2.8352,-9.2806,-1.2798,84.2833,labels
32,0,6.3927,7,train,False,-3.3809,-0.7143,-4.3563,-3.4007,31.9214,-0.4341,5.6345,-3.6809,1031.3787,-0.6029,-5.9759,-3.5121,130.7597,labels
184,0,6.5224,45,train,False,-2.2096,-1.9293,-5.9332,-2.1857,28.9107,-1.8083,-7.1854,-2.3067,96.8974,-1.8391,-7.1789,-2.2759,95.9923,labels
297,0,6.5272,23,train,False,-1.599,-2.489,-8.6549,-1.626,21.0338,-2.1598,-4.7265,-1.9552,415.2295,-2.7258,-9.1202,-1.3892,33.1576,labels
358,0,6.5786,33,test,False,-2.2134,-1.9013,-4.7266,-2.2137,21.8222,-1.8478,-5.6113,-2.2672,66.8586,-1.8016,-7.9065,-2.3134,296.3338,labels
414,0,6.7382,21,test,False,-2.44,-1.67,-7.0486,-2.445,12.0378,-1.6831,-8.4688,-2.4319,129.9996,-1.6877,-8.5081,-2.4273,133.9261,labels
379,0,6.9272,10,test,False,-0.451,0.4272,4.2142,-0.4272,27.2183,0.1121,3.6511,-0.1121,90.0465,0.3923,4.5401,-0.3923,8.0285,labels
10,0,7.2357,11,train,False,-1.368,-1.3117,3.5699,-1.3117,8.4005,-1.53,1.279,-1.279,235.8875,-1.2962,4.6646,-1.2962,103.4789,labels
4,0,7.2515,17,train,False,-0.2068,3.9315,-7.6009,-0.1835,24.0481,3.9099,-7.0093,-0.2051,83.0976,3.8476,-7.6079,-0.2674,24.0182,labels
418,0,7.441,19,test,False,-1.57,2.5152,-5.0471,-1.5998,15.1811,3.6151,-11.0912,-0.4999,599.1658,3.1532,-8.45,-0.9618,331.0381,labels
76,0,7.4932,31,test,True,0.2631,-4.4051,-0.968,0.2901,10.9154,-4.3441,-0.2657,0.2291,80.8818,-4.3722,3.225,0.2572,429.8719,labels
172,0,7.4964,11,train,False,-0.1615,-0.2081,5.2621,-0.2081,5.1156,-0.0565,5.0767,-0.0565,19.4877,-0.3219,5.4758,-0.3219,28.4406,labels
416,0,7.6834,19,test,False,-3.9656,-0.1091,-6.1218,-4.0059,14.187,0.5797,-1.4348,-3.5353,487.7827,-0.3871,-8.0045,-3.7279,176.2831,labels
162,0,7.8049,20,train,False,-1.2172,3.0113,8.6753,-1.1037,35.5252,3.2337,8.9479,-0.8813,69.5707,2.8936,8.6598,-1.2214,32.1195,labels
37,0,8.0368,18,train,False,-1.8628,2.2166,6.919,-1.8984,5.784,2.0972,7.0165,-2.0178,21.0951,2.3342,6.8516,-1.7808,8.4876,labels
423,0,8.264,20,test,False,-3.0515,-1.0885,-6.1958,-3.0265,13.7438,-0.968,-8.0803,-3.147,175.1933,-0.8234,-8.9721,-2.9129,265.2017,labels
396,0,8.2665,24,test,False,-3.8379,-0.2355,-6.9895,-3.8795,20.1039,1.3437,5.1322,-2.7713,1242.4524,-0.1544,-7.2087,-3.9606,12.4741,labels
343,0,8.3768,36,train,False,-0.0242,-4.0623,11.765,-0.0527,35.4088,-3.9975,11.107,-0.1175,31.9023,-4.1667,9.8404,0.0517,157.3579,labels
242,0,8.3908,9,train,False,-0.4477,3.5262,4.5096,-0.5888,15.8309,3.0981,4.7638,-1.0169,59.7759,3.7915,4.5976,-0.3235,12.5172,labels
437,0,8.4429,10,test,True,0.0217,0.0567,5.5823,0.0567,3.9677,0.0223,5.5904,0.0223,1.0701,-0.0309,5.9524,-0.0309,35.5269,labels
246,0,8.4598,4,train,False,-1.7484,2.2767,4.2578,-1.8383,132.0341,0.8434,12.1028,0.2178,928.809,3.1651,-6.6831,-0.9499,965.6718,labels
443,0,8.5086,20,test,False,-0.2851,-3.7608,8.4796,-0.3542,9.1136,-3.8266,8.4289,-0.2884,0.9319,-3.876,8.131,-0.239,29.276,labels
378,0,8.5398,19,test,False,-0.6224,-3.441,-8.2334,-0.674,28.4346,-2.5227,-4.0028,-1.5923,461.3344,-4.1076,-8.9654,-0.0074,76.3424,labels
260,0,8.6166,34,train,False,-3.9489,0.1583,-7.6283,-3.9567,12.5081,0.6199,-11.5712,-0.3138,384.4993,1.0055,-9.1832,-2.7018,165.8302,labels
261,0,8.6486,16,train,False,-1.6415,-2.4355,7.2359,-1.6795,12.5956,-2.2831,7.6064,-1.8319,52.621,-2.5166,7.2763,-1.5984,16.6179,labels
72,0,8.7805,18,test,False,-3.0509,1.0735,6.5924,-3.0415,10.6733,1.2202,6.1315,-2.8948,58.8308,0.9824,6.6178,-3.1326,11.5005,labels
150,0,8.7912,13,train,False,-0.0335,0.4962,-6.3818,-0.0182,2.5383,-0.0852,7.1356,7.1356,1351.3746,0.811,-7.9394,1.5394,160.8217,labels
318,0,8.9017,8,train,False,-0.5906,0.5515,5.4578,-0.5515,27.9419,0.4411,5.4156,-0.4411,35.2213,0.7303,5.4816,-0.7303,28.8899,labels
331,0,9.1386,15,train,False,-0.9293,-3.1543,4.937,-0.9607,3.1514,-3.1115,4.9887,-1.0035,8.8625,-2.9979,4.9116,-1.1171,18.9924,labels
108,0,9.271,31,train,False,-2.2486,-1.8342,-7.1455,-2.2808,20.259,-1.3754,-1.1492,-2.7396,621.5766,-1.8781,-7.8581,-2.2369,51.2692,labels
286,0,9.2973,20,train,False,-3.2782,0.7535,7.1688,-3.3615,8.3655,0.2359,6.9506,-3.8791,64.2161,0.9754,7.11,-3.1396,15.4022,labels
339,0,9.4085,20,train,False,-1.3909,2.7689,6.3034,-1.3461,32.1639,2.6142,5.1713,-1.5008,145.477,2.5261,6.2238,-1.5889,44.4602,labels
35,0,9.4631,16,train,False,-2.3911,-1.6462,5.5559,-2.4688,8.5435,-0.156,5.1284,-3.959,163.4869,-1.962,5.4591,-2.153,27.2416,labels
284,0,9.505,21,train,False,-2.5217,1.4955,7.6568,-2.6195,10.7256,1.2551,7.8343,-2.8599,36.3567,1.7221,7.5506,-2.3929,19.7922,labels
6,0,9.6812,16,train,False,-0.3611,3.7254,-9.5329,-0.3896,12.6636,3.4715,-1.6692,-0.6435,799.2084,3.7557,-8.2571,-0.3593,139.9176,labels
411,0,9.8551,31,test,False,-1.9606,-2.1809,3.5711,-1.9341,5.5089,-2.0719,3.3125,-2.0431,22.5875,-2.027,3.4212,-2.088,16.2919,labels
296,0,10.094,28,train,False,-1.3433,2.753,10.8284,-1.0566,52.7987,2.9452,9.2606,-1.1698,105.4514,2.8097,9.6543,-1.3053,64.7512,labels
263,0,10.3744,16,train,False,-1.3515,-2.7392,7.5141,-1.3758,20.6372,-2.718,6.4445,-1.397,127.5342,-2.8522,7.2037,-1.2628,52.2912,labels
354,0,10.4165,34,train,True,0.988,5.1227,-5.6645,1.0077,31.0303,5.0838,-10.3198,0.9688,434.5654,3.1551,-8.7077,-0.9599,335.661,labels
363,0,10.4889,22,test,False,-2.9275,-1.1983,-6.2467,-2.9167,32.3947,-1.208,-5.6806,-2.907,89.0063,-1.1637,-8.4281,-2.9513,185.7844,labels
372,0,10.5987,14,test,False,-1.1168,-1.8487,5.4355,-0.9645,15.2891,-2.2204,1.2918,-1.2918,400.7441,-2.0206,5.1049,-1.2951,23.856,labels
114,0,10.6289,21,train,False,-1.8331,-2.231,-8.4631,-1.884,33.7539,-1.5092,-1.1078,-2.6058,772.7751,-2.2651,-9.2921,-1.8499,49.5553,labels
438,0,10.7865,14,test,False,-1.5626,1.5657,-4.2209,-1.5657,35.0764,3.19,-28.284,21.884,2376.813,2.3036,-8.5801,2.1801,407.6404,labels
111,0,10.9955,14,train,False,-1.3446,2.111,5.1003,-1.2997,5.5755,0.9469,4.325,-0.9469,140.2373,1.9015,5.1683,-1.2317,26.7565,labels
237,0,11.0161,9,train,False,-0.3174,3.602,4.7712,-0.513,26.4889,3.3599,5.1241,-0.7551,47.1119,3.8659,4.8838,-0.2491,9.5012,labels
56,0,11.2418,26,test,False,-2.0455,-2.0739,-7.5183,-2.0411,26.6684,-2.3061,-1.0575,-1.8089,673.1664,-1.9254,-8.4838,-2.1896,71.3497,labels
310,0,11.4548,9,train,False,-0.751,2.5689,5.474,-0.926,22.1618,2.3514,5.1794,-1.2206,58.7799,3.2091,5.5956,-0.8044,50.7053,labels
69,0,11.5131,8,test,False,-1.0743,-3.0191,-4.5175,-1.0959,51.3148,-1.863,8.8929,-2.252,1397.2838,-3.1491,-6.8101,-0.9659,178.3223,labels
97,0,11.6078,18,train,False,-1.6004,-2.456,8.1804,-1.659,23.4564,-2.3599,8.2644,-1.7551,21.0689,-2.616,7.6922,-1.499,72.2435,labels
127,0,11.6379,24,train,False,-1.4451,-2.6603,-3.303,-1.4547,29.6097,-2.6172,-15.3813,3.4963,1178.2474,-2.7648,-9.4498,-1.3502,585.1712,labels
413,0,11.8919,12,test,False,-0.3932,0.4282,5.6761,-0.4282,33.0798,0.3053,4.8237,-0.3053,118.8789,0.5238,5.996,-0.404,10.2979,labels
136,0,11.8974,23,train,False,-2.207,1.9322,9.4803,-2.1828,2.6252,1.8974,8.4783,-2.2176,101.2086,1.6125,9.364,-2.5025,32.1307,labels
68,0,11.9298,31,test,False,-2.4544,-1.1419,-9.2374,-2.6476,19.3311,-1.7594,3.2686,-2.3556,1271.4424,-0.9385,-8.002,-3.1765,144.2414,labels
49,0,11.9298,22,test,False,-1.9144,-2.1843,8.1306,-1.9307,3.3565,-2.1455,8.0776,-1.9695,9.913,-2.0937,7.9832,-2.0213,20.6621,labels
39,0,12.1437,19,train,False,-2.091,1.994,6.9225,-2.121,3.8454,2.041,6.7144,-2.074,18.4836,2.2354,6.7006,-1.8796,28.9512,labels
360,0,12.1692,22,test,False,-1.4209,-2.6923,-7.3328,-1.4227,39.3813,-2.6348,-5.1669,-1.4802,256.0429,-2.7221,-8.7456,-1.3929,101.9308,labels
369,0,12.2864,21,test,False,-1.4469,2.624,-9.2036,-1.491,44.5981,2.5335,-8.1216,-1.5815,153.172,2.6615,-8.8774,-1.4535,76.997,labels
75,0,12.6038,15,test,False,-3.7093,0.3385,1.6468,-3.7765,36.8057,0.148,2.2403,-3.967,98.9516,1.4349,-3.943,-2.6801,532.8272,labels
348,0,12.6565,14,train,False,-1.8374,-2.3141,-8.4347,-1.8009,50.6525,-2.4751,-28.0901,16.2051,1915.1165,-2.3235,-10.1896,-1.6954,125.0483,labels
398,0,12.8579,13,test,False,-0.6297,3.3771,5.5808,-0.7379,12.1542,2.5701,5.3862,-1.0138,94.8743,3.595,5.5647,-0.52,13.084,labels
383,0,13.0598,22,test,False,-2.0572,-1.991,9.2158,-2.124,14.4268,-1.733,9.5457,-2.3393,56.1278,-2.0664,8.8622,-2.0486,22.586,labels
168,0,13.1836,30,train,False,-1.4069,-2.6546,10.4919,-1.3931,19.1068,-2.5559,8.1641,-1.5591,214.9798,-2.7595,8.6266,-1.3555,168.2659,labels
51,0,13.2135,33,test,False,-0.8455,-3.2544,7.7001,-0.8606,6.5596,-0.5684,-0.7483,-3.5466,880.8877,-3.0601,7.2892,-1.0549,40.5301,labels
104,0,13.3011,9,train,False,-0.3456,-3.6126,5.088,-0.5024,20.4342,-4.7721,5.4536,0.6571,102.9784,-4.8041,4.5122,0.6891,125.3041,labels
65,0,13.3333,25,test,False,-3.0207,-1.1279,6.4466,-2.9871,3.361,-1.1458,6.3269,-2.9692,13.1617,-1.0134,5.7003,-3.1016,75.2183,labels
45,0,13.3333,29,train,False,-2.3769,1.7299,8.8096,-2.3851,21.1465,1.5399,9.8824,-2.0026,88.4002,1.8041,8.7557,-2.3109,27.3338,labels
240,0,13.3333,39,train,False,-2.5348,-0.0902,9.5368,-2.3482,18.8087,-0.2361,9.3202,-2.5648,17.1718,0.0158,8.5341,-3.3509,82.0236,labels
264,0,13.4843,9,train,False,-0.9719,1.1328,5.3836,-1.0164,10.6226,0.7673,5.6659,-0.7341,51.9642,1.492,5.538,-0.862,28.4746,labels
94,0,13.5393,17,train,False,-2.6323,1.39,-5.4765,-2.725,39.4409,2.8039,-12.0117,0.1267,629.2151,2.4409,-8.0005,-1.6741,234.531,labels
349,0,13.6228,9,train,False,-0.5773,-3.3297,5.3976,-0.7853,21.0236,-3.8867,4.6873,-0.2283,81.9165,-3.742,5.1692,-0.373,33.0045,labels
153,0,13.7577,22,train,False,-1.5338,2.4085,-8.0246,-1.7065,34.687,1.824,-4.5311,-2.291,386.918,2.6052,-8.3178,-1.5098,2.5169,labels
71,0,13.7721,24,test,False,-0.7569,-3.3465,-7.7518,-0.7685,32.6664,-3.1032,-4.8031,-1.0118,328.5044,-3.3216,-8.4887,-0.7934,41.2009,labels
11,0,14.1313,32,train,False,-1.5572,-0.3908,-9.9578,-1.9272,37.0328,-0.678,-4.5176,-3.437,581.8107,-0.2564,-8.652,-3.233,168.0015,labels
370,0,14.3448,19,test,False,-2.303,1.8367,5.8571,-2.2783,18.0536,2.1948,5.8786,-1.9202,41.3886,1.668,5.7209,-2.447,34.6356,labels
24,0,14.4782,9,train,False,-0.5836,2.6751,5.5975,-0.8025,23.8462,1.9216,4.7828,-1.6172,133.6969,2.9399,5.3651,-1.0349,48.2252,labels
148,0,14.4893,25,train,False,-2.4449,1.6978,9.0571,-2.4172,8.7895,2.1143,10.0471,-1.8379,100.963,1.6008,8.7038,-2.5142,44.2122,labels
321,0,14.5248,25,train,False,-2.1856,-1.987,-8.0312,-2.128,53.4413,-1.9362,-8.9927,-2.1788,43.0319,-1.9114,-8.7664,-2.2036,20.4677,labels
250,0,14.5324,23,train,False,-2.8849,1.1873,6.4741,-2.9277,13.9751,0.9875,8.1372,-3.1275,181.245,1.2539,6.7509,-2.8611,41.0551,labels
124,0,14.8843,30,train,False,-3.7463,0.4215,5.6126,-3.6935,7.3938,0.447,5.7204,-3.668,17.7699,0.1465,5.968,-3.9685,46.3793,labels
440,0,14.902,24,test,False,-2.2635,-1.8677,-4.7453,-2.2473,38.8587,-1.9952,-2.6236,-2.1198,251.4012,-1.6906,-7.1387,-2.4244,201.1662,labels
78,0,15.1598,23,test,False,-2.6022,1.5478,5.7597,-2.5672,3.5267,2.9226,1.5346,-1.1924,445.8127,1.3039,5.4518,-2.8111,37.5555,labels
87,0,15.1724,28,test,False,-1.6365,-2.4901,0.0152,-1.6249,7.9406,-3.7582,0.0227,-0.3568,128.2599,-0.2158,3.7331,-3.8992,441.9567,labels
356,0,15.3366,12,test,False,-0.3354,3.7173,-5.2335,-0.3977,75.3138,4.8455,-17.698,11.298,1176.2347,4.0936,-7.6184,1.2184,166.4268,labels
55,0,15.5556,30,test,False,-2.4284,-1.5882,8.875,-2.5268,10.1958,-1.3377,9.3081,-2.5769,53.565,-1.7362,8.805,-2.3788,10.8705,labels
323,0,15.6231,16,train,False,-0.2922,-3.8292,-6.6374,-0.2858,47.1525,-3.3318,-3.4905,-0.7832,365.1547,-4.0099,-8.839,-0.1051,174.0123,labels
387,0,15.641,19,test,False,-0.6988,3.4343,7.8137,-0.6807,62.1331,3.8806,6.3662,-0.2344,212.0087,3.2677,7.6173,-0.8473,83.0836,labels
278,0,15.698,22,train,False,-1.7017,2.4237,9.0402,-1.6913,25.8024,2.4007,8.66,-1.7143,12.2956,2.3257,8.2929,-1.7893,49.7214,labels
98,0,15.7192,20,train,False,-2.0548,1.9811,-4.9389,-2.1339,52.4123,1.9176,-4.573,-2.1974,89.5456,2.057,-5.9299,-2.058,47.2937,labels
135,0,15.7265,22,train,False,-1.3883,2.7248,-8.4791,-1.3902,5.3034,3.0481,8.1651,-1.0669,1670.0329,1.631,-5.8717,-2.484,287.7236,labels
176,0,15.7288,33,train,False,-2.3953,1.7182,-7.911,-2.3968,11.1782,1.4078,0.0483,-2.7072,785.3765,1.7682,-8.0193,-2.3468,22.5313,labels
115,0,15.7669,18,train,False,-2.091,1.893,6.6573,-2.222,13.8164,0.8301,5.6287,-3.2849,160.4916,2.1166,6.7022,-1.9984,9.2583,labels
365,0,16.1163,23,test,False,-2.7103,-1.3518,-7.8155,-2.7632,47.7711,-1.3173,-6.945,-2.7977,134.8137,-1.3925,-8.3969,-2.7225,10.7267,labels
25,0,16.2159,28,train,False,-3.0333,-1.0642,-7.4858,-3.0508,38.888,-0.1971,0.8045,-3.9179,872.3662,-1.1877,-7.7093,-2.9273,19.6097,labels
109,0,16.2735,18,train,False,-0.7279,-3.3268,8.3842,-0.7882,31.4599,-3.3206,8.3652,-0.7944,33.4448,-3.3009,7.9088,-0.8141,78.8861,labels
275,0,16.2963,18,train,False,-0.06,4.0536,8.4143,-0.0614,20.8104,4.3599,9.013,0.2449,86.2448,3.833,8.4823,-0.282,35.4327,labels
289,0,16.331,10,train,True,0.3356,0.5098,6.2865,-0.1135,46.2569,0.0536,4.819,-0.0536,199.8774,0.6461,5.9263,-0.4737,80.9617,labels
271,0,16.4907,11,train,False,-0.9196,0.8716,5.1689,-0.8716,5.8104,0.6494,5.6228,-0.6494,50.0327,0.9906,5.2138,-0.9906,7.2071,labels
309,0,16.5608,11,train,False,-2.2092,-1.8971,0.3257,-2.2179,18.0412,-1.8668,1.4677,-2.2482,132.2737,-1.9487,-3.6571,-2.1663,380.2829,labels
142,0,16.5945,21,train,False,-1.0698,-3.0004,10.8759,-1.0091,9.044,-3.2384,9.4435,-0.8766,140.5226,-2.9283,9.7773,-1.1867,103.7914,labels
306,0,16.5967,24,train,False,-0.4536,3.5869,-2.7187,-0.5281,56.5217,4.006,-9.8828,-0.109,661.2852,4.1859,-7.691,0.0709,444.3086,labels
262,0,16.7761,43,train,False,-2.9389,-1.184,-4.3397,-2.931,23.1625,-4.8316,18.8749,6.9899,2372.9335,-1.916,-5.2682,-2.199,101.6533,labels
7,0,16.8306,11,train,False,-0.1999,-0.1475,4.515,-0.1475,8.7286,-0.1701,2.7701,-0.1701,167.5329,-0.0843,5.0001,-0.0843,56.6782,labels
103,0,16.9297,9,train,True,0.124,0.1925,5.313,0.1925,16.7627,0.2282,5.2533,0.2282,23.684,0.0634,5.3927,0.0634,9.5041,labels
147,0,17.0136,17,train,False,-1.0175,3.0602,-7.8282,-1.0548,30.2308,3.042,-7.5781,-1.073,55.2884,3.0553,-7.6365,-1.0597,49.3481,labels
330,0,17.2597,19,train,False,-3.6771,-0.3916,-6.9419,-3.7234,56.7517,0.6023,2.4319,-3.5127,999.3669,-0.5076,-8.3335,-3.5515,82.8926,labels
420,0,17.3041,38,test,False,-3.8904,-0.2152,-6.4238,-3.8998,52.3485,-0.0515,-5.4772,-4.0635,148.0162,-0.2742,-7.81,-3.8408,86.4237,labels
27,0,17.315,9,train,False,-0.4833,0.4132,4.3883,-0.4132,44.5011,0.0433,3.9217,-0.0433,100.7161,0.5203,4.3829,-0.5203,44.639,labels
79,0,17.4671,21,test,False,-3.3649,0.7519,-4.7769,-3.3631,47.4581,0.8965,0.919,-3.2185,617.2196,0.6286,-7.3417,-3.4864,209.3786,labels
117,0,17.5599,25,train,False,-2.8546,0.6908,9.1468,-2.7382,12.7461,0.15,10.1775,-1.7075,129.1216,0.8332,8.6262,-3.2588,41.4256,labels
15,0,17.586,22,train,False,-1.9423,2.0854,9.5406,-2.0296,13.7075,1.9411,10.1495,-1.7355,75.1226,2.195,9.226,-1.92,21.0059,labels
347,0,17.6499,31,train,False,-3.4437,-0.6414,7.1407,-3.4736,69.0802,-0.4488,4.4024,-3.6662,206.0208,-0.9114,6.6976,-3.2036,34.4529,labels
66,0,17.7809,17,test,False,-2.2017,1.9083,-6.6659,-2.2067,50.8041,1.8143,-5.572,-2.3007,160.4965,1.9293,-8.1459,-2.1857,97.2154,labels
129,0,17.8899,24,train,False,-1.2323,-2.9217,2.5661,-1.1933,6.3444,-3.0678,3.2304,-1.0472,73.7903,-2.6373,6.436,-1.4777,392.7563,labels
138,0,17.9332,23,train,False,-1.3735,2.396,10.4354,-1.4496,7.8264,2.2485,10.4362,-1.4488,18.2204,2.4901,9.8342,-1.6249,68.1536,labels
375,0,18.1847,13,test,False,-1.2555,2.7935,4.3087,-1.3215,14.4678,2.2166,4.6855,-1.7145,68.914,2.8985,4.3872,-1.2165,6.3597,labels
33,0,18.4189,18,train,False,-2.366,-1.7723,7.5137,-2.3427,2.3275,-1.8559,7.7471,-2.2591,25.6235,-1.7054,7.2168,-2.4096,30.0592,labels
149,0,18.4549,18,train,False,-1.0949,-2.9592,-9.9447,-1.1558,68.1375,-4.1164,-28.3089,16.4239,1771.9483,-3.6546,-11.6323,-0.2527,119.1813,labels
9,0,18.4615,22,train,False,-0.0442,-4.0833,10.4995,-0.0317,20.2505,-4.0443,11.5453,-0.0707,84.4005,-3.7327,10.3315,-0.3823,50.1265,labels
268,0,18.6112,11,train,False,-0.8198,3.2124,-4.0127,-0.9026,76.6137,3.9133,-11.638,5.238,689.1416,3.5914,-6.3857,-0.0143,163.827,labels
113,0,18.6667,23,train,False,-1.2468,2.1806,10.5244,-1.3606,12.9347,1.6437,11.3245,-0.5605,91.0649,2.3008,9.9331,-1.8142,70.7476,labels
257,0,18.7637,24,train,False,-2.4163,1.6779,4.5982,-2.4371,10.2951,2.0634,5.8304,-2.0516,138.1987,1.2827,4.5266,-2.8323,41.7014,labels
415,0,18.8864,17,test,False,-1.5115,2.4782,6.2472,-1.6368,22.4948,2.2512,6.1157,-1.8638,47.482,2.8595,6.0674,-1.2555,44.7061,labels
432,0,18.8889,12,test,False,-0.1622,-3.8846,5.6681,-0.2304,28.1981,-4.5896,5.0941,0.4746,106.0142,-4.1337,5.3856,0.0187,58.4839,labels
436,0,18.9421,21,test,False,-0.8772,2.981,10.4832,-1.134,52.4686,3.521,10.3183,-0.594,87.0497,2.81,9.9518,-1.305,107.1167,labels
259,0,18.9882,12,train,False,-0.6235,-3.3123,4.659,-0.8027,31.1855,-3.8177,3.7175,-0.2973,124.0373,-3.7619,4.4157,-0.3531,56.7177,labels
351,0,18.9897,33,train,False,-0.4182,3.6937,-2.0928,-0.4213,56.6198,3.6824,-0.818,-0.4326,184.1048,3.6535,-6.6448,-0.4615,398.5965,labels
374,0,19.0769,37,test,False,-1.651,2.0569,10.4753,-1.4097,24.2807,2.0701,9.8435,-2.0415,39.0801,2.0744,9.4741,-2.0406,75.9994,labels
232,0,19.1291,27,train,False,-1.9816,2.2132,-4.3107,-1.9018,54.2154,2.081,-5.4743,-2.034,62.9523,1.2039,-7.2507,-2.9111,257.7248,labels
422,0,19.1753,10,test,False,-1.3157,-1.6072,4.8476,-1.5524,29.0573,-1.5539,4.7854,-1.5539,37.2235,-1.7157,5.0613,-1.3387,6.437,labels
325,0,19.2221,12,train,False,-0.825,3.262,5.4052,-0.853,17.2777,2.4202,6.4302,0.0302,147.8438,3.4352,6.2317,-0.1683,100.7538,labels
435,0,19.2475,14,test,False,-1.4621,2.0363,-4.2787,-2.0363,66.6115,4.9151,-36.9741,30.5741,3215.6805,3.5805,-7.9639,1.5639,335.4709,labels
272,0,19.2665,27,train,False,-2.3359,-1.7926,-5.5966,-2.3224,63.7314,-1.7866,-10.9433,-0.9417,470.9535,-1.815,-9.2423,-2.3,300.8713,labels
425,0,19.3258,12,test,False,-0.3307,3.6456,4.5108,-0.4694,17.4507,2.4592,2.9951,-1.6558,209.4191,3.5982,4.8309,-0.5168,28.3724,labels
119,0,19.3569,23,train,False,-1.917,2.0489,9.2278,-2.0661,26.1488,1.8632,9.1562,-2.2518,36.416,2.402,8.9196,-1.713,22.4294,labels
401,0,19.5686,17,test,False,-1.5433,2.5672,-6.1136,-1.5478,74.6658,2.139,-21.002,9.117,1414.843,2.1095,-9.7071,-2.0055,288.4133,labels
408,0,19.599,20,test,False,-3.3908,-0.7088,-7.1276,-3.4062,62.4172,-0.6967,-6.3971,-3.4183,135.4706,-0.7675,-8.4583,-3.3475,70.812,labels
313,0,19.6239,18,train,False,-0.1455,4.0596,9.7533,-0.0554,9.0705,4.537,9.7523,0.422,56.7575,3.9445,9.6028,-0.1705,16.3136,labels
248,0,19.7206,10,train,False,-0.4042,-3.5103,4.7942,-0.6047,22.262,-3.5214,4.8468,-0.5936,19.445,-3.6988,4.6444,-0.4162,24.6866,labels
13,0,19.7654,9,train,False,-0.0647,3.5211,5.6115,-0.5939,73.2522,2.8819,5.2927,-1.1073,128.5165,4.044,5.4921,-0.071,93.7864,labels
254,0,19.7962,25,train,False,-1.6787,-2.4136,7.6196,-1.7014,3.1605,-2.3184,7.9161,-1.7966,29.8767,-2.5336,7.4276,-1.5814,23.5037,labels
276,0,19.9151,13,train,False,-0.6268,-1.8974,5.6956,-0.7044,14.6375,-2.9471,2.342,-1.1679,355.388,-2.6099,4.7025,-1.5051,122.1661,labels
307,0,20.1761,33,train,False,-1.9976,1.313,9.4831,-2.4019,41.612,1.7339,10.569,-1.316,85.7004,0.7717,8.9779,-2.9071,101.1527,labels
364,0,20.3733,32,test,False,-1.0375,2.4842,10.9521,-0.9329,10.4623,2.233,12.0331,0.1481,121.1708,2.3119,10.5823,-1.3027,31.58,labels
439,0,20.5364,20,test,False,-1.3093,-2.6901,10.0277,-1.4249,26.1352,-1.8824,10.001,-1.884,95.951,-2.75,9.2926,-1.365,97.1025,labels
256,0,20.5765,9,train,False,-2.3034,1.7695,-4.2069,-2.3455,106.2734,0.5188,9.056,-2.829,1438.3053,1.9077,-6.0316,-2.2073,76.881,labels
361,0,20.6403,11,test,False,-0.4442,3.5412,-4.5738,-0.5738,104.3415,5.0814,-17.9586,11.5586,1242.981,4.0616,-6.7325,0.3325,118.9404,labels
141,0,20.8677,19,train,False,-1.9527,-2.1437,-7.0614,-1.9713,71.4217,-1.665,-1.5108,-2.45,628.4257,-2.3332,-8.5575,-1.7818,80.0657,labels
441,0,21.2132,15,test,False,-1.9571,-2.1525,5.5123,-1.9625,29.0848,-2.142,5.5002,-1.973,30.3336,-2.1362,5.4652,-1.9788,33.8673,labels
243,0,21.2276,9,train,False,-0.3979,-3.501,4.0793,-0.614,29.8376,-3.6381,3.8014,-0.4769,10.699,-4.3653,4.1808,0.2503,71.7402,labels
388,0,21.2303,59,test,True,0.2766,-3.6498,-11.486,-0.399,67.5634,-3.5101,-11.6275,-0.2575,55.2467,-3.9957,-8.5645,-0.1193,361.3535,labels
156,0,21.3462,27,train,False,-3.435,0.6468,8.4979,-3.3871,4.8097,0.8732,8.4419,-3.2418,23.0411,0.4543,8.4666,-3.4184,18.9338,labels
294,0,21.4931,20,train,False,-1.7739,2.196,8.4039,-1.919,14.5141,1.5442,8.4159,-2.5708,79.7104,2.3382,8.2117,-1.7768,18.9865,labels
1,0,21.6649,22,train,False,-0.8979,3.0826,8.8265,-1.0324,26.1514,2.5692,10.2774,-1.5458,179.6148,3.1448,8.7837,-0.9702,19.5335,labels
152,0,21.9608,23,train,False,-1.3308,2.6985,-9.8154,-1.4165,73.9597,2.8915,-7.5995,-1.2235,296.3381,2.5675,-9.7115,-1.5475,84.8345,labels
158,0,22.1077,26,train,False,-2.0011,-2.1342,8.8144,-1.9808,4.7516,-2.3093,9.2938,-1.8057,55.7729,-2.0479,8.8755,-2.0671,12.3204,labels
277,0,22.381,20,train,False,-2.5345,-1.6397,-4.3534,-2.4753,84.5179,-2.0734,1.716,-2.0416,693.0091,-1.5278,-7.5726,-2.5872,237.6715,labels
335,0,23.0378,17,train,False,-2.7704,-1.2842,9.1034,-2.7816,2.0931,-2.139,6.2404,-1.976,300.3683,-1.0374,8.9435,-2.9415,28.5918,labels
409,0,23.3484,19,test,False,-0.8746,-3.2334,6.829,-0.8816,0.7228,-3.0904,6.6832,-1.0246,20.808,-3.21,6.3047,-0.905,52.3572,labels
394,0,23.4691,22,test,False,-2.6282,-1.4294,-5.3908,-2.6856,78.8228,-1.6205,-8.6654,-2.4945,249.21,-1.5778,-8.1209,-2.5372,194.6109,labels
88,0,23.619,25,test,False,-3.4191,0.8053,6.8766,-3.3097,13.1985,1.7325,7.0321,-2.3825,106.1611,0.5302,5.9396,-3.5848,87.9002,labels
251,0,23.6194,20,train,False,-1.2048,-2.2989,-10.0242,-1.8161,65.6022,-2.4105,-11.8352,-0.0498,115.9992,-2.2033,-9.7558,-1.9117,92.9693,labels
245,0,23.6398,12,train,False,-1.3927,2.6593,6.8882,-1.4557,9.8741,2.5824,7.083,-1.5326,30.4851,2.7222,7.2538,-1.3928,44.1692,labels
282,0,23.936,22,train,False,-2.1518,1.7631,8.9648,-2.3519,25.0514,1.7226,9.0413,-2.3924,25.1776,2.04,8.6787,-2.075,44.3576,labels
107,0,24.1176,18,train,False,-1.4218,2.7907,4.7288,-1.3243,12.7504,2.5675,4.0543,-1.5475,76.7037,2.3999,4.121,-1.7151,74.9707,labels
81,0,24.2793,31,test,False,-0.6055,-1.7954,-10.649,-1.236,63.06,-1.7993,-6.3024,-2.3157,497.7146,-1.6371,-9.259,-2.4779,202.729,labels
273,0,24.2904,15,train,False,-1.694,2.1814,6.1802,-1.9336,80.7405,2.3099,5.9521,-1.8051,100.529,2.4659,6.3986,-1.6491,55.4445,labels
442,0,24.6989,24,test,False,-1.7838,2.2787,-7.8066,-1.8363,67.4042,2.6843,-13.367,1.482,490.1125,2.5015,-9.5417,-1.6135,107.6621,labels
317,0,24.7501,8,train,False,-0.704,3.3118,-4.9443,-0.8032,108.4041,2.6392,2.67,-1.4758,872.7997,3.2732,-6.5954,-0.8418,58.7929,labels
288,0,24.7835,25,train,False,-0.9778,2.9819,8.3342,-1.1331,26.6578,2.8989,8.4581,-1.2161,41.5639,3.0862,7.9285,-1.0288,19.5852,labels
92,0,24.9587,16,train,False,-1.2641,2.8988,-8.762,-1.2162,92.9867,2.8324,-10.6529,-1.2321,96.2426,2.813,-9.7462,-1.302,6.7168,labels
424,0,25.098,17,test,False,-1.6286,-2.4657,6.7347,-1.6493,5.9885,-2.5895,6.7466,-1.5255,11.2147,-2.6102,6.8202,-1.5048,12.7221,labels
3,0,25.1096,21,train,False,-3.9708,0.2395,7.328,-3.8755,24.8509,0.1926,5.9266,-3.9224,117.2859,0.2193,7.2228,-3.8957,14.5271,labels
235,0,25.1718,32,train,False,-2.9662,-1.0823,-4.3066,-3.0327,70.274,-1.4074,-6.5027,-2.7076,151.8766,-1.638,-6.4219,-2.477,149.7855,labels
236,0,25.2079,16,train,False,-0.993,-3.1641,8.7265,-0.9509,16.1026,-3.2825,9.3361,-0.8325,48.1678,-3.1275,8.8062,-0.9875,7.5986,labels
253,0,25.4431,18,train,False,-1.2897,2.8622,-8.1578,-1.2528,82.6486,2.7518,-12.0233,0.1383,304.0658,2.7911,-9.2585,-1.3239,27.715,labels
295,0,25.7121,17,train,False,-3.3033,-0.7107,-4.4848,-3.4043,83.9697,-0.6552,-4.149,-3.4598,117.9885,-1.2192,-7.492,-2.8958,221.1466,labels
60,0,25.763,37,test,False,-0.6903,2.6335,-10.6917,-1.1933,50.3128,2.4665,-8.7301,-1.6485,246.9596,2.4791,-8.5626,-1.6359,263.606,labels
53,0,25.7658,30,test,True,0.6292,1.3786,12.7288,0.8438,22.2806,1.2511,13.0815,1.1965,59.7401,1.4328,9.7964,-2.0886,271.7769,labels
91,0,25.8191,46,train,False,-2.0795,1.9801,10.2866,-1.5984,55.3435,1.8045,12.172,0.287,244.692,4.4493,9.5212,0.3343,242.3386,labels
58,0,25.8739,18,test,False,-3.8231,-0.1792,-5.9514,-3.9358,70.0607,1.9402,6.2499,-2.1748,1308.4572,-0.4899,-7.4749,-3.6251,85.5311,labels
42,0,25.9075,7,train,False,-1.0729,3.1779,8.2034,-0.9371,15.2925,4.143,7.5533,0.028,124.4186,1.9373,1.4699,-2.1777,675.4035,labels
386,0,25.9115,24,test,False,-1.442,2.5386,-7.4098,-1.5764,83.2042,3.2273,-13.59,1.705,538.7686,2.9718,-8.9145,-1.1432,74.605,labels
353,0,25.9795,13,train,False,-3.1108,0.9454,8.2435,-3.1696,55.6009,2.8521,4.342,-1.2629,489.2833,0.0326,7.7864,-4.0824,123.8508,labels
319,0,26.1714,22,train,False,-2.5276,1.5867,-5.9939,-2.5283,85.2241,1.5849,-0.6509,-2.5301,619.5306,1.5687,-8.2602,-2.5463,141.4105,labels
252,0,26.3835,21,train,False,-4.0841,-0.0513,4.9672,-4.0637,17.7325,0.0557,4.7386,-4.0593,38.6584,0.1401,5.6667,-3.9749,55.3172,labels
241,0,26.4737,19,train,False,-0.0,-4.0691,-9.6245,-0.0459,55.4248,-4.082,-11.5701,-0.033,139.3664,-3.9399,-9.2466,-0.1751,94.6588,labels
130,0,26.5313,22,train,False,-1.9145,2.1963,4.2486,-1.9187,9.1174,2.2089,4.3289,-1.9061,1.3697,1.8338,5.4601,-2.2812,117.8938,labels
279,0,26.5515,24,train,False,-1.863,-2.1959,-8.5376,-1.9191,86.3093,-1.6026,-1.2485,-2.5124,817.6186,-2.3221,-9.4042,-1.7929,7.0301,labels
345,0,26.6667,17,train,False,-2.1531,1.7692,7.8732,-2.3458,28.8407,1.4195,8.1117,-2.6955,70.6661,2.0518,7.8706,-2.0632,23.0217,labels
389,0,26.7711,12,test,True,0.109,3.46,6.2075,-0.1925,35.9105,2.8959,6.1226,-0.2774,85.1838,3.6714,6.0197,-0.3803,48.9536,labels
171,0,26.8148,28,train,True,0.314,-4.4176,0.0056,0.3026,17.9049,-4.8175,8.8528,0.7025,903.429,-3.8225,-2.1543,-0.2925,207.1958,labels
93,0,26.9995,30,train,False,-0.921,-3.1327,4.1448,-0.9823,19.7489,-3.2223,3.3743,-0.8927,95.8672,-3.3529,4.8208,-0.7621,51.3522,labels
40,0,27.0064,17,train,False,-2.0975,1.8478,9.3705,-2.2672,18.8209,0.7198,9.3739,-2.5111,130.0122,2.0785,9.3175,-2.0365,14.7506,labels
298,0,27.0632,23,train,False,-1.4873,1.0252,10.5722,-1.3128,20.7269,0.5047,10.9064,-0.9786,81.1504,1.1098,10.0479,-1.8371,35.0905,labels
255,0,27.2472,16,train,False,-0.2988,3.7153,-6.229,-0.3997,99.0717,3.2703,-2.5208,-0.8447,472.5382,3.6176,-7.4254,-0.4974,28.963,labels
320,0,27.4531,16,train,False,-2.1359,-1.8467,6.9758,-2.2683,14.7966,-2.0558,5.7617,-2.0592,115.0542,-2.1765,6.5168,-1.9385,43.9711,labels
397,0,27.6036,20,test,False,-0.3238,-3.682,7.833,-0.433,14.611,-3.817,5.0957,-0.298,264.0303,-3.8281,7.2342,-0.2869,50.3033,labels
267,0,27.726,15,train,False,-0.7428,3.383,6.0006,-0.732,47.2695,3.3337,8.0507,-0.7813,252.3,3.4679,0.3251,-0.6471,520.3869,labels
128,0,27.7333,16,train,False,-1.3054,2.593,7.4048,-1.522,22.8254,2.8523,7.4362,-1.2627,5.8882,3.0666,7.06,-1.0484,48.9626,labels
302,0,27.8054,17,train,False,-0.8418,-3.0836,-5.8817,-1.0314,80.8755,-1.2875,2.4544,-2.8275,933.5896,-3.3796,-8.0168,-0.7354,135.3058,labels
31,0,27.8992,8,train,False,-0.1811,-0.0736,4.6332,-0.0736,28.6883,-0.3526,4.3013,-0.3526,62.1908,-0.2683,4.795,-0.2683,13.5811,labels
346,0,27.9392,21,train,False,-0.9282,2.2079,-9.8348,-1.9071,112.3395,2.2242,-8.6746,-1.8908,228.3348,2.2024,-9.3476,-1.9126,161.0002,labels
132,0,27.9526,23,train,False,-0.823,-2.1737,10.7871,-1.0979,27.502,-2.1959,10.8326,-1.0524,22.9954,-2.0983,9.7223,-2.0167,134.2268,labels
47,0,28.1967,19,test,False,-2.3476,-1.6858,6.2325,-2.4292,11.6587,-1.6984,6.0824,-2.4166,24.3354,-1.8419,5.9304,-2.2731,39.2558,labels
134,0,28.3817,20,train,False,-1.4632,2.7286,9.7379,-1.3864,8.755,2.774,9.7076,-1.341,14.2075,2.3709,8.9053,-1.7441,91.861,labels
410,0,28.582,20,test,False,-2.1099,-2.072,-3.8814,-2.043,74.2217,-2.6137,1.1545,-1.5013,580.706,-1.8029,-7.4412,-2.3121,282.7884,labels
312,0,28.76,15,train,False,-1.9842,-2.0306,7.3439,-2.0844,46.7163,-1.9851,7.1728,-2.1299,64.4102,-2.1891,7.1246,-1.9259,67.8112,labels
274,0,28.8196,31,train,False,-1.2357,3.0122,-9.3958,-1.1028,82.2952,2.338,-13.6909,1.8059,352.4791,1.7656,-10.6645,-1.2205,120.3662,labels
431,0,28.8889,17,test,False,-0.0357,-3.9336,8.3751,-0.1814,15.5009,-2.1713,7.0957,-1.9437,232.724,-3.9704,8.1012,-0.1446,34.4654,labels
308,0,28.9013,8,train,False,-2.6778,1.4655,-2.76,-2.6495,123.7741,1.5458,5.8631,-2.5692,986.1133,1.4229,-7.7817,-2.6921,378.4248,labels
329,0,29.1518,18,train,False,-1.7574,2.2468,7.7946,-1.8682,16.3547,1.9536,8.2573,-2.1614,70.9307,2.4031,7.6817,-1.7119,4.6167,labels
333,0,29.3333,23,train,False,-0.5292,3.5176,7.5594,-0.5974,38.0047,3.4828,7.5785,-0.6322,40.6234,3.6178,7.5895,-0.4972,40.5271,labels
185,0,29.3665,31,train,False,-1.1413,-2.9662,2.7842,-1.1488,44.9057,-3.1973,5.1271,-0.9177,280.0828,-2.8418,4.6483,-1.2732,231.6831,labels
70,0,29.4424,32,test,False,-1.9506,0.1675,10.0867,-1.7983,15.8493,0.1544,9.6287,-2.2563,31.1026,0.2807,9.3826,-2.5024,55.613,labels
380,0,29.476,18,test,False,-2.8186,1.3195,-7.9765,-2.7955,103.8744,1.3951,3.8169,-2.7199,1283.2251,1.2914,-8.0466,-2.8236,96.8351,labels
179,0,29.9429,10,train,False,-1.046,-0.9059,3.9735,-0.9059,62.6796,-1.049,4.0464,-1.049,53.7969,-1.0931,4.1988,-1.0931,38.843,labels
406,0,29.9549,11,test,False,-1.0326,0.9123,-3.3303,-0.9123,118.1137,2.3753,-22.1536,15.7536,1769.9231,1.6373,-6.8763,0.4763,244.6853,labels
17,0,30.5174,14,train,False,-1.1607,2.8247,6.1277,-1.2903,28.5724,2.4088,5.9504,-1.7062,69.5853,2.9493,5.8843,-1.1657,49.8116,labels
304,0,30.5341,29,train,False,-1.4216,-2.5826,-3.4473,-1.5324,104.605,-2.2441,-0.7313,-1.8709,378.2926,-3.2044,-5.8137,-0.9106,142.1308,labels
283,0,30.6949,18,train,False,-2.6773,-1.2832,-4.3088,-2.8318,106.4002,-1.1918,-3.4149,-2.9232,196.2066,-1.641,-7.5163,-2.474,216.4376,labels
291,0,30.7458,16,train,False,-2.5587,1.412,5.3557,-2.703,24.2079,1.6038,5.2132,-2.5112,34.0111,1.8707,5.526,-2.2443,31.5344,labels
327,0,30.8395,17,train,False,-1.969,2.0091,7.3919,-2.1059,15.3247,1.8317,7.5592,-2.2833,39.3133,2.4089,7.5737,-1.7061,36.3289,labels
121,0,30.9728,30,train,False,-3.7982,0.3633,7.9147,-3.7517,19.7627,0.4083,8.2942,-3.5908,57.8858,0.2846,7.9842,-3.8304,26.3513,labels
145,0,30.9983,26,train,False,-2.6996,-1.1424,-9.2796,-2.6054,9.459,-1.6528,6.8604,-2.4622,1605.3645,-0.4486,-6.7207,-3.6664,256.256,labels
14,0,31.1423,23,train,False,-1.1474,-2.8981,-8.3476,-1.2169,94.3123,-2.7451,-7.4217,-1.3699,187.9706,-2.9682,-9.1699,-1.1468,11.8343,labels
391,0,31.2628,25,test,False,-2.3914,-1.7881,6.3976,-2.3269,7.3698,-2.4827,4.361,-1.6323,220.6876,-1.5269,6.2316,-2.5881,28.1723,labels
316,0,31.339,16,train,False,-3.5523,0.4564,-7.0984,-3.6586,123.5729,0.0992,-0.9966,-4.0158,734.7864,0.6015,-8.4653,-3.4197,15.8372,labels
400,0,31.6276,40,test,False,-1.6776,2.2082,10.8335,-1.0515,62.6848,2.1202,12.6186,0.7336,241.4041,2.1324,10.5621,-1.3229,36.9878,labels
44,0,31.7042,12,train,False,-0.4431,0.348,-3.5029,-0.348,150.8187,0.4237,-10.4299,4.0299,542.1834,0.5448,-7.7971,1.3971,279.089,labels
126,0,31.8022,8,train,False,-0.3299,-0.224,4.0957,-0.224,61.9854,-0.6767,3.9241,-0.6767,85.5721,-0.6906,4.4581,-0.6906,43.7939,labels
46,0,32.0,16,train,False,-0.1583,4.0064,-5.9192,-0.1086,99.565,4.0313,-6.2795,-0.0837,63.8455,4.0171,-7.6787,-0.0979,76.746,labels
350,0,32.3768,50,train,False,-3.3153,0.8644,8.6385,-3.2465,50.4724,,,,,1.0506,-6.9333,-3.0644,1507.3358,labels
99,0,32.447,26,train,False,-2.9155,1.3672,8.9437,-2.7478,19.7817,1.627,9.3676,-2.488,67.9964,0.8746,8.4754,-3.2404,48.7455,labels
41,0,32.4638,18,train,False,-3.1442,1.0115,-3.9779,-3.1035,100.788,1.0853,-2.4349,-3.0297,255.2629,0.8547,-7.5775,-3.2603,259.5156,labels
239,0,32.4645,21,train,False,-2.3467,-1.8142,-5.3296,-2.3008,100.1091,-1.6191,-9.8012,-2.0838,347.4793,-1.8604,-9.0781,-2.2546,275.0017,labels
26,0,32.5156,16,train,False,-0.6816,-3.4126,10.0247,-0.7024,28.6136,-3.3054,10.1486,-0.8096,42.8742,-3.3441,9.8618,-0.7709,15.1525,labels
357,0,32.5382,10,test,False,-1.324,3.0077,9.4401,-1.1073,114.6214,0.122,13.1534,1.2684,370.4754,-0.4364,8.1811,-3.6786,399.2001,labels
430,0,32.5912,25,test,False,-3.7645,0.308,-4.6927,-3.807,111.0916,0.3613,-6.2055,-3.7537,40.2823,0.4424,-5.1441,-3.6726,66.5113,labels
315,0,32.6354,24,train,False,-3.5722,-0.4046,6.7719,-3.7104,53.3859,-0.3391,6.9167,-3.7759,69.1104,-0.6239,6.3783,-3.4911,14.6529,labels
170,0,32.906,18,train,False,-1.2598,2.6584,8.1168,-1.4566,20.3556,2.6576,8.3895,-1.4574,29.6153,2.9029,7.8597,-1.2121,31.2779,labels
167,0,33.1031,20,train,False,-1.8061,2.331,-6.4639,-1.784,50.0761,2.6203,1.0055,-1.4947,797.5711,2.1928,-8.2176,-1.9222,125.8792,labels
74,0,33.2991,24,test,False,-0.3264,-3.7118,7.0081,-0.4032,8.1642,-3.5319,7.141,-0.5831,30.28,-3.8571,6.956,-0.2579,7.2813,labels
101,0,33.5213,32,train,False,-1.2854,-2.745,6.7737,-1.37,27.0405,-2.8548,5.9541,-1.2602,56.332,-2.9948,6.3221,-1.1202,25.5411,labels
399,0,33.6321,23,test,False,-0.5552,-3.1792,-10.5106,-0.9358,86.501,-1.1865,-0.7572,-2.9285,1081.3677,-3.345,-8.734,-0.77,259.8229,labels
116,0,33.9526,28,train,False,-1.7118,-2.3026,-7.9666,-1.8124,94.6632,-2.4023,-9.4362,-1.7127,52.8325,-2.4045,-8.9472,-1.7105,3.932,labels
305,0,34.0414,12,train,False,-0.4799,-3.8232,5.8494,-0.2918,32.2766,-4.299,5.5839,0.184,84.8075,-1.3155,5.1426,-2.7995,251.391,labels
393,0,34.3037,21,test,False,-1.8497,2.3155,9.6991,-1.7995,13.3676,2.0971,8.5485,-2.0179,128.5548,2.0896,8.6766,-2.0254,115.9785,labels
34,0,34.3276,21,train,False,-1.1122,2.9009,-7.8986,-1.2141,108.223,2.9447,-8.2933,-1.1703,68.5219,2.8514,-7.9547,-1.2636,103.2475,labels
28,0,34.4554,13,train,False,-1.7831,2.2802,7.3339,-1.8348,5.7154,2.2896,7.2339,-1.8254,13.1265,2.4818,6.7439,-1.6332,63.222,labels
258,0,34.5991,18,train,False,-0.4556,-3.6098,-10.3341,-0.5052,103.1309,-3.7529,-14.5996,2.7146,323.6748,-3.5871,-11.2982,-0.5279,9.7905,labels
366,0,34.6514,31,test,False,-0.6293,2.5459,11.3854,-0.4996,15.9292,2.1867,12.189,0.304,103.6885,2.4847,10.3316,-1.5534,93.6778,labels
30,0,34.8627,17,train,False,-1.2258,-2.7358,-9.49,-1.3792,92.619,,,,,-3.4915,-10.3382,-0.6235,60.578,labels
0,0,34.9827,6,train,False,-1.1361,2.6994,4.2019,-1.4156,36.0808,3.8175,4.0288,-0.2975,92.973,3.8422,4.6825,-0.2728,89.9522,labels
301,0,35.1165,15,train,False,-1.1912,2.9771,-6.4357,-1.1379,135.12,3.1636,0.9436,-0.9514,873.2716,2.9519,-7.7262,-1.1631,6.5862,labels
244,0,35.1495,28,train,False,-3.9524,-0.2485,-2.9998,-3.8665,122.6794,0.0375,-6.3604,-4.0775,214.6233,0.1369,-7.0824,-3.9781,287.454,labels
59,0,35.4404,23,test,False,-2.9239,1.0985,5.5022,-3.0165,13.2321,1.0232,5.4175,-3.0918,24.5603,1.3029,5.4345,-2.8121,19.7162,labels
105,0,35.7,10,train,False,-0.6922,-2.8978,5.0899,-1.2172,67.5982,-3.3723,5.152,-0.7427,59.0783,-3.361,5.2189,-0.754,52.4183,labels
433,0,35.7051,25,test,False,-3.6753,0.2855,-6.6702,-3.8295,103.9399,-0.4056,-2.2383,-3.7094,552.4862,0.642,-6.714,-3.473,100.4746,labels
146,0,35.7736,18,train,False,-2.4457,-1.631,7.906,-2.484,20.205,-1.5632,7.8358,-2.5518,28.8762,-1.626,7.427,-2.489,67.8855,labels
38,0,36.0286,21,train,False,-0.9777,-1.8592,-9.9737,-1.9113,95.7566,-1.0256,-1.7371,-3.0894,922.9679,-1.7634,-8.5669,-2.3516,236.0643,labels
337,0,36.0554,16,train,False,-2.8245,-1.203,6.5913,-2.912,17.8569,-1.0114,6.6953,-3.1036,28.388,-1.5687,6.7087,-2.5463,28.083,labels
427,0,36.1032,17,test,False,-2.1207,-2.0643,8.8282,-2.0507,19.0829,-2.0367,8.7942,-2.0783,21.5705,-1.4499,9.1424,-2.6651,56.1299,labels
403,0,36.4766,36,test,True,0.0848,4.1559,-4.3042,0.0409,23.9052,4.0024,-8.4549,-0.1126,439.0157,4.2465,-6.736,0.1315,266.7183,labels
300,0,36.8272,23,train,False,-2.6207,1.1712,9.4894,-2.3956,29.9671,0.7242,9.8405,-2.0445,86.4779,1.4883,9.1014,-2.6267,20.1901,labels
95,0,36.8664,25,train,False,-2.0002,-1.9091,9.8519,-2.0331,38.4814,-2.5276,6.554,-1.5874,300.1221,-2.552,7.7059,-1.563,187.2513,labels
144,0,37.6393,18,train,False,-2.7679,-0.7877,8.805,-3.08,33.7025,-0.874,8.7637,-3.1213,35.5723,-1.3417,8.234,-2.7733,98.0736,labels
265,0,38.1456,33,train,False,-3.6004,0.5601,-5.6793,-3.5549,108.6796,0.4538,-7.7229,-3.6612,95.9608,0.4332,-7.9888,-3.6818,122.6283,labels
233,0,38.226,15,train,False,-1.6688,-2.3216,6.8981,-1.7934,21.6768,-2.3613,6.5269,-1.7537,21.1579,-2.3471,7.071,-1.7679,36.4108,labels
381,0,38.3044,18,test,False,-2.3171,-1.6781,4.5955,-2.4369,12.1277,-1.6663,4.5463,-2.4487,13.5082,-1.7154,4.4161,-2.3996,18.0469,labels
287,0,38.3156,18,train,False,-1.3864,-2.665,-5.3394,-1.45,123.1138,-2.4963,-3.9277,-1.6187,265.1469,-2.8958,-8.0671,-1.2192,150.75,labels
419,0,38.3432,22,test,False,-1.4504,2.8682,10.402,-1.2468,21.5474,2.4059,9.2692,-1.7091,109.3436,1.9651,7.8804,-2.1499,254.9027,labels
290,0,39.6232,25,train,False,-2.5518,-1.5033,-5.9744,-2.6117,123.7857,-1.4556,-4.0268,-2.6594,318.5857,-1.6287,-7.668,-2.4863,46.1844,labels
392,0,39.6333,20,test,False,-1.9107,2.0425,-3.4954,-2.0725,115.9431,3.0377,-19.9253,8.0403,1530.4497,2.6282,-8.2578,-1.4868,363.9108,labels
22,0,39.7176,10,train,False,-0.7184,3.5062,5.5371,-0.6088,29.8291,3.9218,3.8912,-0.1932,199.3806,3.1862,5.282,-0.9288,57.266,labels
20,0,39.786,8,train,False,-0.1575,-0.0242,5.6061,-0.0242,26.4848,-0.2943,5.1378,-0.2943,71.0435,-0.2186,5.3894,-0.2186,44.9688,labels
167,33,33.1031,20,train,False,-1.8061,2.331,-6.4639,-1.784,50.0761,2.6203,1.0055,-1.4947,797.5711,2.1928,-8.2176,-1.9222,125.8792,labels
74,33,33.2991,24,test,False,-0.3264,-3.7118,7.0081,-0.4032,8.1642,-3.5319,7.141,-0.5831,30.28,-3.8571,6.956,-0.2579,7.2813,labels
155,33,33.3333,8,train,False,-3.5978,0.4919,-2.1089,-3.6231,264.3657,,,,,1.8197,-5.2682,-2.2953,140.0869,labels
178,33,33.3333,10,train,False,-2.8652,-1.0529,5.3688,-3.0621,74.7479,2.459,4.9443,-1.656,388.1723,-1.1835,3.9775,-2.9315,211.3513,labels
151,33,33.3333,39,train,False,-0.85,3.1574,6.4967,-0.9576,95.0892,3.015,6.0355,-1.1,142.8061,2.8736,6.4252,-1.2414,108.8976,labels
183,33,33.3333,10,train,False,-0.0861,0.0426,4.8741,0.0426,76.3488,-0.3757,4.0601,-0.3757,159.3113,-0.3679,4.5181,-0.3679,114.3825,labels
174,33,33.3333,20,train,False,-0.0451,4.1151,10.0963,0.0001,33.5696,3.6397,9.1951,-0.4753,71.2929,4.3079,9.8857,0.1929,26.7455,labels
180,33,33.3333,33,train,False,-3.3822,-0.7165,-7.507,-3.3985,9.7414,-0.7203,-7.5645,-3.3947,15.3981,-0.5145,-7.62,-3.6005,30.2246,labels
175,33,33.3333,9,train,False,-0.7631,-0.5258,4.4546,-0.5258,47.2971,-1.1096,3.8516,-1.1096,106.9814,-0.9703,4.1595,-0.9703,73.4065,labels
182,33,33.3333,26,train,False,-2.5609,-1.0976,5.3638,-3.0174,66.3393,1.2849,0.2826,-2.8301,540.5348,-2.3297,-2.0178,-1.7853,694.3697,labels
173,33,33.3333,46,train,False,-3.6372,0.4589,-7.6694,-3.6561,18.6709,0.6213,-4.1981,-3.4937,365.9816,0.5168,-7.3177,-3.5982,53.8847,labels
161,33,33.3333,36,train,False,-1.8193,2.0301,-6.5165,-2.0849,111.7636,1.868,-5.3101,-2.247,233.1561,2.0922,-4.7314,-2.0228,287.7882,labels
160,33,33.3333,19,train,False,-1.2327,-2.6718,6.1018,-1.4432,48.0276,-1.7887,6.1187,-2.3263,118.2086,-2.944,5.9496,-1.171,28.6228,labels
163,33,33.3333,4,train,False,-2.0105,-2.2442,4.6634,-1.8708,18.7787,-2.8579,6.5877,-1.2571,218.3803,-1.2681,1.4782,-2.8469,317.2022,labels
154,33,33.3333,13,train,True,0.186,0.2259,-5.9217,-0.2259,66.4355,-0.4056,11.3695,11.3695,1796.7034,0.6203,-5.4847,-0.6203,116.5598,labels
101,33,33.5213,32,train,False,-1.2854,-2.745,6.7737,-1.37,27.0405,-2.8548,5.9541,-1.2602,56.332,-2.9948,6.3221,-1.1202,25.5411,labels
399,33,33.6321,23,test,False,-0.5552,-3.1792,-10.5106,-0.9358,86.501,-1.1865,-0.7572,-2.9285,1081.3677,-3.345,-8.734,-0.77,259.8229,labels
116,33,33.9526,28,train,False,-1.7118,-2.3026,-7.9666,-1.8124,94.6632,-2.4023,-9.4362,-1.7127,52.8325,-2.4045,-8.9472,-1.7105,3.932,labels
305,33,34.0414,12,train,False,-0.4799,-3.8232,5.8494,-0.2918,32.2766,-4.299,5.5839,0.184,84.8075,-1.3155,5.1426,-2.7995,251.391,labels
177,33,34.0741,20,train,False,-0.4077,3.7201,10.1383,-0.3949,3.4198,3.7639,10.6978,-0.3511,59.3956,3.6473,9.807,-0.4677,30.5531,labels
181,33,34.279,8,train,False,-2.5451,1.2544,7.0317,-2.8606,41.9696,-1.5242,8.9554,-2.5908,379.6724,2.2181,1.7774,-1.8969,501.9557,labels
393,33,34.3037,21,test,False,-1.8497,2.3155,9.6991,-1.7995,13.3676,2.0971,8.5485,-2.0179,128.5548,2.0896,8.6766,-2.0254,115.9785,labels
34,33,34.3276,21,train,False,-1.1122,2.9009,-7.8986,-1.2141,108.223,2.9447,-8.2933,-1.1703,68.5219,2.8514,-7.9547,-1.2636,103.2475,labels
28,33,34.4554,13,train,False,-1.7831,2.2802,7.3339,-1.8348,5.7154,2.2896,7.2339,-1.8254,13.1265,2.4818,6.7439,-1.6332,63.222,labels
258,33,34.5991,18,train,False,-0.4556,-3.6098,-10.3341,-0.5052,103.1309,-3.7529,-14.5996,2.7146,323.6748,-3.5871,-11.2982,-0.5279,9.7905,labels
366,33,34.6514,31,test,False,-0.6293,2.5459,11.3854,-0.4996,15.9292,2.1867,12.189,0.304,103.6885,2.4847,10.3316,-1.5534,93.6778,labels
30,33,34.8627,17,train,False,-1.2258,-2.7358,-9.49,-1.3792,92.619,,,,,-3.4915,-10.3382,-0.6235,60.578,labels
0,33,34.9827,6,train,False,-1.1361,2.6994,4.2019,-1.4156,36.0808,3.8175,4.0288,-0.2975,92.973,3.8422,4.6825,-0.2728,89.9522,labels
301,33,35.1165,15,train,False,-1.1912,2.9771,-6.4357,-1.1379,135.12,3.1636,0.9436,-0.9514,873.2716,2.9519,-7.7262,-1.1631,6.5862,labels
244,33,35.1495,28,train,False,-3.9524,-0.2485,-2.9998,-3.8665,122.6794,0.0375,-6.3604,-4.0775,214.6233,0.1369,-7.0824,-3.9781,287.454,labels
169,33,35.4205,45,train,False,-2.3814,-1.7986,-4.0743,-2.3164,82.7988,-4.0304,18.4869,6.6019,2349.9183,-1.1548,-4.5533,-2.9602,67.4563,labels
59,33,35.4404,23,test,False,-2.9239,1.0985,5.5022,-3.0165,13.2321,1.0232,5.4175,-3.0918,24.5603,1.3029,5.4345,-2.8121,19.7162,labels
105,33,35.7,10,train,False,-0.6922,-2.8978,5.0899,-1.2172,67.5982,-3.3723,5.152,-0.7427,59.0783,-3.361,5.2189,-0.754,52.4183,labels
433,33,35.7051,25,test,False,-3.6753,0.2855,-6.6702,-3.8295,103.9399,-0.4056,-2.2383,-3.7094,552.4862,0.642,-6.714,-3.473,100.4746,labels
146,33,35.7736,18,train,False,-2.4457,-1.631,7.906,-2.484,20.205,-1.5632,7.8358,-2.5518,28.8762,-1.626,7.427,-2.489,67.8855,labels
38,33,36.0286,21,train,False,-0.9777,-1.8592,-9.9737,-1.9113,95.7566,-1.0256,-1.7371,-3.0894,922.9679,-1.7634,-8.5669,-2.3516,236.0643,labels
337,33,36.0554,16,train,False,-2.8245,-1.203,6.5913,-2.912,17.8569,-1.0114,6.6953,-3.1036,28.388,-1.5687,6.7087,-2.5463,28.083,labels
427,33,36.1032,17,test,False,-2.1207,-2.0643,8.8282,-2.0507,19.0829,-2.0367,8.7942,-2.0783,21.5705,-1.4499,9.1424,-2.6651,56.1299,labels
403,33,36.4766,36,test,True,0.0848,4.1559,-4.3042,0.0409,23.9052,4.0024,-8.4549,-0.1126,439.0157,4.2465,-6.736,0.1315,266.7183,labels
300,33,36.8272,23,train,False,-2.6207,1.1712,9.4894,-2.3956,29.9671,0.7242,9.8405,-2.0445,86.4779,1.4883,9.1014,-2.6267,20.1901,labels
95,33,36.8664,25,train,False,-2.0002,-1.9091,9.8519,-2.0331,38.4814,-2.5276,6.554,-1.5874,300.1221,-2.552,7.7059,-1.563,187.2513,labels
144,33,37.6393,18,train,False,-2.7679,-0.7877,8.805,-3.08,33.7025,-0.874,8.7637,-3.1213,35.5723,-1.3417,8.234,-2.7733,98.0736,labels
165,33,37.7053,20,train,False,-2.8144,1.1535,-6.4505,-2.9615,189.2061,0.1428,5.8968,-3.9722,1428.0637,1.2906,-7.6383,-2.8244,69.8577,labels
265,33,38.1456,33,train,False,-3.6004,0.5601,-5.6793,-3.5549,108.6796,0.4538,-7.7229,-3.6612,95.9608,0.4332,-7.9888,-3.6818,122.6283,labels
157,33,38.1766,29,train,False,-1.9456,-2.1524,-8.4817,-1.9626,109.0963,-2.1158,-6.3635,-1.9992,320.952,-2.2055,-8.8501,-1.9095,72.3346,labels
233,33,38.226,15,train,False,-1.6688,-2.3216,6.8981,-1.7934,21.6768,-2.3613,6.5269,-1.7537,21.1579,-2.3471,7.071,-1.7679,36.4108,labels
381,33,38.3044,18,test,False,-2.3171,-1.6781,4.5955,-2.4369,12.1277,-1.6663,4.5463,-2.4487,13.5082,-1.7154,4.4161,-2.3996,18.0469,labels
287,33,38.3156,18,train,False,-1.3864,-2.665,-5.3394,-1.45,123.1138,-2.4963,-3.9277,-1.6187,265.1469,-2.8958,-8.0671,-1.2192,150.75,labels
419,33,38.3432,22,test,False,-1.4504,2.8682,10.402,-1.2468,21.5474,2.4059,9.2692,-1.7091,109.3436,1.9651,7.8804,-2.1499,254.9027,labels
166,33,38.6957,22,train,False,-1.8152,2.3274,6.2175,-1.7876,34.7908,2.7987,6.9264,-1.3163,116.7665,2.1411,6.7439,-1.9739,88.7479,labels
164,33,39.4671,31,train,False,-1.8387,-2.3506,8.7146,-1.7644,58.692,-2.3879,9.4164,-1.7271,128.8901,-2.244,8.6253,-1.871,49.4015,labels
290,33,39.6232,25,train,False,-2.5518,-1.5033,-5.9744,-2.6117,123.7857,-1.4556,-4.0268,-2.6594,318.5857,-1.6287,-7.668,-2.4863,46.1844,labels
392,33,39.6333,20,test,False,-1.9107,2.0425,-3.4954,-2.0725,115.9431,3.0377,-19.9253,8.0403,1530.4497,2.6282,-8.2578,-1.4868,363.9108,labels
159,33,39.7107,27,train,False,-1.2743,2.7985,-7.1699,-1.3165,126.8596,2.7837,-6.5626,-1.3313,187.6094,2.8242,-8.6509,-1.2908,21.3728,labels
22,33,39.7176,10,train,False,-0.7184,3.5062,5.5371,-0.6088,29.8291,3.9218,3.8912,-0.1932,199.3806,3.1862,5.282,-0.9288,57.266,labels
20,33,39.786,8,train,False,-0.1575,-0.0242,5.6061,-0.0242,26.4848,-0.2943,5.1378,-0.2943,71.0435,-0.2186,5.3894,-0.2186,44.9688,labels
184,33,39.8557,44,train,False,-2.2096,-1.9611,-4.8534,-2.1539,136.9062,-1.8239,-6.1883,-2.2911,8.7922,-1.9109,-7.0491,-2.2041,82.7866,labels
412,33,40.0,7,test,True,0.2213,3.9528,9.7243,-0.1622,131.0058,8.9858,6.552,4.8708,641.8627,7.2017,6.5537,3.0867,527.0374,labels
133,33,40.0,23,train,False,-2.534,1.5054,-8.2874,-2.6096,104.2921,1.5179,-8.2825,-2.5971,104.698,1.4989,-9.0335,-2.6161,30.5355,labels
137,33,40.0,21,train,False,-1.7355,-0.972,-9.7757,-2.1093,38.233,-0.6331,-3.6692,-3.4819,649.389,-0.9762,-9.2474,-2.6376,90.5312,labels
86,33,40.0,19,test,False,-1.4289,-2.4542,-5.7911,-1.6608,79.22,-2.6168,-6.5744,-1.4982,7.3923,-2.947,-8.8984,-1.168,236.4246,labels
85,33,40.0,30,test,False,-0.9979,3.0044,5.4586,-1.1106,32.7499,3.0201,4.9859,-1.0949,19.153,3.1478,5.5775,-0.9672,42.7493,labels
404,33,40.0,13,test,False,-1.5406,1.8538,-3.3178,-1.8538,155.246,4.207,-32.5115,26.1115,2773.7051,3.1143,-7.2674,0.8674,263.7756,labels
405,33,40.0,19,test,True,0.0119,3.8792,11.6375,-0.2358,26.3766,4.0611,11.2394,-0.0539,69.6546,3.6412,10.5914,-0.4738,131.9231,labels
54,33,40.0,27,test,False,-1.6769,-2.3789,-4.2497,-1.7361,16.517,-2.1699,-1.9101,-1.9451,250.8267,-2.5203,-7.3116,-1.5947,290.8842,labels
340,33,40.0,18,train,False,-1.5076,-2.4725,-8.7035,-1.6425,127.9828,-1.8451,-2.8457,-2.2699,717.1061,-2.4319,-9.4737,-1.6831,53.221,labels
355,33,40.0,7,train,False,-2.2876,1.4558,-5.0575,-2.6592,230.1646,0.1465,1.4766,-3.9685,896.4533,1.9895,-6.266,-2.1255,107.5235,labels
131,33,40.0,19,train,False,-2.5427,-1.0436,-8.2059,-3.0714,114.4093,-1.304,-10.8798,-1.0052,154.2757,-1.2113,-10.663,-1.222,132.113,labels
106,33,40.0,21,train,False,-1.8536,1.994,-6.6636,-2.121,67.8959,0.5032,1.2432,-3.6118,871.0235,2.0181,-6.9641,-2.0969,40.4907,labels
52,33,40.0,24,test,False,-1.2026,-3.0071,-7.7091,-1.1079,90.1813,-3.3501,-3.6296,-0.7649,499.559,-2.9077,-8.5563,-1.2073,4.9821,labels
368,33,40.0,18,test,False,-2.2766,-1.8679,7.9852,-2.2471,7.0425,-1.8477,8.0732,-2.2673,2.5838,-1.7884,7.9247,-2.3266,13.4074,labels
102,33,40.0,14,train,False,-1.6599,2.131,-6.7172,-1.984,138.2731,1.8074,-4.9784,-2.3076,315.0323,2.1747,-7.2714,-1.9403,83.8277,labels
384,33,40.0,19,test,False,-1.443,-2.7255,-5.9849,-1.3895,152.8984,-2.6102,-7.0135,-1.5048,50.3272,-2.4813,-8.1962,-1.6337,70.9356,labels
385,33,40.0,35,test,False,-0.1158,-3.9449,10.7076,-0.1701,36.0827,-4.1112,12.4754,0.5904,141.5537,-3.9002,9.9012,-0.2148,116.7297,labels
118,33,40.0,14,train,False,-1.7037,-2.1615,-4.3466,-1.9535,161.5517,-2.3202,-5.5096,-1.7948,44.2631,-2.5086,-7.3418,-1.6064,140.2503,labels
50,33,40.0,25,test,False,-3.9792,0.089,-5.6278,-4.026,104.1591,-0.0814,-4.3152,-4.0336,236.3212,0.3016,-8.1575,-3.7275,149.8356,labels
96,33,40.0,24,train,False,-1.9982,2.027,-6.0018,-2.088,68.669,0.3822,4.9431,-3.7328,1175.4429,2.1766,-7.2166,-1.9384,53.732,labels
57,33,40.0,24,test,True,0.6349,-4.7648,7.6299,0.6498,4.0991,-4.7484,7.4857,0.6334,10.6067,-4.7548,7.3565,0.6398,23.5227,labels
84,33,40.0,34,test,True,1.9292,-2.0377,13.9009,2.0159,10.4194,-2.296,14.7813,2.8963,101.7435,-2.0189,10.7785,-1.1065,303.591,labels
122,33,40.0,15,train,False,-1.6874,-2.333,-7.0537,-1.782,68.2141,-2.4139,-8.985,-1.7011,125.5816,-2.4677,-8.6513,-1.6473,92.2944,labels
352,33,40.0,17,train,False,-0.7644,3.4147,9.8142,-0.7003,18.3074,3.3266,9.532,-0.7884,45.4223,3.1893,8.3775,-0.9257,161.6159,labels
123,33,40.0,15,train,False,-1.5048,2.6177,-7.5895,-1.4973,154.69,2.5699,-3.3355,-1.5451,580.1049,2.5757,-7.2845,-1.5393,185.2232,labels
344,33,40.0,25,train,False,-1.6082,-2.6262,-7.4029,-1.4888,127.7709,-2.7603,-5.315,-1.3547,336.9565,-2.4412,-8.0391,-1.6738,63.9248,labels
90,33,40.0,36,test,False,-2.3957,1.6375,-1.8721,-2.4775,24.6959,-1.1901,-4.9796,-2.9249,408.9883,0.1625,5.5255,-3.9525,778.7852,labels
120,33,40.0,16,train,False,-1.6728,1.8719,-9.4992,-2.2431,71.6266,1.7756,-10.438,-1.447,22.7499,1.8416,-9.5697,-2.2734,64.3613,labels
83,33,40.0,22,test,False,-1.3275,-2.6922,-9.0837,-1.4228,118.1721,-2.559,-7.8927,-1.556,237.9852,-2.7496,-9.577,-1.3654,68.5635,labels
373,33,40.0,16,test,False,-1.6652,-2.4746,-5.9321,-1.6404,125.7455,-2.306,-9.1469,-1.809,196.2832,-2.2592,-8.5058,-1.8558,133.0217,labels
23,33,40.0,7,train,False,-0.3041,3.4512,4.8616,-0.6638,42.3228,3.8045,4.9212,-0.3105,16.3375,4.1844,4.9764,0.0694,38.8831,labels
73,33,40.0,38,test,False,-1.9185,0.3374,-9.1503,-2.7347,81.6309,0.2382,-3.9021,-3.8768,606.55,0.3161,-8.3772,-3.5078,158.9708,labels
314,33,40.0,11,train,False,-2.0402,2.0243,-0.2084,-2.0907,12.7191,-0.4561,3.6257,-3.6589,449.7102,1.6418,-3.1741,-2.4732,311.2736,labels
417,33,40.0,26,test,False,-1.001,-3.0117,6.887,-1.1033,10.9727,-2.7292,6.4096,-1.3858,64.4692,-2.9171,6.4061,-1.1979,55.6701,labels
62,33,40.0,21,test,False,-1.4489,2.7003,-5.13,-1.4147,129.4779,2.6699,7.1387,-1.4451,1356.2942,2.6553,-7.7665,-1.4597,134.2292,labels
2,33,40.0,14,train,False,-1.5397,2.7101,-5.5843,-1.4049,141.5369,3.1281,-1.05,-0.9869,596.8899,2.4531,-8.4702,-1.6619,148.2022,labels
324,33,40.0,7,train,False,-3.7459,-0.2724,5.9679,-3.8426,89.9871,-0.0646,4.5738,-4.0504,230.8914,-0.3318,6.2376,-3.7832,62.6061,labels
326,33,40.0,25,train,False,-2.5522,-1.3869,-5.0545,-2.7281,104.2085,-0.2023,1.634,-3.9127,783.4658,-1.4579,-6.8511,-2.6571,77.6579,labels
64,33,40.0,20,test,False,-1.6087,-2.495,-6.5856,-1.62,120.716,-2.43,-2.8274,-1.685,496.594,-2.4351,-7.9133,-1.6799,14.0008,labels
311,33,40.0,18,train,False,-3.3884,0.8695,-6.0758,-3.2455,124.9737,1.287,-2.6211,-2.828,472.9537,0.7404,-7.5033,-3.3746,18.6497,labels
5,33,40.0,8,train,False,-0.1724,0.0908,-3.2902,-0.0908,216.3477,0.1151,-3.8836,-0.1151,156.9615,0.3095,-6.6494,0.2494,120.5101,labels
143,33,40.0,17,train,False,-2.5683,1.3882,-5.1874,-2.7268,154.6965,1.368,-5.0419,-2.747,169.3792,1.5038,-6.3382,-2.6112,39.0352,labels
48,33,40.0,24,test,False,-2.2148,-1.9683,-6.3562,-2.1467,97.3823,-2.3911,0.5819,-1.7239,792.4789,-1.7982,-7.9931,-2.3168,67.3228,labels
328,33,40.0,19,train,False,-3.235,-0.7397,-5.0525,-3.3753,156.2642,-0.6112,-3.9705,-3.5038,265.2004,-1.0849,-7.7239,-3.0301,113.373,labels
61,33,40.0,29,test,False,-1.3072,1.7382,10.9536,-0.9314,38.8773,1.8845,11.6163,-0.2687,106.7169,1.4906,10.509,-1.376,16.3193,labels
77,33,40.0,27,test,False,-2.836,1.3052,0.2445,-2.8098,21.4851,1.1995,1.5103,-2.9155,148.1113,1.2558,5.0603,-2.8592,502.9091,labels
426,33,40.0,19,test,False,-2.6214,-1.282,-4.2838,-2.833,124.3127,-0.8665,-2.2321,-3.2485,333.6157,-2.2368,-6.5797,-1.8782,130.3508,labels
82,33,40.0,26,test,False,-3.4147,0.6537,6.7987,-3.4613,8.7152,0.3721,6.9099,-3.7429,37.6662,0.675,6.5378,-3.44,18.9038,labels
281,33,40.0,18,train,False,-1.9268,-1.9851,-3.4327,-2.1299,147.9122,-2.3791,-6.7389,-1.7359,185.0933,-2.4833,-7.7984,-1.6317,291.556,labels
293,33,40.0,20,train,False,-2.0845,-1.8715,-6.5484,-2.2435,119.1742,-1.5997,-4.4138,-2.5153,334.3578,-1.8987,-8.192,-2.2163,48.0905,labels
334,33,40.0,26,train,False,-2.3721,-1.5962,-5.6014,-2.5188,117.467,-0.2606,1.4677,-3.8544,836.6946,-1.7437,-8.4802,-2.3713,171.3381,labels
336,33,40.0,23,train,False,-2.447,1.6322,-6.5982,-2.4828,160.3255,1.7736,-13.0089,1.1239,480.8912,1.7318,-8.7442,-2.3832,54.6793,labels
67,33,40.0,26,test,False,-2.3343,-1.5947,5.5636,-2.5203,28.7411,-1.8464,4.5837,-2.2686,120.0827,-2.04,5.1171,-2.075,71.4373,labels
332,33,40.0,18,train,False,-1.2543,-2.9292,-6.1802,-1.1858,143.8105,-2.8768,-7.7566,-1.2382,14.0795,-2.6795,-8.026,-1.4355,44.7618,labels
371,33,40.1025,23,test,False,-0.3195,3.7945,-7.9086,-0.3205,136.6444,3.7887,-9.5127,-0.3263,23.7834,3.77,-8.5773,-0.345,69.819,labels
322,33,40.3586,21,train,False,-2.3326,1.6934,6.3607,-2.4216,44.8182,1.318,7.4889,-2.797,163.4837,1.8187,6.4326,-2.2963,51.2404,labels
341,33,40.4065,24,train,False,-1.3064,2.6742,7.0784,-1.4408,33.643,2.6694,7.0062,-1.4456,27.4211,2.8795,7.6204,-1.2355,85.3314,labels
231,33,40.7824,18,train,False,-0.4403,3.5907,7.347,-0.5243,13.7426,3.5242,6.7855,-0.5908,47.7031,3.7006,7.2196,-0.4144,3.1949,labels
172,33,40.8298,10,train,False,-0.1615,-0.0973,5.1579,-0.0973,10.4951,0.0254,4.9281,0.0254,36.4438,-0.1836,5.5508,-0.1836,31.0672,labels
421,33,40.9466,27,test,False,-1.2566,-2.8693,4.8913,-1.2457,33.8675,-2.8227,5.1548,-1.2923,60.3054,-2.8604,4.1418,-1.2546,41.0948,labels
285,33,40.955,23,train,False,-2.1941,-1.8801,-7.9548,-2.2349,140.9548,-1.7189,-6.0655,-2.3961,330.4367,-2.0134,-8.8723,-2.1016,50.0059,labels
280,33,41.1273,21,train,False,-2.1414,1.7777,8.7378,-2.3373,29.2915,1.8923,8.181,-2.2227,34.8685,2.0953,8.3734,-2.0197,19.0513,labels
162,33,41.1382,19,train,False,-1.2172,3.0113,8.6753,-1.1037,35.5252,3.2114,8.9458,-0.9036,68.3354,2.9141,8.6649,-1.2009,32.6685,labels
303,33,41.1419,9,train,False,-0.8253,2.9635,4.7025,-1.1515,42.597,4.0441,4.9158,-0.0709,75.6851,4.0672,4.8557,-0.0478,78.6811,labels
125,33,41.4527,17,train,True,0.0282,4.002,-7.5539,-0.113,135.8778,4.686,-16.5109,4.6259,762.4854,4.2502,-9.7889,0.1352,89.0033,labels
269,33,41.4733,38,train,False,-2.1426,-1.8647,10.054,-1.831,112.8448,-1.8352,9.7797,-2.1053,85.9996,-1.6002,9.1517,-2.5148,43.2827,labels
43,33,41.6778,9,train,True,0.0533,3.8597,-3.6283,-0.2553,231.558,4.9351,-13.7855,7.3855,789.9607,4.39,-6.7088,0.3088,81.6272,labels
362,33,41.7927,22,test,False,-2.0925,-1.7914,9.3726,-2.3236,35.051,-0.9434,10.063,-1.822,144.0305,-1.9605,8.4403,-2.1545,67.1496,labels
8,33,41.8052,31,train,False,-2.0329,-2.0716,-8.7434,-2.0434,110.8738,-2.0257,-9.1941,-2.0893,65.9334,-2.1209,-9.2462,-1.9941,60.8236,labels
150,33,42.1245,12,train,False,-0.0335,0.4009,-4.692,-0.4009,167.6224,1.0878,-20.2925,13.8925,1393.9388,0.8034,-9.0302,2.6302,268.3775,labels
359,33,42.6517,20,test,False,-3.4241,-0.8849,7.7511,-3.2301,19.734,-1.14,7.7706,-2.975,44.9479,0.0702,7.4997,-4.0448,81.357,labels
342,33,42.8478,20,train,False,-0.4173,3.4726,-9.8318,-0.6424,163.775,3.0931,-14.9306,3.0456,347.6011,3.0782,-10.3851,-1.0368,112.8008,labels
407,33,42.8647,17,test,False,-2.6312,1.6066,7.3819,-2.5084,21.4926,1.1073,6.8724,-3.0077,78.2479,1.0543,6.8571,-3.0607,82.2339,labels
238,33,42.9568,11,train,False,-0.6479,3.2383,-2.3323,-0.8767,229.1013,4.116,-13.6445,7.2445,905.5976,3.4559,-7.1155,0.7155,250.3703,labels
266,33,43.0425,15,train,False,-2.0629,-1.9808,9.1795,-2.1342,22.7553,-1.8645,9.3918,-2.2505,18.7573,-2.1098,9.0984,-2.0052,30.277,labels
140,33,43.1795,31,train,False,-2.4239,1.3967,9.7369,-2.1481,29.6206,1.1362,10.071,-1.814,71.2565,1.5842,9.6103,-2.2747,16.9117,labels
100,33,43.2635,18,train,False,-1.7548,2.31,-6.0841,-1.805,141.6201,2.3957,-10.3692,-1.5158,287.0012,2.4426,-9.2069,-1.6724,170.9436,labels
249,33,43.4328,10,train,False,-2.1043,-1.9484,-3.0472,-2.1666,211.0715,-0.8333,16.2914,4.4064,2148.0655,-2.2312,-5.4772,-1.8838,38.8779,labels
12,33,43.434,18,train,False,-0.5685,3.47,10.3565,-0.645,9.0554,3.5747,10.2023,-0.5403,10.9364,3.6269,10.3472,-0.4881,8.9438,labels
382,33,43.9738,21,test,False,-1.3616,2.52,-5.152,-1.595,138.3025,3.4115,-13.252,1.367,676.8878,3.0962,-8.3005,-1.0188,181.7936,labels
292,33,44.2623,20,train,False,-3.1812,-0.7732,-3.1678,-3.3418,144.074,-1.3041,-9.0419,-2.8109,445.7741,-1.512,-8.9704,-2.603,440.8914,labels
139,33,44.3349,18,train,False,-1.8619,-2.0652,-4.0262,-2.0498,147.2237,-1.9098,-2.9512,-2.2052,255.828,-2.369,-8.352,-1.746,286.7953,labels
429,33,44.4444,18,test,False,-0.7003,-3.0711,6.92,-1.0439,42.6905,-2.7041,6.669,-1.4109,87.1428,-3.2325,6.7003,-0.8825,50.6938,labels
16,33,44.4444,23,train,False,-3.767,-0.1924,-5.2718,-3.9226,159.8882,-0.0352,-2.7688,-4.0798,410.6192,-0.3246,-7.6495,-3.7904,78.6761,labels
110,33,44.5527,18,train,False,-0.336,-3.8577,-7.8539,-0.2573,173.45,-3.8822,-6.5584,-0.2328,303.0006,-3.7078,-8.7308,-0.4072,85.8803,labels
21,33,44.6458,33,train,False,-0.9722,3.1763,-4.7749,-0.9387,152.7011,3.1887,-3.1211,-0.9263,318.084,3.1303,-5.858,-0.9847,44.3789,labels
376,33,44.6485,15,test,False,-0.5387,-3.2223,-5.3753,-0.8927,167.7842,-1.4399,1.927,-2.6751,919.3989,-3.8199,-8.7066,-0.2951,170.8704,labels
63,33,44.6944,25,test,False,-0.6152,3.018,-9.8532,-1.097,141.9533,2.1196,-0.8822,-1.9954,1043.4598,3.1118,-8.7525,-1.0032,251.7275,labels
18,33,44.7059,18,train,False,-1.4971,-2.5784,8.2818,-1.5366,6.3187,-2.5113,1.3756,-1.6037,685.767,-2.549,6.917,-1.566,131.7308,labels
234,33,44.7799,9,train,False,-0.3821,3.376,4.6335,-0.739,55.1179,3.3356,4.6722,-0.7794,60.6914,3.7686,4.6473,-0.3464,43.5361,labels
36,33,44.8301,23,train,False,-1.6139,-1.5491,-8.9146,-2.5659,136.2611,-1.5325,-9.5697,-2.3153,71.0383,-1.3866,-8.6753,-2.7284,159.6122,labels
338,33,44.9067,16,train,False,-2.2033,1.7252,-4.2921,-2.3898,178.8364,2.1592,-8.4909,-1.9558,243.2861,2.3149,-7.5199,-1.8001,150.4232,labels
377,33,44.9231,12,test,False,-0.6598,3.2356,4.3555,-0.8794,23.0561,2.3017,4.4479,-1.8133,116.4867,3.4299,4.4415,-0.6851,15.8129,labels
367,33,44.9431,18,test,False,-3.6005,-0.3725,-4.2103,-3.7425,158.113,-0.5665,-6.2632,-3.5485,48.0964,-0.6345,-7.8161,-3.4805,203.4611,labels
434,33,45.0133,18,test,False,-1.7066,-2.2409,8.3303,-1.8741,16.8319,-2.0109,8.3619,-2.1041,39.7836,-2.3198,8.176,-1.7952,19.2196,labels
428,33,45.0697,24,test,False,-1.1186,2.906,-6.1072,-1.209,146.8428,3.3455,-14.689,2.804,712.4674,3.1827,-8.7785,-0.9323,121.9965,labels
299,33,45.1108,22,train,False,-0.4202,-3.598,-7.8282,-0.517,154.2777,-3.4961,-6.0762,-0.6189,329.774,-3.5752,-8.8981,-0.5398,48.4889,labels
270,33,45.1131,14,train,False,-0.8438,-3.444,-5.5286,-0.671,201.8184,-2.8014,-14.1427,2.2577,662.008,-2.6793,-9.0863,-1.4357,165.6322,labels
390,33,45.4153,16,test,False,-2.1859,-1.633,-4.7758,-2.482,189.3676,-0.465,0.9241,-3.65,771.0601,-2.4194,-7.3715,-1.6956,87.5476,labels
80,33,45.4902,21,test,False,-3.8085,-0.256,6.7962,-3.859,11.2656,-0.309,6.6096,-3.806,28.723,-0.3926,6.7654,-3.7224,15.7182,labels
112,33,45.601,19,train,False,-2.1298,-1.8148,-6.0091,-2.3002,163.5257,-0.6144,2.7751,-3.5006,1050.0381,-2.0514,-7.7566,-2.0636,13.8077,labels
29,33,45.6256,6,train,False,-3.9894,-0.0254,4.3984,-4.0896,62.4254,0.1937,5.6485,-3.9213,189.3385,-0.4728,1.4189,-3.6422,238.8744,labels
395,33,45.7705,23,test,False,-1.3242,2.6116,6.5877,-1.5034,18.1279,3.0485,6.2968,-1.0665,36.8912,2.9484,6.2048,-1.1666,38.9332,labels
402,33,46.183,21,test,False,-2.6479,1.5592,5.427,-2.5558,11.3903,1.7605,5.348,-2.3545,29.3668,1.3166,5.3683,-2.7984,15.0672,labels
247,33,46.2745,10,train,False,-0.4054,-3.4276,5.0555,-0.6874,48.9763,-3.5903,4.5252,-0.5247,17.6358,-3.9306,4.9329,-0.1844,35.5053,labels
32,33,46.3927,6,train,False,-3.3809,-0.6752,-1.5925,-3.4398,308.3025,-0.4561,5.5158,-3.6589,1019.4559,-0.7756,-7.3197,-3.3394,264.5104,labels
168,33,46.517,29,train,False,-1.4069,-2.4987,11.2944,-0.5906,100.7977,-2.5232,8.351,-1.5918,196.6159,-2.6514,9.3029,-1.4636,100.72,labels
297,33,46.5272,22,train,False,-1.599,-2.3974,-7.0966,-1.7176,177.0832,-2.1479,-4.5202,-1.9671,435.8842,-2.6372,-8.2593,-1.4778,61.6217,labels
358,33,46.5786,32,test,False,-2.2134,-1.933,-3.2488,-2.182,169.6313,-1.8304,-6.0752,-2.2846,113.2536,-1.7925,-8.4141,-2.3225,347.0932,labels
414,33,46.7382,20,test,False,-2.44,-1.5824,-5.5832,-2.5326,158.8341,-1.6158,-6.9879,-2.4992,19.0451,-1.6301,-7.929,-2.4849,76.1445,labels
379,33,46.9272,9,test,False,-0.451,0.3723,4.2989,-0.3723,20.232,0.1422,3.7462,-0.1422,80.1056,0.4471,4.5365,-0.4471,5.1336,labels
153,33,47.091,21,train,False,-1.5338,2.2493,-6.9696,-1.8657,139.5848,1.677,-3.7464,-2.438,466.7477,2.426,-7.9737,-1.689,38.4522,labels
10,33,47.2357,10,train,False,-1.368,-1.1385,3.9246,-1.1385,37.1642,-1.3848,1.9344,-1.3848,169.8012,-1.1406,4.7075,-1.1406,109.8972,labels
4,33,47.2515,16,train,False,-0.2068,3.8128,-5.9109,-0.3022,193.1773,3.9447,-7.3849,-0.1703,45.679,3.8551,-7.6239,-0.2599,22.2777,labels
418,33,47.441,18,test,False,-1.57,2.2435,-3.6768,-1.8715,154.8774,3.6433,-11.2294,-0.4717,613.2627,3.5442,-7.7791,-0.5708,276.9684,labels
76,33,47.4932,30,test,True,0.2631,-4.3757,-0.7201,0.2607,35.3626,-4.3367,-0.2244,0.2217,85.0385,-4.306,4.0455,0.191,511.9793,labels
416,33,47.6834,18,test,False,-3.9656,0.1133,-4.4631,-4.0017,181.3781,0.794,-0.1017,-3.321,622.7954,-0.3236,-6.9601,-3.7914,72.3632,labels
37,33,48.0368,17,train,False,-1.8628,2.1156,7.1318,-1.9994,29.2258,2.0624,7.0493,-2.0526,25.8746,2.2889,7.0005,-1.8261,13.231,labels
423,33,48.264,19,test,False,-3.0515,-1.2454,-4.6844,-2.8696,165.6556,-1.0664,-7.1591,-3.0486,82.8129,-0.8903,-8.6267,-3.2247,230.2239,labels
396,33,48.2665,23,test,False,-3.8379,-0.167,-5.7367,-3.948,145.3708,1.4649,5.7014,-2.6501,1300.4777,-0.5327,-6.987,-3.5823,32.4081,labels
343,33,48.3768,35,train,False,-0.0242,-3.9993,12.4287,0.5437,102.0685,-3.9833,11.0965,-0.1317,33.3398,-4.0897,9.0566,-0.0253,235.5486,labels
242,33,48.3908,8,train,False,-0.4477,3.3288,4.6219,-0.7862,34.0922,3.1877,4.7214,-0.9273,49.9674,3.7904,4.8957,-0.3246,33.7586,labels
437,33,48.4429,9,test,True,0.0217,0.1461,5.1403,0.1461,47.7215,0.0639,5.4595,0.0639,14.7681,0.0245,5.6932,0.0245,9.2248,labels
443,33,48.5086,19,test,False,-0.2851,-3.5985,8.2739,-0.5165,27.3737,-3.8969,8.3801,-0.2181,7.8061,-3.9173,7.9645,-0.1977,46.3986,labels
378,33,48.5398,18,test,False,-0.6224,-3.1249,-6.7068,-0.9901,184.334,-2.4614,-3.7257,-1.6536,489.7171,-4.0997,-8.1536,-0.0153,70.5565,labels
260,33,48.6166,33,train,False,-3.9489,-0.0233,-6.3826,-4.0917,138.3531,0.6189,-11.6575,-0.2275,393.055,1.0904,-8.8045,-3.0246,139.9933,labels
261,33,48.6486,15,train,False,-1.6415,-2.3186,7.3775,-1.7964,30.4021,-2.2797,7.572,-1.8353,49.5571,-2.3462,7.3802,-1.7688,29.3399,labels
72,33,48.7805,17,test,False,-3.0509,1.1365,6.4196,-2.9785,28.8379,1.1773,6.2246,-2.9377,48.7483,1.0625,6.512,-3.0525,18.6799,labels
318,33,48.9017,7,train,False,-0.5906,0.4533,5.4577,-0.4533,30.8976,0.5312,5.4687,-0.5312,27.2331,0.8384,5.5548,-0.8384,30.6055,labels
176,33,49.0622,32,train,False,-2.3953,1.6815,-6.7497,-2.4335,105.0212,1.4956,-1.5772,-2.6194,622.6093,1.6794,-8.0035,-2.4356,20.8195,labels
331,33,49.1386,14,train,False,-0.9293,-3.1476,5.0821,-0.9674,14.6961,-3.0923,5.0965,-1.0227,18.2079,-3.0334,5.0254,-1.0816,17.4497,labels
108,33,49.271,30,train,False,-2.2486,-1.7577,-6.1057,-2.3573,124.4568,-1.3106,-0.4534,-2.8044,691.453,-1.8346,-7.3065,-2.2804,5.0357,labels
286,33,49.2973,19,train,False,-3.2782,0.7088,7.276,-3.4062,16.1795,0.2851,7.0487,-3.8299,56.6438,1.07,7.2444,-3.045,24.2751,labels
339,33,49.4085,19,train,False,-1.3909,2.8899,7.0009,-1.2251,41.3661,2.6576,5.3515,-1.4574,127.212,2.5671,6.8229,-1.5479,25.5064,labels
35,33,49.4631,15,train,False,-2.3911,-1.3876,5.552,-2.7274,33.865,-0.0761,5.0223,-4.0389,174.3302,-1.7901,5.5054,-2.3249,10.854,labels
284,33,49.505,20,train,False,-2.5217,1.3541,7.6646,-2.7609,24.1905,1.2818,7.8371,-2.8332,33.9991,1.6575,7.5441,-2.4575,16.9371,labels
6,33,49.6812,15,train,False,-0.3611,3.7117,-8.3405,-0.4033,131.6497,3.4597,-1.4627,-0.6553,819.885,3.7722,-7.631,-0.3428,202.5379,labels
411,33,49.8551,30,test,False,-1.9606,-2.1863,4.0489,-1.9287,52.7058,-2.0715,3.4418,-2.0435,11.5846,-2.0336,3.8098,-2.0814,31.1384,labels
296,33,50.094,27,train,False,-1.3433,2.6849,10.9569,-0.9281,66.1876,2.954,9.1199,-1.161,119.4825,2.9172,9.9386,-1.1978,39.0286,labels
263,33,50.3744,15,train,False,-1.3515,-2.6604,7.8016,-1.4546,13.2144,-2.705,6.4913,-1.41,122.9046,-2.8075,7.5257,-1.3075,19.8203,labels
354,33,50.4165,33,train,True,0.988,5.0511,-4.6206,0.9361,135.4585,5.0719,-10.7158,0.9569,474.173,3.0869,-8.5705,-1.0281,328.7167,labels
363,33,50.4889,21,test,False,-2.9275,-1.2698,-4.8249,-2.8452,174.7421,-1.1748,-6.1394,-2.9402,43.1252,-1.077,-7.9297,-3.038,136.3762,labels
372,33,50.5987,13,test,False,-1.1168,-1.7001,5.5206,-0.8794,28.7344,-2.1258,1.7723,-1.7723,352.0798,-1.9362,5.1882,-1.2118,12.057,labels
114,33,50.6289,20,train,False,-1.8331,-2.0905,-6.9319,-2.0245,187.4735,-1.4856,-0.8686,-2.6294,796.8121,-2.1614,-8.6466,-1.9536,19.2593,labels
438,33,50.7865,13,test,False,-1.5626,1.3949,-2.6028,-1.3949,197.5953,3.2553,-30.7332,24.3332,2621.6289,2.5929,-7.3531,0.9531,296.6204,labels
111,33,50.9955,13,train,False,-1.3446,2.0249,5.2446,-1.1554,22.3636,1.0277,4.4651,-1.0277,126.2854,1.9677,5.2761,-1.1239,28.2554,labels
237,33,51.0161,8,train,False,-0.3174,3.3843,5.1373,-0.7307,45.377,3.4104,5.1906,-0.7046,45.5941,3.7825,5.124,-0.3325,17.4744,labels
56,33,51.2418,25,test,False,-2.0455,-2.1343,-6.3837,-1.9807,140.2765,-2.2981,-1.2069,-1.8169,658.2043,-1.9747,-8.3501,-2.1403,57.3062,labels
310,33,51.4548,8,train,False,-0.751,2.2514,5.0153,-1.3847,77.9275,2.3344,5.0791,-1.3209,67.9708,3.033,5.3642,-1.0358,43.4494,labels
69,33,51.5131,7,test,False,-1.0743,-2.8578,-2.6927,-1.2572,234.4641,-1.9067,8.4456,-2.2083,1352.3393,-3.1055,-6.6777,-1.0095,164.8825,labels
97,33,51.6078,17,train,False,-1.6004,-2.2711,8.4245,-1.8439,24.4055,-2.3349,8.2875,-1.7801,21.6025,-2.5295,7.8846,-1.5855,52.3187,labels
127,33,51.6379,23,train,False,-1.4451,-2.611,-2.1361,-1.504,146.3961,-2.5739,-18.0004,6.1154,1440.1847,-2.7004,-9.1818,-1.4146,558.2982,labels
413,33,51.8919,11,test,False,-0.3932,0.3832,5.5062,-0.3832,50.2105,0.3791,5.2011,-0.3791,80.682,0.5009,6.0236,-0.3764,8.1231,labels
136,33,51.8974,22,train,False,-2.207,2.019,9.6514,-2.096,19.5662,1.9156,8.4535,-2.1994,103.6876,1.6724,9.4729,-2.4121,23.6175,labels
68,33,51.9298,30,test,False,-2.4544,-1.193,-8.4851,-2.922,94.7146,-1.7601,3.2929,-2.3549,1273.8726,-0.9884,-8.4156,-3.1266,102.5886,labels
49,33,51.9298,21,test,False,-1.9144,-2.1843,8.1306,-1.9307,3.3565,-2.1409,8.0721,-1.9741,10.6176,-2.0939,7.9286,-2.0211,25.482,labels
39,33,52.1437,18,train,False,-2.091,1.8248,7.1363,-2.2902,31.0322,2.016,6.7345,-2.099,16.4146,2.0892,6.8122,-2.0258,10.8068,labels
360,33,52.1692,21,test,False,-1.4209,-2.6391,-5.8153,-1.4759,191.2098,-2.6472,-5.2448,-1.4678,248.2273,-2.6955,-8.1608,-1.4195,43.4123,labels
369,33,52.2864,20,test,False,-1.4469,2.5043,-7.6896,-1.6107,196.463,2.5368,-8.1523,-1.5782,150.0833,2.5353,-8.3484,-1.5797,130.5746,labels
75,33,52.6038,14,test,False,-3.7093,-0.0366,3.1701,-4.0784,193.6291,-0.7046,5.3262,-3.4104,419.0993,1.4742,-3.5838,-2.6408,498.4664,labels
348,33,52.6565,13,train,False,-1.8374,-2.2319,-6.4809,-1.8831,245.95,-2.3792,-21.585,9.7,1264.5446,-2.2422,-9.2185,-1.8728,28.0845,labels
398,33,52.8579,12,test,False,-0.6297,3.249,5.6707,-0.7293,23.8859,2.557,5.3784,-1.0216,96.341,3.5351,5.5279,-0.5799,11.9044,labels
383,33,53.0598,21,test,False,-2.0572,-1.7733,9.4126,-2.3417,43.1667,-1.7021,9.5725,-2.3125,60.1095,-1.911,9.0137,-2.204,16.4487,labels
51,33,53.2135,32,test,False,-0.8455,-3.2255,7.9842,-0.8895,35.0655,-0.4977,-1.112,-3.6173,917.6847,-3.0897,7.6345,-1.0253,17.9805,labels
104,33,53.3011,8,train,False,-0.3456,-3.2079,4.8027,-0.9071,69.904,-4.7948,5.4644,0.6798,105.4384,-4.7896,3.9677,0.6746,161.4512,labels
65,33,53.3333,24,test,False,-3.0207,-1.1503,6.4456,-2.9647,5.6011,-1.1326,6.2676,-2.9824,18.4556,-0.9704,5.5533,-3.1446,90.3366,labels
45,33,53.3333,28,train,False,-2.3769,1.7243,9.2734,-2.3907,25.287,1.5255,9.8073,-2.0777,81.4618,1.7429,9.048,-2.3721,2.753,labels
240,33,53.3333,38,train,False,-2.5348,-0.1205,10.3613,-1.5237,101.2538,-0.2373,9.1253,-2.7597,28.2079,0.0078,9.378,-2.507,7.9846,labels
264,33,53.4843,8,train,False,-0.9719,0.9238,5.6352,-0.7648,36.9096,0.7803,5.65,-0.75,50.0756,1.6013,5.723,-0.677,47.4723,labels
94,33,53.5393,16,train,False,-2.6323,1.1335,-4.3366,-2.9815,156.2733,3.2582,-14.4054,2.5204,872.8062,2.5976,-7.776,-1.5174,221.6874,labels
349,33,53.6228,8,train,False,-0.5773,-3.1091,5.4705,-0.9295,43.0619,-3.92,4.5753,-0.195,93.4835,-3.6542,5.1608,-0.4608,29.1824,labels
71,33,53.7721,23,test,False,-0.7569,-3.2447,-6.4608,-0.8703,162.1431,-3.0657,-4.4212,-1.0493,366.8786,-3.2513,-8.101,-0.8637,10.9213,labels
11,33,54.1313,31,train,False,-1.5572,-0.4351,-8.9727,-2.9123,135.642,-0.6837,-4.3249,-3.4313,601.0882,-0.4295,-8.041,-3.6855,228.7522,labels
370,33,54.3448,18,test,False,-2.303,1.9396,6.0345,-2.1754,12.7603,2.2216,5.8509,-1.8934,44.946,1.7229,5.9124,-2.3921,15.2251,labels
24,33,54.4782,8,train,False,-0.5836,2.4542,5.502,-0.898,44.5366,1.9413,4.8144,-1.5856,130.0095,2.8085,5.3744,-1.0256,44.3676,labels
148,33,54.4893,24,train,False,-2.4449,1.8318,9.4802,-2.2832,37.6247,2.1106,10.0768,-1.8082,103.4813,1.6572,9.081,-2.4578,6.0827,labels
321,33,54.5248,24,train,False,-2.1856,-2.0885,-6.4684,-2.0265,210.015,-1.856,-10.2563,-1.6287,169.5403,-1.8017,-8.7401,-2.3133,21.8739,labels
250,33,54.5324,22,train,False,-2.8849,1.1057,7.0163,-3.0093,68.6607,1.0049,8.1574,-3.1101,183.0293,1.1788,7.0788,-2.9362,73.9578,labels
156,33,54.6796,26,train,False,-3.435,0.706,7.7894,-3.409,66.3575,0.8606,8.3557,-3.2544,23.7198,0.6027,7.7102,-3.5123,74.0849,labels
124,33,54.8843,29,train,False,-3.7463,0.4795,5.8335,-3.6355,29.4189,0.4457,5.7304,-3.6693,18.6125,0.1252,5.982,-3.9898,48.642,labels
440,33,54.902,23,test,False,-2.2635,-2.0026,-3.3974,-2.1124,174.2713,-1.9689,-2.8137,-2.1461,232.2831,-1.8254,-6.9451,-2.2896,181.1802,labels
78,33,55.1598,22,test,False,-2.6022,1.6132,5.7598,-2.5018,10.0484,2.8984,1.6631,-1.2166,432.8659,1.3356,5.5062,-2.7794,31.28,labels
87,33,55.1724,27,test,False,-1.6365,-2.5267,0.3425,-1.5883,40.8661,-3.6745,0.2357,-0.4405,123.2866,0.659,4.4052,-3.456,545.996,labels
152,33,55.2941,22,train,False,-1.3308,2.8161,-8.5234,-1.2989,203.6388,2.9584,-6.8105,-1.1566,375.5141,2.7059,-9.0551,-1.4091,149.9671,labels
356,33,55.3366,11,test,False,-0.3354,3.4318,-2.8239,-0.6832,317.9266,4.4298,-13.2368,6.8368,728.1885,3.7306,-6.4023,0.0023,42.1157,labels
158,33,55.441,25,train,False,-2.0011,-2.1958,9.061,-1.9192,30.0918,-2.2771,9.2726,-1.8379,52.7084,-2.1017,8.9871,-2.0133,21.5991,labels
55,33,55.5556,29,test,False,-2.4284,-1.5012,9.1738,-2.6138,32.9183,-1.322,9.3182,-2.5668,55.3562,-1.5955,9.1308,-2.5195,24.65,labels
323,33,55.6231,15,train,False,-0.2922,-3.5323,-4.9981,-0.5827,213.0712,-3.2178,-2.8763,-0.8972,427.5688,-3.9287,-8.3407,-0.1863,123.6287,labels
387,33,55.641,18,test,False,-0.6988,3.4987,8.1982,-0.6163,25.0505,3.8819,6.344,-0.2331,214.2062,3.2512,8.0193,-0.8638,44.7016,labels
278,33,55.698,21,train,False,-1.7017,2.351,9.0444,-1.764,26.9386,2.394,8.5916,-1.721,19.1724,2.3029,7.9092,-1.8121,88.0057,labels
98,33,55.7192,19,train,False,-2.0548,1.7533,-3.4258,-2.3617,205.4253,1.8459,-4.1207,-2.2691,135.336,1.9438,-6.1671,-2.1712,71.9594,labels
135,33,55.7265,21,train,False,-1.3883,2.6962,-8.3278,-1.4188,20.6506,2.9567,2.9652,-1.1583,1149.9576,1.6278,-8.2637,-2.4872,113.115,labels
115,33,55.7669,17,train,False,-2.091,1.76,6.6576,-2.355,26.7543,0.8297,5.6405,-3.2853,159.729,2.2568,6.5865,-1.8582,25.9535,labels
365,33,56.1163,22,test,False,-2.7103,-1.2738,-6.1924,-2.8412,210.1959,-1.3401,-7.1326,-2.7749,115.9479,-1.4814,-8.065,-2.6336,23.8005,labels
25,33,56.2159,27,train,False,-3.0333,-0.9854,-6.3478,-3.1296,152.9496,-0.1819,0.9533,-3.9331,887.3328,-1.2577,-7.5719,-2.8573,34.9838,labels
109,33,56.2735,17,train,False,-0.7279,-3.3661,8.3842,-0.7489,30.9473,-3.3252,8.4107,-0.7898,28.8955,-3.2857,7.7584,-0.8293,94.0034,labels
275,33,56.2963,17,train,False,-0.06,4.1328,8.4149,0.0178,22.2679,4.3426,8.9518,0.2276,79.9157,3.8828,8.5927,-0.2322,42.3163,labels
289,33,56.331,9,train,True,0.3356,0.416,6.0921,-0.3079,67.531,0.0739,4.8908,-0.0739,192.4143,0.7114,5.9342,-0.4658,80.6442,labels
271,33,56.4907,10,train,False,-0.9196,0.858,5.5372,-0.858,34.1111,0.7273,5.6722,-0.7273,50.8312,0.9447,5.6935,-0.7065,49.2501,labels
309,33,56.5608,10,train,False,-2.2092,-1.8351,1.0719,-2.2799,92.907,-1.863,3.1772,-2.252,303.1966,-1.7748,-2.5488,-2.3402,269.7492,labels
142,33,56.5945,20,train,False,-1.0698,-3.0004,10.8759,-1.0091,9.044,-3.2302,9.5015,-0.8848,134.6851,-2.758,9.7675,-1.357,106.2286,labels
306,33,56.5967,23,train,False,-0.4536,3.4665,-1.5056,-0.6485,178.4082,4.0721,-11.3701,-0.0429,810.1546,4.1852,-8.3091,0.0702,505.7344,labels
262,33,56.7761,42,train,False,-2.9389,-1.3339,-3.2624,-2.7811,131.8259,-4.7329,18.4789,6.5939,2332.2839,-1.9933,-5.5108,-2.1217,124.5257,labels
7,33,56.8306,10,train,False,-0.1999,-0.0009,4.6986,-0.0009,32.2165,-0.0606,3.1701,-0.0606,128.2727,0.0078,5.0971,0.0078,68.4153,labels
103,33,56.9297,8,train,True,0.124,0.3383,5.0253,0.3383,48.9967,0.2449,5.2155,0.2449,27.8119,0.06,5.1429,0.06,32.9266,labels
147,33,57.0136,16,train,False,-1.0175,2.8527,-6.0679,-1.2623,207.4781,2.9391,-6.6311,-1.1759,150.549,3.0105,-7.1232,-1.1045,100.8766,labels
330,33,57.2597,18,train,False,-3.6771,-0.2582,-5.3261,-3.8568,218.8758,0.4734,1.472,-3.6416,902.5625,-0.553,-7.8637,-3.562,37.4352,labels
420,33,57.3041,37,test,False,-3.8904,-0.1446,-5.2684,-3.9704,168.0726,-0.0298,-5.3443,-4.0852,161.472,-0.2332,-7.7023,-3.8818,75.5164,labels
27,33,57.315,8,train,False,-0.4833,0.3303,4.4832,-0.3303,37.6966,0.0797,4.0252,-0.0797,89.8266,0.5691,4.4816,-0.5691,35.6582,labels
79,33,57.4671,20,test,False,-3.3649,0.7811,-3.7375,-3.3339,151.4265,0.8893,0.7024,-3.2257,595.5497,0.6105,-7.4213,-3.5045,217.4369,labels
117,33,57.5599,24,train,False,-2.8546,0.574,9.4007,-2.4843,40.6939,0.13,10.1873,-1.6977,130.9137,0.7505,8.7734,-3.1116,25.712,labels
15,33,57.586,21,train,False,-1.9423,1.9642,10.0227,-1.8623,62.3697,1.9643,10.1667,-1.7183,76.0907,2.1682,9.7199,-1.9468,28.5064,labels
347,33,57.6499,30,train,False,-3.4437,-0.5699,8.1879,-3.5451,174.0248,-0.4358,4.052,-3.6792,241.0117,-0.7723,7.6453,-3.3427,119.9008,labels
66,33,57.7809,16,test,False,-2.2017,1.808,-5.328,-2.307,184.8921,1.7466,-4.7225,-2.3684,245.7002,1.8842,-7.8002,-2.2308,62.7029,labels
129,33,57.8899,23,train,False,-1.2323,-3.0032,3.0225,-1.1118,52.0608,-3.0997,3.3674,-1.0153,87.8528,-2.6404,5.0867,-1.4746,258.2018,labels
138,33,57.9332,22,train,False,-1.3735,2.2938,10.4354,-1.4496,14.2651,2.2434,10.4044,-1.4806,20.1751,2.4002,9.8145,-1.7148,69.7199,labels
375,33,58.1847,12,test,False,-1.2555,2.6209,4.5655,-1.4941,27.08,2.311,4.7308,-1.6692,62.1999,2.8402,4.6742,-1.2748,23.7517,labels
33,33,58.4189,17,train,False,-2.366,-1.8269,7.7313,-2.2881,23.0666,-1.8679,7.7708,-2.2471,28.2798,-1.7961,7.3862,-2.3189,13.6384,labels
149,33,58.4549,17,train,False,-1.0949,-2.7931,-8.3165,-1.3219,231.8056,-4.0719,-27.9532,16.0682,1736.1735,-3.8043,-10.8755,-0.3107,82.3722,labels
9,33,58.4615,21,train,False,-0.0442,-4.0792,10.9961,-0.0358,29.4548,-4.0379,11.594,-0.0771,89.2958,-3.7309,10.5642,-0.3841,36.6601,labels
268,33,58.6112,10,train,False,-0.8198,2.9222,-1.722,-1.1928,307.5094,4.0187,-13.332,6.932,858.8164,3.5429,-6.8113,0.4113,205.1913,labels
113,33,58.6667,22,train,False,-1.2468,2.0508,10.8813,-1.0037,30.94,1.629,11.3506,-0.5344,94.0028,2.1847,10.0227,-1.8623,61.8159,labels
257,33,58.7637,23,train,False,-2.4163,1.839,4.9527,-2.276,47.6425,2.0416,5.8119,-2.0734,135.8505,1.4693,4.6991,-2.6457,30.5515,labels
415,33,58.8864,16,test,False,-1.5115,2.2713,6.0756,-1.8437,48.8652,2.1827,6.0546,-1.9323,56.6584,2.6775,5.978,-1.4375,46.1938,labels
432,33,58.8889,11,test,False,-0.1622,-3.4978,5.5738,-0.6172,58.5173,-4.4256,5.2937,0.3106,80.2152,-3.9217,5.5186,-0.1933,42.4243,labels
436,33,58.9421,20,test,False,-0.8772,3.1055,10.8184,-1.0095,22.1996,3.5473,10.2823,-0.5677,91.5061,2.9494,10.1681,-1.1656,84.0688,labels
259,33,58.9882,11,train,False,-0.6235,-3.1076,5.3869,-1.0074,60.8943,-3.9067,3.8445,-0.2083,114.7518,-3.7534,5.1692,-0.3616,36.5539,labels
351,33,58.9897,32,train,False,-0.4182,3.6797,-0.7433,-0.4353,191.5777,3.6793,-0.6073,-0.4357,205.1794,3.6811,-6.7068,-0.4339,404.7838,labels
374,33,59.0769,36,test,False,-1.651,1.9881,10.9029,-0.9821,67.5749,2.064,9.8433,-2.0417,39.1283,2.0677,9.5993,-2.0473,63.4912,labels
232,33,59.1291,26,train,False,-1.9816,2.4473,-3.0386,-1.6677,183.5394,2.2305,-4.4935,-1.8845,36.6501,1.2569,-7.6842,-2.8581,296.9532,labels
422,33,59.1753,9,test,False,-1.3157,-1.4031,4.673,-1.4031,55.4996,-1.4667,4.7014,-1.4667,49.2101,-1.6193,5.1394,-1.2606,16.594,labels
325,33,59.2221,11,train,False,-0.825,3.104,5.7758,-0.6242,57.2156,2.4492,6.4405,0.0405,146.9941,3.3384,6.4668,0.0668,123.3063,labels
435,33,59.2475,13,test,False,-1.4621,1.8609,-2.8126,-1.8609,214.2614,5.1815,-44.1412,37.7412,3932.1717,3.5076,-6.9364,0.5364,242.6064,labels
272,33,59.2665,26,train,False,-2.3359,-1.7407,-4.0273,-2.3743,220.6798,-1.7827,-11.2581,-0.6269,502.4307,-1.8045,-8.7258,-2.3105,249.2139,labels
425,33,59.3258,11,test,False,-0.3307,3.5604,4.5125,-0.5546,24.6959,2.4774,3.023,-1.6376,206.1049,3.6555,4.8443,-0.4595,26.1543,labels
119,33,59.3569,22,train,False,-1.917,1.8863,9.1439,-2.2287,33.8132,1.862,9.1016,-2.253,34.7495,2.2598,8.9339,-1.8552,10.0352,labels
401,33,59.5686,16,test,False,-1.5433,2.6004,-4.3975,-1.5146,246.285,2.1983,-18.4291,6.5441,1157.4949,2.1404,-9.0304,-1.9746,221.2671,labels
408,33,59.599,19,test,False,-3.3908,-0.6753,-5.9165,-3.4397,183.5674,-0.726,-6.9286,-3.389,82.2956,-0.761,-8.2348,-3.354,48.4622,labels
313,33,59.6239,17,train,False,-0.1455,4.1666,10.1028,0.0516,39.1992,4.5264,9.8071,0.4114,55.8504,3.9279,9.7868,-0.1871,4.7451,labels
248,33,59.7206,9,train,False,-0.4042,-3.2341,5.2836,-0.8809,61.7563,-3.4729,5.0423,-0.6421,28.1959,-3.7477,5.2272,-0.3673,33.8253,labels
13,33,59.7654,8,train,False,-0.0647,2.9992,5.5252,-0.8748,102.8834,2.5824,5.0577,-1.3423,165.4405,3.4397,5.679,-0.6753,68.4244,labels
254,33,59.7962,24,train,False,-1.6787,-2.3052,8.6516,-1.8098,101.8527,-2.3091,7.8216,-1.8059,22.0483,-2.416,8.2997,-1.699,65.8398,labels
276,33,59.9151,12,train,False,-0.6268,-1.697,5.7828,-0.6172,32.4604,-2.964,2.4309,-1.151,347.2663,-2.68,4.7517,-1.435,121.5345,labels
171,33,60.1481,27,train,True,0.314,-4.495,0.8504,0.38,102.5664,-4.8116,8.9545,0.6966,913.5631,-3.7726,-1.4108,-0.3424,140.104,labels
307,33,60.1761,32,train,False,-1.9976,1.527,10.6646,-1.2204,83.7713,1.7713,10.6793,-1.2057,96.8169,1.2562,9.8682,-2.0168,4.6105,labels
364,33,60.3733,31,test,False,-1.0375,2.4561,11.2782,-0.6068,43.1506,2.2211,12.0351,0.1501,121.6195,2.3265,10.5992,-1.2858,29.3723,labels
439,33,60.5364,19,test,False,-1.3093,-2.4762,10.2405,-1.6388,33.0193,-1.8256,9.9628,-1.9222,102.4753,-2.5623,9.4635,-1.5527,83.4785,labels
256,33,60.5765,8,train,False,-2.3034,1.5179,-1.2382,-2.5971,404.1299,0.5804,8.4294,-3.4556,1375.3507,2.146,-5.5595,-1.969,44.3063,labels
361,33,60.6403,10,test,False,-0.4442,3.1999,-2.5191,-0.9151,312.5703,5.2321,-20.3376,13.9376,1481.1082,4.1077,-6.1282,-0.0073,67.8523,labels
141,33,60.8677,18,train,False,-1.9527,-2.0228,-5.4052,-2.0922,237.4274,-1.5805,-0.682,-2.5345,711.7172,-2.3064,-8.5743,-1.8086,81.1921,labels
441,33,61.2132,14,test,False,-1.9571,-2.1254,5.4238,-1.9896,38.0743,-2.1402,5.5036,-1.9748,30.0074,-2.1157,5.6864,-1.9993,12.4164,labels
243,33,61.2276,8,train,False,-0.3979,-3.1412,4.3236,-0.9738,73.0823,-3.5997,3.8019,-0.5153,13.7472,-4.218,4.3383,0.103,68.335,labels
388,33,61.2303,58,test,True,0.2766,-3.671,-9.9949,-0.444,216.6825,-3.4936,-11.6464,-0.2386,53.8734,-4.0256,-9.8489,-0.0894,234.2774,labels
294,33,61.4931,19,train,False,-1.7739,2.1116,8.632,-2.0034,32.5223,1.5894,8.4814,-2.5256,75.5998,2.2727,8.3409,-1.8423,9.1424,labels
1,33,61.6649,21,train,False,-0.8979,2.974,9.2932,-1.141,73.2554,2.576,10.3058,-1.539,182.0264,3.0829,9.2487,-1.0321,66.0296,labels
277,33,62.381,19,train,False,-2.5345,-1.776,-2.7208,-2.339,248.3443,-2.0608,1.8005,-2.0542,701.3433,-1.5415,-8.2092,-2.5735,301.2953,labels
185,33,62.6998,30,train,False,-1.1413,-3.012,3.3217,-1.103,98.7203,-3.2055,5.2175,-0.9095,289.1546,-2.862,3.639,-1.253,130.8518,labels
335,33,63.0378,16,train,False,-2.7704,-1.3896,9.1028,-2.7254,12.365,-2.1738,5.9666,-1.9412,327.6088,-1.1741,8.8458,-2.9409,28.4156,labels
179,33,63.2762,9,train,False,-1.046,-0.718,4.2581,-0.718,46.2648,-1.0813,4.2055,-1.0813,38.0579,-1.0481,4.6808,-1.0481,9.6408,labels
409,33,63.3484,18,test,False,-0.8746,-3.1875,6.8281,-0.9275,5.2952,-3.0699,6.6322,-1.0451,25.923,-3.1415,6.3929,-0.9735,44.5656,labels
394,33,63.4691,21,test,False,-2.6282,-1.3062,-3.9755,-2.8088,220.8821,-1.6214,-8.7958,-2.4936,262.2308,-1.7167,-7.895,-2.3983,173.343,labels
88,33,63.619,24,test,False,-3.4191,0.9668,6.8867,-3.1482,28.352,1.7253,7.0362,-2.3897,105.5491,0.6925,5.943,-3.4225,85.977,labels
251,33,63.6194,19,train,False,-1.2048,-2.2117,-8.619,-1.9033,206.3231,-2.4459,-12.3123,0.4273,163.8373,-2.184,-9.2675,-1.931,141.7639,labels
245,33,63.6398,11,train,False,-1.3927,2.6569,7.1627,-1.4581,35.662,2.5589,7.0211,-1.5561,26.5245,2.8261,7.2757,-1.2889,47.5022,labels
282,33,63.936,21,train,False,-2.1518,1.6219,9.0871,-2.4931,34.2499,1.7414,9.0253,-2.3736,23.9461,2.0296,8.8017,-2.0854,32.0804,labels
107,33,64.1176,17,train,False,-1.4218,2.8497,4.7997,-1.2653,15.699,2.5992,4.1468,-1.5158,67.0784,2.3637,4.0806,-1.7513,80.1261,labels
81,33,64.2793,30,test,False,-0.6055,-1.7985,-9.4865,-2.3165,179.3062,-1.797,-5.6516,-2.318,562.7917,-1.7726,-9.3706,-2.3424,190.9197,labels
273,33,64.2904,14,train,False,-1.694,1.9344,6.5722,-2.1806,61.6804,2.3543,5.8283,-1.7607,112.4876,2.6667,6.6859,-1.4483,36.1614,labels
442,33,64.6989,23,test,False,-1.7838,2.0502,-6.3261,-2.0648,217.0769,2.5588,-12.0918,0.2068,362.0402,2.5766,-9.2407,-1.5384,80.0684,labels
317,33,64.7501,7,train,False,-0.704,3.1511,-2.9765,-0.9639,305.8397,2.5379,3.6707,-1.5771,973.3753,3.2189,-7.2306,-0.8961,122.197,labels
288,33,64.7835,24,train,False,-0.9778,2.8463,8.4528,-1.2687,44.3811,2.9228,8.3788,-1.1922,33.7945,3.0357,8.0834,-1.0793,10.7088,labels
92,33,64.9587,15,train,False,-1.2641,2.9634,-7.1328,-1.1516,256.0383,2.7905,-11.7948,-0.0902,210.4959,2.875,-10.0339,-1.24,34.406,labels
424,33,65.098,16,test,False,-1.6286,-2.363,6.5468,-1.752,27.3562,-2.5858,6.7468,-1.5292,10.8732,-2.5572,6.7973,-1.5578,7.1065,labels
3,33,65.1096,20,train,False,-3.9708,0.2885,7.9796,-3.8265,89.2876,0.239,6.1944,-3.876,90.9079,0.2595,7.7084,-3.8555,62.0752,labels
235,33,65.1718,31,train,False,-2.9662,-0.94,-2.7103,-3.175,230.5334,-1.4163,-6.4662,-2.6987,148.4316,-2.0486,-6.254,-2.0664,153.8463,labels
236,33,65.2079,15,train,False,-0.993,-3.235,9.1896,-0.88,32.7731,-3.2759,9.3878,-0.8391,52.8785,-3.0099,9.1509,-1.1051,29.141,labels
253,33,65.4431,17,train,False,-1.2897,2.8948,-6.5973,-1.2202,238.7174,2.7297,-13.0462,1.1612,406.3879,2.825,-9.3578,-1.29,37.4296,labels
295,33,65.7121,16,train,False,-3.3033,-0.5095,-3.057,-3.6055,228.1529,-0.6563,-4.2105,-3.4587,111.8766,-1.1845,-7.907,-2.9305,261.5293,labels
60,33,65.763,36,test,False,-0.6903,2.6124,-9.8449,-1.5026,134.986,2.4308,-9.1618,-1.6842,204.2072,2.3723,-9.069,-1.7427,214.0471,labels
53,33,65.7658,29,test,True,0.6292,1.3125,13.0729,1.1879,57.2793,1.2416,13.0987,1.2137,61.6814,1.466,9.9354,-1.9496,257.8915,labels
91,33,65.8191,45,train,False,-2.0795,1.9267,11.0874,-0.7976,135.5797,1.7991,12.2107,0.3257,248.6041,4.3241,9.6973,0.2091,228.898,labels
58,33,65.8739,17,test,False,-3.8231,-0.0035,-4.6702,-4.1115,199.3642,2.0167,6.6206,-2.0983,1346.2904,-0.4366,-7.1991,-3.6784,57.4801,labels
42,33,65.9075,6,train,False,-1.0729,3.4128,7.9776,-0.7022,40.1898,4.2753,7.3536,0.1603,145.8816,2.3046,2.2295,-1.8104,594.9371,labels
386,33,65.9115,23,test,False,-1.442,2.3516,-5.9656,-1.7634,228.7964,3.3301,-14.6241,2.7391,642.6922,2.9845,-7.9394,-1.1305,42.6642,labels
353,33,65.9795,12,train,False,-3.1108,1.2337,8.1628,-2.8813,76.1607,3.0356,3.7157,-1.0794,553.8719,0.1597,8.1403,-3.7447,88.6712,labels
319,33,66.1714,21,train,False,-2.5276,1.5963,-4.7221,-2.5187,212.4083,1.5796,-1.4035,-2.5354,544.2709,1.587,-7.5013,-2.528,65.5146,labels
170,33,66.2393,17,train,False,-1.2598,2.5865,8.475,-1.5285,40.7399,2.6967,8.4872,-1.4183,35.5616,2.9015,8.1283,-1.2135,6.1547,labels
252,33,66.3835,20,train,False,-4.0841,-0.1735,5.4586,-3.9415,39.1784,0.0648,4.7365,-4.0502,38.933,0.0376,6.1898,-4.0774,106.5424,labels
241,33,66.4737,18,train,False,-0.0,-4.0726,-8.0386,-0.0424,213.8583,-4.1105,-11.4218,-0.0045,124.4966,-3.9494,-9.1224,-0.1656,106.7377,labels
130,33,66.5313,21,train,False,-1.9145,2.1995,4.3181,-1.9155,2.1588,2.2002,4.2538,-1.9148,8.5841,1.8032,4.5663,-2.3118,45.7349,labels
279,33,66.5515,23,train,False,-1.863,-2.1261,-7.0598,-1.9889,234.243,-1.6229,-1.3394,-2.4921,808.393,-2.3338,-8.6317,-1.7812,77.1479,labels
345,33,66.6667,16,train,False,-2.1531,1.7202,7.9543,-2.3948,38.1864,1.4454,8.1148,-2.6696,68.9084,2.2256,8.0113,-1.8894,44.0342,labels
389,33,66.7711,11,test,True,0.109,3.2924,6.3012,-0.0988,41.796,2.9559,6.1915,-0.2085,76.7893,3.6406,6.1486,-0.2514,36.07,labels
93,33,66.9995,29,train,False,-0.921,-2.9693,4.4222,-1.1457,24.1962,-3.1909,3.3661,-0.9241,96.6459,-3.2754,3.9508,-0.8396,39.024,labels
40,33,67.0064,16,train,False,-2.0975,1.6123,9.3744,-2.5027,41.2604,0.6868,9.3194,-2.5656,133.7287,1.8425,9.2935,-2.2725,23.5971,labels
298,33,67.0632,22,train,False,-1.4873,0.9496,10.5771,-1.3079,25.9402,0.5382,10.8962,-0.9888,77.9133,1.1859,10.0733,-1.8117,32.8094,labels
255,33,67.2472,15,train,False,-0.2988,3.5054,-4.4354,-0.6096,279.6549,3.248,-2.2796,-0.867,496.7563,3.5238,-6.7436,-0.5912,55.4372,labels
320,33,67.4531,15,train,False,-2.1359,-1.6302,7.0545,-2.4848,37.7797,-1.9691,5.9117,-2.1459,99.8072,-2.2333,6.5172,-1.8817,46.7618,labels
397,33,67.6036,19,test,False,-0.3238,-3.6151,8.0239,-0.4999,33.757,-3.7923,5.1372,-0.3227,259.8704,-3.757,7.4157,-0.358,32.2069,labels
267,33,67.726,14,train,False,-0.7428,3.4686,6.7949,-0.6464,127.0536,3.3525,8.0159,-0.7625,248.7897,3.6737,0.4433,-0.4413,509.3625,labels
128,33,67.7333,15,train,False,-1.3054,2.381,7.4051,-1.734,43.4545,2.923,7.4605,-1.192,11.454,3.283,6.6286,-0.832,97.1355,labels
302,33,67.8054,16,train,False,-0.8418,-2.8893,-4.6371,-1.2257,206.6773,-1.4765,1.6427,-2.6385,850.2574,-3.3813,-7.3398,-0.7337,68.0579,labels
31,33,67.8992,7,train,False,-0.1811,0.0106,4.5389,0.0106,40.8116,-0.3614,4.2861,-0.3614,63.8998,-0.3529,4.871,-0.3529,17.4023,labels
346,33,67.9392,20,train,False,-0.9282,2.2483,-8.3845,-1.8667,257.4068,2.1141,-10.7689,-1.1161,19.2072,2.1917,-10.1415,-1.7435,81.6185,labels
132,33,67.9526,22,train,False,-0.823,-2.1844,11.0567,-0.8283,0.656,-2.1976,10.7946,-1.0904,26.7961,-2.0979,9.7833,-2.0171,128.1375,labels
47,33,68.1967,18,test,False,-2.3476,-1.5223,5.9781,-2.5927,41.7273,-1.6654,6.0105,-2.4496,32.1846,-1.6526,5.6933,-2.4624,63.2986,labels
134,33,68.3817,19,train,False,-1.4632,2.7084,9.7379,-1.4066,7.0521,2.7656,9.7024,-1.3494,13.7755,2.4477,8.8218,-1.6673,97.9587,labels
410,33,68.582,19,test,False,-2.1099,-2.1737,-2.8696,-1.9413,175.9119,-2.5059,-0.0351,-1.6091,461.2736,-1.9537,-7.057,-2.1613,243.6922,labels
312,33,68.76,14,train,False,-1.9842,-1.9503,7.1301,-2.1647,69.4011,-1.9749,7.081,-2.1401,73.5908,-2.1209,7.0198,-1.9941,78.0453,labels
274,33,68.8196,30,train,False,-1.2357,3.2102,-8.0261,-0.9048,220.681,2.3141,-13.8331,1.9481,366.8948,1.908,-10.5311,-1.3539,102.3704,labels
431,33,68.8889,16,test,False,-0.0357,-3.6264,8.6662,-0.4886,51.1627,-2.013,6.8608,-2.102,259.3529,-3.6988,8.266,-0.4162,41.3624,labels
308,33,68.9013,7,train,False,-2.6778,1.436,-1.0193,-2.679,297.8164,1.4705,-2.4794,-2.6445,151.8354,1.4151,-6.9749,-2.6999,297.7518,labels
329,33,69.1518,17,train,False,-1.7574,2.133,7.9564,-1.982,36.0547,1.9995,8.2408,-2.1155,67.0225,2.3592,7.8641,-1.7558,18.9826,labels
333,33,69.3333,22,train,False,-0.5292,3.3253,8.044,-0.7897,89.7179,3.4449,7.7174,-0.6701,55.0229,3.5047,8.0001,-0.6103,81.8652,labels
70,33,69.4424,31,test,False,-1.9506,0.1208,10.2936,-1.5914,37.0458,0.1536,9.5499,-2.3351,38.8835,0.2557,9.4261,-2.4589,51.0229,labels
380,33,69.476,17,test,False,-2.8186,1.3476,-6.3186,-2.7674,269.6855,1.3975,4.6994,-2.7175,1371.4778,1.3342,-7.499,-2.7808,151.6406,labels
406,33,69.9549,10,test,False,-1.0326,0.7762,-1.7061,-0.7762,281.0968,3.9554,-50.0958,43.6958,4568.4067,2.5598,-5.7775,-0.6225,198.7675,labels
17,33,70.5174,13,train,False,-1.1607,2.6726,6.1314,-1.4424,37.7323,2.4036,5.9624,-1.7114,69.2631,2.9997,5.8675,-1.1153,51.6899,labels
304,33,70.5341,28,train,False,-1.4216,-2.4363,-2.0467,-1.6787,245.4245,-2.2336,-0.6472,-1.8814,386.7677,-3.2089,-5.8889,-0.9061,149.3251,labels
283,33,70.6949,17,train,False,-2.6773,-1.1106,-2.743,-3.0044,263.8912,-1.3944,-5.1168,-2.7206,24.8541,-1.9113,-8.557,-2.2037,323.0359,labels
291,33,70.7458,15,train,False,-2.5587,1.1892,5.3675,-2.9258,40.9971,1.6076,5.237,-2.5074,31.7149,1.7742,5.494,-2.3408,22.5016,labels
327,33,70.8395,16,train,False,-1.969,1.7786,7.6309,-2.3364,47.9363,1.7773,7.6118,-2.3377,46.8329,2.2249,7.7593,-1.8901,44.335,labels
121,33,70.9728,29,train,False,-3.7982,0.3864,8.4009,-3.4841,68.1805,0.4165,8.3644,-3.5206,64.9444,0.3139,8.3547,-3.5303,63.2029,labels
145,33,70.9983,25,train,False,-2.6996,-1.1555,-9.2796,-2.6054,9.4382,-1.4032,-0.7749,-2.7118,841.4305,-0.4532,-8.0853,-3.6618,130.2342,labels
14,33,71.1423,22,train,False,-1.1474,-2.6823,-7.0436,-1.4327,226.2706,-2.71,-7.2327,-1.405,207.1594,-3.0446,-8.4957,-1.0704,79.6285,labels
391,33,71.2628,24,test,False,-2.3914,-1.7911,6.4887,-2.3239,8.7392,-2.4447,4.5619,-1.6703,200.5485,-1.5328,6.2991,-2.5822,23.3211,labels
316,33,71.339,15,train,False,-3.5523,0.3649,-5.2937,-3.7501,304.2695,0.1121,-1.0114,-4.0029,733.2414,0.6564,-8.2451,-3.4586,16.6401,labels
400,33,71.6276,39,test,False,-1.6776,2.1274,11.482,-0.403,127.9359,2.127,12.6511,0.7661,244.6187,2.1004,10.7127,-1.1723,52.3528,labels
44,33,71.7042,11,train,False,-0.4431,0.2461,-1.1314,-0.2461,388.1665,0.3004,-8.0311,1.6311,302.6393,0.4806,-7.0759,0.6759,206.8087,labels
126,33,71.8022,7,train,False,-0.3299,-0.1333,3.8898,-0.1333,83.9981,-0.7424,3.9161,-0.7424,89.15,-0.6845,4.4137,-0.6845,45.99,labels
46,33,72.0,15,train,False,-0.1583,4.0136,-4.4142,-0.1014,250.0042,4.0444,-6.5056,-0.0706,41.7379,4.0187,-6.8214,-0.0963,11.1153,labels
350,33,72.3768,49,train,False,-3.3153,0.9508,9.8105,-2.0745,167.9408,,,,,0.9311,-7.6897,-3.1839,1582.819,labels
99,33,72.447,25,train,False,-2.9155,1.5584,9.365,-2.52,63.7007,1.6216,9.387,-2.4934,69.1849,1.0402,8.6172,-3.0748,27.2923,labels
41,33,72.4638,17,train,False,-3.1442,1.1449,-2.4639,-2.9701,252.7086,1.0548,-2.6937,-3.0602,229.2755,0.9375,-6.9001,-3.1775,191.5392,labels
239,33,72.4645,20,train,False,-2.3467,-1.8269,-3.7699,-2.2881,256.0468,-1.6363,-9.2151,-2.4787,288.8454,-1.8868,-8.1231,-2.2282,179.7355,labels
26,33,72.5156,15,train,False,-0.6816,-3.4159,10.3887,-0.6991,64.9531,-3.3234,10.6068,-0.7916,87.4366,-3.4194,10.1556,-0.6956,41.6492,labels
357,33,72.5382,9,test,False,-1.324,3.3738,8.0814,-0.7412,255.2432,0.4226,12.868,0.983,329.0281,0.0172,8.127,-3.758,367.3488,labels
430,33,72.5912,24,test,False,-3.7645,0.2012,-3.0993,-3.9138,270.759,0.361,-6.2624,-3.754,45.9694,0.4086,-5.024,-3.7064,78.0971,labels
315,33,72.6354,23,train,False,-3.5722,-0.1944,7.5256,-3.9206,131.6268,-0.3174,6.978,-3.7976,75.6147,-0.5918,6.9483,-3.5232,69.3776,labels
40,67,67.0064,16,train,False,-2.0975,1.6123,9.3744,-2.5027,41.2604,0.6868,9.3194,-2.5656,133.7287,1.8425,9.2935,-2.2725,23.5971,labels
298,67,67.0632,22,train,False,-1.4873,0.9496,10.5771,-1.3079,25.9402,0.5382,10.8962,-0.9888,77.9133,1.1859,10.0733,-1.8117,32.8094,labels
255,67,67.2472,15,train,False,-0.2988,3.5054,-4.4354,-0.6096,279.6549,3.248,-2.2796,-0.867,496.7563,3.5238,-6.7436,-0.5912,55.4372,labels
177,67,67.4074,19,train,False,-0.4077,3.7282,10.8039,-0.3868,69.7629,3.7805,10.7741,-0.3345,67.1545,3.5469,10.3027,-0.5681,25.3355,labels
320,67,67.4531,15,train,False,-2.1359,-1.6302,7.0545,-2.4848,37.7797,-1.9691,5.9117,-2.1459,99.8072,-2.2333,6.5172,-1.8817,46.7618,labels
397,67,67.6036,19,test,False,-0.3238,-3.6151,8.0239,-0.4999,33.757,-3.7923,5.1372,-0.3227,259.8704,-3.757,7.4157,-0.358,32.2069,labels
181,67,67.6123,7,train,False,-2.5451,0.6348,7.6159,-3.4802,127.1042,0.1185,8.1657,-3.7193,202.3995,2.0106,2.2494,-2.1044,452.7057,labels
267,67,67.726,14,train,False,-0.7428,3.4686,6.7949,-0.6464,127.0536,3.3525,8.0159,-0.7625,248.7897,3.6737,0.4433,-0.4413,509.3625,labels
128,67,67.7333,15,train,False,-1.3054,2.381,7.4051,-1.734,43.4545,2.923,7.4605,-1.192,11.454,3.283,6.6286,-0.832,97.1355,labels
302,67,67.8054,16,train,False,-0.8418,-2.8893,-4.6371,-1.2257,206.6773,-1.4765,1.6427,-2.6385,850.2574,-3.3813,-7.3398,-0.7337,68.0579,labels
31,67,67.8992,7,train,False,-0.1811,0.0106,4.5389,0.0106,40.8116,-0.3614,4.2861,-0.3614,63.8998,-0.3529,4.871,-0.3529,17.4023,labels
346,67,67.9392,20,train,False,-0.9282,2.2483,-8.3845,-1.8667,257.4068,2.1141,-10.7689,-1.1161,19.2072,2.1917,-10.1415,-1.7435,81.6185,labels
132,67,67.9526,22,train,False,-0.823,-2.1844,11.0567,-0.8283,0.656,-2.1976,10.7946,-1.0904,26.7961,-2.0979,9.7833,-2.0171,128.1375,labels
47,67,68.1967,18,test,False,-2.3476,-1.5223,5.9781,-2.5927,41.7273,-1.6654,6.0105,-2.4496,32.1846,-1.6526,5.6933,-2.4624,63.2986,labels
134,67,68.3817,19,train,False,-1.4632,2.7084,9.7379,-1.4066,7.0521,2.7656,9.7024,-1.3494,13.7755,2.4477,8.8218,-1.6673,97.9587,labels
410,67,68.582,19,test,False,-2.1099,-2.1737,-2.8696,-1.9413,175.9119,-2.5059,-0.0351,-1.6091,461.2736,-1.9537,-7.057,-2.1613,243.6922,labels
169,67,68.7538,44,train,False,-2.3814,-1.8852,-3.2538,-2.2298,165.2941,-4.0518,18.8412,6.9562,2385.3833,-1.2294,-3.6552,-2.8856,134.2839,labels
312,67,68.76,14,train,False,-1.9842,-1.9503,7.1301,-2.1647,69.4011,-1.9749,7.081,-2.1401,73.5908,-2.1209,7.0198,-1.9941,78.0453,labels
274,67,68.8196,30,train,False,-1.2357,3.2102,-8.0261,-0.9048,220.681,2.3141,-13.8331,1.9481,366.8948,1.908,-10.5311,-1.3539,102.3704,labels
431,67,68.8889,16,test,False,-0.0357,-3.6264,8.6662,-0.4886,51.1627,-2.013,6.8608,-2.102,259.3529,-3.6988,8.266,-0.4162,41.3624,labels
308,67,68.9013,7,train,False,-2.6778,1.436,-1.0193,-2.679,297.8164,1.4705,-2.4794,-2.6445,151.8354,1.4151,-6.9749,-2.6999,297.7518,labels
329,67,69.1518,17,train,False,-1.7574,2.133,7.9564,-1.982,36.0547,1.9995,8.2408,-2.1155,67.0225,2.3592,7.8641,-1.7558,18.9826,labels
333,67,69.3333,22,train,False,-0.5292,3.3253,8.044,-0.7897,89.7179,3.4449,7.7174,-0.6701,55.0229,3.5047,8.0001,-0.6103,81.8652,labels
70,67,69.4424,31,test,False,-1.9506,0.1208,10.2936,-1.5914,37.0458,0.1536,9.5499,-2.3351,38.8835,0.2557,9.4261,-2.4589,51.0229,labels
380,67,69.476,17,test,False,-2.8186,1.3476,-6.3186,-2.7674,269.6855,1.3975,4.6994,-2.7175,1371.4778,1.3342,-7.499,-2.7808,151.6406,labels
406,67,69.9549,10,test,False,-1.0326,0.7762,-1.7061,-0.7762,281.0968,3.9554,-50.0958,43.6958,4568.4067,2.5598,-5.7775,-0.6225,198.7675,labels
17,67,70.5174,13,train,False,-1.1607,2.6726,6.1314,-1.4424,37.7323,2.4036,5.9624,-1.7114,69.2631,2.9997,5.8675,-1.1153,51.6899,labels
304,67,70.5341,28,train,False,-1.4216,-2.4363,-2.0467,-1.6787,245.4245,-2.2336,-0.6472,-1.8814,386.7677,-3.2089,-5.8889,-0.9061,149.3251,labels
283,67,70.6949,17,train,False,-2.6773,-1.1106,-2.743,-3.0044,263.8912,-1.3944,-5.1168,-2.7206,24.8541,-1.9113,-8.557,-2.2037,323.0359,labels
291,67,70.7458,15,train,False,-2.5587,1.1892,5.3675,-2.9258,40.9971,1.6076,5.237,-2.5074,31.7149,1.7742,5.494,-2.3408,22.5016,labels
327,67,70.8395,16,train,False,-1.969,1.7786,7.6309,-2.3364,47.9363,1.7773,7.6118,-2.3377,46.8329,2.2249,7.7593,-1.8901,44.335,labels
121,67,70.9728,29,train,False,-3.7982,0.3864,8.4009,-3.4841,68.1805,0.4165,8.3644,-3.5206,64.9444,0.3139,8.3547,-3.5303,63.2029,labels
145,67,70.9983,25,train,False,-2.6996,-1.1555,-9.2796,-2.6054,9.4382,-1.4032,-0.7749,-2.7118,841.4305,-0.4532,-8.0853,-3.6618,130.2342,labels
165,67,71.0386,19,train,False,-2.8144,1.0353,-4.8302,-3.0797,351.663,0.1102,6.2399,-4.0048,1462.5325,1.2726,-7.3474,-2.8424,98.9851,labels
14,67,71.1423,22,train,False,-1.1474,-2.6823,-7.0436,-1.4327,226.2706,-2.71,-7.2327,-1.405,207.1594,-3.0446,-8.4957,-1.0704,79.6285,labels
391,67,71.2628,24,test,False,-2.3914,-1.7911,6.4887,-2.3239,8.7392,-2.4447,4.5619,-1.6703,200.5485,-1.5328,6.2991,-2.5822,23.3211,labels
316,67,71.339,15,train,False,-3.5523,0.3649,-5.2937,-3.7501,304.2695,0.1121,-1.0114,-4.0029,733.2414,0.6564,-8.2451,-3.4586,16.6401,labels
157,67,71.51,28,train,False,-1.9456,-2.1421,-8.4414,-1.9729,113.1422,-2.1821,-8.924,-1.9329,64.8703,-2.2507,-9.2715,-1.8643,31.1841,labels
400,67,71.6276,39,test,False,-1.6776,2.1274,11.482,-0.403,127.9359,2.127,12.6511,0.7661,244.6187,2.1004,10.7127,-1.1723,52.3528,labels
44,67,71.7042,11,train,False,-0.4431,0.2461,-1.1314,-0.2461,388.1665,0.3004,-8.0311,1.6311,302.6393,0.4806,-7.0759,0.6759,206.8087,labels
126,67,71.8022,7,train,False,-0.3299,-0.1333,3.8898,-0.1333,83.9981,-0.7424,3.9161,-0.7424,89.15,-0.6845,4.4137,-0.6845,45.99,labels
46,67,72.0,15,train,False,-0.1583,4.0136,-4.4142,-0.1014,250.0042,4.0444,-6.5056,-0.0706,41.7379,4.0187,-6.8214,-0.0963,11.1153,labels
166,67,72.029,21,train,False,-1.8152,2.4998,6.4286,-1.6152,59.2598,2.8492,6.7999,-1.2658,107.9489,2.2826,7.0538,-1.8324,118.3202,labels
350,67,72.3768,49,train,False,-3.3153,0.9508,9.8105,-2.0745,167.9408,,,,,0.9311,-7.6897,-3.1839,1582.819,labels
99,67,72.447,25,train,False,-2.9155,1.5584,9.365,-2.52,63.7007,1.6216,9.387,-2.4934,69.1849,1.0402,8.6172,-3.0748,27.2923,labels
41,67,72.4638,17,train,False,-3.1442,1.1449,-2.4639,-2.9701,252.7086,1.0548,-2.6937,-3.0602,229.2755,0.9375,-6.9001,-3.1775,191.5392,labels
239,67,72.4645,20,train,False,-2.3467,-1.8269,-3.7699,-2.2881,256.0468,-1.6363,-9.2151,-2.4787,288.8454,-1.8868,-8.1231,-2.2282,179.7355,labels
26,67,72.5156,15,train,False,-0.6816,-3.4159,10.3887,-0.6991,64.9531,-3.3234,10.6068,-0.7916,87.4366,-3.4194,10.1556,-0.6956,41.6492,labels
357,67,72.5382,9,test,False,-1.324,3.3738,8.0814,-0.7412,255.2432,0.4226,12.868,0.983,329.0281,0.0172,8.127,-3.758,367.3488,labels
430,67,72.5912,24,test,False,-3.7645,0.2012,-3.0993,-3.9138,270.759,0.361,-6.2624,-3.754,45.9694,0.4086,-5.024,-3.7064,78.0971,labels
315,67,72.6354,23,train,False,-3.5722,-0.1944,7.5256,-3.9206,131.6268,-0.3174,6.978,-3.7976,75.6147,-0.5918,6.9483,-3.5232,69.3776,labels
164,67,72.8004,30,train,False,-1.8387,-2.3191,9.4537,-1.7959,132.2049,-2.3907,9.4716,-1.7243,134.4054,-2.2004,9.3723,-1.9146,124.2251,labels
159,67,73.044,26,train,False,-1.2743,2.8036,-7.125,-1.3114,131.333,2.9374,-9.4605,-1.1776,102.7196,2.853,-8.8849,-1.262,44.7221,labels
184,67,73.1891,43,train,False,-2.2096,-1.9702,-3.563,-2.1448,265.9107,-1.8465,-4.8577,-2.2685,136.4812,-1.9015,-6.5263,-2.2135,30.5003,labels
74,67,73.2991,23,test,False,-0.3264,-3.607,7.1044,-0.508,21.986,-3.5224,7.127,-0.5926,30.382,-3.727,7.0209,-0.388,7.3659,labels
101,67,73.5213,31,train,False,-1.2854,-2.6197,6.928,-1.4953,46.161,-2.8335,5.976,-1.2815,54.0899,-2.8648,6.4638,-1.2502,6.3732,labels
399,67,73.6321,22,test,False,-0.5552,-2.9344,-9.7867,-1.1806,162.9256,-1.6117,-2.828,-2.5033,869.9741,-3.0352,-9.7122,-1.0798,167.1656,labels
116,67,73.9526,27,train,False,-1.7118,-2.1817,-6.5592,-1.9333,235.9056,-2.4081,-9.5716,-1.7069,66.377,-2.3326,-8.9427,-1.7824,7.8675,labels
305,67,74.0414,11,train,False,-0.4799,-4.1447,5.8678,0.0297,56.4946,-4.4257,5.4419,0.3107,103.6174,-1.485,5.4258,-2.63,225.6799,labels
172,67,74.1631,9,train,False,-0.1615,0.0346,4.9534,0.0346,34.8052,0.0556,4.8433,0.0556,45.3066,-0.0647,5.3437,-0.0647,14.1152,labels
393,67,74.3037,20,test,False,-1.8497,2.4731,10.0059,-1.6419,27.6871,2.1485,8.677,-1.9665,115.186,1.9448,8.6209,-2.1702,124.4084,labels
34,67,74.3276,20,train,False,-1.1122,2.808,-6.4512,-1.307,253.2306,3.007,-9.065,-1.108,8.9068,2.8708,-7.9148,-1.2442,106.9427,labels
28,67,74.4554,12,train,False,-1.7831,2.1628,7.23,-1.9522,21.2178,2.2577,7.2223,-1.8573,15.4759,2.3714,6.6293,-1.7436,72.9904,labels
162,67,74.4715,18,train,False,-1.2172,3.1503,8.9151,-0.9647,62.9293,3.2563,8.9953,-0.8587,74.8128,2.9813,8.7568,-1.1337,42.6408,labels
258,67,74.5991,17,train,False,-0.4556,-3.5481,-8.7567,-0.5669,260.9884,-3.7673,-14.6879,2.8029,332.5376,-3.647,-10.781,-0.468,58.338,labels
366,67,74.6514,30,test,False,-0.6293,2.4965,11.7169,-0.1681,48.2476,2.1896,12.2075,0.3225,105.2267,2.4722,10.3927,-1.4923,87.8848,labels
30,67,74.8627,16,train,False,-1.2258,-2.6114,-8.2583,-1.5036,216.3007,,,,,-3.4826,-9.9817,-0.6324,72.8044,labels
0,67,74.9827,5,train,False,-1.1361,2.4857,4.1138,-1.6293,58.5853,5.0141,3.3965,0.8991,228.2645,4.7276,4.4883,0.6126,174.9681,labels
301,67,75.1165,14,train,False,-1.1912,3.0396,-4.7615,-1.0754,302.6562,3.1634,0.1529,-0.9516,794.2362,3.0028,-6.9797,-1.1122,80.9979,labels
244,67,75.1495,27,train,False,-3.9524,-0.3804,-1.2619,-3.7346,296.9638,0.028,-6.1815,-4.087,196.7201,0.1421,-6.9862,-3.9729,277.9456,labels
59,67,75.4404,22,test,False,-2.9239,1.0119,5.5838,-3.1031,17.9613,1.0063,5.3904,-3.1087,27.7066,1.2087,5.5183,-2.9063,8.0433,labels
150,67,75.4579,11,train,False,-0.0335,0.3701,-4.5819,-0.3701,178.7728,,,,,1.1942,-8.6205,2.2205,236.5655,labels
105,67,75.7,9,train,False,-0.6922,-2.6548,5.018,-1.382,86.2133,-3.2941,5.2001,-0.8209,52.2134,-3.1931,5.2077,-0.9219,50.0518,labels
433,67,75.7051,24,test,False,-3.6753,0.0548,-5.2306,-4.0602,249.7379,-0.4174,-2.1358,-3.6976,562.7992,0.5381,-6.6566,-3.5769,104.6128,labels
146,67,75.7736,17,train,False,-2.4457,-1.6066,7.746,-2.5084,36.3915,-1.5482,7.8014,-2.5668,32.6321,-1.5961,7.3003,-2.5189,80.7487,labels
38,67,76.0286,20,train,False,-0.9777,-1.7356,-8.6224,-2.3794,230.952,-0.9764,-1.3103,-3.1386,965.9365,-1.7508,-8.227,-2.3642,269.9457,labels
337,67,76.0554,15,train,False,-2.8245,-0.9718,6.7474,-3.1432,31.8766,-0.9388,6.7177,-3.1762,35.289,-1.4043,6.8613,-2.7107,16.1339,labels
427,67,76.1032,16,test,False,-2.1207,-2.1925,8.5306,-1.9225,51.4762,-2.02,8.7724,-2.095,23.467,-1.4991,9.147,-2.6159,51.4957,labels
403,67,76.4766,35,test,True,0.0848,4.1112,-2.2973,-0.0038,177.4145,3.9949,-8.0295,-0.1201,396.5599,4.1809,-5.2106,0.0659,114.1508,labels
300,67,76.8272,22,train,False,-2.6207,1.0048,9.734,-2.151,59.4334,0.7245,9.8503,-2.0347,87.1073,1.6155,9.4212,-2.4638,29.2246,labels
95,67,76.8664,24,train,False,-2.0002,-1.6398,10.2866,-1.5984,89.6172,-2.4864,6.6079,-1.6286,294.2283,-2.4878,7.8641,-1.6272,170.3844,labels
144,67,77.6393,17,train,False,-2.7679,-0.5886,8.7222,-3.1628,51.2332,-0.8102,8.7736,-3.1114,35.9098,-1.2125,8.1114,-2.9025,104.8779,labels
265,67,78.1456,32,train,False,-3.6004,0.643,-4.3517,-3.472,241.6891,0.4503,-7.7977,-3.6647,103.4482,0.5212,-7.0001,-3.5938,23.4983,labels
233,67,78.226,14,train,False,-1.6688,-2.1885,7.1703,-1.9265,51.8229,-2.336,6.5566,-1.779,19.7709,-2.2359,7.2833,-1.8791,60.0604,labels
381,67,78.3044,17,test,False,-2.3171,-1.5874,4.6783,-2.5276,23.3846,-1.6748,4.5029,-2.4402,14.3475,-1.7165,4.4232,-2.3985,17.3585,labels
287,67,78.3156,17,train,False,-1.3864,-2.5049,-3.992,-1.6101,258.6662,-2.5418,-4.5568,-1.5732,202.079,-2.8838,-7.7711,-1.2312,121.2169,labels
419,67,78.3432,21,test,False,-1.4504,3.068,10.504,-1.047,43.8669,2.4425,9.2735,-1.6725,108.1156,1.9886,7.9568,-2.1264,246.9158,labels
290,67,79.6232,24,train,False,-2.5518,-1.4753,-4.4615,-2.6397,275.0743,-1.4642,-4.088,-2.6508,312.4372,-1.6977,-7.1275,-2.4173,15.8224,labels
392,67,79.6333,19,test,False,-1.9107,1.9031,-2.3837,-2.2119,227.9815,3.0983,-21.9133,10.0283,1729.2902,2.5094,-8.9855,-1.6056,435.2691,labels
22,67,79.7176,9,train,False,-0.7184,3.5707,5.5359,-0.5443,32.8615,3.9004,4.048,-0.2146,183.7,3.2762,5.6165,-0.8388,23.1802,labels
20,67,79.786,7,train,False,-0.1575,0.1476,5.4065,0.1476,52.5986,-0.211,5.2908,-0.211,54.6745,-0.2864,5.2746,-0.2864,57.4958,labels
168,67,79.8503,28,train,False,-1.4069,-2.3405,11.7051,-0.1799,144.4234,-2.4891,8.4171,-1.6259,190.3977,-2.6331,8.9676,-1.4819,134.2978,labels
412,67,80.0,6,test,True,0.2213,3.5786,8.4046,-0.5364,268.1714,9.0331,6.3177,4.9181,661.5905,6.8186,6.3296,2.7036,526.8865,labels
334,67,80.0,25,train,False,-2.3721,-1.4192,-4.5403,-2.6958,224.996,-0.1924,1.7737,-3.9226,868.0122,-1.587,-7.5153,-2.528,76.453,labels
324,67,80.0,6,train,False,-3.7459,-0.2724,5.9679,-3.8426,89.9871,-0.1006,4.8982,-4.0144,198.267,-0.4636,6.3157,-3.6514,55.4994,labels
2,67,80.0,13,train,False,-1.5397,2.8753,-3.7563,-1.2397,325.0838,3.391,1.6206,-0.724,865.2389,2.5792,-8.4209,-1.5358,142.7632,labels
57,67,80.0,23,test,True,0.6349,-4.7735,7.7226,0.6585,13.303,-4.7651,7.5107,0.6501,8.2463,-4.7808,7.5904,0.6658,3.0967,labels
311,67,80.0,17,train,False,-3.3884,1.0323,-4.6914,-3.0827,264.3737,1.3439,-2.1411,-2.7711,521.2911,0.8711,-7.1388,-3.2439,22.9745,labels
326,67,80.0,24,train,False,-2.5522,-1.2063,-3.8164,-2.9087,229.3151,-0.248,1.4155,-3.867,761.1549,-1.3297,-6.9828,-2.7853,93.0872,labels
122,67,80.0,14,train,False,-1.6874,-2.2083,-5.3514,-1.9067,238.7884,-2.3906,-8.7247,-1.7244,99.6221,-2.382,-8.1667,-1.733,43.9814,labels
118,67,80.0,13,train,False,-1.7037,-1.9431,-2.3281,-2.1719,364.4789,-2.0711,-3.3323,-2.0439,263.2444,-2.4405,-8.0162,-1.6745,207.3735,labels
133,67,80.0,22,train,False,-2.534,1.4275,-6.8224,-2.6875,250.986,1.4686,-7.5733,-2.6464,175.7858,1.4674,-8.4517,-2.6476,88.3195,labels
328,67,80.0,18,train,False,-3.235,-0.5923,-3.8144,-3.5227,280.9264,-0.8257,-5.8324,-3.2893,77.833,-1.0453,-8.2466,-3.0697,164.6088,labels
50,67,80.0,24,test,False,-3.9792,-0.0477,-4.5059,-4.0673,217.0241,-0.0709,-4.661,-4.0441,201.7984,0.1693,-7.6812,-3.9457,101.338,labels
314,67,80.0,10,train,False,-2.0402,1.9574,0.2994,-2.1576,40.829,-0.4515,3.6114,-3.6635,448.2706,1.6307,-2.6309,-2.4843,257.7788,labels
340,67,80.0,17,train,False,-1.5076,-2.2994,-6.9889,-1.8156,300.3046,-1.8044,-2.4852,-2.3106,753.3893,-2.2224,-8.9442,-1.8926,110.1406,labels
143,67,80.0,16,train,False,-2.5683,1.1734,-3.5487,-2.9416,319.9403,1.1919,-3.5968,-2.9231,314.95,1.4234,-6.3223,-2.6916,42.2329,labels
131,67,80.0,18,train,False,-2.5427,-0.9008,-6.9003,-3.2142,245.7452,-1.3403,-11.2483,-0.6367,191.3028,-1.2226,-10.3236,-1.5614,98.2408,labels
137,67,80.0,20,train,False,-1.7355,-0.8902,-8.4339,-3.2248,172.3322,-0.6472,-3.8585,-3.4678,630.4115,-0.996,-8.5982,-3.119,155.2394,labels
426,67,80.0,18,test,False,-2.6214,-1.0543,-3.0328,-3.0607,251.461,-1.1241,-3.4687,-2.9909,207.3256,-2.5064,-6.5517,-1.6086,145.3706,labels
336,67,80.0,22,train,False,-2.447,1.5473,-5.1836,-2.5677,301.9927,1.8004,-14.527,2.642,632.7322,1.8064,-7.9885,-2.3086,25.366,labels
52,67,80.0,23,test,False,-1.2026,-3.1203,-6.3754,-0.9947,224.0227,-3.4069,-2.9484,-0.7081,567.9119,-3.0378,-7.9502,-1.0772,66.7583,labels
120,67,80.0,15,train,False,-1.6728,1.9764,-7.8235,-2.1386,239.4952,1.8001,-9.8467,-2.0383,36.5568,1.8186,-9.0708,-2.2964,114.1503,labels
48,67,80.0,23,test,False,-2.2148,-2.0347,-5.3338,-2.0803,199.836,-2.3849,0.4043,-1.7301,774.7079,-1.7806,-8.0023,-2.3344,68.5212,labels
332,67,80.0,17,train,False,-1.2543,-3.0744,-4.4981,-1.0406,312.5936,-2.7845,-9.2641,-1.3305,164.9163,-2.5086,-8.0707,-1.6064,57.4564,labels
54,67,80.0,26,test,False,-1.6769,-2.3078,-3.3544,-1.8072,105.7596,-2.248,-2.8659,-1.867,154.9755,-2.4949,-7.0866,-1.6201,268.3277,labels
123,67,80.0,14,train,False,-1.5048,2.5995,-5.8487,-1.5155,328.7719,2.5626,-2.7599,-1.5524,637.6656,2.5723,-6.607,-1.5427,252.9673,labels
344,67,80.0,24,train,False,-1.6082,-2.7509,-5.6944,-1.3641,299.0579,-2.7571,-5.2701,-1.3579,341.4055,-2.535,-7.6988,-1.58,97.6597,labels
352,67,80.0,16,train,False,-0.7644,3.5464,10.2453,-0.5686,32.5194,3.3694,9.7041,-0.7456,28.2109,3.148,8.4701,-0.967,152.9014,labels
281,67,80.0,17,train,False,-1.9268,-1.7545,-1.711,-2.3605,321.6181,-2.2748,-5.9479,-1.8402,105.3606,-2.7239,-8.9824,-1.3911,411.9543,labels
106,67,80.0,20,train,False,-1.8536,1.8293,-5.4175,-2.2857,191.9501,0.6409,0.6382,-3.4741,808.9849,1.8699,-6.5701,-2.2451,81.7474,labels
61,67,80.0,28,test,False,-1.3072,1.8014,11.2789,-0.6061,71.9713,1.8825,11.6348,-0.2502,108.4698,1.57,10.4331,-1.4519,16.0153,labels
84,67,80.0,33,test,True,1.9292,-2.13,14.3713,2.4863,57.6951,-2.3015,14.7883,2.9033,102.5807,-2.1069,11.246,-0.639,257.1263,labels
83,67,80.0,21,test,False,-1.3275,-2.59,-7.8818,-1.525,238.7947,-2.5607,-7.986,-1.5543,228.6858,-2.6291,-8.9995,-1.4859,127.1982,labels
384,67,80.0,18,test,False,-1.443,-2.7905,-4.5518,-1.3245,296.3471,-2.3559,-11.5315,-0.3535,403.1042,-2.3387,-8.3464,-1.7763,89.7693,labels
385,67,80.0,34,test,False,-0.1158,-4.039,11.4614,-0.076,39.9055,-4.1185,12.52,0.635,146.0548,-3.9971,10.0651,-0.1179,99.9243,labels
82,67,80.0,25,test,False,-3.4147,0.5886,6.8873,-3.5264,19.6966,0.3568,6.89,-3.7582,38.102,0.6805,6.6276,-3.4345,9.9475,labels
62,67,80.0,20,test,False,-1.4489,2.7176,-3.8778,-1.3974,254.704,2.681,6.6161,-1.434,1304.0419,2.7044,-7.932,-1.4106,150.8214,labels
77,67,80.0,26,test,False,-2.836,1.3011,0.6432,-2.8139,61.2311,1.1804,1.5872,-2.9346,155.9029,1.281,4.7215,-2.834,469.018,labels
64,67,80.0,19,test,False,-1.6087,-2.4929,-5.365,-1.6221,242.7743,-2.4525,-4.2229,-1.6625,357.0219,-2.4795,-7.6398,-1.6355,15.5271,labels
405,67,80.0,18,test,True,0.0119,3.9135,11.7508,-0.1342,16.7718,4.0441,11.3114,-0.0709,62.2952,3.6398,10.9076,-0.4752,100.7579,labels
73,67,80.0,37,test,False,-1.9185,0.3402,-8.2716,-3.6134,169.4972,0.2204,-3.9512,-3.8946,601.6701,0.3357,-8.0935,-3.7793,187.3109,labels
23,67,80.0,6,train,False,-0.3041,3.1267,4.7741,-0.9883,75.1388,3.8778,4.9331,-0.2372,16.5487,4.203,4.9292,0.088,42.1725,labels
5,67,80.0,7,train,False,-0.1724,0.0237,-0.3161,-0.0237,513.8193,0.1376,-4.4465,-0.1376,100.6216,0.3478,-5.9017,-0.3478,48.2511,labels
404,67,80.0,12,test,False,-1.5406,1.602,-1.3489,-1.3489,353.7408,3.9123,-29.4205,23.0205,2463.253,2.8177,-5.4973,-0.9027,100.7681,labels
67,67,80.0,25,test,False,-2.3343,-1.4457,5.7397,-2.6693,33.7709,-1.8396,4.507,-2.2754,127.714,-2.0039,5.0633,-2.1111,75.3292,labels
86,67,80.0,18,test,False,-1.4289,-2.1585,-4.6227,-1.9565,199.6875,-2.5422,-6.2933,-1.5728,29.3051,-2.869,-8.1464,-1.246,160.8194,labels
373,67,80.0,15,test,False,-1.6652,-2.5216,-4.3718,-1.5934,281.8478,-2.3452,-7.8584,-1.7698,67.7228,-2.2952,-7.4012,-1.8198,26.2271,labels
85,67,80.0,29,test,False,-0.9979,2.9104,5.9717,-1.2046,84.6309,2.9967,5.0164,-1.1183,18.0656,3.1659,5.9108,-0.9491,76.1263,labels
355,67,80.0,6,train,False,-2.2876,1.0369,-2.8034,-3.0781,459.4089,0.4084,0.2682,-3.7066,772.8522,1.6895,-6.9171,-2.4255,43.4259,labels
90,67,80.0,35,test,False,-2.3957,1.6143,-1.57,-2.5007,54.5313,1.7423,-2.3431,-2.3727,23.9086,1.6962,3.0692,-2.4188,517.4392,labels
368,67,80.0,17,test,False,-2.2766,-1.8679,7.9852,-2.2471,7.0425,-1.8502,8.1142,-2.2648,6.6179,-1.7539,7.8441,-2.3611,22.1769,labels
102,67,80.0,13,train,False,-1.6599,1.8686,-5.2056,-2.2464,291.54,2.0425,-5.9989,-2.0725,210.3421,2.1561,-6.4935,-1.9589,159.617,labels
96,67,80.0,23,train,False,-1.9982,1.8807,-4.8931,-2.2343,180.4992,0.1824,5.9938,-3.9326,1282.3172,2.0616,-6.78,-2.0534,11.191,labels
417,67,80.0,25,test,False,-1.001,-2.9634,7.1606,-1.1516,27.8034,-2.7058,6.5523,-1.4092,55.3997,-2.8883,6.4193,-1.2267,55.5431,labels
293,67,80.0,19,train,False,-2.0845,-1.6626,-4.7818,-2.4524,297.0543,-1.511,-3.7538,-2.604,400.9492,-1.9334,-7.6657,-2.1816,11.6158,labels
371,67,80.1025,22,test,False,-0.3195,3.7638,-6.4434,-0.3512,283.1755,3.7823,-9.4295,-0.3327,15.5097,3.7447,-8.4419,-0.3703,83.4681,labels
322,67,80.3586,20,train,False,-2.3326,1.6046,6.746,-2.5104,84.3485,1.3173,7.5255,-2.7977,167.0154,1.7822,6.7297,-2.3328,80.8273,labels
341,67,80.4065,23,train,False,-1.3064,2.5197,7.3945,-1.5953,68.8048,2.6585,7.0121,-1.4565,28.4868,2.7793,7.8997,-1.3357,113.0123,labels
153,67,80.4243,20,train,False,-1.5338,2.0948,-5.7669,-2.0202,260.4413,2.4021,-8.031,-1.7129,34.4603,2.5693,-7.1567,-1.5457,116.8768,labels
231,67,80.7824,17,train,False,-0.4403,3.428,7.4963,-0.687,35.7014,3.4945,6.6977,-0.6205,56.9781,3.563,7.5011,-0.552,28.5658,labels
421,67,80.9466,26,test,False,-1.2566,-2.8498,5.224,-1.2652,67.1282,-2.8162,5.1701,-1.2988,61.871,-2.8801,4.6433,-1.2349,9.3092,labels
285,67,80.955,22,train,False,-2.1941,-1.7056,-6.5082,-2.4094,286.3567,-1.6552,-5.3887,-2.4598,398.3849,-1.7652,-8.5105,-2.3498,86.7267,labels
280,67,81.1273,20,train,False,-2.1414,1.6087,8.7476,-2.5063,43.0018,1.872,8.1519,-2.243,38.1903,1.9327,8.2218,-2.1823,30.1005,labels
303,67,81.1419,8,train,False,-0.8253,2.5831,4.2645,-1.5319,100.3106,4.3159,4.5188,0.2009,112.3562,4.0461,4.2981,-0.0689,101.5985,labels
125,67,81.4527,16,train,True,0.0282,3.8232,-6.0681,-0.2918,285.5252,4.7255,-17.3182,5.4332,843.2997,4.1574,-9.1848,0.0424,27.9801,labels
269,67,81.4733,37,train,False,-2.1426,-1.7969,11.4374,-0.4476,251.2829,-1.8348,9.6554,-2.2296,73.7624,-1.5553,10.313,-1.572,144.3866,labels
43,67,81.6778,8,train,True,0.0533,3.5483,-0.9248,-0.5667,503.6746,5.2336,-16.607,10.207,1073.6751,4.5308,-5.3335,0.4158,69.2189,labels
362,67,81.7927,21,test,False,-2.0925,-1.5976,9.7782,-2.1068,79.2716,-0.9398,10.0803,-1.8047,145.4495,-1.8046,8.7669,-2.3104,40.556,labels
8,67,81.8052,30,train,False,-2.0329,-2.0949,-7.529,-2.0201,232.3257,-2.0214,-8.8582,-2.0936,99.4997,-2.0777,-8.3977,-2.0373,145.4452,labels
176,67,82.3955,31,train,False,-2.3953,1.6815,-6.7497,-2.4335,105.0212,1.607,-3.8145,-2.508,398.6331,1.7104,-7.8408,-2.4046,4.2609,labels
359,67,82.6517,19,test,False,-3.4241,-1.0722,7.7548,-3.0428,38.271,-1.087,7.7576,-3.028,39.7235,-0.0482,7.4346,-4.0668,73.3043,labels
342,67,82.8478,19,train,False,-0.4173,3.5812,-8.3424,-0.5338,313.0942,2.9101,-17.4089,5.5239,596.0854,3.0545,-10.6949,-1.0605,84.4411,labels
407,67,82.8647,16,test,False,-2.6312,1.6987,7.3799,-2.4163,27.9307,1.0896,6.8965,-3.0254,77.0372,1.0071,7.2376,-3.1079,57.4604,labels
238,67,82.9568,10,train,False,-0.6479,2.945,0.3638,0.3638,500.2913,4.1419,-14.254,7.854,966.5764,3.559,-6.2644,-0.1356,165.5138,labels
266,67,83.0425,14,train,False,-2.0629,-1.8906,9.4962,-2.2244,19.0201,-1.8546,9.3755,-2.2604,19.8484,-1.9576,9.3559,-2.1574,10.2492,labels
140,67,83.1795,30,train,False,-2.4239,1.2757,9.7368,-2.1482,35.8405,1.1388,10.0949,-1.7901,73.1845,1.4279,9.6578,-2.2272,21.1156,labels
100,67,83.2635,17,train,False,-1.7548,2.2741,-4.7512,-1.8409,274.9593,2.404,-11.1113,-0.7737,361.2211,2.4096,-8.7097,-1.7054,121.1282,labels
249,67,83.4328,9,train,False,-2.1043,-1.8832,-0.609,-2.2318,454.9752,-0.8347,16.1766,4.2916,2136.6025,-2.5568,-5.2804,-1.5582,55.9828,labels
12,67,83.434,17,train,False,-0.5685,3.4494,10.7277,-0.6656,43.0786,3.5892,10.255,-0.5258,6.7983,3.7403,10.3179,-0.3747,19.4,labels
382,67,83.9738,20,test,False,-1.3616,2.3114,-3.7118,-1.8036,283.8024,3.4258,-13.4131,1.5281,693.0624,3.0801,-7.6029,-1.0349,113.5728,labels
292,67,84.2623,19,train,False,-3.1812,-0.6,-1.8059,-3.515,281.3556,-1.3688,-9.9043,-1.9807,532.2496,-1.499,-8.7725,-2.616,421.099,labels
139,67,84.3349,17,train,False,-1.8619,-1.8752,-2.5964,-2.2398,291.4589,-1.8139,-2.3053,-2.3011,321.1228,-2.2928,-8.0491,-1.8222,256.3089,labels
429,67,84.4444,17,test,False,-0.7003,-2.7042,6.5451,-1.4108,94.8501,-2.6368,6.5908,-1.4782,97.1861,-2.8436,6.5022,-1.2714,88.125,labels
16,67,84.4444,22,train,False,-3.767,-0.0887,-3.8209,-4.0263,305.3205,-0.092,-3.3123,-4.023,356.0019,-0.2388,-7.635,-3.8762,77.956,labels
110,67,84.5527,17,train,False,-0.336,-3.8944,-6.3129,-0.2206,327.5769,-3.8859,-6.2447,-0.2291,334.3672,-3.7944,-8.3793,-0.3206,120.7437,labels
21,67,84.6458,32,train,False,-0.9722,3.1612,-3.452,-0.9538,284.9659,3.189,-2.818,-0.926,348.3844,3.1371,-6.5392,-0.9779,23.773,labels
376,67,84.6485,14,test,False,-0.5387,-2.8736,-3.8448,-1.2414,324.7458,-1.3074,2.4128,-2.8076,969.7332,-3.5139,-8.9102,-0.6011,189.5907,labels
63,67,84.6944,24,test,False,-0.6152,2.9166,-8.63,-1.1984,264.6816,2.0896,-0.6466,-2.0254,1067.1937,2.9961,-8.4583,-1.1189,281.3759,labels
18,67,84.7059,17,train,False,-1.4971,-2.5525,8.6189,-1.5625,39.1946,-2.499,1.0526,-1.616,718.0914,-2.5258,7.1176,-1.5892,111.8648,labels
234,67,84.7799,8,train,False,-0.3821,3.0833,4.7493,-1.0317,84.2151,3.3706,4.633,-0.7444,55.4329,3.5758,4.8319,-0.5392,63.8173,labels
36,67,84.8301,22,train,False,-1.6139,-1.6792,-7.4872,-2.4358,279.5969,-1.4111,-11.0295,-0.8555,75.8466,-1.3678,-8.6181,-2.7472,165.38,labels
338,67,84.9067,15,train,False,-2.2033,1.5635,-2.4894,-2.5515,359.8167,2.212,-8.8917,-1.903,283.6937,2.229,-8.2735,-1.886,222.5577,labels
377,67,84.9231,11,test,False,-0.6598,3.0892,4.6965,-1.0258,55.0473,2.3298,4.4823,-1.7852,114.2523,3.3175,4.671,-0.7975,40.9423,labels
367,67,84.9431,17,test,False,-3.6005,-0.2075,-2.7044,-3.9075,309.5938,-0.3911,-4.5229,-3.7239,126.8189,-0.7136,-7.2514,-3.4014,147.9752,labels
434,67,85.0133,17,test,False,-1.7066,-2.1273,8.4269,-1.9877,29.2394,-2.0628,8.424,-2.0522,35.4187,-2.3115,8.2268,-1.8035,15.4051,labels
428,67,85.0697,23,test,False,-1.1186,2.764,-4.5156,-1.351,306.6065,3.2745,-13.6015,1.7165,603.5063,3.1466,-7.8225,-0.9684,29.131,labels
299,67,85.1108,21,train,False,-0.4202,-3.5117,-6.118,-0.6033,325.514,-3.4701,-5.6604,-0.6449,371.4411,-3.6138,-8.0127,-0.5012,135.7683,labels
270,67,85.1131,13,train,False,-0.8438,-3.538,-3.6351,-0.577,391.3285,-2.7459,-14.5327,2.6477,701.3064,-2.6554,-7.9811,-1.4596,75.7817,labels
390,67,85.4153,15,test,False,-2.1859,-1.3293,-3.1987,-2.7857,349.9261,-0.5415,0.585,-3.5735,736.3071,-2.3711,-7.7499,-1.7439,118.8966,labels
80,67,85.4902,20,test,False,-3.8085,-0.2117,6.7079,-3.9033,21.1335,-0.3124,6.528,-3.8026,36.8897,-0.3348,6.6516,-3.7802,24.6835,labels
112,67,85.601,18,train,False,-2.1298,-1.6205,-4.4882,-2.4945,316.8237,-0.5041,3.4653,-3.6109,1119.9073,-1.9377,-6.7912,-2.1773,84.5521,labels
29,67,85.6256,5,train,False,-3.9894,0.0373,4.7716,-4.0777,100.2631,0.107,5.1891,-4.008,142.5925,-0.567,2.0862,-3.548,175.2575,labels
395,67,85.7705,22,test,False,-1.3242,2.4564,6.5907,-1.6586,33.5792,3.0656,6.2992,-1.0494,37.9363,3.0169,6.1158,-1.0981,49.9199,labels
402,67,86.183,20,test,False,-2.6479,1.6543,5.4259,-2.4607,19.8422,1.7715,5.2777,-2.3435,31.5378,1.4056,5.3689,-2.7094,6.2096,labels
247,67,86.2745,9,train,False,-0.4054,-3.1008,5.3072,-1.0142,89.2198,-3.5234,4.5134,-0.5916,23.3895,-3.7654,5.2656,-0.3496,61.3137,labels
32,67,86.3927,5,train,False,-3.3809,-0.6391,1.2355,-3.4759,591.1171,-0.5841,3.1787,-3.5309,785.5094,-0.8526,-6.9081,-3.2624,223.6257,labels
297,67,86.5272,21,train,False,-1.599,-2.2169,-5.5008,-1.8981,337.594,-2.0881,-3.9664,-2.0269,491.5736,-2.5742,-7.7989,-1.5408,106.6181,labels
358,67,86.5786,31,test,False,-2.2134,-1.9813,-1.7315,-2.1337,321.4338,-1.811,-6.6406,-2.304,169.8201,-1.8463,-8.4919,-2.2687,354.7445,labels
414,67,86.7382,19,test,False,-2.44,-1.5416,-4.5035,-2.5734,266.8705,-1.7104,-9.8571,-2.0279,268.8469,-1.6777,-7.9893,-2.4373,82.0441,labels
379,67,86.9272,8,test,False,-0.451,0.2971,4.1337,-0.2971,38.3882,0.1846,3.866,-0.1846,67.4173,0.4437,4.7534,-0.4437,26.8147,labels
10,67,87.2357,9,train,False,-1.368,-0.916,4.1018,-0.916,65.1697,-1.2448,2.5369,-1.2448,110.2267,-1.0299,4.8089,-1.0299,122.4269,labels
4,67,87.2515,15,train,False,-0.2068,3.7336,-4.2335,-0.3814,361.1038,4.062,-8.896,-0.053,106.6837,3.9668,-7.7479,-0.1482,10.9379,labels
418,67,87.441,17,test,False,-1.57,2.0066,-2.619,-2.1084,263.2533,3.9186,-12.9959,1.1109,791.9997,3.4609,-8.6727,-0.6541,359.5354,labels
76,67,87.4932,29,test,True,0.2631,-4.3466,-0.2788,0.2316,79.5613,-4.3286,-0.106,0.2136,96.9036,-4.2528,4.4227,0.1378,549.7916,labels
416,67,87.6834,17,test,False,-3.9656,0.2864,-3.3546,-3.8286,293.569,0.5828,-1.3772,-3.5322,493.5175,-0.1525,-7.1293,-3.9625,87.1509,labels
156,67,88.0129,25,train,False,-3.435,0.7577,8.0209,-3.3573,44.4124,0.8819,8.4163,-3.2331,24.1332,0.6355,7.8504,-3.4795,59.9639,labels
37,67,88.0368,16,train,False,-1.8628,1.9461,7.3478,-2.1689,56.4526,2.0227,7.1001,-2.0923,32.2544,2.2081,7.0772,-1.9069,20.8497,labels
423,67,88.264,18,test,False,-3.0515,-1.3367,-3.7115,-2.7783,263.3673,-0.4027,-14.8643,2.9793,855.8849,-0.658,-9.0392,-2.8458,273.8462,labels
396,67,88.2665,22,test,False,-3.8379,-0.0325,-4.5743,-4.0825,262.3328,1.6068,6.3466,-2.5082,1366.3261,-0.1727,-6.1913,-3.9423,100.0344,labels
343,67,88.3768,34,train,False,-0.0242,-3.9554,13.404,1.519,199.6468,-3.9682,11.128,-0.1468,30.9382,-3.9815,9.3525,-0.1335,206.2479,labels
242,67,88.3908,7,train,False,-0.4477,2.965,4.7315,-1.15,71.8201,3.2145,4.7391,-0.9005,47.9537,3.4828,4.9987,-0.6322,45.6364,labels
437,67,88.4429,8,test,True,0.0217,0.3018,4.9637,0.3018,69.6205,0.2457,5.1872,0.2457,47.0592,0.132,5.8385,0.132,26.1866,labels
443,67,88.5086,18,test,False,-0.2851,-3.3482,8.4698,-0.7668,48.4186,-3.905,8.4562,-0.21,8.3316,-3.9065,8.3683,-0.2085,9.2488,labels
378,67,88.5398,17,test,False,-0.6224,-2.8017,-5.2197,-1.3133,336.5082,-2.4725,-3.7417,-1.6425,487.9204,-3.908,-7.7948,-0.207,82.9764,labels
260,67,88.6166,32,train,False,-3.9489,-0.2317,-5.0487,-3.8833,273.3482,0.6068,-11.6721,-0.2129,394.369,0.961,-8.1077,-3.154,87.041,labels
152,67,88.6275,21,train,False,-1.3308,2.9082,-7.1607,-1.2068,340.2151,2.7341,-9.495,-1.3809,106.1405,2.5369,-9.1437,-1.5781,141.63,labels
261,67,88.6486,14,train,False,-1.6415,-2.2008,7.5203,-1.9142,48.7807,-2.2854,7.597,-1.8296,51.6608,-2.2098,7.4625,-1.9052,43.5538,labels
158,67,88.7743,24,train,False,-2.0011,-2.1958,9.061,-1.9192,30.0918,-2.2334,9.2042,-1.8816,44.8923,-1.9697,9.0165,-2.1453,28.4286,labels
72,67,88.7805,16,test,False,-3.0509,1.199,6.2479,-2.916,47.0531,1.1209,6.2961,-2.9941,40.6598,1.0589,6.5526,-3.0561,14.6188,labels
318,67,88.9017,6,train,False,-0.5906,0.3706,5.3104,-0.3706,47.7715,0.7274,5.3094,-0.7274,44.6552,0.946,5.3379,-0.946,53.2489,labels
331,67,89.1386,13,train,False,-0.9293,-3.1476,5.0821,-0.9674,14.6961,-3.0645,5.1983,-1.0505,28.5137,-3.1831,5.2312,-0.9319,29.0984,labels
108,67,89.271,29,train,False,-2.2486,-1.6874,-5.0959,-2.4276,225.6807,-1.2939,-0.2546,-2.8211,711.4007,-1.7849,-6.5299,-2.3301,81.9704,labels
286,67,89.2973,18,train,False,-3.2782,0.5935,7.3877,-3.5215,32.1806,0.3111,7.1186,-3.8039,52.8939,1.0007,7.2743,-3.1143,19.059,labels
339,67,89.4085,18,train,False,-1.3909,3.0509,7.1591,-1.0641,62.8845,2.686,5.3672,-1.429,125.5298,2.6086,6.9091,-1.5064,30.958,labels
35,67,89.4631,14,train,False,-2.3911,-1.1966,5.6476,-2.9184,53.0303,-0.0117,4.9345,-4.1033,183.3926,-1.7157,5.5555,-2.3993,3.6904,labels
284,67,89.505,19,train,False,-2.5217,1.2429,7.886,-2.8721,39.6279,1.3088,7.8764,-2.8062,33.4305,1.804,7.4715,-2.311,31.1452,labels
6,67,89.6812,14,train,False,-0.3611,3.6662,-7.2665,-0.4488,239.1452,3.4623,-1.5769,-0.6527,808.4648,3.7212,-7.2734,-0.3938,238.3099,labels
411,67,89.8551,29,test,False,-1.9606,-2.1567,4.2916,-1.9583,76.8839,-2.0584,3.3499,-2.0566,19.7717,-2.0155,3.7577,-2.0995,27.2871,labels
296,67,90.094,26,train,False,-1.3433,2.5291,11.3434,-0.5416,107.0573,2.9583,9.1782,-1.1567,113.7928,2.7964,10.0007,-1.3186,30.1059,labels
263,67,90.3744,14,train,False,-1.3515,-2.6345,7.8019,-1.4805,15.335,-2.7014,6.4168,-1.4136,130.3674,-2.8305,7.1025,-1.2845,62.0098,labels
354,67,90.4165,32,train,True,0.988,5.0466,-3.3714,0.9316,260.3426,5.0643,-11.4031,0.9493,542.9025,3.0953,-8.2096,-1.0197,300.4721,labels
363,67,90.4889,20,test,False,-2.9275,-1.3587,-3.4199,-2.7563,315.5157,-1.1361,-6.7153,-2.9789,15.3733,-1.0445,-7.9455,-3.0705,138.2509,labels
372,67,90.5987,12,test,False,-1.1168,-1.5204,5.8714,-0.5286,68.0222,-2.0569,2.361,-2.0569,292.8705,-1.9421,5.3878,-1.0122,13.168,labels
114,67,90.6289,19,train,False,-1.8331,-1.9719,-5.4409,-2.1431,337.0174,-1.5373,-1.2306,-2.5777,760.2785,-2.0771,-9.0232,-2.0379,30.5227,labels
438,67,90.7865,12,test,False,-1.5626,1.2343,-1.058,-1.058,352.8891,3.3129,-33.4742,27.0742,2895.5591,2.5149,-6.2417,-0.1583,192.2487,labels
111,67,90.9955,12,train,False,-1.3446,1.9695,5.2447,-1.1553,25.7575,1.1172,4.6149,-1.1172,111.7356,2.0437,5.2279,-1.1721,19.9577,labels
237,67,91.0161,7,train,False,-0.3174,3.1242,5.3876,-0.9908,80.3163,3.4701,5.2258,-0.6449,42.8171,3.6502,5.5207,-0.4648,58.9539,labels
56,67,91.2418,24,test,False,-2.0455,-2.175,-5.309,-1.94,247.8191,-2.2714,-1.7909,-1.8436,599.7414,-1.9215,-7.936,-2.1935,21.1407,labels
310,67,91.4548,7,train,False,-0.751,1.9502,4.751,-1.649,117.3045,2.4036,5.1195,-1.2805,60.9193,2.9743,5.3871,-1.0129,37.5742,labels
69,67,91.5131,6,test,False,-1.0743,-2.7011,-0.6032,-1.4139,444.0016,-1.8585,8.9497,-2.2565,1402.9726,-3.176,-7.4103,-0.939,238.4018,labels
97,67,91.6078,16,train,False,-1.6004,-2.0552,8.4244,-2.0598,45.9702,-2.3085,8.2623,-1.8065,25.2073,-2.5229,7.8147,-1.5921,59.2912,labels
127,67,91.6379,22,train,False,-1.4451,-2.6007,-1.0107,-1.5143,258.9099,-2.5087,-21.8739,9.9889,1827.5729,-2.6986,-9.1198,-1.4164,552.0998,labels
413,67,91.8919,10,test,False,-0.3932,0.3817,5.3369,-0.3817,67.1107,0.5388,5.7819,-0.5388,25.3724,0.5831,6.0588,-0.3412,16.985,labels
136,67,91.8974,21,train,False,-2.207,2.1334,9.997,-1.888,55.4581,1.947,8.5432,-2.168,94.7938,1.732,9.5476,-2.3374,18.5044,labels
68,67,91.9298,29,test,False,-2.4544,-1.2287,-7.7806,-2.8863,165.2539,-1.7728,3.5199,-2.3422,1296.6067,-1.0969,-7.6422,-3.0181,178.8922,labels
49,67,91.9298,20,test,False,-1.9144,-2.1574,8.0367,-1.9576,13.0587,-2.1343,8.0373,-1.9807,13.9412,-2.057,7.8485,-2.058,34.2931,labels
39,67,92.1437,17,train,False,-2.091,1.6378,6.928,-2.4772,38.7331,2.0068,6.688,-2.1082,21.1107,2.1363,6.6003,-1.9787,31.8558,labels
360,67,92.1692,20,test,False,-1.4209,-2.5869,-4.3576,-1.5281,337.0775,-2.6738,-5.5926,-1.4412,213.409,-2.734,-7.1928,-1.381,53.5356,labels
369,67,92.2864,19,test,False,-1.4469,2.33,-6.0465,-1.785,361.6705,2.4608,-7.3527,-1.6542,230.3989,2.5182,-8.0101,-1.5968,164.4114,labels
75,67,92.6038,13,test,False,-3.7093,-0.3944,4.1624,-3.7206,298.6594,-0.6164,4.9138,-3.4986,377.0016,0.9666,-2.5674,-3.1484,389.2975,labels
348,67,92.6565,12,train,False,-1.8374,-2.148,-4.6371,-1.967,430.4815,-2.3291,-22.5419,10.6569,1360.2099,-2.1681,-8.4156,-1.9469,53.566,labels
398,67,92.8579,11,test,False,-0.6297,2.9763,5.5857,-0.8143,51.1541,2.4528,5.2875,-1.1125,108.9797,3.2691,5.6548,-0.7452,21.7073,labels
383,67,93.0598,20,test,False,-2.0572,-1.5598,9.8158,-2.0692,88.1931,-1.6727,9.6407,-2.2443,67.3714,-1.8869,9.0391,-2.2281,17.78,labels
51,67,93.2135,31,test,False,-0.8455,-3.1905,8.1763,-0.9245,54.5738,-0.4322,-1.4481,-3.6828,951.7171,-2.9125,7.7119,-1.2025,36.4884,labels
104,67,93.3011,7,train,False,-0.3456,-2.7273,4.3808,-1.3877,133.7401,-4.7932,5.432,0.6782,104.5681,-4.8345,3.5179,0.7195,200.7095,labels
65,67,93.3333,23,test,False,-3.0207,-1.2398,6.4417,-2.8752,14.5577,-1.1489,6.2352,-2.9661,21.9737,-1.0286,5.6148,-3.0864,83.59,labels
45,67,93.3333,27,train,False,-2.3769,1.6816,9.3911,-2.4334,37.4503,1.5214,9.8586,-2.0264,86.5317,1.6999,9.2737,-2.4151,25.5675,labels
240,67,93.3333,37,train,False,-2.5348,-0.1516,11.0499,-0.8351,170.1874,-0.2399,8.9454,-2.9396,44.0117,-0.0239,9.8874,-1.9976,53.8996,labels
171,67,93.4815,26,train,True,0.314,-4.51,1.2491,0.395,142.4458,-4.8146,8.9549,0.6996,913.609,-3.7693,-0.8087,-0.3457,91.6091,labels
264,67,93.4843,7,train,False,-0.9719,0.6816,5.6369,-0.6816,58.6117,0.8087,5.5657,-0.8087,44.2546,1.7529,5.7861,-0.6139,63.4307,labels
94,67,93.5393,15,train,False,-2.6323,0.7543,-3.1275,-3.3607,282.7782,3.1145,-13.7611,1.8761,806.799,2.2008,-6.7942,-1.9142,117.8503,labels
349,67,93.6228,7,train,False,-0.5773,-2.7386,5.4712,-0.9288,80.0222,-3.6308,4.9372,-0.4842,49.9944,-3.4613,5.222,-0.6537,22.0075,labels
71,67,93.7721,22,test,False,-0.7569,-3.1724,-5.3929,-0.9426,269.1752,-3.1838,-5.9396,-0.9312,214.5728,-3.2436,-8.277,-0.8714,22.9335,labels
11,67,94.1313,30,train,False,-1.5572,-0.5143,-7.7747,-3.6007,255.6942,-0.8069,-2.367,-3.3081,797.252,-0.4934,-7.5923,-3.6216,273.812,labels
370,67,94.3448,17,test,False,-2.303,2.036,6.0325,-2.079,22.4043,2.2346,5.8362,-1.8804,46.75,1.8129,5.9531,-2.3021,8.2858,labels
24,67,94.4782,7,train,False,-0.5836,2.2876,5.2124,-1.1876,77.278,2.0795,4.9778,-1.4222,108.6087,2.7683,5.1158,-1.2842,70.0596,labels
148,67,94.4893,23,train,False,-2.4449,1.9012,9.7373,-2.1477,63.9983,2.0902,10.0853,-1.7997,103.4012,1.7212,9.2575,-2.3938,12.7684,labels
321,67,94.5248,23,train,False,-2.1856,-2.212,-4.7665,-1.903,380.6475,-1.8064,-11.0692,-0.8158,250.9769,-1.7953,-9.0778,-2.3197,53.2485,labels
250,67,94.5324,21,train,False,-2.8849,0.9996,7.7212,-3.1154,139.9246,1.024,8.2003,-3.091,187.0657,1.2416,7.5413,-2.8734,120.0331,labels
124,67,94.8843,28,train,False,-3.7463,0.5933,5.9816,-3.5217,47.6896,0.4509,5.7308,-3.6641,18.8709,0.1988,6.1127,-3.9162,57.7364,labels
440,67,94.902,22,test,False,-2.2635,-2.0761,-2.2196,-2.0389,292.2538,-1.8604,-3.9445,-2.2546,118.9098,-1.7531,-7.2785,-2.3619,214.7189,labels
78,67,95.1598,21,test,False,-2.6022,1.6786,5.7599,-2.4364,16.5848,2.8795,1.758,-1.2355,423.268,1.3905,5.5063,-2.7245,28.5194,labels
87,67,95.1724,26,test,False,-1.6365,-2.5758,0.5414,-1.5392,61.2512,-3.582,0.4928,-0.533,123.5722,0.7318,4.4545,-3.3832,554.2234,labels
356,67,95.3366,10,test,False,-0.3354,3.1699,-0.5564,-0.5564,546.1774,4.4238,-13.5176,7.1176,756.1106,3.8361,-5.3018,-0.2789,68.4522,labels
55,67,95.5556,28,test,False,-2.4284,-1.3853,9.2771,-2.6079,48.1308,-1.3051,9.3116,-2.5734,55.9914,-1.5027,9.1511,-2.6123,30.9846,labels
323,67,95.6231,14,train,False,-0.2922,-3.2629,-3.211,-0.8521,393.7947,-3.3233,-3.5191,-0.7917,362.4441,-3.7577,-8.5143,-0.3573,140.684,labels
387,67,95.641,17,test,False,-0.6988,3.5459,8.0035,-0.5691,45.0383,3.8643,6.4872,-0.2507,199.8443,3.2991,7.7514,-0.8159,69.3346,labels
278,67,95.698,20,train,False,-1.7017,2.2908,9.7435,-1.8242,96.8959,2.3854,8.8044,-1.7296,3.5577,2.2967,8.6254,-1.8183,19.5528,labels
98,67,95.7192,18,train,False,-2.0548,1.5174,-1.9502,-2.5976,354.8533,1.8002,-3.8529,-2.3148,162.5036,1.842,-5.9804,-2.273,56.7073,labels
135,67,95.7265,20,train,False,-1.3883,2.6759,-8.0601,-1.4391,47.47,2.823,-2.1102,-1.292,642.2592,2.5071,-8.4396,-1.6079,23.8292,labels
115,67,95.7669,16,train,False,-2.091,1.5321,6.6582,-2.5829,49.3781,0.7161,5.4508,-3.3989,180.9465,2.0591,6.67,-2.0559,4.6932,labels
185,67,96.0331,29,train,False,-1.1413,-3.0806,3.8765,-1.0344,154.4988,-3.1949,5.1537,-0.9201,282.719,-3.0075,4.1068,-1.1075,177.1888,labels
365,67,96.1163,21,test,False,-2.7103,-1.1612,-4.8835,-2.9538,341.5527,-1.3937,-7.8596,-2.7213,43.0867,-1.3949,-7.6425,-2.7201,64.7919,labels
25,67,96.2159,26,train,False,-3.0333,-0.8952,-5.2735,-3.2198,260.743,-0.1255,1.3997,-3.9895,932.3065,-1.1512,-7.1269,-2.9638,75.0602,labels
109,67,96.2735,16,train,False,-0.7279,-3.3516,8.4661,-0.7634,22.9638,-3.3236,8.4585,-0.7914,24.2962,-3.2661,7.9588,-0.8489,74.4056,labels
275,67,96.2963,16,train,False,-0.06,4.231,8.565,0.116,39.9608,4.3319,8.94,0.2169,78.4247,3.9576,8.6548,-0.1574,45.9088,labels
289,67,96.331,8,train,True,0.3356,0.3437,5.7025,-0.3437,106.9618,0.1125,5.0051,-0.1125,180.3578,0.6623,5.9435,-0.4565,79.3186,labels
271,67,96.4907,9,train,False,-0.9196,0.7344,5.4126,-0.7344,28.0676,0.8198,5.6538,-0.7462,46.294,0.9531,5.672,-0.728,47.1487,labels
309,67,96.5608,9,train,False,-2.2092,-1.8578,1.5378,-2.2572,139.3087,-1.8579,3.6353,-2.2571,349.0124,-1.8948,-2.1375,-2.2202,228.299,labels
142,67,96.5945,19,train,False,-1.0698,-3.0722,11.0559,-0.8291,27.7834,-3.2306,9.4963,-0.8844,135.2009,-2.797,9.8865,-1.318,93.873,labels
306,67,96.5967,22,train,False,-0.4536,3.2877,0.0928,-0.8273,339.2411,4.0981,-12.342,0.457,907.356,4.1787,-8.3784,0.0637,512.5645,labels
179,67,96.6096,8,train,False,-1.046,-0.7141,4.0654,-0.7141,61.6064,-1.7747,2.8296,-1.7747,190.0095,-1.5481,4.0305,-1.5481,74.766,labels
262,67,96.7761,41,train,False,-2.9389,-1.4148,-2.2736,-2.7002,230.9898,-4.706,18.3638,6.4788,2320.5036,-2.013,-5.7398,-2.102,143.7372,labels
7,67,96.8306,9,train,False,-0.1999,0.1047,4.8849,0.1047,53.4868,0.0373,3.5941,0.0373,88.3506,0.0751,5.1815,0.0751,78.5912,labels
103,67,96.9297,7,train,True,0.124,0.4105,4.8828,0.4105,64.9785,0.1581,5.3961,0.1581,7.7766,-0.1884,5.3492,-0.1884,33.3476,labels
147,67,97.0136,15,train,False,-1.0175,2.718,-4.5037,-1.397,364.4321,3.1638,-8.5172,-0.9512,39.4579,2.9775,-6.6436,-1.1375,148.9488,labels
330,67,97.2597,17,train,False,-3.6771,-0.1114,-3.8618,-4.0036,366.0248,0.2797,-0.0126,-3.8353,752.9192,-0.5055,-8.0975,-3.6095,59.388,labels
420,67,97.3041,36,test,False,-3.8904,-0.0684,-3.8665,-4.0466,308.4663,-0.0102,-5.2693,-4.1048,169.1603,-0.1849,-7.6353,-3.9301,68.926,labels
27,67,97.315,7,train,False,-0.4833,0.2044,4.3931,-0.2044,51.6403,0.1175,4.1276,-0.1175,78.9945,0.5226,4.6596,-0.5226,17.2639,labels
79,67,97.4671,19,test,False,-3.3649,0.8151,-2.5217,-3.2999,273.0471,0.8979,1.0974,-3.2171,635.0524,0.7046,-7.681,-3.4104,243.001,labels
117,67,97.5599,23,train,False,-2.8546,0.436,9.6571,-2.2279,69.775,0.1013,10.2211,-1.6639,135.2465,0.6309,9.0123,-2.8727,11.3455,labels
15,67,97.586,20,train,False,-1.9423,1.8308,10.2696,-1.6154,90.2031,1.9854,10.1641,-1.7209,75.2832,2.1408,9.8327,-1.9742,39.9079,labels
347,67,97.6499,29,train,False,-3.4437,-0.4853,9.9716,-1.9134,352.5943,-0.4225,3.7562,-3.6925,270.5788,-0.7116,8.8302,-3.0548,237.9943,labels
66,67,97.7809,15,test,False,-2.2017,1.7083,-4.0415,-2.4067,313.9103,1.752,-4.9113,-2.363,226.8367,1.8231,-7.5883,-2.2919,42.4137,labels
129,67,97.8899,22,train,False,-1.2323,-3.0863,3.488,-1.0287,99.3055,-3.132,3.4866,-0.983,100.1984,-2.7174,4.0453,-1.3976,153.8128,labels
138,67,97.9332,21,train,False,-1.3735,2.2324,10.4353,-1.4497,19.7264,2.2438,10.3823,-1.5027,21.3998,2.47,9.799,-1.645,71.4723,labels
375,67,98.1847,11,test,False,-1.2555,2.4756,4.6532,-1.6394,44.0389,2.4546,4.7707,-1.6293,52.4426,2.7865,4.6318,-1.3285,20.7587,labels
33,67,98.4189,16,train,False,-2.366,-1.8269,7.7313,-2.2881,23.0666,-1.8737,7.771,-2.2413,28.5514,-1.7557,7.5149,-2.3593,0.6743,labels
149,67,98.4549,16,train,False,-1.0949,-2.6186,-6.6079,-1.4964,403.553,-3.9742,-26.6234,14.7384,1602.8381,-3.6351,-9.9143,-0.4799,93.8545,labels
9,67,98.4615,20,train,False,-0.0442,-4.0905,11.1223,-0.0245,42.1048,-4.028,11.6312,-0.087,93.0477,-3.7446,10.7088,-0.3704,32.6242,labels
268,67,98.6112,9,train,False,-0.8198,2.55,1.0541,1.0541,587.596,3.9655,-13.2715,6.8715,852.3458,3.5371,-5.4249,-0.5779,69.405,labels
113,67,98.6667,21,train,False,-1.2468,1.9162,11.1521,-0.7329,60.8617,1.6239,11.3697,-0.5153,95.7843,1.9889,10.3249,-1.5601,40.2871,labels
257,67,98.7637,22,train,False,-2.4163,1.9249,5.1941,-2.1901,73.2539,2.0117,5.8014,-2.1033,134.1005,1.5565,4.899,-2.5585,42.6013,labels
415,67,98.8864,15,test,False,-1.5115,2.0966,6.0788,-2.0184,61.9006,2.1189,6.0276,-1.9961,63.2463,2.5348,6.1149,-1.5802,32.6356,labels
432,67,98.8889,10,test,False,-0.1622,-3.2018,5.4816,-0.9132,88.0811,-4.4576,5.32,0.3426,80.0878,-3.921,5.505,-0.194,43.7842,labels
436,67,98.9421,19,test,False,-0.8772,3.2255,10.7012,-0.8895,38.6795,3.5563,10.2628,-0.5587,93.6053,3.1131,10.1022,-1.0019,91.3993,labels
259,67,98.9882,10,train,False,-0.6235,-2.8561,5.514,-0.886,87.3775,-3.9977,3.5654,-0.1173,144.0648,-3.7811,5.3686,-0.3339,53.8802,labels
351,67,98.9897,31,train,False,-0.4182,3.6992,0.5757,-0.4158,323.4778,3.6796,-0.6772,-0.4354,198.1884,3.7647,-6.7631,-0.3503,410.462,labels
374,67,99.0769,35,test,False,-1.651,1.9433,11.4458,-0.4392,121.991,2.0572,9.8765,-2.0085,35.8503,2.0919,9.3042,-2.0231,92.9813,labels
232,67,99.1291,25,train,False,-1.9816,2.6494,-1.6699,-1.4656,321.8706,2.4026,-3.3083,-1.7124,156.1978,1.2292,-7.6936,-2.8858,298.6755,labels
422,67,99.1753,8,test,False,-1.3157,-1.1741,4.3335,-1.1741,96.2136,-1.3864,4.5964,-1.3864,62.4208,-1.4386,4.9527,-1.4386,36.1919,labels
325,67,99.2221,10,train,False,-0.825,2.9769,6.1521,-0.2479,96.93,2.5178,6.4625,0.0625,145.0448,3.3187,6.7776,0.3776,154.3125,labels
435,67,99.2475,12,test,False,-1.4621,1.6302,-1.2012,-1.2012,377.0264,5.1243,-45.4097,39.0097,4058.2246,3.4684,-5.4438,-0.6466,142.877,labels
272,67,99.2665,25,train,False,-2.3359,-1.7409,-2.3185,-2.3741,391.5456,-1.7898,-11.7556,-0.1294,552.1763,-1.8426,-8.7346,-2.2724,250.1575,labels
425,67,99.3258,10,test,False,-0.3307,3.4256,4.4331,-0.6894,40.2929,2.4627,2.9906,-1.6523,209.5454,3.558,4.8188,-0.557,30.3445,labels
119,67,99.3569,21,train,False,-1.917,1.7097,9.2286,-2.4053,53.3859,1.8393,9.0983,-2.2757,36.8749,2.204,8.7252,-1.911,28.7876,labels
401,67,99.5686,15,test,False,-1.5433,2.5968,-2.6548,-1.5182,420.5464,2.2727,-15.0034,3.1184,814.8723,2.3552,-9.3612,-1.7598,251.0378,labels
170,67,99.5726,16,train,False,-1.2598,2.4188,8.4791,-1.6962,53.5434,2.7153,8.4899,-1.3997,35.0155,2.8885,8.1007,-1.2265,7.5882,labels
408,67,99.599,18,test,False,-3.3908,-0.6095,-4.3998,-3.5055,335.3661,-0.6526,-5.2979,-3.4624,245.4652,-0.6842,-6.9766,-3.4308,77.6006,labels
313,67,99.6239,16,train,False,-0.1455,4.2407,10.098,0.1257,43.027,4.5033,9.8787,0.3883,54.593,3.984,9.8569,-0.131,9.4042,labels
248,67,99.7206,8,train,False,-0.4042,-2.9486,5.7896,-0.6104,117.8294,-3.4489,5.2231,-0.6661,42.2957,-3.7682,5.8287,-0.3468,93.9477,labels
13,67,99.7654,7,train,False,-0.0647,2.7381,5.1418,-1.2582,149.2011,2.6835,5.045,-1.355,160.223,3.249,5.3439,-0.866,106.3372,labels
167,67,99.7697,18,train,False,-1.8061,2.3955,-4.9012,-1.7195,206.4776,1.587,-22.6893,10.8043,1574.1774,1.9928,-9.5763,-2.1222,263.1235,labels
254,67,99.7962,23,train,False,-1.6787,-2.2129,9.2709,-1.9021,164.4559,-2.3057,7.6868,-1.8093,13.8261,-2.3358,8.8254,-1.7792,118.8102,labels
276,67,99.9151,11,train,False,-0.6268,-1.4244,5.7688,-0.6312,59.7142,-2.9984,2.5525,-1.1166,336.5605,-2.7048,4.7243,-1.4102,125.1798,labels
183,67,100.0,8,train,False,-0.0861,0.064,4.6766,0.064,96.1875,-0.8412,2.5095,-0.8412,320.731,-0.7183,4.9344,-0.7183,93.7511,labels
173,67,100.0,44,train,False,-3.6372,0.488,-5.4563,-3.627,239.887,0.629,-0.3481,-3.486,750.8533,0.4937,-6.6655,-3.6213,118.9732,labels
154,67,100.0,11,train,True,0.186,0.0426,-5.1544,-0.0426,144.4972,-0.3018,7.3385,7.3385,1393.4987,0.2178,-7.3408,0.9408,75.5111,labels
182,67,100.0,24,train,False,-2.5609,-0.0271,7.0611,-4.0879,266.0528,1.0103,-3.8641,-3.1047,911.465,-1.6122,-1.7046,-2.5028,658.7215,labels
155,67,100.0,6,train,False,-3.5978,0.2997,2.0557,-3.8153,681.1602,,,,,1.8721,-4.692,-2.2429,135.6254,labels
160,67,100.0,17,train,False,-1.2327,-2.2637,6.0919,-1.8513,74.876,-1.7432,6.0709,-2.3718,120.7542,-2.8062,5.9366,-1.3088,27.7173,labels
161,67,100.0,34,train,False,-1.8193,1.8506,-5.4291,-2.2644,221.8128,2.2401,-8.1988,-1.8749,59.932,2.1689,-4.2843,-1.9461,332.0129,labels
180,67,100.0,31,train,False,-3.3822,-0.9137,-4.7025,-3.2013,271.4565,-1.177,0.9395,-2.938,836.2303,-0.8279,-6.809,-3.2871,60.9496,labels
178,67,100.0,8,train,False,-2.8652,-0.2947,5.5602,-3.8203,109.2224,2.8075,4.7607,-1.3075,426.9499,-1.005,4.6101,-3.11,149.9962,labels
151,67,100.0,37,train,False,-0.85,3.0734,5.752,-1.0416,170.0292,2.9359,5.1417,-1.1791,232.317,2.6764,5.5021,-1.4386,202.6739,labels
174,67,100.0,18,train,False,-0.0451,3.7248,8.8435,-0.3902,98.2692,3.5249,9.0524,-0.5901,89.5996,3.6947,8.6297,-0.4203,119.4439,labels
175,67,100.0,7,train,False,-0.7631,-0.2184,4.0611,-0.2184,97.0003,-2.0289,2.4599,-2.0289,271.6792,-1.9263,4.3341,-1.9263,127.8071,labels
307,67,100.1761,31,train,False,-1.9976,1.6438,10.4123,-1.4727,67.8191,1.797,10.642,-1.243,95.3379,1.0283,9.3858,-2.4992,53.4994,labels
364,67,100.3733,30,test,False,-1.0375,2.3804,11.4989,-0.3861,65.9444,2.2117,12.0402,0.1552,122.323,2.169,10.5662,-1.3188,42.1885,labels
439,67,100.5364,18,test,False,-1.3093,-2.2889,10.0174,-1.8261,57.1785,-1.82,9.9337,-1.9513,103.8968,-2.3877,9.2791,-1.7273,106.8104,labels
256,67,100.5765,7,train,False,-2.3034,1.2197,2.1287,-2.8953,742.1145,0.4955,9.2747,-2.6103,1460.2972,2.1099,-5.1854,-2.0051,30.9709,labels
361,67,100.6403,9,test,False,-0.4442,2.9002,-0.114,-0.114,554.8845,6.2421,-31.3099,24.9099,2582.9142,4.4439,-4.2904,0.3289,152.8658,labels
141,67,100.8677,17,train,False,-1.9527,-1.8921,-3.8831,-2.2229,390.1624,-1.5661,-0.4657,-2.5489,733.3883,-2.2122,-8.5059,-1.9028,73.2293,labels
441,67,101.2132,13,test,False,-1.9571,-2.1072,5.0752,-2.0078,72.9725,-2.1407,5.4875,-1.9743,31.6075,-2.1007,5.3173,-2.0143,48.9187,labels
243,67,101.2276,7,train,False,-0.3979,-2.7274,4.8103,-1.3876,136.2675,-3.5837,3.9483,-0.5313,15.2941,-3.9618,4.989,-0.1532,114.196,labels
388,67,101.2303,57,test,True,0.2766,-3.676,-8.559,-0.439,360.2733,-3.4769,-11.7062,-0.1788,48.7592,-4.1672,-9.1657,0.0522,304.0003,labels
294,67,101.4931,18,train,False,-1.7739,1.9382,8.5307,-2.1768,42.3077,1.5852,8.4936,-2.5298,76.1513,2.2543,8.2316,-1.8607,19.0883,labels
1,67,101.6649,20,train,False,-0.8979,2.7993,9.8914,-1.3157,135.5239,2.557,10.3794,-1.5056,189.585,2.99,9.7985,-1.125,121.7686,labels
277,67,102.381,18,train,False,-2.5345,-1.8705,-0.9065,-2.2445,429.981,-2.0063,1.4562,-2.1087,666.6374,-1.6191,-7.2779,-2.4959,208.173,labels
335,67,103.0378,15,train,False,-2.7704,-1.5151,9.1873,-2.5999,25.902,-2.1899,5.82,-1.9251,342.1579,-1.2628,8.8584,-2.8522,25.6177,labels
409,67,103.3484,17,test,False,-0.8746,-3.1645,6.8276,-0.9505,7.5896,-3.0494,6.575,-1.0656,31.6563,-3.1408,6.439,-0.9742,40.0956,labels
394,67,103.4691,20,test,False,-2.6282,-1.2065,-2.4584,-2.9085,372.9094,-1.6707,-9.6185,-2.2665,344.6455,-1.6581,-7.8271,-2.4569,165.9067,labels
88,67,103.619,23,test,False,-3.4191,1.1344,7.0795,-2.9806,51.8429,1.7086,7.065,-2.4064,104.6018,0.8643,6.1306,-3.2507,69.2976,labels
251,67,103.6194,18,train,False,-1.2048,-2.0724,-6.9635,-2.0426,372.3836,-2.4383,-12.0476,0.1626,137.4098,-2.1879,-9.0875,-1.9271,159.686,labels
245,67,103.6398,10,train,False,-1.3927,2.6173,7.3008,-1.4977,49.98,2.5346,6.9715,-1.5804,24.625,2.9141,7.6085,-1.2009,81.9143,labels
282,67,103.936,20,train,False,-2.1518,1.4758,9.0956,-2.6392,48.78,1.7401,9.0481,-2.3749,23.3055,2.0725,8.7391,-2.0425,39.1974,labels
107,67,104.1176,16,train,False,-1.4218,2.9824,4.8707,-1.1326,29.5341,2.6627,4.3446,-1.4523,46.7367,2.3498,4.0703,-1.7652,81.6382,labels
81,67,104.2793,29,test,False,-0.6055,-1.8128,-8.3103,-2.3022,296.9221,-1.7937,-5.1973,-2.3213,608.2258,-1.7569,-8.7258,-2.3581,255.4089,labels
273,67,104.2904,13,train,False,-1.694,1.6778,6.4382,-2.4372,90.3032,2.4222,5.4567,-1.6928,149.4528,2.7027,6.5493,-1.4123,49.0796,labels
442,67,104.6989,22,test,False,-1.7838,1.9328,-5.1676,-2.1822,333.4896,2.6752,-13.5228,1.6378,505.5969,2.5148,-8.6885,-1.6002,27.8874,labels
317,67,104.7501,6,train,False,-0.704,2.9813,-0.9258,-1.1337,511.6094,2.4337,4.6719,-1.6813,1074.0325,3.1802,-7.3225,-0.9348,131.8961,labels
288,67,104.7835,23,train,False,-0.9778,2.6349,8.9141,-1.4801,94.1622,2.9236,8.4062,-1.1914,35.9057,3.0562,8.2865,-1.0588,18.7373,labels
92,67,104.9587,14,train,False,-1.2641,3.0307,-5.3909,-1.0843,430.354,2.795,-11.7516,-0.1334,206.1691,2.9593,-9.574,-1.1557,15.9224,labels
424,67,105.098,15,test,False,-1.6286,-2.3119,6.4534,-1.8031,37.9893,-2.6081,6.6927,-1.5069,15.6335,-2.6078,6.9174,-1.5072,17.5285,labels
3,67,105.1096,19,train,False,-3.9708,0.4284,8.3107,-3.5743,124.5098,0.284,6.3376,-3.831,77.3604,0.2974,7.9929,-3.8176,90.7451,labels
235,67,105.1718,30,train,False,-2.9662,-0.7351,-1.4506,-3.3799,357.9576,-1.4342,-6.6414,-2.6808,166.0025,-2.0608,-6.0934,-2.0542,141.9106,labels
236,67,105.2079,14,train,False,-0.993,-3.2888,9.189,-0.8262,34.9462,-3.2685,9.4059,-0.8465,54.4023,-3.0324,9.3589,-1.0826,48.5273,labels
253,67,105.4431,16,train,False,-1.2897,2.966,-4.8218,-1.149,416.4088,2.7125,-14.0731,2.1881,509.0891,2.8559,-8.3743,-1.2591,60.9986,labels
295,67,105.7121,15,train,False,-3.3033,-0.3069,-1.5554,-3.8081,379.6727,-0.6136,-3.8581,-3.5014,147.3725,-1.4838,-8.5368,-2.6312,328.778,labels
60,67,105.763,35,test,False,-0.6903,2.6172,-8.9893,-1.4978,220.5445,2.3909,-9.684,-1.7241,152.8494,2.3148,-8.5876,-1.8002,262.531,labels
53,67,105.7658,28,test,True,0.6292,1.2192,13.4201,1.5351,93.2086,1.2339,13.0864,1.2014,60.7698,1.3706,10.1403,-1.7447,237.4845,labels
91,67,105.8191,44,train,False,-2.0795,1.812,12.0052,0.1202,228.0205,1.7887,12.3009,0.4159,257.6798,4.2068,9.6971,0.0918,217.1692,labels
58,67,105.8739,16,test,False,-3.8231,0.2012,-3.5069,-3.9138,317.4523,2.0449,6.7558,-2.0701,1360.0887,-0.1843,-7.1836,-3.9307,55.1364,labels
42,67,105.9075,5,train,False,-1.0729,3.6135,8.1965,-0.5015,57.4841,4.2767,7.3328,0.1617,147.1184,2.474,1.6328,-1.641,652.4936,labels
386,67,105.9115,22,test,False,-1.442,2.1598,-4.5256,-1.9552,374.0639,3.4344,-15.723,3.838,753.0713,3.03,-7.039,-1.085,124.4235,labels
353,67,105.9795,11,train,False,-3.1108,1.4786,7.7611,-2.6364,123.0855,3.134,3.3736,-0.981,589.154,0.1675,7.8801,-3.9475,108.3659,labels
319,67,106.1714,20,train,False,-2.5276,1.5714,-3.2129,-2.5436,363.3278,1.5756,-0.0831,-2.5394,676.305,1.5904,-7.9361,-2.5246,108.991,labels
252,67,106.3835,19,train,False,-4.0841,-0.3439,5.5854,-3.7711,59.4163,0.0763,4.6893,-4.0387,43.7481,0.0731,6.3676,-4.0419,124.391,labels
241,67,106.4737,17,train,False,-0.0,-4.0857,-6.1741,-0.0293,400.2862,-4.1425,-11.2461,0.0275,106.9628,-4.0227,-8.9919,-0.0923,118.8487,labels
130,67,106.5313,20,train,False,-1.9145,2.239,4.3878,-1.876,6.1667,2.1979,4.2184,-1.9171,12.1274,1.8413,4.591,-2.2737,43.8403,labels
279,67,106.5515,22,train,False,-1.863,-1.992,-5.5124,-2.123,389.5123,-1.6285,-1.3201,-2.4865,810.2769,-2.3078,-8.6689,-1.8072,73.2031,labels
345,67,106.6667,15,train,False,-2.1531,1.5031,8.1985,-2.6119,70.851,1.2919,8.1285,-2.8231,81.8327,1.9937,8.2481,-2.1213,59.0276,labels
389,67,106.7711,10,test,True,0.109,3.1049,6.3956,-0.0044,56.1712,3.005,6.2516,-0.1484,69.9213,3.5555,6.4139,0.0139,13.7684,labels
93,67,106.9995,28,train,False,-0.921,-2.8324,4.562,-1.2826,42.8351,-3.1666,3.3137,-0.9484,101.9184,-3.3384,4.2071,-0.7766,19.118,labels
155,100,100.0,6,train,False,-3.5978,0.2997,2.0557,-3.8153,681.1602,,,,,1.8721,-4.692,-2.2429,135.6254,labels
154,100,100.0,11,train,True,0.186,0.0426,-5.1544,-0.0426,144.4972,-0.3018,7.3385,7.3385,1393.4987,0.2178,-7.3408,0.9408,75.5111,labels
182,100,100.0,24,train,False,-2.5609,-0.0271,7.0611,-4.0879,266.0528,1.0103,-3.8641,-3.1047,911.465,-1.6122,-1.7046,-2.5028,658.7215,labels
183,100,100.0,8,train,False,-0.0861,0.064,4.6766,0.064,96.1875,-0.8412,2.5095,-0.8412,320.731,-0.7183,4.9344,-0.7183,93.7511,labels
175,100,100.0,7,train,False,-0.7631,-0.2184,4.0611,-0.2184,97.0003,-2.0289,2.4599,-2.0289,271.6792,-1.9263,4.3341,-1.9263,127.8071,labels
174,100,100.0,18,train,False,-0.0451,3.7248,8.8435,-0.3902,98.2692,3.5249,9.0524,-0.5901,89.5996,3.6947,8.6297,-0.4203,119.4439,labels
173,100,100.0,44,train,False,-3.6372,0.488,-5.4563,-3.627,239.887,0.629,-0.3481,-3.486,750.8533,0.4937,-6.6655,-3.6213,118.9732,labels
180,100,100.0,31,train,False,-3.3822,-0.9137,-4.7025,-3.2013,271.4565,-1.177,0.9395,-2.938,836.2303,-0.8279,-6.809,-3.2871,60.9496,labels
178,100,100.0,8,train,False,-2.8652,-0.2947,5.5602,-3.8203,109.2224,2.8075,4.7607,-1.3075,426.9499,-1.005,4.6101,-3.11,149.9962,labels
151,100,100.0,37,train,False,-0.85,3.0734,5.752,-1.0416,170.0292,2.9359,5.1417,-1.1791,232.317,2.6764,5.5021,-1.4386,202.6739,labels
160,100,100.0,17,train,False,-1.2327,-2.2637,6.0919,-1.8513,74.876,-1.7432,6.0709,-2.3718,120.7542,-2.8062,5.9366,-1.3088,27.7173,labels
161,100,100.0,34,train,False,-1.8193,1.8506,-5.4291,-2.2644,221.8128,2.2401,-8.1988,-1.8749,59.932,2.1689,-4.2843,-1.9461,332.0129,labels
307,100,100.1761,31,train,False,-1.9976,1.6438,10.4123,-1.4727,67.8191,1.797,10.642,-1.243,95.3379,1.0283,9.3858,-2.4992,53.4994,labels
364,100,100.3733,30,test,False,-1.0375,2.3804,11.4989,-0.3861,65.9444,2.2117,12.0402,0.1552,122.323,2.169,10.5662,-1.3188,42.1885,labels
439,100,100.5364,18,test,False,-1.3093,-2.2889,10.0174,-1.8261,57.1785,-1.82,9.9337,-1.9513,103.8968,-2.3877,9.2791,-1.7273,106.8104,labels
256,100,100.5765,7,train,False,-2.3034,1.2197,2.1287,-2.8953,742.1145,0.4955,9.2747,-2.6103,1460.2972,2.1099,-5.1854,-2.0051,30.9709,labels
361,100,100.6403,9,test,False,-0.4442,2.9002,-0.114,-0.114,554.8845,6.2421,-31.3099,24.9099,2582.9142,4.4439,-4.2904,0.3289,152.8658,labels
177,100,100.7407,18,train,False,-0.4077,3.7925,10.6674,-0.3225,56.7232,3.7809,10.7601,-0.3341,65.7674,3.6599,10.2689,-0.4551,16.9131,labels
141,100,100.8677,17,train,False,-1.9527,-1.8921,-3.8831,-2.2229,390.1624,-1.5661,-0.4657,-2.5489,733.3883,-2.2122,-8.5059,-1.9028,73.2293,labels
181,100,100.9456,6,train,False,-2.5451,0.6604,7.7313,-3.4546,133.4335,6.2737,1.7045,2.1587,690.1635,4.6632,2.6193,0.5482,516.4541,labels
441,100,101.2132,13,test,False,-1.9571,-2.1072,5.0752,-2.0078,72.9725,-2.1407,5.4875,-1.9743,31.6075,-2.1007,5.3173,-2.0143,48.9187,labels
243,100,101.2276,7,train,False,-0.3979,-2.7274,4.8103,-1.3876,136.2675,-3.5837,3.9483,-0.5313,15.2941,-3.9618,4.989,-0.1532,114.196,labels
388,100,101.2303,57,test,True,0.2766,-3.676,-8.559,-0.439,360.2733,-3.4769,-11.7062,-0.1788,48.7592,-4.1672,-9.1657,0.0522,304.0003,labels
294,100,101.4931,18,train,False,-1.7739,1.9382,8.5307,-2.1768,42.3077,1.5852,8.4936,-2.5298,76.1513,2.2543,8.2316,-1.8607,19.0883,labels
1,100,101.6649,20,train,False,-0.8979,2.7993,9.8914,-1.3157,135.5239,2.557,10.3794,-1.5056,189.585,2.99,9.7985,-1.125,121.7686,labels
169,100,102.0872,43,train,False,-2.3814,-1.9461,-2.3196,-2.1689,258.8833,-4.0679,19.1337,7.2487,2414.6532,-1.1985,-3.0922,-2.9165,188.5065,labels
277,100,102.381,18,train,False,-2.5345,-1.8705,-0.9065,-2.2445,429.981,-2.0063,1.4562,-2.1087,666.6374,-1.6191,-7.2779,-2.4959,208.173,labels
335,100,103.0378,15,train,False,-2.7704,-1.5151,9.1873,-2.5999,25.902,-2.1899,5.82,-1.9251,342.1579,-1.2628,8.8584,-2.8522,25.6177,labels
409,100,103.3484,17,test,False,-0.8746,-3.1645,6.8276,-0.9505,7.5896,-3.0494,6.575,-1.0656,31.6563,-3.1408,6.439,-0.9742,40.0956,labels
394,100,103.4691,20,test,False,-2.6282,-1.2065,-2.4584,-2.9085,372.9094,-1.6707,-9.6185,-2.2665,344.6455,-1.6581,-7.8271,-2.4569,165.9067,labels
88,100,103.619,23,test,False,-3.4191,1.1344,7.0795,-2.9806,51.8429,1.7086,7.065,-2.4064,104.6018,0.8643,6.1306,-3.2507,69.2976,labels
251,100,103.6194,18,train,False,-1.2048,-2.0724,-6.9635,-2.0426,372.3836,-2.4383,-12.0476,0.1626,137.4098,-2.1879,-9.0875,-1.9271,159.686,labels
245,100,103.6398,10,train,False,-1.3927,2.6173,7.3008,-1.4977,49.98,2.5346,6.9715,-1.5804,24.625,2.9141,7.6085,-1.2009,81.9143,labels
282,100,103.936,20,train,False,-2.1518,1.4758,9.0956,-2.6392,48.78,1.7401,9.0481,-2.3749,23.3055,2.0725,8.7391,-2.0425,39.1974,labels
107,100,104.1176,16,train,False,-1.4218,2.9824,4.8707,-1.1326,29.5341,2.6627,4.3446,-1.4523,46.7367,2.3498,4.0703,-1.7652,81.6382,labels
81,100,104.2793,29,test,False,-0.6055,-1.8128,-8.3103,-2.3022,296.9221,-1.7937,-5.1973,-2.3213,608.2258,-1.7569,-8.7258,-2.3581,255.4089,labels
273,100,104.2904,13,train,False,-1.694,1.6778,6.4382,-2.4372,90.3032,2.4222,5.4567,-1.6928,149.4528,2.7027,6.5493,-1.4123,49.0796,labels
165,100,104.3719,18,train,False,-2.8144,0.9484,-3.112,-3.1666,523.6683,0.3544,3.9757,-3.7606,1234.8847,1.3269,-7.0965,-2.7881,124.0648,labels
442,100,104.6989,22,test,False,-1.7838,1.9328,-5.1676,-2.1822,333.4896,2.6752,-13.5228,1.6378,505.5969,2.5148,-8.6885,-1.6002,27.8874,labels
317,100,104.7501,6,train,False,-0.704,2.9813,-0.9258,-1.1337,511.6094,2.4337,4.6719,-1.6813,1074.0325,3.1802,-7.3225,-0.9348,131.8961,labels
288,100,104.7835,23,train,False,-0.9778,2.6349,8.9141,-1.4801,94.1622,2.9236,8.4062,-1.1914,35.9057,3.0562,8.2865,-1.0588,18.7373,labels
157,100,104.8433,27,train,False,-1.9456,-2.1365,-7.2075,-1.9785,236.5258,-2.1548,-7.5042,-1.9602,206.8388,-2.2531,-8.6466,-1.8619,92.9721,labels
92,100,104.9587,14,train,False,-1.2641,3.0307,-5.3909,-1.0843,430.354,2.795,-11.7516,-0.1334,206.1691,2.9593,-9.574,-1.1557,15.9224,labels
424,100,105.098,15,test,False,-1.6286,-2.3119,6.4534,-1.8031,37.9893,-2.6081,6.6927,-1.5069,15.6335,-2.6078,6.9174,-1.5072,17.5285,labels
3,100,105.1096,19,train,False,-3.9708,0.4284,8.3107,-3.5743,124.5098,0.284,6.3376,-3.831,77.3604,0.2974,7.9929,-3.8176,90.7451,labels
235,100,105.1718,30,train,False,-2.9662,-0.7351,-1.4506,-3.3799,357.9576,-1.4342,-6.6414,-2.6808,166.0025,-2.0608,-6.0934,-2.0542,141.9106,labels
236,100,105.2079,14,train,False,-0.993,-3.2888,9.189,-0.8262,34.9462,-3.2685,9.4059,-0.8465,54.4023,-3.0324,9.3589,-1.0826,48.5273,labels
166,100,105.3624,20,train,False,-1.8152,2.5598,6.6445,-1.5552,81.6276,2.887,6.6586,-1.228,98.2633,2.3376,7.234,-1.7774,136.3812,labels
253,100,105.4431,16,train,False,-1.2897,2.966,-4.8218,-1.149,416.4088,2.7125,-14.0731,2.1881,509.0891,2.8559,-8.3743,-1.2591,60.9986,labels
295,100,105.7121,15,train,False,-3.3033,-0.3069,-1.5554,-3.8081,379.6727,-0.6136,-3.8581,-3.5014,147.3725,-1.4838,-8.5368,-2.6312,328.778,labels
60,100,105.763,35,test,False,-0.6903,2.6172,-8.9893,-1.4978,220.5445,2.3909,-9.684,-1.7241,152.8494,2.3148,-8.5876,-1.8002,262.531,labels
53,100,105.7658,28,test,True,0.6292,1.2192,13.4201,1.5351,93.2086,1.2339,13.0864,1.2014,60.7698,1.3706,10.1403,-1.7447,237.4845,labels
91,100,105.8191,44,train,False,-2.0795,1.812,12.0052,0.1202,228.0205,1.7887,12.3009,0.4159,257.6798,4.2068,9.6971,0.0918,217.1692,labels
58,100,105.8739,16,test,False,-3.8231,0.2012,-3.5069,-3.9138,317.4523,2.0449,6.7558,-2.0701,1360.0887,-0.1843,-7.1836,-3.9307,55.1364,labels
42,100,105.9075,5,train,False,-1.0729,3.6135,8.1965,-0.5015,57.4841,4.2767,7.3328,0.1617,147.1184,2.474,1.6328,-1.641,652.4936,labels
386,100,105.9115,22,test,False,-1.442,2.1598,-4.5256,-1.9552,374.0639,3.4344,-15.723,3.838,753.0713,3.03,-7.039,-1.085,124.4235,labels
353,100,105.9795,11,train,False,-3.1108,1.4786,7.7611,-2.6364,123.0855,3.134,3.3736,-0.981,589.154,0.1675,7.8801,-3.9475,108.3659,labels
164,100,106.1337,29,train,False,-1.8387,-2.415,9.8363,-1.7,170.9555,-2.3909,9.3945,-1.7241,126.7304,-2.2909,9.3449,-1.8241,121.2601,labels
319,100,106.1714,20,train,False,-2.5276,1.5714,-3.2129,-2.5436,363.3278,1.5756,-0.0831,-2.5394,676.305,1.5904,-7.9361,-2.5246,108.991,labels
159,100,106.3774,25,train,False,-1.2743,2.6867,-5.5418,-1.4283,290.0084,2.8411,-7.5379,-1.2739,89.9949,2.695,-7.7379,-1.42,71.494,labels
252,100,106.3835,19,train,False,-4.0841,-0.3439,5.5854,-3.7711,59.4163,0.0763,4.6893,-4.0387,43.7481,0.0731,6.3676,-4.0419,124.391,labels
241,100,106.4737,17,train,False,-0.0,-4.0857,-6.1741,-0.0293,400.2862,-4.1425,-11.2461,0.0275,106.9628,-4.0227,-8.9919,-0.0923,118.8487,labels
184,100,106.5224,42,train,False,-2.2096,-1.9759,-2.2079,-2.1391,401.4022,-1.8592,-3.9045,-2.2558,231.7261,-1.8153,-5.9543,-2.2997,28.1799,labels
130,100,106.5313,20,train,False,-1.9145,2.239,4.3878,-1.876,6.1667,2.1979,4.2184,-1.9171,12.1274,1.8413,4.591,-2.2737,43.8403,labels
279,100,106.5515,22,train,False,-1.863,-1.992,-5.5124,-2.123,389.5123,-1.6285,-1.3201,-2.4865,810.2769,-2.3078,-8.6689,-1.8072,73.2031,labels
345,100,106.6667,15,train,False,-2.1531,1.5031,8.1985,-2.6119,70.851,1.2919,8.1285,-2.8231,81.8327,1.9937,8.2481,-2.1213,59.0276,labels
389,100,106.7711,10,test,True,0.109,3.1049,6.3956,-0.0044,56.1712,3.005,6.2516,-0.1484,69.9213,3.5555,6.4139,0.0139,13.7684,labels
93,100,106.9995,28,train,False,-0.921,-2.8324,4.562,-1.2826,42.8351,-3.1666,3.3137,-0.9484,101.9184,-3.3384,4.2071,-0.7766,19.118,labels
40,100,107.0064,15,train,False,-2.0975,1.4238,9.3774,-2.5076,59.835,0.7057,9.3296,-2.5554,131.7509,1.7356,9.3173,-2.3794,31.2372,labels
298,100,107.0632,21,train,False,-1.4873,0.8056,10.9562,-0.9288,64.9361,0.5417,10.9212,-0.9638,79.268,1.197,10.3794,-1.5056,6.282,labels
255,100,107.2472,14,train,False,-0.2988,3.2566,-2.4605,-0.8584,478.6867,3.229,-1.9977,-0.886,524.9835,3.6783,-7.2826,-0.4367,15.3773,labels
320,100,107.4531,14,train,False,-2.1359,-1.4298,7.1334,-2.6852,59.3085,-1.8879,6.0991,-2.2271,81.5742,-2.1503,6.5001,-1.9647,44.391,labels
172,100,107.4964,8,train,False,-0.1615,0.0127,4.9539,0.0127,33.5722,-0.2169,4.9151,-0.2169,33.0519,-0.2616,5.378,-0.2616,16.9752,labels
397,100,107.6036,18,test,False,-0.3238,-3.5077,8.2154,-0.6073,55.7028,-3.7615,5.3075,-0.3535,242.8627,-3.7819,7.6296,-0.3331,10.6704,labels
267,100,107.726,13,train,False,-0.7428,3.3639,7.4903,-0.7511,196.2307,3.2959,8.317,-0.8191,278.9974,3.5278,0.9142,-0.5872,461.6429,labels
128,100,107.7333,14,train,False,-1.3054,2.0695,7.327,-2.0455,75.5089,2.8969,7.5389,-1.2181,10.7168,3.2648,6.8399,-0.8502,78.283,labels
162,100,107.8049,17,train,False,-1.2172,3.2665,9.1584,-0.8485,89.8856,3.2732,9.0238,-0.8418,78.126,3.0188,9.1514,-1.0962,82.1699,labels
302,100,107.8054,15,train,False,-0.8418,-2.5314,-3.3466,-1.5836,340.3091,-1.1675,2.9196,-2.9475,981.5969,-2.9157,-7.0125,-1.1993,49.6657,labels
31,100,107.8992,6,train,False,-0.1811,0.1768,4.0762,0.1768,89.7417,-0.2938,4.2916,-0.2938,61.7898,-0.2566,4.9626,-0.2566,9.8623,labels
346,100,107.9392,19,train,False,-0.9282,2.3294,-6.3819,-1.7856,457.8327,2.1029,-10.8991,-0.9859,7.6816,2.2475,-9.7649,-1.8675,119.5688,labels
132,100,107.9526,21,train,False,-0.823,-2.1844,11.0567,-0.8283,0.656,-2.19,10.8205,-1.0645,24.173,-2.0606,9.8106,-2.0544,125.7096,labels
47,100,108.1967,17,test,False,-2.3476,-1.4089,5.8965,-2.7061,55.1656,-1.6866,5.9813,-2.4284,34.4167,-1.7402,5.6512,-2.3748,66.5159,labels
134,100,108.3817,18,train,False,-1.4632,2.7242,9.6519,-1.3908,14.7073,2.7753,9.6919,-1.3397,15.1656,2.478,8.7232,-1.637,107.0896,labels
410,100,108.582,18,test,False,-2.1099,-2.3085,-1.6729,-1.8065,296.3227,-2.4657,-0.5682,-1.6493,407.8438,-2.0585,-7.1255,-2.0565,250.5502,labels
312,100,108.76,13,train,False,-1.9842,-1.8432,6.814,-2.2718,102.7273,-1.9587,7.0007,-2.1563,81.7843,-2.0801,6.9181,-2.0349,88.3564,labels
150,100,108.7912,10,train,False,-0.0335,0.2976,-2.253,-0.2976,411.741,,,,,1.2775,-6.256,-0.144,80.9191,labels
274,100,108.8196,29,train,False,-1.2357,3.4211,-6.5281,-0.6939,371.958,2.2971,-13.937,2.052,377.4248,1.8682,-10.132,-1.753,101.3969,labels
431,100,108.8889,15,test,False,-0.0357,-3.4122,8.3623,-0.7028,67.0307,-2.1385,7.0428,-1.9765,238.457,-3.5428,8.0603,-0.5722,65.0542,labels
308,100,108.9013,6,train,False,-2.6778,1.5324,1.1439,-2.5826,514.2195,1.3439,-13.5559,1.6709,955.8962,1.4495,-7.9545,-2.6655,395.7056,labels
329,100,109.1518,16,train,False,-1.7574,1.9495,8.1188,-2.1655,60.339,2.0109,8.3065,-2.1041,72.1044,2.2006,7.9819,-1.9144,34.5319,labels
333,100,109.3333,21,train,False,-0.5292,3.2164,8.5382,-0.8986,140.2228,3.4273,7.789,-0.6877,62.3929,3.5115,8.1901,-0.6035,100.7291,labels
70,100,109.4424,30,test,False,-1.9506,0.0488,10.5002,-1.3848,58.8733,0.1481,9.5143,-2.3707,42.4932,0.2452,9.5758,-2.3092,36.0155,labels
380,100,109.476,16,test,False,-2.8186,1.3555,-4.739,-2.7595,427.6387,1.4024,4.6135,-2.7126,1362.8874,1.3217,-6.988,-2.7933,202.7146,labels
406,100,109.9549,9,test,False,-1.0326,0.5894,0.2228,0.2228,474.8864,4.2081,-62.3821,55.9821,5796.3791,2.5675,-5.8329,-0.5671,202.9409,labels
17,100,110.5174,12,train,False,-1.1607,2.4494,6.0357,-1.6656,61.2433,2.3825,5.9664,-1.7325,70.7165,2.8386,6.0051,-1.2764,39.4667,labels
304,100,110.5341,27,train,False,-1.4216,-2.1845,-0.4508,-1.9305,406.8615,-2.1628,-0.1858,-1.9522,433.4253,-2.9645,-5.8959,-1.1505,143.4258,labels
283,100,110.6949,16,train,False,-2.6773,-0.9557,-1.0763,-3.1593,431.2277,-1.6407,-7.3149,-2.4743,196.3871,-2.0226,-8.538,-2.0924,322.9892,labels
291,100,110.7458,14,train,False,-2.5587,1.0696,5.0881,-3.0454,67.0996,1.6927,5.219,-2.4223,35.8002,1.8303,5.3199,-2.2847,35.7833,labels
327,100,110.8395,15,train,False,-1.969,1.5905,7.6299,-2.5245,63.4634,1.7816,7.5986,-2.3334,45.6852,2.2788,7.7773,-1.8362,47.3271,labels
121,100,110.9728,28,train,False,-3.7982,0.4467,8.5649,-3.3201,85.2161,0.4196,8.3523,-3.5327,63.7997,0.3219,8.4131,-3.4719,69.0501,labels
145,100,110.9983,24,train,False,-2.6996,-1.1531,-9.3513,-2.5337,16.596,-1.2576,-5.0776,-2.8574,410.9138,-0.8664,-8.7671,-3.1179,50.5521,labels
14,100,111.1423,21,train,False,-1.1474,-2.4604,-5.608,-1.6546,371.4983,-2.6409,-6.8105,-1.4741,249.9115,-3.0213,-7.7852,-1.0937,150.3968,labels
391,100,111.2628,23,test,False,-2.3914,-1.8848,6.3995,-2.2302,16.4756,-2.4529,4.522,-1.6621,204.5669,-1.6325,6.2237,-2.4825,22.8474,labels
316,100,111.339,14,train,False,-3.5523,0.2778,-3.4686,-3.8372,486.9851,0.1391,-1.1999,-3.9759,714.2652,0.6398,-8.2271,-3.4752,16.3527,labels
400,100,111.6276,38,test,False,-1.6776,2.0958,12.3688,0.4838,216.6062,2.1388,12.6651,0.7801,245.9753,2.0587,10.5239,-1.3611,36.3413,labels
44,100,111.7042,10,train,False,-0.4431,0.0881,1.2241,1.2241,624.2315,0.2333,-7.956,1.556,295.5302,0.3109,-6.4933,0.0933,149.1103,labels
126,100,111.8022,6,train,False,-0.3299,-0.061,3.4834,-0.061,125.2286,-0.8046,3.9067,-0.8046,93.0009,-0.7131,4.2652,-0.7131,58.4453,labels
46,100,112.0,14,train,False,-0.1583,3.9794,-2.8097,-0.1356,410.3998,4.0405,-5.7287,-0.0745,118.7901,4.1136,-7.212,-0.0014,33.7156,labels
350,100,112.3768,48,train,False,-3.3153,1.0279,10.2417,-1.6433,211.6111,,,,,1.0061,-7.2266,-3.1089,1536.5978,labels
99,100,112.447,24,train,False,-2.9155,1.7214,9.4504,-2.3936,80.3986,1.6105,9.3602,-2.5045,66.3921,1.0146,8.4303,-3.1004,44.8357,labels
41,100,112.4638,16,train,False,-3.1442,1.2095,-1.0735,-2.9055,391.8727,0.9801,-3.445,-3.1349,153.9949,0.958,-6.8688,-3.157,188.3849,labels
239,100,112.4645,19,train,False,-2.3467,-1.9087,-2.2184,-2.2063,411.3636,-1.631,-9.5313,-2.3537,320.4616,-1.9477,-8.1832,-2.1673,186.2182,labels
26,100,112.5156,14,train,False,-0.6816,-3.4434,10.7587,-0.6716,101.9427,-3.336,10.9813,-0.779,124.5787,-3.4855,10.3929,-0.6295,65.5558,labels
357,100,112.5382,8,test,False,-1.324,3.6271,6.8852,-0.4879,377.4809,0.0624,12.5427,0.6577,335.4181,-0.2117,7.852,-3.9033,402.7575,labels
430,100,112.5912,23,test,False,-3.7645,0.119,-1.5121,-3.996,429.6921,0.3805,-6.6027,-3.7345,80.044,0.4348,-5.4884,-3.6802,32.5499,labels
315,100,112.6354,22,train,False,-3.5722,-0.0145,8.1273,-3.7577,194.4177,-0.3026,7.0038,-3.8124,78.5158,-0.53,7.5363,-3.585,128.0066,labels
168,100,113.1836,27,train,False,-1.4069,-2.2269,12.5561,0.6711,229.8543,-2.4569,8.517,-1.6581,180.8943,-2.6886,9.8612,-1.4264,44.768,labels
74,100,113.2991,22,test,False,-0.3264,-3.5179,7.1101,-0.5971,30.0096,-3.5196,7.1123,-0.5954,29.9533,-3.6562,7.2063,-0.4588,26.1784,labels
101,100,113.5213,30,train,False,-1.2854,-2.5432,7.3174,-1.5718,85.0169,-2.8111,6.0499,-1.3039,46.7368,-2.883,6.7018,-1.232,19.2471,labels
399,100,113.6321,21,test,False,-0.5552,-2.7652,-9.1674,-1.3498,227.0332,-1.98,-4.7219,-2.135,677.0965,-3.0033,-9.3153,-1.1117,206.4981,labels
153,100,113.7577,19,train,False,-1.5338,2.0752,-5.8168,-2.0398,255.9161,3.5966,-16.7245,4.8395,846.0217,3.3061,-8.272,-0.8089,72.6839,labels
116,100,113.9526,26,train,False,-1.7118,-2.0466,-5.3963,-2.0684,352.9595,-2.4343,-9.9642,-1.6807,105.6771,-2.3141,-9.3225,-1.8009,42.4112,labels
305,100,114.0414,10,train,False,-0.4799,-4.3234,5.3936,0.2084,99.4725,-4.4513,5.3417,0.3363,112.2092,-1.5898,5.2076,-2.5252,223.6188,labels
393,100,114.3037,19,test,False,-1.8497,2.6019,10.1074,-1.5131,44.0678,2.1839,8.7147,-1.9311,111.1265,2.1625,8.6772,-1.9525,115.0326,labels
34,100,114.3276,19,train,False,-1.1122,2.6952,-4.9516,-1.4198,403.6122,3.0456,-9.5497,-1.0694,57.5304,2.9424,-7.9262,-1.1726,105.1557,labels
28,100,114.4554,11,train,False,-1.7831,2.1181,7.2311,-1.9969,24.8705,2.3048,7.2044,-1.8102,15.6085,2.4801,6.5071,-1.6349,86.3858,labels
258,100,114.5991,16,train,False,-0.4556,-3.4263,-7.0972,-0.6887,427.3413,-3.7618,-14.5982,2.7132,323.5599,-3.5901,-9.8913,-0.5249,147.4605,labels
366,100,114.6514,29,test,False,-0.6293,2.3943,11.8302,-0.0548,62.4162,2.1782,12.2239,0.3389,107.1962,2.3657,10.4756,-1.4094,82.6411,labels
30,100,114.8627,15,train,False,-1.2258,-2.4024,-7.0466,-1.7126,339.1914,,,,,-3.2801,-9.4972,-0.8349,98.6959,labels
0,100,114.9827,4,train,False,-1.1361,2.1135,3.7569,-2.0015,109.6347,6.7766,1.8925,2.6616,456.7567,4.8932,4.5875,0.7782,192.0848,labels
301,100,115.1165,13,train,False,-1.1912,3.1159,-2.818,-0.9991,497.1543,3.1704,-0.3007,-0.9446,748.9198,3.0011,-7.2762,-1.1139,51.5421,labels
244,100,115.1495,26,train,False,-3.9524,-0.5295,0.5135,-3.5855,475.1257,0.02,-6.0458,-4.095,183.1385,0.1355,-7.0957,-3.9795,288.7595,labels
59,100,115.4404,21,test,False,-2.9239,0.9182,5.4103,-3.1968,33.0458,0.9982,5.3321,-3.1168,32.752,1.1876,5.3343,-2.9274,26.2539,labels
105,100,115.7,8,train,False,-0.6922,-2.3255,4.6624,-1.7376,134.5077,-3.0953,5.0985,-1.0197,61.4065,-2.9894,4.9224,-1.1256,80.6312,labels
433,100,115.7051,23,test,False,-3.6753,-0.1302,-3.9503,-3.9848,379.0948,-0.1531,-3.6237,-3.9619,411.737,0.3688,-6.4706,-3.7462,122.9557,labels
176,100,115.7288,30,train,False,-2.3953,1.6253,-5.4698,-2.4897,233.1371,1.5658,-2.7831,-2.5492,501.8443,1.6406,-7.8026,-2.4744,7.9199,labels
146,100,115.7736,16,train,False,-2.4457,-1.5992,7.5077,-2.5158,60.0861,-1.5341,7.8133,-2.5809,32.1031,-1.601,7.3639,-2.514,74.3664,labels
38,100,116.0286,19,train,False,-0.9777,-1.6315,-7.3043,-2.4835,362.9798,-0.9042,-0.6855,-3.2108,1028.8247,-1.6492,-7.194,-2.4658,373.7327,labels
337,100,116.0554,14,train,False,-2.8245,-0.8527,6.6704,-3.2623,44.4424,-0.9688,6.6688,-3.1462,33.1055,-1.4677,6.7776,-2.6473,17.9849,labels
427,100,116.1032,15,test,False,-2.1207,-2.3661,8.2381,-1.7489,85.2904,-1.9702,8.7728,-2.1448,23.4131,-1.5439,9.0286,-2.5711,45.0954,labels
403,100,116.4766,34,test,True,0.0848,4.1135,-1.3877,-0.0015,268.2921,3.9488,-10.2319,-0.1662,616.7825,4.1811,-5.8229,0.0661,175.3809,labels
300,100,116.8272,21,train,False,-2.6207,0.762,9.9861,-1.8989,94.3099,0.7171,9.8471,-2.0379,87.4447,1.6069,9.3887,-2.4963,26.8516,labels
95,100,116.8664,23,train,False,-2.0002,-1.4458,10.6395,-1.2455,129.8435,-2.4582,6.5585,-1.6568,298.7921,-2.5328,7.9938,-1.5822,158.8824,labels
144,100,117.6393,16,train,False,-2.7679,-0.4283,8.4749,-3.4101,80.578,-0.7768,8.7523,-3.1327,39.0112,-1.2678,7.899,-2.8472,126.8159,labels
265,100,118.1456,31,train,False,-3.6004,0.7015,-2.8907,-3.4135,387.9005,0.4576,-7.6433,-3.6574,87.9947,0.4815,-7.0003,-3.6335,23.7402,labels
233,100,118.226,13,train,False,-1.6688,-2.0435,7.3048,-2.0715,70.9513,-2.308,6.6051,-1.807,18.0171,-2.3166,7.4183,-1.7984,70.9514,labels
381,100,118.3044,16,test,False,-2.3171,-1.4564,4.6755,-2.6586,35.5508,-1.6564,4.4842,-2.4586,16.9001,-1.6168,4.4805,-2.4982,20.4996,labels
287,100,118.3156,16,train,False,-1.3864,-2.3521,-2.4544,-1.7629,413.1705,-2.5824,-5.1035,-1.5326,147.2684,-2.9403,-8.3023,-1.1747,174.6284,labels
419,100,118.3432,20,test,False,-1.4504,3.2685,10.6064,-0.8465,66.3517,2.4705,9.2677,-1.6445,108.149,2.092,7.9668,-2.023,243.3101,labels
290,100,119.6232,23,train,False,-2.5518,-1.3984,-3.027,-2.7166,418.7084,-1.4791,-4.4164,-2.6359,279.5676,-1.6637,-7.3651,-2.4513,18.4164,labels
392,100,119.6333,18,test,False,-1.9107,1.7311,-1.0116,-2.3839,366.2636,3.0935,-22.229,10.344,1760.8021,2.7876,-8.3856,-1.3274,378.724,labels
22,100,119.7176,8,train,False,-0.7184,3.686,5.1433,-0.429,73.1046,3.9305,3.8138,-0.1845,207.0785,3.3835,5.4406,-0.7315,37.4213,labels
20,100,119.786,6,train,False,-0.1575,0.211,5.2108,0.211,72.4767,-0.3458,5.0909,-0.3458,76.7426,-0.2577,5.0092,-0.2577,83.1774,labels
412,100,120.0,5,test,True,0.2213,3.2396,7.347,-0.8754,379.2007,10.3222,0.6095,6.2072,1197.1517,6.3693,6.2696,2.2543,512.7699,labels
143,100,120.0,15,train,False,-2.5683,1.01,-2.1347,-3.105,462.2748,1.4049,-5.3043,-2.7101,142.8964,1.5302,-6.4383,-2.5848,28.8363,labels
23,100,120.0,5,train,False,-0.3041,2.7278,4.5011,-1.3872,123.0263,3.8056,4.7823,-0.3094,30.2249,4.1651,4.9854,0.0501,36.7726,labels
122,100,120.0,13,train,False,-1.6874,-2.1171,-3.7763,-1.9979,396.5096,-2.5517,-12.1054,0.2204,437.7976,-2.4342,-8.5249,-1.6808,79.5687,labels
404,100,120.0,11,test,False,-1.5406,1.3912,0.2793,0.2793,517.9165,4.2699,-37.5746,31.1746,3279.1295,3.0412,-5.6098,-0.7902,125.311,labels
120,100,120.0,14,train,False,-1.6728,2.0463,-6.02,-2.0687,419.9187,1.8763,-8.4079,-2.2387,180.5818,1.8019,-8.2904,-2.3131,192.1818,labels
118,100,120.0,12,train,False,-1.7037,-1.712,-0.6604,-2.403,532.8437,-2.1491,-3.9526,-1.9659,200.7343,-2.384,-7.3357,-1.731,139.3217,labels
133,100,120.0,21,train,False,-2.534,1.3192,-5.4992,-2.7958,383.7346,1.3533,-6.1543,-2.7617,318.1464,1.4177,-8.0008,-2.6973,133.6791,labels
137,100,120.0,19,train,False,-1.7355,-0.8191,-6.8183,-3.2959,333.9414,-0.5873,-2.8497,-3.5277,731.4642,-0.9106,-7.9014,-3.2044,225.2566,labels
405,100,120.0,17,test,True,0.0119,3.9945,11.5204,-0.1205,41.0351,4.0412,11.2909,-0.0738,64.1334,3.7211,10.4813,-0.3939,141.984,labels
106,100,120.0,19,train,False,-1.8536,1.5915,-4.1327,-2.5235,322.5367,0.568,0.9724,-3.547,843.1943,1.6373,-6.2812,-2.4777,118.4265,labels
131,100,120.0,17,train,False,-2.5427,-0.7761,-5.4957,-3.3389,386.7326,-1.3805,-11.6074,-0.2776,227.4264,-1.2144,-10.2025,-1.6825,86.0999,labels
123,100,120.0,13,train,False,-1.5048,2.6003,-4.0767,-1.5147,505.9709,2.5667,-2.7403,-1.5483,639.6268,2.5933,-6.2353,-1.5217,290.1197,labels
50,100,120.0,23,test,False,-3.9792,-0.1418,-3.4117,-3.9732,326.8499,0.0565,-6.6507,-4.0585,8.124,0.1938,-8.0782,-3.8068,141.0968,labels
48,100,120.0,22,test,False,-2.2148,-2.1081,-4.1926,-2.0069,314.1932,-2.4001,0.6019,-1.7149,794.5319,-1.8866,-7.7853,-2.2284,45.7862,labels
61,100,120.0,27,test,False,-1.3072,1.8563,11.3904,-0.4946,84.1199,1.8802,11.6477,-0.2373,109.6803,1.569,10.4023,-1.4827,18.8872,labels
62,100,120.0,19,test,False,-1.4489,2.7269,-2.6494,-1.3881,377.5407,2.6917,6.088,-1.4233,1251.2278,2.7264,-7.1676,-1.3886,74.5709,labels
64,100,120.0,18,test,False,-1.6087,-2.4671,-4.1558,-1.6479,363.7135,-2.46,-5.1312,-1.655,266.1897,-2.4884,-7.3111,-1.6266,48.1999,labels
67,100,120.0,24,test,False,-2.3343,-1.3118,5.66,-2.8032,48.4684,-1.844,4.3925,-2.271,139.1644,-1.9717,4.9637,-2.1433,84.1004,labels
54,100,120.0,25,test,False,-1.6769,-2.2054,-2.238,-1.9096,217.8406,-2.2104,-2.4865,-1.9046,193.0935,-2.4224,-7.3939,-1.6926,299.0034,labels
73,100,120.0,36,test,False,-1.9185,0.3097,-7.4282,-3.8053,253.8683,0.3895,8.9004,-2.9846,1886.7001,0.4164,-6.7069,-3.6986,326.0325,labels
426,100,120.0,17,test,False,-2.6214,-0.6868,-1.3832,-3.4282,420.3758,-0.9592,-2.7328,-3.1558,282.6975,-2.3838,-6.648,-1.7312,144.5762,labels
77,100,120.0,25,test,False,-2.836,1.3142,0.9819,-2.8008,95.1263,1.1648,1.7059,-2.9502,167.8514,1.2761,5.311,-2.8389,527.9674,labels
102,100,120.0,12,train,False,-1.6599,1.5065,-3.6156,-2.6085,454.5842,1.9171,-5.3804,-2.1979,273.4475,2.0179,-5.9918,-2.0971,211.523,labels
82,100,120.0,24,test,False,-3.4147,0.501,6.9761,-3.614,32.0563,0.3385,6.8682,-3.7765,38.9129,0.5532,6.6404,-3.5618,16.9777,labels
85,100,120.0,28,test,False,-0.9979,2.8563,6.1452,-1.2587,102.7727,2.9817,4.9437,-1.1333,24.7707,3.1268,6.0516,-0.9882,90.0545,labels
86,100,120.0,17,test,False,-1.4289,-1.9035,-3.53,-2.2115,311.8446,-2.665,-6.8552,-1.45,30.7315,-3.0636,-8.4774,-1.0514,196.5368,labels
417,100,120.0,24,test,False,-1.001,-2.9408,7.1602,-1.1742,29.0569,-2.6639,6.386,-1.4511,70.3629,-2.8916,6.3117,-1.2234,65.4148,labels
90,100,120.0,34,test,False,-2.3957,1.5527,-1.2638,-2.5623,85.7723,-1.0994,-7.3863,-3.0156,598.629,0.2475,4.9468,-3.8675,720.3919,labels
96,100,120.0,22,train,False,-1.9982,1.7276,-3.6698,-2.3874,303.7886,-0.0088,6.9544,-4.1062,1380.1697,1.9264,-6.6741,-2.1886,19.0584,labels
2,100,120.0,12,train,False,-1.5397,3.0382,-1.9544,-1.0768,506.0107,3.502,2.7845,-0.613,982.1585,2.5845,-8.2826,-1.5305,128.9391,labels
52,100,120.0,22,test,False,-1.2026,-3.2109,-5.3082,-0.9041,331.1264,-3.3213,-3.9472,-0.7937,467.6696,-3.0846,-7.603,-1.0304,101.7585,labels
57,100,120.0,22,test,True,0.6349,-4.7822,7.8157,0.6672,22.6346,-4.7792,7.5269,0.6642,7.1106,-4.7947,7.6835,0.6797,10.2154,labels
84,100,120.0,32,test,True,1.9292,-2.1854,14.4896,2.6046,70.5999,-2.2951,14.7442,2.8592,98.1937,-2.0986,11.426,-0.459,239.1131,labels
83,100,120.0,20,test,False,-1.3275,-2.4579,-6.6731,-1.6571,360.3578,-2.4932,-7.4379,-1.6218,283.899,-2.5685,-8.6113,-1.5465,166.4703,labels
293,100,120.0,18,train,False,-2.0845,-1.4717,-3.3816,-2.6433,438.3716,-1.5985,-4.4167,-2.5165,334.0881,-2.0357,-7.7987,-2.0793,6.9414,labels
385,100,120.0,33,test,False,-0.1158,-4.039,11.4614,-0.076,39.9055,-4.1119,12.4945,0.6095,143.4595,-4.0042,9.9028,-0.1108,116.1488,labels
328,100,120.0,17,train,False,-3.235,-0.3705,-2.1268,-3.7445,451.0971,-0.8201,-5.7622,-3.2949,84.8769,-1.1956,-8.0034,-2.9194,142.9852,labels
311,100,120.0,16,train,False,-3.3884,1.2389,-2.9294,-2.8761,441.7743,1.5704,-0.4222,-2.5446,694.6581,0.7637,-7.792,-3.3513,47.6049,labels
368,100,120.0,16,test,False,-2.2766,-1.8879,7.9856,-2.2271,8.0538,-1.8629,8.1492,-2.2521,10.3033,-1.7953,7.9743,-2.3197,8.6351,labels
314,100,120.0,9,train,False,-2.0402,1.9463,0.4469,-2.1687,55.3635,-0.4369,3.59,-3.6781,445.6821,1.5553,-2.502,-2.5597,246.5733,labels
336,100,120.0,21,train,False,-2.447,1.4742,-3.5109,-2.6408,469.4234,1.8274,-15.9996,4.1146,780.012,1.8382,-7.0425,-2.2768,117.1046,labels
324,100,120.0,5,train,False,-3.7459,-0.2048,5.7428,-3.9102,113.1786,-0.0737,4.6677,-4.0413,221.4618,-0.4251,6.2787,-3.6899,58.6553,labels
281,100,120.0,16,train,False,-1.9268,-1.4526,0.0609,-2.6624,501.2973,-2.2065,-5.5341,-1.9085,63.6566,-2.5576,-8.7217,-1.5574,384.1651,labels
355,100,120.0,5,train,False,-2.2876,0.5501,-0.5077,-3.5649,693.9772,0.5238,-0.2795,-3.5912,716.8959,1.3627,-7.1481,-2.7523,49.8655,labels
352,100,120.0,15,train,False,-0.7644,3.6696,10.2455,-0.4454,41.1448,3.3594,9.6392,-0.7556,34.6501,3.0964,8.4879,-1.0186,151.9163,labels
344,100,120.0,23,train,False,-1.6082,-2.8627,-4.1624,-1.2523,452.6586,-2.651,-6.3983,-1.464,228.1287,-2.4264,-7.4594,-1.6886,121.8287,labels
332,100,120.0,16,train,False,-1.2543,-3.1989,-2.9201,-0.9161,470.8791,-2.6406,-11.4942,-0.3908,388.3695,-2.5885,-7.9677,-1.5265,44.4143,labels
340,100,120.0,16,train,False,-1.5076,-2.1503,-5.2863,-1.9647,471.2113,-1.8884,-3.0945,-2.2266,691.9103,-2.1991,-8.5824,-1.9159,145.2376,labels
334,100,120.0,24,train,False,-2.3721,-1.2039,-3.4698,-2.9111,334.0776,-0.0887,2.2351,-4.0263,915.2717,-1.4296,-8.0031,-2.6854,127.5346,labels
384,100,120.0,17,test,False,-1.443,-2.8485,-2.9526,-1.2665,456.3732,-2.2705,-12.7205,0.8355,522.3018,-2.3263,-8.4706,-1.7887,101.8169,labels
326,100,120.0,23,train,False,-2.5522,-1.0086,-2.7065,-3.1064,342.0338,-0.3192,1.0503,-3.7958,723.9527,-1.2168,-6.8835,-2.8982,87.333,labels
373,100,120.0,14,test,False,-1.6652,-2.5759,-2.6253,-1.5391,456.5743,-2.5153,-3.3097,-1.5997,388.0198,-2.2608,-7.961,-1.8542,79.4426,labels
5,100,120.0,6,train,False,-0.1724,-0.0768,3.0063,3.0063,846.2161,0.0735,-2.8401,-0.0735,261.3929,0.3016,-5.8043,-0.3016,37.5075,labels
371,100,120.1025,21,test,False,-0.3195,3.7406,-5.0881,-0.3744,418.7309,3.7819,-9.9052,-0.3331,63.0313,3.7586,-8.4374,-0.3564,83.8452,labels
322,100,120.3586,19,train,False,-2.3326,1.4997,7.216,-2.6153,132.5112,1.3197,7.5692,-2.7953,171.1494,1.7256,7.1532,-2.3894,123.3097,labels
341,100,120.4065,22,train,False,-1.3064,2.4148,7.7147,-1.7002,102.3477,2.6445,7.0338,-1.4705,31.0705,2.8432,7.9663,-1.2718,119.6748,labels
231,100,120.7824,16,train,False,-0.4403,3.2752,7.503,-0.8398,47.9181,3.475,6.6346,-0.64,63.572,3.5509,7.4211,-0.5641,22.0867,labels
421,100,120.9466,25,test,False,-1.2566,-2.8083,5.5619,-1.3067,101.0321,-2.8089,5.1854,-1.3061,63.4595,-2.8075,4.9946,-1.3075,44.4699,labels
285,100,120.955,21,train,False,-2.1941,-1.615,-4.8432,-2.5,453.084,-1.6911,-5.6047,-2.4239,376.6009,-1.9503,-7.6548,-2.1647,170.9202,labels
280,100,121.1273,19,train,False,-2.1414,1.3503,8.9889,-2.7647,77.9946,1.8466,8.2657,-2.2684,28.4229,2.1523,8.3907,-1.9627,22.0615,labels
303,100,121.1419,7,train,False,-0.8253,2.2642,4.0112,-1.8508,140.8306,4.8996,4.0971,0.7846,183.4412,4.1265,4.3948,0.0115,101.9106,labels
156,100,121.3462,24,train,False,-3.435,0.8148,8.4934,-3.3002,17.7234,0.905,8.4725,-3.21,26.2974,0.706,8.2678,-3.409,19.2773,labels
125,100,121.4527,15,train,True,0.0282,3.646,-4.5959,-0.469,433.808,4.8048,-18.6496,6.7646,976.6633,4.2702,-8.6082,0.1552,32.3149,labels
269,100,121.4733,36,train,False,-2.1426,-1.645,12.5458,0.6608,362.9864,-1.8294,9.5188,-2.2856,60.5185,-1.9429,9.877,-2.008,94.671,labels
43,100,121.6778,7,train,True,0.0533,3.2177,2.0302,2.0302,801.001,5.7978,-22.2084,15.8084,1636.6528,5.1029,-5.0196,0.9879,129.997,labels
362,100,121.7927,20,test,False,-2.0925,-1.3752,9.9805,-1.9045,108.5585,-0.9183,10.0724,-1.8126,146.5423,-1.6704,8.7529,-2.4446,50.0741,labels
8,100,121.8052,29,train,False,-2.0329,-2.0825,-6.2986,-2.0325,355.3582,-2.0106,-8.8478,-2.1044,100.5931,-2.066,-8.2693,-2.049,158.278,labels
152,100,121.9608,20,train,False,-1.3308,2.8935,-7.1605,-1.2215,340.1339,2.0908,-17.0074,5.1224,647.8666,2.2441,-10.3238,-1.5612,48.0038,labels
158,100,122.1077,23,train,False,-2.0011,-2.2091,9.3092,-1.9059,54.6142,-2.2143,9.1845,-1.9007,42.511,-2.0081,9.1474,-2.1069,39.0549,labels
359,100,122.6517,18,test,False,-3.4241,-1.2781,7.6589,-2.8369,60.107,-1.0209,7.7453,-3.0941,33.2694,0.1864,7.2206,-3.9286,104.43,labels
342,100,122.8478,18,train,False,-0.4173,3.6464,-6.8888,-0.4686,458.5879,2.7607,-19.2713,7.3863,782.9249,3.0161,-10.1154,-1.0989,140.4411,labels
407,100,122.8647,15,test,False,-2.6312,1.817,6.9094,-2.298,72.9467,1.082,6.8368,-3.033,82.5901,1.0696,7.0765,-3.0454,63.5404,labels
238,100,122.9568,9,train,False,-0.6479,2.6297,3.6863,3.6863,834.0268,4.1978,-14.7197,8.3197,1013.4253,3.3827,-6.2994,-0.1006,168.9667,labels
266,100,123.0425,13,train,False,-2.0629,-1.8365,9.0216,-2.2785,43.1643,-1.8784,9.2502,-2.2366,22.6495,-1.9077,9.0644,-2.2073,36.1312,labels
140,100,123.1795,29,train,False,-2.4239,1.1418,10.0833,-1.8017,72.0304,1.1436,10.1448,-1.7402,77.3196,1.455,9.6482,-2.2368,19.3599,labels
100,100,123.2635,16,train,False,-1.7548,2.205,-3.3215,-1.91,418.0793,2.3688,-9.9361,-1.7462,243.6741,2.3462,-7.9897,-1.7688,49.0452,labels
249,100,123.4328,8,train,False,-2.1043,-1.7947,2.342,-2.3203,750.2119,-0.8082,16.4483,4.5633,2163.8766,-2.5306,-5.2192,-1.5844,52.3589,labels
12,100,123.434,16,train,False,-0.5685,3.3679,10.6051,-0.7471,34.6708,3.5929,10.2634,-0.5221,6.4332,3.6921,10.019,-0.4229,32.3585,labels
382,100,123.9738,19,test,False,-1.3616,2.1008,-2.2317,-2.0142,433.2918,3.4701,-13.8443,1.9593,736.41,3.2256,-8.1951,-0.8894,174.5038,labels
292,100,124.2623,18,train,False,-3.1812,-0.4114,-0.3231,-3.7036,430.8218,-1.3774,-10.0641,-1.8209,548.2512,-1.3979,-9.1252,-2.7171,454.9392,labels
139,100,124.3349,16,train,False,-1.8619,-1.6186,-1.17,-2.4964,436.2744,-1.6631,-1.3373,-2.4519,419.0771,-2.1452,-7.377,-1.9698,189.3712,labels
429,100,124.4444,16,test,False,-0.7003,-2.4775,6.54,-1.6375,113.1178,-2.7018,6.6537,-1.4132,88.2188,-2.9147,6.6737,-1.2003,70.6854,labels
16,100,124.4444,21,train,False,-3.767,0.0256,-2.2883,-4.0894,459.0015,-0.184,-4.2656,-3.931,260.2656,-0.1949,-6.889,-3.9201,15.5219,labels
110,100,124.5527,16,train,False,-0.336,-3.9263,-4.8638,-0.1887,472.5091,-3.8619,-6.8559,-0.2531,273.2003,-3.7315,-8.2789,-0.3835,130.8571,labels
21,100,124.6458,31,train,False,-0.9722,3.1862,-1.9446,-0.9288,435.7156,3.1925,-2.5216,-0.9225,378.0287,3.1827,-6.2619,-0.9323,5.6329,labels
376,100,124.6485,13,test,False,-0.5387,-2.4689,-2.1316,-1.6461,500.7723,-0.7179,4.4677,-3.3971,1183.3459,-3.2396,-9.1525,-0.8754,216.3466,labels
63,100,124.6944,23,test,False,-0.6152,2.7865,-7.3506,-1.3285,393.2392,2.0181,-0.0797,-2.0969,1124.3149,2.8922,-8.1706,-1.2228,310.6755,labels
18,100,124.7059,16,train,False,-1.4971,-2.4534,8.5032,-1.6616,31.6783,-2.4938,1.0386,-1.6212,719.4968,-2.3889,7.0298,-1.7261,122.4245,labels
234,100,124.7799,7,train,False,-0.3821,2.7025,5.2281,-1.1719,144.6113,3.4036,4.7715,-0.7114,64.795,3.5206,5.2678,-0.5944,107.5527,labels
36,100,124.8301,21,train,False,-1.6139,-1.8454,-6.0483,-2.2696,424.4186,-1.293,-12.4756,0.5906,220.8172,-1.3936,-8.5798,-2.7214,169.1477,labels
338,100,124.9067,14,train,False,-2.2033,1.3481,-0.8599,-2.7669,524.1202,2.1715,-8.4953,-1.9435,243.8475,2.0784,-8.3708,-2.0366,230.6162,labels
377,100,124.9231,10,test,False,-0.6598,2.8787,4.6155,-1.2363,66.4319,2.356,4.4956,-1.759,111.9162,3.2524,4.6362,-0.8626,40.5236,labels
367,100,124.9431,16,test,False,-3.6005,-0.0303,-1.154,-4.0847,465.6279,-0.2804,-3.4608,-3.8346,233.6053,-0.6737,-7.1344,-3.4413,135.871,labels
434,100,125.0133,16,test,False,-1.7066,-2.0561,8.4253,-2.0589,36.1024,-2.1261,8.4721,-1.9889,30.9017,-2.2941,8.1429,-1.8209,23.3425,labels
428,100,125.0697,22,test,False,-1.1186,2.6275,-3.337,-1.4875,425.1858,3.3125,-14.749,2.864,718.3068,3.0037,-7.7224,-1.1113,14.9724,labels
299,100,125.1108,20,train,False,-0.4202,-3.4112,-4.6757,-0.7038,470.0858,-3.5075,-6.192,-0.6075,318.1489,-3.5837,-7.7412,-0.5313,163.0535,labels
270,100,125.1131,12,train,False,-0.8438,-3.6168,-1.5505,-0.4982,599.8806,-2.7735,-13.7495,1.8645,623.0107,-2.7498,-8.4451,-1.3652,104.515,labels
390,100,125.4153,14,test,False,-2.1859,-1.0302,-1.693,-3.0848,503.4062,-0.8268,-0.7119,-3.2882,603.5816,-2.0661,-8.4867,-2.0489,184.5629,labels
80,100,125.4902,19,test,False,-3.8085,-0.1676,6.6201,-3.9474,30.9659,-0.3161,6.4257,-3.7989,47.1218,-0.305,6.6533,-3.81,24.3523,labels
112,100,125.601,17,train,False,-2.1298,-1.4375,-2.9414,-2.6775,472.5859,-0.4736,3.6689,-3.6414,1140.4973,-1.919,-6.9188,-2.196,71.9691,labels
29,100,125.6256,4,train,False,-3.9894,0.1444,5.4419,-3.9706,168.1414,0.2,5.667,-3.915,191.2645,-0.4521,1.3767,-3.6629,242.7676,labels
395,100,125.7705,21,test,False,-1.3242,2.2818,6.594,-1.8332,51.0148,3.0857,6.3179,-1.0293,38.2051,3.0043,6.1492,-1.1107,46.3705,labels
402,100,126.183,19,test,False,-2.6479,1.7333,5.5126,-2.3817,30.6817,1.7696,5.1884,-2.3454,34.789,1.4632,5.5894,-2.6518,22.9364,labels
247,100,126.2745,8,train,False,-0.4054,-2.8516,5.6864,-0.7136,134.1649,-3.5283,4.4529,-0.5867,27.1543,-3.7046,5.6696,-0.4104,101.4565,labels
32,100,126.3927,4,train,False,-3.3809,-0.5516,4.3939,-3.5634,907.0679,-0.7608,-0.273,-3.3542,440.1995,-0.9863,-6.5513,-3.1287,189.3197,labels
297,100,126.5272,20,train,False,-1.599,-2.0946,-3.8256,-2.0204,505.5473,-2.1282,-4.2274,-1.9868,465.2273,-2.703,-7.4569,-1.412,141.8894,labels
358,100,126.5786,30,test,False,-2.2134,-2.0061,-0.3238,-2.1089,462.224,-1.7884,-7.2749,-2.3266,233.2808,-1.879,-8.5289,-2.236,358.4102,labels
414,100,126.7382,18,test,False,-2.44,-1.4583,-2.7028,-2.6567,447.1315,-1.5193,-4.9732,-2.5957,220.1157,-1.5774,-6.9006,-2.5376,28.5508,labels
171,100,126.8148,25,train,True,0.314,-4.55,1.9918,0.435,216.8265,-4.8139,8.9835,0.6989,916.4664,-3.8962,-0.4973,-0.2188,62.3701,labels
379,100,126.9272,7,test,False,-0.451,0.2039,3.9698,-0.2039,57.1653,0.2201,3.9734,-0.2201,56.1568,0.467,4.8066,-0.467,32.1708,labels
10,100,127.2357,8,train,False,-1.368,-0.714,4.3732,-0.714,98.8247,-1.1544,3.1066,-1.1544,56.7405,-0.9961,4.4701,-0.9961,91.6651,labels
4,100,127.2515,14,train,False,-0.2068,3.555,-2.5442,-0.56,530.7877,4.0952,-9.4424,-0.0198,161.3006,3.9224,-8.0466,-0.1926,20.6859,labels
418,100,127.441,16,test,False,-1.57,1.6696,-1.3698,-2.4454,392.4979,3.7579,-12.1242,0.2392,703.3625,3.252,-8.2474,-0.863,313.2331,labels
76,100,127.4932,28,test,True,0.2631,-4.3605,0.0422,0.2455,111.6075,-4.3279,-0.1266,0.2129,94.8522,-4.3226,3.5484,0.2076,462.2465,labels
416,100,127.6834,16,test,False,-3.9656,0.4731,-2.1082,-3.6419,419.6033,0.5511,-1.5353,-3.5639,477.4186,-0.0485,-7.1026,-4.0665,85.0823,labels
37,100,128.0368,15,train,False,-1.8628,1.8517,7.2423,-2.2633,54.4524,2.0178,7.0407,-2.0972,28.7916,2.1343,6.9796,-1.9807,15.8646,labels
423,100,128.264,17,test,False,-3.0515,-1.5582,-1.926,-2.5568,443.2656,-1.2856,-5.0792,-2.8294,127.127,-1.0749,-8.4035,-3.0401,207.254,labels
396,100,128.2665,21,test,False,-3.8379,0.0943,-3.2826,-4.0207,392.1173,1.701,6.7435,-2.414,1406.9404,-0.1048,-5.8348,-4.0102,136.2301,labels
343,100,128.3768,33,train,False,-0.0242,-3.8193,14.2091,2.3241,281.019,-3.9502,11.1059,-0.1648,33.6932,-3.8219,8.6804,-0.2931,274.4889,labels
242,100,128.3908,6,train,False,-0.4477,2.5617,4.9603,-1.4397,116.8831,3.3032,4.8475,-0.8118,45.1074,3.4557,5.0993,-0.6593,55.9477,labels
437,100,128.4429,7,test,True,0.0217,0.3881,4.6196,0.3881,104.7566,0.2303,5.2331,0.2303,42.2989,0.175,6.1842,0.175,60.2946,labels
443,100,128.5086,17,test,False,-0.2851,-3.1084,8.1621,-1.0066,76.6178,-3.9479,8.344,-0.1671,14.0501,-3.8518,7.791,-0.2632,62.9513,labels
378,100,128.5398,16,test,False,-0.6224,-2.4379,-3.6175,-1.6771,500.7867,-2.3483,-3.1968,-1.7667,543.8043,-3.6679,-7.3024,-0.4471,122.3325,labels
260,100,128.6166,31,train,False,-3.9489,-0.4544,-3.568,-3.6606,423.0869,0.5913,-11.6629,-0.2221,393.2819,0.8084,-7.0381,-3.3066,96.1073,labels
261,100,128.6486,13,train,False,-1.6415,-2.0912,7.8083,-2.0238,79.0934,-2.3012,7.6959,-1.8138,60.5135,-2.2455,7.6417,-1.8695,57.3154,labels
72,100,128.7805,15,test,False,-3.0509,1.2581,5.9908,-2.8569,73.4057,1.0409,6.2871,-3.0741,41.2291,0.9864,6.357,-3.1286,35.0498,labels
318,100,128.9017,5,train,False,-0.5906,0.2067,5.0185,-0.2067,81.24,0.7819,5.199,-0.7819,56.8583,1.0234,5.0302,-1.0234,82.6594,labels
331,100,129.1386,12,train,False,-0.9293,-3.0571,4.9374,-1.0579,12.8568,-3.032,5.3037,-1.083,39.466,-3.1026,5.2404,-1.0124,31.1499,labels
108,100,129.271,28,train,False,-2.2486,-1.6264,-4.0781,-2.4886,327.6256,-1.2848,-0.1303,-2.8302,723.8634,-1.8385,-6.5505,-2.2765,79.5498,labels
286,100,129.2973,17,train,False,-3.2782,0.4747,7.2888,-3.6403,37.8946,0.3429,7.1815,-3.7721,49.3899,1.1065,7.308,-3.0085,29.9895,labels
185,100,129.3665,28,train,False,-1.1413,-3.0938,3.7833,-1.0212,145.3054,-3.1265,4.6242,-0.9885,229.4113,-2.9677,3.8311,-1.1473,149.5852,labels
339,100,129.4085,17,train,False,-1.3909,3.176,7.5577,-0.939,103.9204,2.716,5.4724,-1.399,114.9474,2.6819,7.187,-1.4331,56.6704,labels
35,100,129.4631,13,train,False,-2.3911,-0.9374,5.6436,-3.1776,78.8264,0.1075,4.7635,-4.0075,200.9826,-1.6041,5.5162,-2.5109,14.1457,labels
284,100,129.505,18,train,False,-2.5217,1.0504,7.7888,-3.0646,55.0033,1.3137,7.8726,-2.8013,32.8116,1.6626,7.2306,-2.4524,47.5298,labels
6,100,129.6812,13,train,False,-0.3611,3.6356,-5.9516,-0.4794,370.6604,3.4265,-0.9151,-0.6885,874.7325,3.7294,-6.4261,-0.3856,323.0332,labels
411,100,129.8551,28,test,False,-1.9606,-2.2134,4.5389,-1.9016,101.7831,-2.0488,3.2751,-2.0662,26.9251,-2.0699,3.9297,-2.0451,41.559,labels
179,100,129.9429,7,train,False,-1.046,-0.5402,3.9664,-0.5402,79.8579,-1.84,2.6551,-1.84,208.6284,-1.5882,4.759,-1.5882,56.9662,labels
296,100,130.094,25,train,False,-1.3433,2.5134,11.9856,0.1006,170.4576,2.9828,9.1709,-1.1322,114.9322,2.9634,10.2846,-1.1516,19.2409,labels
263,100,130.3744,13,train,False,-1.3515,-2.5945,7.9476,-1.5205,28.4335,-2.7037,6.6024,-1.4113,111.8197,-2.8173,7.6179,-1.2977,11.4486,labels
354,100,130.4165,31,train,True,0.988,4.9944,-2.0942,0.8794,388.1465,5.0484,-11.9518,0.9334,597.7816,3.0863,-7.9409,-1.0287,281.688,labels
363,100,130.4889,19,test,False,-2.9275,-1.4354,-1.9817,-2.6796,459.5438,-1.0965,-7.2836,-3.0185,71.8913,-0.9507,-7.6779,-3.1643,113.2513,labels
372,100,130.5987,11,test,False,-1.1168,-1.4082,5.9587,-0.4413,81.3794,-1.9907,2.7433,-1.9907,254.3215,-1.8094,5.5291,-0.8709,25.1427,labels
114,100,130.6289,18,train,False,-1.8331,-1.8284,-3.8253,-2.2866,499.2202,-1.5,-0.8516,-2.615,798.3608,-2.105,-8.4911,-2.01,35.3209,labels
438,100,130.7865,11,test,False,-1.5626,0.9755,1.2674,1.2674,586.8488,1.6719,-8.3509,1.9509,378.084,1.4555,-5.5309,-0.8691,96.529,labels
111,100,130.9955,11,train,False,-1.3446,1.904,5.4627,-0.9373,47.2777,1.1926,4.7441,-1.1926,100.1117,2.0371,5.5628,-0.8372,51.8549,labels
237,100,131.0161,6,train,False,-0.3174,2.7161,5.3916,-1.0084,116.8219,3.4405,5.1583,-0.6745,41.3509,3.4925,5.3626,-0.6225,51.3212,labels
56,100,131.2418,23,test,False,-2.0455,-2.2016,-4.1605,-1.9134,362.6914,-2.2662,-1.7674,-1.8488,602.0728,-1.9335,-7.7725,-2.1815,13.6523,labels
310,100,131.4548,6,train,False,-0.751,1.6014,4.3104,-1.6014,173.4871,2.4025,4.9732,-1.4268,74.0412,2.8539,5.0091,-1.2611,65.7027,labels
69,100,131.5131,5,test,False,-1.0743,-2.4932,1.8819,-1.6218,693.373,-1.651,11.0798,-0.8052,1616.9774,-3.0305,-6.9357,-1.0845,190.5542,labels
97,100,131.6078,15,train,False,-1.6004,-1.8589,8.4244,-2.2561,65.5913,-2.2925,8.2424,-1.8225,27.6721,-2.5862,7.8937,-1.5288,51.8748,labels
127,100,131.6379,21,train,False,-1.4451,-2.58,0.2933,-1.535,389.3246,-2.4396,-24.5852,12.7002,2098.7602,-2.6678,-9.7653,-1.4472,616.6381,labels
413,100,131.8919,9,test,False,-0.3932,0.3134,4.8384,-0.3134,117.3409,0.8241,5.4023,-0.8241,72.6441,0.7707,5.5825,-0.7707,54.9584,labels
136,100,131.8974,20,train,False,-2.207,2.1942,9.9971,-1.8879,58.2005,1.9637,8.4879,-2.1513,100.3951,1.7258,9.452,-2.3892,18.613,labels
68,100,131.9298,28,test,False,-2.4544,-1.2686,-6.9553,-2.8464,247.8845,-1.7853,3.748,-2.3297,1319.454,-1.1236,-7.0885,-2.9914,234.221,labels
49,100,131.9298,19,test,False,-1.9144,-2.1503,7.8478,-1.9647,31.6188,-2.1273,7.946,-1.9877,22.6226,-2.0549,7.6085,-2.0601,57.0347,labels
39,100,132.1437,16,train,False,-2.091,1.5189,7.3545,-2.5961,68.0546,2.0274,6.7944,-2.0876,10.4108,2.2734,6.8439,-1.8416,25.5241,labels
360,100,132.1692,19,test,False,-1.4209,-2.5176,-2.7266,-1.5974,500.3147,-2.6799,-5.4879,-1.4351,223.8754,-2.7586,-7.7093,-1.3564,6.6757,labels
369,100,132.2864,18,test,False,-1.4469,2.19,-4.4907,-1.925,517.8812,2.5757,-8.569,-1.5393,108.2294,2.6162,-7.7871,-1.4988,186.1039,labels
75,100,132.6038,12,test,False,-3.7093,-0.7034,5.2858,-3.4116,415.1686,-0.3402,3.8549,-3.7748,267.5988,0.9966,-3.3333,-3.1184,465.5907,labels
348,100,132.6565,11,train,False,-1.8374,-2.0888,-2.7619,-2.0262,618.09,-2.2968,-28.7743,16.8893,1983.4371,-2.0618,-8.0802,-2.0532,88.6404,labels
398,100,132.8579,10,test,False,-0.6297,2.7855,5.588,-0.812,70.1523,2.4686,5.3164,-1.0836,106.5777,3.2463,5.6617,-0.7383,24.0403,labels
170,100,132.906,15,train,False,-1.2598,2.2377,8.245,-1.8773,62.2202,2.8343,8.3724,-1.2807,20.4568,2.8399,8.0611,-1.2751,10.8789,labels
383,100,133.0598,19,test,False,-2.0572,-1.2946,9.9124,-1.9726,112.3552,-1.6392,9.6671,-2.2179,71.4616,-1.8001,8.7954,-2.3149,38.9931,labels
167,100,133.1031,17,train,False,-1.8061,2.4855,-3.1338,-1.6295,383.4398,2.1288,-11.4613,-0.4237,450.0743,2.1738,-8.3966,-1.9412,143.8785,labels
51,100,133.2135,30,test,False,-0.8455,-3.1552,8.37,-0.9598,74.2569,-0.3687,-1.7735,-3.7463,984.6716,-2.8707,7.9285,-1.2443,49.4396,labels
104,100,133.3011,6,train,False,-0.3456,-2.3087,3.9662,-1.8063,192.4383,-5.2923,5.2794,1.1773,152.4102,-4.8829,4.0238,0.7679,163.3505,labels
65,100,133.3333,22,test,False,-3.0207,-1.3233,6.1756,-2.7917,35.5949,-1.1557,6.1716,-2.9593,28.3247,-1.113,5.4487,-3.002,99.9599,labels
45,100,133.3333,26,train,False,-2.3769,1.6667,9.628,-2.257,61.1289,1.5104,9.8217,-2.0633,83.2572,1.6942,9.4446,-2.4208,42.6016,labels
240,100,133.3333,36,train,False,-2.5348,-0.2141,11.9495,0.0645,260.3449,-0.2448,8.805,-3.08,57.3391,-0.0886,9.773,-2.112,42.3389,labels
264,100,133.4843,6,train,False,-0.9719,0.3923,5.7656,-0.3923,90.2476,0.8456,5.5301,-0.8456,39.6965,1.7028,5.9308,-0.4692,69.0614,labels
94,100,133.5393,14,train,False,-2.6323,0.3992,-1.7899,-3.7158,421.1703,3.1542,-13.7981,1.9131,811.2293,2.3876,-6.9166,-1.7274,139.128,labels
349,100,133.6228,6,train,False,-0.5773,-2.4164,5.4718,-0.9282,112.2081,-3.5696,5.0708,-0.5454,35.9007,-3.3123,5.1916,-0.8027,32.6867,labels
71,100,133.7721,21,test,False,-0.7569,-3.065,-4.1972,-1.05,389.2176,-3.1767,-5.9872,-0.9383,209.8916,-3.2857,-8.0173,-0.8293,9.4626,labels
11,100,134.1313,29,train,False,-1.5572,-0.6033,-6.3649,-3.5117,396.9483,-0.9355,-0.3808,-3.1795,996.2788,-0.5553,-7.0954,-3.5597,323.7482,labels
370,100,134.3448,16,test,False,-2.303,2.1324,6.0304,-1.9826,32.048,2.2486,5.8287,-1.8664,48.3262,1.9358,6.0005,-2.1792,12.8828,labels
24,100,134.4782,6,train,False,-0.5836,2.0225,5.0235,-1.3765,108.9514,2.1328,5.0667,-1.3333,98.3695,2.6523,5.2006,-1.1994,62.6825,labels
148,100,134.4893,22,train,False,-2.4449,2.032,9.9969,-1.8881,92.9778,2.0908,10.1141,-1.7709,106.0599,1.8389,9.2915,-2.2761,22.653,labels
321,100,134.5248,22,train,False,-2.1856,-2.3002,-3.0084,-1.8148,556.6392,-1.7229,-12.3713,0.4863,381.4429,-1.8628,-8.0571,-2.2522,50.9716,labels
250,100,134.5324,20,train,False,-2.8849,0.9337,8.1594,-3.1813,184.2321,1.0473,8.2191,-3.0677,188.6936,1.2551,7.8914,-2.8599,155.0532,labels
124,100,134.8843,27,train,False,-3.7463,0.6299,5.9072,-3.4851,43.3725,0.4351,5.6728,-3.6799,13.0119,0.1684,5.9703,-3.9466,45.5698,labels
440,100,134.902,21,test,False,-2.2635,-2.1552,-0.9521,-1.9598,419.2398,-1.8093,-4.3738,-2.3057,76.0905,-1.6951,-6.9395,-2.4199,181.2697,labels
78,100,135.1598,20,test,False,-2.6022,1.7839,5.6752,-2.3311,28.524,2.8711,1.7969,-1.2439,419.3154,1.6238,5.4359,-2.4912,34.6339,labels
87,100,135.1724,25,test,False,-1.6365,-2.6368,0.9453,-1.4782,102.1004,-3.4802,0.7913,-0.6348,131.6709,0.683,4.4222,-3.432,548.77,labels
356,100,135.3366,9,test,False,-0.3354,2.87,1.7972,1.7972,783.4229,4.1846,-11.4013,5.0013,543.2425,3.6682,-5.2577,-0.4468,73.4797,labels
55,100,135.5556,27,test,False,-2.4284,-1.2944,9.4804,-2.4046,69.901,-1.2911,9.3144,-2.5706,57.1586,-1.4054,9.0635,-2.7096,32.4337,labels
323,100,135.6231,13,train,False,-0.2922,-2.9806,-1.4755,-1.1344,569.6014,-3.6215,-5.4373,-0.4935,168.3711,-3.838,-8.4968,-0.277,138.8005,labels
387,100,135.641,16,test,False,-0.6988,3.6522,7.8087,-0.4628,66.9053,3.8695,6.4482,-0.2455,203.7682,3.3948,7.5429,-0.7202,89.2186,labels
278,100,135.698,19,train,False,-1.7017,2.2538,9.9825,-1.8612,121.0753,2.3817,8.7951,-1.7333,3.4133,2.2902,8.7388,-1.8248,13.0573,labels
98,100,135.7192,17,train,False,-2.0548,1.2426,-0.5335,-2.8724,499.0974,1.7079,-3.2811,-2.4071,220.4213,1.7683,-6.1559,-2.3467,75.736,labels
135,100,135.7265,19,train,False,-1.3883,2.6546,-7.9829,-1.4604,55.3952,2.7038,-6.046,-1.4112,248.6162,2.5777,-8.3839,-1.5373,21.0131,labels
115,100,135.7669,15,train,False,-2.091,1.3341,6.3547,-2.7809,77.203,0.6734,5.373,-3.4416,189.4242,2.0341,6.4979,-2.0809,20.3562,labels
365,100,136.1163,20,test,False,-2.7103,-1.0294,-3.305,-3.0856,499.9406,-1.3418,-7.1725,-2.7732,111.9605,-1.5355,-7.0244,-2.5795,127.2615,labels
25,100,136.2159,25,train,False,-3.0333,-0.7502,-4.0601,-3.3648,382.8526,0.055,2.7321,-4.06,1066.7081,-1.0587,-6.8843,-3.0563,99.0193,labels
109,100,136.2735,15,train,False,-0.7279,-3.3258,8.0592,-0.7892,63.6695,-3.3081,8.2929,-0.8069,40.776,-3.2902,7.5793,-0.8248,111.7842,labels
275,100,136.2963,15,train,False,-0.06,4.2767,8.7161,0.1617,55.601,4.3216,8.9658,0.2066,80.5053,3.9964,8.717,-0.1186,51.4121,labels
289,100,136.331,7,train,True,0.3356,0.1604,5.2307,-0.1604,157.3761,0.0283,4.7227,-0.0283,209.8321,0.6037,6.1879,-0.2121,54.7914,labels
271,100,136.4907,8,train,False,-0.9196,0.719,5.7869,-0.6131,61.867,0.9481,5.7845,-0.6155,58.3507,1.1437,5.9321,-0.4679,76.4071,labels
309,100,136.5608,8,train,False,-2.2092,-1.8762,2.3405,-2.2388,219.524,-1.8021,4.4862,-2.3129,434.1966,-1.7861,-1.0497,-2.3289,120.1168,labels
142,100,136.5945,18,train,False,-1.0698,-3.1291,10.6079,-0.9859,28.5131,-3.1927,9.7956,-0.9223,105.2114,-2.8738,9.8689,-1.2412,94.8171,labels
306,100,136.5967,21,train,False,-0.4536,3.137,1.4551,-0.978,476.3049,4.1762,-14.2057,2.3207,1093.8804,3.9805,-8.7361,-0.1345,546.6495,labels
262,100,136.7761,40,train,False,-2.9389,-1.5649,-1.1141,-2.5501,347.8844,-4.7047,18.3768,6.4918,2321.7635,-1.6598,-4.8376,-2.4552,55.2152,labels
7,100,136.8306,8,train,False,-0.1999,0.2752,5.0713,0.2752,78.5911,0.1355,4.0328,0.1355,53.1527,0.2321,5.2703,0.2321,93.1316,labels
103,100,136.9297,6,train,True,0.124,0.6429,4.46,0.6429,113.1955,0.5962,4.5173,0.5962,105.969,0.3284,5.5341,0.3284,21.5522,labels
147,100,137.0136,14,train,False,-1.0175,2.482,-2.7543,-1.633,540.9046,2.8803,-6.0716,-1.2347,206.8003,2.8657,-7.1776,-1.2493,97.8499,labels
330,100,137.2597,16,train,False,-3.6771,0.0047,-2.0187,-4.1103,550.6599,0.2069,-0.4598,-3.9081,707.7126,-0.5447,-7.5618,-3.5703,11.9748,labels
420,100,137.3041,35,test,False,-3.8904,-0.0538,-2.8752,-4.0612,407.5606,-0.0363,-6.246,-4.0787,72.6088,-0.2263,-7.0352,-3.8887,8.8016,labels
27,100,137.315,6,train,False,-0.4833,0.0787,4.0283,-0.0787,89.5929,0.2693,4.3021,-0.2693,56.7516,0.6537,4.937,-0.6537,20.247,labels
79,100,137.4671,18,test,False,-3.3649,0.828,-1.4047,-3.287,384.75,0.8907,0.9386,-3.2243,619.1621,0.6703,-7.3978,-3.4447,214.7887,labels
117,100,137.5599,22,train,False,-2.8546,0.2773,10.0897,-1.7953,115.7055,0.0788,10.2645,-1.6205,140.1424,0.4783,9.3283,-2.5567,39.84,labels
15,100,137.586,19,train,False,-1.9423,1.6677,10.3967,-1.4883,108.6365,1.9956,10.2146,-1.6704,79.9565,2.1663,9.7527,-1.9487,31.7883,labels
347,100,137.6499,28,train,False,-3.4437,-0.4483,11.6922,-0.1928,524.6347,-0.4151,3.1538,-3.6999,330.6744,-0.5805,9.9257,-1.9593,347.632,labels
66,100,137.7809,14,test,False,-2.2017,1.5983,-2.7155,-2.5167,446.9505,1.7173,-4.5483,-2.3977,263.2852,1.7475,-7.3398,-2.3675,23.4585,labels
129,100,137.8899,21,train,False,-1.2323,-3.1933,3.7583,-0.9217,128.0453,-2.6108,0.727,-1.5042,180.965,-2.5578,4.9454,-1.5572,245.0988,labels
138,100,137.9332,20,train,False,-1.3735,2.1268,10.347,-1.538,33.133,2.2228,10.3752,-1.5098,23.516,2.4027,9.7459,-1.7123,76.5738,labels
375,100,138.1847,10,test,False,-1.2555,2.2923,4.7418,-1.6582,64.3739,2.5757,4.8462,-1.5393,49.758,2.8953,4.6814,-1.2197,24.6594,labels
33,100,138.4189,15,train,False,-2.366,-1.8496,7.7317,-2.2654,23.9612,-1.8863,7.7972,-2.2287,31.4543,-1.8219,7.6301,-2.2931,13.6953,labels
149,100,138.4549,15,train,False,-1.0949,-2.4005,-4.9102,-1.7145,574.6732,-3.8527,-25.1086,13.2236,1450.9119,-3.7499,-9.1877,-0.3651,161.0472,labels
9,100,138.4615,19,train,False,-0.0442,-4.0885,11.376,-0.0265,67.452,-4.0286,11.6993,-0.0864,99.8482,-3.9786,10.5871,-0.1364,14.7003,labels
268,100,138.6112,8,train,False,-0.8198,2.2436,4.3621,4.3621,919.6816,4.7009,-19.5051,13.1051,1479.7626,3.7315,-5.4184,-0.3835,77.7837,labels
113,100,138.6667,20,train,False,-1.2468,1.7744,11.2432,-0.6418,76.4805,1.6245,11.3792,-0.5058,96.4694,1.8658,10.3129,-1.5721,49.7463,labels
257,100,138.7637,21,train,False,-2.4163,2.0443,5.5639,-2.0707,112.1139,1.9887,5.8431,-2.1263,137.6592,1.8178,5.194,-2.2972,70.6673,labels
415,100,138.8864,14,test,False,-1.5115,1.8842,5.7361,-2.2308,100.224,2.0136,5.8863,-2.1014,80.4947,2.6894,5.9654,-1.4256,47.6384,labels
432,100,138.8889,9,test,False,-0.1622,-2.8888,5.1327,-1.2262,133.6639,-4.5828,5.1581,0.4678,100.5433,-4.0085,5.4535,-0.1065,49.1377,labels
436,100,138.9421,18,test,False,-0.8772,3.3367,10.4725,-0.7783,63.8007,3.5568,10.2998,-0.5582,90.7195,3.2335,10.0398,-0.8815,99.8311,labels
259,100,138.9882,9,train,False,-0.6235,-2.5271,5.8973,-0.5027,137.7096,-4.1256,3.5187,0.0106,153.2876,-3.6648,5.8321,-0.4502,93.4121,labels
351,100,138.9897,30,train,False,-0.4182,3.66,1.9759,-0.455,463.5126,3.6692,0.274,-0.4458,293.3159,3.7243,-6.8432,-0.3907,418.4258,labels
374,100,139.0769,34,test,False,-1.651,1.8761,11.9991,0.1141,177.7314,2.0456,9.9276,-1.9574,30.8879,1.9996,9.3587,-2.1154,87.9401,labels
232,100,139.1291,24,train,False,-1.9816,2.8501,-0.1992,-1.2649,470.2722,2.652,-1.6041,-1.463,328.4064,1.1107,-7.0888,-3.0043,246.4124,labels
422,100,139.1753,7,test,False,-1.3157,-0.9529,4.1628,-0.9529,123.5381,-1.3744,4.6253,-1.3744,60.9735,-1.4534,5.3269,-1.0731,40.3464,labels
325,100,139.2221,9,train,False,-0.825,2.7729,6.3799,-0.0201,125.6526,2.551,6.4848,0.0848,145.2197,3.1777,7.0062,0.6062,177.5003,labels
435,100,139.2475,11,test,False,-1.4621,1.3382,0.6472,0.6472,564.1233,4.7985,-40.5732,34.1732,3573.4938,3.0919,-5.3279,-1.0231,103.5922,labels
272,100,139.2665,24,train,False,-2.3359,-1.7022,-0.3049,-2.4128,592.9357,-1.7847,-11.6681,-0.2169,543.434,-1.8265,-8.3324,-2.2885,209.9144,labels
425,100,139.3258,9,test,False,-0.3307,3.2489,4.3549,-0.8661,59.6007,2.4335,2.9325,-1.6815,215.9057,3.5052,5.0971,-0.6098,55.5549,labels
119,100,139.3569,20,train,False,-1.917,1.4725,9.3137,-2.5713,78.5378,1.8038,9.0842,-2.3112,40.059,2.1847,8.9154,-1.9303,9.8483,labels
401,100,139.5686,14,test,False,-1.5433,2.6233,-1.1006,-1.4917,575.9869,2.0828,-20.869,8.984,1401.7321,2.1728,-8.6779,-1.9422,186.1018,labels
408,100,139.599,17,test,False,-3.3908,-0.5311,-3.0485,-3.5839,470.6973,-0.6489,-5.2125,-3.4661,254.0196,-0.6889,-7.3086,-3.4261,44.4369,labels
313,100,139.6239,15,train,False,-0.1455,4.3265,10.2125,0.2115,57.3197,4.4932,9.9433,0.3782,55.3506,3.9918,9.9788,-0.1232,21.5961,labels
248,100,139.7206,7,train,False,-0.4042,-2.5356,5.7964,-0.6036,148.3566,-3.3754,5.225,-0.7396,47.3404,-3.5931,5.9277,-0.4723,104.3399,labels
13,100,139.7654,6,train,False,-0.0647,2.3346,4.7688,-1.6312,203.4918,2.5301,4.8597,-1.5403,184.25,3.0343,5.3367,-1.0633,116.456,labels
254,100,139.7962,22,train,False,-1.6787,-2.1275,10.0783,-1.8067,245.6242,-2.3041,7.6017,-1.8109,13.8093,-2.3097,9.5035,-1.8053,186.6223,labels
276,100,139.9151,10,train,False,-0.6268,-1.2201,5.7584,-0.6416,80.1556,-3.2722,2.0039,-0.8428,397.1398,-2.9622,4.8161,-1.1528,134.2002,labels
17,150,150.5174,11,train,False,-1.1607,2.3084,5.8386,-1.8066,84.4342,2.4692,6.0819,-1.6458,57.066,2.7583,5.9599,-1.3567,46.5707,labels
304,150,150.5341,26,train,False,-1.4216,-1.9641,0.8498,-2.1509,538.6898,-2.2277,-0.6127,-1.8873,390.2691,-2.7695,-5.2685,-1.3455,78.4713,labels
283,150,150.6949,15,train,False,-2.6773,-0.719,0.4702,-3.396,587.584,-1.7396,-8.4842,-2.3754,313.7269,-1.9075,-8.5998,-2.2075,327.2163,labels
291,150,150.7458,13,train,False,-2.5587,0.8524,5.2896,-3.2626,75.0499,1.7524,5.5399,-2.3626,19.6405,1.9594,5.8018,-2.1556,47.532,labels
327,150,150.8395,14,train,False,-1.969,1.3493,7.5484,-2.7657,82.8004,1.7391,7.6099,-2.3759,49.786,2.2249,7.6266,-1.8901,31.367,labels
121,150,150.9728,27,train,False,-3.7982,0.4694,8.8961,-2.9889,118.3326,0.4241,8.3812,-3.5038,66.7182,0.3971,8.6349,-3.2501,91.5733,labels
145,150,150.9983,23,train,False,-2.6996,-1.1389,-9.3871,-2.4979,20.2022,-1.1688,-7.558,-2.9462,162.7483,-0.9572,-9.3208,-2.5642,23.5787,labels
14,150,151.1423,20,train,False,-1.1474,-2.1943,-4.0783,-1.9207,526.6989,-2.5305,-6.1803,-1.5845,313.8529,-2.9756,-7.8267,-1.1394,146.1531,labels
391,150,151.2628,22,test,False,-2.3914,-1.9429,6.4006,-2.1721,22.1718,-2.4404,4.5912,-1.6746,197.6587,-1.5756,6.3812,-2.5394,15.6836,labels
316,150,151.339,13,train,False,-3.5523,0.1522,-1.5843,-3.9628,675.8125,0.1459,-1.1545,-3.9691,718.7699,0.6293,-8.8442,-3.0408,52.4121,labels
400,150,151.6276,37,test,False,-1.6776,2.0511,12.9372,1.0522,273.6135,2.1518,12.6329,0.7479,242.704,2.0839,10.4401,-1.4449,27.8776,labels
44,150,151.7042,9,train,False,-0.4431,0.0309,4.1085,4.1085,912.5884,0.1069,-4.8997,-0.1069,35.3236,0.2985,-6.552,0.152,155.0629,labels
126,150,151.8022,5,train,False,-0.3299,0.0807,3.0177,0.0807,173.7878,-0.8308,4.0549,-0.8308,82.1788,-0.6741,5.0474,-0.6741,48.4451,labels
46,150,152.0,13,train,False,-0.1583,3.9438,-1.1687,-0.1712,574.4977,4.0438,-5.4166,-0.0712,149.96,4.1249,-6.85,0.0099,17.9896,labels
350,150,152.3768,47,train,False,-3.3153,1.1516,11.2146,-0.6704,309.6667,,,,,1.0921,-6.8932,-3.0229,1503.3983,labels
99,150,152.447,23,train,False,-2.9155,1.9684,9.6217,-2.1466,109.7318,1.6306,9.3896,-2.4844,69.9419,1.0794,8.4496,-3.0356,40.726,labels
41,150,152.4638,15,train,False,-3.1442,1.3474,0.7425,-2.7676,573.9817,1.0274,-2.5038,-3.0876,248.1831,0.7873,-6.863,-3.3277,188.6952,labels
239,150,152.4645,18,train,False,-2.3467,-1.9262,-0.6588,-2.1888,567.3071,-1.6319,-9.4192,-2.4658,309.2543,-1.9024,-8.2393,-2.2126,191.4377,labels
26,150,152.5156,13,train,False,-0.6816,-3.3619,10.6338,-0.7531,89.7323,-3.3309,11.1576,-0.7274,142.1921,-3.3663,10.817,-0.7487,107.9682,labels
357,150,152.5382,7,test,False,-1.324,3.9358,5.5531,-0.1792,514.2159,-0.2832,12.4967,0.6117,361.3917,-0.0162,6.7831,-4.0988,469.3378,labels
430,150,152.5912,22,test,False,-3.7645,0.0661,-0.1521,-4.0489,565.7873,0.4038,-7.0047,-3.7112,120.3083,0.4172,-4.6201,-3.6978,118.4575,labels
315,150,152.6354,21,train,False,-3.5722,0.2249,8.6548,-3.2302,251.8422,-0.264,7.1144,-3.851,90.23,-0.4988,7.8684,-3.6162,161.2746,labels
74,150,153.2991,21,test,False,-0.3264,-3.4065,7.1173,-0.7085,40.5814,-3.5053,7.1304,-0.6097,32.0522,-3.6007,7.1358,-0.5143,24.3766,labels
101,150,153.5213,29,train,False,-1.2854,-2.3616,7.5541,-1.7534,113.7933,-2.7802,6.1062,-1.3348,41.3589,-2.8247,6.6426,-1.2903,12.5822,labels
399,150,153.6321,20,test,False,-0.5552,-2.5061,-7.6678,-1.6089,378.3459,-1.9137,-4.395,-2.2013,710.4465,-2.8379,-8.5966,-1.2771,280.2426,labels
116,150,153.9526,25,train,False,-1.7118,-1.9165,-3.8731,-2.1985,505.829,-2.3886,-9.4017,-1.7264,49.3995,-2.2586,-8.7217,-1.8564,23.576,labels
305,150,154.0414,9,train,False,-0.4799,-4.5523,5.2157,0.4373,128.2148,-4.5662,5.2552,0.4512,126.5053,-1.7888,5.7909,-2.3262,187.3999,labels
393,150,154.3037,18,test,False,-1.8497,2.6897,10.21,-1.4253,57.4424,2.223,8.7764,-1.892,104.746,2.0177,8.7912,-2.0973,106.1001,labels
34,150,154.3276,18,train,False,-1.1122,2.5627,-3.1664,-1.5523,582.6257,3.035,-9.3815,-1.08,40.6717,2.971,-7.2374,-1.144,173.8901,labels
28,150,154.4554,10,train,False,-1.7831,2.0684,7.126,-2.0466,35.123,2.2962,7.2078,-1.8188,15.4515,2.4827,6.585,-1.6323,78.7674,labels
258,150,154.5991,15,train,False,-0.4556,-3.3012,-5.3679,-0.8138,600.6982,-3.7866,-15.068,3.183,370.5905,-3.7044,-9.6379,-0.4106,172.6947,labels
366,150,154.6514,28,test,False,-0.6293,2.3222,12.1673,0.2823,96.4845,2.1699,12.259,0.374,110.7256,2.3691,9.5814,-1.7459,169.58,labels
156,150,154.6796,23,train,False,-3.435,0.8388,8.4928,-3.2762,20.0444,0.9075,8.452,-3.2075,26.4509,0.674,8.3432,-3.441,11.1147,labels
30,150,154.8627,14,train,False,-1.2258,-1.979,-4.6576,-2.136,581.7468,-0.8341,8.5546,-3.2809,1906.9057,-2.2339,-6.9576,-1.8811,350.7545,labels
301,150,155.1165,12,train,False,-1.1912,3.1316,-1.3535,-0.9834,643.5707,3.1325,-3.2203,-0.9825,457.0335,3.0693,-7.6528,-1.0457,19.7096,labels
244,150,155.1495,25,train,False,-3.9524,-0.7003,2.4772,-3.4147,672.2277,-0.0016,-5.7556,-4.1134,154.0494,0.612,-7.1981,-3.503,307.3743,labels
152,150,155.2941,19,train,False,-1.3308,3.0039,-5.831,-1.1111,473.5336,2.4055,-13.621,1.736,307.7771,2.5904,-9.3448,-1.5246,121.1765,labels
59,150,155.4404,20,test,False,-2.9239,0.8316,5.4916,-3.2834,37.4578,0.9771,5.3589,-3.1379,31.9929,1.1667,5.5653,-2.9483,3.9852,labels
158,150,155.441,22,train,False,-2.0011,-2.2936,9.0637,-1.8214,34.3053,-2.219,9.1402,-1.896,38.3434,-1.982,9.0409,-2.133,29.9916,labels
105,150,155.7,7,train,False,-0.6922,-2.0524,4.2425,-2.0524,184.402,-3.1129,5.0133,-1.0021,69.6967,-2.9336,4.8785,-1.1814,86.287,labels
433,150,155.7051,22,test,False,-3.6753,-0.2775,-2.6684,-3.8375,508.0577,0.1903,-5.6809,-3.9247,203.2579,0.5765,-6.1709,-3.5385,153.34,labels
146,150,155.7736,15,train,False,-2.4457,-1.6135,7.35,-2.5015,75.6461,-1.5186,7.8986,-2.5964,25.5088,-1.584,7.3308,-2.531,77.8304,labels
38,150,156.0286,18,train,False,-0.9777,-1.4675,-5.5923,-2.6475,534.9252,-0.6857,0.9658,-3.4293,1195.3748,-1.6426,-6.7947,-2.4724,413.4918,labels
337,150,156.0554,13,train,False,-2.8245,-0.6862,6.7488,-3.4288,60.4337,-0.9166,6.7288,-3.1984,37.435,-1.5126,6.9932,-2.6024,33.1595,labels
427,150,156.1032,14,test,False,-2.1207,-2.381,7.6566,-1.734,140.3419,-1.8488,8.6892,-2.2662,34.8325,-0.945,8.141,-3.17,135.9684,labels
403,150,156.4766,33,test,True,0.0848,4.0606,-0.3007,-0.0544,377.1091,3.9069,-11.5611,-0.2081,749.7632,4.0787,-5.7555,-0.0363,169.0641,labels
300,150,156.8272,20,train,False,-2.6207,0.6091,9.7589,-2.1261,90.6674,0.7408,9.7803,-2.1047,81.2871,1.7089,9.4528,-2.4061,38.8733,labels
95,150,156.8664,22,train,False,-2.0002,-1.1836,10.8176,-1.0674,159.1782,-2.4206,6.5024,-1.6944,303.97,-2.374,7.8664,-1.741,168.0406,labels
144,150,157.6393,15,train,False,-2.7679,-0.2107,8.2299,-3.6551,113.273,-0.7322,8.7696,-3.1154,39.2637,-0.9682,7.8412,-3.1468,127.7011,labels
265,150,158.1456,30,train,False,-3.6004,0.8277,-1.1283,-3.2873,564.5524,0.4887,-7.1367,-3.6263,37.24,0.5827,-6.1878,-3.5323,58.1419,labels
233,150,158.226,12,train,False,-1.6688,-1.8626,7.2972,-2.2524,82.0345,-2.2711,6.7327,-1.8439,17.549,-2.2696,7.4115,-1.8454,71.3069,labels
381,150,158.3044,15,test,False,-2.3171,-1.3234,4.5879,-2.7916,47.4672,-1.6518,4.4428,-2.4632,19.8117,-1.6745,4.4181,-2.4405,20.0839,labels
287,150,158.3156,15,train,False,-1.3864,-2.1207,-1.1684,-1.9943,543.4651,-2.6191,-5.7149,-1.4959,86.1005,-2.843,-8.0832,-1.272,151.8547,labels
419,150,158.3432,19,test,False,-1.4504,3.4459,10.3883,-0.6691,78.3435,2.489,9.2124,-1.626,113.2916,2.1379,7.7859,-1.9771,259.9668,labels
290,150,159.6232,22,train,False,-2.5518,-1.3623,-1.6476,-2.7527,556.6849,-1.5122,-5.0425,-2.6028,216.8896,-1.7358,-8.5317,-2.3792,133.2145,labels
392,150,159.6333,17,test,False,-1.9107,1.5799,0.3768,-2.5351,505.8943,3.1672,-24.4361,12.5511,1981.6022,2.6936,-8.6641,-1.4214,405.0289,labels
22,150,159.7176,7,train,False,-0.7184,3.7624,5.0454,-0.3526,85.1744,3.885,4.2179,-0.23,166.9664,3.4019,5.8748,-0.7131,6.0511,labels
20,150,159.786,5,train,False,-0.1575,0.3149,4.8256,0.3149,111.4457,-0.4276,5.0292,-0.4276,84.9709,-0.3023,5.0082,-0.3023,83.9324,labels
412,150,160.0,4,test,True,0.2213,2.9165,6.3389,-1.1985,485.0529,10.0889,-1.3849,5.9739,1363.4934,6.0051,5.8092,1.8901,543.0626,labels
50,150,160.0,22,test,False,-3.9792,-0.2064,-2.3585,-3.9086,432.3487,0.2259,-9.3574,-2.5276,269.0569,0.3573,-7.8191,-3.7577,117.1806,labels
314,150,160.0,8,train,False,-2.0402,1.864,0.3768,-2.251,51.3685,-0.4128,3.5637,-3.7022,442.1509,1.4912,-2.5389,-2.6238,251.5905,labels
96,150,160.0,21,train,False,-1.9982,1.5997,-2.6756,-2.5153,404.0217,-0.0618,7.2135,-4.0532,1406.582,1.8032,-6.6565,-2.3118,31.4651,labels
106,150,160.0,18,train,False,-1.8536,1.351,-2.8102,-2.764,456.9099,0.4794,1.3795,-3.6356,884.8522,1.538,-6.0048,-2.577,147.2777,labels
404,150,160.0,10,test,False,-1.5406,1.1945,1.9279,1.9279,683.94,4.6261,-48.7608,42.3608,4397.7668,3.1193,-5.6097,-0.7903,131.6383,labels
102,150,160.0,11,train,False,-1.6599,1.1849,-2.1534,-2.9301,604.3042,2.219,-6.7222,-1.896,135.9903,1.9462,-6.4732,-2.1688,166.776,labels
311,150,160.0,15,train,False,-3.3884,1.4526,-1.3536,-2.6624,600.7785,1.5334,-0.6839,-2.5816,668.2355,0.6648,-7.4445,-3.4502,14.1363,labels
90,150,160.0,33,test,False,-2.3957,1.5121,-0.8897,-2.6029,123.302,1.7625,-2.1504,-2.3525,6.2579,1.5968,3.4384,-2.5182,554.4879,labels
326,150,160.0,22,train,False,-2.5522,-0.7975,-1.6438,-3.3175,450.3337,-0.3168,1.0684,-3.7982,725.7842,-1.1407,-6.2055,-2.9743,43.9913,labels
62,150,160.0,18,test,False,-1.4489,2.7273,-1.2118,-1.3877,521.281,2.6926,6.1588,-1.4224,1258.3142,2.6994,-6.5002,-1.4156,8.287,labels
64,150,160.0,17,test,False,-1.6087,-2.4217,-2.8582,-1.6933,493.5304,-2.4438,-4.585,-1.6712,320.8363,-2.4353,-6.8422,-1.6797,95.3206,labels
373,150,160.0,13,test,False,-1.6652,-2.6195,-1.0007,-1.4955,619.0941,-2.5333,-2.5585,-1.5817,463.1613,-2.2234,-7.362,-1.8916,28.4753,labels
67,150,160.0,23,test,False,-2.3343,-1.1628,5.9228,-2.9522,63.3587,-1.8415,4.4084,-2.2735,137.5654,-2.0148,5.1815,-2.1002,64.5233,labels
384,150,160.0,16,test,False,-1.443,-2.9025,-1.3593,-1.2125,615.796,-2.131,-14.8628,2.9778,736.9757,-2.3398,-8.7316,-1.7752,126.3143,labels
385,150,160.0,32,test,False,-0.1158,-4.0831,11.7906,-0.0319,73.1137,-4.1151,12.5303,0.6453,147.0506,-4.0285,10.0292,-0.0865,103.5572,labels
368,150,160.0,15,test,False,-2.2766,-1.9212,7.7935,-2.1938,26.8674,-1.8649,8.1632,-2.2501,11.7161,-1.8116,8.113,-2.3034,6.9231,labels
57,150,160.0,21,test,True,0.6349,-4.7735,7.7226,0.6585,13.303,-4.8009,7.5713,0.6859,5.5017,-4.7715,7.5215,0.6565,7.35,labels
73,150,160.0,35,test,False,-1.9185,0.3093,-6.5845,-3.8057,338.2277,0.424,10.6943,-1.1907,2066.098,0.4741,-5.8724,-3.6409,409.6113,labels
355,150,160.0,4,train,False,-2.2876,0.0214,2.3159,-4.0936,981.2451,-0.6637,5.1881,-3.4513,1276.2505,1.0227,-7.0858,-3.0923,84.07,labels
77,150,160.0,24,test,False,-2.836,1.3249,1.257,-2.7901,122.6551,1.1612,1.9147,-2.9538,188.7139,1.3179,5.9689,-2.7971,593.7737,labels
352,150,160.0,14,train,False,-0.7644,3.7162,10.4198,-0.3988,56.7598,3.3017,9.5136,-0.8133,47.4595,3.0624,8.6677,-1.0526,134.9024,labels
54,150,160.0,24,test,False,-1.6769,-2.0933,-1.1085,-2.0217,331.3461,-2.2127,-2.5695,-1.9023,184.8185,-2.4212,-6.8916,-1.6938,248.7731,labels
82,150,160.0,23,test,False,-3.4147,0.4118,6.9759,-3.7032,38.2254,0.3355,6.8442,-3.7795,38.3785,0.5667,6.676,-3.5483,14.2331,labels
344,150,160.0,22,train,False,-1.6082,-3.0406,-2.2952,-1.0744,640.2086,-2.6449,-6.4322,-1.4701,224.7012,-2.453,-7.6948,-1.662,98.1614,labels
83,150,160.0,19,test,False,-1.3275,-2.2935,-5.4667,-1.8215,482.0248,-2.3982,-6.6309,-1.7168,365.1459,-2.5325,-8.1571,-1.5825,211.9864,labels
84,150,160.0,31,test,True,1.9292,-2.2453,14.7287,2.8437,95.2205,-2.2964,14.7349,2.8499,97.3571,-2.1372,11.6189,-0.2661,220.0906,labels
340,150,160.0,15,train,False,-1.5076,-1.9343,-3.671,-2.1807,634.1013,-1.887,-3.0898,-2.228,692.3881,-2.1211,-8.6992,-1.9939,136.6429,labels
85,150,160.0,27,test,False,-0.9979,2.6962,6.4069,-1.4188,132.4494,2.9456,4.9615,-1.1694,25.5672,2.9581,6.2554,-1.1569,111.5733,labels
86,150,160.0,16,test,False,-1.4289,-1.5781,-2.365,-2.5369,432.7893,-2.4389,-5.9782,-1.6761,62.1692,-2.8498,-8.5517,-1.2652,200.9785,labels
336,150,160.0,20,train,False,-2.447,1.3897,-1.8527,-2.7253,635.4519,1.8727,-18.4174,6.5324,1021.8333,1.8073,-7.0244,-2.3077,118.4955,labels
334,150,160.0,23,train,False,-2.3721,-1.0168,-2.3935,-3.0982,443.3227,-0.1458,1.9746,-3.9692,888.6158,-1.4463,-8.0938,-2.6687,135.9688,labels
332,150,160.0,15,train,False,-1.2543,-3.361,-1.046,-0.754,658.9765,-2.7271,-10.5142,-1.3708,290.0583,-2.7254,-7.2701,-1.3896,37.2137,labels
23,150,160.0,4,train,False,-0.3041,2.2358,3.9597,-1.8792,193.5509,3.3301,4.382,-0.7849,85.1244,3.9046,5.0923,-0.2104,9.3994,labels
328,150,160.0,16,train,False,-3.235,-0.1861,-0.5244,-3.9289,612.3906,-0.9569,-6.8871,-3.1581,28.8701,-1.3247,-8.3528,-2.7903,179.972,labels
324,150,160.0,4,train,False,-3.7459,-0.1522,5.1524,-3.9628,172.3889,-0.0374,4.3042,-4.0776,257.9774,-0.2942,5.8919,-3.8208,97.3563,labels
52,150,160.0,21,test,False,-1.2026,-3.3209,-4.0124,-0.7941,461.1649,-3.3141,-4.0178,-0.8009,460.5648,-3.1744,-7.3625,-0.9406,127.0757,labels
61,150,160.0,26,test,False,-1.3072,1.9462,11.723,-0.162,118.5797,1.8914,11.7232,-0.1618,117.2944,1.5374,10.3351,-1.5499,26.3038,labels
405,150,160.0,16,test,True,0.0119,4.065,11.1806,-0.05,75.3491,4.0292,11.2954,-0.0858,63.3249,3.8516,10.3951,-0.2634,150.1865,labels
417,150,160.0,23,test,False,-1.001,-2.9181,7.1597,-1.1969,30.4276,-2.6188,6.2023,-1.4962,87.756,-2.864,6.2973,-1.251,67.7327,labels
2,150,160.0,11,train,False,-1.5397,3.1942,-0.2278,-0.9208,679.3655,3.5453,3.2797,-0.5697,1031.8644,2.7084,-8.4868,-1.4066,149.949,labels
5,150,160.0,5,train,False,-0.1724,-0.2418,6.8167,6.8167,1227.58,-0.0861,1.3539,1.3539,681.0953,0.2713,-6.2777,-0.1223,83.1407,labels
143,150,160.0,14,train,False,-2.5683,0.7736,-0.3928,-3.3414,638.0386,1.1511,-3.1947,-2.9639,355.355,1.4028,-6.1445,-2.7122,59.9212,labels
137,150,160.0,18,train,False,-1.7355,-0.7055,-5.4073,-3.4095,475.4919,-0.6158,-3.2352,-3.4992,692.8153,-0.855,-7.1412,-3.26,301.4779,labels
133,150,160.0,20,train,False,-2.534,1.1512,-3.7911,-2.9638,555.3122,1.1224,-3.4126,-2.9926,593.2703,1.2678,-7.7698,-2.8472,158.8957,labels
131,150,160.0,16,train,False,-2.5427,-0.6079,-4.2178,-3.5071,515.595,-1.3847,-11.7245,-0.1605,239.1309,-1.2631,-9.8111,-2.0739,47.6822,labels
123,150,160.0,12,train,False,-1.5048,2.5445,-2.2886,-1.5705,684.814,2.5312,-1.2205,-1.5838,791.6266,2.5129,-6.025,-1.6021,311.2978,labels
122,150,160.0,12,train,False,-1.6874,-1.9999,-2.1199,-2.1151,562.5571,-2.6286,-13.8323,1.9473,610.6442,-2.526,-8.088,-1.589,37.199,labels
426,150,160.0,16,test,False,-2.6214,-0.4258,-0.2735,-3.6892,534.3084,-1.6665,-6.3021,-2.4485,81.1918,-2.6758,-6.6183,-1.4392,162.1267,labels
120,150,160.0,13,train,False,-1.6728,2.1583,-4.2176,-1.9567,600.5101,1.7658,-10.0203,-1.8647,19.5614,1.7961,-8.5843,-2.3189,162.7978,labels
281,150,160.0,15,train,False,-1.9268,-1.2895,1.6391,-2.8255,659.8423,-2.6969,-9.6192,-1.4181,474.8718,-2.8961,-9.0703,-1.2189,423.2126,labels
48,150,160.0,21,test,False,-2.2148,-2.1635,-3.079,-1.9515,425.6782,-2.4006,0.5444,-1.7144,788.7901,-1.9366,-7.2432,-2.1784,9.1973,labels
293,150,160.0,17,train,False,-2.0845,-1.2115,-1.7185,-2.9035,606.6588,-1.4928,-3.714,-2.6222,405.1367,-1.9485,-8.7662,-2.1665,103.9873,labels
118,150,160.0,11,train,False,-1.7037,-1.4785,1.1463,-2.6365,715.0142,-2.0155,-2.7106,-2.0995,325.6208,-2.4039,-7.3907,-1.7111,144.7993,labels
371,150,160.1025,20,test,False,-0.3195,3.6844,-3.637,-0.4306,563.9068,3.7717,-9.2243,-0.3433,5.6058,3.7418,-7.5298,-0.3732,174.6045,labels
171,150,160.1481,24,train,True,0.314,-4.5983,2.5061,0.4833,268.454,-4.6772,3.1482,0.5622,333.0577,-3.8199,-0.0945,-0.2951,61.412,labels
322,150,160.3586,18,train,False,-2.3326,1.4359,7.3746,-2.6791,149.3897,1.3498,7.5655,-2.7652,170.0055,1.7907,7.2864,-2.3243,136.4946,labels
341,150,160.4065,21,train,False,-1.3064,2.1846,7.9566,-1.9304,134.0682,2.5947,7.1098,-1.5203,40.1521,2.6501,8.1502,-1.4649,138.927,labels
231,150,160.7824,15,train,False,-0.4403,3.137,7.9439,-0.978,88.7202,3.4706,6.718,-0.6444,55.879,3.5523,7.3342,-0.5627,15.5476,labels
421,150,160.9466,24,test,False,-1.2566,-2.7923,5.6471,-1.3227,109.6309,-2.8094,5.0584,-1.3056,50.7969,-2.8387,5.0739,-1.2763,52.1498,labels
285,150,160.955,20,train,False,-2.1941,-1.4292,-3.2739,-2.6858,610.9603,-1.7698,-6.428,-2.3452,293.956,-1.8858,-7.8214,-2.2292,154.2679,labels
280,150,161.1273,18,train,False,-2.1414,1.2322,9.1099,-2.7751,94.7418,1.877,8.282,-2.238,25.6879,2.1168,8.2941,-1.9982,26.7513,labels
303,150,161.1419,6,train,False,-0.8253,1.8462,3.416,-1.8462,212.5754,5.5023,3.4149,1.3873,270.8144,3.9628,4.0725,-0.1522,112.7017,labels
125,150,161.4527,14,train,True,0.0282,3.4434,-2.9549,-0.6716,599.1495,4.8404,-19.0512,7.1662,1016.9728,4.4066,-8.1121,0.2916,83.5811,labels
269,150,161.4733,35,train,False,-2.1426,-1.5454,13.7266,1.8416,481.4875,-1.8292,9.3647,-2.2858,45.6976,-2.1428,10.6261,-1.2589,170.3876,labels
43,150,161.6778,6,train,True,0.0533,2.7713,5.0517,5.0517,1106.3436,5.0224,-17.0954,10.6954,1120.4748,4.2571,-5.4047,0.1421,52.6081,labels
362,150,161.7927,19,test,False,-2.0925,-1.1283,10.0791,-1.8059,131.9352,-0.8712,10.0559,-1.8291,149.0665,-1.5086,8.8405,-2.6064,57.9789,labels
8,150,161.8052,28,train,False,-2.0329,-2.1016,-5.1686,-2.0134,468.3614,-1.9926,-9.5628,-2.1224,29.8794,-2.0664,-8.1821,-2.0486,167.0007,labels
359,150,162.6517,17,test,False,-3.4241,-1.4859,7.663,-2.6291,80.47,-0.9169,7.7566,-3.1981,22.8102,0.4086,7.3529,-3.7064,118.2169,labels
185,150,162.6998,27,train,False,-1.1413,-3.1215,4.3521,-0.9935,202.2243,-3.166,5.0015,-0.949,267.3156,-2.9676,3.814,-1.1474,147.878,labels
342,150,162.8478,17,train,False,-0.4173,3.7297,-5.177,-0.3853,629.9703,2.9461,-16.3035,4.4185,485.6503,3.0963,-9.5727,-1.0187,191.8364,labels
407,150,162.8647,14,test,False,-2.6312,1.9039,6.8152,-2.2111,85.3667,1.0318,6.943,-3.0832,76.3507,1.0402,7.3199,-3.0748,50.3666,labels
238,150,162.9568,8,train,False,-0.6479,2.2581,6.75,6.75,1142.5954,4.3432,-17.9042,11.5042,1332.1236,3.4292,-6.2156,-0.1844,160.4288,labels
266,150,163.0425,12,train,False,-2.0629,-1.7726,9.3356,-2.3424,28.583,-1.8894,9.4017,-2.2256,16.2794,-1.8883,9.3696,-2.2267,16.5842,labels
140,150,163.1795,28,train,False,-2.4239,0.9997,10.0832,-1.8018,80.1265,1.1751,10.145,-1.74,75.9202,1.3452,9.7257,-2.1593,30.8958,labels
100,150,163.2635,15,train,False,-1.7548,2.1699,-1.9431,-1.9451,555.9568,2.3647,-10.0697,-1.7503,257.0335,2.3097,-7.7717,-1.8053,27.6957,labels
179,150,163.2762,6,train,False,-1.046,-0.4719,3.6815,-0.4719,106.997,-1.3456,3.1173,-1.3456,149.7379,-1.5667,4.7502,-1.5667,54.6522,labels
249,150,163.4328,7,train,False,-2.1043,-1.6182,4.9821,-2.4968,1014.6737,-0.9605,14.6853,2.8003,1987.0049,-2.5641,-5.1953,-1.5509,55.4686,labels
12,150,163.434,15,train,False,-0.5685,3.2646,10.8565,-0.8504,61.6718,3.5966,10.5216,-0.5184,21.9384,3.8085,10.8357,-0.3065,58.9189,labels
382,150,163.9738,18,test,False,-1.3616,1.8891,-0.714,-2.2259,586.5193,3.5269,-14.4903,2.6053,801.255,3.1506,-7.8263,-0.9644,136.999,labels
292,150,164.2623,17,train,False,-3.1812,-0.2257,1.3758,-3.8893,601.7186,-1.3301,-9.4818,-2.4032,489.826,-1.5488,-8.6741,-2.5662,412.0704,labels
139,150,164.3349,15,train,False,-1.8619,-1.4193,0.1251,-2.6957,567.3052,-1.8151,-2.3071,-2.2999,320.9239,-2.182,-7.636,-1.933,215.0823,labels
429,150,164.4444,15,test,False,-0.7003,-2.1735,6.3524,-1.9415,148.8125,-2.721,6.656,-1.394,86.5408,-3.0669,6.604,-1.0481,66.7239,labels
16,150,164.4444,20,train,False,-3.767,0.1142,-1.0897,-4.0008,579.1838,-0.3412,-6.0529,-3.7738,81.0233,-0.3496,-6.3252,-3.7654,53.7899,labels
110,150,164.5527,15,train,False,-0.336,-3.9446,-3.1503,-0.1704,643.8461,-3.9182,-5.0598,-0.1968,452.8967,-3.6939,-7.8648,-0.4211,172.3941,labels
21,150,164.6458,30,train,False,-0.9722,3.1573,-0.503,-0.9577,579.8583,3.1906,-2.165,-0.9244,413.6873,3.2113,-6.303,-0.9037,6.8522,labels
376,150,164.6485,12,test,False,-0.5387,-2.0637,-0.2731,-2.0513,690.9798,-0.0329,6.6682,-4.0821,1413.4876,-3.0531,-9.1435,-1.0619,219.1486,labels
63,150,164.6944,22,test,False,-0.6152,2.6498,-5.918,-1.4652,537.146,1.9482,0.4766,-2.1668,1180.3622,2.91,-8.0031,-1.205,327.2772,labels
18,150,164.7059,15,train,False,-1.4971,-2.4367,8.6159,-1.6783,42.4102,-2.4945,0.1918,-1.6205,804.16,-2.4599,7.0859,-1.6551,115.7401,labels
234,150,164.7799,6,train,False,-0.3821,2.2628,5.1028,-1.2972,171.8153,3.464,4.4896,-0.651,38.5485,3.4267,5.155,-0.6883,99.0157,labels
36,150,164.8301,20,train,False,-1.6139,-2.0008,-4.3968,-2.1142,590.2915,-1.2093,-13.4849,1.5999,322.0759,-1.3533,-8.278,-2.7617,199.4194,labels
338,150,164.9067,13,train,False,-2.2033,1.1045,1.0843,-3.0105,720.0422,2.0788,-7.3553,-2.0362,129.5455,2.0583,-7.949,-2.0567,188.4057,labels
377,150,164.9231,9,test,False,-0.6598,2.6361,4.6201,-1.4789,88.4861,2.3786,4.545,-1.7364,110.7448,3.087,4.7802,-1.028,61.6783,labels
367,150,164.9431,15,test,False,-3.6005,0.107,0.1539,-4.008,597.1409,-0.3834,-4.4592,-3.7316,133.2384,-0.7538,-7.155,-3.3612,139.0687,labels
434,150,165.0133,15,test,False,-1.7066,-1.9094,8.323,-2.2056,49.9553,-2.1373,8.4785,-1.9777,30.1561,-2.3356,8.0856,-1.7794,27.0892,labels
428,150,165.0697,21,test,False,-1.1186,2.516,-2.0654,-1.599,552.8361,3.3692,-16.2063,4.3213,864.1474,2.9655,-8.0963,-1.1495,52.4411,labels
299,150,165.1108,19,train,False,-0.4202,-3.2585,-3.1444,-0.8565,623.8825,-3.4961,-6.1508,-0.6189,322.3296,-3.5929,-7.8534,-0.5221,151.8015,labels
270,150,165.1131,11,train,False,-0.8438,-3.6816,0.3705,-0.4334,792.0454,-2.6004,-15.8286,3.9436,831.6409,-2.6199,-7.3996,-1.4951,66.6028,labels
390,150,165.4153,13,test,False,-2.1859,-0.7254,-0.148,-3.3896,660.8725,-0.9716,-1.3804,-3.1434,535.2101,-1.9477,-8.1882,-2.1673,154.2124,labels
80,150,165.4902,18,test,False,-3.8085,-0.1244,6.2714,-3.9906,65.1412,-0.324,6.2316,-3.791,66.5514,-0.2529,6.4086,-3.8621,49.1228,labels
112,150,165.601,16,train,False,-2.1298,-1.2204,-1.3773,-2.8946,630.4667,-0.4418,3.8751,-3.6732,1161.3514,-1.8686,-7.2863,-2.2464,36.8037,labels
395,150,165.7705,20,test,False,-1.3242,2.1848,6.5959,-1.9302,60.7089,3.1404,6.2645,-0.9746,45.8225,3.1581,6.274,-0.9569,46.6011,labels
402,150,166.183,18,test,False,-2.6479,1.8253,5.4238,-2.2897,36.389,1.7574,5.0335,-2.3576,43.7028,1.5119,5.6109,-2.6031,25.4735,labels
170,150,166.2393,14,train,False,-1.2598,2.2244,8.0097,-1.8906,65.0546,3.0045,8.2351,-1.1105,16.3375,3.1867,8.041,-0.9283,35.5312,labels
247,150,166.2745,7,train,False,-0.4054,-2.4101,5.5729,-0.8271,159.0939,-3.3833,4.4067,-0.7317,41.0075,-3.3788,5.5336,-0.7362,93.8754,labels
167,150,166.4364,16,train,False,-1.8061,2.488,-1.664,-1.627,530.3133,2.4462,-3.6944,-1.6688,327.2655,2.3264,-7.3204,-1.7886,35.6733,labels
297,150,166.5272,19,train,False,-1.599,-1.9031,-2.2704,-2.2119,662.1445,-2.1419,-4.3916,-1.9731,448.743,-2.6935,-7.7351,-1.4215,114.2205,labels
358,150,166.5786,29,test,False,-2.2134,-2.0389,1.33,-2.0761,627.6319,-1.8032,-6.6998,-2.3118,175.7695,-1.7909,-8.4623,-2.3241,351.9168,labels
174,150,166.6667,16,train,False,-0.0451,3.5531,9.0951,-0.5619,84.5,3.475,9.0628,-0.64,91.929,3.6481,8.8091,-0.4669,104.3602,labels
175,150,166.6667,5,train,False,-0.7631,-0.0456,3.6786,-0.0456,138.5455,-5.639,-32.9026,32.9026,3807.9785,-3.755,6.4742,0.0742,339.78,labels
178,150,166.6667,6,train,False,-2.8652,0.8045,5.5375,-3.3105,212.7276,3.293,4.4741,-0.822,482.1598,-0.3903,4.5193,-3.7247,179.0476,labels
173,150,166.6667,42,train,False,-3.6372,0.5205,-2.9203,-3.5945,493.499,0.5927,5.3793,-3.5223,1323.4867,0.5208,-5.9678,-3.5942,188.7801,labels
155,150,166.6667,4,train,False,-3.5978,-0.0726,7.6942,-4.0424,1246.0618,-0.6605,18.1762,6.2912,2295.8854,1.0805,-5.5531,-3.0345,97.8879,labels
183,150,166.6667,6,train,False,-0.0861,0.3403,4.0923,0.3403,159.2467,-0.1502,4.0625,-0.1502,156.5441,-0.2117,5.7846,-0.2117,20.175,labels
182,150,166.6667,22,train,False,-2.5609,1.5565,10.1795,-1.7055,614.2897,0.8058,-6.9126,-3.3092,1202.8708,-0.6096,0.5311,-3.5054,445.2658,labels
161,150,166.6667,32,train,False,-1.8193,1.5259,-2.6373,-2.5891,502.413,2.0333,-6.4842,-2.0817,114.8249,2.0349,-3.2991,-2.0801,431.0877,labels
160,150,166.6667,15,train,False,-1.2327,-1.512,5.9681,-2.603,140.2289,-1.5065,6.0142,-2.6085,141.8171,-2.0415,5.8311,-2.0735,85.6085,labels
151,150,166.6667,35,train,False,-0.85,3.0734,5.752,-1.0416,170.0292,2.9103,4.9767,-1.2047,249.0105,2.6877,5.4913,-1.4273,203.3816,labels
180,150,166.6667,29,train,False,-3.3822,-1.0788,-0.3802,-3.0362,703.9285,-1.1837,1.2812,-2.9313,870.3857,-0.8603,-4.1109,-3.2547,330.2573,labels
154,150,166.6667,9,train,True,0.186,-0.0048,-4.6728,0.0048,192.8604,1.4766,-79.4092,73.0092,7283.3758,1.3611,-8.4109,2.0109,214.2526,labels
414,150,166.7382,17,test,False,-2.44,-1.3904,-1.4015,-2.7246,577.4382,-1.6455,-8.6891,-2.4695,152.0513,-1.6499,-7.1757,-2.4651,2.6011,labels
379,150,166.9272,6,test,False,-0.451,0.0924,3.5624,-0.0924,99.0149,0.4381,4.1609,-0.4381,32.4635,0.6975,4.5812,-0.6975,26.4518,labels
10,150,167.2357,7,train,False,-1.368,-0.5067,4.4618,-0.5067,119.5791,-1.0752,3.5512,-1.0752,30.3757,-0.7912,4.78,-0.7912,128.4456,labels
4,150,167.2515,13,train,False,-0.2068,3.4219,-0.7335,-0.6931,712.3428,4.2112,-10.9344,0.0962,310.8891,3.9251,-7.8663,-0.1899,3.0995,labels
177,150,167.4074,16,train,False,-0.4077,3.8058,10.533,-0.3092,43.7701,3.8144,10.8084,-0.3006,70.9928,3.6959,10.1812,-0.4191,7.5491,labels
418,150,167.441,15,test,False,-1.57,1.3429,-0.0212,-2.7721,531.2531,3.8918,-12.8869,1.0019,780.8033,3.1979,-7.5097,-0.9171,240.4099,labels
76,150,167.4932,27,test,True,0.2631,-4.3169,0.1732,0.2019,124.8412,-4.3212,-0.139,0.2062,93.6502,-4.2258,3.8168,0.1108,489.2963,labels
181,150,167.6123,4,train,False,-2.5451,-0.7099,8.7185,-3.1665,300.8823,17.8729,-88.2289,76.3439,9637.2823,3.754,1.8065,-0.361,540.8988,labels
416,150,167.6834,15,test,False,-3.9656,0.7519,-0.5785,-3.3631,575.0347,0.772,-0.1656,-3.343,616.1425,0.0346,-7.462,-4.0804,121.8195,labels
37,150,168.0368,14,train,False,-1.8628,1.6722,7.2451,-2.4428,68.8855,1.9859,7.1399,-2.1291,37.6723,2.2333,7.0848,-1.8817,21.2216,labels
423,150,168.264,16,test,False,-3.0515,-1.6526,-0.7061,-2.4624,565.5614,-0.9829,-8.5151,-3.1321,218.5614,-1.0065,-8.3453,-3.1085,201.5194,labels
396,150,168.2665,20,test,False,-3.8379,0.1941,-2.3554,-3.9209,485.3761,1.7343,6.8826,-2.3807,1421.1862,-0.4423,-6.1414,-3.6727,105.7788,labels
343,150,168.3768,32,train,False,-0.0242,-3.7304,14.6203,2.7353,322.8357,-3.9357,11.0434,-0.1793,40.0031,-3.7696,9.1859,-0.3454,224.9254,labels
242,150,168.3908,5,train,False,-0.4477,2.0164,4.9486,-1.4514,169.1277,3.3416,4.7492,-0.7734,36.6446,3.3027,5.2456,-0.8123,75.7772,labels
437,150,168.4429,6,test,True,0.0217,0.5127,3.9497,0.5127,172.2781,0.2842,4.8257,0.2842,81.8583,0.1885,6.1194,0.1885,54.4571,labels
443,150,168.5086,16,test,False,-0.2851,-2.7892,8.0549,-1.3258,110.2914,-3.9579,8.3055,-0.1571,17.1852,-3.747,7.9553,-0.368,47.2185,labels
378,150,168.5398,15,test,False,-0.6224,-2.0819,-2.1424,-2.0331,652.4996,-2.3222,-3.0558,-1.7928,558.1405,-3.4871,-7.5265,-0.6279,98.6621,labels
260,150,168.6166,30,train,False,-3.9489,-0.7172,-2.2691,-3.3978,555.4679,0.5779,-11.6824,-0.2026,395.0862,0.7912,-7.3493,-3.3238,74.4174,labels
261,150,168.6486,12,train,False,-1.6415,-1.9967,7.9547,-2.1183,96.4834,-2.3141,7.7653,-1.8009,66.8701,-2.31,7.9582,-1.805,85.8063,labels
169,150,168.7538,41,train,False,-2.3814,-2.0755,-0.6192,-2.0395,429.4216,-4.0834,19.5424,7.6574,2455.4798,-1.0997,-2.7296,-3.0153,226.084,labels
72,150,168.7805,14,test,False,-3.0509,1.2942,5.7351,-2.8208,99.0741,0.9719,6.171,-3.1431,53.5756,0.7905,6.2171,-3.3245,55.3983,labels
318,150,168.9017,4,train,False,-0.5906,0.0932,4.73,-0.0932,112.0903,1.3757,4.8841,-1.3757,115.7358,1.4974,5.2391,-1.1609,103.323,labels
331,150,169.1386,11,train,False,-0.9293,-3.0247,4.9376,-1.0903,16.0957,-3.0039,5.4093,-1.1111,50.3105,-3.1393,5.8892,-0.9757,95.0161,labels
108,150,169.271,27,train,False,-2.2486,-1.5429,-3.1055,-2.5721,425.234,-0.5607,6.0394,-3.5543,1344.8511,-1.6628,-6.2622,-2.4522,110.2282,labels
286,150,169.2973,16,train,False,-3.2782,0.3087,7.0887,-3.8063,53.5436,0.359,7.235,-3.756,48.1309,0.8838,7.1624,-3.2312,4.9284,labels
339,150,169.4085,16,train,False,-1.3909,3.2956,7.5583,-0.8194,109.7006,2.7429,5.4927,-1.3721,112.9322,2.6287,7.1179,-1.4863,50.5086,labels
35,150,169.4631,12,train,False,-2.3911,-0.6549,5.5409,-3.4601,107.018,0.2235,4.583,-3.8915,219.3087,-1.4581,5.5502,-2.6569,26.8971,labels
284,150,169.505,17,train,False,-2.5217,0.932,7.7954,-3.183,66.8015,1.3422,7.8889,-2.7728,31.3741,1.8321,7.6425,-2.2829,24.578,labels
6,150,169.6812,12,train,False,-0.3611,3.6084,-4.7303,-0.5066,492.8171,3.4274,-0.9759,-0.6876,868.653,3.7192,-5.2409,-0.3958,441.5593,labels
411,150,169.8551,27,test,False,-1.9606,-2.2226,4.705,-1.8924,118.4136,-2.032,3.1444,-2.083,39.7699,-2.0749,4.1039,-2.0401,58.6539,labels
296,150,170.094,24,train,False,-1.3433,2.3066,11.9997,0.1147,176.1496,2.9824,9.1273,-1.1326,119.2188,2.8668,10.4438,-1.2482,17.185,labels
263,150,170.3744,12,train,False,-1.3515,-2.4645,7.9491,-1.6505,37.7294,-2.7034,6.8564,-1.4116,86.4635,-2.73,7.7726,-1.385,6.3262,labels
354,150,170.4165,30,train,True,0.988,4.9673,-0.7356,0.8523,524.032,5.0288,-13.013,1.128,703.9234,3.0604,-8.1693,-1.0546,299.8484,labels
363,150,170.4889,18,test,False,-2.9275,-1.5298,-0.5815,-2.5852,599.8755,-1.0588,-7.8706,-3.0562,130.6519,-1.018,-7.9951,-3.097,143.4712,labels
372,150,170.5987,10,test,False,-1.1168,-1.236,5.9555,-0.4445,91.8693,-1.9022,3.2727,-1.9022,201.0924,-1.6514,5.4948,-0.9052,29.8581,labels
114,150,170.6289,17,train,False,-1.8331,-1.6599,-2.3806,-2.4551,644.6327,-1.4089,-0.0676,-2.7061,877.2767,-1.9909,-8.4961,-2.1241,41.8458,labels
438,150,170.7865,10,test,False,-1.5626,0.8471,2.743,2.743,734.9495,3.2901,-35.51,29.11,3098.656,2.2835,-6.9489,0.5489,248.418,labels
111,150,170.9955,10,train,False,-1.3446,1.7185,5.4631,-0.9369,58.9377,1.2551,4.8626,-1.2551,90.9684,1.9623,5.6761,-0.7239,64.6763,labels
237,150,171.0161,5,train,False,-0.3174,2.2026,5.2721,-1.1279,162.7158,3.3997,4.9525,-0.7153,39.7864,3.3191,5.5892,-0.7959,79.8576,labels
165,150,171.0386,16,train,False,-2.8144,0.7895,-1.3663,-3.3255,698.9246,0.6997,0.5557,-3.4153,891.2846,1.2755,-6.9393,-2.8395,139.7784,labels
56,150,171.2418,22,test,False,-2.0455,-2.2476,-2.9304,-1.8674,485.7822,-2.2676,-1.594,-1.8474,619.4176,-2.0289,-7.2908,-2.0861,49.5875,labels
310,150,171.4548,5,train,False,-0.751,1.1228,3.6215,-1.1228,257.1706,2.0622,4.4627,-1.9373,134.9222,2.543,4.961,-1.439,70.6799,labels
157,150,171.51,25,train,False,-1.9456,-2.0534,-4.5825,-2.0616,499.1385,-2.1045,-5.5934,-2.0105,397.9626,-2.2574,-7.2986,-1.8576,227.5686,labels
69,150,171.5131,4,test,False,-1.0743,-2.3026,4.3032,-1.8124,936.2509,-1.5631,11.9813,0.0963,1707.5536,-3.0848,-6.192,-1.0302,116.2678,labels
97,150,171.6078,14,train,False,-1.6004,-1.5743,8.0993,-2.5407,98.9503,-2.2364,8.206,-1.8786,34.343,-2.4044,7.5873,-1.7106,82.7602,labels
127,150,171.6379,20,train,False,-1.4451,-2.5033,1.309,-1.6117,491.0761,-2.3663,-26.9222,15.0372,2332.5238,-2.5935,-8.8896,-1.5215,529.1242,labels
413,150,171.8919,8,test,False,-0.3932,0.2476,4.5131,-0.2476,150.3808,1.1157,4.8197,-1.1157,137.5277,0.8523,5.2758,-0.8523,84.8591,labels
136,150,171.8974,19,train,False,-2.207,2.3233,10.1716,-1.7134,79.793,1.9987,8.5805,-2.1163,91.4321,1.7237,9.6535,-2.2315,24.6136,labels
68,150,171.9298,27,test,False,-2.4544,-1.3063,-6.2269,-2.8087,320.8198,-1.7967,3.959,-2.3183,1340.5837,-1.1567,-6.3349,-2.9583,309.5833,labels
49,150,171.9298,18,test,False,-1.9144,-2.1432,7.6604,-1.9718,50.2834,-2.1179,7.833,-1.9971,33.7227,-2.0712,7.6608,-2.0438,51.5681,labels
166,150,172.029,18,train,False,-1.8152,2.7592,7.194,-1.3558,140.0771,2.966,6.0581,-1.149,69.2036,2.5439,7.5813,-1.5711,172.7875,labels
39,150,172.1437,15,train,False,-2.091,1.3101,7.1444,-2.8049,75.5082,2.0028,6.6935,-2.1122,20.6018,2.2466,6.7491,-1.8684,26.8029,labels
360,150,172.1692,18,test,False,-1.4209,-2.4317,-1.1752,-1.6833,655.6663,-2.7249,-6.2596,-1.3901,146.7389,-2.6976,-7.3498,-1.4174,37.6864,labels
369,150,172.2864,17,test,False,-1.4469,2.0328,-2.9344,-2.0822,674.2935,2.6735,-9.6574,-1.4415,1.1443,2.6626,-7.7053,-1.4524,194.2039,labels
75,150,172.6038,11,test,False,-3.7093,-1.0981,6.6375,-3.0169,555.9722,-0.8407,5.6506,-3.2743,454.0124,0.7893,-3.2244,-3.3257,452.5695,labels
348,150,172.6565,10,train,False,-1.8374,-2.0176,-0.5313,-2.0974,841.2648,-2.1837,-13.8838,1.9988,494.48,-2.1205,-7.8178,-1.9945,113.3102,labels
164,150,172.8004,27,train,False,-1.8387,-2.4271,10.486,-1.399,235.8481,-2.3779,9.1317,-1.7371,100.4481,-2.2652,9.8389,-1.8498,170.6585,labels
398,150,172.8579,9,test,False,-0.6297,2.5244,5.3279,-1.0721,100.9097,2.4523,5.2889,-1.1111,108.9838,2.9761,5.6064,-0.7936,51.0078,labels
159,150,173.044,23,train,False,-1.2743,2.5362,-2.3992,-1.5788,604.6296,2.7513,-5.6662,-1.3637,277.3097,2.8724,-7.5499,-1.2426,88.8503,labels
383,150,173.0598,18,test,False,-2.0572,-1.0491,10.01,-1.875,136.6598,-1.6385,9.6901,-2.1949,73.3754,-1.9038,8.892,-2.2112,24.926,labels
184,150,173.1891,40,train,False,-2.2096,-1.9616,0.1615,-2.1534,638.3024,-1.7724,-6.6268,-2.3426,42.6757,-1.804,-4.9582,-2.311,126.7156,labels
51,150,173.2135,29,test,False,-0.8455,-3.0672,8.471,-1.0478,85.8894,-0.3091,-2.0771,-3.8059,1015.4543,-2.7799,8.1493,-1.3351,70.9172,labels
104,150,173.3011,5,train,False,-0.3456,-1.7503,2.9602,-1.7503,302.973,-4.7904,4.6013,0.6754,119.329,-4.3816,3.848,0.2666,150.1517,labels
65,150,173.3333,21,test,False,-3.0207,-1.4122,6.1718,-2.7028,42.1163,-1.1747,6.1938,-2.9403,26.6672,-1.1077,5.5856,-3.0073,86.2577,labels
45,150,173.3333,25,train,False,-2.3769,1.6754,9.8673,-2.0177,84.8678,1.4996,9.7878,-2.0972,80.3144,1.7924,9.6969,-2.1881,67.8143,labels
240,150,173.3333,35,train,False,-2.5348,-0.3401,12.8946,1.0096,355.4927,-0.2501,8.6663,-3.2187,70.7935,-0.2864,10.3795,-1.5055,105.2447,labels
264,150,173.4843,5,train,False,-0.9719,0.0517,5.6413,-0.0517,119.6698,0.849,5.3228,-0.849,39.4548,1.593,6.0546,-0.3454,72.4402,labels
94,150,173.5393,13,train,False,-2.6323,0.004,-0.3623,-4.111,569.2932,3.1106,-13.3865,1.5015,770.068,2.6186,-7.1506,-1.4964,171.9373,labels
349,150,173.6228,5,train,False,-0.5773,-2.0336,5.184,-1.216,152.3784,-3.3058,5.0561,-0.8092,43.8556,-3.2438,4.9741,-0.8712,54.1008,labels
71,150,173.7721,20,test,False,-0.7569,-2.9416,-3.0197,-1.1734,507.5745,-3.1627,-5.9563,-0.9523,213.0962,-3.2209,-7.4868,-0.8941,60.7174,labels
11,150,174.1313,28,train,False,-1.5572,-0.6391,-5.4484,-3.4759,488.654,-0.7649,-2.7562,-3.3501,758.1624,-0.5468,-6.7639,-3.5682,356.8048,labels
172,150,174.1631,6,train,False,-0.1615,0.2486,4.2609,0.2486,106.234,0.2468,4.2371,0.2468,108.3652,-0.1697,5.8254,-0.1697,58.4504,labels
370,150,174.3448,15,test,False,-2.303,2.2827,5.9372,-1.8323,48.0948,2.2571,5.8164,-1.8579,49.6315,2.0226,6.0715,-2.0924,21.3631,labels
162,150,174.4715,15,train,False,-1.2172,3.4676,8.6629,-0.6474,65.5638,3.2853,8.9554,-0.8297,72.8403,3.1702,8.3744,-0.9448,27.4785,labels
24,150,174.4782,5,train,False,-0.5836,1.7434,4.4611,-1.7434,170.0026,2.3046,4.9972,-1.4028,94.1993,2.8272,4.8842,-1.2878,93.389,labels
148,150,174.4893,21,train,False,-2.4449,2.1368,10.0841,-1.8009,105.2727,2.0804,10.1223,-1.7627,106.4144,1.8631,9.2934,-2.2519,24.624,labels
321,150,174.5248,21,train,False,-2.1856,-2.4469,-1.1998,-1.6681,738.0786,-1.5472,-15.2001,3.3151,664.8597,-1.9804,-7.8627,-2.1346,70.1652,labels
250,150,174.5324,19,train,False,-2.8849,0.7896,8.7631,-3.1219,246.1791,1.0648,8.2884,-3.0502,195.4375,1.2482,8.23,-2.8668,188.9026,labels
124,150,174.8843,26,train,False,-3.7463,0.7245,5.9813,-3.3905,55.0729,0.4505,5.7082,-3.6645,16.8452,0.1504,6.0136,-3.9646,50.2513,labels
440,150,174.902,20,test,False,-2.2635,-2.2732,0.6204,-1.8418,576.9318,-1.8303,-3.9394,-2.2847,119.4371,-1.6798,-7.379,-2.4352,225.2005,labels
78,150,175.1598,19,test,False,-2.6022,1.8632,5.5067,-2.2518,43.4717,2.8395,1.9603,-1.2755,402.8428,1.679,5.4597,-2.436,34.6708,labels
87,150,175.1724,24,test,False,-1.6365,-2.6951,1.2882,-1.4199,136.8765,-3.3715,1.1272,-0.7435,148.8258,0.6527,4.6543,-3.4623,566.2126,labels
356,150,175.3366,8,test,False,-0.3354,2.5621,4.4905,4.4905,1054.5035,3.7722,-7.2524,0.8524,126.8409,3.3062,-3.8622,-0.8088,217.3984,labels
150,150,175.4579,8,train,False,-0.0335,0.0443,3.9389,3.9389,1031.4422,-0.3523,12.6502,12.6502,1903.47,0.3491,-5.5385,-0.3491,83.7685,labels
55,150,175.5556,26,test,False,-2.4284,-1.1757,9.4844,-2.4006,77.4918,-1.2709,9.3052,-2.5798,57.9345,-1.372,8.9953,-2.743,32.8231,labels
323,150,175.6231,12,train,False,-0.2922,-2.6737,0.1742,-1.4413,737.3181,-4.0052,-8.0909,-0.1098,99.8722,-3.9421,-8.7413,-0.1729,163.6773,labels
387,150,175.641,15,test,False,-0.6988,3.6788,7.6172,-0.4362,85.8747,3.8318,6.7281,-0.2832,175.653,3.3533,7.5321,-0.7617,90.4821,labels
278,150,175.698,18,train,False,-1.7017,2.1357,10.1091,-1.7759,135.5447,2.3685,8.8476,-1.7465,7.9114,2.2261,8.6823,-1.8889,21.2306,labels
98,150,175.7192,16,train,False,-2.0548,0.9708,1.2239,-3.1442,676.9161,1.6387,-2.7212,-2.4763,276.8111,1.7538,-5.556,-2.3612,32.2028,labels
135,150,175.7265,18,train,False,-1.3883,2.6829,-6.45,-1.4321,208.2569,2.711,-5.6905,-1.404,284.1628,2.6248,-7.8067,-1.4902,73.2468,labels
115,150,175.7669,14,train,False,-2.091,1.0838,6.1297,-3.0312,110.0295,0.5322,5.1137,-3.5828,217.8443,1.8936,6.4104,-2.2214,31.8695,labels
365,150,176.1163,19,test,False,-2.7103,-0.8823,-1.863,-3.2327,644.8489,-1.319,-6.8856,-2.796,140.7288,-1.3511,-6.7069,-2.7639,158.4353,labels
25,150,176.2159,24,train,False,-3.0333,-0.6238,-2.9307,-3.4912,496.473,0.1761,3.6062,-3.9389,1154.9105,-1.046,-6.7375,-3.069,113.7268,labels
109,150,176.2735,14,train,False,-0.7279,-3.3248,7.7383,-0.7902,95.6726,-3.3096,8.3156,-0.8054,38.5226,-3.3367,7.6429,-0.7783,105.1312,labels
275,150,176.2963,14,train,False,-0.06,4.4031,8.8692,0.2881,74.8825,4.3332,9.0618,0.2182,89.9702,4.0296,8.9906,-0.0854,78.4822,labels
289,150,176.331,6,train,True,0.3356,0.0259,4.9541,-0.0259,187.8204,0.0746,4.8724,-0.0746,194.1592,0.6372,6.4116,0.0116,32.4404,labels
271,150,176.4907,7,train,False,-0.9196,0.595,5.6603,-0.595,56.188,1.0391,5.7326,-0.6674,54.4208,1.3024,5.917,-0.483,81.1333,labels
309,150,176.5608,7,train,False,-2.2092,-1.8711,2.671,-2.2439,252.5714,-1.7947,4.5402,-2.3203,439.6086,-1.7896,-0.6946,-2.3254,84.8124,labels
142,150,176.5945,17,train,False,-1.0698,-3.1139,10.3427,-1.0011,50.5891,-3.1648,10.0144,-0.9502,83.365,-2.8107,10.2101,-1.3043,61.7472,labels
306,150,176.5967,20,train,False,-0.4536,2.9324,2.9306,-1.1826,625.2203,4.2359,-15.7709,3.8859,1250.5137,3.9593,-8.3682,-0.1557,509.7908,labels
262,150,176.7761,39,train,False,-2.9389,-1.6799,0.0032,-2.4351,460.2067,-4.7171,18.4715,6.5865,2331.3119,-1.738,-4.0782,-2.377,74.7502,labels
7,150,176.8306,7,train,False,-0.1999,0.3602,5.0692,0.3602,83.8498,0.2281,4.3833,0.2281,43.2439,0.2772,5.4333,0.2772,109.7228,labels
103,150,176.9297,5,train,True,0.124,0.8115,3.7031,0.8115,189.2118,0.7054,3.9794,0.7054,159.6209,0.2274,5.207,0.2274,27.8841,labels
147,150,177.0136,13,train,False,-1.0175,2.2184,-0.9538,-1.8966,722.8078,2.6168,-3.9286,-1.4982,422.7011,2.7758,-6.9013,-1.3392,126.8364,labels
330,150,177.2597,15,train,False,-3.6771,0.2756,-0.5227,-3.8394,702.1187,0.3682,0.7837,-3.7468,833.0251,-0.4408,-8.0381,-3.6742,53.0585,labels
420,150,177.3041,34,test,False,-3.8904,0.0688,-1.5897,-4.0462,536.5546,-0.0398,-6.7571,-4.0752,26.5179,-0.148,-6.854,-3.967,12.0672,labels
27,150,177.315,5,train,False,-0.4833,-0.0854,3.5819,0.0854,136.9469,0.5806,4.1983,-0.5806,63.692,0.8736,5.0959,-0.8736,47.3608,labels
79,150,177.4671,17,test,False,-3.3649,0.8777,-0.2843,-3.2373,496.8747,0.8888,0.8775,-3.2262,613.0525,0.6643,-7.0951,-3.4507,184.5632,labels
117,150,177.5599,21,train,False,-2.8546,0.1556,10.09,-1.795,121.1393,0.104,10.2386,-1.6464,136.6649,0.3677,9.2296,-2.6554,42.4732,labels
15,150,177.586,18,train,False,-1.9423,1.4911,10.8989,-0.9861,161.4937,1.9989,10.344,-1.541,92.558,2.3427,9.8851,-1.7723,48.1226,labels
347,150,177.6499,27,train,False,-3.4437,-0.3459,12.7392,0.8542,629.7038,-0.4086,2.4193,-3.7064,403.9784,-0.5193,9.4879,-2.3971,304.1151,labels
66,150,177.7809,13,test,False,-2.2017,1.4962,-1.3516,-2.6188,583.7155,1.6721,-4.0286,-2.4429,315.4488,1.7357,-7.376,-2.3793,26.9018,labels
129,150,177.8899,20,train,False,-1.2323,-3.2563,3.8946,-0.8587,142.8216,-2.335,-1.0187,-1.78,357.6947,-2.3755,5.3402,-1.7395,286.9343,labels
138,150,177.9332,19,train,False,-1.3735,2.0076,10.4351,-1.4499,41.3916,2.1979,10.3895,-1.4955,24.8534,2.3349,10.104,-1.7801,41.523,labels
375,150,178.1847,9,test,False,-1.2555,2.0297,4.7463,-1.6537,88.5457,2.6472,4.9455,-1.4545,55.0561,2.8528,4.9606,-1.2622,52.3185,labels
33,150,178.4189,14,train,False,-2.366,-1.8626,7.5151,-2.2524,11.363,-1.8974,7.8098,-2.2176,33.0763,-1.8299,7.7123,-2.2851,21.3946,labels
149,150,178.4549,14,train,False,-1.0949,-2.2276,-3.2494,-1.8874,741.6416,-3.9965,-28.2502,16.3652,1765.3863,-3.9192,-8.6405,-0.1958,217.7189,labels
9,150,178.4615,18,train,False,-0.0442,-4.0998,11.5042,-0.0152,80.3051,-4.0318,11.7417,-0.0832,104.0775,-3.7631,10.2584,-0.3519,53.9555,labels
268,150,178.6112,7,train,False,-0.8198,1.8242,7.7573,7.7573,1261.7741,5.2619,-26.1137,19.7137,2142.9713,3.7572,-5.047,-0.3578,53.6446,labels
113,150,178.6667,19,train,False,-1.2468,1.6528,11.3346,-0.5504,91.2303,1.6179,11.4117,-0.4733,99.3984,1.9371,10.1975,-1.6875,53.6014,labels
257,150,178.7637,20,train,False,-2.4163,2.2489,6.0707,-1.8661,166.6755,1.9672,5.9026,-2.1478,143.0662,1.8164,5.613,-2.2986,112.1788,labels
415,150,178.8864,13,test,False,-1.5115,1.6752,5.3989,-2.4398,139.0372,1.8585,5.7061,-2.2565,104.1569,2.6858,6.1123,-1.4292,33.206,labels
432,150,178.8889,8,test,False,-0.1622,-2.6304,4.8745,-1.4846,169.9339,-4.9261,5.0554,0.8111,131.6373,-4.3697,5.4775,0.2547,62.3955,labels
436,150,178.9421,17,test,False,-0.8772,3.4296,10.695,-0.6854,53.9849,3.5477,10.4141,-0.5673,81.478,3.2278,10.0,-0.8872,103.5629,labels
259,150,178.9882,8,train,False,-0.6235,-2.1465,6.0301,-0.3699,174.7613,-4.3218,2.9367,0.2068,214.478,-3.8368,6.0076,-0.2782,114.6629,labels
351,150,178.9897,29,train,False,-0.4182,3.6394,3.332,-0.4756,599.1277,3.6654,0.729,-0.4496,338.8164,3.5868,-6.6122,-0.5282,395.4723,labels
374,150,179.0769,33,test,False,-1.651,1.7826,12.4499,0.5649,223.6252,2.0338,9.9433,-1.9417,29.5034,1.8691,8.7202,-2.2459,152.9061,labels
232,150,179.1291,23,train,False,-1.9816,3.0362,1.1012,-1.0788,601.6279,2.8533,-0.2606,-1.2617,464.2462,1.2506,-6.7919,-2.8644,213.5935,labels
422,150,179.1753,6,test,False,-1.3157,-0.746,3.5131,-0.746,187.8548,-1.3495,4.3159,-1.3495,87.8711,-1.4378,4.9564,-1.4378,36.132,labels
325,150,179.2221,8,train,False,-0.825,2.5429,6.4555,0.0555,143.127,2.6249,6.5005,0.1005,142.9937,3.0947,6.9854,0.5854,176.1544,labels
435,150,179.2475,10,test,False,-1.4621,1.1147,1.8705,1.8705,688.4072,4.7932,-46.8792,40.4792,4202.5659,2.8945,-5.5337,-0.8663,96.7483,labels
272,150,179.2665,23,train,False,-2.3359,-1.6473,1.622,-2.4677,785.694,-1.7802,-12.0975,0.2125,586.3703,-1.8673,-8.9295,-2.2477,269.7136,labels
425,150,179.3258,8,test,False,-0.3307,3.1089,4.1952,-1.0061,79.6147,2.4726,3.0118,-1.6424,207.2735,3.5135,5.2438,-0.6015,68.3032,labels
119,150,179.3569,19,train,False,-1.917,1.2865,9.0613,-2.8237,91.2825,1.7991,8.9921,-2.3159,39.9441,2.065,8.6041,-2.05,42.9981,labels
401,150,179.5686,13,test,False,-1.5433,2.6387,0.6398,-1.4763,750.0286,2.2968,-12.6482,0.7632,579.4548,2.3901,-8.8917,-1.7249,203.957,labels
408,150,179.599,16,test,False,-3.3908,-0.4639,-1.5746,-3.6511,618.2426,-0.6539,-5.2111,-3.4611,254.1424,-0.7296,-7.6988,-3.3854,5.3038,labels
313,150,179.6239,14,train,False,-0.1455,4.4137,10.0867,0.2987,54.9058,4.4916,9.9693,0.3766,56.0977,4.032,9.9305,-0.083,17.7847,labels
248,150,179.7206,6,train,False,-0.4042,-2.1313,5.9312,-0.4688,189.1255,-3.4032,5.3307,-0.7118,53.6668,-3.4313,6.2112,-0.1888,134.9557,labels
13,150,179.7654,5,train,False,-0.0647,1.934,4.3099,-1.934,264.3918,2.3702,4.611,-1.7448,213.7506,2.9138,4.9539,-1.2012,155.7651,labels
254,150,179.7962,21,train,False,-1.6787,-1.9809,10.9239,-0.9611,331.3787,-2.3016,7.5479,-1.8134,16.4071,-2.2976,10.1684,-1.7166,253.0609,labels
168,150,179.8503,25,train,False,-1.4069,-2.0547,12.8434,0.9584,261.7851,-2.3774,8.7742,-1.7376,156.9451,-2.5857,9.2816,-1.5293,103.4128,labels
276,150,179.9151,9,train,False,-0.6268,-1.0116,5.5536,-0.8464,103.3538,-3.649,1.0762,-0.466,497.0996,-3.1985,4.8865,-0.9165,147.3626,labels
307,150,180.1761,29,train,False,-1.9976,2.077,11.6291,-0.2559,194.3615,1.8547,10.7005,-1.1845,103.4986,1.2301,9.5953,-2.2897,29.2525,labels
364,150,180.3733,28,test,False,-1.0375,2.3729,11.8307,-0.0543,98.9339,2.2198,12.1032,0.2182,128.3073,2.1885,10.6457,-1.2393,35.7266,labels
153,150,180.4243,17,train,False,-1.5338,1.6826,-3.5777,-2.4324,483.2015,2.4155,-8.2994,-1.6995,16.7735,2.7704,-6.4198,-1.3446,191.4975,labels
439,150,180.5364,16,test,False,-1.3093,-1.8424,10.1147,-1.7703,97.4455,-1.7977,9.9545,-1.9305,105.3896,-2.1345,9.4072,-1.9805,108.6813,labels
256,150,180.5765,5,train,False,-2.3034,0.4336,9.5656,-2.3194,1489.8315,-0.0553,14.5232,2.6382,1987.9916,1.8537,-4.6279,-2.2613,64.2327,labels
361,150,180.6403,7,test,False,-0.4442,2.141,5.319,5.319,1103.4609,5.5518,-24.5387,18.1387,1902.2815,3.9058,-5.6499,-0.2092,23.8593,labels
141,150,180.8677,15,train,False,-1.9527,-1.5825,-0.8395,-2.5325,695.9978,-1.6376,-0.7334,-2.4774,706.1436,-2.0096,-8.4792,-2.1054,72.0256,labels
441,150,181.2132,11,test,False,-1.9571,-2.0238,4.3113,-2.0912,149.7882,-2.1468,5.5708,-1.9682,23.2647,-2.0647,5.1257,-2.0503,68.3851,labels
243,150,181.2276,5,train,False,-0.3979,-1.5682,4.9838,-1.4162,241.873,-3.492,3.9475,-0.623,23.6896,-3.7142,5.3659,-0.4008,149.2371,labels
388,150,181.2303,55,test,True,0.2766,-3.6874,-5.3196,-0.4276,684.2145,-3.4434,-11.6616,-0.2234,54.1431,-4.1846,-8.1838,0.0696,401.3404,labels
294,150,181.4931,16,train,False,-1.7739,1.5459,8.3322,-2.5691,79.8215,1.6007,8.512,-2.5143,74.863,2.2147,8.1463,-1.9003,28.4807,labels
1,150,181.6649,18,train,False,-0.8979,2.4754,10.5088,-1.3762,204.5767,2.564,10.4104,-1.4746,192.2554,3.0037,10.0752,-1.1113,148.8394,labels
277,150,182.381,16,train,False,-2.5345,-2.1634,2.3194,-1.9516,753.8449,-1.6834,-1.5878,-2.4316,361.0143,-1.5349,-6.9027,-2.5801,170.6802,labels
176,150,182.3955,28,train,False,-2.3953,1.5751,-2.9165,-2.5399,488.4821,1.512,-1.5626,-2.603,624.0062,1.6607,-6.5867,-2.4543,121.4006,labels
335,150,183.0378,13,train,False,-2.7704,-1.6595,8.7635,-2.4555,52.6994,-2.1249,6.2621,-1.9901,297.8863,-1.241,8.8402,-2.874,27.5583,labels
409,150,183.3484,15,test,False,-0.8746,-3.0395,6.3685,-1.0755,50.0968,-3.0169,6.4841,-1.0981,40.9681,-3.0178,6.593,-1.0972,32.326,labels
394,150,183.4691,18,test,False,-2.6282,-0.9395,0.4204,-3.1755,661.9995,-1.5555,-7.9861,-2.5595,181.0473,-1.6433,-7.6416,-2.4717,147.3055,labels
88,150,183.619,21,test,False,-3.4191,1.4401,7.1906,-2.6749,83.9155,1.6143,7.1446,-2.5007,97.9931,1.0907,6.298,-3.0243,64.0863,labels
251,150,183.6194,16,train,False,-1.2048,-1.845,-3.4276,-2.27,726.7035,-2.6009,-13.6928,1.8078,302.7378,-2.4318,-8.0112,-1.6832,267.2126,labels
245,150,183.6398,8,train,False,-1.3927,2.5583,6.8857,-1.5567,17.975,2.483,6.9941,-1.632,30.0622,2.9103,8.0558,-1.2047,125.7847,labels
282,150,183.936,18,train,False,-2.1518,1.0213,9.4682,-2.4168,100.5777,1.6702,9.3444,-2.4448,37.1844,2.0228,9.0507,-2.0922,8.8008,labels
107,150,184.1176,14,train,False,-1.4218,3.152,4.377,-0.963,63.1526,2.7452,4.4192,-1.3698,39.5153,2.3561,3.8172,-1.7589,104.9323,labels
81,150,184.2793,27,test,False,-0.6055,-1.8159,-5.9506,-2.2991,532.8917,-1.7787,-5.5165,-2.3363,576.3081,-1.7692,-8.1251,-2.3458,315.4626,labels
273,150,184.2904,11,train,False,-1.694,1.048,6.1729,-3.067,157.8246,2.7713,5.3415,-1.3437,164.7407,2.453,6.2439,-1.662,70.804,labels
442,150,184.6989,20,test,False,-1.7838,1.6371,-2.4346,-2.4779,608.3726,2.7498,-14.7076,2.8226,624.309,2.5306,-8.5653,-1.5844,21.7461,labels
317,150,184.7501,4,train,False,-0.704,2.5663,3.1159,-1.5487,917.8677,2.5487,3.4194,-1.5663,948.2569,2.8892,-6.9487,-1.2258,106.1851,labels
288,150,184.7835,21,train,False,-0.9778,2.2477,9.3955,-1.8673,155.7036,2.9706,8.34,-1.1444,27.7897,3.0943,8.6628,-1.0207,54.6961,labels
92,150,184.9587,12,train,False,-1.2641,3.1266,-1.9527,-0.9884,774.2913,2.6804,-14.7232,2.8382,503.5438,2.8414,-9.6455,-1.2736,4.6119,labels
424,150,185.098,13,test,False,-1.6286,-2.1413,5.3782,-1.9737,145.4287,-2.6247,6.3526,-1.4903,45.9573,-2.5915,6.2745,-1.5235,52.6948,labels
3,150,185.1096,17,train,False,-3.9708,0.6167,8.646,-3.239,161.8042,0.3694,6.5348,-3.7456,60.7018,0.379,7.9756,-3.736,90.7956,labels
235,150,185.1718,28,train,False,-2.9662,-0.3076,1.4626,-3.8074,652.3263,-1.4463,-6.7483,-2.6687,176.734,-2.2365,-5.6202,-1.8785,124.906,labels
236,150,185.2079,12,train,False,-0.993,-3.4989,9.6635,-0.6161,86.7692,-3.2981,9.6769,-0.8169,81.4268,-2.8581,9.9326,-1.2569,108.3272,labels
253,150,185.4431,14,train,False,-1.2897,2.9455,-1.094,-1.1695,789.0377,2.6983,-14.6664,2.7814,568.4302,2.9863,-8.68,-1.1287,34.361,labels
295,150,185.7121,13,train,False,-3.3033,0.14,1.8325,-3.975,721.3952,-0.3936,-2.0981,-3.7214,324.7389,-1.2753,-8.1249,-2.8397,284.456,labels
60,150,185.763,33,test,False,-0.6903,2.6035,-7.2154,-1.5115,397.9365,2.539,9.4944,-1.576,2068.9316,2.6993,-6.6035,-1.4157,459.1874,labels
53,150,185.7658,26,test,True,0.6292,1.0616,13.4105,1.5255,97.2319,1.239,12.9388,1.0538,46.9123,1.3179,9.9011,-1.9839,261.5864,labels
91,150,185.8191,42,train,False,-2.0795,1.6386,14.0353,2.1503,431.7628,1.7757,12.43,0.545,270.6503,4.0884,10.7768,-0.0266,230.1729,labels
58,150,185.8739,14,test,False,-3.8231,0.618,-0.8665,-3.497,584.756,2.245,7.712,-1.87,1457.7284,-0.0611,-7.2344,-4.0539,63.4993,labels
386,150,185.9115,20,test,False,-1.442,1.6891,-1.5783,-2.4259,672.4992,3.6004,-17.635,5.75,944.9741,3.1149,-7.4993,-1.0001,85.4642,labels
353,150,185.9795,9,train,False,-3.1108,2.0591,6.5913,-2.0559,253.0256,3.4253,2.3186,-0.6897,697.669,0.6829,8.034,-3.4321,74.6507,labels
319,150,186.1714,18,train,False,-2.5276,1.5896,-0.2352,-2.5254,661.1019,1.5693,0.5065,-2.5457,735.2674,1.5509,-7.853,-2.5641,100.7463,labels
252,150,186.3835,17,train,False,-4.0841,-0.5722,6.0988,-3.5428,114.5978,0.1126,4.7195,-4.0024,41.3047,0.3903,6.3961,-3.7247,132.1578,labels
241,150,186.4737,15,train,False,-0.0,-4.0233,-2.4347,-0.0917,774.2613,-4.1897,-11.7624,0.0747,158.736,-4.219,-8.7335,0.104,144.705,labels
130,150,186.5313,18,train,False,-1.9145,2.239,4.3878,-1.876,6.1667,2.2006,4.2648,-1.9144,7.4819,1.8806,4.5927,-2.2344,40.7938,labels
279,150,186.5515,20,train,False,-1.863,-1.7344,-2.4753,-2.3806,694.2791,-1.8487,-3.1398,-2.2663,627.2043,-2.3382,-8.6077,-1.7768,79.5839,labels
345,150,186.6667,13,train,False,-2.1531,1.0307,7.8695,-3.0843,95.4719,1.0156,7.8858,-3.0994,97.3155,1.6718,8.1184,-2.4432,54.3677,labels
389,150,186.7711,8,test,True,0.109,2.5562,5.8654,-0.5346,127.3523,3.1594,6.2734,-0.1266,54.882,3.3699,6.2404,-0.1596,39.1762,labels
93,150,186.9995,26,train,False,-0.921,-2.545,4.6321,-1.57,71.4798,-3.1083,3.232,-1.0067,110.3811,-3.1755,4.6185,-0.9395,28.6564,labels
40,150,187.0064,13,train,False,-2.0975,1.0285,9.6204,-2.2646,100.3281,0.7956,9.4228,-2.4622,122.2319,1.6709,9.5966,-2.2884,37.5643,labels
298,150,187.0632,19,train,False,-1.4873,0.4721,10.7307,-1.1543,74.3593,0.5567,10.8583,-1.0267,74.0843,0.9321,10.094,-1.791,36.6345,labels
255,150,187.2472,12,train,False,-0.2988,2.6163,1.7258,-1.4987,902.0528,3.2183,-1.7761,-0.8967,547.1202,3.6105,-7.1461,-0.5045,21.6781,labels
320,150,187.4531,12,train,False,-2.1359,-1.0373,6.9768,-3.0777,94.415,-1.7055,6.3246,-2.4095,64.5922,-2.2752,6.7148,-1.8398,35.4524,labels
397,150,187.6036,16,test,False,-0.3238,-3.2675,8.2108,-0.8475,70.689,-3.7055,5.7893,-0.4095,194.8524,-3.7483,7.7567,-0.3667,4.7653,labels
267,150,187.726,11,train,False,-0.7428,3.3447,8.0686,-0.7703,254.0738,3.2959,8.267,-0.8191,273.9977,3.6902,0.4262,-0.4248,511.1708,labels
128,150,187.7333,12,train,False,-1.3054,1.4765,6.7844,-2.6385,150.2111,3.0629,7.5907,-1.0521,27.7783,3.2905,6.4402,-0.8245,114.2641,labels
302,150,187.8054,13,train,False,-0.8418,-1.9607,-0.5429,-2.1543,626.4014,-1.6249,0.9373,-2.4901,778.1788,-2.7135,-7.9817,-1.4015,142.8077,labels
31,150,187.8992,4,train,False,-0.1811,0.3777,3.3581,0.3777,163.9196,-0.9613,3.8692,-0.9613,129.2122,-0.5419,6.0686,-0.3314,122.3787,labels
346,150,187.9392,17,train,False,-0.9282,2.4652,-3.3576,-1.6498,760.5666,1.6953,-18.9002,7.0152,795.6615,1.9562,-9.1262,-2.1588,184.1208,labels
132,150,187.9526,19,train,False,-0.823,-2.1943,10.787,-1.098,27.5297,-2.1696,10.8944,-0.9906,16.7923,-1.9921,9.6493,-2.1229,142.5171,labels
47,150,188.1967,15,test,False,-2.3476,-1.1773,5.3938,-2.9377,109.467,-1.7192,5.799,-2.3958,51.8999,-1.7125,5.4208,-2.4025,89.6691,labels
134,150,188.3817,16,train,False,-1.4632,2.8115,9.3957,-1.3035,41.6079,2.7945,9.6687,-1.3205,18.0985,2.3884,8.5741,-1.7266,123.4241,labels
410,150,188.582,16,test,False,-2.1099,-2.615,1.0737,-1.5,572.681,-2.3184,-2.313,-1.7966,232.8709,-1.9667,-6.2303,-2.1483,161.0183,labels
312,150,188.76,11,train,False,-1.9842,-1.6987,6.1004,-2.4163,175.3872,-1.9391,7.0841,-2.1759,74.1332,-2.0001,6.9432,-2.1149,86.6944,labels
274,150,188.8196,27,train,False,-1.2357,3.9157,-3.2124,-0.1993,707.1892,2.2452,-14.2693,2.3843,411.05,2.1292,-8.6306,-1.9858,174.6709,labels
431,150,188.8889,13,test,False,-0.0357,-2.872,8.0547,-1.243,126.377,-2.1466,7.0747,-1.9684,235.9557,-3.135,8.0702,-0.98,100.9925,labels
308,150,188.9013,4,train,False,-2.6778,1.5911,6.0277,-2.5239,1002.6366,0.8158,-38.1924,26.3074,3420.0597,1.748,-8.1462,-2.367,416.0429,labels
329,150,189.1518,14,train,False,-1.7574,1.5444,8.4464,-2.5706,112.137,2.0883,8.5363,-2.0267,90.3039,2.3139,8.297,-1.8011,62.4252,labels
333,150,189.3333,19,train,False,-0.5292,2.7942,8.7869,-1.3208,178.6337,3.3617,7.8585,-0.7533,70.9298,3.2724,8.1246,-0.8426,99.0012,labels
70,150,189.4424,28,test,False,-1.9506,-0.0709,11.0295,-0.8555,113.0876,0.1334,9.5075,-2.3775,43.3974,0.1949,9.4172,-2.4678,51.7458,labels
380,150,189.476,14,test,False,-2.8186,1.3878,-1.7682,-2.7272,724.7308,1.4208,3.8041,-2.6942,1281.9697,1.3776,-7.31,-2.7374,170.6862,labels
406,150,189.9549,7,test,False,-1.0326,0.078,4.7465,4.7465,930.0911,1.0428,-9.5993,3.1993,509.3928,1.0236,-4.6674,-1.0236,16.2269,labels
48,200,200.0,20,test,False,-2.2148,-2.2409,-1.8907,-1.8741,544.7576,-2.4024,0.4732,-1.7126,781.694,-1.9433,-7.1973,-2.1717,13.7286,labels
50,200,200.0,21,test,False,-3.9792,-0.3308,-1.0582,-3.7842,562.9569,0.185,-8.8913,-2.9937,222.3495,0.3871,-8.0588,-3.7279,141.2987,labels
332,200,200.0,14,train,False,-1.2543,-3.4839,0.882,-0.6311,852.1579,-2.7146,-10.8509,-1.0341,323.7495,-2.8055,-7.4001,-1.3095,22.3504,labels
281,200,200.0,14,train,False,-1.9268,-0.9618,3.3583,-3.1532,834.6758,-2.6871,-10.04,-1.4279,516.6307,-2.7837,-9.6647,-1.3313,480.3898,labels
334,200,200.0,22,train,False,-2.3721,-0.7891,-1.3698,-3.3259,548.0663,-0.1801,1.8127,-3.9349,872.0699,-1.3626,-7.7025,-2.7524,100.9965,labels
336,200,200.0,19,train,False,-2.447,1.3209,-0.2882,-2.7941,792.0489,1.9424,-22.1727,10.2877,1397.4319,1.8379,-6.7989,-2.2771,141.2494,labels
77,200,200.0,23,test,False,-2.836,1.3357,1.5358,-2.7793,150.5589,1.1787,2.2096,-2.9363,218.0657,1.3179,6.2053,-2.7971,617.4127,labels
118,200,200.0,10,train,False,-1.7037,-1.1622,3.4428,-2.9528,946.8242,-1.2322,3.0382,-2.8828,905.7952,-2.0815,-7.0788,-2.0335,118.2989,labels
352,200,200.0,13,train,False,-0.7644,3.8516,10.3327,-0.2634,60.9465,3.3168,9.5751,-0.7982,41.1875,3.0622,8.7233,-1.0528,129.4812,labels
120,200,200.0,12,train,False,-1.6728,2.2506,-2.8003,-1.8644,742.541,0.5254,-29.4239,17.5389,1925.414,1.4452,-8.217,-2.6698,202.7149,labels
85,200,200.0,26,test,False,-0.9979,2.5901,6.4942,-1.5249,144.2836,2.9317,4.8719,-1.1833,33.5107,3.0211,6.2516,-1.0939,110.4678,labels
183,200,200.0,5,train,False,-0.0861,0.5015,3.4369,0.5015,226.7209,0.326,3.5962,0.326,207.1852,0.2007,4.4075,0.2007,125.2433,labels
182,200,200.0,21,train,False,-2.5609,1.5267,10.0495,-1.8355,601.5826,0.7988,-7.2454,-3.3162,1235.3957,-0.1192,0.5204,-3.9958,459.195,labels
122,200,200.0,11,train,False,-1.6874,-1.8915,-0.2645,-2.2235,748.3916,-2.6235,-13.2447,1.3597,551.8942,-2.4957,-8.0854,-1.6193,36.2673,labels
5,200,200.0,4,train,False,-0.1724,-0.385,10.4577,10.4577,1591.9621,-0.0929,0.8873,0.8873,634.5004,0.3448,-7.1064,0.7064,166.3225,labels
123,200,200.0,11,train,False,-1.5048,2.5098,-0.4467,-1.6052,869.0332,2.5254,-0.7716,-1.5896,836.5229,2.5462,-5.8529,-1.5688,328.41,labels
328,200,200.0,15,train,False,-3.235,0.0578,1.0801,-4.0572,774.5962,-0.9755,-6.9821,-3.1395,38.5291,-1.3977,-8.3346,-2.7173,180.1775,labels
106,200,200.0,17,train,False,-1.8536,1.0927,-1.4512,-3.0223,595.2361,0.2977,2.1785,-3.8173,966.776,1.4479,-6.0413,-2.6671,148.8361,labels
326,200,200.0,21,train,False,-2.5522,-0.5645,-0.2954,-3.5505,587.1714,-0.1603,1.8895,-3.9547,809.3611,-1.1231,-5.2228,-2.9919,96.488,labels
102,200,200.0,10,train,False,-1.6599,0.8067,-0.5818,-3.3083,765.9111,2.026,-5.6813,-2.089,241.8503,1.6993,-6.7134,-2.4157,154.5464,labels
86,200,200.0,15,test,False,-1.4289,-1.246,-1.2422,-2.869,549.8348,-2.2928,-5.46,-1.8222,115.755,-2.7366,-8.2765,-1.3784,172.8635,labels
417,200,200.0,22,test,False,-1.001,-2.8542,6.884,-1.2608,26.3267,-2.5585,5.8077,-1.5565,124.9425,-2.8172,6.3387,-1.2978,65.8783,labels
62,200,200.0,17,test,False,-1.4489,2.7277,0.0722,-1.3873,649.6774,2.7079,5.5023,-1.4071,1192.6661,2.6915,-6.2365,-1.4235,18.9511,labels
61,200,200.0,25,test,False,-1.3072,2.0069,11.9473,0.0623,141.8094,1.8896,11.7462,-0.1388,119.5032,1.5058,10.1972,-1.6878,40.3136,labels
90,200,200.0,32,test,False,-2.3957,1.4846,-0.6364,-2.6304,148.7369,-1.0136,-9.6788,-2.2062,805.1688,0.3527,5.5773,-3.7623,780.3055,labels
373,200,200.0,12,test,False,-1.6652,-2.6837,0.748,-1.4313,794.0735,-2.5665,-1.466,-1.5485,572.4524,-2.2859,-7.2006,-1.8291,16.4251,labels
311,200,200.0,14,train,False,-3.3884,1.628,-0.0487,-2.487,732.4319,1.2449,-2.8079,-2.8701,453.9149,0.7534,-7.688,-3.3616,37.1572,labels
180,200,200.0,28,train,False,-3.3822,-1.1166,-0.3797,-2.9984,704.1779,-0.9212,-3.5068,-3.1938,390.8731,-0.8368,-5.7325,-3.2782,168.1694,labels
384,200,200.0,15,test,False,-1.443,-2.9689,0.2133,-1.1461,773.1962,-2.1779,-13.6052,1.7202,611.2266,-2.3875,-9.03,-1.7275,154.3537,labels
83,200,200.0,18,test,False,-1.3275,-2.1504,-4.1688,-1.9646,612.5959,-2.3652,-6.3599,-1.7498,392.4463,-2.4779,-7.9141,-1.6371,236.7781,labels
57,200,200.0,20,test,True,0.6349,-4.7822,7.8157,0.6672,22.6346,-4.8007,7.5463,0.6857,6.8205,-4.7847,7.6158,0.6697,4.2364,labels
54,200,200.0,23,test,False,-1.6769,-2.0209,-0.1657,-2.0941,425.874,-2.3237,-3.9234,-1.7913,49.3988,-2.4618,-6.5236,-1.6532,211.9772,labels
385,200,200.0,31,test,False,-0.1158,-4.0985,12.0119,0.1269,95.2726,-4.1162,12.5547,0.6697,149.4959,-4.0438,10.1369,-0.0712,92.8546,labels
96,200,200.0,20,train,False,-1.9982,1.4107,-1.3622,-2.7043,536.7054,-0.3131,8.391,-3.494,1526.8227,1.7259,-7.2556,-2.3891,69.3657,labels
82,200,200.0,22,test,False,-3.4147,0.3439,6.8866,-3.7711,39.1338,0.35,6.8181,-3.765,36.2418,0.5209,6.6206,-3.5941,20.762,labels
52,200,200.0,20,test,False,-1.2026,-3.3986,-2.8887,-0.7164,573.7898,-3.2037,-5.2973,-0.9113,332.1477,-3.1513,-6.904,-0.9637,171.8658,labels
314,200,200.0,7,train,False,-2.0402,1.7664,0.3811,-2.3486,56.4409,-0.3688,3.513,-3.7462,435.481,1.4637,-2.45,-2.6513,243.6296,labels
64,200,200.0,16,test,False,-1.6087,-2.4214,-1.5829,-1.6936,621.0453,-2.4537,-5.3742,-1.6613,241.9093,-2.4432,-7.0339,-1.6718,76.1471,labels
84,200,200.0,30,test,True,1.9292,-2.3271,14.8481,2.9631,109.0647,-2.301,14.7274,2.8424,96.8006,-2.1986,11.6292,-0.2558,219.5908,labels
405,200,200.0,15,test,True,0.0119,4.1589,10.845,0.0439,110.1785,4.0139,11.342,-0.1011,58.4203,3.7034,10.1995,-0.4116,170.2175,labels
2,200,200.0,10,train,False,-1.5397,3.4136,1.7668,-0.7014,880.0035,3.7109,4.907,-0.4041,1195.4336,2.7368,-9.1755,-1.3782,218.8248,labels
426,200,200.0,15,test,False,-2.6214,-0.148,1.0467,-3.967,669.2165,-2.12,-8.6881,-1.995,324.0431,-2.7186,-7.2768,-1.3964,215.0944,labels
143,200,200.0,13,train,False,-2.5683,0.6151,1.1936,-3.4999,797.4383,1.494,-5.895,-2.621,83.2853,1.5065,-5.5354,-2.6085,119.1463,labels
368,200,200.0,14,test,False,-2.2766,-1.9311,7.5071,-2.1839,54.9913,-1.8498,8.1945,-2.2652,14.5858,-1.8127,8.0409,-2.3023,2.6962,labels
137,200,200.0,17,train,False,-1.7355,-0.6438,-3.8368,-3.4712,632.5957,-0.6237,-3.1718,-3.4913,699.0872,-0.8059,-6.7539,-3.3091,340.458,labels
161,200,200.0,31,train,False,-1.8193,1.3198,-1.3879,-2.7952,629.0321,1.9437,-5.8984,-2.1713,173.9657,2.0043,-2.9173,-2.1107,469.3811,labels
160,200,200.0,14,train,False,-1.2327,-1.4443,5.9664,-2.6707,146.8184,-1.7838,6.2061,-2.3312,122.2262,-2.5451,6.1993,-1.5699,62.7491,labels
404,200,200.0,9,test,False,-1.5406,0.9054,4.2181,4.2181,914.7832,4.0557,-35.5999,29.1999,3080.6706,2.6978,-5.3867,-1.0133,84.4911,labels
73,200,200.0,34,test,False,-1.9185,0.3115,-5.5514,-3.8035,441.5321,0.4193,11.0282,-0.8568,2099.4895,0.5274,-5.9769,-3.5876,399.3668,labels
151,200,200.0,34,train,False,-0.85,3.1258,6.389,-0.9892,106.161,2.9186,5.1883,-1.1964,227.9644,2.7135,5.9779,-1.4015,156.3988,labels
67,200,200.0,22,test,False,-2.3343,-1.0521,5.9274,-3.0629,74.2809,-1.844,4.3153,-2.271,146.8817,-2.1181,5.3103,-1.9969,58.0628,labels
340,200,200.0,14,train,False,-1.5076,-1.7161,-1.8637,-2.3989,816.1226,-1.9261,-3.2919,-2.1889,671.8852,-2.1839,-7.808,-1.9311,220.914,labels
173,200,200.0,41,train,False,-3.6372,0.5426,-1.7639,-3.5724,609.1582,0.5994,5.9028,-3.5156,1375.8399,0.5157,-5.7616,-3.5993,209.3818,labels
131,200,200.0,15,train,False,-2.5427,-0.4441,-2.8014,-3.6709,658.1737,-1.3588,-11.405,-0.48,207.0766,-1.2635,-8.7585,-2.8515,59.036,labels
174,200,200.0,15,train,False,-0.0451,3.5045,9.0964,-0.6105,87.4528,3.485,9.099,-0.63,88.5386,3.7285,9.0364,-0.3865,80.3406,labels
175,200,200.0,4,train,False,-0.7631,0.2041,2.6714,0.2041,239.6275,-5.5303,-51.6833,51.6833,5674.7686,-3.5559,5.5773,-0.5591,288.2462,labels
293,200,200.0,16,train,False,-2.0845,-0.9618,0.1291,-3.1532,793.095,-1.4653,-3.5369,-2.6497,423.0561,-1.9415,-8.4576,-2.1735,73.3522,labels
178,200,200.0,5,train,False,-2.8652,1.4458,5.3178,-2.6692,280.3994,2.7893,4.7874,-1.3257,424.396,0.0803,4.1572,-4.0347,234.6221,labels
154,200,200.0,8,train,True,0.186,-0.0745,-1.9841,0.0745,461.2467,,,,,0.7052,-5.188,-0.7052,147.3788,labels
133,200,200.0,19,train,False,-2.534,1.048,-2.4974,-3.067,685.0955,1.217,-4.5231,-2.898,481.8194,1.2899,-8.1984,-2.8251,116.6138,labels
344,200,200.0,21,train,False,-1.6082,-3.1581,-0.7068,-0.9569,799.475,-2.4682,-8.351,-1.6468,32.6327,-2.5553,-7.9135,-1.5597,76.2975,labels
371,200,200.1025,19,test,False,-0.3195,3.635,-2.1451,-0.48,713.1687,3.7692,-8.5935,-0.3458,68.1969,3.7243,-7.1426,-0.3907,213.3619,labels
322,200,200.3586,17,train,False,-2.3326,1.3054,7.6142,-2.8096,175.8703,1.3277,7.6285,-2.7873,176.6616,1.6919,7.4559,-2.4231,153.7116,labels
341,200,200.4065,20,train,False,-1.3064,1.9811,8.0371,-2.1339,151.34,2.5605,7.1216,-1.5545,43.0309,2.6971,8.2941,-1.4179,152.8171,labels
177,200,200.7407,15,train,False,-0.4077,3.8058,10.533,-0.3092,43.7701,3.82,10.363,-0.295,28.0124,3.6223,10.2762,-0.4927,18.9693,labels
231,200,200.7824,14,train,False,-0.4403,2.9434,7.8062,-1.1716,92.5943,3.4547,6.6876,-0.6603,59.2878,3.4466,7.0728,-0.6684,28.1739,labels
421,200,200.9466,23,test,False,-1.2566,-2.7336,6.079,-1.3814,153.1322,-2.794,5.3128,-1.321,76.2731,-2.831,5.476,-1.284,92.3581,labels
285,200,200.955,19,train,False,-2.1941,-1.3525,-2.0475,-2.7625,733.8243,-1.9902,-8.8465,-2.1248,52.179,-2.0365,-8.0054,-2.0785,136.3171,labels
280,200,201.1273,17,train,False,-2.1414,1.0213,9.4682,-2.4168,134.382,1.8644,8.4564,-2.2506,12.6342,2.0456,8.5392,-2.0694,7.449,labels
303,200,201.1419,5,train,False,-0.8253,1.36,2.9268,-1.36,281.5109,6.8162,2.5737,2.7012,426.7296,3.8406,5.1344,-0.2744,57.3131,labels
125,200,201.4527,13,train,True,0.0282,3.2347,-1.4435,-0.8803,751.6975,4.9437,-20.8604,8.9754,1198.1844,4.3568,-8.1241,0.2418,80.9889,labels
269,200,201.4733,34,train,False,-2.1426,-1.3754,14.9821,3.0971,608.0722,-1.8216,9.2524,-2.2934,35.5271,-2.2326,10.872,-1.013,195.8599,labels
43,200,201.6778,5,train,True,0.0533,2.3796,8.4865,8.4865,1452.0301,6.7061,-37.4868,31.0868,3166.5472,4.7238,-4.8285,0.6088,122.7568,labels
362,200,201.7927,18,test,False,-2.0925,-0.879,10.0735,-1.8115,149.5935,-0.8005,10.0359,-1.8491,153.3759,-1.3887,8.7824,-2.7263,71.299,labels
8,200,201.8052,27,train,False,-2.0329,-2.0727,-3.9483,-2.0423,590.3785,-1.981,-9.483,-2.134,37.9028,-2.0415,-8.0472,-2.0735,180.5134,labels
169,200,202.0872,40,train,False,-2.3814,-2.1887,-0.3272,-1.9263,459.5089,-4.0848,19.6807,7.7957,2469.259,-1.3599,-3.6644,-2.7551,129.0645,labels
359,200,202.6517,16,test,False,-3.4241,-1.67,7.5669,-2.445,100.3597,-0.7788,7.6766,-3.3362,14.1208,0.404,7.2937,-3.711,120.094,labels
342,200,202.8478,16,train,False,-0.4173,3.8028,-3.5032,-0.3122,797.5016,2.9047,-16.6227,4.7377,517.8198,3.1156,-9.2443,-0.9994,224.0927,labels
407,200,202.8647,13,test,False,-2.6312,2.0365,6.2667,-2.0785,140.4935,1.0126,6.936,-3.1024,78.0597,1.0733,6.8873,-3.0417,78.6719,labels
238,200,202.9568,7,train,False,-0.6479,1.7686,10.5532,10.5532,1525.9839,4.0119,-16.1268,9.7268,1152.7878,3.1004,-6.403,0.003,182.8354,labels
266,200,203.0425,11,train,False,-2.0629,-1.7911,9.1778,-2.3239,33.9884,-1.9211,9.375,-2.1939,13.2616,-2.0062,9.4724,-2.1088,8.9453,labels
140,200,203.1795,27,train,False,-2.4239,0.9185,10.0831,-1.8019,85.4723,1.2188,10.1485,-1.7365,74.4468,1.4184,9.5305,-2.3545,11.0676,labels
100,200,203.2635,14,train,False,-1.7548,2.0644,-0.5249,-2.0506,698.0819,2.3093,-8.3087,-1.8057,81.0863,2.3011,-7.6517,-1.8139,16.338,labels
249,200,203.4328,6,train,False,-2.1043,-1.4368,8.3385,-2.6782,1350.769,-1.0409,13.9056,2.0206,1908.7262,-2.7218,-4.8189,-1.3932,78.7342,labels
12,200,203.434,14,train,False,-0.5685,3.1267,10.6102,-0.9883,51.7295,3.6005,10.5559,-0.5145,25.3696,3.6679,10.9017,-0.4471,60.6001,labels
382,200,203.9738,17,test,False,-1.3616,1.6324,0.5499,-2.4826,715.3432,3.5392,-14.9477,3.0627,846.9005,3.1479,-8.3007,-0.9671,182.8557,labels
292,200,204.2623,16,train,False,-3.1812,0.0211,3.1608,-4.0939,781.8937,-1.2547,-8.7102,-2.8603,412.3161,-1.3333,-8.8964,-2.7817,431.534,labels
139,200,204.3349,14,train,False,-1.8619,-1.2264,1.5629,-2.8886,712.3603,-1.7249,-1.5256,-2.3901,399.5785,-2.215,-8.1282,-1.9,264.2148,labels
165,200,204.3719,15,train,False,-2.8144,0.6855,0.5266,-3.4295,888.4726,0.6321,1.6433,-3.4829,1000.2527,1.4601,-6.55,-2.6549,179.3928,labels
429,200,204.4444,14,test,False,-0.7003,-1.8684,6.0775,-2.2466,189.5314,-2.7735,6.6269,-1.3415,84.2503,-3.0205,6.535,-1.0945,75.0271,labels
16,200,204.4444,19,train,False,-3.767,0.268,0.6492,-3.847,753.7495,-0.3777,-6.3142,-3.7373,54.9718,-0.4417,-5.7541,-3.6733,111.2901,labels
110,200,204.5527,14,train,False,-0.336,-4.014,-1.6032,-0.101,798.6923,-3.8706,-6.9963,-0.2444,259.1997,-3.6307,-7.8233,-0.4843,176.9529,labels
21,200,204.6458,29,train,False,-0.9722,3.1574,0.9898,-0.9576,729.144,3.1936,-1.9106,-0.9214,439.1279,3.2091,-6.5581,-0.9059,26.5003,labels
376,200,204.6485,11,test,False,-0.5387,-1.5652,1.5973,-2.5498,884.4366,0.6754,8.7574,-3.1276,1633.5755,-2.6948,-9.4108,-1.4202,255.251,labels
63,200,204.6944,21,test,False,-0.6152,2.5332,-4.6188,-1.5818,667.5859,1.9882,0.1725,-2.1268,1149.7076,2.8317,-7.4104,-1.2833,386.9362,labels
18,200,204.7059,14,train,False,-1.4971,-2.4136,8.6153,-1.7014,43.3969,-2.4993,-0.3938,-1.6157,862.7112,-2.4633,7.1688,-1.6517,107.4807,labels
234,200,204.7799,5,train,False,-0.3821,1.7222,5.2203,-1.1797,224.8723,3.5673,4.3876,-0.5477,24.0353,3.5143,5.4048,-0.6007,121.1317,labels
36,200,204.8301,19,train,False,-1.6139,-2.1407,-2.799,-1.9743,750.6796,-1.0693,-15.1349,3.2499,487.6411,-1.3612,-8.0297,-2.7538,224.2147,labels
157,200,204.8433,24,train,False,-1.9456,-2.0242,-3.1403,-2.0908,643.3859,-2.0983,-5.0943,-2.0167,447.8813,-2.1915,-6.8847,-1.9235,268.7964,labels
338,200,204.9067,12,train,False,-2.2033,0.8909,2.6101,-3.2241,874.0613,2.4483,-11.0604,-0.8246,501.8455,2.1226,-8.3857,-1.9924,232.4619,labels
377,200,204.9231,8,test,False,-0.6598,2.4307,4.6239,-1.6843,107.8959,2.4842,4.6735,-1.6308,104.5649,2.9677,4.7634,-1.1473,68.2785,labels
367,200,204.9431,14,test,False,-3.6005,0.3066,1.6897,-3.8084,751.97,-0.2243,-2.9642,-3.8907,283.5778,-0.6502,-7.2664,-3.4648,148.7505,labels
434,200,205.0133,14,test,False,-1.7066,-1.732,8.0245,-2.383,74.9151,-2.1404,8.4371,-1.9746,28.296,-2.3872,8.0634,-1.7278,28.3827,labels
428,200,205.0697,20,test,False,-1.1186,2.3623,-0.6262,-1.7527,697.5572,3.39,-17.208,5.323,964.3187,2.9454,-7.2883,-1.1696,28.9089,labels
299,200,205.1108,18,train,False,-0.4202,-3.1153,-1.5829,-0.9997,780.6563,-3.5075,-6.2874,-0.6075,308.6289,-3.6047,-8.4461,-0.5103,92.6246,labels
270,200,205.1131,10,train,False,-0.8438,-3.8318,2.8486,-0.2832,1040.3074,-2.6843,-15.123,3.238,760.6356,-2.6744,-7.7386,-1.4406,62.913,labels
166,200,205.3624,17,train,False,-1.8152,2.8055,7.193,-1.3095,141.5658,2.9803,5.8821,-1.1347,68.056,2.5469,7.5364,-1.5681,168.3897,labels
390,200,205.4153,12,test,False,-2.1859,-0.3119,1.6564,-3.8031,845.862,-0.385,1.2588,-3.73,805.4324,-1.7373,-8.2287,-2.3777,159.4124,labels
80,200,205.4902,17,test,False,-3.8085,-0.0815,6.0133,-4.0335,91.1777,-0.3172,6.1975,-3.7978,69.9448,-0.3318,6.4023,-3.7832,49.5157,labels
112,200,205.601,15,train,False,-2.1298,-1.0166,0.1939,-3.0984,788.8983,-0.5114,3.4941,-3.6036,1122.6633,-1.7507,-7.9046,-2.3643,35.7012,labels
395,200,205.7705,19,test,False,-1.3242,1.903,6.3276,-2.212,91.7981,3.0336,6.3466,-1.0814,32.3811,2.7904,6.0674,-1.3246,49.3427,labels
164,200,206.1337,26,train,False,-1.8387,-2.4753,10.8867,-0.9983,276.1546,-2.42,9.659,-1.695,153.3403,-2.3295,10.1516,-1.7334,201.9896,labels
402,200,206.183,17,test,False,-2.6479,1.8727,5.1618,-2.2423,45.152,1.7259,4.8077,-2.3891,60.9996,1.4637,5.4789,-2.6513,11.8847,labels
247,200,206.2745,6,train,False,-0.4054,-1.956,5.9643,-0.4357,218.8446,-3.3672,4.7412,-0.7478,35.3099,-3.4916,5.9759,-0.4241,133.8715,labels
159,200,206.3774,22,train,False,-1.2743,2.3883,-0.9198,-1.7267,753.1608,2.7256,-5.3122,-1.3894,312.7789,2.8652,-7.7413,-1.2498,69.6977,labels
184,200,206.5224,39,train,False,-2.2096,-1.9709,0.3129,-2.1441,653.4487,-1.721,-8.5256,-2.394,231.1674,-1.6468,-5.6447,-2.4682,63.1929,labels
297,200,206.5272,18,train,False,-1.599,-1.7235,-0.6913,-2.3915,821.0481,-2.1686,-4.6214,-1.9464,425.6204,-2.7016,-7.3371,-1.4134,153.7566,labels
358,200,206.5786,28,test,False,-2.2134,-2.0931,3.1061,-2.0219,805.3243,-1.8137,-6.3214,-2.3013,137.9377,-1.8303,-8.9058,-2.2847,396.154,labels
414,200,206.7382,16,test,False,-2.44,-1.3261,-0.2463,-2.7889,693.1368,-1.7943,-13.8557,1.9707,668.7888,-1.5749,-7.6529,-2.5401,49.4275,labels
379,200,206.9272,5,test,False,-0.451,-0.0173,3.2416,0.0173,132.8972,0.9577,3.6367,-0.9577,98.8439,1.0569,4.5059,-1.0569,60.6267,labels
10,200,207.2357,6,train,False,-1.368,-0.3594,4.3663,-0.3594,124.7371,-0.9927,3.8884,-0.9927,45.4289,-0.8876,4.7144,-0.8876,118.3982,labels
4,200,207.2515,12,train,False,-0.2068,3.2073,0.9754,-0.9077,884.3529,4.2209,-11.2082,0.1059,338.2411,3.7787,-8.063,-0.3363,25.766,labels
418,200,207.441,14,test,False,-1.57,1.0918,0.962,-3.0232,632.7026,4.5248,-17.1183,5.2333,1208.5673,3.436,-7.7159,-0.679,267.2865,labels
76,200,207.4932,26,test,True,0.2631,-4.2925,0.5027,0.1775,157.8764,-4.3133,-0.0307,0.1983,104.5109,-4.2493,4.1373,0.1343,521.2623,labels
172,200,207.4964,5,train,False,-0.1615,0.3946,3.8762,0.3946,147.3684,0.6268,2.8588,0.6268,250.913,0.1928,5.6826,0.1928,56.6244,labels
416,200,207.6834,14,test,False,-3.9656,0.9574,0.9635,-3.1576,730.5639,0.6898,-0.5272,-3.4252,579.1689,-0.0294,-6.7532,-4.0856,50.9689,labels
162,200,207.8049,14,train,False,-1.2172,3.5663,8.4197,-0.5487,67.3433,3.2128,9.0085,-0.9022,74.0281,3.0142,8.8554,-1.1008,52.9707,labels
37,200,208.0368,13,train,False,-1.8628,1.5525,7.0347,-2.5625,71.8021,1.9988,7.1462,-2.1162,37.2371,2.1521,7.2509,-1.9629,39.0565,labels
423,200,208.264,15,test,False,-3.0515,-1.8071,0.8802,-2.3079,724.9353,-1.389,-4.1918,-2.726,216.3795,-1.1995,-8.1497,-2.9155,182.3812,labels
396,200,208.2665,19,test,False,-3.8379,0.2983,-1.3873,-3.8167,582.7402,1.8144,7.2158,-2.3006,1455.3083,-0.4692,-5.7982,-3.6458,140.1261,labels
343,200,208.3768,31,train,False,-0.0242,-3.5428,15.0378,3.1528,366.6882,-3.9193,11.0502,-0.1957,40.0539,-3.7389,9.4173,-0.3761,202.5623,labels
242,200,208.3908,4,train,False,-0.4477,1.361,4.5805,-1.361,230.6382,3.3516,4.1487,-0.7634,53.558,3.3963,5.1799,-0.7187,65.7019,labels
437,200,208.4429,5,test,True,0.0217,0.632,3.2226,0.632,245.5447,0.3831,4.154,0.3831,149.1525,0.2077,5.8924,0.2077,34.568,labels
443,200,208.5086,15,test,False,-0.2851,-2.4563,7.2661,-1.6587,179.4047,-4.0207,7.9931,-0.0943,46.7702,-3.7613,7.0606,-0.3537,136.1323,labels
378,200,208.5398,14,test,False,-0.6224,-1.6718,-0.4255,-2.4432,828.9996,-1.714,-0.6959,-2.401,801.6931,-3.2427,-6.8191,-0.8723,171.2271,labels
260,200,208.6166,29,train,False,-3.9489,-0.9509,-0.4832,-3.1641,735.5175,0.5444,-11.4786,-0.4064,374.4667,0.861,-6.3565,-3.254,155.9879,labels
261,200,208.6486,11,train,False,-1.6415,-1.7469,7.6683,-2.3681,91.2786,-2.2758,7.8119,-1.8392,72.3594,-2.3557,8.0415,-1.7593,93.3133,labels
72,200,208.7805,13,test,False,-3.0509,1.3652,5.2319,-2.7498,149.7397,0.9836,6.0202,-3.1314,68.3273,0.8187,5.7603,-3.2963,97.0001,labels
150,200,208.7912,7,train,False,-0.0335,-0.1112,6.5861,6.5861,1296.5905,-0.4459,14.69,14.69,2107.6723,0.3208,-4.9454,-0.3208,142.953,labels
331,200,209.1386,10,train,False,-0.9293,-2.8927,4.3659,-1.2223,64.4705,-2.9695,5.2886,-1.1455,41.0053,-3.0105,5.6409,-1.1045,72.2223,labels
108,200,209.271,26,train,False,-2.2486,-1.4571,-2.0319,-2.6579,532.9377,-0.413,7.0368,-3.702,1445.5638,-1.6125,-7.3138,-2.5025,25.5804,labels
286,200,209.2973,15,train,False,-3.2782,0.1448,6.9937,-3.9702,71.5888,0.4023,7.3398,-3.7127,46.3941,0.9613,7.5395,-3.1537,38.3291,labels
339,200,209.4085,15,train,False,-1.3909,3.3911,7.7196,-0.7239,128.4501,2.7921,5.7334,-1.3229,89.1052,2.6818,7.3624,-1.4332,74.1748,labels
35,200,209.4631,11,train,False,-2.3911,-0.3514,5.3408,-3.7636,139.5163,0.3135,4.428,-3.8015,234.6195,-1.3032,5.5341,-2.8118,42.4635,labels
284,200,209.505,16,train,False,-2.5217,0.6639,7.3838,-3.4511,98.2012,1.303,7.8659,-2.812,33.3931,1.7524,7.329,-2.3626,40.4465,labels
6,200,209.6812,11,train,False,-0.3611,3.5451,-3.4025,-0.5699,625.7294,3.4,-0.5825,-0.715,908.0749,3.7238,-5.0024,-0.3912,465.397,labels
411,200,209.8551,26,test,False,-1.9606,-2.1709,4.9554,-1.9441,143.2726,-2.0162,3.0382,-2.0988,50.3885,-2.0445,4.279,-2.0705,76.4126,labels
296,200,210.094,23,train,False,-1.3433,2.2613,12.6623,0.7773,241.6103,3.0162,9.094,-1.0988,123.1221,3.0247,10.0181,-1.0903,37.9393,labels
263,200,210.3744,11,train,False,-1.3515,-2.3866,7.9501,-1.7284,44.2112,-2.7348,6.9674,-1.3802,75.2174,-2.8526,8.3585,-1.2624,64.5667,labels
354,200,210.4165,29,train,True,0.988,4.8811,0.1805,0.7661,615.8656,5.0051,-14.1187,2.2337,814.5131,2.9519,-7.1776,-1.1631,246.4855,labels
363,200,210.4889,17,test,False,-2.9275,-1.628,0.8367,-2.487,742.0227,-1.0364,-8.1756,-3.0786,161.2259,-1.0179,-8.0683,-3.0971,150.747,labels
372,200,210.5987,9,test,False,-1.1168,-1.0637,5.9523,-0.4477,104.1701,-1.8297,3.7297,-1.8297,155.3837,-1.5886,5.7664,-0.6336,55.5166,labels
114,200,210.6289,16,train,False,-1.8331,-1.4557,-0.5488,-2.6593,828.9269,-1.1751,1.7652,-2.9399,1061.9816,-1.9191,-8.5494,-2.1959,43.913,labels
438,200,210.7865,9,test,False,-1.5626,0.6052,4.7647,4.7647,938.5254,1.5105,-7.6515,1.2515,308.0291,1.1836,-6.2967,-0.1033,176.6259,labels
111,200,210.9955,9,train,False,-1.3446,1.6258,5.4634,-0.9366,65.9612,1.4156,5.1421,-1.2579,73.3687,2.0096,5.7947,-0.6053,75.1407,labels
237,200,211.0161,4,train,False,-0.3174,1.6257,4.7896,-1.6104,217.7752,3.474,4.3797,-0.641,65.5588,3.5442,5.3095,-0.5708,43.9957,labels
56,200,211.2418,21,test,False,-2.0455,-2.2669,-1.8461,-1.8481,594.2156,-2.2281,-2.4826,-1.8869,530.4768,-2.1131,-7.1904,-2.0019,59.6175,labels
310,200,211.4548,4,train,False,-0.751,0.678,2.7866,-0.678,350.7343,2.1824,4.1084,-1.9326,162.6855,2.8945,5.7871,-0.6129,23.4539,labels
97,200,211.6078,13,train,False,-1.6004,-1.334,7.8581,-2.781,130.214,-2.2767,8.2738,-1.8383,27.2894,-2.4993,7.3661,-1.6157,104.149,labels
127,200,211.6379,19,train,False,-1.4451,-2.4749,2.6948,-1.6401,629.6771,-2.3564,-26.9598,15.0748,2336.3011,-2.5713,-9.5213,-1.5437,592.3257,labels
413,200,211.8919,7,test,False,-0.3932,0.2035,4.1131,-0.2035,190.6183,1.6145,3.2742,-1.6145,298.176,1.0155,5.3725,-1.0155,86.9143,labels
136,200,211.8974,18,train,False,-2.207,2.3361,9.9972,-1.7789,66.3509,2.0099,8.4543,-2.1051,104.104,1.7109,9.3516,-2.4041,24.0998,labels
68,200,211.9298,26,test,False,-2.4544,-1.3458,-5.4659,-2.7692,397.0223,-1.8091,4.1964,-2.3059,1364.3563,-1.1425,-6.0754,-2.9725,335.5231,labels
49,200,211.9298,17,test,False,-1.9144,-2.1327,7.3822,-1.9823,78.0753,-2.1022,7.6007,-2.0128,56.7876,-2.0605,7.496,-2.0545,67.8599,labels
39,200,212.1437,14,train,False,-2.091,1.1425,6.7265,-2.9725,89.8154,2.0034,6.5448,-2.1116,35.4207,2.0886,6.3643,-2.0264,53.8013,labels
360,200,212.1692,17,test,False,-1.4209,-2.3643,0.2662,-1.7507,799.9593,-2.8164,-8.1645,-1.2986,45.4656,-2.728,-8.6872,-1.387,96.118,labels
369,200,212.2864,16,test,False,-1.4469,1.8247,-1.3908,-2.2903,829.9501,2.7094,-10.0674,-1.4056,42.2065,2.6323,-8.0289,-1.4827,161.8883,labels
75,200,212.6038,10,test,False,-3.7093,-1.4653,7.8852,-2.6497,686.0279,-0.6845,5.0222,-3.4305,389.2997,0.8805,-2.3721,-3.2345,368.7789,labels
348,200,212.6565,9,train,False,-1.8374,-1.9587,1.3817,-2.1563,1032.6588,-2.1471,-36.9555,25.0705,2801.5906,-2.0357,-7.7663,-2.0793,119.8295,labels
398,200,212.8579,8,test,False,-0.6297,2.2888,5.1567,-1.2433,128.8924,2.5197,5.3797,-1.0203,99.9084,2.8621,5.4435,-0.9565,65.2272,labels
383,200,213.0598,17,test,False,-2.0572,-0.8221,10.0046,-1.8804,153.8624,-1.6454,9.7057,-2.1793,74.2824,-1.8625,8.6486,-2.2525,48.0794,labels
168,200,213.1836,24,train,False,-1.4069,-1.8595,13.2834,1.3984,309.3617,-2.3293,9.101,-1.7857,126.5527,-2.5674,9.5478,-1.5476,77.3514,labels
51,200,213.2135,28,test,False,-0.8455,-3.0312,8.6673,-1.0838,105.8172,-0.2873,-2.1921,-3.8277,1027.0906,-2.7516,8.2727,-1.3634,82.0563,labels
104,200,213.3011,4,train,False,-0.3456,-1.1932,2.5047,-1.1932,374.2273,-6.1591,5.3768,2.0441,239.4848,-4.3777,5.5672,0.2627,70.0913,labels
65,200,213.3333,20,test,False,-3.0207,-1.4743,5.9959,-2.6407,59.0665,-1.1722,6.1168,-2.9428,34.0332,-1.0484,5.586,-3.0666,86.3327,labels
45,200,213.3333,24,train,False,-2.3769,1.6603,10.1092,-1.7758,109.1094,1.4918,9.801,-2.084,81.8021,1.7836,9.8477,-2.0373,82.8029,labels
240,200,213.3333,34,train,False,-2.5348,-0.376,13.486,1.601,414.7346,-0.2534,8.5125,-3.3725,85.8107,-0.3332,10.9807,-0.9043,165.213,labels
264,200,213.4843,4,train,False,-0.9719,-0.4748,5.271,0.4748,171.1307,0.5929,5.118,-0.5929,70.7978,1.7423,6.0304,-0.3696,79.1168,labels
94,200,213.5393,12,train,False,-2.6323,-0.3488,0.8628,-3.7662,696.764,3.6103,-16.0911,4.2061,1045.0134,2.2938,-7.5252,-1.8212,185.2382,labels
349,200,213.6228,4,train,False,-0.5773,-1.6501,4.7581,-1.6419,200.299,-3.2136,4.9433,-0.9014,58.3358,-3.043,5.0361,-1.072,63.1356,labels
153,200,213.7577,16,train,False,-1.5338,1.4137,-2.5305,-2.7013,591.1445,1.3476,-2.3508,-2.7674,610.0717,1.8813,-4.9592,-2.2337,343.8255,labels
71,200,213.7721,19,test,False,-0.7569,-2.8274,-1.7563,-1.2876,634.4215,-3.1384,-5.7314,-0.9766,235.7115,-3.2375,-6.9392,-0.8775,114.5423,labels
11,200,214.1313,27,train,False,-1.5572,-0.7165,-4.1894,-3.3985,614.7901,-0.8556,-1.3184,-3.2594,902.222,-0.6042,-5.821,-3.5108,451.2679,labels
370,200,214.3448,14,test,False,-2.303,2.3051,5.5799,-1.8099,67.1671,2.1511,5.9115,-1.9639,36.1256,1.8918,6.0157,-2.2232,8.2345,labels
24,200,214.4782,4,train,False,-0.5836,1.3452,3.8255,-1.3452,244.7983,2.1996,4.6205,-1.7795,132.4792,2.6493,5.2168,-1.1832,61.155,labels
148,200,214.4893,20,train,False,-2.4449,2.279,10.0842,-1.8008,112.3109,2.0867,10.162,-1.723,110.3206,1.9389,9.1933,-2.1761,27.4014,labels
321,200,214.5248,20,train,False,-2.1856,-2.5308,0.2333,-1.5842,881.6328,-1.256,-19.7404,7.8554,1119.8228,-1.9041,-8.1618,-2.2109,40.1498,labels
250,200,214.5324,18,train,False,-2.8849,0.6347,9.0745,-2.8105,279.7545,1.0876,8.3263,-3.0274,199.039,1.3453,8.2906,-2.7697,195.297,labels
124,200,214.8843,25,train,False,-3.7463,0.8557,5.9809,-3.2593,64.3109,0.4617,5.7043,-3.6533,17.0898,0.2159,6.0723,-3.8991,53.3692,labels
440,200,214.902,19,test,False,-2.2635,-2.3443,1.7505,-1.7707,690.17,-1.6542,-5.8632,-2.4608,75.5826,-1.7279,-7.7516,-2.3871,262.0993,labels
78,200,215.1598,18,test,False,-2.6022,1.95,5.5068,-2.165,50.7259,2.8157,2.077,-1.2993,391.0402,1.8103,5.5831,-2.3047,34.8124,labels
87,200,215.1724,23,test,False,-1.6365,-2.7544,1.6369,-1.3606,172.2477,-3.2573,1.4698,-0.8577,171.9633,0.5925,4.5103,-3.5225,550.8958,labels
356,200,215.3366,7,test,False,-0.3354,2.2344,6.9091,6.9091,1298.5426,3.6311,-6.5832,0.1832,61.7315,3.4896,-5.7361,-0.6254,38.1514,labels
55,200,215.5556,25,test,False,-2.4284,-1.0331,9.4892,-2.3958,87.8699,-1.2489,9.3187,-2.5663,60.4466,-1.2293,8.9888,-2.8857,46.5542,labels
323,200,215.6231,11,train,False,-0.2922,-2.3525,2.1472,-1.7625,937.2199,-4.2533,-9.5229,0.1383,245.2035,-4.018,-8.8316,-0.097,173.3679,labels
387,200,215.641,14,test,False,-0.6988,3.7314,7.2381,-0.3836,123.7536,3.8318,6.7355,-0.2832,174.9387,3.4464,7.2117,-0.6686,122.3408,labels
278,200,215.698,17,train,False,-1.7017,2.0859,10.1121,-1.7729,136.9435,2.366,8.851,-1.749,8.3387,2.3361,8.6906,-1.7789,11.9968,labels
98,200,215.7192,15,train,False,-2.0548,0.6852,2.5407,-3.4298,811.5062,1.7802,-3.6227,-2.3348,185.5556,1.5521,-6.5879,-2.5629,123.9765,labels
135,200,215.7265,17,train,False,-1.3883,2.7514,-4.8725,-1.3636,365.9685,2.6896,-6.3927,-1.4254,213.97,2.5771,-7.4396,-1.5379,110.2655,labels
176,200,215.7288,27,train,False,-2.3953,1.4601,-1.3405,-2.6549,646.394,1.4399,-0.2035,-2.6751,760.0921,1.6244,-5.8502,-2.4906,195.1356,labels
115,200,215.7669,13,train,False,-2.091,0.8705,5.7586,-3.2445,148.9625,0.4216,4.8879,-3.6934,241.9845,2.0058,6.5457,-2.1092,15.6542,labels
365,200,216.1163,18,test,False,-2.7103,-0.727,-0.1816,-3.388,813.6935,-1.278,-6.2772,-2.837,201.7067,-1.4424,-6.2847,-2.6726,200.6007,labels
25,200,216.2159,23,train,False,-3.0333,-0.4889,-1.6504,-3.6261,625.1982,0.3533,4.8228,-3.7617,1277.791,-1.1058,-7.2129,-3.0092,66.1823,labels
109,200,216.2735,13,train,False,-0.7279,-3.3187,7.3426,-0.7963,135.2097,-3.3113,8.3993,-0.8037,30.3317,-3.3402,7.3669,-0.7748,132.6873,labels
275,200,216.2963,13,train,False,-0.06,4.4567,8.8696,0.3417,77.5505,4.3273,9.1633,0.2123,99.5073,3.9577,8.9397,-0.1573,73.9915,labels
289,200,216.331,5,train,True,0.3356,-0.1279,3.955,0.1279,287.9642,0.1642,4.5779,-0.1642,220.5436,1.0331,5.9393,-0.4607,89.6618,labels
271,200,216.4907,6,train,False,-0.9196,0.377,5.6589,-0.377,70.9576,1.1218,5.861,-0.539,68.9665,1.411,6.2423,-0.1577,115.0784,labels
309,200,216.5608,6,train,False,-2.2092,-1.8408,2.9213,-2.2742,277.6572,-1.8265,4.3288,-2.2885,418.4052,-1.6741,-0.4391,-2.4409,62.8887,labels
142,200,216.5945,16,train,False,-1.0698,-3.1951,9.9929,-0.9199,86.2988,-3.1734,10.0011,-0.9416,84.8839,-2.8792,10.2173,-1.2358,60.0383,labels
306,200,216.5967,19,train,False,-0.4536,2.7168,4.6236,-1.3982,795.8777,4.3579,-18.3934,6.5084,1513.048,3.9286,-7.675,-0.1864,440.4102,labels
262,200,216.7761,38,train,False,-2.9389,-1.7729,1.0485,-2.3421,565.1314,-4.7364,18.6183,6.7333,2346.1193,-1.6184,-3.0079,-2.4966,162.4601,labels
7,200,216.8306,6,train,False,-0.1999,0.5269,4.7799,0.5269,80.0109,0.3248,4.6654,0.3248,56.8994,0.3615,5.4295,0.3615,113.3189,labels
103,200,216.9297,4,train,True,0.124,1.0439,2.904,1.0439,272.2063,0.8627,3.3478,0.8627,224.3227,0.2892,5.2789,0.2892,24.956,labels
147,200,217.0136,12,train,False,-1.0175,1.9683,0.7108,-2.1467,891.0812,2.6039,-3.7692,-1.5111,438.6872,2.5849,-7.3104,-1.5301,96.5159,labels
330,200,217.2597,14,train,False,-3.6771,0.4499,1.5167,-3.6651,906.7721,0.3408,0.7866,-3.7742,833.0578,-0.4447,-8.5097,-3.3753,100.2264,labels
420,200,217.3041,33,test,False,-3.8904,0.1258,-0.5723,-3.9892,638.4526,-0.0577,-7.5945,-4.0573,66.8482,-0.0705,-6.6555,-4.0445,32.9943,labels
27,200,217.315,4,train,False,-0.4833,-0.2661,3.1459,0.2661,184.1175,1.0405,3.834,-1.0405,113.933,1.5827,5.2122,-1.1878,116.4747,labels
79,200,217.4671,16,test,False,-3.3649,0.8915,0.9028,-3.2235,615.5815,0.889,1.0718,-3.226,632.475,0.6763,-6.8357,-3.4387,158.5967,labels
117,200,217.5599,20,train,False,-2.8546,0.0544,10.2651,-1.6199,141.3594,0.1179,10.2639,-1.6211,138.2794,0.3774,9.2853,-2.5997,44.5504,labels
15,200,217.586,17,train,False,-1.9423,1.2453,10.7804,-1.1046,163.4155,1.9873,10.3353,-1.5497,91.9312,2.3797,9.7842,-1.7353,40.606,labels
347,200,217.6499,26,train,False,-3.4437,-0.2655,14.9536,3.0686,851.2676,-0.4009,1.662,-3.7141,479.6215,-0.4234,9.2256,-2.6594,278.6086,labels
66,200,217.7809,12,test,False,-2.2017,1.3641,0.0471,-2.7509,724.1869,1.575,-2.8962,-2.54,429.1055,1.6159,-6.9783,-2.4991,35.5942,labels
129,200,217.8899,19,train,False,-1.2323,-3.3291,4.1694,-0.7859,171.2533,-2.1783,-2.063,-1.9367,463.2912,-2.323,5.8289,-1.792,335.9781,labels
138,200,217.9332,18,train,False,-1.3735,1.9042,9.8235,-2.0615,85.6498,2.2013,10.2538,-1.6312,33.4384,2.3587,9.4424,-1.7563,107.056,labels
375,200,218.1847,8,test,False,-1.2555,1.7796,4.5799,-1.7796,108.9227,2.837,4.9369,-1.278,49.9941,2.9918,4.8308,-1.1232,41.4973,labels
33,200,218.4189,13,train,False,-2.366,-1.9029,7.4081,-2.2121,18.6934,-1.9139,7.8634,-2.2011,38.6124,-1.8767,7.7399,-2.2383,25.9296,labels
149,200,218.4549,13,train,False,-1.0949,-2.0341,-1.5488,-2.0809,912.7983,-4.078,-30.4441,18.5591,1984.888,-3.8498,-8.592,-0.2652,219.429,labels
9,200,218.4615,17,train,False,-0.0442,-4.1112,11.6331,-0.0038,93.2347,-4.0341,11.7141,-0.0809,101.3141,-3.7823,10.4925,-0.3327,35.631,labels
268,200,218.6112,6,train,False,-0.8198,1.2747,11.5072,11.5072,1640.654,4.6018,-22.3683,15.9683,1764.2398,3.3508,-5.2411,-0.7642,47.0034,labels
113,200,218.6667,18,train,False,-1.2468,1.4661,11.335,-0.55,104.2991,1.5693,11.4563,-0.4287,105.9301,1.8337,10.1561,-1.7289,63.1884,labels
257,200,218.7637,19,train,False,-2.4163,2.3907,6.3299,-1.7243,195.8791,1.9256,5.8995,-2.1894,142.0307,1.7119,5.8521,-2.4031,135.4792,labels
415,200,218.8864,12,test,False,-1.5115,1.4239,4.9849,-2.6911,186.8487,1.6388,5.3827,-2.4762,142.6856,2.4253,5.9107,-1.6897,55.2754,labels
432,200,218.8889,7,test,False,-0.1622,-2.3055,4.5357,-1.8095,216.5796,-5.0164,5.1312,0.9014,133.7193,-4.392,5.9073,0.277,44.0556,labels
436,200,218.9421,16,test,False,-0.8772,3.5652,10.4655,-0.5498,79.0779,3.5396,10.4643,-0.5754,77.3201,3.3421,9.9771,-0.7729,108.929,labels
259,200,218.9882,7,train,False,-0.6235,-1.7231,5.9059,-0.4941,202.7448,-4.7044,1.7494,0.5894,338.9323,-3.8599,5.8681,-0.2551,102.2532,labels
351,200,218.9897,28,train,False,-0.4182,3.6276,4.9102,-0.4874,756.953,3.657,1.6779,-0.458,433.714,3.6573,-6.9356,-0.4577,427.6709,labels
374,200,219.0769,32,test,False,-1.651,1.6746,12.4513,0.5663,225.4777,2.0263,9.9086,-1.9764,33.0524,1.9549,8.8363,-2.1601,140.3634,labels
232,200,219.1291,22,train,False,-1.9816,3.2431,2.5471,-0.8719,747.6845,3.1741,1.8635,-0.9409,679.0609,1.4514,-7.4181,-2.6636,266.0084,labels
422,200,219.1753,5,test,False,-1.3157,-0.4003,2.9574,-0.4003,253.2905,-0.971,3.8979,-0.971,143.3594,-1.2123,5.3527,-1.0473,62.4119,labels
325,200,219.2221,7,train,False,-0.825,2.2988,6.6085,0.2085,169.4025,2.7474,6.5588,0.1588,143.0964,3.0768,7.1,0.7,187.7447,labels
435,200,219.2475,9,test,False,-1.4621,0.7968,4.5795,4.5795,961.0681,0.8611,3.5522,3.5522,858.4757,1.1584,-4.6497,-1.1584,101.556,labels
272,200,219.2665,22,train,False,-2.3359,-1.5482,3.6561,-2.5668,989.2563,-1.7754,-12.5078,0.6228,627.4032,-1.7352,-7.9261,-2.3798,169.283,labels
425,200,219.3258,7,test,False,-0.3307,2.8741,3.8788,-1.2409,117.1754,2.4152,2.8928,-1.6998,220.1493,3.3701,5.7401,-0.6599,119.7323,labels
119,200,219.3569,18,train,False,-1.917,1.0428,8.8115,-3.0722,117.265,1.7596,8.9635,-2.3554,44.1229,2.2965,8.3536,-1.8185,66.6711,labels
401,200,219.5686,12,test,False,-1.5433,2.6246,2.2854,-1.4904,914.575,2.3465,-9.8383,-1.7685,298.6609,2.3193,-8.2733,-1.7957,143.5489,labels
408,200,219.599,15,test,False,-3.3908,-0.4058,-0.2829,-3.7092,747.5462,-0.7251,-6.6872,-3.3899,106.4291,-0.7755,-7.532,-3.3395,22.5451,labels
313,200,219.6239,13,train,False,-0.1455,4.5497,9.9585,0.4347,61.1887,4.5064,9.9739,0.3914,57.6495,4.1576,10.2509,0.0426,52.1936,labels
248,200,219.7206,5,train,False,-0.4042,-1.587,5.8122,-0.5878,231.5004,-3.2971,5.3078,-0.8179,58.7336,-3.2179,6.5289,0.1289,171.0493,labels
13,200,219.7654,4,train,False,-0.0647,1.3513,3.6854,-1.3513,349.7162,1.5851,3.8231,-1.5851,324.1402,2.6135,5.466,-0.934,134.0103,labels
254,200,219.7962,20,train,False,-1.6787,-1.8759,11.6306,-0.2544,402.8226,-2.3044,7.4881,-1.8106,20.2376,-2.5602,10.5929,-1.2921,295.3897,labels
276,200,219.9151,8,train,False,-0.6268,-0.7364,5.2521,-0.7364,138.6766,-4.0817,-0.1282,0.1282,625.0689,-2.9986,5.5149,-0.8851,101.0643,labels
307,200,220.1761,28,train,False,-1.9976,2.2762,11.4871,-0.3979,192.003,1.8881,10.6788,-1.2062,103.9335,1.2921,9.6073,-2.2777,29.0645,labels
364,200,220.3733,27,test,False,-1.0375,2.3437,12.1668,0.2818,132.663,2.2035,12.108,0.223,129.1166,2.1698,9.8376,-1.9452,105.7489,labels
439,200,220.5364,15,test,False,-1.3093,-1.6471,9.5709,-2.3141,134.9082,-1.8166,9.8953,-1.9897,105.4909,-2.1065,9.2778,-2.0085,120.7284,labels
256,200,220.5765,4,train,False,-2.3034,-0.0681,14.3316,2.4466,1969.0362,-0.4389,18.2278,6.3428,2360.4214,1.8476,-6.242,-2.2674,97.3782,labels
361,200,220.6403,6,test,False,-0.4442,1.7801,8.1964,8.1964,1393.4309,2.3835,2.5229,2.5229,823.3195,2.4366,-5.3692,-1.0308,125.7279,labels
141,200,220.8677,14,train,False,-1.9527,-1.4047,0.713,-2.7103,852.208,-1.7351,-1.2085,-2.3799,658.067,-1.95,-8.831,-2.165,107.6773,labels
441,200,221.2132,10,test,False,-1.9571,-2.007,3.9813,-2.108,182.8082,-2.1763,5.868,-1.9387,6.7412,-2.1288,5.7788,-1.9862,3.7969,labels
243,200,221.2276,4,train,False,-0.3979,-0.8588,4.8968,-0.8588,303.5903,-3.555,3.913,-0.56,16.6837,-3.2026,5.5816,-0.8184,178.3883,labels
388,200,221.2303,54,test,True,0.2766,-3.6477,-3.8408,-0.4673,832.0832,-3.4266,-11.6293,-0.2557,57.772,-4.1498,-7.527,0.0348,466.1369,labels
156,200,221.3462,21,train,False,-3.435,0.8841,8.372,-3.2309,25.344,0.888,8.3952,-3.227,25.1114,0.6409,7.7999,-3.4741,65.0039,labels
294,200,221.4931,15,train,False,-1.7739,1.2829,8.3479,-2.8321,105.9583,1.5596,8.5523,-2.5554,79.5943,2.1894,8.3817,-1.9256,15.3001,labels
1,200,221.6649,17,train,False,-0.8979,2.2464,10.7624,-1.1226,236.8274,2.5087,10.4982,-1.3868,202.3996,2.8681,10.0704,-1.2469,150.9066,labels
152,200,221.9608,17,train,False,-1.3308,3.2747,-2.754,-0.8403,782.3952,2.7887,-9.359,-1.3263,120.1561,2.7387,-7.1933,-1.3763,336.1677,labels
158,200,222.1077,20,train,False,-2.0011,-2.4158,9.067,-1.6992,42.2509,-2.1674,8.9801,-1.9476,21.5436,-2.1474,8.8846,-1.9676,11.7962,labels
277,200,222.381,15,train,False,-2.5345,-2.2198,4.1224,-1.8952,934.0791,-1.4788,-3.5531,-2.6362,164.6582,-1.3376,-6.5499,-2.7774,137.5007,labels
335,200,223.0378,12,train,False,-2.7704,-1.77,8.4292,-2.345,85.0408,-2.1639,6.0056,-1.9511,323.5897,-1.3769,8.9909,-2.7381,16.5787,labels
409,200,223.3484,14,test,False,-0.8746,-2.9748,6.098,-1.1402,77.6271,-2.9962,6.4169,-1.1188,47.7611,-3.0154,6.5615,-1.0996,34.8379,labels
394,200,223.4691,17,test,False,-2.6282,-0.8286,2.0451,-3.2864,824.829,-1.5208,-7.4163,-2.5942,123.9848,-1.7283,-7.3535,-2.3867,120.1169,labels
88,200,223.619,20,test,False,-3.4191,1.5996,7.1088,-2.5154,95.406,1.5817,7.1625,-2.5333,95.6022,1.057,6.2004,-3.058,70.2373,labels
251,200,223.6194,15,train,False,-1.2048,-1.642,-1.5302,-2.473,917.3804,-2.5719,-13.2886,1.4036,262.2256,-2.412,-8.7024,-1.703,198.0855,labels
245,200,223.6398,7,train,False,-1.3927,2.4796,6.2176,-1.6354,64.2176,2.4481,6.9861,-1.6669,32.4651,2.8087,8.6492,-1.3063,183.9097,labels
282,200,223.936,17,train,False,-2.1518,0.6912,8.9137,-2.9713,128.7984,1.6192,9.2882,-2.4958,38.4965,1.982,9.2306,-2.133,11.663,labels
107,200,224.1176,13,train,False,-1.4218,3.2287,4.1684,-0.8863,83.6492,2.8003,4.6895,-1.3147,16.1951,2.3028,4.0384,-1.8122,86.5549,labels
81,200,224.2793,26,test,False,-0.6055,-1.8048,-4.7361,-2.3102,654.3381,-1.7712,-5.6745,-2.3438,560.5148,-1.7678,-7.3483,-2.3472,393.139,labels
273,200,224.2904,10,train,False,-1.694,0.7003,6.0416,-3.4147,194.6295,3.2419,5.7615,-0.8731,144.5477,2.4459,6.8045,-1.6691,14.8888,labels
442,200,224.6989,19,test,False,-1.7838,1.4252,-0.9982,-2.6898,753.5027,2.6494,-13.7132,1.8282,524.4224,2.5983,-7.7195,-1.5167,80.4724,labels
288,200,224.7835,20,train,False,-0.9778,1.9785,9.4115,-2.1365,173.6919,2.9751,8.1964,-1.1399,18.027,3.0437,8.6417,-1.0713,53.2366,labels
92,200,224.9587,11,train,False,-1.2641,3.1707,-0.2526,-0.9443,944.346,2.6255,-16.3217,4.4367,663.4906,2.8179,-9.8344,-1.2971,14.7487,labels
424,200,225.098,12,test,False,-1.6286,-2.1409,4.9482,-1.9741,187.4802,-2.6797,6.3581,-1.4353,47.4,-2.715,6.2476,-1.4,58.9359,labels
3,200,225.1096,16,train,False,-3.9708,0.7593,8.8721,-3.0129,187.7263,0.4285,6.7983,-3.6865,41.348,0.3976,8.2012,-3.6838,113.1468,labels
235,200,225.1718,27,train,False,-2.9662,-0.0396,3.052,-4.0754,813.4143,-1.4312,-6.7177,-2.6838,173.4681,-1.9849,-5.1502,-2.1301,84.8386,labels
236,200,225.2079,11,train,False,-0.993,-3.4772,9.187,-0.6378,46.825,-3.2477,9.503,-0.8673,63.3631,-3.0476,9.6925,-1.0674,81.3934,labels
253,200,225.4431,13,train,False,-1.2897,2.9123,0.9809,-1.2027,996.4774,2.6986,-14.7664,2.8814,578.4251,2.9729,-8.3159,-1.1421,68.3704,labels
295,200,225.7121,12,train,False,-3.3033,0.4047,3.401,-3.7103,880.3822,-0.4285,-2.4657,-3.6865,287.8341,-1.0873,-8.4144,-3.0277,310.8234,labels
60,200,225.763,32,test,False,-0.6903,2.6003,-6.2987,-1.5147,489.608,2.5346,9.9484,-1.5804,2114.3326,2.6852,-6.0878,-1.4298,510.7318,labels
53,200,225.7658,25,test,True,0.6292,0.9861,13.5245,1.6395,110.699,1.2346,12.9127,1.0277,44.7618,1.3158,9.9514,-1.9336,256.5716,labels
91,200,225.8191,41,train,False,-2.0795,1.532,14.9509,3.0659,523.922,1.7701,12.4627,0.5777,273.9576,3.9621,9.7202,-0.1529,192.6735,labels
58,200,225.8739,13,test,False,-3.8231,0.8042,0.3686,-3.3108,709.6592,2.2528,7.7598,-1.8622,1462.5758,0.0639,-7.5831,-4.0511,100.5346,labels
386,200,225.9115,19,test,False,-1.442,1.4576,-0.0847,-2.6574,823.6362,3.6846,-18.6159,6.7309,1043.4205,2.9647,-6.1911,-1.1503,206.0514,labels
353,200,225.9795,8,train,False,-3.1108,2.3593,5.914,-1.7557,326.7474,3.5671,1.782,-0.5479,752.7354,0.8223,8.3109,-3.2927,46.5327,labels
319,200,226.1714,17,train,False,-2.5276,1.5647,1.2643,-2.5503,811.0518,1.5634,0.3035,-2.5516,714.9747,1.5295,-7.191,-2.5855,34.9613,labels
252,200,226.3835,16,train,False,-4.0841,-0.7728,6.2314,-3.3422,136.8006,0.1152,4.7435,-3.9998,39.0134,0.3707,6.7563,-3.7443,166.6904,labels
241,200,226.4737,14,train,False,-0.0,-3.876,-0.5902,-0.239,958.962,-4.1717,-11.3827,0.0567,120.7226,-4.0734,-8.3076,-0.0416,186.9689,labels
130,200,226.5313,17,train,False,-1.9145,2.2688,4.2485,-1.8462,11.3872,2.1988,4.2267,-1.9162,11.2979,1.8908,5.3748,-2.2242,108.0525,labels
279,200,226.5515,19,train,False,-1.863,-1.5974,-0.6414,-2.5176,878.1852,-1.9299,-3.7107,-2.1851,569.7235,-2.3854,-8.1525,-1.7296,125.3417,labels
345,200,226.6667,12,train,False,-2.1531,0.9264,7.7879,-3.1886,104.3497,1.1582,8.052,-2.9568,89.4795,1.7323,8.2595,-2.3827,64.3188,labels
389,200,226.7711,7,test,True,0.109,2.2954,5.6041,-0.7959,163.3261,3.3915,6.2001,-0.1999,40.609,3.5292,5.9264,-0.4736,59.5975,labels
171,200,226.8148,22,train,True,0.314,-4.651,3.2164,0.536,339.6728,-4.424,-1.0999,0.309,92.6818,-3.8615,-0.3042,-0.2535,58.2425,labels
93,200,226.9995,25,train,False,-0.921,-2.3629,4.632,-1.7521,88.3416,-3.0755,3.1946,-1.0395,114.4027,-3.153,4.7279,-0.962,39.7476,labels
40,200,227.0064,12,train,False,-2.0975,0.7641,9.3881,-2.4969,125.5018,0.8389,9.419,-2.466,117.9103,1.4613,9.7559,-2.1291,63.3947,labels
298,200,227.0632,18,train,False,-1.4873,0.2696,10.7439,-1.1411,93.3922,0.5652,10.9084,-0.9766,76.6697,0.9722,10.0054,-1.8796,42.5535,labels
255,200,227.2472,11,train,False,-0.2988,2.2138,4.2412,-1.9012,1156.7277,3.1836,-1.3075,-0.9314,594.0832,3.3521,-6.4152,-0.7629,92.4286,labels
320,200,227.4531,11,train,False,-2.1359,-0.7931,6.5113,-3.3219,125.1136,-1.5708,6.4208,-2.5442,63.702,-2.1079,6.5889,-2.0071,34.5631,labels
397,200,227.6036,15,test,False,-0.3238,-3.2019,8.1125,-0.9131,69.9388,-3.6809,5.9787,-0.4341,176.0672,-3.6493,7.9734,-0.4657,27.6665,labels
267,200,227.726,10,train,False,-0.7428,3.257,8.5168,-0.858,299.0982,3.2303,8.5318,-0.8847,300.7097,3.5557,1.5623,-0.5593,397.0015,labels
128,200,227.7333,11,train,False,-1.3054,1.1049,6.3283,-3.0101,205.5509,3.1199,7.7967,-0.9951,44.5749,3.1286,6.8207,-0.9864,72.946,labels
302,200,227.8054,12,train,False,-0.8418,-1.6763,0.8251,-2.4387,766.1293,-1.7788,0.2123,-2.3362,704.0599,-2.5536,-8.0096,-1.5614,152.2529,labels
346,200,227.9392,16,train,False,-0.9282,2.5562,-1.5225,-1.5588,944.2917,1.5646,-21.4429,9.5579,1050.2575,2.009,-9.3546,-2.106,160.8786,labels
132,200,227.9526,18,train,False,-0.823,-2.2245,10.52,-1.365,54.3796,-2.1767,10.8867,-0.9983,17.531,-2.0339,9.7512,-2.0811,131.9022,labels
47,200,228.1967,14,test,False,-2.3476,-1.0184,5.0652,-3.0966,145.7776,-1.6625,5.7054,-2.4525,61.9349,-1.6863,5.2111,-2.4287,110.7647,labels
134,200,228.3817,15,train,False,-1.4632,2.8535,9.0578,-1.2615,74.9741,2.8002,9.6459,-1.3148,20.0046,2.3771,8.5704,-1.7379,124.0345,labels
410,200,228.582,15,test,False,-2.1099,-2.7375,2.2131,-1.3775,687.2785,-2.0388,-5.3981,-2.0762,77.8259,-1.8504,-6.521,-2.2646,190.6649,labels
312,200,228.76,10,train,False,-1.9842,-1.54,5.5058,-2.575,236.923,-1.8938,7.0984,-2.2212,74.0759,-2.0018,6.6995,-2.1132,110.8199,labels
274,200,228.8196,26,train,False,-1.2357,4.1477,-1.5106,0.0327,878.9318,2.186,-14.6362,2.7512,448.2209,2.1348,-9.1335,-1.9802,130.7242,labels
431,200,228.8889,12,test,False,-0.0357,-2.5903,7.6616,-1.5247,167.4755,-2.2938,7.2726,-1.8212,212.6837,-3.0208,8.0392,-1.0942,112.7729,labels
329,200,229.1518,13,train,False,-1.7574,1.3495,8.28,-2.7655,117.6072,2.1806,8.5192,-1.9344,86.3215,2.384,8.5269,-1.731,85.3,labels
333,200,229.3333,18,train,False,-0.5292,2.6019,8.7858,-1.5131,187.8592,3.3516,7.8953,-0.7634,74.7413,3.227,8.0975,-0.888,98.0001,labels
185,200,229.3665,25,train,False,-1.1413,-3.1806,5.0395,-0.9344,271.2179,-3.2065,5.3515,-0.9085,302.5279,-3.034,4.5936,-1.081,225.9216,labels
70,200,229.4424,27,test,False,-1.9506,-0.1204,11.1345,-0.7505,124.5158,0.1308,9.4156,-2.4694,52.5073,0.149,9.3775,-2.5075,56.0388,labels
380,200,229.476,13,test,False,-2.8186,1.4111,0.0565,-2.7039,907.22,1.4216,5.2579,-2.6934,1427.3373,1.4398,-7.1777,-2.6752,184.2892,labels
179,200,229.9429,4,train,False,-1.046,0.1841,2.756,0.1841,220.3693,0.5564,1.6249,0.5564,336.5465,-0.388,5.2869,-0.388,96.2528,labels
406,200,229.9549,6,test,False,-1.0326,-0.1015,7.1357,7.1357,1169.6139,1.2501,-14.0637,7.6637,956.0869,1.1156,-5.1925,-1.1156,69.2171,labels
17,200,230.5174,9,train,False,-1.1607,1.8128,4.8756,-2.3022,189.0347,2.5299,6.1895,-1.5851,46.6221,2.8491,5.846,-1.2659,54.658,labels
304,200,230.5341,24,train,False,-1.4216,-1.5079,4.2149,-2.6071,878.2692,-2.3546,-1.1378,-1.7604,336.6772,-2.8129,-5.2911,-1.3021,81.2447,labels
283,200,230.6949,13,train,False,-2.6773,-0.2397,3.9388,-3.8753,937.7129,-2.2498,-13.9447,2.0597,862.1538,-2.511,-9.8069,-1.604,457.3155,labels
291,200,230.7458,11,train,False,-2.5587,0.4365,4.1962,-3.6785,175.6868,1.8414,5.4959,-2.2736,29.0215,1.8825,5.1725,-2.2325,49.889,labels
327,200,230.8395,12,train,False,-1.969,0.8305,7.0692,-3.2845,133.974,1.7321,7.7011,-2.3829,56.0552,2.1827,7.5355,-1.9323,21.562,labels
121,200,230.9728,25,train,False,-3.7982,0.5902,9.063,-2.822,136.7978,0.4457,8.4456,-3.4394,73.4343,0.374,8.6329,-3.2521,91.2077,labels
145,200,230.9983,21,train,False,-2.6996,-1.2332,-6.5269,-2.8818,265.9786,-1.0663,-10.2132,-1.6718,103.1189,-1.0966,-9.101,-2.784,9.9965,labels
14,200,231.1423,18,train,False,-1.1474,-1.6252,-1.2647,-2.4898,813.4993,-2.4771,-6.086,-1.6379,323.9592,-3.1371,-6.9625,-0.9779,233.1831,labels
391,200,231.2628,20,test,False,-2.3914,-2.1256,6.1329,-1.9894,50.1827,-2.4269,4.6651,-1.6881,190.29,-1.8402,6.323,-2.2748,16.0428,labels
316,200,231.339,11,train,False,-3.5523,-0.1004,1.8536,-4.0146,1020.4838,0.3698,-3.9039,-3.7452,443.1146,0.6502,-8.4226,-3.4624,16.2405,labels
400,200,231.6276,35,test,False,-1.6776,1.8887,13.989,2.104,379.7661,2.1778,12.5791,0.6941,237.2504,2.0498,10.5354,-1.3496,37.7779,labels
44,200,231.7042,7,train,False,-0.4431,-0.2521,9.6396,9.6396,1466.4231,0.0786,-9.9931,3.5931,499.83,0.1827,-7.4862,1.0862,249.1717,labels
46,200,232.0,11,train,False,-0.1583,3.8159,1.8307,-0.2991,874.5468,4.0839,-6.5725,-0.0311,36.4084,4.0819,-7.2218,-0.0331,33.2623,labels
350,200,232.3768,45,train,False,-3.3153,1.3142,12.1293,0.2443,402.4338,,,,,1.3082,-7.5827,-2.8068,1572.8888,labels
99,200,232.447,21,train,False,-2.9155,2.3545,9.7083,-1.7605,144.5696,1.6419,9.3583,-2.4731,68.2351,1.0667,8.3491,-3.0483,50.7353,labels
41,200,232.4638,13,train,False,-3.1442,1.5238,3.9049,-2.5912,890.7053,0.9665,-2.6745,-3.1485,231.0454,0.4749,-7.1327,-3.6401,220.4237,labels
239,200,232.4645,16,train,False,-2.3467,-2.0056,2.7924,-2.1094,912.5106,-1.665,-8.7943,-2.45,246.676,-1.95,-8.4305,-2.165,210.8691,labels
26,200,232.5156,11,train,False,-0.6816,-3.2937,10.0233,-0.8213,31.6421,-3.369,11.9572,0.0722,221.878,-3.405,10.4048,-0.71,66.6085,labels
357,200,232.5382,5,test,False,-1.324,4.5504,2.4956,0.4354,825.99,-1.4024,12.5773,0.6923,463.279,-0.4428,8.3117,-3.5733,392.0765,labels
430,200,232.5912,20,test,False,-3.7645,-0.2039,4.0171,-3.9111,983.5567,0.3631,-6.2785,-3.7519,47.5916,0.4155,-3.1334,-3.6995,267.018,labels
315,200,232.6354,19,train,False,-3.5722,0.7184,9.7421,-2.1429,370.7012,-0.1837,7.3658,-3.9313,116.6214,-0.433,8.7263,-3.1587,247.2436,labels
170,200,232.906,12,train,False,-1.2598,1.8184,7.4419,-2.2966,126.6228,2.8612,8.4381,-1.2538,26.9339,3.0419,8.2887,-1.0731,22.1819,labels
167,200,233.1031,14,train,False,-1.8061,2.6535,2.0274,-1.4615,899.8179,2.7252,4.2786,-1.3898,1125.0454,2.4204,-7.9837,-1.6946,102.5607,labels
74,200,233.2991,19,test,False,-0.3264,-3.1555,7.0435,-0.9595,63.6155,-3.476,7.1833,-0.639,37.2585,-3.5267,7.2292,-0.5883,36.1166,labels
101,200,233.5213,27,train,False,-1.2854,-2.1006,7.7932,-2.0144,146.9843,-2.7465,6.0978,-1.3685,42.7271,-2.8039,6.9082,-1.3111,39.2211,labels
399,200,233.6321,18,test,False,-0.5552,-1.9731,-4.7876,-2.1419,670.8352,-2.094,-5.3898,-2.021,609.44,-2.7586,-7.4815,-1.3564,391.113,labels
116,200,233.9526,23,train,False,-1.7118,-1.5273,-0.8281,-2.5877,812.709,-2.2852,-8.271,-1.8298,64.7719,-2.3056,-7.9091,-1.8094,100.3549,labels
305,200,234.0414,7,train,False,-0.4799,-5.0978,3.6927,0.9828,282.6811,-5.0716,3.8613,0.9566,266.9736,-2.7169,5.2565,-1.3981,125.479,labels
393,200,234.3037,16,test,False,-1.8497,2.9535,10.1003,-1.1615,74.2046,2.3291,8.9578,-1.7859,86.7561,2.0657,9.1028,-2.0493,74.7252,labels
34,200,234.3276,16,train,False,-1.1122,2.1762,-0.0185,-1.9388,899.5521,3.0314,-9.6834,-1.0836,70.7949,2.7596,-7.1708,-1.3554,182.1543,labels
28,200,234.4554,8,train,False,-1.7831,1.8101,6.3003,-2.3049,117.9555,1.9866,6.7753,-2.1284,67.7457,2.2244,6.016,-1.8906,134.6464,labels
258,200,234.5991,13,train,False,-0.4556,-2.9564,-1.8564,-1.1586,953.3823,-3.8061,-16.0622,4.1772,470.0295,-3.5335,-9.9588,-0.5815,141.1095,labels
366,200,234.6514,26,test,False,-0.6293,2.0934,12.3983,0.5133,126.5931,2.18,12.2372,0.3522,108.3231,2.2369,9.8182,-1.8781,149.2482,labels
30,200,234.8627,12,train,False,-1.2258,-1.4657,-2.4758,-2.6493,805.4356,-0.788,8.4462,-3.327,1896.6332,-2.3382,-7.0859,-1.7768,336.2935,labels
301,200,235.1165,10,train,False,-1.1912,3.196,2.3405,-0.919,1013.0006,3.0743,-8.5487,-1.0407,77.7598,3.2115,-8.1114,-0.9035,43.4384,labels
244,200,235.1495,23,train,False,-3.9524,-1.0775,6.5263,-3.0375,1078.8741,0.0114,-5.7907,-4.1036,157.6769,0.5994,-6.6394,-3.5156,253.3165,labels
59,200,235.4404,18,test,False,-2.9239,0.6487,5.2314,-3.4663,65.4013,0.9556,5.2085,-3.1594,45.4163,1.118,5.3094,-2.997,29.6589,labels
105,200,235.7,5,train,False,-0.6922,-1.3916,3.2902,-1.3916,300.2394,-3.6639,5.3422,-0.4511,61.2946,-3.5959,4.3037,-0.5191,146.6666,labels
433,200,235.7051,20,test,False,-3.6753,-0.7786,-0.0232,-3.3364,777.104,0.2427,-6.048,-3.8723,166.1912,0.4852,-5.9813,-3.6298,171.7459,labels
146,200,235.7736,13,train,False,-2.4457,-1.5185,6.1228,-2.5965,198.7348,-1.4537,7.4332,-2.6613,70.501,-1.5517,6.5141,-2.5633,159.4655,labels
38,200,236.0286,16,train,False,-0.9777,-1.1253,-2.4347,-2.9897,852.5323,-0.4584,2.6398,-3.6566,1364.2867,-1.6367,-6.8883,-2.4783,404.2447,labels
337,200,236.0554,11,train,False,-2.8245,-0.2785,6.1363,-3.8365,118.1996,-0.8667,6.7543,-3.2483,42.383,-1.7012,6.998,-2.4138,48.1382,labels
427,200,236.1032,12,test,False,-2.1207,-2.6306,6.8177,-1.4844,227.8599,-1.8464,9.012,-2.2686,14.7982,-1.467,8.7346,-2.648,59.2874,labels
403,200,236.4766,31,test,True,0.0848,4.0407,1.8831,-0.0743,595.4502,3.8103,-14.6192,2.7342,1055.7187,4.1414,-5.5015,0.0264,143.3429,labels
300,200,236.8272,18,train,False,-2.6207,0.1388,9.9067,-1.9783,138.784,0.7178,9.8301,-2.0549,86.262,2.0611,9.6558,-2.0539,79.5245,labels
95,200,236.8664,20,train,False,-2.0002,-0.7537,10.9072,-0.9778,193.8671,-2.3967,6.2928,-1.7183,324.6098,-2.4412,8.026,-1.6738,153.574,labels
144,200,237.6393,13,train,False,-2.7679,0.1203,7.2722,-3.9947,211.5538,-0.8652,8.8446,-3.0404,27.7026,-1.3045,7.7086,-2.8105,146.1396,labels
265,200,238.1456,28,train,False,-3.6004,1.0125,1.9745,-3.1025,875.3828,0.5071,-6.858,-3.6079,9.3083,0.5825,-6.1427,-3.5325,62.6172,labels
233,200,238.226,10,train,False,-1.6688,-1.4172,7.1379,-2.6978,111.0408,-2.2452,7.371,-1.8698,68.0673,-2.1734,7.861,-1.9416,117.2454,labels
381,200,238.3044,13,test,False,-2.3171,-1.072,4.1629,-3.043,83.5514,-1.5863,4.4376,-2.5287,25.3194,-1.6522,4.604,-2.4628,14.8225,labels
287,200,238.3156,13,train,False,-1.3864,-1.7751,2.4665,-2.3399,908.5615,-2.5626,-4.5358,-1.5524,203.9858,-2.7548,-8.1195,-1.3602,155.0775,labels
419,200,238.3432,17,test,False,-1.4504,3.813,10.168,-0.302,116.0084,2.5127,9.3395,-1.6023,100.3722,1.7687,7.5354,-2.3463,293.6217,labels
290,200,239.6232,20,train,False,-2.5518,-1.2012,1.5752,-2.9138,879.35,-1.5342,-5.3649,-2.5808,184.6151,-1.6432,-8.0131,-2.4718,80.6255,labels
392,200,239.6333,15,test,False,-1.9107,1.2514,2.864,-2.8636,756.777,3.2742,-29.4137,17.5287,2479.3321,3.0233,-8.2708,-1.0917,371.8601,labels
22,200,239.7176,5,train,False,-0.7184,3.9825,3.6479,-0.1325,224.4508,3.9549,3.4502,-0.1601,242.9376,3.4716,5.6979,-0.6434,13.8718,labels
160,300,300.0,11,train,False,-1.2327,-0.4153,4.6218,-3.6997,268.0476,-1.0552,5.567,-3.0598,182.9981,-2.0983,4.7903,-2.0167,117.8408,labels
151,300,300.0,31,train,False,-0.85,3.0839,6.7176,-1.0311,74.6191,2.8421,4.4903,-1.2729,298.1307,2.5579,6.0139,-1.5571,159.3082,labels
161,300,300.0,28,train,False,-1.8193,0.8297,1.4626,-3.2853,918.2425,2.5327,-10.5144,-1.3706,292.2019,2.3881,-1.7551,-1.7269,584.7719,labels
173,300,300.0,38,train,False,-3.6372,0.5773,1.09,-3.5377,894.5706,0.6005,8.4567,-3.4283,1631.225,0.5842,-5.797,-3.5308,206.0818,labels
174,300,300.0,12,train,False,-0.0451,3.0885,8.1385,-1.0265,189.8483,3.1802,8.4916,-0.9348,155.2342,3.3314,8.3708,-0.7836,157.6531,labels
180,300,300.0,25,train,False,-3.3822,-1.2741,2.8713,-2.8409,1029.6564,-0.7979,-5.5806,-3.3171,183.1512,-0.7147,-5.6852,-3.4003,172.5843,labels
182,300,300.0,18,train,False,-2.5609,2.9366,18.8373,6.9523,1465.9634,1.0392,-4.9441,-3.0758,1016.2895,-0.3566,1.5353,-3.7584,355.4888,labels
154,300,300.0,5,train,True,0.186,-0.3302,8.083,8.083,1468.0045,-0.4736,14.0918,14.0918,2068.9997,0.022,-2.832,-0.022,376.0181,labels
307,300,300.1761,26,train,False,-1.9976,2.742,11.9682,0.0832,258.1381,1.9193,10.7247,-1.1603,109.452,1.3491,9.73,-2.155,20.7158,labels
364,300,300.3733,25,test,False,-1.0375,2.262,12.2813,0.3963,145.0811,2.1924,12.1341,0.2491,131.9109,2.2309,10.1178,-1.7672,77.2148,labels
439,300,300.5364,13,test,False,-1.3093,-1.0918,9.1353,-2.7497,205.112,-1.5941,9.9441,-1.9409,125.2641,-2.1529,9.1304,-1.9621,130.644,labels
361,300,300.6403,4,test,False,-0.4442,0.8687,14.4192,14.4192,2022.3323,1.7751,7.0036,7.0036,1275.4318,2.2266,-6.0571,-0.3429,151.202,labels
177,300,300.7407,12,train,False,-0.4077,3.7878,9.2386,-0.3272,87.165,3.792,10.5529,-0.323,45.4347,3.3722,10.1531,-0.7428,33.8295,labels
141,300,300.8677,12,train,False,-1.9527,-1.0349,3.7681,-3.0801,1159.8363,-2.1032,-3.2732,-2.0118,450.256,-2.098,-8.6273,-2.017,85.4411,labels
441,300,301.2132,8,test,False,-1.9571,-1.9139,2.5613,-2.2011,325.0994,-2.2094,6.1933,-1.9056,39.3519,-2.2113,6.5685,-1.9037,76.7257,labels
388,300,301.2303,52,test,True,0.2766,-3.6704,-0.1933,-0.4446,1196.8313,-3.3927,-11.8948,0.0098,37.152,-3.4943,-6.1573,-0.6207,600.6313,labels
294,300,301.4931,13,train,False,-1.7739,0.784,7.4039,-3.331,184.9294,1.6064,8.4965,-2.5086,74.0878,2.2576,8.1313,-1.8574,28.2893,labels
1,300,301.6649,15,train,False,-0.8979,1.6889,10.7737,-1.1113,265.5347,2.3827,10.6188,-1.2662,218.2386,3.0523,10.2558,-1.0627,166.1805,labels
169,300,302.0872,37,train,False,-2.3814,-2.3951,2.3781,-1.7199,730.7799,-4.0767,19.9222,8.0372,2493.2239,-1.3679,-2.7544,-2.7471,217.6275,labels
277,300,302.381,13,train,False,-2.5345,-2.5488,7.5598,-1.5662,1279.3059,-1.1934,-6.2039,-2.9216,107.9143,-1.211,-7.0413,-2.904,188.1406,labels
335,300,303.0378,10,train,False,-2.7704,-2.046,7.1337,-2.069,212.8722,-2.2695,5.2594,-1.8455,398.3546,-1.6231,9.0213,-2.4919,36.8603,labels
409,300,303.3484,12,test,False,-0.8746,-2.8341,5.0522,-1.2809,182.1088,-2.9734,6.2862,-1.1416,60.3466,-2.9986,6.1775,-1.1164,69.3493,labels
394,300,303.4691,15,test,False,-2.6282,-0.5166,4.7881,-3.5984,1100.7871,-1.5147,-7.8197,-2.6003,164.3009,-1.5677,-7.377,-2.5473,120.2769,labels
88,300,303.619,18,test,False,-3.4191,1.964,6.9487,-2.151,127.6478,1.5481,7.1593,-2.5669,92.3743,1.0559,5.688,-3.0591,117.1439,labels
251,300,303.6194,13,train,False,-1.2048,-1.1709,2.4384,-2.9441,1316.7309,-2.4537,-11.7688,-0.1162,109.9009,-2.3619,-8.2732,-1.7531,240.7677,labels
245,300,303.6398,5,train,False,-1.3927,2.3225,4.8427,-1.7925,200.9565,2.4208,8.2394,-1.6942,145.8719,2.8114,8.7372,-1.3036,192.7109,labels
282,300,303.936,15,train,False,-2.1518,0.2015,8.4929,-3.3921,186.8553,1.6487,9.3301,-2.4663,38.0737,2.1604,9.0617,-1.9546,20.4329,labels
107,300,304.1176,11,train,False,-1.4218,3.3776,3.2185,-0.7374,173.327,2.851,4.8834,-1.264,17.3675,2.3874,3.7929,-1.7276,106.3019,labels
81,300,304.2793,24,test,False,-0.6055,-1.8088,-2.203,-2.3062,907.6514,-1.7605,-5.2652,-2.3545,601.4484,-1.805,-7.3505,-2.31,392.8981,labels
273,300,304.2904,8,train,False,-1.694,-0.1762,5.0415,-3.9388,322.3742,4.959,6.5766,0.844,256.5505,2.5086,7.9365,-1.6064,98.9188,labels
165,300,304.3719,12,train,False,-2.8144,0.1292,6.1594,-3.9858,1454.354,0.7993,0.9946,-3.3157,934.4874,1.1006,-7.0167,-3.0144,133.5236,labels
442,300,304.6989,17,test,False,-1.7838,1.0296,1.7691,-3.0854,1033.0048,2.7259,-14.9643,3.0793,649.7665,2.4924,-7.8933,-1.6226,60.7105,labels
288,300,304.7835,18,train,False,-0.9778,1.4475,8.9832,-2.6675,189.8521,3.0238,7.9796,-1.0912,17.8572,3.0102,8.4729,-1.1048,37.7398,labels
157,300,304.8433,21,train,False,-1.9456,-1.9094,-0.1957,-2.2056,938.0483,-2.2434,-9.66,-1.8716,11.4575,-2.4172,-7.8985,-1.6978,169.2233,labels
92,300,304.9587,9,train,False,-1.2641,3.3017,3.5266,-0.8133,1322.496,2.8764,-11.8053,-0.0797,211.4826,2.6535,-9.8157,-1.4615,23.3574,labels
424,300,305.098,10,test,False,-1.6286,-1.9177,3.5452,-2.1973,329.5182,-2.7833,6.5633,-1.3317,37.4061,-2.6677,6.4363,-1.4473,39.8295,labels
3,300,305.1096,14,train,False,-3.9708,0.9612,8.5257,-3.1538,164.4519,0.5431,7.2502,-3.5719,42.6808,0.4828,8.3435,-3.5415,129.0248,labels
235,300,305.1718,25,train,False,-2.9662,0.5657,5.9628,-3.5493,1110.2112,-1.4717,-7.0832,-2.6433,210.2024,-2.3602,-5.5317,-1.7548,132.0469,labels
236,300,305.2079,9,train,False,-0.993,-3.5505,8.1237,-0.5645,87.099,-3.2154,9.5493,-0.8996,67.3891,-2.9292,9.5372,-1.1858,68.3048,labels
166,300,305.3624,14,train,False,-1.8152,2.8733,6.8571,-1.2417,114.1006,3.0546,4.1312,-1.0604,189.6207,2.3904,9.1112,-1.7246,324.1765,labels
253,300,305.4431,11,train,False,-1.2897,2.8331,4.7013,-1.2819,1368.4844,2.6089,-18.7355,6.8505,975.4409,3.0324,-8.0421,-1.0826,96.3898,labels
295,300,305.7121,10,train,False,-3.3033,0.9255,6.465,-3.1895,1191.0791,-0.4206,-2.4888,-3.6944,285.6491,-0.9016,-8.4138,-3.2134,309.6719,labels
60,300,305.763,30,test,False,-0.6903,2.5767,-4.5148,-1.5383,668.0056,2.5617,10.8234,-1.0616,2201.8211,2.6737,-5.356,-1.4413,583.8938,labels
53,300,305.7658,23,test,True,0.6292,0.7964,13.2763,1.3913,99.6527,1.2048,12.8022,0.9172,37.0881,1.4058,10.0976,-1.7874,241.6784,labels
91,300,305.8191,39,train,False,-2.0795,1.324,16.5426,4.6576,684.3749,1.7549,12.5866,0.7016,286.4439,2.2434,11.1841,-0.7009,146.2964,labels
58,300,305.8739,11,test,False,-3.8231,1.2967,3.0188,-2.8183,979.1389,2.4063,8.4623,-1.7087,1534.4265,0.4266,-7.2992,-3.6884,97.3093,labels
386,300,305.9115,17,test,False,-1.442,0.8863,2.9831,-3.2287,1135.543,3.6774,-18.8784,6.9934,1069.4833,2.8269,-6.4513,-1.2881,178.6263,labels
353,300,305.9795,6,train,False,-3.1108,2.9935,3.7113,-1.1215,552.5813,4.0839,-0.2721,-0.0311,963.089,1.2296,7.8127,-2.8854,106.1581,labels
164,300,306.1337,23,train,False,-1.8387,-2.6162,12.422,0.537,430.3115,-2.5947,11.8639,-0.0211,374.5026,-2.5128,10.5511,-1.3339,243.0218,labels
319,300,306.1714,15,train,False,-2.5276,1.539,3.955,-2.576,1080.1241,1.556,-2.3917,-2.559,445.4632,1.4706,-7.504,-2.6444,66.8155,labels
159,300,306.3774,19,train,False,-1.2743,2.0838,2.5347,-2.0312,1099.8646,3.1029,-11.5981,-0.2869,317.1099,2.8188,-7.5949,-1.2962,84.3163,labels
252,300,306.3835,14,train,False,-4.0841,-1.1241,5.7196,-2.9909,129.928,0.1362,4.5281,-3.9788,60.5481,0.2702,7.117,-3.8448,200.696,labels
241,300,306.4737,12,train,False,-0.0,-3.5836,3.6367,-0.5314,1382.371,-4.2299,-10.395,0.1149,24.6565,-4.2658,-8.9707,0.1508,121.5501,labels
184,300,306.5224,36,train,False,-2.2096,-2.0383,4.6212,-2.0767,1084.3283,-1.7726,-5.6497,-2.3424,58.6833,-1.6669,-4.595,-2.4481,164.3705,labels
130,300,306.5313,15,train,False,-1.9145,2.2494,3.8356,-1.8656,50.6385,2.1755,3.9682,-1.9395,37.2264,1.8145,4.9667,-2.3005,73.6373,labels
279,300,306.5515,17,train,False,-1.863,-1.1795,2.7725,-2.9355,1221.8444,-1.9279,-3.4197,-2.1871,598.787,-2.3617,-8.2877,-1.7533,111.6568,labels
345,300,306.6667,10,train,False,-2.1531,0.5086,6.989,-3.6064,160.0096,1.281,8.3022,-2.834,93.6881,1.717,8.3779,-2.398,75.9809,labels
389,300,306.7711,5,test,True,0.109,1.5316,4.3268,-1.5316,304.4893,3.4865,5.3991,-0.6285,112.2587,3.532,5.5857,-0.583,93.1405,labels
93,300,306.9995,23,train,False,-0.921,-2.0626,4.4215,-2.0524,113.4915,-3.0097,3.1358,-1.1053,121.0774,-3.1587,4.6672,-0.9563,33.6519,labels
40,300,307.0064,10,train,False,-2.0975,0.1957,8.5886,-3.2964,201.5998,1.2283,9.6045,-2.2805,80.3866,1.5798,9.4067,-2.4783,44.0084,labels
298,300,307.0632,16,train,False,-1.4873,-0.0601,10.3989,-1.4861,119.7076,0.6402,10.9096,-0.9754,71.3281,1.3244,10.4892,-1.3958,20.8567,labels
255,300,307.2472,9,train,False,-0.2988,1.2377,8.6046,-2.8773,1602.7971,3.3124,-2.6515,-0.8026,459.0844,3.1015,-5.4448,-1.0135,190.8639,labels
320,300,307.4531,9,train,False,-2.1359,-0.3163,5.4569,-3.7987,220.8047,-1.2634,6.8274,-2.8516,72.0463,-1.8638,7.1172,-2.2512,23.7383,labels
397,300,307.6036,13,test,False,-0.3238,-2.8819,7.343,-1.2331,99.0603,-3.5758,6.5822,-0.5392,117.3692,-3.5362,7.7349,-0.5788,25.5033,labels
267,300,307.726,8,train,False,-0.7428,3.0596,8.9784,-1.0554,346.4468,3.3498,8.4022,-0.7652,287.4211,3.5702,2.1811,-0.5448,335.2839,labels
128,300,307.7333,9,train,False,-1.3054,0.3997,5.4401,-3.7153,315.5199,3.4435,8.18,-0.6715,94.6782,3.1246,7.3694,-0.9904,33.2751,labels
162,300,307.8049,11,train,False,-1.2172,3.6971,7.031,-0.4179,153.258,3.246,8.5781,-0.869,42.2601,2.9437,8.8853,-1.1713,54.8622,labels
302,300,307.8054,10,train,False,-0.8418,-0.9069,3.9937,-3.2081,1092.1019,-0.6675,4.8584,-3.4475,1181.7197,-2.0105,-8.1191,-2.1045,192.3721,labels
346,300,307.9392,14,train,False,-0.9282,2.6942,1.9693,-1.4208,1293.7461,1.1795,-28.9986,17.1136,1806.8055,1.5967,-8.6675,-2.5183,235.6054,labels
132,300,307.9526,16,train,False,-0.823,-2.2268,10.0807,-1.8043,98.2432,-2.2186,10.4913,-1.3937,57.1923,-1.9656,9.4676,-2.1494,160.8836,labels
47,300,308.1967,12,test,False,-2.3476,-0.7058,4.1812,-3.4092,238.4019,-1.6161,5.3063,-2.4989,102.074,-1.5028,4.8868,-2.6122,145.3321,labels
134,300,308.3817,13,train,False,-1.4632,2.8679,8.2315,-1.2471,156.3485,2.7944,9.6446,-1.3206,19.6646,2.2557,8.352,-1.8593,148.1814,labels
410,300,308.582,13,test,False,-2.1099,-3.0005,4.6359,-1.1145,930.9848,-1.5461,-10.7058,-1.1792,610.2521,-1.6352,-6.481,-2.4798,189.6861,labels
312,300,308.76,8,train,False,-1.9842,-1.3124,4.0107,-2.8026,387.683,-1.9286,7.6988,-2.1864,22.6229,-1.9368,7.7198,-2.1782,20.997,labels
150,300,308.7912,4,train,False,-0.0335,-0.4953,15.137,15.137,2152.5443,-0.3864,11.2273,11.2273,1761.4982,0.5271,-6.6711,0.2711,30.8874,labels
274,300,308.8196,24,train,False,-1.2357,4.6116,2.3355,0.4966,1266.2513,2.2839,-13.8528,1.9678,369.3145,2.1163,-8.5307,-1.9987,184.2646,labels
431,300,308.8889,10,test,False,-0.0357,-1.9467,6.8023,-2.1683,268.1763,-2.8179,7.9868,-1.2971,133.6373,-3.1147,8.0757,-1.0003,102.7003,labels
329,300,309.1518,11,train,False,-1.7574,0.8373,7.5458,-3.2777,152.5715,2.2006,8.6373,-1.9144,97.5732,2.3615,8.9359,-1.7535,126.1642,labels
333,300,309.3333,16,train,False,-0.5292,2.1792,8.6998,-1.9358,206.6731,3.3562,8.0025,-0.7588,84.8612,3.3037,8.1861,-0.8113,103.958,labels
70,300,309.4424,25,test,False,-1.9506,-0.2968,11.1197,-0.7653,128.9677,0.1208,9.2692,-2.6158,67.1416,0.149,9.3224,-2.5626,61.5157,labels
380,300,309.476,11,test,False,-2.8186,1.417,3.2115,-2.698,1222.7053,1.4356,4.7238,-2.6794,1373.95,1.393,-7.1964,-2.722,182.1135,labels
406,300,309.9549,4,test,False,-1.0326,-0.6933,13.1286,13.1286,1771.8216,-0.6036,11.5291,11.5291,1611.768,0.2333,-5.3414,-0.2333,115.6629,labels
17,300,310.5174,7,train,False,-1.1607,1.3047,3.508,-2.8103,331.4151,2.8667,6.6811,-1.2483,31.1352,3.1023,7.2282,-1.0127,85.8708,labels
304,300,310.5341,22,train,False,-1.4216,-0.9853,7.3052,-3.1297,1191.5751,-2.3832,-1.4265,-1.7318,307.6666,-2.9687,-5.0886,-1.1463,66.1188,labels
283,300,310.6949,11,train,False,-2.6773,0.3341,7.2965,-3.7809,1278.1431,-2.6732,-19.2495,7.3645,1394.2813,-2.3328,-9.6021,-1.7822,433.4009,labels
291,300,310.7458,9,train,False,-2.5587,-0.0636,3.0794,-4.0514,295.4273,2.6196,6.5057,-1.4954,142.9679,2.1781,5.6805,-1.9369,63.5404,labels
327,300,310.8395,10,train,False,-1.969,0.3026,6.1391,-3.8124,219.0815,1.7754,7.5472,-2.3396,43.3113,1.9818,7.8867,-2.1332,58.7101,labels
121,300,310.9728,23,train,False,-3.7982,0.6897,9.0628,-2.8222,139.1043,0.4834,8.701,-3.184,99.2415,0.4496,8.6904,-3.1946,97.6829,labels
145,300,310.9983,19,train,False,-2.6996,-1.3259,-3.2506,-2.7891,593.7378,-1.0029,-11.3515,-0.5335,217.1076,-0.9681,-8.5395,-3.1469,67.1106,labels
14,300,311.1423,16,train,False,-1.1474,-0.9792,1.9372,-3.1358,1140.015,-2.3974,-5.5105,-1.7176,382.0538,-2.7691,-6.7552,-1.3459,254.0766,labels
391,300,311.2628,18,test,False,-2.3914,-2.2684,5.426,-1.8466,114.5175,-2.3332,5.0505,-1.7818,151.1157,-1.8619,5.8749,-2.2531,57.5204,labels
316,300,311.339,9,train,False,-3.5523,-0.4115,5.6438,-3.7035,1400.719,0.4615,-4.5061,-3.6535,382.6973,0.7085,-8.5608,-3.3242,29.9202,labels
400,300,311.6276,33,test,False,-1.6776,1.7396,14.9555,3.0705,477.4149,2.2106,12.4793,0.5943,227.2064,2.0892,9.8253,-2.0258,40.9812,labels
44,300,311.7042,5,train,False,-0.4431,-0.4277,16.1791,16.1791,2120.5094,0.0351,-15.1773,8.7773,1017.7407,0.1256,-6.7018,0.3018,172.3153,labels
46,300,312.0,9,train,False,-0.1583,3.6415,4.9214,-0.4735,1183.9209,4.1342,-7.6026,0.0192,71.151,4.2365,-8.2564,0.1215,137.1626,labels
350,300,312.3768,43,train,False,-3.3153,1.5217,13.1705,1.2855,508.4048,,,,,1.6825,-7.1112,-2.4325,1527.4661,labels
99,300,312.447,19,train,False,-2.9155,2.8646,9.4528,-1.2504,177.4726,1.7165,9.4661,-2.3985,81.2896,1.1856,7.8929,-2.9294,94.6017,labels
41,300,312.4638,11,train,False,-3.1442,1.7757,7.0312,-2.3393,1204.312,0.9682,-2.08,-3.1468,290.5,0.9282,-7.2643,-3.1868,227.9766,labels
239,300,312.4645,14,train,False,-2.3467,-2.0714,6.0446,-2.0436,1237.7947,-1.6193,-10.4759,-1.4091,414.888,-2.0293,-9.0023,-2.0857,268.5354,labels
26,300,312.5156,9,train,False,-0.6816,-3.1602,8.1746,-0.9548,158.8465,-3.3077,11.4343,-0.4507,169.9567,-3.354,10.0915,-0.761,36.0933,labels
430,300,312.5912,18,test,False,-3.7645,-0.5135,8.5885,-3.2965,1441.7187,0.3421,-5.9289,-3.7729,12.6396,0.1869,-2.9365,-3.9281,287.0975,labels
315,300,312.6354,17,train,False,-3.5722,1.2759,10.2114,-1.6736,435.3259,-0.067,7.6674,-4.048,148.9174,-0.4163,9.1751,-2.7099,292.1558,labels
168,300,313.1836,21,train,False,-1.4069,-1.3298,13.5703,1.6853,354.1086,-2.2571,9.6454,-1.8579,80.1933,-2.52,10.1092,-1.595,27.4019,labels
74,300,313.2991,17,test,False,-0.3264,-2.8853,6.616,-1.2297,97.3989,-3.4638,7.1512,-0.6512,36.6912,-3.519,7.1892,-0.596,34.0892,labels
101,300,313.5213,25,train,False,-1.2854,-1.7927,7.8738,-2.3223,170.7736,-2.7159,6.0778,-1.3991,45.3531,-2.7099,6.8265,-1.4051,33.1982,labels
399,300,313.6321,16,test,False,-0.5552,-1.3468,-1.7066,-2.7682,985.1859,-2.1431,-5.6071,-1.9719,587.1649,-2.6098,-8.1575,-1.5052,328.3515,labels
153,300,313.7577,13,train,False,-1.5338,0.9431,-0.1867,-3.1719,830.1938,4.998,-35.5406,23.6556,2732.2298,3.7201,-3.7783,-0.3949,468.7639,labels
116,300,313.9526,21,train,False,-1.7118,-1.2152,2.0753,-2.8998,1104.7225,-2.4402,-9.748,-1.6748,84.0909,-2.3753,-9.4262,-1.7397,51.9102,labels
305,300,314.0414,5,train,False,-0.4799,-5.5113,1.7915,1.3963,471.0017,-5.2489,3.0332,1.1339,347.5841,-2.832,5.6353,-1.283,93.3728,labels
393,300,314.3037,14,test,False,-1.8497,3.2012,9.375,-0.9138,103.7567,2.4588,9.1123,-1.6562,73.6554,2.1347,8.6973,-1.9803,113.3202,labels
34,300,314.3276,14,train,False,-1.1122,1.8014,3.1893,-2.3136,1222.4494,3.3264,-13.8606,1.9756,489.5248,2.7251,-7.6291,-1.3899,137.5207,labels
28,300,314.4554,6,train,False,-1.7831,1.558,5.4083,-2.557,209.7843,1.8791,6.6095,-2.2359,87.4966,2.2686,6.0222,-1.8464,133.7465,labels
258,300,314.5991,11,train,False,-0.4556,-2.4693,1.8821,-1.6457,1329.9644,-3.7969,-15.5095,3.6245,414.7564,-3.589,-10.0888,-0.526,127.7357,labels
366,300,314.6514,24,test,False,-0.6293,1.8483,12.1782,0.2932,121.4608,2.2102,12.1227,0.2377,96.7003,2.2549,9.385,-1.8601,190.9624,labels
30,300,314.8627,10,train,False,-1.2258,-0.8479,-0.2529,-3.2671,1035.3755,-0.4816,2.1924,-3.6334,1282.3856,-1.376,-6.9368,-2.739,378.2442,labels
301,300,315.1165,8,train,False,-1.1912,3.213,6.439,-0.902,1422.7783,3.103,-9.1186,-1.012,134.4765,2.7182,-8.2872,-1.3968,54.189,labels
244,300,315.1495,21,train,False,-3.9524,-1.5682,10.9165,-0.9685,1520.5107,-0.0622,-4.9632,-4.0528,74.6446,0.4385,-6.6179,-3.6765,246.863,labels
59,300,315.4404,16,test,False,-2.9239,0.4611,4.5637,-3.6539,126.4977,0.9422,5.066,-3.1728,58.626,0.9432,5.0841,-3.1718,56.9484,labels
433,300,315.7051,18,test,False,-3.6753,-1.439,3.3203,-2.676,1117.7501,0.3404,-6.597,-3.7746,110.5634,0.7538,-6.3193,-3.3612,141.4164,labels
176,300,315.7288,24,train,False,-2.3953,1.2847,1.7057,-2.8303,951.4906,1.5772,-2.6061,-2.5378,519.5082,1.6062,-7.5242,-2.5088,29.7557,labels
146,300,315.7736,11,train,False,-2.4457,-1.4484,5.0244,-2.6666,308.7954,-1.4142,7.9858,-2.7008,28.1307,-1.4915,7.0948,-2.6235,102.5146,labels
38,300,316.0286,14,train,False,-0.9777,-0.705,0.6943,-3.41,1168.1857,-0.2716,4.0434,-3.8434,1505.8684,-1.2613,-6.7095,-2.8537,427.5366,labels
337,300,316.0554,9,train,False,-2.8245,0.1519,4.9523,-3.9631,230.2421,-0.7172,6.6623,-3.3978,57.9518,-1.4393,7.1628,-2.6757,44.164,labels
427,300,316.1032,10,test,False,-2.1207,-2.8764,5.1432,-1.2386,396.1984,-1.7488,8.5938,-2.3662,47.9459,-1.4788,8.0472,-2.6362,108.828,labels
403,300,316.4766,29,test,True,0.0848,3.9683,4.1159,-0.1467,818.8355,3.7193,-16.4377,4.5527,1237.7796,4.1137,-5.9794,-0.0013,191.2152,labels
300,300,316.8272,16,train,False,-2.6207,-0.3795,9.2382,-2.6468,174.8651,0.7186,9.834,-2.051,86.4593,1.9743,9.5743,-2.1407,68.0183,labels
95,300,316.8664,18,train,False,-2.0002,-0.2381,10.5509,-1.3341,213.7989,-2.2838,6.2446,-1.8312,328.6389,-2.4485,8.0273,-1.6665,153.6035,labels
144,300,317.6393,11,train,False,-2.7679,0.4199,6.2734,-3.6951,314.1423,-0.9587,9.1466,-2.7384,5.2767,-1.532,8.3898,-2.583,95.3779,labels
265,300,318.1456,26,train,False,-3.6004,1.2385,5.633,-2.8765,1241.9296,0.5447,-6.1182,-3.5703,64.765,0.6889,-5.4923,-3.4261,128.4742,labels
233,300,318.226,8,train,False,-1.6688,-0.924,6.1692,-3.191,161.9078,-2.293,7.8467,-1.822,113.6391,-2.2022,8.5852,-1.9128,188.0404,labels
381,300,318.3044,11,test,False,-2.3171,-0.766,3.4993,-3.349,149.1722,-1.5803,4.506,-2.5347,22.8709,-1.6409,4.5332,-2.4741,16.293,labels
287,300,318.3156,11,train,False,-1.3864,-1.2627,5.6632,-2.8523,1231.9671,-2.5616,-4.6005,-1.5534,197.5494,-2.6533,-8.7847,-1.4617,221.7052,labels
419,300,318.3432,15,test,False,-1.4504,4.2139,9.3315,0.0989,184.4062,2.6537,9.3597,-1.4613,97.1953,2.4412,6.8632,-1.6738,347.5629,labels
290,300,319.6232,18,train,False,-2.5518,-1.015,4.9143,-3.1,1213.7485,-1.5353,-5.0915,-2.5797,211.9519,-1.6466,-8.2112,-2.4684,100.3833,labels
392,300,319.6333,13,test,False,-1.9107,0.8577,5.1065,-3.2573,984.258,3.2054,-31.1932,19.3082,2656.8592,2.7175,-9.3771,-1.3975,476.1352,labels
311,300,320.0,11,train,False,-3.3884,2.2516,4.6424,-1.8634,1205.6613,0.6532,-7.1598,-3.4618,17.3789,0.4153,-8.0241,-3.6997,77.2256,labels
368,300,320.0,11,test,False,-2.2766,-1.9307,5.8487,-2.1843,220.2314,-1.7889,7.9554,-2.3261,10.596,-1.8566,7.9459,-2.2584,10.4816,labels
426,300,320.0,12,test,False,-2.6214,1.0466,5.7505,-3.0684,1154.2246,-1.7357,-6.9166,-2.3793,142.846,-2.2939,-6.6064,-1.8211,135.8357,labels
106,300,320.0,14,train,False,-1.8536,0.1845,2.6961,-3.9305,1019.7578,-0.3187,4.711,-3.7963,1227.3042,0.9559,-6.3384,-3.1591,161.4155,labels
102,300,320.0,7,train,False,-1.6599,-0.4545,3.8797,-3.6605,1229.0467,3.0027,-10.7116,-1.1123,270.6175,2.2275,-7.0817,-1.8875,100.5752,labels
352,300,320.0,10,train,False,-0.7644,4.0909,9.9867,-0.0241,74.0364,3.1759,9.4617,-0.9391,55.2249,2.9775,8.4821,-1.1375,154.9145,labels
61,300,320.0,22,test,False,-1.3072,2.2317,11.8514,-0.0336,140.4874,1.8611,11.6062,-0.2788,105.2186,1.5748,10.8285,-1.0565,25.8694,labels
62,300,320.0,14,test,False,-1.4489,2.7289,4.4823,-1.3861,1090.6751,2.7398,4.6181,-1.3752,1104.2645,2.6477,-5.5942,-1.4673,83.0305,labels
64,300,320.0,13,test,False,-1.6087,-2.3006,2.4658,-1.8144,1026.065,-2.3682,-1.3094,-1.7468,648.4821,-2.5173,-6.53,-1.5977,126.283,labels
96,300,320.0,17,train,False,-1.9982,0.9166,1.9042,-3.1984,867.0266,-0.6949,10.0296,-1.8554,1694.7115,1.4264,-7.6658,-2.6886,120.1345,labels
82,300,320.0,19,test,False,-3.4147,0.1181,6.4457,-3.9969,64.5768,0.3819,6.6927,-3.7331,32.0045,0.4572,6.3009,-3.6578,48.8933,labels
118,300,320.0,7,train,False,-1.7037,-0.3409,8.4846,-3.4004,1457.5087,-1.9125,-1.6251,-2.2025,434.6323,-2.2459,-8.189,-1.8691,225.2396,labels
73,300,320.0,31,test,False,-1.9185,0.2695,-2.8366,-3.8455,713.0355,0.4579,12.4823,0.5973,2244.9096,0.3958,-5.1775,-3.7192,478.9241,labels
404,300,320.0,6,test,False,-1.5406,0.1346,10.8474,10.8474,1582.161,1.16,-0.0244,-0.0244,491.3951,1.3386,-6.4022,0.0022,169.3876,labels
405,300,320.0,12,test,True,0.0119,4.2874,9.3492,0.1724,258.8146,3.8763,11.5545,-0.2387,34.534,3.4723,9.7411,-0.6427,218.5426,labels
293,300,320.0,13,train,False,-2.0845,-0.1071,5.1497,-4.0079,1302.208,-1.9166,-6.4634,-2.1984,127.1251,-2.3535,-9.0765,-1.7615,138.518,labels
90,300,320.0,29,test,False,-2.3957,1.3165,0.0089,-2.7985,215.2098,2.1815,-22.4457,10.5607,2034.5798,1.9152,4.7632,-2.1998,687.1122,labels
86,300,320.0,12,test,False,-1.4289,-0.1971,2.1471,-3.9179,904.4959,-2.125,-5.0644,-1.99,158.6758,-2.3376,-8.4933,-1.7774,197.5671,labels
85,300,320.0,23,test,False,-0.9979,2.2071,6.8471,-1.9079,192.4746,2.8572,4.796,-1.2578,44.002,2.8217,6.5263,-1.2933,140.6588,labels
84,300,320.0,27,test,True,1.9292,-2.5124,14.9664,3.0814,126.9307,-2.3092,14.7594,2.8744,100.0887,-2.2114,10.0314,-1.8536,378.9837,labels
417,300,320.0,19,test,False,-1.001,-2.7241,6.6105,-1.3909,50.2061,-2.5668,7.4479,-1.5482,75.5516,-2.6888,6.4866,-1.4262,61.2062,labels
83,300,320.0,15,test,False,-1.3275,-1.6987,-0.3257,-2.4163,999.5309,-2.2478,-5.5038,-1.8672,478.8304,-2.4971,-6.5361,-1.6179,373.6794,labels
67,300,320.0,19,test,False,-2.3343,-0.4957,5.6081,-3.6193,129.6745,-1.7798,4.1325,-2.3352,165.0223,-1.9936,5.4788,-2.1214,37.1094,labels
281,300,320.0,11,train,False,-1.9268,-0.0639,8.5081,-3.3769,1357.3169,-3.4435,-17.9825,6.0975,1314.4697,-2.961,-8.3972,-1.154,358.3661,labels
314,300,320.0,4,train,False,-2.0402,1.5061,1.1437,-2.6089,135.9922,0.097,2.9729,-4.018,364.7348,1.7997,-2.2825,-2.3153,220.8058,labels
137,300,320.0,14,train,False,-1.7355,-0.3177,1.1941,-3.7973,1136.7421,-0.3185,1.3188,-3.7965,1149.1779,-0.6821,-6.4284,-3.4329,373.9474,labels
344,300,320.0,18,train,False,-1.6082,-3.7152,4.6466,-0.3998,1337.6285,-2.2318,-10.9582,-0.9268,229.9706,-2.4665,-7.4867,-1.6485,118.8974,labels
340,300,320.0,11,train,False,-1.5076,-0.995,3.3361,-3.12,1340.9523,-2.4702,-7.5069,-1.6448,247.3041,-2.4878,-8.6088,-1.6272,137.258,labels
385,300,320.0,28,test,False,-0.1158,-4.1376,12.5723,0.6873,151.4354,-4.1204,12.5253,0.6403,146.5956,-4.0424,9.7147,-0.0726,135.0306,labels
48,300,320.0,17,test,False,-2.2148,-2.4676,1.4276,-1.6474,877.3581,-2.3487,-0.7581,-1.7663,658.4864,-2.1711,-6.9759,-1.9439,44.4006,labels
50,300,320.0,18,test,False,-3.9792,-0.6323,2.4964,-3.4827,919.6924,0.2508,-10.4923,-1.3927,382.5612,0.239,-8.7218,-3.1632,205.5984,labels
143,300,320.0,10,train,False,-2.5683,-0.1451,5.8994,-3.9699,1273.8436,0.8032,-0.631,-3.3118,614.0425,0.9898,-5.7652,-3.1252,111.0719,labels
384,300,320.0,12,test,False,-1.443,-3.1828,5.4015,-0.9322,1292.451,-2.8603,0.0852,-1.2547,760.0482,-2.3939,-7.8146,-1.7211,41.0362,labels
336,300,320.0,16,train,False,-2.447,1.0303,5.1016,-3.0847,1331.8006,1.9682,-27.6088,15.7238,1940.9975,1.485,-6.6263,-2.63,158.5384,labels
52,300,320.0,17,test,False,-1.2026,-3.7381,0.9028,-0.3769,954.4563,-3.2813,-4.3699,-0.8337,425.2112,-3.3017,-6.1923,-0.8133,244.4841,labels
334,300,320.0,19,train,False,-2.3721,-0.2019,1.9572,-3.9131,885.9149,-0.7923,-1.1709,-3.3227,567.6157,-1.3916,-7.6213,-2.7234,92.3802,labels
332,300,320.0,11,train,False,-1.2543,-3.8503,5.9678,-0.2647,1362.0538,-2.6722,-12.4256,0.5406,481.2592,-2.6792,-6.6359,-1.4358,99.7428,labels
133,300,320.0,16,train,False,-2.534,0.6226,1.7483,-3.4924,1111.7238,1.2589,-4.9766,-2.8561,436.2864,1.2604,-8.4559,-2.8546,92.873,labels
77,300,320.0,20,test,False,-2.836,1.3456,2.322,-2.7694,229.1697,1.4141,0.8549,-2.7009,83.4668,1.3416,5.3895,-2.7734,535.8609,labels
120,300,320.0,9,train,False,-1.6728,2.6007,2.9682,-1.5143,1320.4537,1.8003,-8.5867,-2.3147,162.5555,1.8892,-7.5994,-2.2258,261.4179,labels
131,300,320.0,12,train,False,-2.5427,0.106,1.0724,-4.009,1049.3374,-1.409,-11.9161,0.0311,258.4279,-1.255,-9.9692,-1.9158,63.1828,labels
2,300,320.0,7,train,False,-1.5397,3.9379,7.2572,-0.1771,1431.5491,2.6834,-4.4405,-1.4316,255.5068,2.4402,-9.2892,-1.6748,229.9891,labels
57,300,320.0,17,test,True,0.6349,-4.6855,7.264,0.5705,33.4007,-4.8664,7.7242,0.7514,17.645,-4.7775,7.8088,0.6625,21.8827,labels
326,300,320.0,18,train,False,-2.5522,0.1501,3.3411,-3.9649,957.7161,0.1441,3.2868,-3.9709,952.2645,-0.818,-4.5817,-3.297,167.468,labels
328,300,320.0,12,train,False,-3.235,0.7811,5.9147,-3.3339,1263.3274,-1.4045,-10.5544,-1.3306,398.0256,-1.3393,-9.2403,-2.6447,267.1204,labels
373,300,320.0,9,test,False,-1.6652,-2.8227,5.6296,-1.2923,1282.4365,-2.5183,-1.5636,-1.5967,562.6141,-2.1161,-7.2028,-1.9989,33.4025,labels
54,300,320.0,20,test,False,-1.6769,-1.6665,3.3601,-2.4485,780.2271,-2.2219,-2.7925,-1.8931,162.5903,-2.4813,-6.3595,-1.6337,195.6074,labels
122,300,320.0,8,train,False,-1.6874,-1.4725,4.8947,-2.6425,1266.0028,-2.8855,-21.0411,9.1561,1331.9766,-2.7206,-7.8431,-1.3944,31.438,labels
123,300,320.0,8,train,False,-1.5048,2.3504,5.0997,-1.7646,1423.8437,2.527,-0.9071,-1.588,822.974,2.481,-6.1416,-1.634,299.7591,labels
371,300,320.1025,16,test,False,-0.3195,3.4661,2.5507,-0.6489,1183.0319,3.764,-7.1254,-0.351,214.9881,3.823,-7.4447,-0.292,183.0495,labels
322,300,320.3586,14,train,False,-2.3326,0.893,7.4536,-3.222,177.1608,1.3871,7.8147,-2.7279,193.4108,1.8205,7.5151,-2.2945,159.4144,labels
341,300,320.4065,17,train,False,-1.3064,1.2999,7.6285,-2.8151,173.5834,2.4596,7.4169,-1.6554,73.4997,2.5829,8.0777,-1.5321,132.7011,labels
231,300,320.7824,11,train,False,-0.4403,2.2537,7.5474,-1.8613,145.4168,3.5348,7.3906,-0.5802,20.6856,3.4593,8.2375,-0.6557,102.219,labels
421,300,320.9466,20,test,False,-1.2566,-2.6012,6.4295,-1.5138,189.4272,-2.8145,1.779,-1.3005,277.4094,-2.7289,5.7094,-1.3861,116.3822,labels
285,300,320.955,16,train,False,-2.1941,-0.7073,3.4332,-3.4077,1285.4282,-1.9101,-7.769,-2.2049,159.473,-2.0863,-8.6785,-2.0287,70.4844,labels
280,300,321.1273,14,train,False,-2.1414,0.3009,8.8232,-3.0618,169.9947,1.886,8.4361,-2.229,12.1296,2.2315,8.9002,-1.8835,45.9416,labels
156,300,321.3462,18,train,False,-3.435,1.1538,7.7777,-2.9612,84.4347,0.9987,8.3695,-3.1163,36.4733,0.8693,7.7738,-3.2457,71.3087,labels
125,300,321.4527,10,train,True,0.0282,2.4667,3.1005,-1.6483,1212.2309,5.0967,-25.3681,13.4831,1649.0369,4.3165,-7.9157,0.2015,100.4751,labels
269,300,321.4733,31,train,False,-2.1426,-0.7465,18.7628,6.8778,990.824,-1.8058,8.8992,-2.3092,16.9621,-1.9864,6.5273,-2.1286,240.3475,labels
362,300,321.7927,15,test,False,-2.0925,0.0343,9.6385,-2.2465,212.3878,-0.5117,9.8764,-2.0086,169.4485,-1.4482,8.3911,-2.6668,91.9282,labels
8,300,321.8052,24,train,False,-2.0329,-2.0566,-0.0556,-2.0584,979.651,-1.9764,-6.5422,-2.1386,331.1195,-2.0396,-6.0043,-2.0754,384.7891,labels
152,300,321.9608,14,train,False,-1.3308,3.5254,0.1338,-0.5896,1072.2578,1.2637,-27.0158,15.1308,1652.1156,1.9456,-9.2666,-2.1694,147.5054,labels
158,300,322.1077,17,train,False,-2.0011,-2.5563,8.5837,-1.5587,48.0575,-2.074,8.4224,-2.041,35.129,-2.1504,9.3654,-1.9646,59.5101,labels
359,300,322.6517,13,test,False,-3.4241,-2.3659,6.4123,-1.7491,216.6999,-0.3938,7.2701,-3.7212,59.6319,0.7673,7.1966,-3.3477,157.3184,labels
342,300,322.8478,13,train,False,-0.4173,4.0531,1.2817,-0.0619,1276.6457,1.8348,-30.625,18.74,1922.068,3.412,-9.3943,-0.703,207.3547,labels
407,300,322.8647,10,test,False,-2.6312,2.2921,4.458,-1.8229,320.3944,0.6245,7.2407,-3.4905,91.6193,0.9494,7.3663,-3.1656,56.7931,labels
238,300,322.9568,4,train,False,-0.6479,0.0636,23.3205,23.3205,2813.8899,5.893,-60.696,54.296,5613.6665,3.0881,-5.9845,-0.4155,142.4049,labels
266,300,323.0425,8,train,False,-2.0629,-1.4565,7.8163,-2.6585,168.7899,-1.9146,9.7722,-2.1128,40.0904,-1.9067,9.557,-2.2083,21.7212,labels
140,300,323.1795,24,train,False,-2.4239,0.51,9.8225,-2.0625,105.8257,1.3241,10.2737,-1.6113,83.2391,1.4178,9.0907,-2.6972,38.0359,labels
100,300,323.2635,11,train,False,-1.7548,1.8547,3.6784,-2.2603,1118.9181,2.2878,-8.3899,-1.8272,89.3442,2.3033,-8.3424,-1.8117,84.4901,labels
12,300,323.434,11,train,False,-0.5685,2.6797,9.1786,-1.4353,142.3722,3.7467,10.8945,-0.3683,61.975,3.739,10.4063,-0.376,21.6096,labels
382,300,323.9738,14,test,False,-1.3616,0.8043,4.6267,-3.3107,1131.1096,3.6172,-15.8741,3.9891,939.8737,3.0059,-7.066,-1.1091,60.5949,labels
292,300,324.2623,13,train,False,-3.1812,0.6234,7.6258,-3.4916,1232.4184,-1.8106,-15.1093,3.2243,1054.6286,-1.4476,-9.2362,-2.6488,466.4979,labels
139,300,324.3349,11,train,False,-1.8619,-0.4266,5.9737,-3.6884,1160.4684,-1.322,1.1445,-2.793,669.5901,-2.0195,-7.4966,-2.0955,202.374,labels
429,300,324.4444,11,test,False,-0.7003,-0.8083,4.5164,-3.3067,372.1952,-2.7304,6.3266,-1.3846,108.8733,-3.1534,6.2907,-0.9616,92.0554,labels
16,300,324.4444,16,train,False,-3.767,0.7179,5.0921,-3.3971,1200.2589,-0.6563,-9.5001,-2.3849,265.5005,-0.6156,-7.1355,-3.4994,38.1927,labels
110,300,324.5527,11,train,False,-0.336,-4.1152,3.4266,0.0002,1301.7617,-3.9805,-4.1773,-0.1345,541.3116,-3.4073,-7.3821,-0.7077,223.5687,labels
21,300,324.6458,26,train,False,-0.9722,3.0475,5.7441,-1.0675,1204.6098,3.1856,-0.7972,-0.9294,550.4596,3.227,-5.2709,-0.888,103.4122,labels
376,300,324.6485,8,test,False,-0.5387,-0.1102,6.2812,-4.0048,1374.0875,0.629,8.6402,-3.2448,1621.0551,-1.5978,-9.3263,-2.5172,304.2109,labels
63,300,324.6944,18,test,False,-0.6152,2.0663,-0.3976,-2.0487,1092.2049,1.9784,0.2643,-2.1366,1158.933,2.5565,-7.281,-1.5585,402.6896,labels
18,300,324.7059,11,train,False,-1.4971,-2.2449,8.051,-1.8701,41.4767,-2.5095,-2.4958,-1.6055,1072.8783,-2.3435,7.2012,-1.7715,106.7203,labels
36,300,324.8301,16,train,False,-1.6139,-2.6347,2.4823,-1.4803,1281.1102,-0.8488,-18.0398,6.1548,778.9652,-1.3477,-7.5977,-2.7673,267.4329,labels
338,300,324.9067,9,train,False,-2.2033,0.1551,7.865,-3.9599,1404.5961,2.5171,-10.9578,-0.9272,492.4422,2.2316,-8.3599,-1.8834,231.1406,labels
377,300,324.9231,5,test,False,-0.6598,1.3728,3.5632,-1.3728,220.4089,2.2631,4.7955,-1.6045,129.6623,2.7248,5.2315,-1.1685,119.522,labels
367,300,324.9431,11,test,False,-3.6005,0.8563,5.8782,-3.2587,1174.3566,-0.0492,-1.3245,-4.0658,448.476,-0.6243,-7.471,-3.4907,168.9521,labels
434,300,325.0133,11,test,False,-1.7066,-1.1553,6.6889,-2.9597,207.7899,-2.2352,8.624,-1.8798,32.7154,-2.2552,7.8379,-1.8598,53.118,labels
428,300,325.0697,17,test,False,-1.1186,1.9262,3.4242,-2.1888,1104.9023,3.5863,-23.6987,11.8137,1613.662,3.1106,-6.6656,-1.0044,91.4425,labels
299,300,325.1108,15,train,False,-0.4202,-2.5652,3.8086,-1.5498,1322.4937,-3.5321,-6.118,-0.5829,325.4073,-3.4207,-8.3166,-0.6943,108.6538,labels
270,300,325.1131,7,train,False,-0.8438,-3.9829,9.3093,-0.1321,1686.3595,-2.6529,-13.2297,1.3447,572.3831,-2.8894,-6.9592,-1.2256,69.4399,labels
390,300,325.4153,9,test,False,-2.1859,0.8972,6.2561,-3.2178,1320.8168,-0.7295,-0.5796,-3.3855,618.4064,-1.8763,-8.0938,-2.2387,144.8628,labels
80,300,325.4902,14,test,False,-3.8085,0.0833,4.6829,-4.0317,224.7976,-0.2847,5.7693,-3.8303,112.7806,-0.194,6.1271,-3.921,77.7967,labels
112,300,325.601,12,train,False,-2.1298,-0.2812,4.8917,-3.8338,1264.25,-0.71,2.4914,-3.405,1020.678,-1.8728,-6.3908,-2.2422,124.9706,labels
395,300,325.7705,16,test,False,-1.3242,1.3623,5.6216,-2.7527,170.966,3.3664,5.9885,-0.7486,81.1719,3.0905,5.9498,-1.0245,68.0527,labels
402,300,326.183,14,test,False,-2.6479,2.1282,4.0555,-1.9868,146.2548,1.7026,4.2297,-2.4124,115.4724,1.352,4.8139,-2.763,55.8156,labels
297,300,326.5272,15,train,False,-1.599,-0.9603,4.4486,-3.1547,1340.2643,-2.294,-5.7231,-1.821,314.823,-2.477,-7.8366,-1.638,102.7613,labels
358,300,326.5786,25,test,False,-2.2134,-2.2047,7.8746,-1.9103,1282.3087,-1.7838,-7.1008,-2.3312,215.9124,-1.8058,-8.9354,-2.3092,399.164,labels
414,300,326.7382,13,test,False,-2.44,-1.0145,4.2918,-3.1005,1147.9706,-1.4344,-5.3452,-2.6806,183.9507,-1.4313,-6.9862,-2.6837,30.4529,labels
171,300,326.8148,19,train,True,0.314,-4.7913,5.6372,0.6763,582.1588,-4.7456,9.5508,0.6306,972.9033,-3.676,1.9934,-0.439,229.3664,labels
4,300,327.2515,9,train,False,-0.2068,2.4934,6.3427,-1.6216,1425.3355,4.5426,-16.3924,4.5074,857.5577,3.9882,-7.6203,-0.1268,23.4083,labels
418,300,327.441,11,test,False,-1.57,-0.0271,4.7619,-4.0879,1028.4675,4.7972,-19.7482,7.8632,1472.5505,3.4713,-7.6768,-0.6437,264.8189,labels
76,300,327.4932,23,test,True,0.2631,-4.1584,0.9082,0.0434,199.4116,-4.2968,-0.0759,0.1818,100.1118,-4.225,3.9337,0.11,500.9758,labels
416,300,327.6834,11,test,False,-3.9656,1.6482,4.7343,-2.4668,1113.8052,-0.5621,-8.941,-2.944,271.481,-1.0441,-7.8141,-3.0709,179.5134,labels
37,300,328.0368,10,train,False,-1.8628,1.0727,5.712,-3.0423,165.5323,1.9739,7.1422,-2.1411,38.6908,1.9347,7.3409,-2.1803,56.5128,labels
423,300,328.264,12,test,False,-3.0515,-2.2754,5.3822,-1.8396,1177.5694,-1.6761,-1.4981,-2.4389,487.15,-1.0975,-8.7686,-3.0175,243.7864,labels
396,300,328.2665,16,test,False,-3.8379,0.6935,1.7897,-3.4215,902.8189,2.0224,8.0312,-2.0926,1539.011,-0.2097,-5.6981,-3.9053,148.9658,labels
343,300,328.3768,28,train,False,-0.0242,-3.2528,16.8765,4.9915,552.8295,-3.8931,10.8633,-0.2219,58.3343,-3.6079,8.8135,-0.5071,264.3082,labels
443,300,328.5086,12,test,False,-0.2851,-1.5669,6.1267,-2.5481,322.1888,-4.6591,7.7927,0.5441,103.9906,-4.3038,7.7406,0.1888,82.8488,labels
378,300,328.5398,11,test,False,-0.6224,-0.2961,4.2537,-3.8189,1316.0882,-0.1088,4.7481,-4.0062,1368.6036,-2.1871,-5.9182,-1.9279,290.474,labels
260,300,328.6166,26,train,False,-3.9489,-1.8631,4.6737,-2.2519,1259.1331,0.578,-11.9474,0.0624,421.4511,0.5532,-5.7886,-3.5618,200.229,labels
261,300,328.6486,8,train,False,-1.6415,-1.0404,5.9132,-3.0746,187.0774,-2.2214,7.7268,-1.8936,66.0878,-2.076,8.3454,-2.039,129.2268,labels
72,300,328.7805,10,test,False,-3.0509,1.5908,3.7863,-2.5242,295.9722,1.0342,5.8189,-3.0808,88.0313,0.9246,5.2915,-3.1904,141.4155,labels
331,300,329.1386,7,train,False,-0.9293,-2.6691,2.204,-1.4459,278.4546,-2.9276,5.3136,-1.1874,45.389,-3.0126,7.5135,-1.1024,257.911,labels
108,300,329.271,23,train,False,-2.2486,-1.1749,1.0672,-2.9401,844.11,-0.113,8.7841,-3.1009,1622.4661,-1.5439,-7.3667,-2.5711,32.3152,labels
286,300,329.2973,12,train,False,-3.2782,-0.38,5.4253,-3.735,213.2855,0.4751,7.0524,-3.6399,38.2523,0.863,7.1929,-3.252,3.0648,labels
185,300,329.3665,22,train,False,-1.1413,-3.2958,5.8588,-0.8192,353.8253,-3.2835,5.9094,-0.8315,358.7526,-3.1541,5.6435,-0.9609,331.3163,labels
339,300,329.4085,12,train,False,-1.3909,3.7402,7.0837,-0.3748,111.6177,3.0036,6.4562,-1.1114,32.4919,2.7749,7.387,-1.3401,76.6844,labels
35,300,329.4631,8,train,False,-2.3911,0.5933,3.9186,-3.5217,285.7921,0.3366,4.3399,-3.7784,241.0787,-1.2958,5.7569,-2.8192,45.8976,labels
284,300,329.505,13,train,False,-2.5217,-0.0195,6.2893,-4.0955,214.3308,1.4498,7.919,-2.6652,26.1098,1.8971,7.4125,-2.2179,41.8832,labels
6,300,329.6812,8,train,False,-0.3611,3.333,0.2945,-0.782,995.9723,3.5805,-6.072,-0.5345,358.847,3.6936,-4.3767,-0.4214,528.0007,labels
411,300,329.8551,23,test,False,-1.9606,-2.1709,4.9554,-1.9441,143.2726,-1.4959,-5.2697,-2.6191,881.715,-2.0859,4.3403,-2.0291,82.0335,labels
296,300,330.094,20,train,False,-1.3433,1.7835,12.5621,0.6771,246.7861,3.0864,8.5778,-1.0286,175.1378,2.985,11.317,-0.568,103.8486,labels
263,300,330.3744,8,train,False,-1.3515,-2.0183,6.6917,-2.0967,126.9081,-2.9163,6.9881,-1.1987,74.6719,-2.7517,8.8194,-1.3633,110.0453,labels
354,300,330.4165,26,train,True,0.988,4.7591,2.9085,0.6441,888.9343,4.8673,-18.5163,6.6313,1254.4351,2.7939,-8.6582,-1.3211,354.0639,labels
363,300,330.4889,14,test,False,-2.9275,-1.8989,4.9701,-2.2161,1156.2445,-0.8841,-10.3988,-1.4862,384.0376,-1.0266,-9.1454,-2.7396,258.0015,labels
372,300,330.5987,6,test,False,-1.1168,-0.5346,4.7182,-0.5346,144.2724,-1.6176,4.8763,-1.5237,47.4687,-1.3081,5.8657,-0.5343,80.3856,labels
114,300,330.6289,13,train,False,-1.8331,-0.7841,4.2603,-3.3309,1314.2781,-1.1056,2.615,-3.0094,1147.2263,-1.5662,-8.162,-2.5488,95.6637,labels
438,300,330.7865,6,test,False,-1.5626,-0.0401,10.8431,10.8431,1549.7783,1.3946,-9.5617,3.1617,499.2905,1.2891,-7.3655,0.9655,280.7276,labels
111,300,330.9955,6,train,False,-1.3446,0.8985,4.2561,-0.8985,148.0047,1.6454,5.4986,-0.9014,66.7159,1.9895,5.9816,-0.4184,93.9046,labels
56,300,331.2418,18,test,False,-2.0455,-2.3923,1.839,-1.7227,962.9324,-2.3512,1.0967,-1.7638,888.6078,-2.2142,-7.2502,-1.9008,55.4011,labels
97,300,331.6078,10,train,False,-1.6004,-0.6025,6.7613,-3.5125,252.306,-2.5393,8.8518,-1.5757,44.493,-3.1865,6.9928,-0.9285,156.6181,labels
127,300,331.6379,16,train,False,-1.4451,-2.3282,6.3333,-1.7868,993.8054,-2.2149,-31.1158,19.2308,2752.0647,-2.3178,-9.9323,-1.7972,634.316,labels
413,300,331.8919,4,test,False,-0.3932,-0.0242,1.8711,0.0242,415.9691,4.0209,-64.3623,64.3623,7046.1172,2.788,5.8703,-0.5297,237.0561,labels
136,300,331.8974,15,train,False,-2.207,2.5827,9.2261,-1.5323,72.4569,2.122,8.7041,-1.993,81.4785,1.7325,9.4763,-2.3825,17.6054,labels
68,300,331.9298,23,test,False,-2.4544,-1.4844,-3.2411,-2.6306,619.9263,-1.841,4.8439,-2.274,1429.188,-1.2468,-4.5284,-2.8682,490.3417,labels
49,300,331.9298,14,test,False,-1.9144,-2.0408,6.129,-2.0742,203.7238,-2.0479,6.8163,-2.0671,135.2314,-1.9586,6.9412,-2.1564,124.2581,labels
39,300,332.1437,11,train,False,-2.091,0.462,5.2316,-3.653,228.4376,2.0607,6.6507,-2.0543,25.0427,1.9137,5.9703,-2.2013,93.4681,labels
360,300,332.1692,14,test,False,-1.4209,-2.0334,4.6563,-2.0816,1240.0498,-2.9099,-10.1643,-1.2051,244.7202,-2.7429,-8.7079,-1.3721,98.2525,labels
369,300,332.2864,13,test,False,-1.4469,1.2025,3.5602,-2.9125,1328.8651,2.3705,-6.2952,-1.7445,336.5322,2.5148,-7.5985,-1.6002,205.4579,labels
75,300,332.6038,7,test,False,-3.7093,-2.6843,11.3939,-0.4911,1057.0632,-2.2668,10.177,-1.708,928.4975,-0.3535,-3.2416,-3.7615,458.9831,labels
348,300,332.6565,6,train,False,-1.8374,-1.7411,8.0998,-2.3739,1704.8196,-1.8938,-8.7916,-2.2212,41.15,-1.8166,-6.4537,-2.2984,252.8634,labels
398,300,332.8579,5,test,False,-0.6297,1.4016,3.899,-1.4016,271.2829,4.0483,5.5508,-0.0667,56.9348,3.5604,5.6335,-0.5546,7.5141,labels
170,300,332.906,9,train,False,-1.2598,1.1722,5.5089,-2.9428,314.7664,3.9967,8.6979,-0.1183,125.8167,3.4783,7.9041,-0.6367,67.7012,labels
383,300,333.0598,14,test,False,-2.0572,0.0439,9.3698,-2.5152,212.0605,-1.6485,9.6921,-2.1929,72.9749,-2.0585,9.0704,-2.0565,1.7604,labels
167,300,333.1031,11,train,False,-1.8061,2.711,5.5789,-1.404,1254.9432,2.4442,-3.95,-1.6708,301.7187,2.4849,-8.2156,-1.6301,126.3745,labels
51,300,333.2135,25,test,False,-0.8455,-2.8279,8.3864,-1.2871,87.0437,-0.3898,-1.6765,-3.7252,974.7825,-2.9655,7.9833,-1.1495,46.1303,labels
65,300,333.3333,17,test,False,-3.0207,-1.7292,4.9736,-2.3858,160.5377,-1.1815,5.7763,-2.9335,67.7426,-1.1305,5.1743,-2.9845,127.4318,labels
45,300,333.3333,21,train,False,-2.3769,1.5884,10.1096,-1.7754,109.8978,1.4838,9.9354,-1.9496,94.9201,1.7636,9.8922,-1.9928,87.172,labels
240,300,333.3333,31,train,False,-2.5348,-0.6296,16.0486,4.1636,672.1983,-0.2739,8.2495,-3.6355,111.9953,-0.4343,11.6879,-0.1971,236.6446,labels
94,300,333.5393,9,train,False,-2.6323,-1.6046,4.282,-2.5104,1060.1349,3.898,-18.2348,6.3498,1260.8462,1.7677,-6.2803,-2.3473,50.7949,labels
71,300,333.7721,16,test,False,-0.7569,-2.4213,2.0679,-1.6937,1018.9356,-3.008,-4.5249,-1.107,357.0636,-3.0413,-6.9537,-1.0737,116.8306,labels
11,300,334.1313,24,train,False,-1.5572,-0.956,-0.3474,-3.159,999.7327,-1.5252,7.7786,-2.5898,1814.2898,-0.7148,-6.1213,-3.4002,422.0221,labels
370,300,334.3448,11,test,False,-2.303,2.6381,4.277,-1.4769,194.3237,2.1792,5.5912,-1.9358,57.6788,1.8973,5.4169,-2.2177,62.4914,labels
148,300,334.4893,17,train,False,-2.4449,2.6637,9.6519,-1.4513,111.756,2.0665,10.3105,-1.5745,123.5343,1.9264,8.8976,-2.1886,35.3157,labels
321,300,334.5248,17,train,False,-2.1856,-2.8957,5.901,-1.2193,1449.568,-1.2423,-20.3155,8.4305,1177.3063,-1.9007,-6.5035,-2.2143,205.9164,labels
250,300,334.5324,15,train,False,-2.8849,0.0963,9.7183,-2.1667,356.2504,1.1891,8.4906,-2.9259,214.9975,1.8343,9.1903,-2.2807,291.2644,labels
124,300,334.8843,22,train,False,-3.7463,1.1016,5.2469,-3.0134,79.7388,0.4054,5.5394,-3.7096,4.2581,0.2405,5.6512,-3.8745,15.6769,labels
440,300,334.902,16,test,False,-2.2635,-2.6895,5.7898,-1.4255,1095.5388,-1.7043,-4.6366,-2.4107,51.83,-1.7474,-7.8268,-2.3676,269.5269,labels
78,300,335.1598,15,test,False,-2.6022,2.2472,4.6007,-1.8678,137.5732,2.7474,2.4273,-1.3676,355.7728,1.9501,5.0165,-2.1649,86.5964,labels
87,300,335.1724,20,test,False,-1.6365,-2.9719,2.2794,-1.1431,239.4067,-2.9773,2.2712,-1.1377,238.7175,-1.8215,5.2165,-2.2935,532.0536,labels
356,300,335.3366,4,test,False,-0.3354,1.0602,15.7533,15.7533,2190.6781,1.9396,9.1725,9.1725,1526.7782,2.6097,-6.0198,-0.3802,117.0479,labels
55,300,335.5556,22,test,False,-2.4284,-0.6764,9.5012,-2.3838,117.4662,-1.1819,9.393,-2.492,70.4312,-1.3354,9.0987,-2.7796,40.2683,labels
323,300,335.6231,8,train,False,-0.2922,-1.1196,7.611,-2.9954,1496.6073,-4.6067,-11.7906,0.4917,474.6894,-3.4209,-8.6676,-0.6941,160.969,labels
387,300,335.641,11,test,False,-0.6988,3.9347,5.7733,-0.1803,271.1539,3.746,7.0827,-0.369,139.1683,3.4889,6.7598,-0.6261,167.6577,labels
278,300,335.698,14,train,False,-1.7017,1.689,9.545,-2.34,105.1813,2.3289,9.6588,-1.7861,88.0566,2.2658,8.8629,-1.8492,16.8089,labels
98,300,335.7192,12,train,False,-2.0548,-0.2241,7.2254,-3.8909,1288.6531,2.1289,-5.2214,-1.9861,24.5404,1.6541,-5.6053,-2.4609,43.2322,labels
135,300,335.7265,14,train,False,-1.3883,2.8479,-0.2238,-1.2671,830.92,2.5678,-9.543,-1.5472,102.3273,2.5971,-7.6217,-1.5179,91.9567,labels
115,300,335.7669,10,train,False,-2.091,-0.0061,3.7775,-4.1089,355.9436,-0.2518,3.1416,-3.8632,422.4963,1.57,6.5778,-2.545,47.051,labels
365,300,336.1163,15,test,False,-2.7103,-0.2342,4.3377,-3.8808,1268.2172,-1.1621,-4.8501,-2.9529,344.8761,-1.3038,-6.5515,-2.8112,174.1745,labels
25,300,336.2159,20,train,False,-3.0333,-0.0705,1.9573,-4.0445,988.3374,0.5799,6.2707,-3.5351,1424.2248,-1.1049,-7.2503,-3.0101,62.4369,labels
109,300,336.2735,10,train,False,-0.7279,-3.2065,5.5978,-0.9085,310.0443,-3.3233,8.8386,-0.7917,15.8965,-3.3702,7.9226,-0.7448,77.0586,labels
275,300,336.2963,10,train,False,-0.06,4.594,8.1231,0.479,54.5369,4.346,9.5472,0.231,137.2236,4.2624,9.6561,0.1474,146.4626,labels
142,300,336.5945,13,train,False,-1.0698,-3.37,8.3097,-0.745,254.3268,-3.1241,10.5981,-0.9909,28.9034,-1.7554,10.1709,-1.7141,134.2662,labels
306,300,336.5967,16,train,False,-0.4536,2.0549,9.5503,-2.0601,1292.9481,4.4579,-21.6191,9.7341,1835.7462,4.1279,-7.7287,0.0129,447.414,labels
262,300,336.7761,35,train,False,-2.9389,-2.0947,4.3212,-2.0203,893.9645,-4.8234,19.3313,7.4463,2417.9176,-1.8027,-2.1695,-2.3123,248.2009,labels
147,300,337.0136,9,train,False,-1.0175,1.1643,5.8254,-2.9507,1408.6941,2.8813,-5.2455,-1.2337,289.0797,2.6436,-6.2098,-1.4714,197.1404,labels
330,300,337.2597,11,train,False,-3.6771,1.1012,6.219,-3.0138,1381.2532,-0.4008,-4.9409,-3.7142,256.6827,-0.734,-7.8209,-3.381,43.1149,labels
420,300,337.3041,30,test,False,-3.8904,0.3657,3.5631,-3.7493,1052.6843,-0.0291,-8.3081,-3.5769,137.4825,-0.0491,-6.5496,-4.0659,43.4673,labels
79,300,337.4671,13,test,False,-3.3649,0.9845,4.2815,-3.1305,953.5789,0.8819,1.1699,-3.2331,642.2724,0.8842,-6.7134,-3.2308,146.8153,labels
117,300,337.5599,17,train,False,-2.8546,-0.4324,10.0914,-1.7936,158.3275,0.0301,10.4409,-1.4441,158.0344,0.3254,9.1789,-2.7061,44.3052,labels
15,300,337.586,14,train,False,-1.9423,0.5355,10.0614,-1.8236,175.2965,2.0469,10.3065,-1.5785,88.067,2.2281,9.8179,-1.8869,38.7022,labels
347,300,337.6499,23,train,False,-3.4437,0.0219,19.0905,7.2055,1265.8936,-0.3538,-0.6448,-3.7612,710.2452,-0.2024,8.3939,-3.4911,199.915,labels
66,300,337.7809,9,test,False,-2.2017,0.948,4.0976,-3.167,1131.268,1.5433,-2.9608,-2.5717,422.9277,1.5692,-7.1672,-2.5458,34.412,labels
129,300,337.8899,16,train,False,-1.2323,-3.5947,4.5878,-0.5203,219.0698,-1.9716,-3.6092,-2.1434,619.2624,-2.6428,5.4479,-1.4722,294.16,labels
138,300,337.9332,15,train,False,-1.3735,1.4915,8.8064,-2.6235,193.8842,2.1658,10.3611,-1.5239,29.0584,2.3061,9.6231,-1.8089,89.4957,labels
375,300,338.1847,5,test,False,-1.2555,0.7693,3.4335,-0.7693,231.8809,4.6607,3.4471,0.5457,205.5482,3.2142,4.7086,-0.9008,44.647,labels
33,300,338.4189,10,train,False,-2.366,-1.8493,5.7564,-2.2657,176.0665,-1.9232,7.6036,-2.1918,19.577,-1.8689,7.5774,-2.2461,13.5546,labels
149,300,338.4549,10,train,False,-1.0949,-1.4153,3.9046,-2.6997,1461.6342,-4.4595,-39.8916,28.0066,2930.3598,-3.2052,-8.2125,-0.9098,241.7987,labels
9,300,338.4615,14,train,False,-0.0442,-4.0792,10.9961,-0.0358,29.4548,-3.9982,11.9031,0.0181,120.3668,-3.7827,9.3808,-0.3323,135.1942,labels
113,300,338.6667,15,train,False,-1.2468,0.8547,10.7053,-1.1797,138.913,1.4557,11.4617,-0.4233,113.8739,1.6113,10.1559,-1.7291,79.4127,labels
257,300,338.7637,16,train,False,-2.4163,2.8322,6.5885,-1.2828,237.8623,1.7816,5.7918,-2.3334,129.7078,1.7938,6.2275,-2.3212,173.2756,labels
415,300,338.8864,9,test,False,-1.5115,0.6238,2.9519,-3.4912,400.552,1.3613,4.7911,-2.7537,205.9667,2.3079,6.9928,-1.8071,63.2215,labels
432,300,338.8889,4,test,False,-0.1622,-0.9053,2.0363,-0.9053,495.37,-5.1044,5.3217,0.9894,130.7945,-3.3859,5.2523,-0.7291,89.2604,labels
436,300,338.9421,13,test,False,-0.8772,3.8336,9.1506,-0.2814,203.9951,3.4696,10.729,-0.6454,55.504,3.1721,9.3789,-0.9429,163.9126,labels
259,300,338.9882,4,train,False,-0.6235,0.0098,5.0517,0.0098,350.3936,-8.8977,-9.8311,9.8311,1570.5194,-2.7467,5.7874,-0.6126,114.7709,labels
351,300,338.9897,25,train,False,-0.4182,3.5082,8.807,-0.6068,1146.7594,3.6641,-1.3198,-0.4509,133.963,3.6335,-6.6077,-0.4815,394.9213,labels
374,300,339.0769,29,test,False,-1.651,1.4186,13.4911,1.6061,332.4373,1.996,10.0199,-1.8651,23.153,1.9234,9.5992,-2.1916,65.4871,labels
232,300,339.1291,19,train,False,-1.9816,3.9364,7.0516,-0.1786,1203.4397,3.6458,4.8913,-0.4692,985.5032,1.9274,-7.4752,-2.1876,263.6368,labels
325,300,339.2221,4,train,False,-0.825,1.2485,5.3957,-1.0043,204.7797,2.8189,5.6119,-0.7881,60.3441,3.2171,5.9904,-0.4096,75.9211,labels
435,300,339.2475,6,test,False,-1.4621,0.0749,10.2362,10.2362,1531.2963,0.6219,4.7528,4.7528,980.7671,0.9968,-5.6371,-0.7629,133.3386,labels
272,300,339.2665,19,train,False,-2.3359,-1.4007,10.0959,-1.7891,1633.4052,-1.8055,-14.9469,3.0619,871.3163,-1.8681,-6.555,-2.2469,33.3237,labels
425,300,339.3258,4,test,False,-0.3307,1.9495,1.8556,-1.8556,331.5179,2.2203,2.2974,-1.8947,279.7386,2.828,5.8243,-0.5757,154.0405,labels
119,300,339.3569,15,train,False,-1.917,0.2268,7.8349,-3.8882,229.6484,1.6589,9.1931,-2.4561,56.8376,2.091,8.7579,-2.024,27.6674,labels
401,300,339.5686,9,test,False,-1.5433,2.667,7.4147,-1.448,1427.5194,2.3934,-5.7595,-1.7216,111.5003,2.3496,-7.7616,-1.7654,92.838,labels
408,300,339.599,12,test,False,-3.3908,-0.1357,3.8531,-3.9793,1161.9543,-0.6931,-5.8035,-3.4219,194.8256,-0.7001,-7.5539,-3.4149,19.9134,labels
313,300,339.6239,10,train,False,-0.1455,4.7529,8.2293,0.6379,172.3057,4.3588,10.0663,0.2438,49.2896,3.8774,9.5361,-0.2376,24.5744,labels
254,300,339.7962,17,train,False,-1.6787,-1.2494,13.72,1.835,619.3194,-2.2861,7.3018,-1.8289,37.1528,-2.5858,11.4236,-0.4614,378.4996,labels
276,300,339.9151,5,train,False,-0.6268,0.1653,3.1346,0.1653,342.6981,-7.4635,-23.9226,23.9226,3019.0347,-2.9847,5.2199,-1.1303,111.0819,labels
412,0,-0.0,8,test,True,0.2213,4.4783,10.8994,0.3633,16.184,9.8419,-12.2066,5.7269,2382.8354,7.094,2.5323,2.979,888.3665,tracknet
118,0,0.0,15,train,False,-1.7037,-2.4097,-5.8345,-1.7053,10.8242,-2.2773,-5.0045,-1.8377,94.7724,-2.7586,-8.5931,-1.3564,267.3057,tracknet
334,0,0.0,27,train,False,-2.3721,-1.7681,-6.7775,-2.3469,2.7421,-0.7081,-0.6492,-3.4069,620.4499,-1.8074,-7.9211,-2.3076,115.6004,tracknet
336,0,0.0,22,train,False,-2.447,1.6856,-8.2304,-2.4294,3.4157,1.7534,-11.8071,-0.0779,360.7029,1.8029,-9.6096,-2.2754,141.4984,tracknet
340,0,0.0,18,train,False,-1.5076,-2.6162,-10.164,-1.4988,18.8034,-1.7159,-1.6658,-2.3991,835.8031,-2.561,-10.4508,-1.4342,47.6885,tracknet
344,0,0.0,27,train,False,-1.6082,-2.4725,-8.7035,-1.6425,4.4632,-2.937,-3.3501,-1.178,534.2272,-2.1258,-8.3973,-1.9892,47.1487,tracknet
352,0,0.0,17,train,False,-0.7644,3.295,9.5586,-0.82,43.0611,3.3659,9.7028,-0.7491,28.3191,3.1012,8.5805,-1.0138,142.7051,tracknet
106,0,0.0,21,train,False,-1.8536,2.1857,-7.4376,-1.9293,16.7924,0.2527,2.2773,-3.8623,977.3655,2.0498,-6.5863,-2.0652,73.2666,tracknet
355,0,0.0,8,train,False,-2.2876,1.8429,-7.37,-2.2721,4.3898,0.4923,-0.3154,-3.6227,713.9424,2.32,-7.5823,-1.795,55.3894,tracknet
102,0,0.0,14,train,False,-1.6599,2.4602,-8.231,-1.6548,16.9693,1.5659,-3.8757,-2.5491,427.9115,2.2944,-8.6363,-1.8206,59.6912,tracknet
96,0,0.0,24,train,False,-1.9982,2.1099,-6.8035,-2.0051,12.1017,-0.0085,6.9697,-4.1065,1381.6756,2.0281,-6.606,-2.0869,11.72,tracknet
368,0,0.0,19,test,False,-2.2766,-1.8846,7.889,-2.2304,16.669,-1.8429,8.0646,-2.2721,1.6125,-1.7796,7.6737,-2.3354,38.0024,tracknet
90,0,0.0,37,test,False,-2.3957,1.6574,-2.2288,-2.4576,13.8259,1.704,-2.3474,-2.411,24.2742,1.5113,0.9801,-2.6037,309.224,tracknet
332,0,0.0,19,train,False,-1.2543,-2.8591,-7.6872,-1.2559,7.0547,-3.1336,-4.2712,-0.9814,335.6618,-2.7483,-8.3609,-1.3667,75.2658,tracknet
86,0,0.0,17,test,False,-1.4289,-2.7087,-6.5259,-1.4063,3.2042,-1.9386,-3.6519,-2.1764,299.1631,-3.0145,-7.9485,-1.1005,143.7885,tracknet
85,0,0.0,31,test,False,-0.9979,3.1095,5.1232,-1.0055,2.8936,3.009,5.0982,-1.106,12.0395,3.2708,4.8631,-0.8442,32.6404,tracknet
84,0,0.0,35,test,True,1.9292,-1.9795,13.6689,1.7839,14.5298,-2.331,14.9025,3.0175,114.354,-1.9575,10.7322,-1.1528,308.205,tracknet
384,0,0.0,20,test,False,-1.443,-2.6381,-7.7177,-1.4769,20.7541,-2.2861,-13.2451,1.3601,574.5207,-2.3528,-9.963,-1.7622,247.0841,tracknet
83,0,0.0,23,test,False,-1.3275,-2.7809,-10.2707,-1.3341,1.1234,-2.5049,-7.0959,-1.6101,317.8281,-2.6818,-9.6271,-1.4332,64.325,tracknet
385,0,0.0,35,test,False,-0.1158,-4.0225,10.9222,-0.0925,14.4042,-4.1293,12.5067,0.6217,144.8278,-3.9835,10.7529,-0.1315,31.1864,tracknet
82,0,0.0,27,test,False,-3.4147,0.7167,6.6223,-3.3983,10.4102,0.3789,6.9452,-3.7361,38.9543,0.8643,6.5991,-3.2507,20.6794,tracknet
77,0,0.0,28,test,False,-2.836,1.2949,-0.0172,-2.8201,5.0988,1.2249,1.4928,-2.8901,146.2491,1.1922,4.656,-2.9228,462.5519,tracknet
404,0,0.0,14,test,False,-1.5406,2.0062,-4.927,-1.473,7.4579,4.1065,-30.1287,23.7287,2535.3931,3.0901,-8.6097,2.2097,389.522,tracknet
405,0,0.0,20,test,True,0.0119,3.7883,11.7545,-0.1305,14.8692,4.2041,10.267,0.0891,167.1966,3.2372,10.282,-0.8778,172.0617,tracknet
73,0,0.0,39,test,False,-1.9185,0.364,-9.9821,-1.9029,2.1945,0.2573,-3.7287,-3.8577,623.8548,0.3792,-8.6515,-3.2335,131.5429,tracknet
5,0,0.0,9,train,False,-0.1724,0.1946,-5.6958,-0.1946,24.4607,0.0556,-1.5881,-0.0556,386.5819,0.2254,-7.232,0.832,178.067,tracknet
120,0,0.0,17,train,False,-1.6728,1.7871,-10.3648,-1.5202,15.3485,2.12,-4.7853,-1.995,543.6093,1.6997,-9.0515,-2.4153,116.5398,tracknet
373,0,0.0,17,test,False,-1.6652,-2.4575,-7.1807,-1.6575,1.1549,-2.5445,-3.3761,-1.5705,381.4374,-2.3496,-8.2208,-1.7654,103.629,tracknet
328,0,0.0,20,train,False,-3.235,-0.9015,-6.7751,-3.2135,16.7603,-0.4926,-3.0083,-3.6224,362.1371,-1.1019,-8.3052,-3.0131,171.0745,tracknet
122,0,0.0,16,train,False,-1.6874,-2.4158,-7.8887,-1.6992,15.9916,-2.2217,-5.5639,-1.8933,217.5132,-2.5505,-8.903,-1.5645,118.0207,tracknet
175,0,0.0,10,train,False,-0.7631,-0.6549,4.3594,-0.6549,51.5797,-1.1065,3.5658,-1.1065,134.26,-1.1318,3.9918,-1.1318,94.6705,tracknet
178,0,0.0,10,train,False,-2.8652,-1.0753,5.3693,-3.0397,74.1457,2.7836,4.9306,-1.3314,419.6697,-1.0163,4.4339,-3.0987,167.2383,tracknet
173,0,0.0,43,train,False,-3.6372,0.4724,-7.7126,-3.6426,14.2609,0.5756,-1.9268,-3.5394,592.9149,0.4145,-7.3534,-3.7005,50.5697,tracknet
180,0,0.0,32,train,False,-3.3822,-0.7096,-7.2395,-3.4054,17.303,-1.0422,-1.2973,-3.0728,612.1509,-0.6278,-7.9769,-3.4872,57.5538,tracknet
182,0,0.0,27,train,False,-2.5609,-1.6078,5.2718,-2.5072,39.3076,0.8094,-4.1854,-3.3056,937.0765,-2.6876,-1.9843,-1.4274,695.9609,tracknet
183,0,0.0,11,train,False,-0.0861,-0.0885,4.9761,-0.0885,65.0526,-0.5158,3.7432,-0.5158,193.1812,-0.4825,4.5924,-0.4825,110.7618,tracknet
163,0,0.0,5,train,False,-2.0105,-2.0845,3.4268,-2.0305,111.1303,-2.7239,6.2095,-1.3911,178.2637,-1.291,1.033,-2.824,359.8092,tracknet
161,0,0.0,36,train,False,-1.8193,2.2069,-7.8619,-1.9081,27.4641,2.0067,-6.3183,-2.1083,131.586,2.1073,-6.1725,-2.0077,144.1944,tracknet
160,0,0.0,19,train,False,-1.2327,-2.9873,5.7939,-1.1277,16.2306,-2.2226,6.1862,-1.8924,83.7561,-2.9307,5.6322,-1.1843,6.1459,tracknet
155,0,0.0,8,train,False,-3.5978,0.6537,-4.8889,-3.4613,19.2931,4.016,-91.6546,79.7696,8697.2497,2.9154,-8.8972,-1.1996,478.8544,tracknet
50,0,0.0,23,test,False,-3.9792,0.1202,-6.7239,-3.9948,5.7699,-0.0023,-5.3683,-4.1127,130.7374,0.2382,-8.1555,-3.7295,149.0636,tracknet
326,0,0.0,26,train,False,-2.5522,-1.5713,-6.1763,-2.5437,9.5064,0.1696,3.5047,-3.9454,974.1635,-1.6191,-7.1148,-2.4959,103.4725,tracknet
154,0,0.0,12,train,True,0.186,0.2797,-6.5982,0.1982,4.2966,-0.4792,13.255,13.255,1985.3929,0.8053,-4.3443,-0.8053,231.2273,tracknet
23,0,0.0,8,train,False,-0.3041,3.7647,5.0455,-0.3503,6.0448,3.5972,5.0134,-0.5178,22.5238,4.1946,4.8719,0.0796,43.8622,tracknet
281,0,0.0,19,train,False,-1.9268,-2.1707,-4.8271,-1.9443,7.2847,-2.3422,-6.4935,-1.7728,160.3116,-2.5921,-8.2717,-1.5229,339.7909,tracknet
143,0,0.0,17,train,False,-2.5683,1.5549,-6.7814,-2.5601,5.5776,1.3606,-5.0007,-2.7544,173.5546,1.6098,-7.9411,-2.5052,121.6495,tracknet
293,0,0.0,19,train,False,-2.0845,-2.0127,-7.9078,-2.1023,17.9114,-1.3786,-2.8356,-2.7364,493.7125,-2.059,-9.1447,-2.056,141.5503,tracknet
137,0,0.0,22,train,False,-1.7355,-1.048,-10.2234,-1.6616,7.3958,-0.4294,-0.4765,-3.6856,969.3036,-1.1174,-8.8165,-2.9976,133.4635,tracknet
133,0,0.0,23,train,False,-2.534,1.5824,-9.2497,-2.5326,7.7856,1.3434,-6.0645,-2.7716,327.1727,1.5862,-8.5548,-2.5288,77.2765,tracknet
131,0,0.0,19,train,False,-2.5427,-1.0593,-8.1294,-3.0557,121.8557,-1.2694,-10.3515,-1.5335,101.3463,-1.2089,-10.8072,-1.0778,146.52,tracknet
311,0,0.0,15,train,False,-3.3884,0.67,-7.5168,-3.445,20.7336,1.2842,-2.652,-2.8308,469.8541,0.4427,-8.4746,-3.4104,119.159,tracknet
314,0,0.0,12,train,False,-2.0402,2.0966,-0.2824,-2.0184,19.1987,-0.447,3.6997,-3.668,455.3417,2.2113,-3.5178,-1.9037,342.8917,tracknet
123,0,0.0,16,train,False,-1.5048,2.6494,-9.323,-1.4656,19.0625,2.6143,-7.6276,-1.5007,150.8808,2.6394,-8.7427,-1.4756,39.4771,tracknet
324,0,0.0,8,train,False,-3.7459,-0.3768,6.501,-3.7382,36.161,-0.0027,3.7949,-4.1123,308.9448,-0.6086,6.3278,-3.5064,58.5941,tracknet
151,0,0.0,39,train,False,-0.85,3.2544,7.3847,-0.8606,5.7724,3.0399,6.4266,-1.0751,103.9556,3.2246,7.8942,-0.8904,45.4517,tracknet
67,0,0.0,27,test,False,-2.3343,-1.6937,5.2236,-2.4213,56.5833,-1.8416,4.5352,-2.2734,124.9049,-1.9835,5.211,-2.1315,60.6656,tracknet
174,0,0.0,21,train,False,-0.0451,4.1002,9.204,-0.0148,56.0451,3.7469,9.3657,-0.3681,51.2496,4.2004,9.1068,0.0854,66.9703,tracknet
57,0,0.0,25,test,True,0.6349,-4.7648,7.6299,0.6498,4.0991,-4.6972,7.348,0.5822,24.9368,-4.7349,7.4424,0.6199,15.0053,tracknet
62,0,0.0,21,test,False,-1.4489,2.6302,-6.5328,-1.4848,11.4275,2.6698,7.1681,-1.4452,1359.2361,2.3524,-7.53,-1.7626,114.9393,tracknet
54,0,0.0,28,test,False,-1.6769,-2.4721,-4.4047,-1.6429,3.3993,-2.0192,-0.1604,-2.0958,426.4179,-2.7049,-5.1094,-1.4101,75.4273,tracknet
61,0,0.0,30,test,False,-1.3072,1.6677,10.4227,-1.4623,15.7813,1.8757,11.5809,-0.3041,103.0708,1.5018,10.4036,-1.4814,22.1511,tracknet
48,0,0.0,22,test,False,-2.2148,-1.8883,-7.3592,-2.2267,3.3742,-2.4237,1.1054,-1.6913,844.9296,-1.8758,-8.0959,-2.2392,76.8649,tracknet
64,0,0.0,21,test,False,-1.6087,-2.5219,-7.8066,-1.5931,2.0872,-2.3935,-0.8994,-1.7215,689.4237,-2.4719,-8.2008,-1.6431,40.9463,tracknet
426,0,0.0,17,test,False,-2.6214,-1.5343,-5.5818,-2.5807,8.3552,-1.0248,-2.9421,-3.0902,260.9096,-2.1649,-7.523,-1.9501,212.3156,tracknet
52,0,0.0,24,test,False,-1.2026,-2.9258,-8.6675,-1.1892,6.302,-3.4182,-2.8679,-0.6968,576.0278,-2.8478,-8.8802,-1.2672,28.1813,tracknet
2,0,0.0,15,train,False,-1.5397,2.5714,-7.1192,-1.5436,12.596,3.2244,-0.2005,-0.8906,682.3647,2.5326,-8.3492,-1.5824,135.6604,tracknet
417,0,0.0,27,test,False,-1.001,-3.0117,6.887,-1.1033,10.9727,-2.7564,6.0267,-1.3586,96.8592,-2.8503,6.1192,-1.2647,84.9556,tracknet
371,0,0.1025,24,test,False,-0.3195,3.8094,-9.2699,-0.3056,1.4785,3.7973,-8.5665,-0.3177,70.8539,3.7954,-9.1847,-0.3196,9.0325,tracknet
322,0,0.3586,22,train,False,-2.3326,1.7619,5.9059,-2.3531,2.5782,1.3333,7.4135,-2.7817,155.8164,1.7905,5.8227,-2.3245,9.9029,tracknet
341,0,0.4065,25,train,False,-1.3064,2.8436,6.7662,-1.2714,3.5152,2.6717,7.1054,-1.4433,36.2241,2.9356,6.6945,-1.1794,14.7697,tracknet
177,0,0.7407,21,train,False,-0.4077,3.7435,10.4015,-0.3715,29.7127,3.8137,10.7947,-0.3013,69.6279,3.6407,10.3025,-0.4743,20.6919,tracknet
231,0,0.7824,19,train,False,-0.4403,3.6511,7.2034,-0.4639,4.2022,3.5352,6.8605,-0.5798,40.258,3.7608,7.318,-0.3542,11.7473,tracknet
181,0,0.9456,6,train,False,-2.5451,1.2044,6.9209,-2.9106,40.14,-0.9469,8.7596,-3.1254,321.7529,2.9325,2.6234,-1.1825,435.0467,tracknet
421,0,0.9466,28,test,False,-1.2566,-2.8825,4.4827,-1.2325,7.4087,-2.8114,5.3629,-1.3036,81.1499,-2.9311,3.7159,-1.1839,84.0039,tracknet
285,0,0.955,24,train,False,-2.1941,-1.9487,-9.3031,-2.1663,6.6659,-1.6574,-5.2799,-2.4576,409.2264,-2.0464,-9.4069,-2.0686,13.2739,tracknet
280,0,1.1273,21,train,False,-2.1414,1.9208,8.1744,-2.1942,34.9625,1.9566,7.9864,-2.1584,53.3912,2.2005,7.9792,-1.9145,58.6553,tracknet
303,0,1.1419,10,train,False,-0.8253,3.2626,4.8723,-0.8524,10.7672,3.6192,4.9036,-0.4958,33.7457,4.1366,4.8059,0.0216,86.3918,tracknet
125,0,1.4527,16,train,True,0.0282,4.1502,-9.1832,0.0352,27.794,4.7324,-16.8379,4.9529,795.443,4.3579,-11.1585,0.2429,226.332,tracknet
269,0,1.4733,38,train,False,-2.1426,-1.9368,8.9282,-2.1782,3.5728,-1.8191,9.8828,-2.0022,96.4303,-1.9703,8.0573,-2.1447,87.3424,tracknet
43,0,1.6778,10,train,True,0.0533,4.1584,-6.0425,0.0434,11.9678,4.6014,-10.3032,3.9032,440.1347,4.0727,-8.0056,1.6056,208.4603,tracknet
362,0,1.7927,20,test,False,-2.0925,-2.0136,9.276,-2.1014,16.724,-0.8899,10.0911,-1.7939,149.9043,-2.0456,9.1911,-2.0694,8.5345,tracknet
8,0,1.8052,31,train,False,-2.0329,-2.0823,-8.7846,-2.0327,106.7615,-2.0382,-8.0958,-2.0768,175.6574,-2.0866,-8.9722,-2.0284,88.0136,tracknet
169,0,2.0872,46,train,False,-2.3814,-1.7135,-4.9027,-2.4015,2.034,-4.0037,18.1062,6.2212,2311.7713,-1.1181,-4.8921,-2.9969,61.5521,tracknet
359,0,2.6517,21,test,False,-3.4241,-0.7172,7.6478,-3.3978,14.1779,-1.1648,7.7352,-2.9502,47.6801,-0.1292,7.2288,-3.9858,79.1963,tracknet
342,0,2.8478,21,train,False,-0.4173,3.4001,-11.368,-0.517,9.9905,3.1619,-14.007,2.122,254.9911,3.1595,-10.3424,-0.9555,114.9672,tracknet
407,0,2.8647,18,test,False,-2.6312,1.5244,7.6696,-2.5906,11.8406,1.1468,7.1501,-2.9682,52.9391,1.1078,7.0064,-3.0072,66.7848,tracknet
238,0,2.9568,12,train,False,-0.6479,3.4943,-4.6723,-0.6207,6.6333,4.1677,-13.7002,7.3002,911.5399,3.7425,-7.5127,1.1127,291.3942,tracknet
266,0,3.0425,16,train,False,-2.0629,-1.9983,9.0231,-2.1167,37.6383,-1.9219,9.5409,-2.1931,19.5071,-2.064,8.8937,-2.051,50.2006,tracknet
140,0,3.1795,31,train,False,-2.4239,1.4704,9.4799,-2.4051,3.9084,1.1298,10.0048,-1.8802,66.0433,1.6298,9.4373,-2.4477,12.7437,tracknet
100,0,3.2635,19,train,False,-1.7548,2.3444,-7.5295,-1.7706,3.3995,2.3912,-9.4623,-1.7238,196.3111,2.4328,-9.1247,-1.6822,162.6924,tracknet
249,0,3.4328,11,train,False,-2.1043,-2.011,-5.2507,-2.104,9.368,-0.8346,16.5737,4.6887,2176.2516,-1.8467,-6.0042,-2.2683,86.2964,tracknet
12,0,3.434,19,train,False,-0.5685,3.505,9.8705,-0.61,43.9478,3.5632,10.001,-0.5518,30.7393,3.5216,9.8861,-0.5934,42.2675,tracknet
382,0,3.9738,19,test,False,-1.3616,2.6706,-6.2887,-1.4444,24.114,3.3039,-12.1994,0.3144,571.0857,3.2237,-8.4508,-0.8913,199.1917,tracknet
292,0,4.2623,18,train,False,-3.1812,-0.9078,-4.0901,-3.2072,51.0176,-1.0952,-6.6828,-3.0198,208.9513,-1.4092,-7.9367,-2.7058,337.0845,tracknet
139,0,4.3349,19,train,False,-1.8619,-2.2399,-5.4048,-1.8751,8.2618,-1.5906,-0.7352,-2.5244,479.7123,-2.5434,-8.251,-1.5716,277.9867,tracknet
165,0,4.3719,21,train,False,-2.8144,1.2635,-8.0556,-2.8515,28.3689,0.3884,3.4329,-3.7266,1180.5093,1.3047,-7.3845,-2.8103,95.234,tracknet
429,0,4.4444,16,test,False,-0.7003,-3.2244,6.8312,-0.8906,39.1581,-2.3745,6.4755,-1.7405,125.2603,-3.3695,6.2022,-0.7455,97.222,tracknet
16,0,4.4444,23,train,False,-3.767,-0.3148,-6.7889,-3.8002,8.1246,-0.0936,-3.4927,-4.0214,337.9987,-0.3755,-8.2072,-3.6778,134.4366,tracknet
110,0,4.5527,19,train,False,-0.336,-3.8352,-9.5232,-0.2798,8.474,-3.6283,-13.7146,1.8296,413.0718,-3.5673,-10.1008,-0.5477,55.6056,tracknet
21,0,4.6458,34,train,False,-0.9722,3.1022,-6.0925,-1.0128,21.2978,3.183,-2.8649,-0.932,343.6901,3.1234,-7.5514,-0.9916,125.0002,tracknet
376,0,4.6485,14,test,False,-0.5387,-3.4565,-7.0036,-0.6585,12.0313,-1.3105,2.6813,-2.8045,995.7879,-4.0499,-8.1102,-0.0651,119.2863,tracknet
63,0,4.6944,24,test,False,-0.6152,3.1246,-11.1274,-0.7576,14.3183,2.2382,-1.7928,-1.8768,951.6866,2.8934,-8.6695,-1.2216,260.9206,tracknet
18,0,4.7059,19,train,False,-1.4971,-2.6039,7.9498,-1.5111,28.3042,-2.5067,1.1655,-1.6083,706.7843,-2.518,6.4495,-1.597,178.5766,tracknet
234,0,4.7799,10,train,False,-0.3821,3.6724,4.7538,-0.4426,54.3756,3.3517,4.8002,-0.7633,69.9762,4.1327,4.6269,0.0177,57.5198,tracknet
36,0,4.8301,23,train,False,-1.6139,-1.4274,-10.2769,-1.6081,0.9415,-1.6528,-8.1966,-2.4622,208.7511,-1.332,-8.4628,-2.783,181.0445,tracknet
157,0,4.8433,28,train,False,-1.9456,-2.1861,-9.7034,-1.9289,13.1946,-2.0586,-4.5743,-2.0564,499.9419,-2.1985,-8.8602,-1.9165,71.293,tracknet
338,0,4.9067,15,train,False,-2.2033,1.9137,-5.9029,-2.2013,16.7851,2.0358,-7.0746,-2.0792,101.1505,2.1479,-8.564,-1.9671,250.4467,tracknet
377,0,4.9231,13,test,False,-0.6598,3.4212,4.3521,-0.6938,7.4842,2.3541,4.4624,-1.7609,111.5206,3.4929,4.4949,-0.6221,21.2897,tracknet
367,0,4.9431,19,test,False,-3.6005,-0.5265,-5.6159,-3.5885,16.9629,-0.5973,-6.464,-3.5177,68.3948,-0.6748,-8.1604,-3.4402,238.0704,tracknet
434,0,5.0133,19,test,False,-1.7066,-2.3831,8.3334,-1.7319,2.8574,-1.8602,8.2431,-2.2548,55.7909,-2.4245,8.025,-1.6905,32.1899,tracknet
428,0,5.0697,24,test,False,-1.1186,3.0043,-7.259,-1.1107,31.3913,3.3334,-14.1085,2.2235,654.4349,3.1771,-8.6311,-0.9379,107.3556,tracknet
299,0,5.1108,23,train,False,-0.4202,-3.7223,-9.1125,-0.3927,25.6898,-3.5433,-6.2298,-0.5717,314.1816,-3.7666,-9.7665,-0.3484,40.491,tracknet
270,0,5.1131,15,train,False,-0.8438,-3.3218,-7.4031,-0.7932,14.5351,-2.8718,-13.2282,1.3432,570.2905,-2.7359,-9.8014,-1.3791,232.4543,tracknet
166,0,5.3624,23,train,False,-1.8152,2.2018,6.0078,-1.9132,16.8502,2.6323,6.9543,-1.4827,113.3476,1.9652,6.1365,-2.1498,42.736,tracknet
390,0,5.4153,17,test,False,-2.1859,-1.9226,-6.3985,-2.1924,24.7754,-0.602,0.3255,-3.513,709.6817,-2.2637,-8.5184,-1.8513,190.1933,tracknet
80,0,5.4902,22,test,False,-3.8085,-0.3003,6.796,-3.8147,10.1011,-0.2438,6.7888,-3.8712,12.4933,-0.4402,6.7897,-3.6748,17.1302,tracknet
112,0,5.601,20,train,False,-2.1298,-1.9493,-7.497,-2.1657,14.2954,-0.5972,2.9944,-3.5178,1072.0014,-2.1034,-7.5442,-2.0116,14.9349,tracknet
29,0,5.6256,7,train,False,-3.9894,-0.1062,3.6716,-4.0088,11.2352,0.1898,5.7547,-3.9252,199.7512,-0.3906,0.2816,-3.7244,351.0684,tracknet
395,0,5.7705,24,test,False,-1.3242,2.7522,6.6769,-1.3628,12.2314,3.0571,6.4239,-1.0579,29.9364,3.1167,6.3853,-0.9983,37.0125,tracknet
164,0,6.1337,31,train,False,-1.8387,-2.2317,7.8813,-1.8833,25.4998,-2.3737,9.382,-1.7413,125.3427,-2.1754,7.4903,-1.9396,64.9937,tracknet
402,0,6.183,22,test,False,-2.6479,1.4592,5.2537,-2.6558,10.672,1.7144,5.4157,-2.4006,25.3495,1.1325,6.5013,-2.9825,118.9242,tracknet
247,0,6.2745,11,train,False,-0.4054,-3.7172,4.9279,-0.3978,27.2977,-3.7694,4.5177,-0.3456,14.978,-4.0593,5.0959,-0.0557,56.2686,tracknet
159,0,6.3774,27,train,False,-1.2743,2.8756,-8.4475,-1.2394,3.6227,2.7102,-5.1746,-1.4048,326.5848,2.8747,-8.6177,-1.2403,18.3121,tracknet
32,0,6.3927,7,train,False,-3.3809,-0.7306,-4.3561,-3.3844,31.8816,-0.4042,6.8897,-3.7108,1156.9327,-0.8234,-6.0549,-3.2916,138.283,tracknet
184,0,6.5224,45,train,False,-2.2096,-1.9139,-5.9333,-2.2011,28.8072,-1.8165,-7.1468,-2.2985,92.9814,-1.9523,-6.6602,-2.1627,44.1365,tracknet
297,0,6.5272,23,train,False,-1.599,-2.5261,-8.5719,-1.5889,29.1681,-2.1139,-4.3294,-2.0011,455.1841,-2.8371,-9.5881,-1.2779,79.2656,tracknet
358,0,6.5786,31,test,False,-2.2134,-1.9147,-4.7858,-2.2003,15.9603,-1.8432,-5.7092,-2.2718,76.6533,-1.8561,-7.4436,-2.2589,249.9131,tracknet
414,0,6.7382,20,test,False,-2.44,-1.6502,-7.1304,-2.4648,4.5794,-1.7279,-9.5838,-2.3012,241.5517,-1.5811,-8.9939,-2.5339,182.7469,tracknet
379,0,6.9272,10,test,False,-0.451,0.4458,4.2138,-0.4458,27.159,0.1537,3.8086,-0.1537,73.9192,0.557,4.4483,-0.557,11.2236,tracknet
10,0,7.2357,10,train,False,-1.368,-1.3526,3.5707,-1.3526,6.3488,-1.5291,1.5245,-1.5245,211.3951,-1.5413,4.2478,-1.5413,63.9408,tracknet
4,0,7.2515,17,train,False,-0.2068,3.9315,-7.6009,-0.1835,24.0481,3.8132,-5.5527,-0.3018,228.9566,3.8214,-7.623,-0.2936,23.3939,tracknet
418,0,7.441,16,test,False,-1.57,2.5235,-5.1403,-1.5915,5.9598,3.9602,-13.1212,1.2362,805.0628,3.5617,-8.3677,-0.5533,333.077,tracknet
76,0,7.4932,31,test,True,0.2631,-4.3684,-0.9673,0.2534,10.6877,-4.3426,-0.286,0.2276,78.8603,-4.2999,0.7569,0.1849,183.232,tracknet
172,0,7.4964,11,train,False,-0.1615,-0.186,5.2615,-0.186,3.1989,-0.0516,5.0969,-0.0516,18.1179,-0.2158,5.3175,-0.2158,9.3857,tracknet
416,0,7.6834,18,test,False,-3.9656,-0.1246,-6.1217,-3.9904,13.831,0.2021,-3.6045,-3.9129,267.6482,-0.481,-7.8598,-3.634,163.5944,tracknet
162,0,7.8049,20,train,False,-1.2172,3.0385,9.041,-1.0765,71.6344,3.2556,9.0309,-0.8594,77.9288,2.8397,9.1693,-1.2753,83.2733,tracknet
37,0,8.0368,18,train,False,-1.8628,2.189,6.8146,-1.926,8.629,2.1355,6.6657,-1.9795,23.8236,2.3036,6.9599,-1.8114,10.0634,tracknet
423,0,8.264,20,test,False,-3.0515,-1.1045,-6.1956,-3.0105,14.1419,-1.0105,-7.6265,-3.1045,129.6591,-0.8659,-8.2427,-3.2491,192.1976,tracknet
396,0,8.2665,24,test,False,-3.8379,-0.2217,-6.8372,-3.8933,35.3334,1.4503,5.6502,-2.6647,1295.2111,-0.1128,-7.2572,-4.0022,17.8984,tracknet
343,0,8.3768,36,train,False,-0.0242,-4.0738,11.6715,-0.0412,25.9932,-3.9905,11.222,-0.1245,21.4973,-3.9939,10.0252,-0.1211,139.0239,tracknet
242,0,8.3908,8,train,False,-0.4477,3.3288,4.6219,-0.7862,34.0922,3.3029,4.699,-0.8121,38.2961,3.8555,4.9107,-0.2595,37.9353,tracknet
437,0,8.4429,10,test,True,0.0217,0.0794,5.6709,0.0794,9.0624,0.0036,5.631,0.0036,3.4993,-0.058,5.8468,-0.058,25.8335,tracknet
246,0,8.4598,4,train,False,-1.7484,2.2767,4.2578,-1.8383,132.0341,0.7536,12.3553,0.4703,955.1962,2.9966,-7.4039,-1.1184,1036.3624,tracknet
443,0,8.5086,20,test,False,-0.2851,-3.785,8.4802,-0.33,7.4896,-3.8453,8.4766,-0.2697,5.8474,-3.9713,8.1121,-0.1437,33.8929,tracknet
378,0,8.5398,18,test,False,-0.6224,-3.4593,-8.1856,-0.6557,32.912,-2.5783,-4.201,-1.5367,440.7954,-3.8604,-8.6127,-0.2546,38.1023,tracknet
260,0,8.6166,34,train,False,-3.9489,0.158,-7.6682,-3.957,8.5244,0.6321,-11.5673,-0.3177,384.2539,0.8248,-8.8408,-3.0442,127.1607,tracknet
261,0,8.6486,16,train,False,-1.6415,-2.5371,7.2348,-1.5779,13.49,-2.3742,7.5745,-1.7408,46.9293,-2.5514,6.9668,-1.5636,16.8138,tracknet
72,0,8.7805,18,test,False,-3.0509,1.0559,6.7693,-3.0591,7.1021,1.3432,5.6483,-2.7718,108.6915,0.8427,6.7752,-3.2723,23.422,tracknet
150,0,8.7912,10,train,False,-0.0335,0.4952,-6.4297,0.0297,6.6015,-0.1408,8.3427,8.3427,1472.2111,0.7279,-6.9124,0.5124,60.1295,tracknet
318,0,8.9017,8,train,False,-0.5906,0.5364,5.6058,-0.5364,13.9583,0.2502,5.1548,-0.2502,67.2263,0.7396,5.7011,-0.6989,15.2689,tracknet
331,0,9.1386,15,train,False,-0.9293,-3.1867,4.9368,-0.9283,0.3552,-3.1199,4.9532,-0.9951,6.7036,-3.185,4.8293,-0.93,11.0891,tracknet
108,0,9.271,29,train,False,-2.2486,-1.8322,-7.186,-2.2828,16.3215,-1.2425,0.2664,-2.8725,763.7517,-1.9118,-7.8702,-2.2032,52.6638,tracknet
286,0,9.2973,20,train,False,-3.2782,0.8002,7.1663,-3.3148,3.8121,0.134,6.7837,-3.981,80.5305,0.9363,7.1192,-3.1787,11.5097,tracknet
339,0,9.4085,20,train,False,-1.3909,2.7522,6.3033,-1.3628,31.9825,2.6857,5.5628,-1.4293,105.976,2.5102,6.4269,-1.6048,28.9373,tracknet
35,0,9.4631,15,train,False,-2.3911,-1.7067,5.4588,-2.4083,13.3745,-0.0207,4.953,-4.0943,181.8964,-2.0619,5.5374,-2.0531,34.2333,tracknet
284,0,9.505,21,train,False,-2.5217,1.4838,7.9808,-2.6312,30.0645,1.3317,7.9721,-2.7833,37.6848,1.7092,7.7257,-2.4058,11.8543,tracknet
6,0,9.6812,16,train,False,-0.3611,3.7118,-9.5327,-0.4032,13.0549,3.4838,-2.2307,-0.6312,743.0518,3.731,-8.6701,-0.384,98.6481,tracknet
411,0,9.8551,30,test,False,-1.9606,-2.1598,3.5707,-1.9552,4.8216,-2.0876,3.4095,-2.0274,13.1487,-2.0631,3.1034,-2.0519,42.9224,tracknet
296,0,10.094,27,train,False,-1.3433,2.7454,10.7055,-1.1795,40.5653,2.9883,8.9217,-1.1267,139.5938,2.9102,9.2346,-1.2048,107.5032,tracknet
263,0,10.3744,16,train,False,-1.3515,-2.7136,7.5144,-1.4014,21.0645,-2.7328,6.6616,-1.3822,105.7874,-2.7538,7.1257,-1.3612,59.3331,tracknet
354,0,10.4165,34,train,True,0.988,5.1113,-5.7527,0.9963,22.1684,5.0846,-10.6782,0.9696,470.401,3.6768,-8.5499,-0.4382,294.4245,tracknet
363,0,10.4889,22,test,False,-2.9275,-1.1983,-6.2467,-2.9167,32.3947,-1.1377,-6.7346,-2.9773,17.1575,-1.0785,-8.4242,-3.0365,185.6979,tracknet
372,0,10.5987,14,test,False,-1.1168,-1.8238,5.2604,-1.1396,4.4619,-2.197,1.4667,-1.4667,383.1213,-1.998,5.0077,-1.3923,30.7219,tracknet
114,0,10.6289,20,train,False,-1.8331,-2.22,-8.4255,-1.895,37.6461,-1.3299,0.4188,-2.7851,926.4656,-2.2407,-9.3228,-1.8743,52.7615,tracknet
438,0,10.7865,14,test,False,-1.5626,1.5973,-4.2723,-1.5973,30.1329,3.5663,-34.0302,27.6302,2952.6694,2.5467,-8.2978,1.8978,385.3973,tracknet
111,0,10.9955,14,train,False,-1.3446,2.1232,4.957,-1.443,10.0626,1.0414,4.6146,-1.0414,118.7567,2.2403,5.3905,-1.0095,34.8678,tracknet
237,0,11.0161,9,train,False,-0.3174,3.6549,5.0124,-0.4601,15.578,3.3499,5.2427,-0.7651,53.4988,3.9527,5.2451,-0.1623,33.345,tracknet
56,0,11.2418,26,test,False,-2.0455,-2.0825,-7.6442,-2.0325,14.1376,-2.2422,-2.6257,-1.8728,516.2115,-1.985,-8.5289,-2.13,74.869,tracknet
310,0,11.4548,9,train,False,-0.751,2.5591,5.668,-0.732,14.6969,2.3535,5.3946,-1.0054,43.3815,3.2507,5.6458,-0.7542,54.585,tracknet
69,0,11.5131,5,test,False,-1.0743,-2.9787,-4.1568,-1.1363,87.5571,-1.3311,13.5696,1.6846,1867.8216,-2.9158,-6.6975,-1.1992,167.1996,tracknet
97,0,11.6078,18,train,False,-1.6004,-2.4402,8.2615,-1.6748,16.3865,-2.403,8.3008,-1.712,15.4369,-2.4732,7.9092,-1.6418,50.001,tracknet
127,0,11.6379,19,train,False,-1.4451,-2.6506,-3.4504,-1.4644,14.9734,-2.6447,-13.6093,1.7243,1001.0451,-2.6444,-8.3949,-1.4706,479.6103,tracknet
413,0,11.8919,12,test,False,-0.3932,0.384,5.5913,-0.384,41.7165,0.3156,4.8965,-0.3156,111.5312,0.4366,5.76,-0.4366,24.7267,tracknet
136,0,11.8974,23,train,False,-2.207,1.9122,9.4803,-2.2028,1.0889,1.8973,8.5614,-2.2177,92.8921,1.5939,9.0368,-2.5211,55.1639,tracknet
68,0,11.9298,30,test,False,-2.4544,-1.1281,-9.199,-2.686,23.1846,-1.7761,3.476,-2.3389,1292.246,-1.0319,-8.6938,-3.0831,74.4301,tracknet
49,0,11.9298,22,test,False,-1.9144,-2.2618,8.3184,-1.8532,16.983,-2.1578,7.8994,-1.9572,26.4002,-2.2474,7.9067,-1.8676,25.7503,tracknet
39,0,12.1437,18,train,False,-2.091,2.0114,6.8174,-2.1036,8.2018,2.1074,6.5669,-2.0076,34.1875,2.2575,6.4254,-1.8575,52.7553,tracknet
360,0,12.1692,22,test,False,-1.4209,-2.7296,-7.2277,-1.3854,50.0177,-2.6684,-5.6314,-1.4466,209.5388,-2.7752,-8.5974,-1.3398,87.451,tracknet
369,0,12.2864,19,test,False,-1.4469,2.5188,-9.3374,-1.5962,34.4017,2.4781,-7.6721,-1.6369,198.4387,2.623,-9.3896,-1.492,26.1679,tracknet
75,0,12.6038,13,test,False,-3.7093,0.3385,1.6468,-3.7765,36.8057,2.853,-9.64,-1.262,1119.5751,2.4109,-6.3848,-1.7041,792.7549,tracknet
348,0,12.6565,14,train,False,-1.8374,-2.2946,-8.5502,-1.8204,39.0141,-2.4398,-27.8702,15.9852,1893.0923,-2.3839,-10.0309,-1.7311,109.6102,tracknet
398,0,12.8579,13,test,False,-0.6297,3.3389,5.5813,-0.7761,15.635,2.6244,5.4609,-0.9391,87.8574,3.4558,5.5673,-0.6592,7.4785,tracknet
383,0,13.0598,21,test,False,-2.0572,-1.991,9.2158,-2.124,14.4268,-1.7215,9.5746,-2.3104,59.1619,-2.0957,8.9705,-2.0193,12.339,tracknet
168,0,13.1836,28,train,False,-1.4069,-2.4853,10.6199,-1.2651,38.292,-2.6614,7.1416,-1.4536,316.7168,-2.6017,9.1176,-1.5133,119.5609,tracknet
51,0,13.2135,33,test,False,-0.8455,-3.2544,7.7001,-0.8606,6.5596,-0.6685,-0.2719,-3.4465,832.4905,-2.816,6.8258,-1.299,92.8746,tracknet
104,0,13.3011,8,train,False,-0.3456,-3.6441,5.0164,-0.4709,23.8255,-5.0487,5.278,0.9337,128.0617,-4.5303,4.7382,0.4153,90.01,tracknet
65,0,13.3333,25,test,False,-3.0207,-1.1055,6.4476,-3.0095,1.1204,-1.2114,6.3443,-2.9036,15.645,-0.9311,6.2771,-3.1839,23.639,tracknet
45,0,13.3333,29,train,False,-2.3769,1.7299,8.8096,-2.3851,21.1465,1.5738,10.2341,-1.6509,122.4314,1.719,8.7981,-2.396,22.3627,tracknet
240,0,13.3333,39,train,False,-2.5348,-0.0625,9.3768,-2.5082,2.7001,-0.1882,8.9859,-2.8991,38.3876,0.044,8.4726,-3.4124,88.4584,tracknet
264,0,13.4843,9,train,False,-0.9719,1.1088,5.3838,-1.0162,12.8363,0.8188,5.7171,-0.6829,50.2036,1.4396,5.5853,-0.8147,26.2637,tracknet
94,0,13.5393,15,train,False,-2.6323,1.4028,-5.5207,-2.7122,34.8389,2.9691,-12.9047,1.0197,719.9998,2.3164,-7.9655,-1.7986,226.4716,tracknet
349,0,13.6228,9,train,False,-0.5773,-3.3508,5.47,-0.7642,19.1476,-3.976,4.6146,-0.139,92.4309,-3.9238,5.3366,-0.1912,39.6911,tracknet
153,0,13.7577,20,train,False,-1.5338,2.427,-7.9828,-1.688,37.5769,1.5201,-2.8534,-2.5949,557.3944,2.5078,-8.3017,-1.6072,7.7152,tracknet
71,0,13.7721,24,test,False,-0.7569,-3.3162,-7.7517,-0.7988,32.9282,-3.0744,-4.3334,-1.0406,375.5571,-3.3066,-8.0974,-0.8084,5.4873,tracknet
11,0,14.1313,32,train,False,-1.5572,-0.3902,-9.9957,-1.8893,33.247,-0.7125,-4.0336,-3.4025,630.3265,-0.2089,-8.4314,-3.4536,190.3744,tracknet
370,0,14.3448,19,test,False,-2.303,1.8399,5.9467,-2.2751,9.3506,2.2422,5.8282,-1.8728,47.7741,1.5686,5.6778,-2.5464,43.3011,tracknet
24,0,14.4782,9,train,False,-0.5836,2.66,5.6963,-0.7037,16.2667,1.9816,4.9593,-1.4407,116.4336,2.9369,5.333,-1.067,51.1494,tracknet
148,0,14.4893,25,train,False,-2.4449,1.7005,9.1412,-2.4145,3.0457,2.0915,10.0657,-1.8193,101.6681,1.5879,8.3035,-2.5271,84.1036,tracknet
321,0,14.5248,25,train,False,-2.1856,-1.999,-8.0312,-2.116,53.585,-1.9336,-9.1946,-2.1814,63.2108,-1.9579,-8.2908,-2.1571,27.3194,tracknet
250,0,14.5324,23,train,False,-2.8849,1.133,6.3422,-2.982,9.7084,0.9806,8.1123,-3.1344,178.8716,1.2248,6.9613,-2.8902,62.03,tracknet
124,0,14.8843,30,train,False,-3.7463,0.4035,5.6861,-3.7115,12.9939,0.5368,5.8946,-3.5782,37.3587,0.1781,6.4203,-3.9369,88.0217,tracknet
440,0,14.902,22,test,False,-2.2635,-1.8954,-4.844,-2.2196,29.2874,-2.0462,-2.153,-2.0688,298.6855,-1.7573,-7.8352,-2.3577,270.3335,tracknet
78,0,15.1598,23,test,False,-2.6022,1.526,5.7597,-2.589,1.3886,3.0358,0.7852,-1.0792,520.6531,1.4117,5.3848,-2.7033,39.2363,tracknet
87,0,15.1724,26,test,False,-1.6365,-2.4935,0.0803,-1.6215,14.4367,-3.8063,-0.0674,-0.3087,132.7884,-2.4332,2.952,-1.6818,301.5648,tracknet
356,0,15.3366,12,test,False,-0.3354,3.7173,-5.2335,-0.3977,75.3138,5.1336,-20.1535,13.7535,1423.405,4.2378,-7.6058,1.2058,168.5219,tracknet
55,0,15.5556,30,test,False,-2.4284,-1.5648,8.8757,-2.5502,12.4553,-1.3065,9.3432,-2.5418,58.2523,-1.6268,8.549,-2.4882,35.7713,tracknet
323,0,15.6231,14,train,False,-0.2922,-3.7585,-6.7223,-0.3565,39.1955,-2.9982,-1.3948,-1.1168,577.3296,-3.952,-8.8059,-0.163,170.1896,tracknet
387,0,15.641,19,test,False,-0.6988,3.4205,7.91,-0.6945,52.4777,3.9442,5.4588,-0.1708,302.2481,3.1302,7.3238,-0.9848,114.721,tracknet
278,0,15.698,22,train,False,-1.7017,2.3995,9.0416,-1.7155,25.9601,2.3734,8.947,-1.7416,16.9436,2.4732,8.8069,-1.6418,6.4756,tracknet
98,0,15.7192,20,train,False,-2.0548,1.9742,-5.075,-2.1408,39.1617,1.7997,-3.8676,-2.3153,161.0681,2.0037,-6.5455,-2.1113,108.9957,tracknet
135,0,15.7265,22,train,False,-1.3883,2.7353,-8.5167,-1.3797,1.7618,3.0276,7.6251,-1.0874,1616.0,1.8786,-6.3029,-2.2364,238.5068,tracknet
176,0,15.7288,32,train,False,-2.3953,1.7243,-7.8256,-2.3907,2.6739,1.5158,-2.1769,-2.5992,562.6053,1.7042,-7.6534,-2.4108,14.6677,tracknet
115,0,15.7669,17,train,False,-2.091,1.972,6.7337,-2.143,6.1389,0.6964,5.3132,-3.4186,192.0692,2.4511,6.6514,-1.6639,42.9957,tracknet
365,0,16.1163,21,test,False,-2.7103,-1.3785,-7.8637,-2.7365,42.7404,-1.3876,-7.6787,-2.7274,61.1833,-1.4211,-8.829,-2.6939,53.8941,tracknet
25,0,16.2159,28,train,False,-3.0333,-1.0953,-7.4397,-3.0197,43.4758,-0.3047,0.0048,-3.8103,791.7287,-1.2197,-8.0431,-2.8953,21.8131,tracknet
109,0,16.2735,18,train,False,-0.7279,-3.3516,8.4661,-0.7634,22.9638,-3.3205,8.4282,-0.7945,27.3052,-3.2784,7.8968,-0.8366,80.3529,tracknet
275,0,16.2963,18,train,False,-0.06,4.0271,8.4141,-0.0879,20.9781,4.1871,8.7909,0.0721,59.9444,3.8489,8.6515,-0.2661,49.0746,tracknet
289,0,16.331,10,train,True,0.3356,0.554,6.1841,-0.2159,55.5513,0.0799,4.9488,-0.0799,186.6868,0.7926,6.1658,-0.2342,59.5024,tracknet
271,0,16.4907,11,train,False,-0.9196,0.8716,5.1689,-0.8716,5.8104,0.5983,5.6493,-0.5983,55.1008,0.9947,5.238,-0.9947,8.3478,tracknet
309,0,16.5608,10,train,False,-2.2092,-1.8477,0.9202,-2.2673,77.6816,-1.8764,1.4857,-2.2386,134.0478,-1.8564,-2.8877,-2.2586,303.3564,tracknet
142,0,16.5945,21,train,False,-1.0698,-2.9799,10.8759,-1.0091,7.6451,-3.2382,9.5931,-0.8768,125.955,-2.7716,10.2945,-1.3434,54.5258,tracknet
306,0,16.5967,22,train,False,-0.4536,3.6084,-2.8416,-0.5066,44.0576,3.9796,-9.0512,-0.1354,578.0978,3.988,-8.0247,-0.127,475.6961,tracknet
262,0,16.7761,43,train,False,-2.9389,-1.2235,-4.2255,-2.8915,34.894,-4.829,18.9538,7.0688,2380.6857,-1.5765,-5.0966,-2.5385,66.0526,tracknet
7,0,16.8306,11,train,False,-0.1999,-0.1261,4.4216,-0.1261,7.7409,-0.1239,3.0402,-0.1239,140.7051,-0.1151,4.6229,-0.1151,19.6891,tracknet
103,0,16.9297,9,train,True,0.124,0.1746,5.4581,0.1746,5.1251,0.1764,5.4372,0.1764,5.9773,0.0726,5.3808,0.0726,9.9409,tracknet
147,0,17.0136,16,train,False,-1.0175,3.094,-7.7501,-1.021,37.8166,3.0718,-7.7572,-1.0432,37.1866,3.0792,-8.5582,-1.0358,43.0406,tracknet
330,0,17.2597,19,train,False,-3.6771,-0.404,-6.9419,-3.711,56.6611,0.7163,3.4095,-3.3987,1097.7838,-0.5637,-8.2066,-3.5513,71.03,tracknet
420,0,17.3041,35,test,False,-3.8904,-0.2163,-6.295,-3.8987,65.2279,-0.1915,-8.4472,-3.4378,150.0348,-0.2267,-7.5777,-3.8883,63.0455,tracknet
27,0,17.315,9,train,False,-0.4833,0.394,4.5751,-0.394,26.7942,0.0096,3.878,-0.0096,106.1256,0.604,4.5676,-0.604,28.6793,tracknet
79,0,17.4671,21,test,False,-3.3649,0.7198,-4.7258,-3.3952,52.6553,0.8798,0.753,-3.2352,600.5792,0.6087,-7.1693,-3.5063,192.3032,tracknet
117,0,17.5599,25,train,False,-2.8546,0.6709,9.1468,-2.7382,13.6854,0.1487,10.1915,-1.6935,130.4282,0.919,9.0628,-2.8222,17.9068,tracknet
15,0,17.586,22,train,False,-1.9423,2.1143,9.6585,-2.0007,23.1149,1.9902,10.0304,-1.8546,62.2821,2.2156,9.1902,-1.8994,24.8406,tracknet
347,0,17.6499,31,train,False,-3.4437,-0.5833,6.5943,-3.5317,16.8527,-0.4582,4.6673,-3.6568,179.5916,-0.7086,6.6055,-3.4064,15.9352,tracknet
66,0,17.7809,17,test,False,-2.2017,1.9218,-6.7119,-2.1932,46.2097,1.7091,-4.1175,-2.4059,306.3184,1.9484,-7.8609,-2.1666,68.7887,tracknet
129,0,17.8899,24,train,False,-1.2323,-2.9432,2.6308,-1.1718,12.9699,-3.0405,3.0258,-1.0745,53.3583,-2.8935,5.3235,-1.2215,280.7398,tracknet
138,0,17.9332,23,train,False,-1.3735,2.3589,10.5239,-1.3611,5.6837,2.2004,10.5159,-1.3691,21.402,2.3642,9.9143,-1.7508,59.9292,tracknet
375,0,18.1847,13,test,False,-1.2555,2.7702,4.225,-1.3448,23.0432,2.2587,4.7184,-1.6816,66.3278,2.8563,4.4038,-1.2587,3.3847,tracknet
33,0,18.4189,18,train,False,-2.366,-1.7588,7.7303,-2.3562,21.627,-1.8471,7.8122,-2.2679,31.3719,-1.6466,7.4775,-2.4684,10.8847,tracknet
149,0,18.4549,18,train,False,-1.0949,-2.9524,-9.8755,-1.1626,75.0905,-3.9817,-25.3225,13.4375,1473.0566,-3.4683,-11.6671,-0.2179,113.5868,tracknet
9,0,18.4615,22,train,False,-0.0442,-4.0813,10.7465,-0.0337,4.6039,-4.0826,11.6903,-0.0324,98.8667,-3.9338,10.5168,-0.1812,23.0016,tracknet
268,0,18.6112,11,train,False,-0.8198,3.1783,-4.1293,-0.9367,65.5639,3.9643,-11.9692,5.5692,722.5833,3.6201,-6.5168,0.1168,177.2448,tracknet
113,0,18.6667,23,train,False,-1.2468,2.1602,10.5245,-1.3605,14.0196,1.593,11.3394,-0.5456,95.5597,2.237,10.4909,-1.3941,14.735,tracknet
257,0,18.7637,24,train,False,-2.4163,1.7708,4.5968,-2.3442,12.2858,2.0781,5.9081,-2.0369,146.0849,1.5744,4.5921,-2.5406,15.6248,tracknet
415,0,18.8864,17,test,False,-1.5115,2.4563,6.2476,-1.6587,23.7545,2.1805,6.1161,-1.9345,52.9103,2.7517,6.1947,-1.3633,28.145,tracknet
432,0,18.8889,12,test,False,-0.1622,-3.932,5.2368,-0.183,70.5198,-4.6786,4.5711,0.5636,155.0933,-4.2104,5.0355,0.0954,94.2132,tracknet
436,0,18.9421,19,test,False,-0.8772,2.981,10.4832,-1.134,52.4686,3.3999,10.6274,-0.7151,55.9522,2.8239,9.7733,-1.2911,124.5646,tracknet
259,0,18.9882,12,train,False,-0.6235,-3.3123,4.659,-0.8027,31.1855,-3.8122,3.6467,-0.3028,130.7483,-3.7652,4.3156,-0.3498,65.8275,tracknet
351,0,18.9897,32,train,False,-0.4182,3.6844,-2.0405,-0.4306,61.8683,3.6787,-2.6652,-0.4363,1.9127,3.624,-7.2963,-0.491,463.7828,tracknet
374,0,19.0769,37,test,False,-1.651,2.0817,10.581,-1.304,34.6984,2.0191,10.1902,-1.6948,7.8411,2.1678,9.5543,-1.9472,68.4813,tracknet
232,0,19.1291,24,train,False,-1.9816,2.2396,-4.368,-1.8754,49.0585,2.0376,-5.829,-2.0774,98.6777,1.7316,-6.424,-2.3834,162.7472,tracknet
422,0,19.1753,10,test,False,-1.3157,-1.6548,4.9338,-1.4662,19.3077,-1.6064,4.8075,-1.5925,32.453,-1.849,5.1632,-1.2368,10.7651,tracknet
325,0,19.2221,12,train,False,-0.825,3.22,5.258,-0.895,7.3755,2.4799,6.3666,-0.0334,139.1931,3.4547,5.6922,-0.6603,48.6223,tracknet
435,0,19.2475,14,test,False,-1.4621,1.9778,-4.381,-1.9778,57.7909,4.9023,-37.1182,30.7182,3229.9253,3.4739,-8.8475,2.4475,413.3415,tracknet
272,0,19.2665,25,train,False,-2.3359,-1.7926,-5.5966,-2.3224,63.7314,-1.7998,-11.1618,-0.7232,492.806,-1.8427,-10.1254,-1.7596,389.2102,tracknet
425,0,19.3258,12,test,False,-0.3307,3.6531,4.593,-0.4619,13.3391,2.509,3.2069,-1.606,190.1035,3.6902,4.8663,-0.4248,26.6771,tracknet
119,0,19.3569,23,train,False,-1.917,2.0656,9.1435,-2.0494,18.5917,1.8961,9.1222,-2.2189,32.1027,2.287,9.1121,-1.828,13.3196,tracknet
401,0,19.5686,17,test,False,-1.5433,2.5855,-6.0606,-1.5295,79.9686,2.3119,-14.9174,3.0324,806.1378,2.3675,-9.6576,-1.7475,280.4853,tracknet
408,0,19.599,18,test,False,-3.3908,-0.7405,-7.0859,-3.3745,66.5873,-0.738,-6.861,-3.377,89.0652,-0.8041,-8.4622,-3.3109,71.5106,tracknet
313,0,19.6239,18,train,False,-0.1455,4.0705,9.8708,-0.0445,14.6995,4.6173,9.434,0.5023,72.6955,3.9264,9.3918,-0.1886,37.4656,tracknet
248,0,19.7206,10,train,False,-0.4042,-3.496,4.6756,-0.619,30.4077,-3.5162,4.7568,-0.5988,23.6334,-3.861,4.6796,-0.254,25.9269,tracknet
13,0,19.7654,9,train,False,-0.0647,3.5128,5.5132,-0.6022,83.095,2.8182,5.3093,-1.0907,131.0466,4.0135,5.3902,-0.1015,101.8698,tracknet
254,0,19.7962,24,train,False,-1.6787,-2.3557,7.1953,-1.7593,45.3506,-2.3046,7.7781,-1.8104,18.9745,-2.3534,7.3381,-1.7616,31.4558,tracknet
276,0,19.9151,13,train,False,-0.6268,-1.9428,5.6979,-0.7021,10.8926,-3.093,1.8163,-1.022,409.941,-2.5497,4.674,-1.5653,121.952,tracknet
307,0,20.1761,30,train,False,-1.9976,1.3488,9.833,-2.052,14.5037,1.7838,10.6121,-1.2729,92.1712,1.1996,8.8571,-2.9154,103.0386,tracknet
364,0,20.3733,32,test,False,-1.0375,2.489,11.0601,-0.8249,21.2639,2.1763,11.9672,0.0822,116.1086,2.4066,10.9771,-0.9079,15.0583,tracknet
439,0,20.5364,20,test,False,-1.3093,-2.6714,10.1361,-1.4436,18.4134,-1.9692,10.0995,-1.7855,85.2109,-2.8473,9.3357,-1.2677,92.7301,tracknet
256,0,20.5765,9,train,False,-2.3034,1.7843,-4.0328,-2.3307,123.6361,0.4221,9.9433,-1.9417,1527.5469,2.1332,-5.4418,-1.9818,36.5086,tracknet
361,0,20.6403,6,test,False,-0.4442,3.5467,-4.6884,-0.5683,92.9008,6.0304,-28.2296,21.8296,2274.3263,4.8816,-6.9182,0.7666,178.3231,tracknet
141,0,20.8677,19,train,False,-1.9527,-2.1738,-7.0206,-1.9412,75.4812,-1.7464,-2.1511,-2.3686,563.9628,-2.3614,-8.8083,-1.7536,105.1953,tracknet
441,0,21.2132,15,test,False,-1.9571,-2.1345,5.6004,-1.9805,20.4128,-2.1466,5.4706,-1.9684,33.2767,-2.0551,5.5286,-2.0599,29.3121,tracknet
243,0,21.2276,9,train,False,-0.3979,-3.611,4.4178,-0.504,55.4474,-3.8664,3.6945,-0.2486,23.309,-4.3949,4.5535,0.2799,96.016,tracknet
388,0,21.2303,59,test,True,0.2766,-3.6626,-11.4858,-0.3992,67.592,-3.5346,-11.8881,0.0031,29.7289,-3.3858,-8.5035,-0.7292,366.7749,tracknet
156,0,21.3462,27,train,False,-3.435,0.6487,8.6182,-3.2668,16.8277,0.8864,8.512,-3.2286,25.1269,0.5359,8.2197,-3.5791,25.3963,tracknet
294,0,21.4931,20,train,False,-1.7739,2.2317,8.6247,-1.8833,24.8537,1.6957,8.5814,-2.4193,67.0019,2.4677,8.4083,-1.6473,12.6713,tracknet
1,0,21.6649,21,train,False,-0.8979,3.044,8.9425,-1.071,38.1765,2.5861,10.2867,-1.5289,179.8801,3.1163,8.9299,-0.9987,34.2853,tracknet
152,0,21.9608,23,train,False,-1.3308,2.7072,-9.8513,-1.4078,70.4125,2.8131,-8.6915,-1.3019,186.8525,2.6872,-9.2217,-1.4278,133.2659,tracknet
158,0,22.1077,26,train,False,-2.0011,-2.1162,8.936,-1.9988,16.4567,-2.2693,9.2824,-1.8457,53.4102,-2.0361,8.6396,-2.0789,15.3075,tracknet
277,0,22.381,20,train,False,-2.5345,-1.6199,-4.4091,-2.4951,78.8372,-1.9356,0.3018,-2.1794,550.9727,-1.4737,-7.333,-2.6413,213.9102,tracknet
335,0,23.0378,17,train,False,-2.7704,-1.3171,9.0183,-2.7979,10.872,-1.9177,7.7583,-2.1973,150.4558,-1.1598,8.9116,-2.9552,22.9305,tracknet
409,0,23.3484,19,test,False,-0.8746,-3.2563,6.8295,-0.8587,1.6036,-3.1217,6.7944,-0.9933,12.3186,-3.1918,6.4364,-0.9232,39.4069,tracknet
394,0,23.4691,21,test,False,-2.6282,-1.3976,-5.446,-2.7174,73.6339,-1.5516,-7.6795,-2.5634,150.399,-1.5752,-8.3616,-2.5398,218.6443,tracknet
88,0,23.619,25,test,False,-3.4191,0.8053,6.8766,-3.3097,13.1985,1.898,6.8998,-2.217,120.601,0.7567,5.6484,-3.3583,115.6046,tracknet
251,0,23.6194,20,train,False,-1.2048,-2.306,-10.054,-1.809,62.6196,-2.4084,-11.5559,-0.3291,88.2051,-2.1646,-9.7684,-1.9504,92.2144,tracknet
245,0,23.6398,12,train,False,-1.3927,2.6962,7.0258,-1.4188,21.5268,2.5817,7.3122,-1.5333,51.9472,2.8398,7.1444,-1.2752,35.2414,tracknet
282,0,23.936,21,train,False,-2.1518,1.8067,8.8489,-2.3083,30.9137,1.8468,9.0006,-2.2682,16.3587,2.0609,8.6912,-2.0541,43.5438,tracknet
107,0,24.1176,18,train,False,-1.4218,2.7764,4.7997,-1.3386,8.4033,2.6934,4.4417,-1.4216,36.9268,2.3007,4.6047,-1.8143,44.3326,tracknet
81,0,24.2793,31,test,False,-0.6055,-1.7779,-10.7191,-1.1659,56.0895,-1.8015,-6.5694,-2.3135,471.013,-1.715,-9.3218,-2.4,195.9672,tracknet
273,0,24.2904,15,train,False,-1.694,2.2307,6.1805,-1.8843,79.3867,2.396,5.8988,-1.719,105.2788,2.587,6.3476,-1.528,62.6014,tracknet
442,0,24.6989,22,test,False,-1.7838,2.2334,-7.8064,-1.8816,67.9297,2.7071,-13.5483,1.6633,508.3654,2.503,-9.411,-1.612,94.8143,tracknet
317,0,24.7501,8,train,False,-0.704,3.3198,-4.8453,-0.7952,118.2037,2.8252,0.797,-1.2898,684.5918,2.9954,-7.2845,-1.1196,132.7358,tracknet
288,0,24.7835,23,train,False,-0.9778,2.9819,8.3342,-1.1331,26.6578,2.9806,8.259,-1.1344,21.0983,3.1986,7.9567,-0.9164,17.2169,tracknet
92,0,24.9587,16,train,False,-1.2641,2.8988,-8.762,-1.2162,92.9867,2.8736,-9.7383,-1.2414,5.2797,2.8468,-9.715,-1.2682,2.4709,tracknet
424,0,25.098,17,test,False,-1.6286,-2.4657,6.7347,-1.6493,5.9885,-2.6061,6.7359,-1.5089,13.1665,-2.6496,6.6712,-1.4654,20.2363,tracknet
3,0,25.1096,21,train,False,-3.9708,0.1951,7.4362,-3.9199,34.1557,0.2074,6.2225,-3.9076,87.8277,0.1389,7.1519,-3.9761,5.3692,tracknet
235,0,25.1718,31,train,False,-2.9662,-1.0782,-4.0762,-3.0368,93.26,-1.3367,-6.1308,-2.7783,114.0276,-1.8796,-6.5871,-2.2354,174.1681,tracknet
236,0,25.2079,16,train,False,-0.993,-3.1907,8.7263,-0.9243,17.0166,-3.34,9.488,-0.775,64.411,-3.1122,8.4998,-1.0028,38.2285,tracknet
253,0,25.4431,18,train,False,-1.2897,2.8501,-8.3067,-1.2649,67.7282,2.7243,-11.6909,-0.1941,270.9259,2.6663,-9.6625,-1.4487,69.7372,tracknet
295,0,25.7121,15,train,False,-3.3033,-0.6927,-4.5401,-3.4223,78.7386,-0.4316,-2.265,-3.6834,307.696,-1.0756,-7.8471,-3.0394,254.2443,tracknet
60,0,25.763,37,test,False,-0.6903,2.6189,-10.6913,-1.1937,50.3392,2.4614,-8.9207,-1.6536,227.9796,2.4297,-8.6874,-1.6853,251.4785,tracknet
53,0,25.7658,30,test,True,0.6292,1.3868,12.9608,1.0758,44.9659,1.2023,13.2086,1.3236,73.3504,1.4378,10.2385,-1.6465,227.5702,tracknet
91,0,25.8191,46,train,False,-2.0795,1.9737,10.1118,-1.7732,38.0889,1.735,12.4806,0.5956,276.1013,2.5977,10.3555,-1.5173,83.6652,tracknet
58,0,25.8739,15,test,False,-3.8231,-0.1955,-5.856,-3.9195,79.2707,1.9378,6.3452,-2.1772,1317.8048,-0.6527,-7.531,-3.4623,95.8667,tracknet
42,0,25.9075,7,train,False,-1.0729,3.1699,8.0922,-0.9451,13.4048,4.0544,7.588,-0.0606,114.9634,1.9645,3.7197,-2.1505,454.2971,tracknet
386,0,25.9115,20,test,False,-1.442,2.3897,-6.0727,-1.7253,217.6702,3.3531,-14.7508,2.8658,655.5272,3.0425,-7.6028,-1.0725,72.8666,tracknet
353,0,25.9795,12,train,False,-3.1108,0.9481,8.4065,-3.1669,40.4424,2.9338,4.0656,-1.1812,517.8024,-0.0628,8.1287,-3.7563,106.1398,tracknet
319,0,26.1714,21,train,False,-2.5276,1.5472,-6.0378,-2.5678,80.9348,1.5714,-2.9321,-2.5436,391.4081,1.5485,-8.3312,-2.5665,148.5564,tracknet
252,0,26.3835,20,train,False,-4.0841,-0.0517,5.0883,-4.0633,9.0131,0.0559,4.6792,-4.0591,44.5872,0.0924,6.114,-4.0226,99.1512,tracknet
241,0,26.4737,19,train,False,-0.0,-4.0776,-9.5932,-0.0374,58.4793,-4.0965,-11.4085,-0.0185,123.186,-3.8563,-9.2274,-0.2587,98.401,tracknet
130,0,26.5313,22,train,False,-1.9145,2.1963,4.2486,-1.9187,9.1174,2.182,4.2072,-1.933,13.3722,1.8433,4.8228,-2.2717,60.0844,tracknet
279,0,26.5515,24,train,False,-1.863,-2.2074,-8.5785,-1.9076,82.1567,-1.6337,-1.6311,-2.4813,779.2243,-2.297,-9.6108,-1.818,21.6705,tracknet
345,0,26.6667,17,train,False,-2.1531,1.7692,7.8732,-2.3458,28.8407,1.4166,8.0937,-2.6984,69.7597,2.0301,7.9601,-2.0849,30.9044,tracknet
389,0,26.7711,12,test,True,0.109,3.466,6.2979,-0.1021,28.335,2.7575,5.9706,-0.4294,104.6664,3.6997,6.128,-0.272,38.3591,tracknet
171,0,26.8148,28,train,True,0.314,-4.4279,0.0806,0.3129,25.3742,-4.7981,9.3053,0.6831,948.5582,-3.6543,-3.0708,-0.4607,299.9466,tracknet
93,0,26.9995,30,train,False,-0.921,-3.1102,4.0759,-1.0048,26.9948,-3.262,3.2899,-0.853,104.4862,-3.3415,4.0565,-0.7735,31.2958,tracknet
40,0,27.0064,17,train,False,-2.0975,1.8431,9.2533,-2.2719,26.4293,0.7343,9.4265,-2.4585,128.3526,1.9835,9.484,-2.1315,4.6838,tracknet
298,0,27.0632,22,train,False,-1.4873,1.0252,10.5722,-1.3128,20.7269,0.435,10.9513,-0.9337,89.3955,1.1542,9.9776,-1.9074,42.0501,tracknet
255,0,27.2472,16,train,False,-0.2988,3.7007,-6.229,-0.4143,99.2289,3.2273,-2.3379,-0.8877,491.2118,3.7898,-7.7525,-0.3252,53.8592,tracknet
320,0,27.4531,15,train,False,-2.1359,-1.8804,6.9757,-2.2346,11.8732,-2.1918,5.5332,-1.9232,139.2878,-2.1369,6.1765,-1.9781,74.9956,tracknet
397,0,27.6036,19,test,False,-0.3238,-3.7084,7.9295,-0.4066,21.0524,-3.8142,5.5186,-0.3008,221.7404,-3.7519,7.251,-0.3631,48.6475,tracknet
267,0,27.726,15,train,False,-0.7428,3.3969,6.1302,-0.7181,60.2672,3.3374,7.9441,-0.7776,241.6261,3.2413,0.5165,-0.8737,501.3284,tracknet
128,0,27.7333,16,train,False,-1.3054,2.6083,7.3262,-1.5067,25.1392,2.7828,7.3764,-1.3322,10.3905,3.1373,6.9888,-0.9777,58.7799,tracknet
302,0,27.8054,16,train,False,-0.8418,-3.0724,-5.8319,-1.0426,85.9739,-1.068,3.3921,-3.047,1029.8868,-3.3212,-7.827,-0.7938,116.0081,tracknet
31,0,27.8992,8,train,False,-0.1811,-0.0736,4.6332,-0.0736,28.6883,-0.2876,4.4323,-0.2876,47.8858,-0.2671,4.6227,-0.2671,28.9494,tracknet
346,0,27.9392,19,train,False,-0.9282,2.183,-9.8705,-1.932,108.6758,2.0529,-12.1776,0.2926,122.4911,2.1327,-9.7845,-1.9823,117.2512,tracknet
132,0,27.9526,23,train,False,-0.823,-2.1979,10.8766,-1.0084,18.6171,-2.2171,10.7537,-1.1313,31.0451,-2.0676,10.0697,-1.8153,99.8666,tracknet
47,0,28.1967,19,test,False,-2.3476,-1.6883,6.3203,-2.4267,7.9208,-1.5847,6.1447,-2.5303,25.0277,-1.8938,6.1121,-2.2212,23.9698,tracknet
134,0,28.3817,20,train,False,-1.4632,2.7242,9.6519,-1.3908,14.7073,2.7597,9.7231,-1.3553,12.1977,2.3138,8.8628,-1.8012,97.7412,tracknet
410,0,28.582,19,test,False,-2.1099,-2.0857,-3.9328,-2.0293,69.2538,-2.5389,0.3525,-1.5761,500.163,-1.8364,-8.0159,-2.2786,339.9531,tracknet
312,0,28.76,15,train,False,-1.9842,-2.068,7.1369,-2.047,66.6296,-2.0345,7.1106,-2.0805,69.6282,-2.2116,7.105,-1.9034,69.9886,tracknet
274,0,28.8196,31,train,False,-1.2357,3.006,-9.428,-1.109,79.016,2.3282,-13.706,1.821,354.1177,2.0887,-10.2251,-1.6599,79.0814,tracknet
431,0,28.8889,16,test,False,-0.0357,-3.9099,8.3746,-0.2051,17.7652,-2.2902,7.4026,-1.8248,206.2242,-3.8166,8.2288,-0.2984,32.9815,tracknet
308,0,28.9013,7,train,False,-2.6778,1.4064,-2.8796,-2.7086,111.8293,1.4239,-4.0824,-2.6911,8.5951,1.2399,-7.3389,-2.8751,334.7249,tracknet
329,0,29.1518,18,train,False,-1.7574,2.2777,7.714,-1.8373,8.9149,2.0267,8.1738,-2.0883,59.9171,2.3919,7.629,-1.7231,5.6843,tracknet
333,0,29.3333,23,train,False,-0.5292,3.5005,7.5593,-0.6145,38.3395,3.5166,7.3206,-0.5984,15.1778,3.6504,7.5401,-0.4646,36.0433,tracknet
185,0,29.3665,31,train,False,-1.1413,-2.9662,2.7842,-1.1488,44.9057,-3.2092,4.9832,-0.9058,265.8468,-2.717,4.4702,-1.398,215.0363,tracknet
70,0,29.4424,32,test,False,-1.9506,0.166,9.9819,-1.9031,6.5735,0.1661,9.569,-2.316,36.818,0.2489,8.9311,-2.9539,100.4053,tracknet
380,0,29.476,17,test,False,-2.8186,1.3195,-7.9765,-2.7955,103.8744,1.3897,4.657,-2.7253,1367.2288,1.3339,-8.2558,-2.7811,76.0045,tracknet
179,0,29.9429,10,train,False,-1.046,-0.9083,4.0691,-0.9083,53.3371,-0.9996,4.1062,-0.9996,48.0494,-0.9999,4.112,-0.9999,47.4619,tracknet
406,0,29.9549,10,test,False,-1.0326,0.9266,-3.4367,-0.9266,107.393,1.6731,-13.5181,7.1181,903.55,1.212,-7.8165,1.4165,331.6056,tracknet
17,0,30.5174,14,train,False,-1.1607,2.8247,6.1277,-1.2903,28.5724,2.1972,5.6935,-1.9178,102.36,3.0764,6.151,-1.0386,26.1551,tracknet
304,0,30.5341,27,train,False,-1.4216,-2.5381,-3.5655,-1.5769,93.4906,-2.3501,-1.5585,-1.7649,294.9058,-2.9111,-6.6823,-1.2039,220.563,tracknet
283,0,30.6949,18,train,False,-2.6773,-1.3218,-4.1965,-2.7932,117.0798,-1.2167,-3.452,-2.8983,192.2285,-1.8887,-8.3902,-2.2263,306.2095,tracknet
291,0,30.7458,16,train,False,-2.5587,1.4342,5.3545,-2.6808,23.0503,1.6428,5.2062,-2.4722,35.4527,1.8096,5.0194,-2.3054,58.796,tracknet
327,0,30.8395,17,train,False,-1.969,1.9921,7.3918,-2.1229,16.8589,1.9853,7.4409,-2.1297,19.9264,2.2669,7.4454,-1.8481,17.2043,tracknet
121,0,30.9728,30,train,False,-3.7982,0.3444,7.9952,-3.7706,27.3927,0.3742,8.1772,-3.7078,45.8102,0.3401,7.8238,-3.7749,10.3777,tracknet
145,0,30.9983,26,train,False,-2.6996,-1.1852,-9.1715,-2.7135,3.7615,-1.6773,7.2135,-2.4377,1640.7326,-0.7296,-6.8899,-3.3854,233.3658,tracknet
14,0,31.1423,21,train,False,-1.1474,-2.9743,-8.3037,-1.1407,98.457,-2.6854,-6.9742,-1.4296,233.1163,-3.4601,-9.1165,-0.6549,52.1606,tracknet
391,0,31.2628,25,test,False,-2.3914,-1.7941,6.5801,-2.3209,16.2899,-2.5271,4.1683,-1.5879,240.33,-1.3599,6.3106,-2.7551,38.3797,tracknet
316,0,31.339,16,train,False,-3.5523,0.4442,-7.0098,-3.6708,132.4774,0.0384,-0.1553,-4.0766,819.1264,0.5111,-8.141,-3.6039,19.175,tracknet
400,0,31.6276,38,test,False,-1.6776,2.2082,10.8335,-1.0515,62.6848,2.1615,12.3044,0.4194,209.841,2.2456,10.154,-1.731,5.3982,tracknet
44,0,31.7042,12,train,False,-0.4431,0.3486,-3.4432,-0.3486,156.777,1.3054,-45.2511,38.8511,4025.2221,0.7697,-8.3455,1.9455,335.33,tracknet
126,0,31.8022,8,train,False,-0.3299,-0.2601,4.0957,-0.2601,61.4669,-0.8015,3.6983,-0.8015,111.3019,-0.7967,4.4868,-0.7967,51.5918,tracknet
46,0,32.0,16,train,False,-0.1583,4.022,-5.9194,-0.093,99.6365,4.0325,-6.8501,-0.0825,9.8888,4.0653,-7.9132,-0.0497,100.5437,tracknet
350,0,32.3768,51,train,False,-3.3153,0.8507,8.8854,-2.9996,74.9152,,,,,0.1847,-7.4759,-3.9303,1562.5904,tracknet
99,0,32.447,26,train,False,-2.9155,1.3915,9.1113,-2.7235,33.3413,1.6386,9.4352,-2.4498,74.0641,1.1496,8.3266,-2.9654,51.4552,tracknet
41,0,32.4638,17,train,False,-3.1442,1.0097,-4.0356,-3.1053,95.015,1.0762,-2.5964,-3.0388,239.0911,0.7825,-7.7886,-3.3325,280.9999,tracknet
239,0,32.4645,21,train,False,-2.3467,-1.7987,-5.3296,-2.3163,100.0549,-1.577,-10.6818,-1.2032,435.6326,-1.626,-9.588,-2.297,326.149,tracknet
26,0,32.5156,16,train,False,-0.6816,-3.4638,10.3893,-0.6512,65.0594,-3.336,10.4762,-0.779,74.3281,-3.229,9.7416,-0.886,20.4466,tracknet
357,0,32.5382,8,test,False,-1.324,2.9863,9.4404,-1.1287,114.1568,0.3107,12.9501,1.0651,342.7664,-0.1053,9.2968,-2.5882,313.9702,tracknet
430,0,32.5912,23,test,False,-3.7645,0.3085,-4.6438,-3.8065,115.979,0.3845,-6.3819,-3.7305,58.0163,0.4152,-4.7771,-3.6998,102.7714,tracknet
315,0,32.6354,24,train,False,-3.5722,-0.4224,6.7718,-3.6926,52.9393,-0.2806,7.0931,-3.8344,87.6967,-0.9499,6.1198,-3.1651,42.9373,tracknet
170,0,32.906,17,train,False,-1.2598,2.7139,8.2336,-1.4011,15.5433,2.7253,8.3966,-1.3897,26.223,2.3113,8.6075,-1.8037,69.876,tracknet
167,0,33.1031,20,train,False,-1.8061,2.3549,-6.3688,-1.7601,59.7153,2.6054,0.7741,-1.5096,774.3917,2.2098,-9.1499,-1.9052,218.8026,tracknet
74,0,33.2991,24,test,False,-0.3264,-3.6896,7.0095,-0.4254,10.3189,-3.5632,7.2225,-0.5518,33.0727,-3.7485,6.7995,-0.3665,18.5355,tracknet
101,0,33.5213,32,train,False,-1.2854,-2.7029,6.6971,-1.4121,22.0281,-2.8411,6.0844,-1.2739,43.2608,-2.9234,6.1985,-1.1916,33.1942,tracknet
399,0,33.6321,18,test,False,-0.5552,-2.495,-7.619,-1.62,383.3455,-2.2763,-6.3335,-1.8387,513.3891,-2.6462,-8.8708,-1.4688,258.9247,tracknet
116,0,33.9526,27,train,False,-1.7118,-2.3246,-8.0438,-1.7904,86.7643,-2.3601,-8.8733,-1.7549,5.5265,-2.479,-8.5007,-1.636,41.4151,tracknet
305,0,34.0414,12,train,False,-0.4799,-3.8232,5.8494,-0.2918,32.2766,-4.2949,5.7196,0.1799,76.75,-0.9069,5.7912,-3.2081,274.6912,tracknet
393,0,34.3037,19,test,False,-1.8497,2.3317,9.5962,-1.7833,23.628,2.11,8.5943,-2.005,123.8458,2.1192,8.8173,-1.9958,101.6224,tracknet
34,0,34.3276,20,train,False,-1.1122,2.9246,-7.8099,-1.1904,116.8692,3.0231,-8.9957,-1.0919,2.828,2.9909,-8.1326,-1.1241,84.3544,tracknet
28,0,34.4554,13,train,False,-1.7831,2.314,7.5484,-1.801,19.1151,2.6213,6.5055,-1.4937,90.0395,2.7533,7.0631,-1.3617,51.4432,tracknet
258,0,34.5991,18,train,False,-0.4556,-3.617,-10.3056,-0.498,105.949,-3.7478,-14.5698,2.6848,320.6824,-3.454,-10.7449,-0.661,65.2489,tracknet
366,0,34.6514,30,test,False,-0.6293,2.541,11.2762,-0.6088,9.9534,2.1881,12.1539,0.2689,100.4706,2.4832,10.584,-1.301,68.941,tracknet
30,0,34.8627,16,train,False,-1.2258,-2.7724,-9.5286,-1.3426,88.2531,,,,,-3.7907,-8.996,-0.3243,167.1323,tracknet
0,0,34.9827,6,train,False,-1.1361,2.7202,4.2015,-1.3948,34.5203,3.3946,4.3236,-0.7204,42.9131,3.5219,4.5783,-0.5931,56.2907,tracknet
301,0,35.1165,15,train,False,-1.1912,2.961,-6.2906,-1.154,149.5678,3.1669,1.9434,-0.9481,973.2253,2.9047,-7.9236,-1.2103,13.9057,tracknet
244,0,35.1495,26,train,False,-3.9524,-0.2658,-3.0,-3.8492,122.7917,-0.0385,-5.6039,-4.0765,138.5887,0.1032,-7.0849,-4.0118,287.3641,tracknet
59,0,35.4404,23,test,False,-2.9239,1.0814,5.672,-3.0336,13.2955,0.9516,5.5219,-3.1634,25.0922,1.2886,5.4268,-2.8264,19.6018,tracknet
105,0,35.7,10,train,False,-0.6922,-2.8794,5.0898,-1.2356,68.3663,-3.2617,5.139,-0.8533,57.5842,-3.1199,5.129,-0.9951,58.112,tracknet
433,0,35.7051,23,test,False,-3.6753,0.301,-6.6703,-3.814,103.7156,-0.38,-2.3884,-3.735,537.2629,0.8914,-7.1562,-3.2236,70.553,tracknet
146,0,35.7736,18,train,False,-2.4457,-1.653,7.9864,-2.462,11.9097,-1.5699,7.8624,-2.5451,26.165,-1.5623,7.195,-2.5527,91.5737,tracknet
38,0,36.0286,20,train,False,-0.9777,-1.8726,-9.9735,-1.9115,95.4821,-0.9647,-1.1911,-3.1503,977.9055,-1.8141,-8.3763,-2.3009,254.404,tracknet
337,0,36.0554,16,train,False,-2.8245,-1.149,6.4375,-2.966,34.027,-0.9049,6.6403,-3.2101,40.0063,-1.2617,6.6495,-2.8533,10.1622,tracknet
427,0,36.1032,17,test,False,-2.1207,-2.0834,8.728,-2.0316,29.1687,-1.7096,8.9083,-2.4054,30.0913,-1.2609,8.2461,-2.8541,105.5852,tracknet
403,0,36.4766,34,test,True,0.0848,4.1559,-4.3042,0.0409,23.9052,3.9932,-8.9838,-0.1218,491.8883,4.2348,-7.1381,0.1198,306.9082,tracknet
300,0,36.8272,23,train,False,-2.6207,1.0944,9.378,-2.507,29.7179,0.7292,9.8521,-2.0329,86.8773,1.7636,9.4048,-2.3514,41.8973,tracknet
95,0,36.8664,24,train,False,-2.0002,-1.906,9.7658,-2.1192,31.7396,-2.4519,6.859,-1.6631,268.8834,-2.6076,7.6514,-1.5074,193.8933,tracknet
144,0,37.6393,18,train,False,-2.7679,-0.7678,8.8051,-3.0799,34.4988,-0.9318,8.786,-3.099,33.1475,-1.4691,7.9343,-2.6459,130.6119,tracknet
265,0,38.1456,33,train,False,-3.6004,0.5437,-5.7288,-3.5713,103.6742,0.4375,-7.9519,-3.6775,118.9264,0.3886,-8.3566,-3.5284,159.639,tracknet
233,0,38.226,15,train,False,-1.6688,-2.3472,6.8991,-1.7678,20.4081,-2.4047,6.6817,-1.7103,5.691,-2.3907,6.8363,-1.7243,12.8239,tracknet
381,0,38.3044,18,test,False,-2.3171,-1.6781,4.5955,-2.4369,12.1277,-1.5246,4.6584,-2.5904,28.5319,-1.7899,4.5997,-2.3251,2.447,tracknet
287,0,38.3156,18,train,False,-1.3864,-2.6472,-5.5455,-1.4678,102.6687,-2.6272,-5.2058,-1.4878,136.6932,-2.7348,-8.233,-1.3802,166.404,tracknet
419,0,38.3432,20,test,False,-1.4504,2.8857,10.2954,-1.2293,22.4051,2.4347,9.4305,-1.6803,92.9992,2.4062,7.9291,-1.7088,241.6394,tracknet
290,0,39.6232,24,train,False,-2.5518,-1.3928,-6.272,-2.7222,95.4105,-1.4991,-5.6371,-2.6159,157.5044,-1.4057,-7.719,-2.7093,53.2025,tracknet
392,0,39.6333,17,test,False,-1.9107,1.9499,-3.7922,-2.1651,88.8451,2.7924,-15.26,3.375,1063.2793,2.4166,-7.6569,-1.6984,302.0857,tracknet
22,0,39.7176,10,train,False,-0.7184,3.4715,5.6366,-0.6435,19.3084,3.8355,4.5427,-0.2795,134.549,3.0492,5.4012,-1.0658,53.9983,tracknet
20,0,39.786,8,train,False,-0.1575,-0.0684,6.106,-0.0684,28.5419,-0.6837,4.4054,-0.6837,152.3278,-0.3359,5.9709,-0.3359,22.4259,tracknet
167,33,33.1031,20,train,False,-1.8061,2.3549,-6.3688,-1.7601,59.7153,2.6054,0.7741,-1.5096,774.3917,2.2098,-9.1499,-1.9052,218.8026,tracknet
74,33,33.2991,24,test,False,-0.3264,-3.6896,7.0095,-0.4254,10.3189,-3.5632,7.2225,-0.5518,33.0727,-3.7485,6.7995,-0.3665,18.5355,tracknet
180,33,33.3333,31,train,False,-3.3822,-0.7392,-7.2393,-3.3758,17.1769,-0.8888,-4.1755,-3.2262,323.928,-0.7058,-7.8313,-3.4092,42.1175,tracknet
151,33,33.3333,38,train,False,-0.85,3.1347,6.4973,-0.9803,95.312,3.0044,6.0022,-1.1106,146.2684,3.0108,6.4037,-1.1042,106.8416,tracknet
154,33,33.3333,11,train,True,0.186,0.1642,-5.921,-0.1642,66.9125,-0.4503,12.5066,12.5066,1910.4986,0.7456,-4.9058,-0.7456,175.5061,tracknet
155,33,33.3333,7,train,False,-3.5978,0.4753,-2.0433,-3.6397,270.9455,-0.7903,19.8874,8.0024,2467.4541,1.3307,-7.1763,-2.7843,255.6657,tracknet
160,33,33.3333,18,train,False,-1.2327,-2.7622,5.7885,-1.3528,16.867,-2.1334,6.1904,-1.9816,91.196,-2.8684,5.9066,-1.2466,23.697,tracknet
161,33,33.3333,35,train,False,-1.8193,2.0301,-6.5165,-2.0849,111.7636,1.925,-5.7362,-2.19,190.237,2.0521,-5.7904,-2.0629,182.7948,tracknet
163,33,33.3333,4,train,False,-2.0105,-2.2818,4.5664,-1.8332,17.9508,-2.8611,6.5654,-1.2539,216.3959,-1.3201,2.5977,-2.7949,209.2832,tracknet
183,33,33.3333,10,train,False,-0.0861,-0.001,4.9743,-0.001,65.7848,-0.6139,3.406,-0.6139,228.2503,-0.473,4.6163,-0.473,108.1879,tracknet
182,33,33.3333,26,train,False,-2.5609,-1.1679,5.4684,-2.9471,70.179,0.7582,-5.2441,-3.3568,1038.7112,-2.459,-2.7792,-1.656,771.4809,tracknet
178,33,33.3333,9,train,False,-2.8652,-1.0753,5.3693,-3.0397,74.1457,2.5572,5.0976,-1.5578,393.4219,-1.5187,4.4334,-2.5963,167.8221,tracknet
173,33,33.3333,42,train,False,-3.6372,0.4724,-7.7126,-3.6426,14.2609,0.605,-4.6718,-3.51,318.5887,0.4375,-7.1843,-3.6775,67.2026,tracknet
175,33,33.3333,9,train,False,-0.7631,-0.5244,4.3569,-0.5244,56.024,-1.1474,3.6036,-1.1474,131.7439,-1.0506,4.0301,-1.0506,88.1808,tracknet
174,33,33.3333,20,train,False,-0.0451,4.1768,9.9646,0.0618,22.7607,3.6942,9.268,-0.4208,62.1954,4.465,9.7849,0.35,39.5709,tracknet
101,33,33.5213,32,train,False,-1.2854,-2.7029,6.6971,-1.4121,22.0281,-2.8411,6.0844,-1.2739,43.2608,-2.9234,6.1985,-1.1916,33.1942,tracknet
399,33,33.6321,18,test,False,-0.5552,-2.495,-7.619,-1.62,383.3455,-2.2763,-6.3335,-1.8387,513.3891,-2.6462,-8.8708,-1.4688,258.9247,tracknet
116,33,33.9526,27,train,False,-1.7118,-2.3246,-8.0438,-1.7904,86.7643,-2.3601,-8.8733,-1.7549,5.5265,-2.479,-8.5007,-1.636,41.4151,tracknet
305,33,34.0414,12,train,False,-0.4799,-3.8232,5.8494,-0.2918,32.2766,-4.2949,5.7196,0.1799,76.75,-0.9069,5.7912,-3.2081,274.6912,tracknet
177,33,34.0741,20,train,False,-0.4077,3.8932,10.9353,-0.2218,84.9292,3.8179,10.7885,-0.2971,69.0831,3.748,10.6458,-0.367,54.0798,tracknet
181,33,34.279,6,train,False,-2.5451,1.2044,6.9209,-2.9106,40.14,-0.9469,8.7596,-3.1254,321.7529,2.9182,2.6743,-1.1968,429.7652,tracknet
393,33,34.3037,19,test,False,-1.8497,2.3317,9.5962,-1.7833,23.628,2.11,8.5943,-2.005,123.8458,2.1192,8.8173,-1.9958,101.6224,tracknet
34,33,34.3276,20,train,False,-1.1122,2.9246,-7.8099,-1.1904,116.8692,3.0231,-8.9957,-1.0919,2.828,2.9909,-8.1326,-1.1241,84.3544,tracknet
28,33,34.4554,13,train,False,-1.7831,2.314,7.5484,-1.801,19.1151,2.6213,6.5055,-1.4937,90.0395,2.7533,7.0631,-1.3617,51.4432,tracknet
258,33,34.5991,18,train,False,-0.4556,-3.617,-10.3056,-0.498,105.949,-3.7478,-14.5698,2.6848,320.6824,-3.454,-10.7449,-0.661,65.2489,tracknet
366,33,34.6514,30,test,False,-0.6293,2.541,11.2762,-0.6088,9.9534,2.1881,12.1539,0.2689,100.4706,2.4832,10.584,-1.301,68.941,tracknet
30,33,34.8627,16,train,False,-1.2258,-2.7724,-9.5286,-1.3426,88.2531,,,,,-3.7907,-8.996,-0.3243,167.1323,tracknet
0,33,34.9827,6,train,False,-1.1361,2.7202,4.2015,-1.3948,34.5203,3.3946,4.3236,-0.7204,42.9131,3.5219,4.5783,-0.5931,56.2907,tracknet
301,33,35.1165,15,train,False,-1.1912,2.961,-6.2906,-1.154,149.5678,3.1669,1.9434,-0.9481,973.2253,2.9047,-7.9236,-1.2103,13.9057,tracknet
244,33,35.1495,26,train,False,-3.9524,-0.2658,-3.0,-3.8492,122.7917,-0.0385,-5.6039,-4.0765,138.5887,0.1032,-7.0849,-4.0118,287.3641,tracknet
169,33,35.4205,45,train,False,-2.3814,-1.795,-4.1311,-2.32,77.1098,-4.0265,18.5016,6.6166,2351.3373,-1.1372,-4.5726,-2.9778,68.0216,tracknet
59,33,35.4404,23,test,False,-2.9239,1.0814,5.672,-3.0336,13.2955,0.9516,5.5219,-3.1634,25.0922,1.2886,5.4268,-2.8264,19.6018,tracknet
105,33,35.7,10,train,False,-0.6922,-2.8794,5.0898,-1.2356,68.3663,-3.2617,5.139,-0.8533,57.5842,-3.1199,5.129,-0.9951,58.112,tracknet
433,33,35.7051,23,test,False,-3.6753,0.301,-6.6703,-3.814,103.7156,-0.38,-2.3884,-3.735,537.2629,0.8914,-7.1562,-3.2236,70.553,tracknet
146,33,35.7736,18,train,False,-2.4457,-1.653,7.9864,-2.462,11.9097,-1.5699,7.8624,-2.5451,26.165,-1.5623,7.195,-2.5527,91.5737,tracknet
38,33,36.0286,20,train,False,-0.9777,-1.8726,-9.9735,-1.9115,95.4821,-0.9647,-1.1911,-3.1503,977.9055,-1.8141,-8.3763,-2.3009,254.404,tracknet
337,33,36.0554,16,train,False,-2.8245,-1.149,6.4375,-2.966,34.027,-0.9049,6.6403,-3.2101,40.0063,-1.2617,6.6495,-2.8533,10.1622,tracknet
427,33,36.1032,17,test,False,-2.1207,-2.0834,8.728,-2.0316,29.1687,-1.7096,8.9083,-2.4054,30.0913,-1.2609,8.2461,-2.8541,105.5852,tracknet
403,33,36.4766,34,test,True,0.0848,4.1559,-4.3042,0.0409,23.9052,3.9932,-8.9838,-0.1218,491.8883,4.2348,-7.1381,0.1198,306.9082,tracknet
300,33,36.8272,23,train,False,-2.6207,1.0944,9.378,-2.507,29.7179,0.7292,9.8521,-2.0329,86.8773,1.7636,9.4048,-2.3514,41.8973,tracknet
95,33,36.8664,24,train,False,-2.0002,-1.906,9.7658,-2.1192,31.7396,-2.4519,6.859,-1.6631,268.8834,-2.6076,7.6514,-1.5074,193.8933,tracknet
144,33,37.6393,18,train,False,-2.7679,-0.7678,8.8051,-3.0799,34.4988,-0.9318,8.786,-3.099,33.1475,-1.4691,7.9343,-2.6459,130.6119,tracknet
165,33,37.7053,20,train,False,-2.8144,1.1384,-6.4503,-2.9766,189.3466,0.2258,5.0893,-3.8892,1346.9061,1.2424,-7.4513,-2.8726,88.7434,tracknet
265,33,38.1456,33,train,False,-3.6004,0.5437,-5.7288,-3.5713,103.6742,0.4375,-7.9519,-3.6775,118.9264,0.3886,-8.3566,-3.5284,159.639,tracknet
157,33,38.1766,27,train,False,-1.9456,-2.1384,-8.4818,-1.9766,109.1141,-2.0818,-5.5819,-2.0332,399.1608,-2.1269,-8.2233,-1.9881,134.9956,tracknet
233,33,38.226,15,train,False,-1.6688,-2.3472,6.8991,-1.7678,20.4081,-2.4047,6.6817,-1.7103,5.691,-2.3907,6.8363,-1.7243,12.8239,tracknet
381,33,38.3044,18,test,False,-2.3171,-1.6781,4.5955,-2.4369,12.1277,-1.5246,4.6584,-2.5904,28.5319,-1.7899,4.5997,-2.3251,2.447,tracknet
287,33,38.3156,18,train,False,-1.3864,-2.6472,-5.5455,-1.4678,102.6687,-2.6272,-5.2058,-1.4878,136.6932,-2.7348,-8.233,-1.3802,166.404,tracknet
419,33,38.3432,20,test,False,-1.4504,2.8857,10.2954,-1.2293,22.4051,2.4347,9.4305,-1.6803,92.9992,2.4062,7.9291,-1.7088,241.6394,tracknet
166,33,38.6957,22,train,False,-1.8152,2.3179,6.4326,-1.7971,56.2191,2.6993,7.0041,-1.4157,120.1758,2.0904,6.5264,-2.0246,68.8315,tracknet
164,33,39.4671,30,train,False,-1.8387,-2.3333,8.8356,-1.7817,70.5562,-2.3869,9.524,-1.7281,139.5979,-2.2694,8.489,-1.8456,35.6647,tracknet
290,33,39.6232,24,train,False,-2.5518,-1.3928,-6.272,-2.7222,95.4105,-1.4991,-5.6371,-2.6159,157.5044,-1.4057,-7.719,-2.7093,53.2025,tracknet
392,33,39.6333,17,test,False,-1.9107,1.9499,-3.7922,-2.1651,88.8451,2.7924,-15.26,3.375,1063.2793,2.4166,-7.6569,-1.6984,302.0857,tracknet
159,33,39.7107,26,train,False,-1.2743,2.8087,-7.0799,-1.3063,135.8259,2.8451,-7.6073,-1.2699,83.0544,2.8663,-8.1615,-1.2487,27.7478,tracknet
22,33,39.7176,10,train,False,-0.7184,3.4715,5.6366,-0.6435,19.3084,3.8355,4.5427,-0.2795,134.549,3.0492,5.4012,-1.0658,53.9983,tracknet
20,33,39.786,8,train,False,-0.1575,-0.0684,6.106,-0.0684,28.5419,-0.6837,4.4054,-0.6837,152.3278,-0.3359,5.9709,-0.3359,22.4259,tracknet
184,33,39.8557,44,train,False,-2.2096,-1.965,-4.7997,-2.15,142.2871,-1.8346,-6.096,-2.2804,14.3894,-1.9607,-6.5002,-2.1543,28.435,tracknet
412,33,40.0,7,test,True,0.2213,3.9377,9.8302,-0.1773,121.4073,9.9321,-3.0795,5.8171,1512.9421,7.0295,3.3561,2.9145,808.2806,tracknet
67,33,40.0,26,test,False,-2.3343,-1.5728,5.5645,-2.5422,30.139,-1.8415,4.4518,-2.2735,133.2341,-1.9482,5.4531,-2.1668,36.9748,tracknet
352,33,40.0,16,train,False,-0.7644,3.4199,9.8998,-0.6951,11.0302,3.4267,9.8869,-0.6883,12.463,3.2334,8.7635,-0.8816,122.7701,tracknet
373,33,40.0,16,test,False,-1.6652,-2.4746,-5.9321,-1.6404,125.7455,-2.2854,-9.5956,-1.8296,241.1901,-2.2968,-8.6328,-1.8182,145.1506,tracknet
368,33,40.0,18,test,False,-2.2766,-1.8511,8.0817,-2.2639,3.5034,-1.8422,8.132,-2.2728,8.3011,-1.778,7.7481,-2.337,30.7017,tracknet
404,33,40.0,13,test,False,-1.5406,1.8648,-3.4234,-1.8648,144.6312,4.5996,-39.0249,32.6249,3426.1449,3.2893,-8.0643,1.6643,344.066,tracknet
344,33,40.0,26,train,False,-1.6082,-2.611,-7.4436,-1.504,123.5761,-2.7983,-4.8828,-1.3167,380.34,-2.2694,-7.5825,-1.8456,111.8021,tracknet
73,33,40.0,38,test,False,-1.9185,0.324,-9.0723,-2.8127,89.4557,0.2418,-3.6377,-3.8732,632.9737,0.2382,-8.334,-3.551,163.6324,tracknet
64,33,40.0,20,test,False,-1.6087,-2.4791,-6.5858,-1.6359,120.729,-2.3857,-0.7302,-1.7293,706.3597,-2.5015,-8.1937,-1.6135,40.1003,tracknet
340,33,40.0,17,train,False,-1.5076,-2.5015,-8.6273,-1.6135,135.3037,-1.7954,-2.2564,-2.3196,776.2305,-2.4803,-9.9092,-1.6347,14.3678,tracknet
355,33,40.0,7,train,False,-2.2876,1.3702,-5.2884,-2.7448,209.1148,0.3165,0.5197,-3.7985,799.2771,2.0803,-7.0639,-2.0347,36.631,tracknet
384,33,40.0,19,test,False,-1.443,-2.6888,-6.0916,-1.4262,142.1413,-2.3344,-12.0481,0.1631,454.7776,-2.4047,-9.0058,-1.7103,151.6624,tracknet
62,33,40.0,20,test,False,-1.4489,2.7132,-5.1803,-1.4018,124.4876,2.674,7.0776,-1.441,1350.1854,2.4343,-7.1848,-1.6807,79.5083,tracknet
23,33,40.0,7,train,False,-0.3041,3.4673,5.0523,-0.6477,34.5095,3.5117,5.0021,-0.6033,31.0359,3.9505,4.9119,-0.1645,22.2,tracknet
61,33,40.0,29,test,False,-1.3072,1.7424,11.0606,-0.8244,49.3768,1.8825,11.6438,-0.2412,109.3463,1.5293,10.9392,-0.9458,37.7502,tracknet
281,33,40.0,18,train,False,-1.9268,-2.0028,-3.1365,-2.1122,177.1052,-2.4944,-8.0052,-1.6206,312.24,-2.6679,-8.9946,-1.4471,412.4757,tracknet
334,33,40.0,26,train,False,-2.3721,-1.5904,-5.7356,-2.5246,104.2492,-0.7564,-0.8859,-3.3586,596.3126,-1.7201,-7.4098,-2.3949,64.3385,tracknet
332,33,40.0,18,train,False,-1.2543,-2.9794,-6.1804,-1.1356,144.1229,-2.9944,-6.382,-1.1206,124.1889,-2.7841,-8.085,-1.3309,47.4476,tracknet
328,33,40.0,19,train,False,-3.235,-0.7586,-5.3731,-3.3564,124.1702,-0.6485,-4.306,-3.4665,231.4437,-1.0701,-8.0405,-3.0449,144.4229,tracknet
293,33,40.0,18,train,False,-2.0845,-1.8497,-6.6441,-2.2653,110.0418,-1.4856,-3.5745,-2.6294,419.0586,-2.0681,-8.5468,-2.0469,81.8107,tracknet
326,33,40.0,25,train,False,-2.5522,-1.411,-5.1007,-2.704,99.2626,0.1204,3.2703,-3.9946,950.2157,-1.6331,-6.6028,-2.4819,52.5842,tracknet
405,33,40.0,19,test,True,0.0119,3.8885,11.7515,-0.1335,15.6252,4.2077,10.2336,0.0927,170.5397,3.4146,10.3474,-0.7004,160.4489,tracknet
324,33,40.0,7,train,False,-3.7459,-0.2742,6.1949,-3.8408,67.4363,0.0003,3.7906,-4.1147,309.4037,-0.4029,6.3383,-3.7121,52.5385,tracknet
314,33,40.0,11,train,False,-2.0402,1.9818,-0.2775,-2.1332,20.7888,-0.4474,3.7035,-3.6676,455.6843,1.8794,-3.4807,-2.2356,339.4712,tracknet
385,33,40.0,34,test,False,-0.1158,-3.9658,10.7081,-0.1492,35.7778,-4.1193,12.4754,0.5904,141.6195,-3.9053,10.5757,-0.2097,49.7512,tracknet
311,33,40.0,14,train,False,-3.3884,0.8965,-6.2232,-3.2185,110.7291,1.2966,-2.5936,-2.8184,475.8032,0.7878,-7.7177,-3.3272,40.4967,tracknet
336,33,40.0,21,train,False,-2.447,1.6288,-6.6833,-2.4862,151.8277,1.7826,-13.2307,1.3457,503.0912,1.7395,-9.8398,-2.0452,164.03,tracknet
77,33,40.0,27,test,False,-2.836,1.3052,0.2445,-2.8098,21.4851,1.1939,1.415,-2.9211,138.63,1.2124,4.8072,-2.9026,477.6377,tracknet
96,33,40.0,23,train,False,-1.9982,2.015,-5.9587,-2.1,73.107,0.1003,6.4333,-4.0147,1327.0077,1.9045,-6.4708,-2.2105,29.9872,tracknet
57,33,40.0,24,test,True,0.6349,-4.7648,7.6299,0.6498,4.0991,-4.729,7.4507,0.614,14.2554,-4.7407,7.4424,0.6257,14.9592,tracknet
120,33,40.0,16,train,False,-1.6728,1.7758,-9.6052,-2.2798,60.7687,1.4541,-15.2814,3.3964,508.1264,1.6154,-11.0995,-0.7855,90.7011,tracknet
52,33,40.0,23,test,False,-1.2026,-3.0141,-7.6264,-1.1009,98.4768,-3.3539,-3.6199,-0.7611,500.5597,-2.9452,-8.3873,-1.1698,22.1042,tracknet
48,33,40.0,21,test,False,-2.2148,-1.9661,-6.4012,-2.1489,92.8799,-2.4088,0.7472,-1.7062,809.0866,-1.909,-8.1072,-2.206,77.9568,tracknet
417,33,40.0,26,test,False,-1.001,-3.0248,7.0699,-1.0902,16.854,-2.7356,6.1514,-1.3794,86.2822,-2.9477,6.1925,-1.1673,75.2989,tracknet
118,33,40.0,14,train,False,-1.7037,-2.1789,-4.2996,-1.9361,165.9406,-2.1785,-4.3434,-1.9365,161.6133,-2.5661,-7.5562,-1.5489,162.0907,tracknet
2,33,40.0,14,train,False,-1.5397,2.7149,-5.532,-1.4001,146.7869,3.1406,-0.9367,-0.9744,608.2911,2.5293,-8.3768,-1.5857,138.4356,tracknet
143,33,40.0,16,train,False,-2.5683,1.3866,-5.2322,-2.7284,150.2516,1.331,-4.7219,-2.784,201.5868,1.5406,-7.4358,-2.5744,70.9648,tracknet
54,33,40.0,27,test,False,-1.6769,-2.3819,-4.1985,-1.7331,21.2993,-2.1865,-2.0182,-1.9285,239.8968,-2.5172,-6.4887,-1.5978,208.6279,tracknet
106,33,40.0,20,train,False,-1.8536,2.0338,-6.7053,-2.0812,62.5357,0.6058,0.7048,-3.5092,816.2183,1.9513,-7.0088,-2.1637,41.708,tracknet
86,33,40.0,16,test,False,-1.4289,-2.438,-5.7913,-1.677,79.6964,-2.0738,-4.2503,-2.0412,237.8536,-2.9195,-8.0187,-1.1955,148.8518,tracknet
426,33,40.0,16,test,False,-2.6214,-1.2672,-4.2336,-2.8478,129.5091,-1.1544,-3.574,-2.9606,196.4275,-2.0962,-7.0592,-2.0188,166.3433,tracknet
5,33,40.0,8,train,False,-0.1724,0.0735,-3.4703,-0.0735,198.4331,0.2549,-8.5387,2.1387,308.7635,0.2749,-7.0419,0.6419,159.3025,tracknet
137,33,40.0,21,train,False,-1.7355,-0.9839,-9.8106,-2.0744,34.5807,-0.6399,-3.6202,-3.4751,654.2335,-1.0095,-9.3797,-2.5053,77.1,tracknet
90,33,40.0,36,test,False,-2.3957,1.6432,-1.7517,-2.4718,36.1522,1.7078,-2.3147,-2.4072,20.9867,1.4972,2.0332,-2.6178,414.4306,tracknet
131,33,40.0,19,train,False,-2.5427,-1.0593,-8.1294,-3.0557,121.8557,-1.2694,-10.3515,-1.5335,101.3463,-1.2037,-10.8822,-1.0028,154.0122,tracknet
133,33,40.0,22,train,False,-2.534,1.5188,-8.2874,-2.5962,104.2007,1.5211,-8.3532,-2.5939,97.6193,1.5701,-8.5915,-2.5449,73.6165,tracknet
85,33,40.0,30,test,False,-0.9979,3.0173,5.6288,-1.0977,48.8012,2.9735,5.1793,-1.1415,14.6366,3.1944,5.4677,-0.9206,32.5935,tracknet
84,33,40.0,34,test,True,1.9292,-2.0455,14.1356,2.2506,32.808,-2.3325,14.8927,3.0077,113.4639,-1.9978,11.0533,-0.8317,276.0951,tracknet
102,33,40.0,13,train,False,-1.6599,2.145,-6.7172,-1.97,137.9509,1.275,-2.5977,-2.84,558.971,1.9651,-7.8675,-2.1499,52.6959,tracknet
122,33,40.0,15,train,False,-1.6874,-2.3305,-7.0943,-1.7845,64.2285,-2.4752,-10.3045,-1.5805,257.5755,-2.5011,-9.3533,-1.6139,162.571,tracknet
83,33,40.0,22,test,False,-1.3275,-2.7006,-9.1606,-1.4144,110.44,-2.6111,-8.1277,-1.5039,214.1114,-2.7257,-9.2456,-1.3893,101.7815,tracknet
82,33,40.0,26,test,False,-3.4147,0.6314,6.7986,-3.4836,10.0765,0.3632,6.9325,-3.7518,39.5831,0.7274,6.6718,-3.3876,5.9812,tracknet
50,33,40.0,22,test,False,-3.9792,0.0711,-5.7224,-4.0439,94.8148,0.0936,-6.8843,-4.0214,22.0057,0.2687,-8.0806,-3.8044,141.8462,tracknet
123,33,40.0,15,train,False,-1.5048,2.5848,-7.6684,-1.5302,146.8249,2.5773,-5.2996,-1.5377,383.6989,2.5625,-8.2068,-1.5525,93.0877,tracknet
371,33,40.1025,23,test,False,-0.3195,3.7852,-7.8597,-0.3298,141.5365,3.7979,-8.8402,-0.3171,43.4783,3.7289,-8.6691,-0.3861,60.9561,tracknet
322,33,40.3586,21,train,False,-2.3326,1.6434,6.3606,-2.4716,46.0681,1.3288,7.4455,-2.7862,159.0086,1.7031,6.2277,-2.4119,31.6399,tracknet
341,33,40.4065,24,train,False,-1.3064,2.699,7.2365,-1.416,47.9163,2.6589,7.1013,-1.4561,36.3535,2.8487,7.0304,-1.2663,26.3413,tracknet
231,33,40.7824,18,train,False,-0.4403,3.5503,7.2077,-0.5647,12.8067,3.5151,6.6953,-0.5999,56.5891,3.6236,7.0994,-0.4914,14.787,tracknet
172,33,40.8298,10,train,False,-0.1615,-0.0975,5.2593,-0.0975,6.6604,-0.0308,5.0621,-0.0308,22.1516,-0.1403,5.4023,-0.1403,16.2777,tracknet
421,33,40.9466,27,test,False,-1.2566,-2.8677,5.4777,-1.2473,92.499,-2.7993,5.4817,-1.3157,93.0749,-2.8655,4.7704,-1.2495,21.7684,tracknet
285,33,40.955,23,train,False,-2.1941,-1.8678,-7.9119,-2.2472,145.2761,-1.6694,-5.3596,-2.4456,401.2045,-2.0176,-8.8665,-2.0974,50.6565,tracknet
280,33,41.1273,20,train,False,-2.1414,1.7583,8.8517,-2.3567,39.543,1.952,7.9715,-2.163,54.9008,2.1813,8.5033,-1.9337,20.8365,tracknet
162,33,41.1382,19,train,False,-1.2172,3.0203,8.7964,-1.0947,47.3933,3.2073,8.9928,-0.9077,72.3676,2.7715,8.9132,-1.3435,58.8336,tracknet
303,33,41.1419,9,train,False,-0.8253,2.9853,4.7013,-1.1297,41.0315,3.7732,4.8023,-0.3418,51.386,3.9824,4.7222,-0.1326,73.7843,tracknet
125,33,41.4527,15,train,True,0.0282,4.0201,-7.5143,-0.0949,139.6502,4.7351,-16.6241,4.7391,774.1394,4.3401,-10.1525,0.2251,126.2645,tracknet
269,33,41.4733,37,train,False,-2.1426,-1.846,10.2208,-1.6642,129.6223,-1.8189,9.7255,-2.1595,80.9434,-1.9413,8.9378,-2.1737,3.1891,tracknet
43,33,41.6778,9,train,True,0.0533,3.9076,-3.5098,-0.2074,242.7409,4.6556,-10.8789,4.4789,497.957,4.0095,-6.304,-0.096,41.2554,tracknet
362,33,41.7927,19,test,False,-2.0925,-1.7741,9.4741,-2.3409,44.1623,-0.8681,10.0817,-1.8033,150.9547,-1.8045,9.3422,-2.3105,31.9206,tracknet
8,33,41.8052,31,train,False,-2.0329,-2.0823,-8.7846,-2.0327,106.7615,-2.0382,-8.0958,-2.0768,175.6574,-2.0879,-8.9891,-2.0271,86.3246,tracknet
150,33,42.1245,9,train,False,-0.0335,0.4351,-4.583,-0.4351,178.399,,,,,1.2595,-8.3791,1.9791,215.975,tracknet
359,33,42.6517,20,test,False,-3.4241,-0.8833,7.6511,-3.2317,23.5688,-1.1115,7.7018,-3.0035,42.9208,-0.1559,7.1967,-3.9591,79.6756,tracknet
342,33,42.8478,20,train,False,-0.4173,3.4647,-9.7961,-0.6503,167.3084,3.1428,-14.0713,2.1863,261.5724,3.1883,-9.9253,-0.9267,155.623,tracknet
407,33,42.8647,17,test,False,-2.6312,1.6101,7.4767,-2.5049,15.0369,1.1037,6.9847,-3.0113,68.8139,1.0826,6.8242,-3.0324,83.6592,tracknet
238,33,42.9568,11,train,False,-0.6479,3.2403,-2.1938,-0.8747,242.8624,4.1627,-14.2264,7.8264,963.9728,3.6013,-6.097,-0.303,149.1202,tracknet
266,33,43.0425,15,train,False,-2.0629,-1.9794,8.7141,-2.1356,68.5392,-1.9257,9.5089,-2.1893,16.9722,-2.0589,8.6479,-2.0561,74.7729,tracknet
140,33,43.1795,30,train,False,-2.4239,1.3586,9.8231,-2.0619,39.0413,1.1355,10.0277,-1.8573,67.6269,1.4619,9.5606,-2.3244,10.8306,tracknet
100,33,43.2635,18,train,False,-1.7548,2.3269,-6.0411,-1.7881,145.866,2.3733,-8.6747,-1.7417,117.5352,2.4282,-8.4791,-1.6868,98.2008,tracknet
249,33,43.4328,10,train,False,-2.1043,-1.9658,-3.0472,-2.1492,211.0295,-0.7667,17.2617,5.3767,2245.3201,-1.8999,-5.1595,-2.2151,11.0825,tracknet
12,33,43.434,18,train,False,-0.5685,3.494,10.356,-0.621,7.1114,3.5744,10.0784,-0.5406,23.123,3.6538,9.9253,-0.4612,39.7452,tracknet
382,33,43.9738,18,test,False,-1.3616,2.5317,-5.2077,-1.5833,132.6196,3.5024,-14.265,2.38,778.5902,3.2958,-8.295,-0.8192,186.0656,tracknet
292,33,44.2623,17,train,False,-3.1812,-0.7555,-3.1684,-3.3595,144.2231,-1.2433,-8.3825,-2.8717,379.5563,-1.3662,-8.5623,-2.7488,398.6256,tracknet
139,33,44.3349,18,train,False,-1.8619,-2.0551,-3.9307,-2.0599,156.8173,-1.5217,-0.2879,-2.5933,524.9672,-2.4232,-7.641,-1.6918,216.1311,tracknet
429,33,44.4444,15,test,False,-0.7003,-3.0416,6.827,-1.0734,50.9095,-2.4272,6.5287,-1.6878,117.9376,-3.324,6.2327,-0.791,94.5023,tracknet
16,33,44.4444,22,train,False,-3.767,-0.2073,-5.3778,-3.9077,149.1927,-0.0918,-3.3879,-4.0232,348.4629,-0.325,-7.8523,-3.79,98.9508,tracknet
110,33,44.5527,18,train,False,-0.336,-3.8535,-7.8928,-0.2615,169.5494,-3.7748,-9.6077,-0.3402,2.1509,-3.6952,-8.8401,-0.4198,75.1244,tracknet
21,33,44.6458,33,train,False,-0.9722,3.1706,-4.8299,-0.9444,147.1976,3.194,-2.9876,-0.921,331.4334,3.1833,-6.8787,-0.9317,57.8512,tracknet
376,33,44.6485,13,test,False,-0.5387,-3.233,-5.4299,-0.882,162.2213,-1.8757,0.5222,-2.2393,772.6966,-3.7689,-8.3335,-0.3461,133.2146,tracknet
63,33,44.6944,23,test,False,-0.6152,3.059,-9.8918,-1.056,137.8826,2.198,-1.4618,-1.917,985.0159,2.8513,-9.0179,-1.2637,226.6548,tracknet
18,33,44.7059,18,train,False,-1.4971,-2.5716,8.1702,-1.5434,7.758,-2.4825,0.41,-1.6325,782.362,-2.5585,6.7611,-1.5565,147.2545,tracknet
234,33,44.7799,9,train,False,-0.3821,3.3627,4.5162,-0.7523,47.8316,3.3502,4.6245,-0.7648,56.166,3.93,4.2497,-0.185,20.0409,tracknet
36,33,44.8301,22,train,False,-1.6139,-1.5556,-9.037,-2.5594,124.1557,-1.5339,-9.5988,-2.2862,68.1927,-1.4975,-8.6777,-2.6175,159.5295,tracknet
338,33,44.9067,14,train,False,-2.2033,1.7272,-4.2441,-2.3878,183.5926,2.1318,-8.0051,-1.9832,194.6882,2.3361,-8.8554,-1.7789,281.6839,tracknet
377,33,44.9231,12,test,False,-0.6598,3.2356,4.3555,-0.8794,23.0561,2.3715,4.4674,-1.7435,109.8857,3.4222,4.4051,-0.6928,12.4189,tracknet
367,33,44.9431,18,test,False,-3.6005,-0.3885,-4.1517,-3.7265,163.8259,-0.5442,-5.9617,-3.5708,17.913,-0.6205,-7.7965,-3.4945,201.4243,tracknet
434,33,45.0133,18,test,False,-1.7066,-2.2511,8.5292,-1.8639,24.1126,-1.8535,8.2555,-2.2615,56.2386,-2.3961,8.0937,-1.7189,25.302,tracknet
428,33,45.0697,23,test,False,-1.1186,2.9016,-6.1515,-1.2134,142.4508,3.3243,-14.3528,2.4678,678.784,3.0508,-8.0534,-1.0642,48.3664,tracknet
299,33,45.1108,22,train,False,-0.4202,-3.6343,-7.7838,-0.4807,158.5353,-3.5788,-6.7023,-0.5362,266.8232,-3.6797,-9.5566,-0.4353,18.927,tracknet
270,33,45.1131,14,train,False,-0.8438,-3.4347,-5.5792,-0.6803,196.6976,-2.7877,-14.1312,2.2462,660.9548,-2.721,-9.65,-1.394,218.1183,tracknet
390,33,45.4153,16,test,False,-2.1859,-1.633,-4.7758,-2.482,189.3676,-0.4667,0.9404,-3.6483,772.6241,-2.2863,-7.7939,-1.8287,120.2013,tracknet
80,33,45.4902,21,test,False,-3.8085,-0.256,6.7962,-3.859,11.2656,-0.2248,6.7891,-3.8902,13.5231,-0.4047,6.8722,-3.7103,10.1233,tracknet
112,33,45.601,19,train,False,-2.1298,-1.829,-6.009,-2.286,163.3875,-0.6005,2.9927,-3.5145,1071.7905,-2.1907,-7.3223,-1.9243,37.4563,tracknet
29,33,45.6256,6,train,False,-3.9894,-0.1089,4.4004,-4.0061,61.8318,0.0234,4.9853,-4.0916,121.2262,-0.7545,1.2986,-3.3605,256.2081,tracknet
395,33,45.7705,23,test,False,-1.3242,2.5967,6.6799,-1.5183,22.7679,3.0857,6.3852,-1.0293,34.3254,3.0437,6.2824,-1.0713,37.6095,tracknet
402,33,46.183,21,test,False,-2.6479,1.5783,5.4268,-2.5367,12.9646,1.7434,5.3826,-2.3716,27.7231,1.1807,6.6488,-2.9343,132.0154,tracknet
247,33,46.2745,10,train,False,-0.4054,-3.465,5.1756,-0.65,57.521,-3.7075,4.4726,-0.4075,18.2496,-3.9648,5.3679,-0.1502,75.7104,tracknet
32,33,46.3927,6,train,False,-3.3809,-0.6916,-1.659,-3.4234,301.6196,-0.4568,5.8608,-3.6582,1053.9388,-0.8414,-6.7037,-3.2736,203.1606,tracknet
168,33,46.517,27,train,False,-1.4069,-2.4652,11.157,-0.728,88.2648,-2.6559,7.0332,-1.4591,327.5685,-2.6264,9.4201,-1.4886,89.2155,tracknet
297,33,46.5272,22,train,False,-1.599,-2.3506,-7.0977,-1.7644,177.3439,-2.0562,-3.8391,-2.0588,504.5342,-2.5687,-8.7696,-1.5463,10.768,tracknet
358,33,46.5786,30,test,False,-2.2134,-1.9191,-3.1853,-2.1959,175.9685,-1.8375,-5.7188,-2.2775,77.6572,-1.7571,-7.3512,-2.3579,241.0634,tracknet
414,33,46.7382,19,test,False,-2.44,-1.6141,-5.5831,-2.5009,158.6925,-1.7196,-9.3938,-2.3954,222.5348,-1.6406,-9.1058,-2.4744,193.724,tracknet
379,33,46.9272,9,test,False,-0.451,0.3717,4.2154,-0.3717,28.1371,0.1501,3.8025,-0.1501,74.6155,0.526,4.602,-0.526,13.8724,tracknet
153,33,47.091,19,train,False,-1.5338,2.2599,-7.0155,-1.8551,134.8767,1.3835,-2.1903,-2.7315,625.0976,2.5222,-7.7535,-1.5928,57.5026,tracknet
10,33,47.2357,9,train,False,-1.368,-1.1178,3.9242,-1.1178,38.4418,-1.3907,2.2357,-1.3907,139.6747,-1.3707,4.5462,-1.3707,91.3923,tracknet
4,33,47.2515,16,train,False,-0.2068,3.8216,-5.9621,-0.2934,188.02,3.8415,-5.8224,-0.2735,201.8934,3.7603,-7.2483,-0.3547,61.0193,tracknet
418,33,47.441,15,test,False,-1.57,2.2435,-3.6768,-1.8715,154.8774,4.1252,-13.9847,2.0997,892.9705,3.5807,-7.3287,-0.5343,237.0968,tracknet
76,33,47.4932,30,test,True,0.2631,-4.3701,-0.5951,0.2551,47.8684,-4.3424,-0.3218,0.2274,75.2798,-4.2657,2.5686,0.1507,364.4059,tracknet
416,33,47.6834,17,test,False,-3.9656,0.1297,-4.4632,-3.9853,181.6143,0.3379,-2.6538,-3.7771,363.6779,-0.1612,-6.9663,-3.9538,70.8631,tracknet
37,33,48.0368,17,train,False,-1.8628,2.1104,7.026,-2.0046,20.8264,2.1104,6.6515,-2.0046,26.3351,2.2481,7.01,-1.8669,13.6626,tracknet
423,33,48.264,19,test,False,-3.0515,-1.2623,-4.6842,-2.8527,165.8732,-1.1223,-6.5126,-2.9927,19.0928,-0.984,-7.5627,-3.131,123.4351,tracknet
396,33,48.2665,23,test,False,-3.8379,-0.1672,-5.6827,-3.9478,150.7529,1.5435,6.06,-2.5715,1337.0729,-0.3332,-7.1101,-3.7818,9.4556,tracknet
343,33,48.3768,35,train,False,-0.0242,-3.9944,12.6211,0.7361,121.2822,-3.9755,11.2818,-0.1395,17.4001,-4.0205,9.7264,-0.0945,168.7177,tracknet
242,33,48.3908,8,train,False,-0.4477,3.3288,4.6219,-0.7862,34.0922,3.3029,4.699,-0.8121,38.2961,3.8697,4.8067,-0.2453,30.2871,tracknet
437,33,48.4429,9,test,True,0.0217,0.1685,5.1398,0.1685,48.3996,0.0122,5.4471,0.0122,15.4272,-0.001,5.5093,-0.001,9.4515,tracknet
443,33,48.5086,19,test,False,-0.2851,-3.5423,8.4744,-0.5727,29.2616,-3.8695,8.4705,-0.2455,6.4088,-4.0114,7.9694,-0.1036,48.5915,tracknet
378,33,48.5398,17,test,False,-0.6224,-3.1328,-6.6037,-0.9822,194.298,-2.4507,-3.6714,-1.6643,495.246,-3.5295,-7.8217,-0.5855,69.2358,tracknet
260,33,48.6166,33,train,False,-3.9489,-0.0379,-6.3826,-4.0771,138.5546,0.6331,-11.6416,-0.2434,391.648,0.7786,-8.9333,-2.9517,132.9666,tracknet
261,33,48.6486,15,train,False,-1.6415,-2.3546,7.5185,-1.7604,41.985,-2.3456,7.6167,-1.7694,51.6972,-2.3867,7.3089,-1.7283,21.166,tracknet
72,33,48.7805,17,test,False,-3.0509,1.142,6.5966,-2.973,12.8444,1.3615,5.5411,-2.7535,119.5243,0.9476,6.5812,-3.1674,16.5538,tracknet
318,33,48.9017,7,train,False,-0.5906,0.4369,5.4577,-0.4369,31.661,0.3002,5.2094,-0.3002,60.0061,0.6641,5.5305,-0.6641,21.6738,tracknet
176,33,49.0622,31,train,False,-2.3953,1.6878,-6.6558,-2.4272,114.3903,1.6434,-4.9144,-2.4716,288.5796,1.6635,-6.7887,-2.4515,101.205,tracknet
331,33,49.1386,14,train,False,-0.9293,-3.1638,5.0821,-0.9512,14.3536,-3.1012,5.0735,-1.0138,15.7765,-3.1996,5.0083,-0.9154,6.9514,tracknet
108,33,49.271,28,train,False,-2.2486,-1.7719,-6.1057,-2.3431,124.3444,-1.1342,1.3354,-2.9808,871.1792,-1.8769,-7.0844,-2.2381,26.1323,tracknet
286,33,49.2973,19,train,False,-3.2782,0.6639,7.3838,-3.4511,26.9536,0.156,6.8404,-3.959,75.9446,0.8376,7.3527,-3.2774,17.5698,tracknet
339,33,49.4085,19,train,False,-1.3909,2.9194,6.9226,-1.1956,35.8598,2.7373,5.772,-1.3777,84.9951,2.6166,7.2891,-1.4984,67.5869,tracknet
35,33,49.4631,14,train,False,-2.3911,-1.4126,5.6508,-2.7024,31.6903,0.1104,4.7535,-4.0046,201.6601,-1.8298,5.5767,-2.2852,10.6893,tracknet
284,33,49.505,20,train,False,-2.5217,1.3814,7.7704,-2.7336,22.3044,1.3721,7.9138,-2.7429,30.7088,1.7218,7.6612,-2.3932,13.4462,tracknet
6,33,49.6812,15,train,False,-0.3611,3.7058,-8.3834,-0.4092,127.3868,3.4839,-2.2522,-0.6311,740.908,3.7043,-8.0474,-0.4107,160.9688,tracknet
411,33,49.8551,29,test,False,-1.9606,-2.1863,4.0489,-1.9287,52.7058,-2.0894,3.5653,-2.0256,7.7602,-2.0833,3.7148,-2.0317,20.4747,tracknet
296,33,50.094,26,train,False,-1.3433,2.6745,11.2077,-0.6773,91.2151,3.003,8.8082,-1.112,151.0364,2.923,9.2299,-1.192,108.1413,tracknet
263,33,50.3744,15,train,False,-1.3515,-2.6862,7.8013,-1.4288,11.2897,-2.734,6.6837,-1.381,103.5754,-2.7336,7.4008,-1.3814,31.9582,tracknet
354,33,50.4165,33,train,True,0.988,5.0828,-4.5741,0.9678,140.0281,5.0733,-11.1111,0.9583,513.697,3.5375,-8.0326,-0.5775,258.6109,tracknet
363,33,50.4889,21,test,False,-2.9275,-1.2698,-4.8249,-2.8452,174.7421,-1.1049,-7.1614,-3.0101,59.671,-1.0471,-7.8784,-3.0679,131.548,tracknet
372,33,50.5987,13,test,False,-1.1168,-1.6839,5.6084,-0.7916,37.0749,-2.1253,1.9927,-1.9897,330.1026,-1.9312,5.2703,-1.1297,7.0302,tracknet
114,33,50.6289,19,train,False,-1.8331,-2.123,-6.8497,-1.992,195.3616,-1.3384,0.3943,-2.7766,923.9407,-2.1492,-8.7747,-1.9658,13.4515,tracknet
438,33,50.7865,13,test,False,-1.5626,1.3973,-2.546,-1.3973,203.2301,3.4272,-33.1758,26.7758,2866.4854,2.5337,-8.1775,1.7775,373.4384,tracknet
111,33,50.9955,13,train,False,-1.3446,2.019,5.1005,-1.2995,13.3033,1.1047,4.7058,-1.1047,109.6626,2.165,5.5868,-0.8132,53.1799,tracknet
237,33,51.0161,8,train,False,-0.3174,3.3982,5.2606,-0.7168,50.6014,3.3661,5.2484,-0.7489,52.4675,3.8188,5.5164,-0.2962,56.6918,tracknet
56,33,51.2418,25,test,False,-2.0455,-2.116,-6.4288,-1.999,135.6986,-2.2638,-1.8942,-1.8512,589.3932,-1.9516,-8.4181,-2.1634,64.3986,tracknet
310,33,51.4548,8,train,False,-0.751,2.3123,5.2963,-1.1037,52.7779,2.4695,5.4636,-0.9364,29.9632,3.175,5.7388,-0.6612,47.8664,tracknet
69,33,51.5131,4,test,False,-1.0743,-2.8794,-2.6363,-1.2356,239.9283,-1.8573,8.3436,-2.2577,1342.6039,-2.9704,-6.3852,-1.1446,135.6906,tracknet
97,33,51.6078,17,train,False,-1.6004,-2.2978,8.5885,-1.8172,28.2327,-2.4129,8.2896,-1.7021,15.5644,-2.6305,8.3875,-1.4845,11.7669,tracknet
127,33,51.6379,18,train,False,-1.4451,-2.6424,-2.1361,-1.4726,146.3089,-2.6109,-16.4159,4.5309,1281.7146,-2.7255,-8.3468,-1.3895,474.8268,tracknet
413,33,51.8919,11,test,False,-0.3932,0.3824,5.4214,-0.3824,58.676,0.4013,5.3229,-0.4013,68.4225,0.4451,5.5677,-0.4451,43.9743,tracknet
136,33,51.8974,22,train,False,-2.207,2.0053,9.8236,-2.0614,34.7213,1.9145,8.5301,-2.2005,96.021,1.581,9.2406,-2.534,41.1403,tracknet
68,33,51.9298,29,test,False,-2.4544,-1.1778,-8.4854,-2.9372,94.6143,-1.7606,3.2097,-2.3544,1265.5664,-1.1033,-8.6488,-3.0117,78.2611,tracknet
49,33,51.9298,21,test,False,-1.9144,-2.2076,8.1295,-1.9074,3.1294,-2.1535,7.9732,-1.9615,19.2603,-2.1045,7.7003,-2.0105,46.9613,tracknet
39,33,52.1437,17,train,False,-2.091,1.8427,7.0302,-2.2723,22.4168,2.0455,6.7126,-2.0695,18.7017,2.2146,6.5826,-1.9004,36.8863,tracknet
360,33,52.1692,21,test,False,-1.4209,-2.6704,-5.8149,-1.4446,191.1844,-2.689,-6.0756,-1.426,165.1046,-2.7128,-8.4611,-1.4022,73.4704,tracknet
369,33,52.2864,18,test,False,-1.4469,2.5153,-7.7389,-1.5997,191.4596,2.6477,-9.3398,-1.4673,30.8245,2.6782,-8.6382,-1.4368,100.9252,tracknet
75,33,52.6038,12,test,False,-3.7093,-0.058,3.0933,-4.057,186.6834,1.8694,-5.0975,-2.2456,654.8194,1.8779,-6.2033,-2.2371,763.1613,tracknet
348,33,52.6565,13,train,False,-1.8374,-2.2437,-6.6942,-1.8713,224.6022,-2.385,-27.5837,15.6987,1864.4062,-2.2562,-9.3742,-1.8588,43.4801,tracknet
398,33,52.8579,12,test,False,-0.6297,3.1971,5.76,-0.64,31.373,2.6809,5.5122,-0.8878,81.3949,3.3974,5.5459,-0.7176,12.5947,tracknet
383,33,53.0598,20,test,False,-2.0572,-1.7529,9.4121,-2.3621,44.505,-1.6777,9.6245,-2.2605,65.7607,-1.8588,9.0597,-2.2562,20.1034,tracknet
51,33,53.2135,32,test,False,-0.8455,-3.2197,7.8898,-0.8953,25.8395,-0.6089,-0.5793,-3.5061,863.5628,-2.7744,7.0437,-1.3406,77.2212,tracknet
104,33,53.3011,7,train,False,-0.3456,-3.1943,4.8736,-0.9207,67.0907,-5.0947,5.5153,0.9797,135.7991,-4.6492,4.5849,0.5342,108.4513,tracknet
65,33,53.3333,24,test,False,-3.0207,-1.1503,6.4456,-2.9647,5.6011,-1.2094,6.3057,-2.9056,18.3027,-0.9706,6.2594,-3.1444,22.5641,tracknet
45,33,53.3333,28,train,False,-2.3769,1.7478,9.2732,-2.3672,25.2537,1.5616,10.2105,-1.6745,120.2642,1.7213,9.0575,-2.3937,4.0263,tracknet
240,33,53.3333,38,train,False,-2.5348,-0.1205,10.3613,-1.5237,101.2538,-0.1904,8.8357,-3.0493,52.9022,-0.0113,9.2573,-2.6277,10.8278,tracknet
264,33,53.4843,8,train,False,-0.9719,0.9238,5.6352,-0.7648,36.9096,0.8598,5.7446,-0.6554,48.6494,1.5172,5.7109,-0.6891,40.3575,tracknet
94,33,53.5393,14,train,False,-2.6323,1.116,-4.4302,-2.999,147.5922,3.2913,-14.691,2.806,901.4456,2.6275,-7.4434,-1.4875,195.4103,tracknet
349,33,53.6228,8,train,False,-0.5773,-3.1252,5.4704,-0.9296,41.4586,-4.0623,4.3144,-0.0527,123.1313,-3.7568,5.2593,-0.3582,27.6806,tracknet
71,33,53.7721,23,test,False,-0.7569,-3.308,-6.4615,-0.807,161.7587,-3.2023,-5.8968,-0.9127,218.701,-3.3563,-7.9941,-0.7587,8.4182,tracknet
11,33,54.1313,31,train,False,-1.5572,-0.4643,-8.8902,-2.9948,144.0377,-0.7659,-3.1108,-3.3491,722.7572,-0.3094,-8.7054,-3.1796,162.3752,tracknet
370,33,54.3448,18,test,False,-2.303,1.9237,6.1252,-2.1913,14.295,2.2568,5.8127,-1.8582,49.7747,1.5463,5.7183,-2.5687,41.4096,tracknet
24,33,54.4782,8,train,False,-0.5836,2.4757,5.5018,-0.8982,43.0631,2.0155,5.0002,-1.3998,111.1326,2.9265,5.2519,-1.1481,58.5885,tracknet
148,33,54.4893,24,train,False,-2.4449,1.7917,9.4802,-2.3233,36.0779,2.0825,10.0899,-1.7951,103.5137,1.6657,8.6403,-2.4493,50.0226,tracknet
321,33,54.5248,24,train,False,-2.1856,-2.0885,-6.4684,-2.0265,210.015,-1.816,-11.0257,-0.8593,246.5862,-1.9482,-8.9508,-2.1668,38.8774,tracknet
250,33,54.5324,22,train,False,-2.8849,1.1103,7.1545,-3.0047,82.2241,1.0007,8.1331,-3.1143,180.6666,1.2646,7.5117,-2.8504,117.1189,tracknet
156,33,54.6796,26,train,False,-3.435,0.6845,7.9061,-3.4305,54.5492,0.8814,8.4307,-3.2336,23.921,0.6137,7.6052,-3.5013,84.5283,tracknet
124,33,54.8843,29,train,False,-3.7463,0.4795,5.8335,-3.6355,29.4189,0.5495,5.9141,-3.5655,39.6782,0.1603,6.5289,-3.9547,99.009,tracknet
440,33,54.902,21,test,False,-2.2635,-1.9849,-3.3976,-2.1301,174.1094,-2.0617,-1.8085,-2.0533,333.1643,-1.7307,-7.6557,-2.3843,252.5009,tracknet
78,33,55.1598,22,test,False,-2.6022,1.526,5.7597,-2.589,1.3886,3.0308,0.7982,-1.0842,519.2619,1.3133,5.371,-2.8017,44.0683,tracknet
87,33,55.1724,25,test,False,-1.6365,-2.5458,0.3425,-1.5692,41.132,-3.7132,0.1727,-0.4018,125.7131,-2.2437,2.7389,-1.8713,281.2043,tracknet
152,33,55.2941,22,train,False,-1.3308,2.8113,-8.5636,-1.3037,199.5999,2.8839,-7.8647,-1.2311,269.8337,2.6136,-8.6916,-1.5014,186.3294,tracknet
356,33,55.3366,11,test,False,-0.3354,3.437,-2.7586,-0.678,324.3566,5.0183,-18.1678,11.7678,1224.6545,3.9394,-7.1464,0.7464,117.3257,tracknet
158,33,55.441,25,train,False,-2.0011,-2.1649,8.9373,-1.9501,17.3551,-2.2271,9.1921,-1.8879,43.5648,-2.0432,8.5482,-2.0718,23.4182,tracknet
55,33,55.5556,29,test,False,-2.4284,-1.4754,9.0756,-2.6396,27.3499,-1.2994,9.3423,-2.5427,58.655,-1.5338,8.6626,-2.5812,28.3809,tracknet
323,33,55.6231,13,train,False,-0.2922,-3.558,-4.8589,-0.557,226.5513,-3.002,-1.3678,-1.113,579.9506,-3.9783,-7.7446,-0.1367,65.4386,tracknet
387,33,55.641,18,test,False,-0.6988,3.4999,7.9082,-0.6151,53.3194,3.9495,5.3831,-0.1655,309.7932,3.1933,7.242,-0.9217,121.3385,tracknet
278,33,55.698,21,train,False,-1.7017,2.3636,9.2731,-1.7514,49.3247,2.3696,8.9002,-1.7454,12.569,2.4554,8.8161,-1.6596,5.3984,tracknet
98,33,55.7192,19,train,False,-2.0548,1.773,-3.6698,-2.342,181.0098,1.7894,-3.7994,-2.3256,167.96,1.9287,-6.3244,-2.1863,87.7301,tracknet
135,33,55.7265,21,train,False,-1.3883,2.6991,-8.2899,-1.4159,24.3805,2.9217,2.0807,-1.1933,1061.4559,1.9931,-8.0224,-2.1219,89.329,tracknet
115,33,55.7669,16,train,False,-2.091,1.7817,6.7342,-2.3333,24.4531,0.5936,5.1174,-3.5214,213.417,2.3912,6.7284,-1.7238,36.8155,tracknet
365,33,56.1163,20,test,False,-2.7103,-1.2869,-6.245,-2.8281,204.8675,-1.4142,-7.9398,-2.7008,35.0664,-1.3456,-8.6504,-2.7694,36.4845,tracknet
25,33,56.2159,27,train,False,-3.0333,-1.0142,-6.3967,-3.1008,147.9055,-0.2991,0.0615,-3.8159,797.4273,-1.1721,-7.5466,-2.9429,33.9902,tracknet
109,33,56.2735,17,train,False,-0.7279,-3.3516,8.4661,-0.7634,22.9638,-3.3164,8.4289,-0.7986,27.3398,-3.2804,7.8715,-0.8346,82.836,tracknet
275,33,56.2963,17,train,False,-0.06,4.1328,8.4149,0.0178,22.2679,4.1639,8.6693,0.0489,47.5691,3.9368,8.668,-0.1782,47.6694,tracknet
289,33,56.331,9,train,True,0.3356,0.4172,6.1916,-0.2084,58.0871,0.0284,4.7725,-0.0284,205.0505,0.6895,6.277,-0.123,46.3675,tracknet
271,33,56.4907,10,train,False,-0.9196,0.8372,5.6619,-0.7381,46.7488,0.6595,5.724,-0.6595,58.3447,0.9955,5.8301,-0.5699,63.2999,tracknet
309,33,56.5608,10,train,False,-2.2092,-1.8477,0.9202,-2.2673,77.6816,-1.8764,1.4857,-2.2386,134.0478,-1.8747,-2.8732,-2.2403,301.8908,tracknet
142,33,56.5945,20,train,False,-1.0698,-3.021,10.8759,-1.0091,10.6587,-3.2384,9.5803,-0.8766,127.2027,-2.7896,10.203,-1.3254,62.8876,tracknet
306,33,56.5967,21,train,False,-0.4536,3.4735,-1.4397,-0.6415,184.882,4.0252,-10.1734,-0.0898,690.4027,4.1584,-8.2281,0.0434,497.4001,tracknet
262,33,56.7761,42,train,False,-2.9389,-1.351,-3.2625,-2.764,132.0313,-4.7694,18.6891,6.8041,2353.6176,-1.6236,-4.4839,-2.4914,45.5861,tracknet
7,33,56.8306,10,train,False,-0.1999,-0.001,4.7928,-0.001,40.0462,-0.0294,3.4821,-0.0294,97.8021,0.0545,5.1198,0.0545,72.0934,tracknet
103,33,56.9297,8,train,True,0.124,0.3209,5.1688,0.3209,35.646,0.1934,5.3839,0.1934,10.7484,0.1787,5.4623,0.1787,5.4812,tracknet
147,33,57.0136,15,train,False,-1.0175,2.8637,-6.1108,-1.2513,203.0902,2.9427,-6.7172,-1.1723,141.9476,2.8886,-7.5522,-1.2264,61.277,tracknet
330,33,57.2597,18,train,False,-3.6771,-0.2707,-5.3716,-3.8443,214.2396,0.648,2.8961,-3.467,1046.0067,-0.5507,-7.666,-3.5643,19.454,tracknet
420,33,57.3041,34,test,False,-3.8904,-0.2841,-5.6782,-3.8309,127.0432,-0.2278,-9.7432,-2.1418,279.603,-0.3359,-7.7583,-3.7791,81.8722,tracknet
27,33,57.315,8,train,False,-0.4833,0.31,4.5771,-0.31,30.4693,0.1158,4.1309,-0.1158,78.78,0.6068,4.4959,-0.6068,35.4119,tracknet
79,33,57.4671,20,test,False,-3.3649,0.7826,-3.6839,-3.3324,156.7849,0.87,0.309,-3.245,556.1755,0.7271,-7.3275,-3.3879,207.6159,tracknet
117,33,57.5599,24,train,False,-2.8546,0.5549,9.4858,-2.3992,49.2654,0.1452,10.1875,-1.6975,130.227,0.8317,9.3387,-2.5463,32.0798,tracknet
15,33,57.586,21,train,False,-1.9423,1.9829,9.9015,-1.9835,50.3761,2.0158,9.9712,-1.9138,55.8745,2.1872,9.3796,-1.9278,5.7179,tracknet
347,33,57.6499,30,train,False,-3.4437,-0.572,8.3527,-3.5323,190.468,-0.4385,4.7924,-3.6765,167.4447,-0.7042,8.197,-3.4108,174.6729,tracknet
66,33,57.7809,16,test,False,-2.2017,1.7709,-5.3774,-2.3441,180.2089,1.5687,-2.3857,-2.5463,480.0531,1.8435,-7.4982,-2.2715,33.1701,tracknet
129,33,57.8899,23,train,False,-1.2323,-2.9948,2.8912,-1.1202,39.1564,-2.9926,2.7854,-1.1224,29.0895,-2.9082,3.8399,-1.2068,132.4021,tracknet
138,33,57.9332,22,train,False,-1.3735,2.277,10.5238,-1.3612,13.7924,2.2098,10.4851,-1.3999,20.6262,2.3096,9.9095,-1.8054,61.1111,tracknet
375,33,58.1847,12,test,False,-1.2555,2.6396,4.5652,-1.4754,25.4322,2.3383,4.7622,-1.6378,61.4074,2.8996,4.5535,-1.2154,12.2793,tracknet
33,33,58.4189,17,train,False,-2.366,-1.8042,7.731,-2.3108,22.3676,-1.8572,7.8019,-2.2578,30.7336,-1.6789,7.5535,-2.4361,8.0428,tracknet
149,33,58.4549,17,train,False,-1.0949,-2.8021,-8.2023,-1.3129,243.0871,-3.9689,-25.7,13.815,1510.6393,-3.4291,-11.1269,-0.6859,64.8671,tracknet
9,33,58.4615,21,train,False,-0.0442,-4.1263,11.2498,0.0113,55.093,-4.0761,11.6975,-0.0389,99.5884,-3.854,10.5462,-0.261,26.6728,tracknet
268,33,58.6112,10,train,False,-0.8198,2.9312,-1.6493,-1.1838,314.6235,4.2678,-14.7873,8.3873,1006.0053,3.7274,-6.422,0.022,170.3326,tracknet
113,33,58.6667,22,train,False,-1.2468,2.0576,11.0613,-0.8237,46.1681,1.5828,11.3643,-0.5207,98.0835,2.1241,10.3666,-1.5184,29.6098,tracknet
257,33,58.7637,23,train,False,-2.4163,1.8464,5.0735,-2.2686,59.4694,2.0503,5.9074,-2.0647,145.3177,1.6072,5.0493,-2.5078,55.9444,tracknet
415,33,58.8864,16,test,False,-1.5115,2.3247,6.25,-1.7903,33.4049,2.1152,6.0693,-1.9998,60.9447,2.7501,6.2035,-1.3649,27.3114,tracknet
432,33,58.8889,11,test,False,-0.1622,-3.52,5.5742,-0.595,56.7771,-4.5449,5.1709,0.4299,97.1992,-4.0888,5.3629,-0.0262,59.4632,tracknet
436,33,58.9421,18,test,False,-0.8772,3.0978,10.7051,-1.0172,32.1461,3.4024,10.6537,-0.7126,54.3812,2.7647,9.8424,-1.3503,118.6931,tracknet
259,33,58.9882,11,train,False,-0.6235,-3.0819,5.1413,-1.0331,46.8252,-3.9141,3.6092,-0.2009,137.1719,-3.5778,4.7934,-0.5372,14.8512,tracknet
351,33,58.9897,31,train,False,-0.4182,3.6797,-0.7433,-0.4353,191.5777,3.6773,-3.1928,-0.4377,53.412,3.6116,-7.0233,-0.5034,436.5068,tracknet
374,33,59.0769,36,test,False,-1.651,1.9708,11.0108,-0.8742,78.5011,2.0056,10.2068,-1.6782,8.3108,2.0373,9.7555,-2.0777,48.0846,tracknet
232,33,59.1291,23,train,False,-1.9816,2.4612,-2.909,-1.6538,196.549,2.3704,-3.5474,-1.7446,132.1012,1.5816,-6.6048,-2.5334,184.2404,tracknet
422,33,59.1753,9,test,False,-1.3157,-1.428,4.7579,-1.428,47.696,-1.4265,4.6123,-1.4265,58.7166,-1.6347,5.0406,-1.3594,14.7724,tracknet
325,33,59.2221,11,train,False,-0.825,3.125,5.8508,-0.5492,63.7821,2.5506,6.3889,-0.0111,137.0722,3.3302,6.1725,-0.2275,93.8646,tracknet
435,33,59.2475,13,test,False,-1.4621,1.8576,-2.8691,-1.8576,208.6928,5.3686,-47.6613,41.2613,4284.5752,3.445,-8.7528,2.3528,403.4432,tracknet
272,33,59.2665,24,train,False,-2.3359,-1.7788,-3.9688,-2.3362,226.4963,-1.802,-11.7231,-0.1619,548.9345,-1.8304,-9.3336,-2.2846,310.0253,tracknet
425,33,59.3258,11,test,False,-0.3307,3.5677,4.5947,-0.5473,21.7751,2.5218,3.2259,-1.5932,187.8337,3.5924,4.9764,-0.5226,40.7648,tracknet
119,33,59.3569,22,train,False,-1.917,1.9062,9.1439,-2.2088,31.9835,1.8879,9.0861,-2.2271,31.8602,2.1738,9.1039,-1.9412,9.4072,tracknet
401,33,59.5686,16,test,False,-1.5433,2.6004,-4.3975,-1.5146,246.285,2.2823,-15.1139,3.2289,825.876,2.3736,-9.1385,-1.7414,228.6866,tracknet
408,33,59.599,17,test,False,-3.3908,-0.704,-6.051,-3.411,170.0618,-0.8204,-8.674,-3.211,92.749,-0.8097,-8.7192,-3.1658,97.1426,tracknet
313,33,59.6239,17,train,False,-0.1455,4.1913,10.1012,0.0763,40.3637,4.6212,9.4301,0.5062,73.2249,3.9229,9.6868,-0.1921,9.0181,tracknet
248,33,59.7206,9,train,False,-0.4042,-3.2476,5.4071,-0.8674,69.3556,-3.4784,4.9706,-0.6366,24.5707,-3.8223,5.5522,-0.2927,67.0649,tracknet
13,33,59.7654,8,train,False,-0.0647,2.9992,5.5252,-0.8748,102.8834,2.5369,5.1296,-1.2704,162.9733,3.4663,5.6918,-0.6487,66.48,tracknet
254,33,59.7962,23,train,False,-1.6787,-2.3369,8.3501,-1.7781,71.5522,-2.3014,7.7684,-1.8136,18.5196,-2.3296,8.3798,-1.7854,74.5889,tracknet
276,33,59.9151,12,train,False,-0.6268,-1.7237,5.882,-0.518,31.7077,-3.111,1.9188,-1.004,400.5433,-2.4592,5.0878,-1.3122,81.3247,tracknet
171,33,60.1481,27,train,True,0.314,-4.4523,0.5378,0.3373,71.1326,-4.797,9.3412,0.682,952.1398,-3.8646,-2.9061,-0.2504,279.0635,tracknet
307,33,60.1761,29,train,False,-1.9976,1.7238,10.5285,-1.3565,81.8906,1.8139,10.6209,-1.2641,94.738,1.1957,9.9187,-1.9663,3.6445,tracknet
364,33,60.3733,31,test,False,-1.0375,2.4561,11.2782,-0.6068,43.1506,2.1702,11.962,0.077,115.7674,2.3292,10.7114,-1.1736,20.5613,tracknet
439,33,60.5364,19,test,False,-1.3093,-2.4703,10.1309,-1.6447,36.0144,-1.9491,10.0642,-1.8208,87.9165,-2.6935,9.2865,-1.4215,98.1965,tracknet
256,33,60.5765,8,train,False,-2.3034,1.4992,-1.2381,-2.6158,404.288,0.4573,9.5974,-2.2876,1492.782,2.1125,-5.8743,-2.0025,67.6137,tracknet
361,33,60.6403,5,test,False,-0.4442,3.2388,-2.6458,-0.8762,299.4568,6.4477,-35.4409,29.0409,2996.0786,4.8052,-6.1103,0.6902,124.0221,tracknet
141,33,60.8677,18,train,False,-1.9527,-2.0808,-5.6695,-2.0342,210.7403,-1.7621,-2.1993,-2.3529,559.037,-2.2969,-8.1969,-1.8181,44.2541,tracknet
441,33,61.2132,14,test,False,-1.9571,-2.1704,5.4247,-1.9446,37.8644,-2.1526,5.4745,-1.9624,32.8651,-2.2182,5.6568,-1.8968,15.8256,tracknet
243,33,61.2276,8,train,False,-0.3979,-3.1289,4.2095,-0.9861,67.7351,-3.7309,3.5273,-0.3841,34.6512,-4.0307,4.25,-0.0843,49.003,tracknet
388,33,61.2303,58,test,True,0.2766,-3.6844,-9.9947,-0.4306,216.7196,-3.5179,-11.9544,0.0694,24.6375,-3.5578,-9.6323,-0.5572,253.1019,tracknet
294,33,61.4931,19,train,False,-1.7739,2.1356,8.6305,-1.9794,30.7657,1.7782,8.6282,-2.3368,60.6862,2.4387,8.231,-1.6763,19.6504,tracknet
1,33,61.6649,20,train,False,-0.8979,2.9818,9.4108,-1.1332,84.2124,2.6102,10.2914,-1.5048,179.4901,3.1758,9.2265,-0.9392,62.5684,tracknet
277,33,62.381,19,train,False,-2.5345,-1.7306,-2.905,-2.3844,229.646,-1.8477,-0.4341,-2.2673,476.9933,-1.4549,-7.937,-2.6601,274.337,tracknet
185,33,62.6998,30,train,False,-1.1413,-3.054,3.3225,-1.061,99.0511,-3.2206,5.0796,-0.8944,275.5429,-2.8918,3.5212,-1.2232,118.8792,tracknet
335,33,63.0378,16,train,False,-2.7704,-1.3919,9.188,-2.697,14.5347,-1.8845,7.9127,-2.2305,135.1473,-1.1154,9.0103,-2.8747,18.3529,tracknet
179,33,63.2762,9,train,False,-1.046,-0.7397,4.2585,-0.7397,44.7227,-1.1452,4.0829,-1.1452,51.1183,-1.0794,4.0403,-1.0794,54.5167,tracknet
409,33,63.3484,18,test,False,-0.8746,-3.2245,7.0143,-0.8905,18.7529,-3.0946,6.736,-1.0204,17.2063,-3.1712,6.7031,-0.9438,14.2273,tracknet
394,33,63.4691,20,test,False,-2.6282,-1.3218,-3.9752,-2.7932,220.7855,-1.6499,-9.1995,-2.4651,302.6975,-1.551,-8.5323,-2.564,235.6293,tracknet
88,33,63.619,24,test,False,-3.4191,0.9952,7.0707,-3.1198,40.1667,1.9082,6.8986,-2.2068,121.6048,0.9618,5.8093,-3.1532,102.8467,tracknet
251,33,63.6194,19,train,False,-1.2048,-2.2348,-8.5472,-1.8802,213.4045,-2.4276,-11.7008,-0.1842,102.8275,-2.277,-9.5479,-1.838,113.2561,tracknet
245,33,63.6398,11,train,False,-1.3927,2.6685,7.3021,-1.4465,49.2902,2.5567,7.3446,-1.5583,55.7584,2.8211,7.3534,-1.2939,55.0169,tracknet
282,33,63.936,20,train,False,-2.1518,1.5906,9.5509,-2.3341,57.3008,1.8482,9.0842,-2.2668,11.9246,2.0869,8.7943,-2.0281,34.4179,tracknet
107,33,64.1176,17,train,False,-1.4218,2.8864,4.7996,-1.2286,19.3567,2.7364,4.4999,-1.3786,31.4055,2.4143,4.5983,-1.7007,35.0688,tracknet
81,33,64.2793,30,test,False,-0.6055,-1.8129,-9.4861,-2.3021,179.3432,-1.8029,-5.6224,-2.3121,565.7137,-1.8747,-9.1694,-2.2403,211.1416,tracknet
273,33,64.2904,14,train,False,-1.694,1.9512,6.44,-2.1638,69.4335,2.412,5.8785,-1.703,107.2764,2.6317,6.6291,-1.4833,38.4908,tracknet
442,33,64.6989,21,test,False,-1.7838,2.0692,-6.2816,-2.0458,221.2534,2.667,-13.1338,1.2488,466.7321,2.6286,-8.7329,-1.4864,39.1371,tracknet
317,33,64.7501,7,train,False,-0.704,3.1591,-2.8675,-0.9559,316.6352,2.7621,1.4419,-1.3529,749.3937,2.9989,-7.6106,-1.1161,163.9393,tracknet
288,33,64.7835,22,train,False,-0.9778,2.8538,8.5637,-1.2612,52.8538,3.019,8.1088,-1.096,11.8517,3.2637,7.9122,-0.8513,24.1181,tracknet
92,33,64.9587,15,train,False,-1.2641,2.9772,-7.1328,-1.1378,256.0999,2.8036,-11.689,-0.196,199.8887,2.8235,-10.3814,-1.2915,69.1275,tracknet
424,33,65.098,16,test,False,-1.6286,-2.363,6.5468,-1.752,27.3562,-2.615,6.7158,-1.5,14.8882,-2.5535,6.5272,-1.5615,27.2066,tracknet
3,33,65.1096,20,train,False,-3.9708,0.1997,8.5406,-3.3444,144.3165,0.2715,6.6167,-3.8435,49.8359,0.161,7.96,-3.925,86.164,tracknet
235,33,65.1718,30,train,False,-2.9662,-0.8941,-2.9717,-3.2209,205.032,-1.3798,-6.4639,-2.7352,147.5935,-1.9465,-6.0418,-2.1685,130.7265,tracknet
236,33,65.2079,15,train,False,-0.993,-3.25,9.3469,-0.865,48.2242,-3.3324,9.565,-0.7826,71.4702,-3.1455,9.153,-0.9695,27.2025,tracknet
253,33,65.4431,17,train,False,-1.2897,2.8528,-6.7754,-1.2622,220.8288,2.6972,-12.3777,0.4927,339.6574,2.6372,-9.2965,-1.4778,36.5165,tracknet
295,33,65.7121,14,train,False,-3.3033,-0.5433,-3.1755,-3.5717,215.9658,-0.6867,-4.1672,-3.4283,115.7988,-1.1042,-7.5926,-3.0108,229.2885,tracknet
60,33,65.763,36,test,False,-0.6903,2.6387,-9.8832,-1.4763,131.1572,2.4273,-9.272,-1.6877,193.2694,2.3974,-8.6114,-1.7176,259.3182,tracknet
53,33,65.7658,29,test,True,0.6292,1.2903,13.1887,1.3037,69.0598,1.1889,13.1911,1.3061,72.1482,1.3787,10.3174,-1.5676,219.7589,tracknet
91,33,65.8191,45,train,False,-2.0795,1.8472,11.1778,-0.7072,145.4091,1.722,12.5858,0.7008,286.7,2.4214,10.4067,-1.4783,77.389,tracknet
58,33,65.8739,14,test,False,-3.8231,0.0128,-4.7722,-4.1022,189.5291,1.9884,6.5975,-2.1266,1343.5257,-0.4235,-7.2877,-3.6915,65.8096,tracknet
42,33,65.9075,6,train,False,-1.0729,3.3986,8.0886,-0.7164,35.9153,4.1648,7.4243,0.0498,132.7568,2.2157,3.7155,-1.8993,449.4105,tracknet
386,33,65.9115,20,test,False,-1.442,2.3897,-6.0727,-1.7253,217.6702,3.3531,-14.7508,2.8658,655.5272,3.3125,-7.6591,-0.8025,85.7824,tracknet
353,33,65.9795,11,train,False,-3.1108,1.2149,8.0819,-2.9001,81.7831,3.0657,3.6124,-1.0493,564.543,0.0475,7.985,-3.9,107.658,tracknet
319,33,66.1714,20,train,False,-2.5276,1.5981,-4.6751,-2.5169,217.1058,1.5684,-4.9787,-2.5466,186.7615,1.5944,-7.5881,-2.5206,74.1941,tracknet
170,33,66.2393,16,train,False,-1.2598,2.5865,8.475,-1.5285,40.7399,2.7276,8.478,-1.3874,33.4414,2.3499,8.8541,-1.7651,85.137,tracknet
252,33,66.3835,19,train,False,-4.0841,-0.1966,5.3348,-3.9184,30.9851,0.0649,4.6217,-4.0501,50.3805,0.0554,6.4872,-4.0596,136.3022,tracknet
241,33,66.4737,18,train,False,-0.0,-4.1275,-7.9236,0.0125,225.3218,-4.1288,-11.0787,0.0138,90.2005,-4.0395,-9.0917,-0.0755,108.7759,tracknet
130,33,66.5313,21,train,False,-1.9145,2.2027,4.3878,-1.9123,4.8199,2.1711,4.111,-1.9439,23.0517,1.8463,4.3255,-2.2687,35.4433,tracknet
279,33,66.5515,23,train,False,-1.863,-2.1072,-7.1061,-2.0078,229.7301,-1.6628,-1.8353,-2.4522,758.6471,-2.173,-8.8261,-1.942,57.8175,tracknet
345,33,66.6667,16,train,False,-2.1531,1.7348,7.873,-2.3802,31.2285,1.4147,8.0819,-2.7003,69.178,2.1161,7.9643,-1.9989,34.2356,tracknet
389,33,66.7711,11,test,True,0.109,3.2731,6.3016,-0.0984,43.463,2.7659,5.9776,-0.4224,103.5867,3.5061,6.1289,-0.2711,40.8205,tracknet
93,33,66.9995,29,train,False,-0.921,-2.9832,4.3525,-1.1318,21.1826,-3.2373,3.2842,-0.8777,104.9162,-3.3313,3.7187,-0.7837,62.8996,tracknet
40,33,67.0064,16,train,False,-2.0975,1.6164,9.4922,-2.3928,40.3159,0.691,9.3744,-2.5106,132.8758,1.8484,9.6951,-2.1899,29.6317,tracknet
298,33,67.0632,21,train,False,-1.4873,0.9299,10.8241,-1.0609,47.4069,0.4675,10.9643,-0.9207,87.7054,1.1718,10.1947,-1.6903,20.6013,tracknet
255,33,67.2472,15,train,False,-0.2988,3.5149,-4.379,-0.6001,285.1569,3.1921,-2.0086,-0.9229,524.3266,3.7563,-6.7239,-0.3587,49.4343,tracknet
320,33,67.4531,14,train,False,-2.1359,-1.6497,7.1331,-2.4653,39.804,-2.1146,5.8001,-2.0004,111.7822,-2.2915,6.2877,-1.8235,69.6056,tracknet
397,33,67.6036,18,test,False,-0.3238,-3.6415,8.1211,-0.4735,41.323,-3.7859,5.5568,-0.3291,217.9165,-3.7614,7.329,-0.3536,40.7969,tracknet
267,33,67.726,14,train,False,-0.7428,3.4329,6.9317,-0.6821,140.497,3.3423,7.9797,-0.7727,245.1811,3.4957,1.1736,-0.6193,435.6157,tracknet
128,33,67.7333,15,train,False,-1.3054,2.3389,7.3266,-1.7761,49.4083,2.7907,7.4367,-1.3243,4.4282,3.2351,6.9368,-0.8799,68.7423,tracknet
302,33,67.8054,15,train,False,-0.8418,-2.8603,-4.5836,-1.2547,212.484,-1.2237,2.7429,-2.8913,963.1392,-3.3014,-7.2727,-0.8136,60.5526,tracknet
31,33,67.8992,7,train,False,-0.1811,0.0106,4.6324,0.0106,32.8501,-0.2999,4.4456,-0.2999,46.8828,-0.2814,4.7652,-0.2814,16.7334,tracknet
346,33,67.9392,18,train,False,-0.9282,2.2529,-8.3069,-1.8621,265.1823,2.0622,-11.8914,0.0064,93.9004,2.1516,-9.9087,-1.9634,104.8118,tracknet
132,33,67.9526,22,train,False,-0.823,-2.1638,11.0567,-0.8283,1.7558,-2.2168,10.7123,-1.1727,35.1628,-2.0594,10.0377,-1.8473,103.1498,tracknet
47,33,68.1967,18,test,False,-2.3476,-1.5043,6.1531,-2.6107,30.9314,-1.5228,6.0549,-2.5922,35.7613,-1.6936,5.9038,-2.4214,41.8559,tracknet
134,33,68.3817,19,train,False,-1.4632,2.7329,9.8242,-1.3821,9.2454,2.7607,9.7334,-1.3543,11.8434,2.244,8.9596,-1.871,91.6043,tracknet
410,33,68.582,18,test,False,-2.1099,-2.1914,-2.8694,-1.9236,176.1065,-2.4382,-0.7644,-1.6768,388.0438,-1.8902,-7.51,-2.2248,289.1662,tracknet
312,33,68.76,14,train,False,-1.9842,-1.9739,7.1314,-2.1411,68.6944,-1.9921,7.1391,-2.1229,67.5493,-2.1593,7.0884,-1.9557,71.2399,tracknet
274,33,68.8196,30,train,False,-1.2357,3.1968,-8.0261,-0.9182,220.4796,2.3145,-13.7685,1.8835,360.5055,1.9331,-9.8712,-2.0138,100.4359,tracknet
431,33,68.8889,15,test,False,-0.0357,-3.6419,8.5666,-0.4731,45.8714,-2.1442,7.2031,-1.9708,229.032,-3.7172,8.4792,-0.3978,36.5681,tracknet
308,33,68.9013,6,train,False,-2.6778,1.4955,-0.9537,-2.6195,304.4259,1.2,-17.1376,5.2526,1314.2335,1.2579,-8.6124,-2.8571,461.8449,tracknet
329,33,69.1518,17,train,False,-1.7574,2.1127,7.875,-2.0023,31.6601,2.0313,8.1965,-2.0837,61.5726,2.244,7.7414,-1.871,13.1909,tracknet
333,33,69.3333,22,train,False,-0.5292,3.3253,8.044,-0.7897,89.7179,3.4897,7.3813,-0.6253,21.8061,3.5558,7.9965,-0.5592,81.1548,tracknet
70,33,69.4424,31,test,False,-1.9506,0.0725,10.3957,-1.4893,48.1784,0.1612,9.5521,-2.3329,38.565,0.1863,9.1028,-2.7822,83.2001,tracknet
380,33,69.476,16,test,False,-2.8186,1.3494,-6.2661,-2.7656,274.9332,1.3907,5.4161,-2.7243,1443.1331,1.3493,-8.0093,-2.7657,100.7091,tracknet
406,33,69.9549,9,test,False,-1.0326,0.7567,-1.7646,-0.7567,275.4619,2.3676,-23.9182,17.5182,1945.8701,1.3474,-7.7524,1.3524,326.2328,tracknet
17,33,70.5174,13,train,False,-1.1607,2.6509,6.1319,-1.4641,39.3485,2.1268,5.6075,-1.9882,113.3682,3.0655,6.1022,-1.0495,30.14,tracknet
304,33,70.5341,26,train,False,-1.4216,-2.395,-2.1121,-1.72,239.4077,-2.4082,-1.867,-1.7068,263.5946,-3.0677,-6.8002,-1.0473,234.2794,tracknet
283,33,70.6949,17,train,False,-2.6773,-1.1266,-2.8035,-2.9884,257.6897,-1.3173,-4.3802,-2.7977,98.871,-1.9572,-8.6345,-2.1578,331.3904,tracknet
291,33,70.7458,15,train,False,-2.5587,1.2624,5.5562,-2.8526,29.3936,1.69,5.1727,-2.425,40.0323,1.8338,4.9896,-2.2812,62.5344,tracknet
327,33,70.8395,16,train,False,-1.969,1.7931,7.5507,-2.3219,41.999,1.9756,7.4749,-2.1394,22.8302,2.2345,7.5187,-1.8805,21.4747,tracknet
121,33,70.9728,29,train,False,-3.7982,0.3858,8.3192,-3.5658,60.0553,0.3768,8.1932,-3.6918,47.4341,0.3836,8.0367,-3.7314,32.1058,tracknet
145,33,70.9983,25,train,False,-2.6996,-1.1567,-9.2437,-2.6413,5.8629,-1.4159,-0.6385,-2.6991,855.0991,-0.5501,-8.713,-3.172,76.3746,tracknet
14,33,71.1423,20,train,False,-1.1474,-2.6673,-7.0438,-1.4477,226.4445,-2.5461,-6.2535,-1.5689,306.3838,-3.0607,-8.2814,-1.0543,101.1084,tracknet
391,33,71.2628,24,test,False,-2.3914,-1.833,6.5808,-2.282,18.3682,-2.4793,4.4362,-1.6357,213.5273,-1.3818,6.333,-2.7332,35.6203,tracknet
316,33,71.339,15,train,False,-3.5523,0.3789,-5.2451,-3.7361,309.0556,0.1036,-0.8557,-4.0114,748.8342,0.5265,-7.9483,-3.5885,38.4585,tracknet
400,33,71.6276,37,test,False,-1.6776,2.1062,11.4822,-0.4028,128.1581,2.1734,12.3363,0.4513,212.9931,2.1396,10.1087,-1.7763,13.8847,tracknet
44,33,71.7042,11,train,False,-0.4431,0.2631,-1.2687,-0.2631,374.3707,1.4472,-61.6011,55.2011,5660.1945,0.7079,-8.0773,1.6773,308.0576,tracknet
126,33,71.8022,7,train,False,-0.3299,-0.151,3.8216,-0.151,90.272,-0.8192,3.7583,-0.8192,106.694,-0.7677,4.583,-0.7677,45.4911,tracknet
46,33,72.0,15,train,False,-0.1583,3.9972,-4.4141,-0.1178,249.9908,4.029,-6.0465,-0.086,87.0162,4.0796,-7.2378,-0.0354,34.6745,tracknet
350,33,72.3768,50,train,False,-3.3153,0.932,9.7251,-2.1599,159.2671,,,,,0.37,-6.9762,-3.745,1512.0203,tracknet
99,33,72.447,25,train,False,-2.9155,1.5159,9.2802,-2.5991,54.3154,1.608,9.404,-2.481,69.7416,1.2441,8.4543,-2.8709,38.7024,tracknet
41,33,72.4638,16,train,False,-3.1442,1.1275,-2.4637,-2.9875,252.6174,1.0369,-3.0085,-3.0781,197.7587,0.8656,-7.1631,-3.2494,218.0663,tracknet
239,33,72.4645,20,train,False,-2.3467,-1.877,-3.7701,-2.238,256.1908,-1.5807,-10.6223,-1.2627,429.6729,-1.6593,-8.8888,-2.4557,256.1408,tracknet
26,33,72.5156,15,train,False,-0.6816,-3.4342,10.6347,-0.6808,89.5356,-3.342,10.8033,-0.773,106.7878,-3.1803,9.9956,-0.9347,36.0122,tracknet
357,33,72.5382,7,test,False,-1.324,3.3675,7.9802,-0.7475,264.9447,0.9664,12.0979,0.2129,236.8475,0.3809,8.863,-3.022,292.9892,tracknet
430,33,72.5912,22,test,False,-3.7645,0.1559,-1.3933,-3.9591,441.3781,0.3958,-6.6028,-3.7192,80.1332,0.4596,-5.1203,-3.6554,69.1142,tracknet
315,33,72.6354,23,train,False,-3.5722,-0.1768,7.6106,-3.9382,140.2984,-0.2455,7.1855,-3.8695,97.5644,-0.7388,6.8804,-3.3762,65.4175,tracknet
40,67,67.0064,16,train,False,-2.0975,1.6164,9.4922,-2.3928,40.3159,0.691,9.3744,-2.5106,132.8758,1.8484,9.6951,-2.1899,29.6317,tracknet
298,67,67.0632,21,train,False,-1.4873,0.9299,10.8241,-1.0609,47.4069,0.4675,10.9643,-0.9207,87.7054,1.1718,10.1947,-1.6903,20.6013,tracknet
255,67,67.2472,15,train,False,-0.2988,3.5149,-4.379,-0.6001,285.1569,3.1921,-2.0086,-0.9229,524.3266,3.7563,-6.7239,-0.3587,49.4343,tracknet
177,67,67.4074,19,train,False,-0.4077,3.7671,10.668,-0.3479,56.4634,3.7869,10.8236,-0.3281,72.1486,3.5788,10.2592,-0.5362,19.9506,tracknet
320,67,67.4531,14,train,False,-2.1359,-1.6497,7.1331,-2.4653,39.804,-2.1146,5.8001,-2.0004,111.7822,-2.2915,6.2877,-1.8235,69.6056,tracknet
397,67,67.6036,18,test,False,-0.3238,-3.6415,8.1211,-0.4735,41.323,-3.7859,5.5568,-0.3291,217.9165,-3.7614,7.329,-0.3536,40.7969,tracknet
181,67,67.6123,5,train,False,-2.5451,0.6623,7.848,-3.4527,142.0678,8.4099,-2.4619,4.2949,1147.768,4.7037,3.2564,0.5887,469.6912,tracknet
267,67,67.726,14,train,False,-0.7428,3.4329,6.9317,-0.6821,140.497,3.3423,7.9797,-0.7727,245.1811,3.4957,1.1736,-0.6193,435.6157,tracknet
128,67,67.7333,15,train,False,-1.3054,2.3389,7.3266,-1.7761,49.4083,2.7907,7.4367,-1.3243,4.4282,3.2351,6.9368,-0.8799,68.7423,tracknet
302,67,67.8054,15,train,False,-0.8418,-2.8603,-4.5836,-1.2547,212.484,-1.2237,2.7429,-2.8913,963.1392,-3.3014,-7.2727,-0.8136,60.5526,tracknet
31,67,67.8992,7,train,False,-0.1811,0.0106,4.6324,0.0106,32.8501,-0.2999,4.4456,-0.2999,46.8828,-0.2814,4.7652,-0.2814,16.7334,tracknet
346,67,67.9392,18,train,False,-0.9282,2.2529,-8.3069,-1.8621,265.1823,2.0622,-11.8914,0.0064,93.9004,2.1516,-9.9087,-1.9634,104.8118,tracknet
132,67,67.9526,22,train,False,-0.823,-2.1638,11.0567,-0.8283,1.7558,-2.2168,10.7123,-1.1727,35.1628,-2.0594,10.0377,-1.8473,103.1498,tracknet
47,67,68.1967,18,test,False,-2.3476,-1.5043,6.1531,-2.6107,30.9314,-1.5228,6.0549,-2.5922,35.7613,-1.6936,5.9038,-2.4214,41.8559,tracknet
134,67,68.3817,19,train,False,-1.4632,2.7329,9.8242,-1.3821,9.2454,2.7607,9.7334,-1.3543,11.8434,2.244,8.9596,-1.871,91.6043,tracknet
410,67,68.582,18,test,False,-2.1099,-2.1914,-2.8694,-1.9236,176.1065,-2.4382,-0.7644,-1.6768,388.0438,-1.8902,-7.51,-2.2248,289.1662,tracknet
169,67,68.7538,44,train,False,-2.3814,-1.8892,-3.1933,-2.2258,171.3482,-4.0434,18.8246,6.9396,2383.6551,-1.2055,-3.8567,-2.9095,116.9138,tracknet
312,67,68.76,14,train,False,-1.9842,-1.9739,7.1314,-2.1411,68.6944,-1.9921,7.1391,-2.1229,67.5493,-2.1593,7.0884,-1.9557,71.2399,tracknet
274,67,68.8196,30,train,False,-1.2357,3.1968,-8.0261,-0.9182,220.4796,2.3145,-13.7685,1.8835,360.5055,1.9331,-9.8712,-2.0138,100.4359,tracknet
431,67,68.8889,15,test,False,-0.0357,-3.6419,8.5666,-0.4731,45.8714,-2.1442,7.2031,-1.9708,229.032,-3.7172,8.4792,-0.3978,36.5681,tracknet
308,67,68.9013,6,train,False,-2.6778,1.4955,-0.9537,-2.6195,304.4259,1.2,-17.1376,5.2526,1314.2335,1.2579,-8.6124,-2.8571,461.8449,tracknet
329,67,69.1518,17,train,False,-1.7574,2.1127,7.875,-2.0023,31.6601,2.0313,8.1965,-2.0837,61.5726,2.244,7.7414,-1.871,13.1909,tracknet
333,67,69.3333,22,train,False,-0.5292,3.3253,8.044,-0.7897,89.7179,3.4897,7.3813,-0.6253,21.8061,3.5558,7.9965,-0.5592,81.1548,tracknet
70,67,69.4424,31,test,False,-1.9506,0.0725,10.3957,-1.4893,48.1784,0.1612,9.5521,-2.3329,38.565,0.1863,9.1028,-2.7822,83.2001,tracknet
380,67,69.476,16,test,False,-2.8186,1.3494,-6.2661,-2.7656,274.9332,1.3907,5.4161,-2.7243,1443.1331,1.3493,-8.0093,-2.7657,100.7091,tracknet
406,67,69.9549,9,test,False,-1.0326,0.7567,-1.7646,-0.7567,275.4619,2.3676,-23.9182,17.5182,1945.8701,1.3474,-7.7524,1.3524,326.2328,tracknet
17,67,70.5174,13,train,False,-1.1607,2.6509,6.1319,-1.4641,39.3485,2.1268,5.6075,-1.9882,113.3682,3.0655,6.1022,-1.0495,30.14,tracknet
304,67,70.5341,26,train,False,-1.4216,-2.395,-2.1121,-1.72,239.4077,-2.4082,-1.867,-1.7068,263.5946,-3.0677,-6.8002,-1.0473,234.2794,tracknet
283,67,70.6949,17,train,False,-2.6773,-1.1266,-2.8035,-2.9884,257.6897,-1.3173,-4.3802,-2.7977,98.871,-1.9572,-8.6345,-2.1578,331.3904,tracknet
291,67,70.7458,15,train,False,-2.5587,1.2624,5.5562,-2.8526,29.3936,1.69,5.1727,-2.425,40.0323,1.8338,4.9896,-2.2812,62.5344,tracknet
327,67,70.8395,16,train,False,-1.969,1.7931,7.5507,-2.3219,41.999,1.9756,7.4749,-2.1394,22.8302,2.2345,7.5187,-1.8805,21.4747,tracknet
121,67,70.9728,29,train,False,-3.7982,0.3858,8.3192,-3.5658,60.0553,0.3768,8.1932,-3.6918,47.4341,0.3836,8.0367,-3.7314,32.1058,tracknet
145,67,70.9983,25,train,False,-2.6996,-1.1567,-9.2437,-2.6413,5.8629,-1.4159,-0.6385,-2.6991,855.0991,-0.5501,-8.713,-3.172,76.3746,tracknet
165,67,71.0386,19,train,False,-2.8144,1.0514,-4.8304,-3.0636,351.525,0.2278,5.1547,-3.8872,1353.4106,1.2668,-7.6286,-2.8482,70.9052,tracknet
14,67,71.1423,20,train,False,-1.1474,-2.6673,-7.0438,-1.4477,226.4445,-2.5461,-6.2535,-1.5689,306.3838,-3.0607,-8.2814,-1.0543,101.1084,tracknet
391,67,71.2628,24,test,False,-2.3914,-1.833,6.5808,-2.282,18.3682,-2.4793,4.4362,-1.6357,213.5273,-1.3818,6.333,-2.7332,35.6203,tracknet
316,67,71.339,15,train,False,-3.5523,0.3789,-5.2451,-3.7361,309.0556,0.1036,-0.8557,-4.0114,748.8342,0.5265,-7.9483,-3.5885,38.4585,tracknet
157,67,71.51,26,train,False,-1.9456,-2.1105,-8.4821,-2.0045,109.2035,-2.1426,-7.9135,-1.9724,165.921,-2.175,-8.4667,-1.94,110.5821,tracknet
400,67,71.6276,37,test,False,-1.6776,2.1062,11.4822,-0.4028,128.1581,2.1734,12.3363,0.4513,212.9931,2.1396,10.1087,-1.7763,13.8847,tracknet
44,67,71.7042,11,train,False,-0.4431,0.2631,-1.2687,-0.2631,374.3707,1.4472,-61.6011,55.2011,5660.1945,0.7079,-8.0773,1.6773,308.0576,tracknet
126,67,71.8022,7,train,False,-0.3299,-0.151,3.8216,-0.151,90.272,-0.8192,3.7583,-0.8192,106.694,-0.7677,4.583,-0.7677,45.4911,tracknet
46,67,72.0,15,train,False,-0.1583,3.9972,-4.4141,-0.1178,249.9908,4.029,-6.0465,-0.086,87.0162,4.0796,-7.2378,-0.0354,34.6745,tracknet
166,67,72.029,21,train,False,-1.8152,2.4998,6.4286,-1.6152,59.2598,2.7513,6.9855,-1.3637,120.2715,2.3026,6.6231,-1.8124,75.2343,tracknet
350,67,72.3768,50,train,False,-3.3153,0.932,9.7251,-2.1599,159.2671,,,,,0.37,-6.9762,-3.745,1512.0203,tracknet
99,67,72.447,25,train,False,-2.9155,1.5159,9.2802,-2.5991,54.3154,1.608,9.404,-2.481,69.7416,1.2441,8.4543,-2.8709,38.7024,tracknet
41,67,72.4638,16,train,False,-3.1442,1.1275,-2.4637,-2.9875,252.6174,1.0369,-3.0085,-3.0781,197.7587,0.8656,-7.1631,-3.2494,218.0663,tracknet
239,67,72.4645,20,train,False,-2.3467,-1.877,-3.7701,-2.238,256.1908,-1.5807,-10.6223,-1.2627,429.6729,-1.6593,-8.8888,-2.4557,256.1408,tracknet
26,67,72.5156,15,train,False,-0.6816,-3.4342,10.6347,-0.6808,89.5356,-3.342,10.8033,-0.773,106.7878,-3.1803,9.9956,-0.9347,36.0122,tracknet
357,67,72.5382,7,test,False,-1.324,3.3675,7.9802,-0.7475,264.9447,0.9664,12.0979,0.2129,236.8475,0.3809,8.863,-3.022,292.9892,tracknet
430,67,72.5912,22,test,False,-3.7645,0.1559,-1.3933,-3.9591,441.3781,0.3958,-6.6028,-3.7192,80.1332,0.4596,-5.1203,-3.6554,69.1142,tracknet
315,67,72.6354,23,train,False,-3.5722,-0.1768,7.6106,-3.9382,140.2984,-0.2455,7.1855,-3.8695,97.5644,-0.7388,6.8804,-3.3762,65.4175,tracknet
164,67,72.8004,29,train,False,-1.8387,-2.3122,9.3284,-1.8028,119.6535,-2.3758,9.3623,-1.7392,123.394,-2.2483,9.034,-1.8667,90.2042,tracknet
159,67,73.044,25,train,False,-1.2743,2.7985,-7.1699,-1.3165,126.8596,2.9905,-10.4535,-1.1245,202.1261,2.9199,-8.314,-1.1951,14.6982,tracknet
184,67,73.1891,43,train,False,-2.2096,-1.987,-3.5627,-2.128,265.979,-1.8571,-4.7856,-2.2579,143.647,-2.0133,-5.7909,-2.1017,44.3682,tracknet
74,67,73.2991,23,test,False,-0.3264,-3.6007,7.0152,-0.5143,19.1017,-3.5658,7.2333,-0.5492,33.6993,-3.6903,6.8413,-0.4247,17.0358,tracknet
101,67,73.5213,31,train,False,-1.2854,-2.6045,7.0054,-1.5105,53.7891,-2.8357,6.0949,-1.2793,42.1979,-2.8874,6.5203,-1.2276,5.7892,tracknet
399,67,73.6321,18,test,False,-0.5552,-2.495,-7.619,-1.62,383.3455,-2.2763,-6.3335,-1.8387,513.3891,-2.6643,-8.8212,-1.4507,263.0874,tracknet
116,67,73.9526,26,train,False,-1.7118,-2.1884,-6.6842,-1.9266,223.4052,-2.3242,-8.5353,-1.7908,38.0823,-2.4109,-8.3094,-1.7041,59.8497,tracknet
305,67,74.0414,11,train,False,-0.4799,-4.1644,6.066,0.0494,53.131,-4.4024,5.6654,0.2874,88.7683,-1.2137,6.1343,-2.9013,242.1493,tracknet
172,67,74.1631,9,train,False,-0.1615,-0.0092,5.0548,-0.0092,24.0504,-0.1143,5.0934,-0.1143,15.4901,-0.0652,5.3224,-0.0652,12.6107,tracknet
393,67,74.3037,18,test,False,-1.8497,2.4731,10.0059,-1.6419,27.6871,2.1675,8.8128,-1.9475,101.4855,2.0814,8.8397,-2.0336,100.031,tracknet
34,67,74.3276,19,train,False,-1.1122,2.8584,-6.4026,-1.2566,257.7455,3.1079,-10.078,-1.0071,110.6965,2.9412,-8.1971,-1.1738,78.1336,tracknet
28,67,74.4554,12,train,False,-1.7831,2.2689,7.5496,-1.8461,20.1534,2.6326,6.4333,-1.4824,97.2462,2.8009,7.2017,-1.3141,49.4404,tracknet
162,67,74.4715,18,train,False,-1.2172,3.1167,8.7938,-0.9983,50.5106,3.2357,9.0229,-0.8793,76.3201,2.9049,8.9049,-1.2101,56.6309,tracknet
258,67,74.5991,17,train,False,-0.4556,-3.5559,-8.7216,-0.5591,264.4628,-3.7594,-14.7232,2.8382,336.0472,-3.5865,-10.3903,-0.5285,97.6642,tracknet
366,67,74.6514,29,test,False,-0.6293,2.4656,11.4969,-0.3881,29.6702,2.1837,12.1918,0.3068,104.0672,2.4313,10.644,-1.241,64.5843,tracknet
30,67,74.8627,15,train,False,-1.2258,-2.6214,-8.3012,-1.4936,211.9229,,,,,-3.8601,-8.5492,-0.2549,209.2998,tracknet
0,67,74.9827,5,train,False,-1.1361,2.4291,4.2068,-1.6859,59.3399,4.0686,4.318,-0.0464,109.5497,3.8743,4.4205,-0.2407,89.546,tracknet
301,67,75.1165,14,train,False,-1.1912,3.0451,-4.8688,-1.0699,291.9545,3.1443,-1.1778,-0.9707,661.1677,2.9683,-7.5421,-1.1467,24.7744,tracknet
244,67,75.1495,25,train,False,-3.9524,-0.4377,-1.1874,-3.6773,304.8629,-0.0602,-5.2701,-4.0548,105.1554,0.0518,-7.4957,-4.0632,327.9211,tracknet
59,67,75.4404,22,test,False,-2.9239,0.9427,5.496,-3.1723,26.8001,0.9621,5.4551,-3.1529,26.9274,1.0976,5.3101,-3.0174,30.1558,tracknet
150,67,75.4579,9,train,False,-0.0335,0.4351,-4.583,-0.4351,178.399,,,,,1.2556,-8.4579,2.0579,223.2034,tracknet
105,67,75.7,9,train,False,-0.6922,-2.769,5.0898,-1.3102,73.775,-3.3714,5.1107,-0.7436,62.9475,-3.2492,4.8892,-0.8658,82.2226,tracknet
433,67,75.7051,22,test,False,-3.6753,-0.1128,-4.0526,-4.0022,368.7149,-0.1656,-3.6496,-3.9494,409.3555,0.5732,-7.5458,-3.5418,20.2587,tracknet
146,67,75.7736,17,train,False,-2.4457,-1.6479,7.8259,-2.4671,27.9381,-1.5505,7.7765,-2.5645,34.8759,-1.5632,7.0906,-2.5518,101.9393,tracknet
38,67,76.0286,19,train,False,-0.9777,-1.7496,-8.6223,-2.3654,230.7664,-0.9475,-1.054,-3.1675,991.7223,-1.7762,-8.6835,-2.3388,224.3385,tracknet
337,67,76.0554,15,train,False,-2.8245,-0.9885,6.7474,-3.1265,30.1969,-0.8765,6.6529,-3.2385,42.4563,-1.3653,6.9147,-2.7497,18.3649,tracknet
427,67,76.1032,16,test,False,-2.1207,-2.1787,8.7303,-1.9363,33.1391,-1.6536,8.9127,-2.4614,35.3157,-1.1551,8.4714,-2.9599,99.4865,tracknet
403,67,76.4766,33,test,True,0.0848,4.0714,-0.3703,-0.0436,370.119,3.9382,-10.714,-0.1768,664.9898,4.0833,-4.9606,-0.0317,89.8938,tracknet
300,67,76.8272,22,train,False,-2.6207,1.0134,10.0894,-1.7956,89.8496,0.769,9.8802,-2.0048,85.9809,1.7385,9.7885,-2.0965,64.1398,tracknet
95,67,76.8664,23,train,False,-2.0002,-1.6804,10.2866,-1.5984,87.5304,-2.3941,6.9831,-1.7209,255.8866,-2.5335,8.1624,-1.5815,142.7038,tracknet
144,67,77.6393,17,train,False,-2.7679,-0.6093,8.8051,-3.0799,43.6725,-0.898,8.8016,-3.0834,31.5914,-1.3356,8.1283,-2.7794,107.4534,tracknet
265,67,78.1456,32,train,False,-3.6004,0.643,-4.3517,-3.472,241.6891,0.4384,-7.9746,-3.6766,121.185,0.4255,-7.7125,-3.6895,95.1475,tracknet
233,67,78.226,14,train,False,-1.6688,-2.2349,7.4549,-1.8801,76.3964,-2.3836,6.8261,-1.7314,12.2626,-2.3732,7.3138,-1.7418,59.7636,tracknet
381,67,78.3044,17,test,False,-2.3171,-1.5661,4.5931,-2.5489,23.2414,-1.4996,4.6474,-2.6154,30.6633,-1.7162,4.5591,-2.3988,8.352,tracknet
287,67,78.3156,17,train,False,-1.3864,-2.5351,-4.0475,-1.5799,252.8875,-2.7558,-6.613,-1.3592,5.1829,-2.8332,-8.7755,-1.2818,220.8994,tracknet
419,67,78.3432,19,test,False,-1.4504,3.0438,10.5045,-1.0712,41.6821,2.4551,9.4786,-1.6599,87.8323,1.8371,7.9242,-2.2779,254.5707,tracknet
290,67,79.6232,23,train,False,-2.5518,-1.434,-4.6266,-2.681,258.7475,-1.5286,-5.8815,-2.5864,132.9737,-1.5632,-7.8029,-2.5518,59.2127,tracknet
392,67,79.6333,16,test,False,-1.9107,1.9164,-2.447,-2.1986,221.5257,3.0251,-19.556,7.671,1493.5039,2.668,-8.4235,-1.447,380.8319,tracknet
22,67,79.7176,9,train,False,-0.7184,3.5837,5.4373,-0.5313,42.1075,3.8328,4.5564,-0.2822,133.1607,3.1719,5.1389,-0.9431,71.2027,tracknet
20,67,79.786,7,train,False,-0.1575,0.2756,5.3066,0.2756,68.3219,-0.2285,5.339,-0.2285,50.0997,-0.191,5.4764,-0.191,36.0108,tracknet
168,67,79.8503,26,train,False,-1.4069,-2.3405,11.7051,-0.1799,144.4234,-2.6308,7.1016,-1.4842,320.7803,-2.5668,9.0191,-1.5482,129.7072,tracknet
412,67,80.0,6,test,True,0.2213,3.5786,8.4046,-0.5364,268.1714,10.1612,-5.5289,6.0462,1750.3598,6.5453,3.9847,2.4303,733.301,tracknet
118,67,80.0,13,train,False,-1.7037,-1.9431,-2.3281,-2.1719,364.4789,-1.9306,-2.3357,-2.1844,363.8923,-2.5125,-8.4886,-1.6025,254.7935,tracknet
133,67,80.0,21,train,False,-2.534,1.4151,-6.7811,-2.6999,255.1841,1.4013,-6.8128,-2.7137,252.1193,1.4716,-7.9891,-2.6434,134.289,tracknet
311,67,80.0,13,train,False,-3.3884,1.0117,-4.7982,-3.1033,253.5272,1.2706,-2.6841,-2.8444,466.5097,0.6993,-7.2395,-3.4157,8.2477,tracknet
57,67,80.0,23,test,True,0.6349,-4.7648,7.6299,0.6498,4.0991,-4.7348,7.4365,0.6198,15.5936,-4.7258,7.4799,0.6108,11.4391,tracknet
2,67,80.0,13,train,False,-1.5397,2.8648,-3.8734,-1.2502,313.3217,3.1201,-1.0336,-0.9949,598.4534,2.6536,-8.3681,-1.4614,137.7062,tracknet
340,67,80.0,16,train,False,-1.5076,-2.3267,-6.9472,-1.7883,304.1921,-1.7655,-2.0065,-2.3495,801.3986,-2.3308,-9.2288,-1.7842,79.6857,tracknet
143,67,80.0,15,train,False,-2.5683,1.2311,-3.6461,-2.8839,309.6252,1.3034,-4.4748,-2.8116,226.4511,1.5008,-7.2043,-2.6142,48.0261,tracknet
314,67,80.0,10,train,False,-2.0402,1.9684,0.1532,-2.1466,26.6925,-0.4406,3.6691,-3.6744,452.4451,2.0059,-2.6885,-2.1091,259.7762,tracknet
324,67,80.0,6,train,False,-3.7459,-0.2718,5.8927,-3.8432,97.4748,-0.0869,4.7622,-4.0281,211.926,-0.4865,6.1421,-3.6285,72.9919,tracknet
120,67,80.0,15,train,False,-1.6728,1.9764,-7.8235,-2.1386,239.4952,1.7467,-10.8506,-1.0344,64.0917,1.8293,-10.0057,-1.8793,20.8079,tracknet
48,67,80.0,20,test,False,-2.2148,-2.0537,-5.2861,-2.0613,204.7313,-2.4336,1.0977,-1.6814,844.221,-1.9184,-8.015,-2.1966,68.7563,tracknet
334,67,80.0,25,train,False,-2.3721,-1.4288,-4.6348,-2.6862,215.5047,-0.8354,-1.2641,-3.2796,557.712,-1.5954,-6.8294,-2.5196,16.0206,tracknet
54,67,80.0,26,test,False,-1.6769,-2.2961,-3.2459,-1.8189,116.675,-2.2394,-2.6807,-1.8756,173.4699,-2.4237,-5.963,-1.6913,155.9171,tracknet
332,67,80.0,17,train,False,-1.2543,-3.0913,-4.4506,-1.0237,317.4473,-2.9115,-7.7052,-1.2035,10.202,-2.8929,-8.1295,-1.2221,51.3797,tracknet
52,67,80.0,22,test,False,-1.2026,-3.1165,-6.4202,-0.9985,219.5231,-3.354,-3.613,-0.761,501.2404,-3.0304,-8.2721,-1.0846,35.4049,tracknet
426,67,80.0,15,test,False,-2.6214,-1.0736,-2.9783,-3.0414,256.5127,-1.5484,-5.5029,-2.5666,5.5034,-2.2494,-6.4852,-1.8656,123.4753,tracknet
131,67,80.0,18,train,False,-2.5427,-0.9018,-6.8593,-3.2132,249.8151,-1.3385,-11.1053,-0.7797,177.0453,-1.2238,-10.7343,-1.1507,139.2841,tracknet
50,67,80.0,21,test,False,-3.9792,-0.0471,-4.4553,-4.0679,222.0676,0.0528,-6.4587,-4.0622,22.5474,0.1667,-7.5229,-3.9483,85.5039,tracknet
328,67,80.0,18,train,False,-3.235,-0.5797,-3.7652,-3.5353,285.9489,-0.7183,-4.8769,-3.3967,173.9458,-1.0499,-8.1177,-3.0651,151.8394,tracknet
122,67,80.0,14,train,False,-1.6874,-2.2296,-5.4845,-1.8854,225.3459,-2.5066,-11.1893,-0.6957,346.0958,-2.5361,-9.5895,-1.5789,186.3448,tracknet
326,67,80.0,24,train,False,-2.5522,-1.2181,-3.8654,-2.8969,224.2856,0.2335,3.8003,-3.8815,1004.3917,-1.6146,-6.3189,-2.5004,24.2851,tracknet
123,67,80.0,14,train,False,-1.5048,2.5995,-5.8487,-1.5155,328.7719,2.5676,-4.2111,-1.5474,492.5501,2.5899,-7.4906,-1.5251,164.5908,tracknet
336,67,80.0,20,train,False,-2.447,1.5602,-5.1835,-2.5548,301.9478,1.8062,-14.5413,2.6563,634.175,1.76,-8.9715,-2.355,77.5838,tracknet
137,67,80.0,20,train,False,-1.7355,-0.9435,-8.4338,-3.1715,171.923,-0.6673,-4.0033,-3.4477,615.8311,-0.9837,-8.8887,-2.9963,126.2734,tracknet
344,67,80.0,25,train,False,-1.6082,-2.7349,-5.739,-1.3801,294.487,-2.837,-4.3829,-1.278,430.4779,-2.2998,-7.2785,-1.8152,141.1786,tracknet
352,67,80.0,15,train,False,-0.7644,3.5464,10.2453,-0.5686,32.5194,3.4756,10.0302,-0.6394,13.2725,3.3008,8.7285,-0.8142,125.8144,tracknet
281,67,80.0,17,train,False,-1.9268,-1.7448,-1.9056,-2.3702,302.4902,-2.572,-9.0017,-1.543,412.1811,-2.7903,-8.7503,-1.3247,389.9241,tracknet
106,67,80.0,19,train,False,-1.8536,1.8149,-5.4175,-2.3001,192.2847,0.4563,1.3809,-3.6587,885.454,1.7595,-6.3946,-2.3555,102.4524,tracknet
61,67,80.0,28,test,False,-1.3072,1.8014,11.2789,-0.6061,71.9713,1.8733,11.633,-0.252,108.0895,1.5706,10.5985,-1.2865,7.109,tracknet
84,67,80.0,33,test,True,1.9292,-2.1045,14.3717,2.4867,57.1213,-2.3296,14.8546,2.9696,109.7598,-2.0315,11.2287,-0.6563,258.6001,tracknet
83,67,80.0,21,test,False,-1.3275,-2.59,-7.8818,-1.525,238.7947,-2.5962,-7.9526,-1.5188,231.6894,-2.6194,-8.7498,-1.4956,152.1027,tracknet
384,67,80.0,18,test,False,-1.443,-2.7673,-4.4379,-1.3477,307.6514,-2.2662,-13.0608,1.1758,556.2662,-2.2498,-8.2629,-1.8652,86.0701,tracknet
385,67,80.0,33,test,False,-0.1158,-4.0103,11.3521,-0.1047,28.8014,-4.1242,12.5082,0.6232,144.9229,-3.9694,10.3334,-0.1456,73.1525,tracknet
82,67,80.0,25,test,False,-3.4147,0.5901,6.9764,-3.5249,27.4399,0.3633,6.9245,-3.7517,39.1612,0.7792,6.794,-3.3358,10.4758,tracknet
62,67,80.0,19,test,False,-1.4489,2.7131,-3.9317,-1.4019,249.3008,2.6781,6.8715,-1.4369,1329.5769,2.4273,-7.5236,-1.6877,112.4906,tracknet
77,67,80.0,26,test,False,-2.836,1.2419,0.6419,-2.8731,61.1756,1.1825,1.5424,-2.9325,151.4232,1.103,4.5752,-3.012,454.7275,tracknet
64,67,80.0,19,test,False,-1.6087,-2.4929,-5.365,-1.6221,242.7743,-2.4115,-1.8584,-1.7035,593.5138,-2.5179,-7.4686,-1.5971,32.4365,tracknet
405,67,80.0,18,test,True,0.0119,3.9386,11.75,-0.135,18.193,4.1856,10.4143,0.0706,152.4344,3.4262,10.1988,-0.6888,174.5656,tracknet
73,67,80.0,37,test,False,-1.9185,0.3402,-8.2716,-3.6134,169.4972,0.2175,-4.1476,-3.8975,582.0408,0.2514,-7.9778,-3.8636,199.1104,tracknet
23,67,80.0,6,train,False,-0.3041,3.0984,4.6803,-1.0166,81.9234,3.3711,4.8348,-0.7439,50.5794,3.7439,4.5853,-0.3711,50.363,tracknet
5,67,80.0,7,train,False,-0.1724,0.0422,-0.3164,-0.0422,513.7406,0.1926,-5.4327,-0.1926,2.7977,0.2828,-6.3306,-0.0694,88.5297,tracknet
404,67,80.0,12,test,False,-1.5406,1.5866,-1.289,-1.289,359.8787,4.3654,-35.1355,28.7355,3036.5518,3.1647,-7.6791,1.2791,303.6618,tracknet
67,67,80.0,25,test,False,-2.3343,-1.4457,5.7397,-2.6693,33.7709,-1.8455,4.3102,-2.2695,147.3959,-1.8957,5.3932,-2.2193,40.6166,tracknet
86,67,80.0,15,test,False,-1.4289,-2.1752,-4.6226,-1.9398,199.261,-1.9969,-3.9372,-2.1181,270.0888,-2.7648,-7.2503,-1.3502,70.6041,tracknet
373,67,80.0,15,test,False,-1.6652,-2.513,-4.2561,-1.602,293.3936,-2.367,-7.2575,-1.748,10.7249,-2.3091,-7.6261,-1.8059,45.8897,tracknet
85,67,80.0,29,test,False,-0.9979,2.9104,5.9717,-1.2046,84.6309,2.9425,5.1856,-1.1725,17.8029,3.1145,5.7392,-1.0005,58.8119,tracknet
355,67,80.0,6,train,False,-2.2876,1.0104,-2.7515,-3.1046,464.971,0.4344,0.0738,-3.6806,753.2651,1.8002,-6.8708,-2.3148,45.8878,tracknet
90,67,80.0,35,test,False,-2.3957,1.6171,-1.509,-2.4979,60.4842,1.7038,-2.2523,-2.4112,14.8011,1.4916,2.182,-2.6234,429.3207,tracknet
368,67,80.0,17,test,False,-2.2766,-1.8912,8.0826,-2.2238,6.2579,-1.8487,8.1818,-2.2663,13.3139,-1.7819,7.7442,-2.3331,31.0115,tracknet
102,67,80.0,12,train,False,-1.6599,1.8562,-5.1606,-2.2588,296.1959,1.1928,-2.2162,-2.9222,597.9997,1.9033,-7.1979,-2.2117,102.4719,tracknet
96,67,80.0,22,train,False,-1.9982,1.8953,-4.8932,-2.2197,180.3104,0.0091,6.8899,-4.1059,1373.5243,1.7665,-6.6318,-2.3485,35.3925,tracknet
417,67,80.0,25,test,False,-1.001,-2.9926,7.2535,-1.1224,34.8451,-2.715,6.2924,-1.4,74.9425,-2.9632,6.4102,-1.1518,53.8198,tracknet
293,67,80.0,17,train,False,-2.0845,-1.6598,-4.8356,-2.4552,291.7563,-1.4473,-3.2137,-2.6677,455.3316,-1.9755,-8.0021,-2.1395,27.8094,tracknet
371,67,80.1025,22,test,False,-0.3195,3.7785,-6.4437,-0.3365,283.1358,3.8065,-9.6741,-0.3085,39.9269,3.7725,-8.3814,-0.3425,89.3942,tracknet
322,67,80.3586,20,train,False,-2.3326,1.5901,6.8237,-2.5249,92.2565,1.3525,7.4592,-2.7625,159.6694,1.7029,6.6456,-2.4121,72.8553,tracknet
341,67,80.4065,23,train,False,-1.3064,2.5367,7.3946,-1.5783,68.1155,2.6497,7.0609,-1.4653,33.148,2.6932,7.1709,-1.4218,41.7175,tracknet
153,67,80.4243,18,train,False,-1.5338,2.1509,-5.4622,-1.9641,289.5432,1.9476,-5.3019,-2.1674,308.9256,2.5064,-5.9469,-1.6086,237.9712,tracknet
231,67,80.7824,17,train,False,-0.4403,3.428,7.4963,-0.687,35.7014,3.4913,6.6105,-0.6237,65.3932,3.5308,7.2877,-0.5842,15.2133,tracknet
421,67,80.9466,26,test,False,-1.2566,-2.8439,5.1401,-1.2711,58.7529,-2.8129,5.1069,-1.3021,55.6001,-2.8355,4.5496,-1.2795,2.3097,tracknet
285,67,80.955,22,train,False,-2.1941,-1.7402,-6.4595,-2.3748,290.9791,-1.6521,-5.1425,-2.4629,422.9743,-1.9557,-8.263,-2.1593,110.1257,tracknet
280,67,81.1273,19,train,False,-2.1414,1.7007,8.6301,-2.4143,29.4223,1.9686,7.7427,-2.1464,77.7381,2.3211,7.9039,-1.7939,70.7393,tracknet
303,67,81.1419,8,train,False,-0.8253,2.6109,4.3539,-1.5041,92.1042,3.887,4.5651,-0.228,72.5256,3.7001,4.192,-0.4149,88.5291,tracknet
125,67,81.4527,14,train,True,0.0282,3.8219,-5.9388,-0.2931,298.386,4.7424,-16.9727,5.0877,808.96,4.0996,-9.3905,-0.0154,48.7072,tracknet
269,67,81.4733,36,train,False,-2.1426,-1.7876,11.2579,-0.6271,233.4458,-1.8214,9.5115,-2.2936,60.0067,-1.9382,9.5813,-2.1768,65.1435,tracknet
43,67,81.6778,8,train,True,0.0533,3.5302,-0.9246,-0.5848,503.9208,4.232,-7.7037,1.3037,178.1623,3.6501,-5.5222,-0.4649,65.5235,tracknet
362,67,81.7927,18,test,False,-2.0925,-1.5798,9.8813,-2.0037,89.0176,-0.8884,10.089,-1.796,149.8874,-1.6214,9.467,-2.418,53.7614,tracknet
8,67,81.8052,30,train,False,-2.0329,-2.0914,-7.5743,-2.0236,227.7901,-2.0318,-7.8104,-2.0832,204.2045,-2.0645,-8.0108,-2.0505,184.1275,tracknet
176,67,82.3955,31,train,False,-2.3953,1.6878,-6.6558,-2.4272,114.3903,1.6434,-4.9144,-2.4716,288.5796,1.6632,-6.8501,-2.4518,95.0789,tracknet
359,67,82.6517,19,test,False,-3.4241,-1.0911,7.6552,-3.0239,42.1401,-1.0739,7.6841,-3.0411,39.6671,-0.3028,7.1442,-3.8122,75.0931,tracknet
342,67,82.8478,19,train,False,-0.4173,3.5538,-8.3812,-0.5612,309.0629,2.9833,-16.2477,4.3627,479.7613,3.1916,-10.7133,-0.9234,78.1371,tracknet
407,67,82.8647,16,test,False,-2.6312,1.695,7.2856,-2.42,34.4961,1.0618,6.9068,-3.0532,77.6241,1.0331,6.9657,-3.0819,74.4616,tracknet
238,67,82.9568,10,train,False,-0.6479,2.935,0.4504,0.4504,509.0072,4.1704,-15.1291,8.7291,1054.0743,3.7122,-6.3432,-0.0568,174.869,tracknet
266,67,83.0425,14,train,False,-2.0629,-1.9823,9.658,-2.1327,27.1527,-1.8942,9.7146,-2.1704,35.5899,-2.0744,9.3898,-2.0406,2.3104,tracknet
140,67,83.1795,29,train,False,-2.4239,1.2777,9.8231,-2.0619,42.7222,1.1589,10.016,-1.869,65.3824,1.5399,9.5627,-2.3223,10.7623,tracknet
100,67,83.2635,17,train,False,-1.7548,2.262,-4.7051,-1.853,279.6011,2.3655,-8.7233,-1.7495,122.3943,2.3887,-7.6744,-1.7263,17.7358,tracknet
249,67,83.4328,9,train,False,-2.1043,-1.8961,-0.4485,-2.2189,470.9935,-0.6864,18.0819,6.1969,2327.6569,-2.1687,-4.1472,-1.9463,102.2066,tracknet
12,67,83.434,17,train,False,-0.5685,3.4161,10.6041,-0.6989,32.3571,3.5795,10.1352,-0.5355,17.587,3.683,10.1307,-0.432,22.3727,tracknet
382,67,83.9738,17,test,False,-1.3616,2.2802,-3.7112,-1.8348,284.3615,3.4734,-14.0009,2.1159,752.0296,3.0991,-7.4092,-1.0159,95.8475,tracknet
292,67,84.2623,16,train,False,-3.1812,-0.6,-1.8059,-3.515,281.3556,-1.3181,-9.2993,-2.5857,471.5423,-1.4374,-9.1012,-2.6776,452.9696,tracknet
139,67,84.3349,17,train,False,-1.8619,-1.8729,-2.6474,-2.2421,286.4316,-1.5899,-0.747,-2.5251,478.5533,-2.2533,-7.8249,-1.8617,233.8489,tracknet
429,67,84.4444,14,test,False,-0.7003,-2.7676,6.8208,-1.3474,73.6946,-2.3793,6.5061,-1.7357,123.1764,-3.1126,6.4926,-1.0024,74.4846,tracknet
16,67,84.4444,21,train,False,-3.767,-0.1219,-3.8204,-3.9931,305.1088,-0.1083,-3.4625,-4.0067,340.9072,-0.2879,-7.791,-3.8271,92.9889,tracknet
110,67,84.5527,17,train,False,-0.336,-3.9042,-6.3551,-0.2108,323.395,-3.8285,-7.9103,-0.2865,167.7071,-3.7587,-8.0804,-0.3563,150.6338,tracknet
21,67,84.6458,32,train,False,-0.9722,3.1662,-3.5716,-0.9488,273.0076,3.1961,-2.6304,-0.9189,367.1584,3.1489,-6.9925,-0.9661,69.0984,tracknet
376,67,84.6485,12,test,False,-0.5387,-2.8971,-3.726,-1.2179,335.8718,-1.9644,0.1791,-2.1506,737.2818,-3.6175,-8.0847,-0.4975,107.0169,tracknet
63,67,84.6944,22,test,False,-0.6152,2.9166,-8.63,-1.1984,264.6816,2.1052,-0.7223,-2.0098,1059.5084,2.7248,-9.0827,-1.3902,222.0547,tracknet
18,67,84.7059,17,train,False,-1.4971,-2.5391,8.3928,-1.5759,17.8656,-2.4694,-0.0727,-1.6456,830.6513,-2.5754,7.0492,-1.5396,118.4016,tracknet
234,67,84.7799,8,train,False,-0.3821,3.0597,4.7491,-1.0553,86.0339,3.3879,4.6754,-0.7271,57.6577,3.8531,4.5587,-0.2619,36.5568,tracknet
36,67,84.8301,21,train,False,-1.6139,-1.7028,-7.5777,-2.4122,270.8212,-1.4714,-10.3706,-1.5144,11.1986,-1.5487,-8.724,-2.5663,155.2386,tracknet
338,67,84.9067,13,train,False,-2.2033,1.603,-2.5415,-2.512,354.2632,2.3801,-10.4435,-1.4415,439.7851,2.2185,-8.5681,-1.8965,251.6206,tracknet
377,67,84.9231,11,test,False,-0.6598,3.0974,4.5267,-1.0176,43.1545,2.4022,4.4947,-1.7128,107.3613,3.446,4.3421,-0.669,5.7466,tracknet
367,67,84.9431,17,test,False,-3.6005,-0.207,-2.8291,-3.908,297.1932,-0.4565,-5.1725,-3.6585,61.5337,-0.6156,-7.3365,-3.4994,155.476,tracknet
434,67,85.0133,17,test,False,-1.7066,-2.156,8.5271,-1.959,31.0438,-1.8901,8.313,-2.2249,51.9406,-2.3304,8.0677,-1.7846,28.9526,tracknet
428,67,85.0697,22,test,False,-1.1186,2.7352,-4.466,-1.3798,311.7826,3.2335,-12.8615,0.9765,529.3991,3.1623,-7.4974,-0.9527,18.223,tracknet
299,67,85.1108,21,train,False,-0.4202,-3.5928,-6.1158,-0.5222,325.3747,-3.5958,-6.8355,-0.5192,253.4367,-3.6574,-8.6297,-0.4576,73.922,tracknet
270,67,85.1131,13,train,False,-0.8438,-3.5106,-3.6964,-0.6044,385.0322,-2.7321,-14.5249,2.6399,700.6316,-2.805,-8.5849,-1.31,114.4778,tracknet
390,67,85.4153,15,test,False,-2.1859,-1.3117,-3.2597,-2.8033,344.2275,-0.4691,0.9297,-3.6459,771.5252,-2.1924,-7.8507,-1.9226,123.2964,tracknet
80,67,85.4902,20,test,False,-3.8085,-0.2117,6.7963,-3.9033,13.8227,-0.2031,6.783,-3.9119,15.3797,-0.3601,6.8982,-3.7549,5.3609,tracknet
112,67,85.601,18,train,False,-2.1298,-1.6354,-4.4882,-2.4796,316.6607,-0.4818,3.7315,-3.6332,1146.5941,-2.0251,-6.0643,-2.0899,157.1633,tracknet
29,67,85.6256,5,train,False,-3.9894,0.0162,4.7721,-4.0988,99.9911,0.0419,4.9757,-4.0731,120.5147,-0.5064,1.1117,-3.6086,269.7606,tracknet
395,67,85.7705,22,test,False,-1.3242,2.4801,6.6821,-1.6349,33.3509,3.129,6.3475,-0.986,39.9829,3.132,6.2228,-0.983,48.0275,tracknet
402,67,86.183,20,test,False,-2.6479,1.66,5.6015,-2.455,30.9046,1.7391,5.3185,-2.3759,27.5223,1.1969,6.8065,-2.9181,147.1476,tracknet
247,67,86.2745,9,train,False,-0.4054,-3.1609,5.4288,-0.9541,94.8596,-3.636,4.4813,-0.479,18.8679,-3.8243,5.5979,-0.2907,94.9837,tracknet
32,67,86.3927,5,train,False,-3.3809,-0.6362,1.0789,-3.4788,575.4664,-0.68,0.936,-3.435,561.1233,-0.9393,-5.8326,-3.1757,117.5691,tracknet
297,67,86.5272,21,train,False,-1.599,-2.2312,-5.7545,-1.8838,312.1973,-2.0818,-4.0131,-2.0332,486.9776,-2.5735,-8.68,-1.5415,19.2289,tracknet
358,67,86.5786,29,test,False,-2.2134,-1.9813,-1.7315,-2.1337,321.4338,-1.8104,-6.6095,-2.3046,166.7102,-1.7887,-7.2052,-2.3263,226.3128,tracknet
414,67,86.7382,18,test,False,-2.44,-1.544,-4.4548,-2.571,271.7258,-1.8047,-12.4271,0.5421,525.9827,-1.6928,-9.1504,-2.4222,198.1584,tracknet
379,67,86.9272,8,test,False,-0.451,0.2966,4.0506,-0.2966,46.1314,0.1467,3.7942,-0.1467,75.5158,0.4685,4.5016,-0.4685,2.3898,tracknet
10,67,87.2357,8,train,False,-1.368,-0.9204,4.285,-0.9204,79.1439,-1.2675,2.8674,-1.2675,77.1455,-1.1199,4.4482,-1.1199,85.2764,tracknet
4,67,87.2515,15,train,False,-0.2068,3.7173,-4.2332,-0.3977,361.2116,3.9094,-6.5089,-0.2056,133.1382,3.776,-6.5698,-0.339,127.7332,tracknet
418,67,87.441,14,test,False,-1.57,2.0066,-2.619,-2.1084,263.2533,4.7553,-18.4733,6.5883,1346.0095,3.7502,-8.2642,-0.3648,329.6475,tracknet
76,67,87.4932,29,test,True,0.2631,-4.3588,-0.3426,0.2438,73.1391,-4.3416,-0.3947,0.2266,68.0078,-4.2426,2.7767,0.1276,385.2861,tracknet
416,67,87.6834,16,test,False,-3.9656,0.1688,-3.1436,-3.9462,313.0439,-0.1446,-5.6327,-3.9704,62.5085,-0.5073,-7.372,-3.6077,117.0333,tracknet
156,67,88.0129,25,train,False,-3.435,0.7837,8.1377,-3.3313,34.254,0.9205,8.4835,-3.1945,27.9558,0.6734,7.7634,-3.4416,68.7199,tracknet
37,67,88.0368,16,train,False,-1.8628,1.9414,7.2409,-2.1736,48.131,2.0694,6.7052,-2.0456,24.8385,2.1871,7.0755,-1.9279,21.2341,tracknet
423,67,88.264,18,test,False,-3.0515,-1.3345,-3.7642,-2.7805,258.1045,-0.2789,-16.2129,4.3279,991.3042,-0.6261,-7.8735,-3.4889,160.3313,tracknet
396,67,88.2665,22,test,False,-3.8379,-0.0479,-4.574,-4.0671,262.2188,1.6457,6.5085,-2.4693,1382.9051,-0.2528,-6.496,-3.8622,69.0598,tracknet
343,67,88.3768,34,train,False,-0.0242,-3.9365,13.4041,1.5191,199.7956,-3.9607,11.2872,-0.1543,18.0295,-3.9946,9.0477,-0.1204,236.6337,tracknet
242,67,88.3908,7,train,False,-0.4477,2.9769,4.85,-1.1381,74.0872,3.3674,4.7273,-0.7476,33.3522,3.8271,5.0231,-0.2879,46.9737,tracknet
437,67,88.4429,8,test,True,0.0217,0.3018,4.9637,0.3018,69.6205,0.0706,5.5231,0.0706,9.2004,0.1101,5.4811,0.1101,14.8991,tracknet
443,67,88.5086,18,test,False,-0.2851,-3.3482,8.4698,-0.7668,48.4186,-3.9252,8.4413,-0.1898,9.7656,-4.107,8.2462,-0.008,32.7179,tracknet
378,67,88.5398,16,test,False,-0.6224,-2.8169,-5.2194,-1.2981,336.2229,-2.5328,-4.0412,-1.5822,457.3756,-3.355,-7.2515,-0.76,126.9083,tracknet
260,67,88.6166,32,train,False,-3.9489,-0.231,-5.1016,-3.884,268.1074,0.6478,-11.805,-0.08,408.0424,0.6381,-8.9669,-2.9181,130.2316,tracknet
152,67,88.6275,21,train,False,-1.3308,2.9283,-7.1158,-1.1867,344.8422,2.6832,-10.3046,-1.4318,25.0237,2.653,-8.8882,-1.462,166.6056,tracknet
261,67,88.6486,14,train,False,-1.6415,-2.2724,7.8062,-1.8426,71.9016,-2.3527,7.6247,-1.7623,52.3025,-2.3291,7.4069,-1.7859,32.492,tracknet
158,67,88.7743,24,train,False,-2.0011,-2.1649,8.9373,-1.9501,17.3551,-2.1895,9.114,-1.9255,35.0752,-1.9963,8.5311,-2.1187,26.7594,tracknet
72,67,88.7805,16,test,False,-3.0509,1.1763,6.2466,-2.9387,46.5839,1.3389,5.6418,-2.7761,109.2091,0.9298,6.1821,-3.1852,53.3853,tracknet
318,67,88.9017,6,train,False,-0.5906,0.3373,5.1641,-0.3373,62.4123,0.4255,5.1873,-0.4255,57.1526,0.7438,5.4544,-0.7438,31.9214,tracknet
331,67,89.1386,13,train,False,-0.9293,-3.0988,5.0824,-1.0162,16.6584,-3.0795,5.1884,-1.0355,26.9933,-3.1646,4.9991,-0.9504,6.2534,tracknet
108,67,89.271,27,train,False,-2.2486,-1.7,-5.1409,-2.415,221.096,-1.0024,2.5455,-3.1126,992.8686,-1.8197,-6.6123,-2.2953,73.4767,tracknet
286,67,89.2973,18,train,False,-3.2782,0.5635,6.9711,-3.5515,34.2186,0.2143,6.9317,-3.9007,66.9045,0.8395,7.0472,-3.2755,12.9813,tracknet
339,67,89.4085,18,train,False,-1.3909,3.0384,7.2382,-1.0766,69.1824,2.7648,5.8155,-1.3502,80.744,2.7186,7.3159,-1.3964,69.4028,tracknet
35,67,89.4631,13,train,False,-2.3911,-1.1966,5.6476,-2.9184,53.0303,0.2125,4.5854,-3.9025,218.2197,-1.7072,5.6367,-2.4078,4.8248,tracknet
284,67,89.505,19,train,False,-2.5217,1.2463,7.9942,-2.8687,45.4377,1.3828,7.9606,-2.7322,33.4407,1.7321,7.5765,-2.3829,18.6365,tracknet
6,67,89.6812,14,train,False,-0.3611,3.687,-7.2202,-0.428,243.7038,3.455,-1.7358,-0.66,792.6188,3.5798,-7.2585,-0.5352,240.4141,tracknet
411,67,89.8551,28,test,False,-1.9606,-2.2043,4.3742,-1.9107,85.2894,-2.0792,3.5301,-2.0358,7.5519,-2.0851,3.7927,-2.0299,27.8655,tracknet
296,67,90.094,25,train,False,-1.3433,2.5363,11.4698,-0.4152,119.2544,3.0175,8.6625,-1.0975,165.6535,2.8595,9.4538,-1.2555,85.1486,tracknet
263,67,90.3744,14,train,False,-1.3515,-2.6584,8.0934,-1.4566,38.8859,-2.7383,6.7618,-1.3767,95.7475,-2.7733,7.6842,-1.3417,3.6173,tracknet
354,67,90.4165,32,train,True,0.988,5.0526,-3.3218,0.9376,265.2885,5.0606,-11.5416,0.9456,556.7617,4.135,-7.7831,0.02,205.1641,tracknet
363,67,90.4889,20,test,False,-2.9275,-1.3465,-3.2989,-2.7685,327.5374,-1.0782,-7.512,-3.0368,94.7911,-1.047,-7.9751,-3.068,141.1667,tracknet
372,67,90.5987,12,test,False,-1.1168,-1.537,5.7827,-0.6173,59.5977,-2.0469,2.4953,-2.0469,279.4057,-1.9201,5.3955,-1.0045,12.6359,tracknet
114,67,90.6289,18,train,False,-1.8331,-1.9697,-5.4852,-2.1453,332.63,-1.3836,0.0438,-2.7314,888.6159,-2.0616,-8.2535,-2.0534,58.6314,tracknet
438,67,90.7865,12,test,False,-1.5626,1.232,-1.12,-1.12,346.7383,3.5351,-38.0319,31.6319,3351.842,2.5655,-7.6898,1.2898,327.5501,tracknet
111,67,90.9955,12,train,False,-1.3446,1.9568,5.3897,-1.0103,38.3248,1.1803,4.8186,-1.1803,99.2482,2.0555,5.6748,-0.7252,62.5694,tracknet
237,67,91.0161,7,train,False,-0.3174,3.1114,5.2633,-1.0036,75.4358,3.4084,5.1912,-0.7066,45.7879,3.8527,5.5173,-0.2623,57.0133,tracknet
56,67,91.2418,24,test,False,-2.0455,-2.175,-5.309,-1.94,247.8191,-2.2323,-2.6043,-1.8827,518.3203,-2.0081,-7.8964,-2.1069,12.7247,tracknet
310,67,91.4548,7,train,False,-0.751,1.9817,4.9359,-1.4641,101.5673,2.4678,5.4701,-0.9299,29.6977,3.0053,5.531,-0.869,32.28,tracknet
69,67,91.5131,3,test,False,-1.0743,-2.7199,-0.6035,-1.3951,443.832,,,,,-3.1667,-5.0127,-0.9483,12.7184,tracknet
97,67,91.6078,16,train,False,-1.6004,-2.0552,8.4244,-2.0598,45.9702,-2.372,8.2124,-1.743,24.1647,-2.5916,8.2126,-1.5234,20.9642,tracknet
127,67,91.6379,17,train,False,-1.4451,-2.6134,-1.0657,-1.5016,253.3864,-2.5559,-19.4615,7.5765,1586.3024,-2.7533,-7.8359,-1.3617,423.7787,tracknet
413,67,91.8919,10,test,False,-0.3932,0.3824,5.4214,-0.3824,58.676,0.4835,5.7406,-0.4835,27.3404,0.5167,5.7044,-0.5167,31.7055,tracknet
136,67,91.8974,21,train,False,-2.207,2.0928,9.997,-1.888,53.9344,1.9245,8.4233,-2.1905,106.7166,1.5486,9.1927,-2.5664,46.6585,tracknet
68,67,91.9298,28,test,False,-2.4544,-1.1964,-7.8233,-2.9186,160.8413,-1.7757,3.4704,-2.3393,1291.6813,-1.124,-8.3327,-2.991,109.8017,tracknet
49,67,91.9298,20,test,False,-1.9144,-2.2076,8.1295,-1.9074,3.1294,-2.1458,7.9415,-1.9692,22.5274,-2.1271,7.6948,-1.9879,47.0977,tracknet
39,67,92.1437,16,train,False,-2.091,1.7087,7.0323,-2.4063,34.2503,1.9932,6.8206,-2.1218,8.3674,2.2287,6.5732,-1.8863,38.4284,tracknet
360,67,92.1692,20,test,False,-1.4209,-2.5994,-4.4177,-1.5156,331.0249,-2.7033,-6.3491,-1.4117,137.7576,-2.7259,-7.7427,-1.3891,3.558,tracknet
369,67,92.2864,17,test,False,-1.4469,2.3565,-6.1003,-1.7585,356.069,2.5729,-8.5215,-1.5421,112.9928,2.5654,-7.8784,-1.5496,177.1982,tracknet
75,67,92.6038,11,test,False,-3.7093,-0.3517,4.1645,-3.7633,297.7491,2.2223,-7.0742,-1.8927,855.4282,1.8557,-5.4751,-2.2593,691.3804,tracknet
348,67,92.6565,12,train,False,-1.8374,-2.1558,-4.7311,-1.9592,421.0555,-2.3148,-25.3585,13.4735,1641.8568,-2.2631,-8.2832,-1.8519,65.6869,tracknet
398,67,92.8579,11,test,False,-0.6297,2.9954,5.5854,-0.8146,49.2579,2.7408,5.5318,-0.8682,75.183,3.2618,5.5525,-0.8475,23.8695,tracknet
383,67,93.0598,19,test,False,-2.0572,-1.5241,10.0213,-1.8637,107.5148,-1.6482,9.7126,-2.1724,74.6951,-1.8192,9.0246,-2.2958,24.6925,tracknet
51,67,93.2135,31,test,False,-0.8455,-3.1962,8.2718,-0.9188,63.9703,-0.5541,-0.863,-3.5609,892.2498,-3.0257,7.4554,-1.0893,30.3495,tracknet
104,67,93.3011,6,train,False,-0.3456,-2.7675,4.4506,-1.3475,126.2669,-5.5856,5.3715,1.4706,182.2531,-4.9084,4.4895,0.7934,135.2546,tracknet
65,67,93.3333,23,test,False,-3.0207,-1.2398,6.4417,-2.8752,14.5577,-1.2233,6.2647,-2.8917,22.4194,-1.0218,6.3372,-3.0932,13.2482,tracknet
45,67,93.3333,27,train,False,-2.3769,1.6624,9.5093,-2.3757,49.426,1.5553,10.2167,-1.6683,120.974,1.6999,9.28,-2.4151,26.1919,tracknet
240,67,93.3333,37,train,False,-2.5348,-0.1802,11.0496,-0.8354,170.3192,-0.1922,8.6696,-3.2154,69.1999,0.0321,10.0264,-1.8586,68.347,tracknet
171,67,93.4815,26,train,True,0.314,-4.521,1.3301,0.406,150.5997,-4.7885,9.4159,0.6735,959.5687,-3.9666,-0.7325,-0.1484,72.5797,tracknet
264,67,93.4843,7,train,False,-0.9719,0.6867,5.8913,-0.5087,71.3345,0.8984,5.7921,-0.6079,49.1928,1.4867,5.9296,-0.4704,56.373,tracknet
94,67,93.5393,13,train,False,-2.6323,0.7552,-3.0776,-3.3598,287.5757,3.1281,-13.8244,1.9394,813.2733,2.4088,-6.2694,-1.7062,101.268,tracknet
349,67,93.6228,7,train,False,-0.5773,-2.803,5.4711,-0.9289,73.5879,-3.8551,4.585,-0.2599,90.1187,-3.6518,5.1549,-0.4632,29.6395,tracknet
71,67,93.7721,22,test,False,-0.7569,-3.1763,-5.345,-0.9387,273.9365,-3.2137,-6.2843,-0.9013,179.9781,-3.2356,-7.8165,-0.8794,28.9051,tracknet
11,67,94.1313,30,train,False,-1.5572,-0.5143,-7.7747,-3.6007,255.6942,-0.8595,-1.5901,-3.2555,875.1173,-0.3836,-7.8498,-3.7314,247.7999,tracknet
370,67,94.3448,17,test,False,-2.303,2.0396,6.1227,-2.0754,24.3553,2.276,5.7785,-1.839,53.0604,1.7075,5.6688,-2.4075,38.1709,tracknet
24,67,94.4782,7,train,False,-0.5836,2.2504,5.3096,-1.0904,72.5594,2.0448,5.049,-1.351,105.5656,2.7793,5.3751,-1.0249,44.1355,tracknet
148,67,94.4893,23,train,False,-2.4449,1.9183,9.6514,-2.1967,56.7959,2.0817,10.1242,-1.7608,106.6363,1.7326,8.6417,-2.3824,50.2665,tracknet
321,67,94.5248,23,train,False,-2.1856,-2.2066,-4.8598,-1.9084,371.2996,-1.7122,-12.6972,0.8122,414.0407,-1.8996,-8.5057,-2.2154,6.4143,tracknet
250,67,94.5324,21,train,False,-2.8849,1.0255,7.7208,-3.0895,139.4906,1.0183,8.1224,-3.0967,179.3914,1.2318,7.9192,-2.8832,157.8173,tracknet
124,67,94.8843,28,train,False,-3.7463,0.5933,5.9816,-3.5217,47.6896,0.5647,5.9357,-3.5503,42.2958,0.1031,6.6614,-4.0119,113.2078,tracknet
440,67,94.902,20,test,False,-2.2635,-2.0981,-2.1612,-2.0169,298.2559,-1.9652,-2.8134,-2.1498,232.2948,-1.7351,-7.2089,-2.3799,207.8607,tracknet
78,67,95.1598,21,test,False,-2.6022,1.7004,5.7599,-2.4146,18.7644,3.0951,0.381,-1.0199,561.0658,1.4382,5.4354,-2.6768,33.6934,tracknet
87,67,95.1724,24,test,False,-1.6365,-2.5987,0.6081,-1.5163,68.2142,-3.6021,0.4817,-0.5129,124.8856,-2.1497,3.0227,-1.9653,310.3453,tracknet
356,67,95.3366,10,test,False,-0.3354,3.2789,-0.268,-0.268,573.7885,6.1014,-29.5243,23.1243,2365.4523,4.6188,-5.9359,0.5038,84.0596,tracknet
55,67,95.5556,28,test,False,-2.4284,-1.3853,9.2771,-2.6079,48.1308,-1.2884,9.3505,-2.5345,59.9965,-1.5411,8.5916,-2.5739,34.2527,tracknet
323,67,95.6231,12,train,False,-0.2922,-3.2764,-3.211,-0.8386,393.6051,-2.9946,-1.3605,-1.1204,580.7823,-3.8712,-8.0457,-0.2438,93.8014,tracknet
387,67,95.641,17,test,False,-0.6988,3.5793,7.9064,-0.5357,55.2996,3.946,5.4124,-0.169,306.8491,3.2739,7.2815,-0.8411,116.2015,tracknet
278,67,95.698,20,train,False,-1.7017,2.2908,9.7435,-1.8242,96.8959,2.3594,8.9896,-1.7556,21.4183,2.4062,8.9992,-1.7088,21.7013,tracknet
98,67,95.7192,18,train,False,-2.0548,1.4979,-2.0554,-2.6171,344.7813,1.6056,-2.6114,-2.5094,288.1697,1.7165,-5.656,-2.3985,39.7149,tracknet
135,67,95.7265,20,train,False,-1.3883,2.6837,-8.137,-1.4313,39.7404,2.7866,-2.8691,-1.3284,566.3347,2.0063,-8.6103,-2.1087,72.4595,tracknet
115,67,95.7669,15,train,False,-2.091,1.5488,6.5818,-2.5662,49.0011,0.4842,4.8961,-3.6308,237.2631,2.1165,6.7032,-1.9985,9.2545,tracknet
185,67,96.0331,29,train,False,-1.1413,-3.2129,3.6926,-0.9021,137.8316,-3.2028,4.9615,-0.9122,263.6292,-3.0768,3.7604,-1.0382,142.8915,tracknet
365,67,96.1163,19,test,False,-2.7103,-1.1749,-4.9395,-2.9401,335.8632,-1.5021,-9.1292,-2.6129,84.4574,-1.4333,-8.792,-2.6817,50.2515,tracknet
25,67,96.2159,26,train,False,-3.0333,-0.8952,-5.2735,-3.2198,260.743,-0.1815,0.9777,-3.9335,889.7574,-1.1284,-7.1646,-2.9866,71.1213,tracknet
109,67,96.2735,16,train,False,-0.7279,-3.3412,8.3026,-0.7738,39.3069,-3.3114,8.4145,-0.8036,28.8606,-3.2644,7.8082,-0.8506,89.3263,tracknet
275,67,96.2963,16,train,False,-0.06,4.2233,8.7158,0.1083,53.663,4.1432,8.6271,0.0282,43.0066,3.9984,8.7481,-0.1166,54.4884,tracknet
289,67,96.331,8,train,True,0.3356,0.3221,5.8014,-0.3221,98.0851,0.0693,4.8975,-0.0693,191.9111,0.6484,5.905,-0.495,83.1062,tracknet
271,67,96.4907,9,train,False,-0.9196,0.7403,5.6612,-0.7388,49.328,0.7524,5.741,-0.659,56.4578,0.8778,5.8706,-0.5294,67.0184,tracknet
309,67,96.5608,9,train,False,-2.2092,-1.927,1.6987,-2.188,155.3346,-1.8838,2.9756,-2.2312,283.0143,-1.9842,-1.7899,-2.1308,193.7027,tracknet
142,67,96.5945,19,train,False,-1.0698,-3.1033,10.8758,-1.0092,18.0425,-3.2396,9.5695,-0.8754,128.283,-2.7839,10.2904,-1.3311,54.5744,tracknet
306,67,96.5967,20,train,False,-0.4536,3.3123,-0.0526,-0.8027,324.5158,4.0717,-11.3631,-0.0433,809.4528,4.0142,-7.9779,-0.1008,471.2191,tracknet
179,67,96.6096,8,train,False,-1.046,-0.7357,4.0658,-0.7357,60.4361,-1.7816,2.7028,-1.7816,202.0285,-1.6519,4.3688,-1.6519,64.3142,tracknet
262,67,96.7761,41,train,False,-2.9389,-1.4551,-2.2047,-2.6599,238.2853,-4.7528,18.6125,6.7275,2345.7924,-1.6503,-5.3935,-2.4647,94.9222,tracknet
7,67,96.8306,9,train,False,-0.1999,0.1261,4.9794,0.1261,62.5825,0.0643,3.8427,0.0643,65.7826,0.1075,5.2864,0.1075,89.5554,tracknet
103,67,96.9297,7,train,True,0.124,0.4289,4.8828,0.4289,65.8046,0.0973,5.4212,0.0973,5.2117,-0.4133,5.4939,-0.4133,53.7977,tracknet
147,67,97.0136,14,train,False,-1.0175,2.6883,-4.5037,-1.4267,364.7575,3.0421,-7.541,-1.0729,58.9841,2.8091,-7.2533,-1.3059,92.125,tracknet
330,67,97.2597,17,train,False,-3.6771,-0.0985,-3.7636,-4.0165,375.9236,0.5951,2.5025,-3.5199,1006.3142,-0.5367,-7.6119,-3.5783,14.3726,tracknet
420,67,97.3041,33,test,False,-3.8904,-0.1352,-3.8661,-3.9798,308.2387,-0.1487,-8.3008,-3.5842,135.574,-0.2237,-7.4935,-3.8913,54.6295,tracknet
27,67,97.315,7,train,False,-0.4833,0.2252,4.3926,-0.2252,50.5847,0.3282,4.5439,-0.3282,32.3406,0.6241,4.6302,-0.6241,24.2626,tracknet
79,67,97.4671,19,test,False,-3.3649,0.7779,-2.5783,-3.3371,267.3273,0.8676,0.3628,-3.2474,561.5425,0.7042,-7.3426,-3.4108,209.1693,tracknet
117,67,97.5599,23,train,False,-2.8546,0.436,9.6571,-2.2279,69.775,0.1463,10.1786,-1.7064,129.3904,0.8238,9.2514,-2.6336,23.5345,tracknet
15,67,97.586,20,train,False,-1.9423,1.85,10.1471,-1.7379,78.1935,2.0393,9.9567,-1.9283,53.8611,2.1702,9.362,-1.9448,7.2914,tracknet
347,67,97.6499,29,train,False,-3.4437,-0.52,9.8838,-2.0012,343.6535,-0.4261,4.4871,-3.6889,197.8717,-0.5828,9.0138,-2.8712,256.4775,tracknet
66,67,97.7809,15,test,False,-2.2017,1.7083,-4.0415,-2.4067,313.9103,1.6351,-3.1968,-2.4799,398.6817,1.8543,-7.3969,-2.2607,23.0688,tracknet
129,67,97.8899,22,train,False,-1.2323,-3.1264,3.2875,-0.9886,80.9049,-3.0344,2.9607,-1.0806,46.9809,-3.0573,4.3216,-1.0577,181.3962,tracknet
138,67,97.9332,21,train,False,-1.3735,2.1951,10.5238,-1.3612,21.9616,2.216,10.4599,-1.4251,20.4983,2.3035,9.866,-1.8115,65.4978,tracknet
375,67,98.1847,11,test,False,-1.2555,2.4986,4.7383,-1.6164,46.9852,2.4138,4.7942,-1.6058,57.0919,2.8098,4.6182,-1.3052,18.7485,tracknet
33,67,98.4189,16,train,False,-2.366,-1.8592,7.9509,-2.2558,45.036,-1.8747,7.8983,-2.2403,40.4134,-1.7161,7.778,-2.3989,26.5798,tracknet
149,67,98.4549,16,train,False,-1.0949,-2.6128,-6.691,-1.5022,395.3426,-3.9302,-25.833,13.948,1523.6853,-3.4419,-10.179,-0.6731,61.2682,tracknet
9,67,98.4615,20,train,False,-0.0442,-4.1723,11.7642,0.0573,106.7372,-4.0662,11.7077,-0.0488,100.6051,-3.83,10.3015,-0.285,46.7065,tracknet
268,67,98.6112,9,train,False,-0.8198,2.5794,1.1452,1.1452,596.2755,4.2262,-14.9676,8.5676,1023.5667,3.7811,-5.6023,-0.3339,95.9913,tracknet
113,67,98.6667,21,train,False,-1.2468,1.8924,11.0617,-0.8233,54.93,1.5797,11.3393,-0.5457,96.4599,1.9736,10.4418,-1.4432,33.2774,tracknet
257,67,98.7637,22,train,False,-2.4163,1.9089,5.3172,-2.2061,84.6361,2.0244,5.9053,-2.0906,144.51,1.6356,5.2771,-2.4794,78.2279,tracknet
415,67,98.8864,15,test,False,-1.5115,2.0529,6.0796,-2.0621,65.4847,2.0072,5.9468,-2.1078,77.0018,2.5134,6.2625,-1.6016,19.3682,tracknet
432,67,98.8889,10,test,False,-0.1622,-3.195,5.3951,-0.92,93.4407,-4.544,5.319,0.429,85.8646,-3.7816,5.1046,-0.3334,85.4449,tracknet
436,67,98.9421,17,test,False,-0.8772,3.1999,10.702,-0.9151,37.1143,3.392,10.6934,-0.723,51.0619,2.8104,10.1007,-1.3046,92.465,tracknet
259,67,98.9882,10,train,False,-0.6235,-2.8922,5.6392,-0.7608,94.056,-4.0626,3.4511,-0.0524,157.0613,-3.6414,5.2597,-0.4736,37.6586,tracknet
351,67,98.9897,30,train,False,-0.4182,3.6656,0.5167,-0.4494,317.586,3.6762,-3.6022,-0.4388,94.3432,3.5914,-7.2003,-0.5236,454.2444,tracknet
374,67,99.0769,35,test,False,-1.651,1.9433,11.4458,-0.4392,121.991,1.9996,10.1949,-1.6901,9.3134,2.1028,9.5658,-2.0122,66.8504,tracknet
232,67,99.1291,22,train,False,-1.9816,2.6312,-1.6695,-1.4838,321.6171,2.3971,-3.3667,-1.7179,150.3535,1.4192,-7.0265,-2.6958,229.3552,tracknet
422,67,99.1753,8,test,False,-1.3157,-1.1983,4.4169,-1.1983,88.2544,-1.2425,4.3192,-1.2425,93.258,-1.4324,4.8694,-1.4324,40.5082,tracknet
325,67,99.2221,10,train,False,-0.825,2.9769,6.1521,-0.2479,96.93,2.6333,6.3991,-0.0009,133.6814,3.3293,6.3482,-0.0518,111.4144,tracknet
435,67,99.2475,12,test,False,-1.4621,1.579,-1.0749,-1.0749,390.2437,5.308,-47.2626,40.8626,4244.3627,3.3959,-8.101,1.701,340.6211,tracknet
272,67,99.2665,23,train,False,-2.3359,-1.7767,-2.3187,-2.3383,391.5101,-1.8039,-12.3663,0.4813,613.2517,-1.9313,-8.9228,-2.1837,269.3244,tracknet
425,67,99.3258,10,test,False,-0.3307,3.3969,4.5981,-0.7181,38.7881,2.4827,3.1474,-1.6323,196.2931,3.5184,4.9783,-0.5966,44.8864,tracknet
119,67,99.3569,21,train,False,-1.917,1.707,9.1443,-2.408,50.8348,1.859,9.0868,-2.256,34.6996,2.1563,8.9756,-1.9587,5.6044,tracknet
401,67,99.5686,15,test,False,-1.5433,2.6336,-2.8422,-1.4814,401.8443,2.2026,-16.9905,5.1055,1013.698,2.4241,-9.4146,-1.6909,255.8633,tracknet
170,67,99.5726,15,train,False,-1.2598,2.4282,8.2405,-1.6868,43.2946,2.79,8.4525,-1.325,29.1033,2.3727,8.5983,-1.7423,64.5977,tracknet
408,67,99.599,16,test,False,-3.3908,-0.6085,-4.4496,-3.5065,330.3961,-0.6722,-5.4405,-3.4428,231.1584,-0.6929,-7.4199,-3.4221,33.313,tracknet
313,67,99.6239,16,train,False,-0.1455,4.2636,10.3373,0.1486,64.4319,4.6123,9.489,0.4973,69.9108,3.8334,9.8579,-0.2816,16.5353,tracknet
248,67,99.7206,8,train,False,-0.4042,-2.9363,5.6629,-0.7371,109.3507,-3.433,4.9682,-0.682,28.8275,-3.8672,5.8053,-0.2478,92.7657,tracknet
13,67,99.7654,7,train,False,-0.0647,2.7295,5.3358,-1.0642,134.7601,2.5932,5.1621,-1.2379,156.7916,3.177,5.3892,-0.938,105.0472,tracknet
167,67,99.7697,18,train,False,-1.8061,2.3907,-4.9545,-1.7243,201.1251,1.0342,-33.2561,21.3711,2632.2821,1.44,-10.9267,-0.9583,405.6666,tracknet
254,67,99.7962,22,train,False,-1.6787,-2.2402,9.2713,-1.8748,164.1459,-2.2913,7.7133,-1.8237,16.1802,-2.2446,8.9825,-1.8704,135.4571,tracknet
276,67,99.9151,11,train,False,-0.6268,-1.4959,5.8703,-0.5297,53.4524,-3.1546,1.8486,-0.9604,408.4857,-2.6551,5.016,-1.384,98.7312,tracknet
183,67,100.0,8,train,False,-0.0861,0.0865,4.9725,0.0865,67.6499,-1.1503,0.9686,-0.9686,477.8021,-0.6169,5.2891,-0.6169,62.9002,tracknet
151,67,100.0,36,train,False,-0.85,3.0648,5.6479,-1.0502,180.471,2.9372,5.2393,-1.1778,222.6438,2.8382,5.2462,-1.2768,223.6415,tracknet
154,67,100.0,9,train,True,0.186,-0.0522,-5.5157,0.0522,110.9032,-0.3708,9.212,9.212,1580.9738,0.3443,-7.2115,0.8115,63.4344,tracknet
182,67,100.0,24,train,False,-2.5609,-0.0503,6.9495,-4.0647,255.6244,0.5271,-8.8599,-3.0251,1389.9015,-1.4292,-2.607,-2.6858,749.0387,tracknet
155,67,100.0,5,train,False,-3.5978,0.3005,2.1406,-3.8145,689.6432,-0.7936,19.8788,7.9938,2466.609,1.2693,-7.8817,-2.8457,321.8333,tracknet
160,67,100.0,16,train,False,-1.2327,-2.2927,6.1989,-1.8223,79.1991,-1.7062,6.1215,-2.4088,125.9799,-2.6468,5.9522,-1.4682,36.7569,tracknet
180,67,100.0,29,train,False,-3.3822,-0.8865,-4.5372,-3.2285,287.7871,-1.0743,-0.6395,-3.0407,678.0096,-0.7054,-7.3772,-3.4096,4.3489,tracknet
178,67,100.0,7,train,False,-2.8652,-0.2722,5.5598,-3.8428,111.2137,2.9038,4.9979,-1.2112,429.4799,-1.3018,5.2109,-2.8132,88.0513,tracknet
161,67,100.0,33,train,False,-1.8193,1.8663,-5.4293,-2.2487,221.4841,2.3143,-8.755,-1.8007,115.3115,2.2173,-5.4126,-1.8977,219.0816,tracknet
173,67,100.0,40,train,False,-3.6372,0.488,-5.4563,-3.627,239.887,0.6095,-1.1828,-3.5055,667.3651,0.4541,-6.9773,-3.6609,87.8116,tracknet
175,67,100.0,7,train,False,-0.7631,-0.2179,3.9655,-0.2179,105.0768,-1.8274,2.5346,-1.8274,256.0816,-1.2634,4.145,-1.2634,87.5678,tracknet
174,67,100.0,18,train,False,-0.0451,3.7362,8.9662,-0.3788,86.4481,3.5719,9.1343,-0.5431,80.252,3.7049,8.8152,-0.4101,101.6246,tracknet
307,67,100.1761,29,train,False,-1.9976,1.7238,10.5285,-1.3565,81.8906,1.8139,10.6209,-1.2641,94.738,1.2039,9.8988,-1.9862,1.5491,tracknet
364,67,100.3733,30,test,False,-1.0375,2.423,11.4979,-0.3871,65.318,2.1609,11.9548,0.0698,115.3321,2.233,10.6598,-1.2252,31.2964,tracknet
439,67,100.5364,18,test,False,-1.3093,-2.3195,10.127,-1.758,50.4586,-1.9408,10.0495,-1.8355,89.0606,-2.5684,9.2652,-1.5466,102.4728,tracknet
256,67,100.5765,7,train,False,-2.3034,1.1941,2.0307,-2.9209,732.5667,0.3212,10.9614,-0.9236,1629.8562,2.3066,-4.979,-1.8084,57.355,tracknet
361,67,100.6403,4,test,False,-0.4442,1.76,8.1968,8.1968,1393.7488,7.172,-68.7853,62.3853,6327.3156,3.9017,-4.4537,-0.2133,117.8276,tracknet
141,67,100.8677,17,train,False,-1.9527,-1.9048,-3.9309,-2.2102,385.2991,-1.6074,-0.7929,-2.5076,700.4479,-2.1977,-7.993,-1.9173,22.0554,tracknet
441,67,101.2132,13,test,False,-1.9571,-2.1163,5.2487,-1.9987,55.5964,-2.147,5.4759,-1.968,32.7402,-2.1658,5.4699,-1.9492,33.3325,tracknet
243,67,101.2276,7,train,False,-0.3979,-2.7166,4.6924,-1.3984,129.2854,-3.7888,3.6931,-0.3262,19.4154,-3.7611,4.549,-0.3539,67.6898,tracknet
388,67,101.2303,57,test,True,0.2766,-3.6899,-8.5587,-0.4251,360.3079,-3.5005,-12.0728,0.1878,17.4952,-3.6448,-9.2198,-0.4702,294.1854,tracknet
294,67,101.4931,18,train,False,-1.7739,2.1953,8.8521,-1.9197,47.3586,1.8279,8.6703,-2.2871,57.9281,2.7252,8.2279,-1.3898,42.1536,tracknet
1,67,101.6649,19,train,False,-0.8979,2.7756,9.8919,-1.3394,136.3205,2.5739,10.3803,-1.5047,189.0857,3.0466,9.6903,-1.0684,110.1329,tracknet
277,67,102.381,18,train,False,-2.5345,-1.8599,-1.1106,-2.2551,409.5484,-1.8326,-0.3295,-2.2824,487.357,-1.5048,-7.3341,-2.6102,213.8926,tracknet
335,67,103.0378,15,train,False,-2.7704,-1.4975,9.1874,-2.6175,24.2214,-1.8424,8.1157,-2.2726,115.2994,-1.1874,9.0199,-2.8651,12.3332,tracknet
409,67,103.3484,17,test,False,-0.8746,-3.1645,6.8276,-0.9505,7.5896,-3.0866,6.7156,-1.0284,19.0149,-3.1218,6.5336,-0.9932,31.6848,tracknet
394,67,103.4691,19,test,False,-2.6282,-1.2048,-2.5212,-2.9102,366.6539,-1.7004,-10.1101,-1.7749,393.8961,-1.5492,-7.9914,-2.5658,181.5554,tracknet
88,67,103.619,23,test,False,-3.4191,1.1344,7.0795,-2.9806,51.8429,1.8676,6.9373,-2.2474,117.9362,1.0628,5.8093,-3.0522,105.9106,tracknet
251,67,103.6194,18,train,False,-1.2048,-2.0867,-6.9635,-2.0283,372.2942,-2.4097,-11.4375,-0.4475,76.4865,-2.1435,-9.7582,-1.9715,93.5617,tracknet
245,67,103.6398,10,train,False,-1.3927,2.6173,7.3008,-1.4977,49.98,2.5297,7.3815,-1.5853,60.1097,2.8134,7.7429,-1.3016,93.5196,tracknet
282,67,103.936,19,train,False,-2.1518,1.435,9.3279,-2.5571,56.9281,1.8949,8.9016,-2.2201,22.4607,2.0465,8.6444,-2.0685,47.8451,tracknet
107,67,104.1176,16,train,False,-1.4218,2.9964,4.7996,-1.1186,30.3409,2.7811,4.5896,-1.3339,23.8137,2.4651,4.6218,-1.6499,29.6316,tracknet
81,67,104.2793,29,test,False,-0.6055,-1.8128,-8.3103,-2.3022,296.9221,-1.7988,-5.1564,-2.3162,612.3139,-1.8563,-8.5669,-2.2587,271.3205,tracknet
273,67,104.2904,13,train,False,-1.694,1.717,6.7042,-2.398,74.6061,2.4966,5.7906,-1.6184,116.3067,2.5423,6.8405,-1.5727,16.4244,tracknet
442,67,104.6989,20,test,False,-1.7838,1.9493,-5.1677,-2.1657,333.2826,2.8121,-14.9817,3.0967,652.0848,2.4579,-8.497,-1.6571,12.8032,tracknet
317,67,104.7501,6,train,False,-0.704,2.9965,-0.9258,-1.1185,511.49,2.8024,0.9505,-1.3126,700.0885,3.0905,-7.5699,-1.0245,157.8971,tracknet
288,67,104.7835,21,train,False,-0.9778,2.4787,7.925,-1.6363,68.6082,3.0377,7.984,-1.0773,16.653,2.9503,7.2377,-1.1647,89.9503,tracknet
92,67,104.9587,14,train,False,-1.2641,3.0272,-5.4353,-1.0878,425.9006,2.7651,-12.6412,0.7562,295.1825,2.7915,-10.0834,-1.3235,39.7206,tracknet
424,67,105.098,15,test,False,-1.6286,-2.3069,6.362,-1.8081,46.4957,-2.6492,6.6571,-1.4658,21.0741,-2.6925,6.5092,-1.4225,34.8977,tracknet
3,67,105.1096,19,train,False,-3.9708,0.4284,8.3107,-3.5743,124.5098,0.3127,6.5893,-3.8023,53.6319,0.3306,7.8219,-3.7844,74.71,tracknet
235,67,105.1718,29,train,False,-2.9662,-0.7304,-1.5975,-3.3846,343.4235,-1.4192,-6.6908,-2.6958,170.6229,-1.9487,-6.1272,-2.1663,137.7124,tracknet
236,67,105.2079,14,train,False,-0.993,-3.3041,9.3463,-0.8109,49.8796,-3.3164,9.5648,-0.7986,70.9951,-3.1355,9.2981,-0.9795,41.637,tracknet
253,67,105.4431,16,train,False,-1.2897,2.9035,-5.0361,-1.2115,394.8203,2.6879,-13.1539,1.2689,417.2645,2.7967,-8.4888,-1.3183,49.5496,tracknet
295,67,105.7121,13,train,False,-3.3033,-0.3812,-1.5526,-3.7338,379.0313,-0.7191,-4.3381,-3.3959,98.4698,-1.269,-9.0041,-2.846,371.3941,tracknet
60,67,105.763,35,test,False,-0.6903,2.6364,-8.9496,-1.4786,224.5183,2.4026,-9.2862,-1.7124,192.1214,2.3741,-8.7532,-1.7409,245.4217,tracknet
53,67,105.7658,28,test,True,0.6292,1.193,13.4185,1.5335,93.7066,1.1815,13.1546,1.2696,69.0008,1.2743,10.3425,-1.5425,217.7877,tracknet
91,67,105.8191,44,train,False,-2.0795,1.7519,12.0986,0.2136,237.9624,1.7182,12.6246,0.7396,290.6018,2.3759,10.2109,-1.6741,58.43,tracknet
58,67,105.8739,13,test,False,-3.8231,0.167,-3.3975,-3.948,327.7667,2.0874,7.0796,-2.0276,1392.7192,-0.4525,-7.2411,-3.6625,61.9401,tracknet
42,67,105.9075,5,train,False,-1.0729,3.5815,8.0857,-0.5335,54.1403,4.1396,7.4793,0.0246,127.7413,2.2306,3.7514,-1.8844,445.6105,tracknet
386,67,105.9115,19,test,False,-1.442,2.1445,-4.5253,-1.9705,374.3042,3.3069,-14.4161,2.5311,621.7594,3.0242,-6.7889,-1.0908,148.4109,tracknet
353,67,105.9795,10,train,False,-3.1108,1.4786,7.7611,-2.6364,123.0855,3.2127,3.0767,-0.9023,619.5306,0.1258,7.8112,-3.9892,116.4052,tracknet
319,67,106.1714,19,train,False,-2.5276,1.5443,-3.2129,-2.5707,363.351,1.5639,-4.2537,-2.5511,259.2539,1.5414,-7.5416,-2.5736,69.6906,tracknet
252,67,106.3835,18,train,False,-4.0841,-0.2955,5.5849,-3.8195,56.4475,0.0796,4.59,-4.0354,53.66,0.3116,6.6745,-3.8034,157.5325,tracknet
241,67,106.4737,17,train,False,-0.0,-4.0304,-5.7398,-0.0846,443.7817,-4.1201,-9.4252,0.0051,75.1647,-4.0721,-8.5885,-0.0429,158.8881,tracknet
130,67,106.5313,20,train,False,-1.9145,2.2027,4.3878,-1.9123,4.8199,2.1589,3.9726,-1.9561,36.9352,1.8545,4.3934,-2.2605,35.0122,tracknet
279,67,106.5515,22,train,False,-1.863,-2.0149,-5.6644,-2.1001,374.1954,-1.7395,-2.4825,-2.3755,693.526,-2.1176,-8.6252,-1.9974,78.5181,tracknet
345,67,106.6667,15,train,False,-2.1531,1.434,8.1982,-2.681,75.4855,1.2723,8.1122,-2.8427,82.5369,1.88,8.1303,-2.235,47.8742,tracknet
389,67,106.7711,10,test,True,0.109,3.0802,6.3052,-0.0948,60.9908,2.782,5.9804,-0.4196,102.0626,3.4751,6.3006,-0.0994,27.5344,tracknet
93,67,106.9995,28,train,False,-0.921,-2.8465,4.4919,-1.2685,38.2409,-3.2135,3.2467,-0.9015,108.5953,-3.3377,3.9025,-0.7773,45.3383,tracknet
155,100,100.0,5,train,False,-3.5978,0.3005,2.1406,-3.8145,689.6432,-0.7936,19.8788,7.9938,2466.609,1.2693,-7.8817,-2.8457,321.8333,tracknet
154,100,100.0,9,train,True,0.186,-0.0522,-5.5157,0.0522,110.9032,-0.3708,9.212,9.212,1580.9738,0.3443,-7.2115,0.8115,63.4344,tracknet
182,100,100.0,24,train,False,-2.5609,-0.0503,6.9495,-4.0647,255.6244,0.5271,-8.8599,-3.0251,1389.9015,-1.4292,-2.607,-2.6858,749.0387,tracknet
183,100,100.0,8,train,False,-0.0861,0.0865,4.9725,0.0865,67.6499,-1.1503,0.9686,-0.9686,477.8021,-0.6169,5.2891,-0.6169,62.9002,tracknet
175,100,100.0,7,train,False,-0.7631,-0.2179,3.9655,-0.2179,105.0768,-1.8274,2.5346,-1.8274,256.0816,-1.2634,4.145,-1.2634,87.5678,tracknet
174,100,100.0,18,train,False,-0.0451,3.7362,8.9662,-0.3788,86.4481,3.5719,9.1343,-0.5431,80.252,3.7049,8.8152,-0.4101,101.6246,tracknet
173,100,100.0,40,train,False,-3.6372,0.488,-5.4563,-3.627,239.887,0.6095,-1.1828,-3.5055,667.3651,0.4541,-6.9773,-3.6609,87.8116,tracknet
180,100,100.0,29,train,False,-3.3822,-0.8865,-4.5372,-3.2285,287.7871,-1.0743,-0.6395,-3.0407,678.0096,-0.7054,-7.3772,-3.4096,4.3489,tracknet
178,100,100.0,7,train,False,-2.8652,-0.2722,5.5598,-3.8428,111.2137,2.9038,4.9979,-1.2112,429.4799,-1.3018,5.2109,-2.8132,88.0513,tracknet
151,100,100.0,36,train,False,-0.85,3.0648,5.6479,-1.0502,180.471,2.9372,5.2393,-1.1778,222.6438,2.8382,5.2462,-1.2768,223.6415,tracknet
160,100,100.0,16,train,False,-1.2327,-2.2927,6.1989,-1.8223,79.1991,-1.7062,6.1215,-2.4088,125.9799,-2.6468,5.9522,-1.4682,36.7569,tracknet
161,100,100.0,33,train,False,-1.8193,1.8663,-5.4293,-2.2487,221.4841,2.3143,-8.755,-1.8007,115.3115,2.2173,-5.4126,-1.8977,219.0816,tracknet
307,100,100.1761,29,train,False,-1.9976,1.7238,10.5285,-1.3565,81.8906,1.8139,10.6209,-1.2641,94.738,1.2039,9.8988,-1.9862,1.5491,tracknet
364,100,100.3733,30,test,False,-1.0375,2.423,11.4979,-0.3871,65.318,2.1609,11.9548,0.0698,115.3321,2.233,10.6598,-1.2252,31.2964,tracknet
439,100,100.5364,18,test,False,-1.3093,-2.3195,10.127,-1.758,50.4586,-1.9408,10.0495,-1.8355,89.0606,-2.5684,9.2652,-1.5466,102.4728,tracknet
256,100,100.5765,7,train,False,-2.3034,1.1941,2.0307,-2.9209,732.5667,0.3212,10.9614,-0.9236,1629.8562,2.3066,-4.979,-1.8084,57.355,tracknet
361,100,100.6403,4,test,False,-0.4442,1.76,8.1968,8.1968,1393.7488,7.172,-68.7853,62.3853,6327.3156,3.9017,-4.4537,-0.2133,117.8276,tracknet
177,100,100.7407,18,train,False,-0.4077,3.7911,10.9379,-0.3239,83.5587,3.7947,10.8662,-0.3203,76.466,3.6179,10.4797,-0.4971,38.3737,tracknet
141,100,100.8677,17,train,False,-1.9527,-1.9048,-3.9309,-2.2102,385.2991,-1.6074,-0.7929,-2.5076,700.4479,-2.1977,-7.993,-1.9173,22.0554,tracknet
181,100,100.9456,5,train,False,-2.5451,0.6623,7.848,-3.4527,142.0678,8.4099,-2.4619,4.2949,1147.768,4.5753,3.2845,0.4603,459.0987,tracknet
441,100,101.2132,13,test,False,-1.9571,-2.1163,5.2487,-1.9987,55.5964,-2.147,5.4759,-1.968,32.7402,-2.1658,5.4699,-1.9492,33.3325,tracknet
243,100,101.2276,7,train,False,-0.3979,-2.7166,4.6924,-1.3984,129.2854,-3.7888,3.6931,-0.3262,19.4154,-3.7611,4.549,-0.3539,67.6898,tracknet
388,100,101.2303,57,test,True,0.2766,-3.6899,-8.5587,-0.4251,360.3079,-3.5005,-12.0728,0.1878,17.4952,-3.6448,-9.2198,-0.4702,294.1854,tracknet
294,100,101.4931,18,train,False,-1.7739,2.1953,8.8521,-1.9197,47.3586,1.8279,8.6703,-2.2871,57.9281,2.7252,8.2279,-1.3898,42.1536,tracknet
1,100,101.6649,19,train,False,-0.8979,2.7756,9.8919,-1.3394,136.3205,2.5739,10.3803,-1.5047,189.0857,3.0466,9.6903,-1.0684,110.1329,tracknet
169,100,102.0872,43,train,False,-2.3814,-1.9729,-2.4472,-2.1421,246.4199,-4.0563,19.0928,7.2078,2410.4752,-1.0581,-3.6652,-3.0569,140.7274,tracknet
277,100,102.381,18,train,False,-2.5345,-1.8599,-1.1106,-2.2551,409.5484,-1.8326,-0.3295,-2.2824,487.357,-1.5048,-7.3341,-2.6102,213.8926,tracknet
335,100,103.0378,15,train,False,-2.7704,-1.4975,9.1874,-2.6175,24.2214,-1.8424,8.1157,-2.2726,115.2994,-1.1874,9.0199,-2.8651,12.3332,tracknet
409,100,103.3484,17,test,False,-0.8746,-3.1645,6.8276,-0.9505,7.5896,-3.0866,6.7156,-1.0284,19.0149,-3.1218,6.5336,-0.9932,31.6848,tracknet
394,100,103.4691,19,test,False,-2.6282,-1.2048,-2.5212,-2.9102,366.6539,-1.7004,-10.1101,-1.7749,393.8961,-1.5492,-7.9914,-2.5658,181.5554,tracknet
88,100,103.619,23,test,False,-3.4191,1.1344,7.0795,-2.9806,51.8429,1.8676,6.9373,-2.2474,117.9362,1.0628,5.8093,-3.0522,105.9106,tracknet
251,100,103.6194,18,train,False,-1.2048,-2.0867,-6.9635,-2.0283,372.2942,-2.4097,-11.4375,-0.4475,76.4865,-2.1435,-9.7582,-1.9715,93.5617,tracknet
245,100,103.6398,10,train,False,-1.3927,2.6173,7.3008,-1.4977,49.98,2.5297,7.3815,-1.5853,60.1097,2.8134,7.7429,-1.3016,93.5196,tracknet
282,100,103.936,19,train,False,-2.1518,1.435,9.3279,-2.5571,56.9281,1.8949,8.9016,-2.2201,22.4607,2.0465,8.6444,-2.0685,47.8451,tracknet
107,100,104.1176,16,train,False,-1.4218,2.9964,4.7996,-1.1186,30.3409,2.7811,4.5896,-1.3339,23.8137,2.4651,4.6218,-1.6499,29.6316,tracknet
81,100,104.2793,29,test,False,-0.6055,-1.8128,-8.3103,-2.3022,296.9221,-1.7988,-5.1564,-2.3162,612.3139,-1.8563,-8.5669,-2.2587,271.3205,tracknet
273,100,104.2904,13,train,False,-1.694,1.717,6.7042,-2.398,74.6061,2.4966,5.7906,-1.6184,116.3067,2.5423,6.8405,-1.5727,16.4244,tracknet
165,100,104.3719,18,train,False,-2.8144,0.9484,-3.112,-3.1666,523.6683,0.5153,2.3139,-3.5997,1067.9653,1.2133,-7.053,-2.9017,128.6805,tracknet
442,100,104.6989,20,test,False,-1.7838,1.9493,-5.1677,-2.1657,333.2826,2.8121,-14.9817,3.0967,652.0848,2.4579,-8.497,-1.6571,12.8032,tracknet
317,100,104.7501,6,train,False,-0.704,2.9965,-0.9258,-1.1185,511.49,2.8024,0.9505,-1.3126,700.0885,3.0905,-7.5699,-1.0245,157.8971,tracknet
288,100,104.7835,21,train,False,-0.9778,2.4787,7.925,-1.6363,68.6082,3.0377,7.984,-1.0773,16.653,2.9503,7.2377,-1.1647,89.9503,tracknet
157,100,104.8433,25,train,False,-1.9456,-2.1071,-7.2078,-2.0079,236.5541,-2.1252,-6.8085,-1.9898,276.4422,-2.1764,-8.1401,-1.9386,143.2488,tracknet
92,100,104.9587,14,train,False,-1.2641,3.0272,-5.4353,-1.0878,425.9006,2.7651,-12.6412,0.7562,295.1825,2.7915,-10.0834,-1.3235,39.7206,tracknet
424,100,105.098,15,test,False,-1.6286,-2.3069,6.362,-1.8081,46.4957,-2.6492,6.6571,-1.4658,21.0741,-2.6925,6.5092,-1.4225,34.8977,tracknet
3,100,105.1096,19,train,False,-3.9708,0.4284,8.3107,-3.5743,124.5098,0.3127,6.5893,-3.8023,53.6319,0.3306,7.8219,-3.7844,74.71,tracknet
235,100,105.1718,29,train,False,-2.9662,-0.7304,-1.5975,-3.3846,343.4235,-1.4192,-6.6908,-2.6958,170.6229,-1.9487,-6.1272,-2.1663,137.7124,tracknet
236,100,105.2079,14,train,False,-0.993,-3.3041,9.3463,-0.8109,49.8796,-3.3164,9.5648,-0.7986,70.9951,-3.1355,9.2981,-0.9795,41.637,tracknet
166,100,105.3624,20,train,False,-1.8152,2.5745,6.8639,-1.5405,103.0471,2.7969,6.963,-1.3181,120.0098,2.3923,7.0138,-1.7227,114.6806,tracknet
253,100,105.4431,16,train,False,-1.2897,2.9035,-5.0361,-1.2115,394.8203,2.6879,-13.1539,1.2689,417.2645,2.7967,-8.4888,-1.3183,49.5496,tracknet
295,100,105.7121,13,train,False,-3.3033,-0.3812,-1.5526,-3.7338,379.0313,-0.7191,-4.3381,-3.3959,98.4698,-1.269,-9.0041,-2.846,371.3941,tracknet
60,100,105.763,35,test,False,-0.6903,2.6364,-8.9496,-1.4786,224.5183,2.4026,-9.2862,-1.7124,192.1214,2.3741,-8.7532,-1.7409,245.4217,tracknet
53,100,105.7658,28,test,True,0.6292,1.193,13.4185,1.5335,93.7066,1.1815,13.1546,1.2696,69.0008,1.2743,10.3425,-1.5425,217.7877,tracknet
91,100,105.8191,44,train,False,-2.0795,1.7519,12.0986,0.2136,237.9624,1.7182,12.6246,0.7396,290.6018,2.3759,10.2109,-1.6741,58.43,tracknet
58,100,105.8739,13,test,False,-3.8231,0.167,-3.3975,-3.948,327.7667,2.0874,7.0796,-2.0276,1392.7192,-0.4525,-7.2411,-3.6625,61.9401,tracknet
42,100,105.9075,5,train,False,-1.0729,3.5815,8.0857,-0.5335,54.1403,4.1396,7.4793,0.0246,127.7413,2.2306,3.7514,-1.8844,445.6105,tracknet
386,100,105.9115,19,test,False,-1.442,2.1445,-4.5253,-1.9705,374.3042,3.3069,-14.4161,2.5311,621.7594,3.0242,-6.7889,-1.0908,148.4109,tracknet
353,100,105.9795,10,train,False,-3.1108,1.4786,7.7611,-2.6364,123.0855,3.2127,3.0767,-0.9023,619.5306,0.1258,7.8112,-3.9892,116.4052,tracknet
164,100,106.1337,28,train,False,-1.8387,-2.3901,9.8357,-1.7249,170.7092,-2.3727,9.2472,-1.7423,111.8936,-2.3075,9.1401,-1.8075,100.8225,tracknet
319,100,106.1714,19,train,False,-2.5276,1.5443,-3.2129,-2.5707,363.351,1.5639,-4.2537,-2.5511,259.2539,1.5414,-7.5416,-2.5736,69.6906,tracknet
159,100,106.3774,24,train,False,-1.2743,2.7023,-5.542,-1.4127,289.9106,2.9139,-8.7948,-1.2011,36.4406,2.8371,-7.7698,-1.2779,66.8049,tracknet
252,100,106.3835,18,train,False,-4.0841,-0.2955,5.5849,-3.8195,56.4475,0.0796,4.59,-4.0354,53.66,0.3116,6.6745,-3.8034,157.5325,tracknet
241,100,106.4737,17,train,False,-0.0,-4.0304,-5.7398,-0.0846,443.7817,-4.1201,-9.4252,0.0051,75.1647,-4.0721,-8.5885,-0.0429,158.8881,tracknet
184,100,106.5224,42,train,False,-2.2096,-1.9845,-2.0781,-2.1305,414.3924,-1.881,-3.3453,-2.234,287.6047,-2.0263,-5.4646,-2.0887,76.6322,tracknet
130,100,106.5313,20,train,False,-1.9145,2.2027,4.3878,-1.9123,4.8199,2.1589,3.9726,-1.9561,36.9352,1.8545,4.3934,-2.2605,35.0122,tracknet
279,100,106.5515,22,train,False,-1.863,-2.0149,-5.6644,-2.1001,374.1954,-1.7395,-2.4825,-2.3755,693.526,-2.1176,-8.6252,-1.9974,78.5181,tracknet
345,100,106.6667,15,train,False,-2.1531,1.434,8.1982,-2.681,75.4855,1.2723,8.1122,-2.8427,82.5369,1.88,8.1303,-2.235,47.8742,tracknet
389,100,106.7711,10,test,True,0.109,3.0802,6.3052,-0.0948,60.9908,2.782,5.9804,-0.4196,102.0626,3.4751,6.3006,-0.0994,27.5344,tracknet
93,100,106.9995,28,train,False,-0.921,-2.8465,4.4919,-1.2685,38.2409,-3.2135,3.2467,-0.9015,108.5953,-3.3377,3.9025,-0.7773,45.3383,tracknet
40,100,107.0064,15,train,False,-2.0975,1.4275,9.4953,-2.3897,59.1665,0.7311,9.4075,-2.4775,128.7241,1.8394,9.5619,-2.2756,20.9428,tracknet
298,100,107.0632,20,train,False,-1.4873,0.8335,11.0789,-0.8061,74.5733,0.4903,10.9579,-0.9271,85.5567,1.2046,9.8671,-2.0179,53.4879,tracknet
255,100,107.2472,14,train,False,-0.2988,3.2131,-2.3925,-0.9019,485.9618,3.0873,-1.3106,-1.0277,594.8785,3.6342,-6.8313,-0.4808,42.4336,tracknet
320,100,107.4531,13,train,False,-2.1359,-1.4515,7.2915,-2.6635,65.1271,-2.0486,6.0936,-2.0664,81.9063,-2.2407,6.4458,-1.8743,53.2566,tracknet
172,100,107.4964,8,train,False,-0.1615,-0.0093,4.8547,-0.0093,41.5155,-0.3888,4.7743,-0.3888,51.9052,-0.3872,4.9014,-0.3872,40.77,tracknet
397,100,107.6036,17,test,False,-0.3238,-3.534,8.3132,-0.581,63.2038,-3.7511,5.685,-0.3639,205.1295,-3.6764,7.4665,-0.4386,29.2869,tracknet
267,100,107.726,13,train,False,-0.7428,3.3895,7.4901,-0.7255,196.216,3.3229,8.0751,-0.7921,254.7503,3.4952,0.7436,-0.6198,478.6058,tracknet
128,100,107.7333,14,train,False,-1.3054,2.0695,7.327,-2.0455,75.5089,2.8326,7.5275,-1.2824,5.5694,3.3201,6.8356,-0.7949,81.9594,tracknet
162,100,107.8049,17,train,False,-1.2172,3.2325,9.0357,-0.8825,77.3236,3.2697,9.0974,-0.8453,84.4981,2.8358,9.1761,-1.2792,83.9724,tracknet
302,100,107.8054,14,train,False,-0.8418,-2.5491,-3.346,-1.5659,339.9846,-1.0047,3.6382,-3.1103,1055.2808,-3.1106,-7.4224,-1.0044,77.189,tracknet
31,100,107.8992,6,train,False,-0.1811,0.1352,4.0766,0.1352,88.1318,-0.2353,4.2946,-0.2353,60.6929,-0.2109,4.4877,-0.2109,41.2498,tracknet
346,100,107.9392,17,train,False,-0.9282,2.3344,-6.5108,-1.7806,444.9717,2.1847,-9.2732,-1.9303,168.3931,2.2332,-8.5717,-1.8818,238.6424,tracknet
132,100,107.9526,21,train,False,-0.823,-2.2051,11.0567,-0.8283,2.511,-2.2181,10.6728,-1.2122,39.0976,-2.0628,10.0978,-1.7872,97.1421,tracknet
47,100,108.1967,17,test,False,-2.3476,-1.4109,5.983,-2.7041,48.7697,-1.5638,6.0185,-2.5512,36.0332,-1.6717,5.7658,-2.4433,55.8275,tracknet
134,100,108.3817,18,train,False,-1.4632,2.7645,9.652,-1.3505,17.0548,2.7558,9.6977,-1.3592,13.2606,2.2023,8.6475,-1.9127,121.8361,tracknet
410,100,108.582,17,test,False,-2.1099,-2.3126,-1.6138,-1.8024,302.248,-2.4047,-1.2192,-1.7103,342.479,-1.9604,-7.4268,-2.1546,280.6521,tracknet
312,100,108.76,13,train,False,-1.9842,-1.8709,6.9184,-2.2441,91.9316,-1.9548,7.1143,-2.1602,70.813,-2.0854,7.1776,-2.0296,62.4274,tracknet
150,100,108.7912,8,train,False,-0.0335,0.297,-2.3176,-0.297,405.2881,,,,,1.1959,-8.1441,1.7441,191.7891,tracknet
274,100,108.8196,29,train,False,-1.2357,3.4211,-6.5281,-0.6939,371.958,2.2673,-14.0786,2.1936,391.8719,1.9045,-9.3773,-2.2105,128.072,tracknet
431,100,108.8889,14,test,False,-0.0357,-3.4195,8.7615,-0.6955,73.9166,-2.1365,7.1988,-1.9785,229.9085,-3.5859,8.5546,-0.5291,50.9329,tracknet
308,100,108.9013,5,train,False,-2.6778,1.4627,0.918,-2.6523,491.552,0.6789,-33.6039,21.7189,2961.6124,0.8179,-7.7472,-3.2971,380.0558,tracknet
329,100,109.1518,16,train,False,-1.7574,1.9524,8.2009,-2.1626,66.4402,2.0364,8.2832,-2.0786,68.8413,2.1454,8.0271,-1.9696,41.1666,tracknet
333,100,109.3333,21,train,False,-0.5292,3.172,8.372,-0.943,125.6617,3.4794,7.3538,-0.6356,19.911,3.4688,8.2365,-0.6462,105.747,tracknet
70,100,109.4424,30,test,False,-1.9506,0.0251,10.6052,-1.2798,69.6197,0.1711,9.4174,-2.4676,51.8617,0.1476,9.255,-2.63,68.2457,tracknet
380,100,109.476,15,test,False,-2.8186,1.3707,-4.7393,-2.7443,427.6355,1.3987,4.7455,-2.7163,1376.0805,1.3526,-7.4789,-2.7624,153.7068,tracknet
406,100,109.9549,8,test,False,-1.0326,0.5702,0.2231,0.2231,475.0946,1.2257,-9.6769,3.2769,517.5147,0.9608,-7.5761,1.1761,307.1587,tracknet
17,100,110.5174,12,train,False,-1.1607,2.445,6.3403,-1.67,51.1023,2.0664,5.5421,-2.0486,122.2474,2.9198,6.5637,-1.1952,18.4606,tracknet
304,100,110.5341,25,train,False,-1.4216,-2.2589,-0.795,-1.8561,371.7982,-2.4552,-2.1064,-1.6598,239.2951,-3.1493,-7.2373,-0.9657,278.7347,tracknet
283,100,110.6949,16,train,False,-2.6773,-0.9163,-1.1452,-3.1987,424.8429,-1.3654,-4.7583,-2.7496,60.7601,-1.7485,-8.5595,-2.3665,321.2994,tracknet
291,100,110.7458,14,train,False,-2.5587,1.0723,5.1828,-3.0427,60.7571,1.7581,4.9126,-2.3569,66.8598,1.8493,4.853,-2.2657,75.6145,tracknet
327,100,110.8395,15,train,False,-1.969,1.5882,7.5496,-2.5268,60.2053,1.9716,7.5003,-2.1434,24.8711,2.3212,7.5723,-1.7938,30.4715,tracknet
121,100,110.9728,28,train,False,-3.7982,0.4277,8.6473,-3.2377,93.1308,0.379,8.204,-3.681,48.5293,0.4236,8.3037,-3.5813,59.0819,tracknet
145,100,110.9983,24,train,False,-2.6996,-1.1543,-9.3155,-2.5695,13.0186,-1.2648,-5.0637,-2.8502,412.3227,-0.8464,-8.4781,-3.2686,76.9786,tracknet
14,100,111.1423,19,train,False,-1.1474,-2.4648,-5.5557,-1.6502,376.6171,-2.5047,-5.9937,-1.6103,332.6844,-3.1135,-7.723,-1.0015,157.2012,tracknet
391,100,111.2628,23,test,False,-2.3914,-1.9042,6.3999,-2.2108,18.3668,-2.4449,4.6171,-1.6701,195.4137,-1.4088,6.0891,-2.7062,46.6388,tracknet
316,100,111.339,14,train,False,-3.5523,0.2494,-3.4156,-3.8656,492.4251,0.1529,-1.3517,-3.9621,699.0385,0.5071,-8.4395,-3.4455,10.7044,tracknet
400,100,111.6276,36,test,False,-1.6776,2.0877,12.1447,0.2597,194.3147,2.193,12.3499,0.4649,214.3012,2.0087,10.457,-1.428,33.8479,tracknet
44,100,111.7042,10,train,False,-0.4431,0.0878,1.0675,1.0675,608.6024,1.4396,-73.4303,67.0303,6842.9492,0.7605,-6.9303,0.5303,194.8192,tracknet
126,100,111.8022,6,train,False,-0.3299,-0.0432,3.5506,-0.0432,119.0874,-0.9325,3.717,-0.9325,115.8469,-0.7021,4.289,-0.7021,55.9301,tracknet
46,100,112.0,14,train,False,-0.1583,3.9698,-2.747,-0.1452,416.6663,4.0217,-4.8509,-0.0933,206.3728,3.9368,-7.7636,-0.1782,85.0189,tracknet
350,100,112.3768,49,train,False,-3.3153,1.0131,10.416,-1.469,228.806,,,,,0.5499,-6.5477,-3.5651,1468.7724,tracknet
99,100,112.447,24,train,False,-2.9155,1.7615,9.4505,-2.3535,83.0644,1.6304,9.4404,-2.4446,74.0062,0.9494,8.3341,-3.1656,56.3264,tracknet
41,100,112.4638,15,train,False,-3.1442,1.2072,-1.1424,-2.9078,384.9831,0.9057,-4.6733,-3.2093,31.8375,0.8055,-7.8603,-3.3095,288.0113,tracknet
239,100,112.4645,19,train,False,-2.3467,-1.9087,-2.2184,-2.2063,411.3636,-1.5791,-10.4666,-1.4184,414.1304,-1.671,-8.6891,-2.444,236.1471,tracknet
26,100,112.5156,14,train,False,-0.6816,-3.4342,10.6347,-0.6808,89.5356,-3.3499,11.1196,-0.7651,138.2731,-2.9608,10.1151,-1.1542,60.3736,tracknet
357,100,112.5382,6,test,False,-1.324,3.6073,6.5956,-0.5077,405.3189,0.9675,11.2407,-0.6443,192.5058,0.4866,8.3681,-3.5169,316.4911,tracknet
430,100,112.5912,22,test,False,-3.7645,0.1559,-1.3933,-3.9591,441.3781,0.3958,-6.6028,-3.7192,80.1332,0.4449,-5.0792,-3.6701,72.9701,tracknet
315,100,112.6354,22,train,False,-3.5722,0.0038,8.1274,-3.7576,194.9371,-0.2359,7.163,-3.8791,95.7271,-0.6367,7.2309,-3.4783,97.917,tracknet
168,100,113.1836,25,train,False,-1.4069,-2.1599,12.2659,0.3809,203.2751,-2.6117,7.0917,-1.5033,321.8214,-2.5581,9.0651,-1.5569,125.2358,tracknet
74,100,113.2991,22,test,False,-0.3264,-3.5241,7.1998,-0.5909,34.3618,-3.5547,7.3066,-0.5603,40.1358,-3.6656,6.879,-0.4494,15.9422,tracknet
101,100,113.5213,30,train,False,-1.2854,-2.5048,7.3174,-1.6102,86.3946,-2.8263,6.12,-1.2887,39.6911,-2.8403,6.658,-1.2747,14.1495,tracknet
399,100,113.6321,18,test,False,-0.5552,-2.495,-7.619,-1.62,383.3455,-2.2763,-6.3335,-1.8387,513.3891,-2.6637,-8.8209,-1.4513,263.1296,tracknet
153,100,113.7577,17,train,False,-1.5338,2.0867,-5.867,-2.0283,250.7666,3.8488,-19.4162,7.5312,1116.291,3.5105,-8.4001,-0.6045,93.2307,tracknet
116,100,113.9526,25,train,False,-1.7118,-2.0368,-5.3073,-2.0782,361.9149,-2.2948,-8.2456,-1.8202,67.1068,-2.4431,-8.1627,-1.6719,74.6278,tracknet
305,100,114.0414,10,train,False,-0.4799,-4.3082,5.682,0.1932,79.8567,-4.3298,5.7286,0.2148,79.3328,-1.1826,6.4846,-2.9324,248.0709,tracknet
393,100,114.3037,17,test,False,-1.8497,2.6166,10.4216,-1.4634,69.4109,2.2157,8.9223,-1.8993,90.2043,2.0619,9.0775,-2.0531,77.2655,tracknet
34,100,114.3276,18,train,False,-1.1122,2.7208,-4.8429,-1.3942,414.2761,3.075,-9.762,-1.04,78.9312,2.9346,-8.197,-1.1804,78.1944,tracknet
28,100,114.4554,11,train,False,-1.7831,2.1233,7.3378,-1.9917,20.9599,2.5294,6.8061,-1.5856,58.6293,2.654,6.9254,-1.461,53.9435,tracknet
258,100,114.5991,16,train,False,-0.4556,-3.4404,-7.0971,-0.6746,427.2738,-3.756,-14.8855,3.0005,352.2621,-3.5584,-9.6045,-0.5566,176.2671,tracknet
366,100,114.6514,28,test,False,-0.6293,2.3131,11.9434,0.0584,76.0745,2.1719,12.2493,0.3643,109.769,2.2675,10.6891,-1.1959,67.7191,tracknet
30,100,114.8627,14,train,False,-1.2258,-2.3875,-7.0468,-1.7275,339.3838,,,,,-3.8167,-7.8898,-0.2983,267.9299,tracknet
0,100,114.9827,4,train,False,-1.1361,2.1184,3.8471,-1.9966,103.939,5.951,3.0601,1.836,327.2725,4.8958,4.9731,0.7808,199.2356,tracknet
301,100,115.1165,13,train,False,-1.1912,3.057,-3.0578,-1.058,472.9864,3.1429,-2.3546,-0.9721,543.5684,2.9224,-7.6065,-1.1926,17.9375,tracknet
244,100,115.1495,24,train,False,-3.9524,-0.5477,0.4266,-3.5673,466.6076,-0.0186,-5.6336,-4.0964,141.7346,0.1732,-7.5125,-3.9418,330.6082,tracknet
59,100,115.4404,21,test,False,-2.9239,0.9427,5.496,-3.1723,26.8001,1.0063,5.389,-3.1087,27.8074,1.1806,5.3219,-2.9344,27.5136,tracknet
105,100,115.7,8,train,False,-0.6922,-2.3438,4.6624,-1.7376,133.3661,-2.9361,4.9608,-1.1789,78.3281,-2.9969,4.6885,-1.1181,103.4177,tracknet
433,100,115.7051,22,test,False,-3.6753,-0.1128,-4.0526,-4.0022,368.7149,-0.1656,-3.6496,-3.9494,409.3555,0.575,-7.4895,-3.54,24.8639,tracknet
176,100,115.7288,30,train,False,-2.3953,1.6411,-5.4699,-2.4739,233.0637,1.5991,-3.7993,-2.5159,400.1747,1.6534,-6.8607,-2.4616,94.0875,tracknet
146,100,115.7736,16,train,False,-2.4457,-1.5992,7.5077,-2.5158,60.0861,-1.5277,7.6842,-2.5873,44.3442,-1.5097,6.91,-2.6053,120.5067,tracknet
38,100,116.0286,18,train,False,-0.9777,-1.6315,-7.3043,-2.4835,362.9798,-0.958,-1.127,-3.157,984.3482,-1.6752,-8.0435,-2.4398,289.114,tracknet
337,100,116.0554,14,train,False,-2.8245,-0.8513,6.593,-3.2637,46.5402,-0.88,6.5796,-3.235,44.3324,-1.4301,6.7891,-2.6849,14.5784,tracknet
427,100,116.1032,15,test,False,-2.1207,-2.3373,8.1393,-1.7777,93.1768,-1.6031,8.7384,-2.5119,47.3783,-1.1669,8.0835,-2.9481,123.8958,tracknet
403,100,116.4766,33,test,True,0.0848,4.0714,-0.3703,-0.0436,370.119,3.9382,-10.714,-0.1768,664.9898,4.098,-4.8034,-0.017,74.1191,tracknet
300,100,116.8272,21,train,False,-2.6207,0.854,9.626,-2.259,62.9277,0.7781,9.7887,-2.0963,79.0051,1.6566,9.6405,-2.2445,47.3619,tracknet
95,100,116.8664,22,train,False,-2.0002,-1.4819,10.4625,-1.4225,112.9714,-2.344,7.0026,-1.771,253.4405,-2.4042,8.2108,-1.7108,134.7332,tracknet
144,100,117.6393,16,train,False,-2.7679,-0.448,8.4749,-3.4101,79.4051,-0.8689,8.7433,-3.1417,37.6648,-1.2881,7.8802,-2.8269,129.1887,tracknet
265,100,118.1456,31,train,False,-3.6004,0.7189,-2.8907,-3.3961,387.9843,0.43,-8.0864,-3.685,132.3913,0.4567,-8.2157,-3.6583,145.1679,tracknet
233,100,118.226,13,train,False,-1.6688,-2.079,7.4482,-2.036,81.492,-2.3463,6.8506,-1.7687,16.3844,-2.3105,7.3154,-1.8045,61.002,tracknet
381,100,118.3044,16,test,False,-2.3171,-1.4588,4.7606,-2.6562,38.5788,-1.4596,4.675,-2.6554,35.2346,-1.6622,4.7702,-2.4528,23.6428,tracknet
287,100,118.3156,16,train,False,-1.3864,-2.3659,-2.5161,-1.7491,406.9038,-2.8276,-7.5116,-1.2874,94.7809,-2.9069,-8.8398,-1.2081,227.7804,tracknet
419,100,118.3432,18,test,False,-1.4504,3.3157,10.9297,-0.7993,88.4162,2.4958,9.5533,-1.6192,79.6447,2.4376,8.2871,-1.6774,205.7072,tracknet
290,100,119.6232,22,train,False,-2.5518,-1.434,-3.0258,-2.681,418.7036,-1.5697,-6.6171,-2.5453,59.3748,-1.5546,-7.9646,-2.5604,75.381,tracknet
392,100,119.6333,15,test,False,-1.9107,1.7478,-1.0118,-2.3672,366.0247,3.001,-19.3547,7.4697,1473.2728,2.5238,-8.2742,-1.5912,364.4734,tracknet
22,100,119.7176,8,train,False,-0.7184,3.6521,5.2408,-0.4629,62.8064,3.7823,4.8253,-0.3327,106.1754,3.18,5.4632,-0.935,41.2756,tracknet
20,100,119.786,6,train,False,-0.1575,0.1893,5.1148,0.1893,79.9309,-0.7381,3.9078,-0.7381,201.2658,-0.2373,5.0669,-0.2373,77.2101,tracknet
412,100,120.0,5,test,True,0.2213,3.2238,7.4421,-0.8912,370.5872,10.3533,-9.9969,6.2383,2181.9927,5.9904,3.9729,1.8754,719.6795,tracknet
143,100,120.0,14,train,False,-2.5683,1.0257,-2.1347,-3.0893,462.0932,1.06,-2.6417,-3.055,411.3443,1.2869,-7.1484,-2.8281,49.5683,tracknet
23,100,120.0,5,train,False,-0.3041,2.7068,4.5016,-1.4082,124.8536,3.1764,4.7729,-0.9386,70.6915,3.5336,4.6197,-0.5814,54.1264,tracknet
122,100,120.0,13,train,False,-1.6874,-2.1146,-3.8245,-2.0004,391.7277,-2.5152,-11.626,-0.259,389.7746,-2.4806,-8.7826,-1.6344,105.4696,tracknet
404,100,120.0,11,test,False,-1.5406,1.4216,0.0834,0.0834,498.0999,4.9061,-50.5363,44.1363,4576.6888,3.0365,-7.2117,0.8117,255.5602,tracknet
120,100,120.0,14,train,False,-1.6728,2.0748,-6.0201,-2.0402,420.0849,1.8456,-8.9945,-2.2694,121.846,1.9259,-8.7812,-2.1891,143.6258,tracknet
133,100,120.0,20,train,False,-2.534,1.2933,-5.4105,-2.8217,392.76,1.3228,-5.8901,-2.7922,344.7193,1.428,-7.6893,-2.687,164.544,tracknet
118,100,120.0,12,train,False,-1.7037,-1.726,-0.7162,-2.389,527.1223,-2.127,-4.0285,-1.988,193.522,-2.4894,-7.7682,-1.6256,182.7178,tracknet
137,100,120.0,19,train,False,-1.7355,-0.8182,-6.8594,-3.2968,329.8425,-0.5331,-2.0077,-3.5819,815.8399,-0.8663,-8.2437,-3.2487,191.4937,tracknet
405,100,120.0,17,test,True,0.0119,3.8699,11.524,-0.2451,37.4825,4.159,10.6037,0.044,133.4045,3.4576,10.716,-0.6574,123.848,tracknet
106,100,120.0,18,train,False,-1.8536,1.5765,-4.1327,-2.5385,322.8541,0.232,2.3622,-3.883,986.1016,1.5924,-6.5799,-2.5226,97.3957,tracknet
131,100,120.0,17,train,False,-2.5427,-0.7887,-5.5839,-3.3263,377.8351,-1.4913,-12.6711,0.7861,334.3695,-1.3504,-10.905,-0.98,157.2347,tracknet
123,100,120.0,13,train,False,-1.5048,2.5734,-4.029,-1.5416,510.7505,2.5341,-2.5098,-1.5809,662.7039,2.5152,-7.3031,-1.5998,183.5782,tracknet
50,100,120.0,20,test,False,-3.9792,-0.1418,-3.4117,-3.9732,326.8499,0.1998,-8.8495,-3.0355,218.21,0.307,-7.7474,-3.808,109.2518,tracknet
48,100,120.0,19,test,False,-2.2148,-2.1081,-4.1926,-2.0069,314.1932,-2.4417,1.1812,-1.6733,852.6023,-1.9583,-7.5108,-2.1567,19.2131,tracknet
61,100,120.0,27,test,False,-1.3072,1.8608,11.4992,-0.3858,94.7758,1.8694,11.6461,-0.2389,109.2932,1.4907,10.405,-1.48,22.7469,tracknet
62,100,120.0,18,test,False,-1.4489,2.7501,-2.5914,-1.3649,383.3819,2.6837,6.6637,-1.4313,1308.8013,2.4762,-7.5396,-1.6388,113.1364,tracknet
64,100,120.0,18,test,False,-1.6087,-2.4671,-4.1558,-1.6479,363.7135,-2.4164,-2.3596,-1.6986,543.3893,-2.5378,-7.2268,-1.5772,56.6845,tracknet
67,100,120.0,24,test,False,-2.3343,-1.3099,5.5751,-2.8051,51.4515,-1.8489,4.1638,-2.2661,162.0431,-2.0303,5.4152,-2.0847,44.4281,tracknet
54,100,120.0,25,test,False,-1.6769,-2.2111,-2.1228,-1.9039,229.2384,-2.2434,-2.7632,-1.8716,165.2261,-2.3935,-6.3524,-1.7215,194.898,tracknet
73,100,120.0,36,test,False,-1.9185,0.2955,-7.3414,-3.8195,262.5733,0.387,9.522,-2.363,1948.8557,0.2672,-5.9924,-3.8478,397.4997,tracknet
426,100,120.0,14,test,False,-2.6214,-0.6868,-1.3832,-3.4282,420.3758,-1.0933,-3.3007,-3.0217,224.4107,-2.0377,-6.1107,-2.0773,81.1407,tracknet
77,100,120.0,25,test,False,-2.836,1.2969,1.0499,-2.8181,101.8741,1.177,1.7152,-2.938,168.6967,1.2012,5.1396,-2.9138,510.8927,tracknet
102,100,120.0,11,train,False,-1.6599,1.5046,-3.6643,-2.6104,449.8701,1.0437,-1.5906,-3.0713,662.289,1.8155,-6.8584,-2.2995,136.2501,tracknet
82,100,120.0,24,test,False,-3.4147,0.501,6.9761,-3.614,32.0563,0.3587,6.8984,-3.7563,38.3058,0.7054,6.803,-3.4096,7.8027,tracknet
85,100,120.0,28,test,False,-0.9979,2.8341,6.1449,-1.2809,103.3375,2.9164,5.154,-1.1986,20.079,3.0532,5.9024,-1.0618,75.4047,tracknet
86,100,120.0,14,test,False,-1.4289,-1.8885,-3.4762,-2.2265,317.4271,-1.8851,-3.5136,-2.2299,313.8962,-2.6153,-7.0402,-1.4997,49.6656,tracknet
417,100,120.0,24,test,False,-1.001,-2.9472,7.2526,-1.1678,36.5956,-2.6846,6.2717,-1.4304,78.33,-2.9044,6.3756,-1.2106,58.9767,tracknet
90,100,120.0,34,test,False,-2.3957,1.5202,-1.14,-2.5948,98.542,1.6921,-2.1087,-2.4229,2.7456,1.5288,2.0907,-2.5862,420.014,tracknet
96,100,120.0,21,train,False,-1.9982,1.7386,-3.7666,-2.3764,294.0482,-0.142,7.622,-3.973,1448.1813,1.7424,-6.788,-2.3726,38.8929,tracknet
2,100,120.0,12,train,False,-1.5397,3.0323,-2.0199,-1.0827,499.4297,3.225,0.0975,-0.89,712.0432,2.6688,-8.6326,-1.4462,164.2002,tracknet
52,100,120.0,21,test,False,-1.2026,-3.2109,-5.3082,-0.9041,331.1264,-3.3008,-4.2355,-0.8142,438.7638,-3.0391,-7.6044,-1.0759,100.9474,tracknet
57,100,120.0,22,test,True,0.6349,-4.7822,7.8157,0.6672,22.6346,-4.7117,7.294,0.5967,30.017,-4.705,7.5263,0.59,7.932,tracknet
84,100,120.0,32,test,True,1.9292,-2.1639,14.6097,2.7247,81.6508,-2.3302,14.824,2.939,106.8783,-2.0851,11.5748,-0.3102,224.1863,tracknet
83,100,120.0,20,test,False,-1.3275,-2.4953,-6.5824,-1.6197,369.0786,-2.6305,-8.302,-1.4845,196.5821,-2.512,-8.8075,-1.603,147.9905,tracknet
293,100,120.0,16,train,False,-2.0845,-1.4894,-3.381,-2.6256,438.2082,-1.6136,-4.3658,-2.5014,338.942,-2.0425,-7.9448,-2.0725,21.5574,tracknet
385,100,120.0,32,test,False,-0.1158,-4.1103,11.5721,-0.0047,51.979,-4.1234,12.5069,0.6219,144.7875,-4.0389,10.7109,-0.0761,35.5662,tracknet
328,100,120.0,17,train,False,-3.235,-0.3844,-2.1268,-3.7306,450.9373,-0.8149,-5.6816,-3.3001,92.9523,-1.1509,-8.3663,-2.9641,177.8201,tracknet
311,100,120.0,12,train,False,-3.3884,1.2541,-2.9902,-2.8609,435.9152,1.5099,-0.8532,-2.6051,651.148,0.7874,-6.9678,-3.3276,35.4821,tracknet
368,100,120.0,16,test,False,-2.2766,-1.8912,8.0826,-2.2238,6.2579,-1.8505,8.2387,-2.2645,18.9977,-1.7549,7.9317,-2.3601,14.4032,tracknet
314,100,120.0,9,train,False,-2.0402,1.9072,0.4486,-2.2078,56.5632,-0.4263,3.6439,-3.6887,449.5513,1.9707,-2.3678,-2.1443,227.852,tracknet
336,100,120.0,19,train,False,-2.447,1.4893,-3.4609,-2.6257,474.353,1.8112,-15.1732,3.2882,697.3568,1.871,-8.5687,-2.244,41.9976,tracknet
281,100,120.0,16,train,False,-1.9268,-1.483,-0.1533,-2.632,479.665,-2.6301,-9.5754,-1.4849,469.8328,-2.68,-9.1871,-1.435,431.7383,tracknet
324,100,120.0,5,train,False,-3.7459,-0.2048,5.7428,-3.9102,113.1786,-0.0823,4.7245,-4.0327,215.7169,-0.4272,6.0887,-3.6878,77.6032,tracknet
355,100,120.0,5,train,False,-2.2876,0.5373,-0.3339,-3.5777,711.2966,0.0782,1.7534,-4.0368,924.9211,1.5723,-5.4714,-2.5427,187.491,tracknet
352,100,120.0,14,train,False,-0.7644,3.6632,10.4197,-0.4518,53.4947,3.4846,10.0344,-0.6304,14.2581,3.2811,8.8642,-0.8339,112.3609,tracknet
344,100,120.0,24,train,False,-1.6082,-2.883,-4.0657,-1.232,462.4582,-2.8087,-4.6592,-1.3063,402.7113,-2.4155,-7.4861,-1.6995,119.2425,tracknet
332,100,120.0,16,train,False,-1.2543,-3.2166,-2.8688,-0.8984,476.1215,-2.7315,-10.4842,-1.3835,287.0372,-2.7714,-8.6991,-1.3436,108.6054,tracknet
340,100,120.0,15,train,False,-1.5076,-2.1503,-5.2863,-1.9647,471.2113,-1.8519,-2.6396,-2.2631,737.5309,-2.2315,-8.6925,-1.8835,133.7562,tracknet
334,100,120.0,24,train,False,-2.3721,-1.2308,-3.4699,-2.8842,333.6451,-0.8675,-1.4096,-3.2475,542.8302,-1.5057,-6.9895,-2.6093,32.529,tracknet
384,100,120.0,17,test,False,-1.443,-2.8365,-2.8913,-1.2785,462.456,-1.8293,-20.6692,8.7842,1318.3235,-2.0008,-8.5471,-2.1142,123.2933,tracknet
326,100,120.0,23,train,False,-2.5522,-1.0099,-2.6547,-3.1051,347.1292,0.2974,4.0884,-3.8176,1033.8733,-1.5698,-6.6577,-2.5452,57.6086,tracknet
373,100,120.0,14,test,False,-1.6652,-2.5723,-2.688,-1.5427,450.3022,-2.2993,-8.6467,-1.8157,146.5152,-2.1837,-8.0261,-1.9313,87.8084,tracknet
5,100,120.0,6,train,False,-0.1724,-0.0369,3.3552,3.3552,880.9814,-0.0549,1.7145,1.7145,717.0291,0.1622,-5.5659,-0.1622,11.425,tracknet
371,100,120.1025,21,test,False,-0.3195,3.7507,-5.1442,-0.3643,413.1046,3.8093,-10.3611,-0.3057,108.6187,3.7773,-8.6612,-0.3377,61.4101,tracknet
322,100,120.3586,19,train,False,-2.3326,1.4975,7.1371,-2.6175,124.8566,1.3691,7.4672,-2.7459,160.0042,1.6491,6.9331,-2.4659,102.037,tracknet
341,100,120.4065,22,train,False,-1.3064,2.4076,7.5538,-1.7074,88.0381,2.6366,7.0743,-1.4784,34.9504,2.6543,7.1763,-1.4607,43.46,tracknet
231,100,120.7824,16,train,False,-0.4403,3.2752,7.503,-0.8398,47.9181,3.4688,6.5307,-0.6462,73.6863,3.4401,7.3165,-0.6749,24.7276,tracknet
421,100,120.9466,25,test,False,-1.2566,-2.7923,5.6471,-1.3227,109.6309,-2.8048,5.1587,-1.3102,60.8262,-2.8306,5.0542,-1.2844,50.2152,tracknet
285,100,120.955,21,train,False,-2.1941,-1.6599,-4.9485,-2.4551,442.2927,-1.6657,-5.1951,-2.4493,417.6376,-1.9583,-7.8323,-2.1567,153.1893,tracknet
280,100,121.1273,18,train,False,-2.1414,1.2322,9.1099,-2.7751,94.7418,1.9177,7.9466,-2.1973,57.6164,2.148,8.1368,-1.967,42.1041,tracknet
303,100,121.1419,7,train,False,-0.8253,2.2427,4.0124,-1.8723,142.3245,4.2426,4.2504,0.1276,119.8009,3.7694,4.3008,-0.3456,82.8602,tracknet
156,100,121.3462,24,train,False,-3.435,0.8363,8.3733,-3.2787,20.7963,0.9409,8.5277,-3.1741,30.7957,0.7965,7.9442,-3.3185,52.8602,tracknet
125,100,121.4527,13,train,True,0.0282,3.6608,-4.5959,-0.4542,433.6369,4.9235,-20.0975,8.2125,1121.9288,4.2277,-8.7755,0.1127,15.4923,tracknet
269,100,121.4733,35,train,False,-2.1426,-1.666,12.3562,0.4712,343.9142,-1.8129,9.3631,-2.3021,46.0918,-1.8798,9.6894,-2.1956,76.4344,tracknet
43,100,121.6778,7,train,True,0.0533,3.1911,1.9485,1.9485,793.2146,4.0918,-6.424,0.024,50.657,3.438,-5.4388,-0.677,87.6341,tracknet
362,100,121.7927,17,test,False,-2.0925,-1.3727,9.8766,-2.0084,100.5692,-0.9044,10.0591,-1.8259,146.723,-1.4687,9.4848,-2.4002,66.9247,tracknet
8,100,121.8052,29,train,False,-2.0329,-2.0564,-6.4466,-2.0586,340.5568,-2.0191,-8.0557,-2.0959,179.71,-2.0545,-7.8032,-2.0605,204.8933,tracknet
152,100,121.9608,20,train,False,-1.3308,2.9283,-7.1158,-1.1867,344.8422,1.9397,-18.9574,7.0724,843.4484,2.1988,-10.26,-1.625,55.1511,tracknet
158,100,122.1077,23,train,False,-2.0011,-2.2269,9.1854,-1.8881,42.9124,-2.1845,9.1358,-1.9305,37.1147,-2.0249,8.8111,-2.0901,9.7373,tracknet
359,100,122.6517,18,test,False,-3.4241,-1.2573,7.6585,-2.8577,58.0874,-0.9962,7.6741,-3.1188,32.5564,-0.2376,7.0252,-3.8774,88.6572,tracknet
342,100,122.8478,18,train,False,-0.4173,3.6414,-6.6777,-0.4736,479.6403,3.0463,-15.0596,3.1746,360.8733,3.2824,-10.0613,-0.8326,141.0953,tracknet
407,100,122.8647,15,test,False,-2.6312,1.7791,7.0962,-2.3359,54.8473,1.0199,6.9169,-3.0951,79.1617,1.0737,7.0142,-3.0413,68.1398,tracknet
238,100,122.9568,9,train,False,-0.6479,2.6195,3.5759,3.5759,823.149,4.2287,-16.474,10.074,1188.6614,3.8675,-6.9126,0.5126,233.5383,tracknet
266,100,123.0425,13,train,False,-2.0629,-1.8908,9.9837,-1.9013,60.9842,-1.8744,9.7209,-2.1641,37.0601,-2.0088,9.773,-2.1062,37.9892,tracknet
140,100,123.1795,28,train,False,-2.4239,1.1197,9.9962,-1.8888,65.9227,1.1581,10.0443,-1.8407,67.8382,1.3683,9.5094,-2.3756,14.4617,tracknet
100,100,123.2635,16,train,False,-1.7548,2.2536,-3.272,-1.8614,422.8701,2.3702,-9.0239,-1.7448,152.4539,2.4004,-7.3572,-1.7146,14.7756,tracknet
249,100,123.4328,8,train,False,-2.1043,-1.8095,2.2421,-2.3055,740.1886,-0.6702,18.1846,6.2996,2338.0025,-2.4189,-4.7521,-1.6961,57.4919,tracknet
12,100,123.434,16,train,False,-0.5685,3.3679,10.6051,-0.7471,34.6708,3.5912,10.1802,-0.5238,13.5332,3.6728,10.0059,-0.4422,32.7395,tracknet
382,100,123.9738,16,test,False,-1.3616,2.1008,-2.2317,-2.0142,433.2918,3.6543,-15.7911,3.9061,931.9533,3.0872,-8.0661,-1.0278,158.6417,tracknet
292,100,124.2623,15,train,False,-3.1812,-0.3921,-0.3239,-3.7229,430.9832,-1.2799,-8.9939,-2.8351,440.7908,-1.3597,-8.9642,-2.7553,438.5342,tracknet
139,100,124.3349,16,train,False,-1.8619,-1.6465,-1.279,-2.4685,425.0842,-1.5343,-0.3963,-2.5807,514.0556,-2.2415,-7.6542,-1.8735,216.791,tracknet
429,100,124.4444,13,test,False,-0.7003,-2.4829,6.6312,-1.6321,107.8113,-2.3923,6.5012,-1.7227,122.3638,-2.9875,6.5088,-1.1275,79.0005,tracknet
16,100,124.4444,20,train,False,-3.767,0.043,-2.3528,-4.072,452.7183,-0.1489,-3.8901,-3.9661,297.9659,-0.2255,-7.0223,-3.8895,20.0863,tracknet
110,100,124.5527,16,train,False,-0.336,-3.9208,-4.7724,-0.1942,481.6278,-3.9264,-4.6494,-0.1886,493.9409,-3.7472,-7.4491,-0.3678,213.7752,tracknet
21,100,124.6458,31,train,False,-0.9722,3.1862,-1.9446,-0.9288,435.7156,3.1964,-2.0984,-0.9186,420.3547,3.2219,-6.6245,-0.8931,33.2484,tracknet
376,100,124.6485,11,test,False,-0.5387,-2.4851,-2.1313,-1.6299,500.4431,-1.7723,0.9157,-2.3427,813.3632,-3.4022,-7.9951,-0.7128,99.5121,tracknet
63,100,124.6944,21,test,False,-0.6152,2.7865,-7.3506,-1.3285,393.2392,2.043,-0.2269,-2.072,1109.4164,2.6464,-8.3747,-1.4686,293.1837,tracknet
18,100,124.7059,16,train,False,-1.4971,-2.5062,8.6177,-1.6088,40.1122,-2.4629,-0.4084,-1.6521,864.2304,-2.5938,7.3199,-1.5212,91.2878,tracknet
234,100,124.7799,7,train,False,-0.3821,2.7265,5.2283,-1.1717,142.9298,3.4793,4.8804,-0.6357,71.3561,3.7383,5.1895,-0.3767,97.6059,tracknet
36,100,124.8301,20,train,False,-1.6139,-1.8299,-6.0485,-2.2851,424.2485,-1.4054,-11.1633,-0.7217,89.2315,-1.4407,-8.8201,-2.6743,145.1106,tracknet
338,100,124.9067,12,train,False,-2.2033,1.3465,-0.9163,-2.7685,518.5333,2.2257,-8.9818,-1.8893,292.7976,2.0369,-8.2428,-2.0781,217.5753,tracknet
377,100,124.9231,10,test,False,-0.6598,2.8836,4.7004,-1.2314,70.6403,2.3433,4.4765,-1.7717,112.8236,3.3008,4.5198,-0.8142,28.0722,tracknet
367,100,124.9431,16,test,False,-3.6005,-0.0137,-1.2881,-4.1013,452.4815,-0.3596,-4.1597,-3.7554,163.2789,-0.5513,-7.2758,-3.5637,149.1154,tracknet
434,100,125.0133,16,test,False,-1.7066,-2.0608,8.525,-2.0542,39.0776,-1.9063,8.3484,-2.2087,50.2131,-2.3079,8.0483,-1.8071,31.469,tracknet
428,100,125.0697,21,test,False,-1.1186,2.6619,-3.3373,-1.4531,424.8693,3.3467,-15.2146,3.3296,764.9807,3.0833,-6.9193,-1.0317,65.9284,tracknet
299,100,125.1108,20,train,False,-0.4202,-3.4163,-4.7835,-0.6987,459.2936,-3.5728,-6.8045,-0.5422,256.6403,-3.6227,-8.2976,-0.4923,107.2776,tracknet
270,100,125.1131,12,train,False,-0.8438,-3.6168,-1.5505,-0.4982,599.8806,-2.7105,-14.7291,2.8441,721.1647,-2.8911,-9.0864,-1.2239,159.3051,tracknet
390,100,125.4153,14,test,False,-2.1859,-0.9988,-1.6283,-3.1162,510.3371,-0.7485,-0.2731,-3.3665,648.1447,-2.005,-8.8182,-2.11,217.338,tracknet
80,100,125.4902,19,test,False,-3.8085,-0.1676,6.6201,-3.9474,30.9659,-0.1916,6.7441,-3.9234,19.116,-0.3381,6.8447,-3.7769,6.0996,tracknet
112,100,125.601,17,train,False,-2.1298,-1.4528,-2.9414,-2.6622,472.4142,-0.4345,4.0323,-3.6805,1177.0348,-1.9721,-6.3866,-2.1429,124.8892,tracknet
29,100,125.6256,4,train,False,-3.9894,0.0586,5.3464,-4.0564,157.4949,-0.2965,2.9287,-3.8185,87.0533,-0.917,1.2349,-3.198,266.743,tracknet
395,100,125.7705,21,test,False,-1.3242,2.2858,6.6858,-1.8292,52.0259,3.1115,6.398,-1.0035,35.9615,3.0833,6.2144,-1.0317,45.3356,tracknet
402,100,126.183,19,test,False,-2.6479,1.6543,5.4259,-2.4607,19.8422,1.7193,5.1937,-2.3957,30.2154,1.1353,6.7089,-2.9797,138.9017,tracknet
247,100,126.2745,8,train,False,-0.4054,-2.8036,5.6877,-0.7123,137.3752,-3.5749,4.5315,-0.5401,18.2791,-3.6166,5.8664,-0.4984,121.4935,tracknet
32,100,126.3927,4,train,False,-3.3809,-0.5711,4.3016,-3.5439,897.8051,-0.9844,-6.2762,-3.1306,162.0729,-1.1377,-6.1805,-2.9773,155.8698,tracknet
297,100,126.5272,20,train,False,-1.599,-2.0598,-3.8267,-2.0552,505.7387,-1.987,-3.0967,-2.128,579.0956,-2.5149,-8.2452,-1.6001,61.8264,tracknet
358,100,126.5786,28,test,False,-2.2134,-2.0061,-0.3238,-2.1089,462.224,-1.7887,-7.2019,-2.3263,225.9872,-1.7864,-7.1064,-2.3286,216.458,tracknet
414,100,126.7382,17,test,False,-2.44,-1.4881,-2.8111,-2.6269,436.1747,-1.7576,-11.088,-0.797,391.9987,-1.644,-8.4488,-2.471,128.0302,tracknet
171,100,126.8148,25,train,True,0.314,-4.5703,1.9922,0.4553,216.9862,-4.7943,9.4026,0.6793,958.2699,-4.0328,-0.3175,-0.0822,42.1735,tracknet
379,100,126.9272,7,test,False,-0.451,0.1858,4.053,-0.1858,50.7195,0.0497,3.5465,-0.0497,102.1038,0.4089,4.8448,-0.4089,36.1952,tracknet
10,100,127.2357,7,train,False,-1.368,-0.7576,4.4667,-0.7576,103.3842,-1.1205,3.4054,-1.1205,33.5722,-1.0963,4.7166,-1.0963,111.7848,tracknet
4,100,127.2515,14,train,False,-0.2068,3.5723,-2.5444,-0.5427,530.6485,3.9783,-7.2722,-0.1367,57.2432,3.7048,-7.3753,-0.4102,50.756,tracknet
418,100,127.441,13,test,False,-1.57,1.7117,-1.6039,-2.4033,368.7456,5.0647,-21.0995,9.2145,1610.1985,3.924,-7.7079,-0.191,286.5559,tracknet
76,100,127.4932,28,test,True,0.2631,-4.3605,0.0422,0.2455,111.6075,-4.3388,-0.4193,0.2238,65.5677,-4.2899,2.5088,0.1749,358.3645,tracknet
416,100,127.6834,15,test,False,-3.9656,0.4562,-2.0516,-3.6588,424.9563,0.0009,-4.8751,-4.1141,139.0825,-0.2622,-7.3559,-3.8528,110.3866,tracknet
37,100,128.0368,15,train,False,-1.8628,1.8517,7.2423,-2.2633,54.4524,2.0575,6.6411,-2.0575,30.3097,2.1624,6.9863,-1.9526,14.4201,tracknet
423,100,128.264,17,test,False,-3.0515,-1.5241,-1.8677,-2.5909,448.6915,-1.3872,-3.8854,-2.7278,246.6836,-1.0237,-7.4411,-3.0913,111.0884,tracknet
396,100,128.2665,21,test,False,-3.8379,0.0785,-3.2824,-4.0365,391.9965,1.7229,6.8387,-2.3921,1416.6771,-0.0632,-6.2421,-4.0518,96.8051,tracknet
343,100,128.3768,33,train,False,-0.0242,-3.8249,14.0059,2.1209,260.7428,-3.9441,11.2917,-0.1709,18.9835,-3.7718,8.8979,-0.3432,253.4409,tracknet
242,100,128.3908,6,train,False,-0.4477,2.5514,4.841,-1.559,114.5756,3.5085,4.6963,-0.6065,19.6104,3.6529,4.9902,-0.4621,40.9118,tracknet
437,100,128.4429,7,test,True,0.0217,0.3881,4.6196,0.3881,104.7566,0.0494,5.5112,0.0494,9.3978,0.0031,5.6027,0.0031,1.8717,tracknet
443,100,128.5086,17,test,False,-0.2851,-3.0293,8.0606,-1.0857,87.7643,-3.9403,8.3496,-0.1747,13.1075,-3.7555,7.607,-0.3595,81.6556,tracknet
378,100,128.5398,15,test,False,-0.6224,-2.4222,-3.6178,-1.6928,501.0961,-2.2622,-2.9475,-1.8528,569.9964,-2.9979,-6.5639,-1.1171,201.0954,tracknet
260,100,128.6166,31,train,False,-3.9489,-0.453,-3.6291,-3.662,417.0239,0.6349,-11.7718,-0.1132,404.5973,0.7076,-8.4809,-3.4041,90.716,tracknet
261,100,128.6486,13,train,False,-1.6415,-2.1171,7.808,-1.9979,77.8489,-2.3462,7.6399,-1.7688,53.9306,-2.3761,7.4549,-1.7389,35.2748,tracknet
72,100,128.7805,15,test,False,-3.0509,1.2611,6.0775,-2.8539,65.1699,1.4088,5.2562,-2.7062,148.315,0.9787,6.2627,-3.1363,44.4317,tracknet
318,100,128.9017,5,train,False,-0.5906,0.2067,5.0185,-0.2067,81.24,0.5479,5.1375,-0.5479,59.8534,0.8142,5.5164,-0.8142,31.2303,tracknet
331,100,129.1386,12,train,False,-0.9293,-3.0664,5.0825,-1.0486,18.5719,-3.0591,5.3104,-1.0559,39.12,-3.2332,5.474,-0.8818,53.5856,tracknet
108,100,129.271,26,train,False,-2.2486,-1.6245,-4.1255,-2.4905,322.9101,-0.7403,4.742,-3.3747,1213.9895,-1.7786,-6.5558,-2.3364,79.4611,tracknet
286,100,129.2973,17,train,False,-3.2782,0.4733,7.1841,-3.6417,36.3551,0.2372,7.0451,-3.8778,61.3874,0.8449,7.0829,-3.2701,9.449,tracknet
185,100,129.3665,28,train,False,-1.1413,-3.1019,3.8769,-1.0131,154.7021,-3.1701,4.762,-0.9449,243.4683,-2.9387,3.9084,-1.1763,157.3524,tracknet
339,100,129.4085,17,train,False,-1.3909,3.1836,7.3978,-0.9314,90.1803,2.8017,5.9081,-1.3133,71.8022,2.748,7.3757,-1.367,75.4201,tracknet
35,100,129.4631,12,train,False,-2.3911,-0.9855,5.8427,-3.1295,77.9951,0.3753,4.2998,-3.7397,246.4773,-1.7182,5.7932,-2.3968,20.1826,tracknet
284,100,129.505,18,train,False,-2.5217,1.0504,7.7888,-3.0646,55.0033,1.3824,7.9557,-2.7326,33.0774,1.6703,7.4835,-2.4447,23.0603,tracknet
6,100,129.6812,13,train,False,-0.3611,3.6046,-5.9511,-0.5104,370.8176,3.402,-0.8243,-0.713,883.8996,3.5223,-6.8383,-0.5927,282.7518,tracknet
411,100,129.8551,27,test,False,-1.9606,-2.2134,4.5389,-1.9016,101.7831,-2.061,3.3754,-2.054,17.4501,-2.0985,3.7924,-2.0165,27.5289,tracknet
179,100,129.9429,7,train,False,-1.046,-0.5602,3.8718,-0.5602,86.2472,-1.7722,2.6353,-1.7722,207.9965,-1.6417,4.6125,-1.6417,59.6347,tracknet
296,100,130.094,24,train,False,-1.3433,2.4992,11.728,-0.157,145.3071,3.0426,8.538,-1.0724,178.3418,2.9021,9.3649,-1.2129,94.4872,tracknet
263,100,130.3744,13,train,False,-1.3515,-2.6062,8.094,-1.5088,40.6659,-2.738,6.8496,-1.377,86.9784,-2.8484,7.6164,-1.2666,13.3159,tracknet
354,100,130.4165,31,train,True,0.988,5.0082,-2.0943,0.8932,388.1074,5.0449,-12.0659,0.9299,609.2012,4.1185,-7.9653,0.0035,222.1215,tracknet
363,100,130.4889,19,test,False,-2.9275,-1.4497,-2.0459,-2.6653,453.2154,-0.982,-9.0726,-2.8124,251.0557,-1.0546,-8.018,-3.0604,145.3618,tracknet
372,100,130.5987,11,test,False,-1.1168,-1.4273,5.959,-0.441,80.3575,-1.9728,3.0371,-1.9728,224.8892,-1.812,5.4928,-0.9072,21.5495,tracknet
114,100,130.6289,17,train,False,-1.8331,-1.839,-3.9212,-2.276,489.5678,-1.3656,0.2543,-2.7494,909.7394,-2.1233,-7.9914,-1.9917,82.0836,tracknet
438,100,130.7865,11,test,False,-1.5626,0.9956,1.2671,1.2671,586.6198,2.9031,-26.2079,19.8079,2167.7734,2.119,-7.1384,0.7384,262.6406,tracknet
111,100,130.9955,11,train,False,-1.3446,1.8882,5.5357,-0.8643,54.4223,1.2787,4.9762,-1.2787,86.899,1.9962,5.6835,-0.7165,64.5274,tracknet
237,100,131.0161,6,train,False,-0.3174,2.7514,5.5167,-0.8833,118.9907,3.4231,5.2634,-0.6919,48.8388,3.7271,5.7192,-0.3879,77.254,tracknet
56,100,131.2418,23,test,False,-2.0455,-2.1989,-4.212,-1.9161,357.5289,-2.1925,-3.443,-1.9225,434.3739,-1.9533,-7.7587,-2.1617,11.9157,tracknet
310,100,131.4548,6,train,False,-0.751,1.6052,4.4011,-1.6052,166.3254,2.4765,5.4257,-0.9743,31.9454,3.0549,5.1571,-1.0601,60.3741,tracknet
97,100,131.6078,15,train,False,-1.6004,-1.8589,8.4244,-2.2561,65.5913,-2.3734,8.1746,-1.7416,27.2301,-2.7166,8.0575,-1.3984,40.4109,tracknet
127,100,131.6379,16,train,False,-1.4451,-2.5634,0.2933,-1.5516,389.3638,-2.5208,-20.1381,8.2531,1653.9886,-2.7005,-8.2189,-1.4145,462.0055,tracknet
413,100,131.8919,9,test,False,-0.3932,0.2927,4.9212,-0.2927,109.3258,0.974,5.1656,-0.974,100.65,0.7856,5.2612,-0.7856,82.9814,tracknet
136,100,131.8974,20,train,False,-2.207,2.1739,9.9971,-1.8879,57.2292,1.9359,8.3162,-2.1791,117.4393,1.5834,9.1973,-2.5316,43.7319,tracknet
68,100,131.9298,27,test,False,-2.4544,-1.2527,-6.9554,-2.8623,247.7908,-1.7906,3.732,-2.3244,1317.8855,-1.2165,-7.5227,-2.8985,190.9565,tracknet
49,100,131.9298,19,test,False,-1.9144,-2.1538,7.9421,-1.9612,22.2852,-2.1409,7.9879,-1.9741,18.2145,-2.0541,7.6948,-2.0609,48.7684,tracknet
39,100,132.1437,15,train,False,-2.091,1.4928,7.2479,-2.6222,63.5917,1.8897,7.069,-2.2253,21.717,2.1865,6.6923,-1.9285,26.2455,tracknet
360,100,132.1692,19,test,False,-1.4209,-2.5307,-2.7915,-1.5843,493.7824,-2.6956,-6.0166,-1.4194,170.9999,-2.7424,-7.4823,-1.3726,24.9048,tracknet
369,100,132.2864,16,test,False,-1.4469,2.1715,-4.5479,-1.9435,512.3637,2.5825,-8.6507,-1.5325,100.0362,2.5985,-7.5226,-1.5165,212.5925,tracknet
75,100,132.6038,10,test,False,-3.7093,-0.7909,5.2809,-3.3241,417.1284,-0.7306,5.033,-3.3844,391.6455,0.5971,-6.4181,-3.5179,770.5471,tracknet
348,100,132.6565,11,train,False,-1.8374,-2.0971,-2.865,-2.0179,607.7621,-2.2557,-32.6219,20.7369,2368.193,-2.1919,-7.5657,-1.9231,137.691,tracknet
398,100,132.8579,10,test,False,-0.6297,2.8046,5.5877,-0.8123,68.2504,2.822,5.6148,-0.7852,66.3658,3.1348,5.5139,-0.8861,37.124,tracknet
170,100,132.906,14,train,False,-1.2598,2.2377,8.245,-1.8773,62.2202,2.9153,8.5297,-1.1997,36.5854,2.4275,8.5988,-1.6875,60.6444,tracknet
383,100,133.0598,18,test,False,-2.0572,-1.2763,10.0154,-1.8696,121.2828,-1.6383,9.6527,-2.2323,70.3493,-1.8319,8.919,-2.2831,28.2163,tracknet
167,100,133.1031,17,train,False,-1.8061,2.4855,-3.1338,-1.6295,383.4398,1.7078,-20.7095,8.8245,1375.854,1.8932,-10.3199,-1.5651,338.1431,tracknet
51,100,133.2135,30,test,False,-0.8455,-3.1609,8.4663,-0.9541,83.7104,-0.5127,-1.0773,-3.6023,913.9264,-2.9704,7.5902,-1.1446,30.2566,tracknet
104,100,133.3011,5,train,False,-0.3456,-2.384,4.0348,-1.731,182.2584,-6.9386,4.9576,2.8236,317.9965,-4.9464,4.7596,0.8314,126.3484,tracknet
65,100,133.3333,22,test,False,-3.0207,-1.3253,6.2627,-2.7897,29.6177,-1.2252,6.199,-2.8898,28.1399,-1.0912,6.2386,-3.0238,20.9526,tracknet
45,100,133.3333,26,train,False,-2.3769,1.6711,9.7473,-2.1377,72.9503,1.5514,10.2175,-1.6675,121.1041,1.6776,9.4851,-2.3999,46.809,tracknet
240,100,133.3333,36,train,False,-2.5348,-0.2447,12.1346,0.2496,279.0089,-0.1954,8.5396,-3.3454,82.0693,-0.0366,10.4602,-1.4248,111.0466,tracknet
264,100,133.4843,6,train,False,-0.9719,0.3936,5.8934,-0.3936,95.6423,0.9211,5.7196,-0.6804,42.4229,1.7685,5.9784,-0.4216,77.043,tracknet
94,100,133.5393,12,train,False,-2.6323,0.3987,-1.8429,-3.7163,416.0611,3.013,-13.2448,1.3598,754.1885,2.2854,-6.2668,-1.8296,89.9939,tracknet
349,100,133.6228,6,train,False,-0.5773,-2.4164,5.4718,-0.9282,112.2081,-3.5291,4.995,-0.5859,43.3488,-3.4098,5.3688,-0.7052,14.1004,tracknet
71,100,133.7721,21,test,False,-0.7569,-3.0611,-4.2486,-1.0539,384.1188,-3.3032,-7.6376,-0.8118,44.4091,-3.271,-7.8582,-0.844,23.6705,tracknet
11,100,134.1313,29,train,False,-1.5572,-0.6033,-6.3649,-3.5117,396.9483,-1.0467,1.2043,-3.0683,1155.1643,-0.4513,-7.4444,-3.6637,288.4403,tracknet
370,100,134.3448,16,test,False,-2.303,2.1168,6.121,-1.9982,31.6498,2.2647,5.8277,-1.8503,49.8299,1.704,5.6647,-2.411,38.6632,tracknet
24,100,134.4782,6,train,False,-0.5836,2.0273,5.1193,-1.2807,101.8407,2.1333,5.1642,-1.2358,91.1247,2.5767,5.4623,-0.9377,40.3285,tracknet
148,100,134.4893,22,train,False,-2.4449,2.0523,9.997,-1.888,93.7871,2.0763,10.1808,-1.7042,111.6803,1.7748,8.7274,-2.3402,42.6122,tracknet
321,100,134.5248,22,train,False,-2.1856,-2.335,-3.1101,-1.78,546.7394,-1.643,-13.8242,1.9392,526.9521,-2.05,-8.045,-2.065,53.1376,tracknet
250,100,134.5324,20,train,False,-2.8849,0.9377,8.3077,-3.1773,198.8315,1.0356,8.1289,-3.0794,179.8427,1.1735,8.2209,-2.9415,188.0691,tracknet
124,100,134.8843,27,train,False,-3.7463,0.5933,5.9816,-3.5217,47.6896,0.5548,5.9155,-3.5602,40.043,0.0422,6.6255,-4.0728,111.3546,tracknet
440,100,134.902,19,test,False,-2.2635,-2.1663,-1.0768,-1.9487,406.8966,-1.8362,-4.168,-2.2788,96.5685,-1.612,-7.2307,-2.503,211.0833,tracknet
78,100,135.1598,20,test,False,-2.6022,1.7951,5.9305,-2.3199,32.7777,3.0899,0.3944,-1.0251,559.6388,1.5206,5.5826,-2.5944,18.1537,tracknet
87,100,135.1724,23,test,False,-1.6365,-2.6212,1.0135,-1.4938,108.6253,-3.4727,0.8524,-0.6423,135.1699,-1.9795,3.5961,-2.1355,369.3237,tracknet
356,100,135.3366,9,test,False,-0.3354,2.8748,1.8769,1.8769,791.2797,4.7232,-15.7641,9.3641,982.544,3.7808,-5.1637,-0.3342,82.0354,tracknet
55,100,135.5556,27,test,False,-2.4284,-1.2944,9.4804,-2.4046,69.901,-1.2719,9.3609,-2.5241,61.8734,-1.4743,8.761,-2.6407,25.4695,tracknet
323,100,135.6231,11,train,False,-0.2922,-2.9986,-1.4207,-1.1164,574.7669,-3.0106,-1.3954,-1.1044,577.0955,-3.7661,-8.3569,-0.3489,124.9234,tracknet
387,100,135.641,16,test,False,-0.6988,3.6062,7.7141,-0.5088,74.5274,3.9231,5.6589,-0.1919,282.1757,3.2455,7.0486,-0.8695,139.6662,tracknet
278,100,135.698,19,train,False,-1.7017,2.2042,9.9855,-1.8995,122.1231,2.3541,8.9764,-1.7609,20.2857,2.4367,8.825,-1.6783,4.8646,tracknet
98,100,135.7192,17,train,False,-2.0548,1.2622,-0.4206,-2.8528,509.9252,1.6247,-2.6628,-2.4903,282.7953,1.8055,-4.7292,-2.3095,77.116,tracknet
135,100,135.7265,19,train,False,-1.3883,2.6682,-7.9829,-1.4468,55.2327,2.6795,-6.1992,-1.4355,233.3392,2.0205,-8.7424,-2.0945,73.6818,tracknet
115,100,135.7669,14,train,False,-2.091,1.3172,6.4304,-2.7978,75.6905,0.4002,4.7239,-3.7148,255.8571,2.156,6.6173,-1.959,15.639,tracknet
365,100,136.1163,18,test,False,-2.7103,-1.0583,-3.4257,-3.0567,487.6951,-1.4866,-8.8688,-2.6284,58.4286,-1.5273,-8.2853,-2.5877,12.2711,tracknet
25,100,136.2159,25,train,False,-3.0333,-0.7666,-4.0599,-3.3484,382.734,-0.0345,2.0858,-4.0805,1001.4971,-1.0962,-6.8095,-3.0188,106.4821,tracknet
109,100,136.2735,15,train,False,-0.7279,-3.3309,8.1401,-0.7841,55.5718,-3.3142,8.4805,-0.8008,22.4602,-3.254,7.6201,-0.861,108.1093,tracknet
275,100,136.2963,15,train,False,-0.06,4.3155,9.0222,0.2005,85.6509,4.1239,8.5982,0.0089,39.7968,3.9763,8.9874,-0.1387,78.5131,tracknet
289,100,136.331,7,train,True,0.3356,0.1827,5.2295,-0.1827,156.851,0.0845,4.9024,-0.0845,191.0081,0.519,6.126,-0.274,61.8014,tracknet
271,100,136.4907,8,train,False,-0.9196,0.6919,5.6609,-0.6919,51.26,0.8783,5.758,-0.642,55.7889,1.0525,5.8599,-0.5401,67.1526,tracknet
309,100,136.5608,8,train,False,-2.2092,-1.9098,2.179,-2.2052,203.352,-1.8657,3.432,-2.2493,328.6735,-1.9472,-1.5226,-2.1678,166.8673,tracknet
142,100,136.5945,18,train,False,-1.0698,-3.124,10.5192,-0.991,35.2115,-3.2154,9.7722,-0.8996,108.0505,-2.841,10.1756,-1.274,64.6247,tracknet
306,100,136.5967,19,train,False,-0.4536,3.137,1.4551,-0.978,476.3049,4.1273,-12.6802,0.7952,941.278,3.9685,-8.3954,-0.1465,512.5638,tracknet
262,100,136.7761,40,train,False,-2.9389,-1.57,-1.0376,-2.545,355.5425,-4.7609,18.6594,6.7744,2350.5514,-1.7842,-4.1407,-2.3308,74.5021,tracknet
7,100,136.8306,8,train,False,-0.1999,0.2534,4.9763,0.2534,69.8225,0.152,4.1627,0.152,45.128,0.2526,5.1885,0.2526,87.019,tracknet
103,100,136.9297,6,train,True,0.124,0.6049,4.3205,0.6049,124.2285,0.2875,4.8553,0.2875,63.211,0.1433,4.8982,0.1433,56.8013,tracknet
147,100,137.0136,13,train,False,-1.0175,2.4665,-2.7543,-1.6485,541.0849,2.9583,-6.8035,-1.1567,133.2032,2.8663,-7.416,-1.2487,74.8787,tracknet
330,100,137.2597,16,train,False,-3.6771,0.0883,-2.1251,-4.0267,540.8015,0.4774,1.6336,-3.6376,918.678,-0.411,-7.5319,-3.704,3.6381,tracknet
420,100,137.3041,32,test,False,-3.8904,-0.0703,-3.142,-4.0447,380.839,-0.1766,-9.4547,-2.4303,250.7992,-0.11,-7.3267,-4.005,39.6417,tracknet
27,100,137.315,6,train,False,-0.4833,0.1412,4.2099,-0.1412,70.6189,0.7054,4.8823,-0.7054,22.8731,1.0331,4.9158,-1.0331,55.682,tracknet
79,100,137.4671,18,test,False,-3.3649,0.8464,-1.4049,-3.2686,384.7723,0.8819,0.8121,-3.2331,606.4935,0.7734,-6.9416,-3.3416,169.0322,tracknet
117,100,137.5599,22,train,False,-2.8546,0.3173,10.0026,-1.8824,106.121,0.1391,10.2039,-1.6811,131.9715,0.7215,9.4518,-2.4332,42.1877,tracknet
15,100,137.586,19,train,False,-1.9423,1.6677,10.3967,-1.4883,108.6365,2.0537,10.008,-1.877,58.5321,2.2468,9.6793,-1.8682,25.5352,tracknet
347,100,137.6499,28,train,False,-3.4437,-0.5016,11.5057,-0.3793,505.7979,-0.4163,4.0061,-3.6987,245.772,-0.6418,9.9815,-1.9035,353.1111,tracknet
66,100,137.7809,14,test,False,-2.2017,1.5983,-2.7155,-2.5167,446.9505,1.6369,-3.2856,-2.4781,389.8124,1.8137,-7.4867,-2.3013,32.8352,tracknet
129,100,137.8899,21,train,False,-1.2323,-3.1531,3.6904,-0.9619,120.5053,-2.4689,-0.186,-1.6461,273.3519,-2.6399,4.9596,-1.4751,245.5553,tracknet
138,100,137.9332,20,train,False,-1.3735,2.1132,10.5237,-1.3613,30.1419,2.2189,10.4282,-1.4568,21.2501,2.3122,9.8093,-1.8028,70.9625,tracknet
375,100,138.1847,10,test,False,-1.2555,2.236,4.7428,-1.6572,69.4257,2.3688,4.8351,-1.5649,63.16,2.6098,4.764,-1.5052,41.1123,tracknet
33,100,138.4189,15,train,False,-2.366,-1.8496,7.7317,-2.2654,23.9612,-1.8791,7.8795,-2.2359,38.7727,-1.7094,7.5975,-2.4056,9.225,tracknet
149,100,138.4549,15,train,False,-1.0949,-2.4124,-4.9556,-1.7026,570.0276,-3.8677,-25.2975,13.4125,1469.8527,-3.2638,-9.3305,-0.8512,131.5651,tracknet
9,100,138.4615,19,train,False,-0.0442,-4.1492,11.5056,0.0342,80.7732,-4.0411,11.7311,-0.0739,102.9842,-3.8444,10.646,-0.2706,23.3076,tracknet
268,100,138.6112,8,train,False,-0.8198,2.1888,4.2474,4.2474,908.9417,4.2321,-15.7359,9.3359,1100.1488,3.7238,-5.6626,-0.3912,98.6195,tracknet
113,100,138.6667,20,train,False,-1.2468,1.7744,11.2432,-0.6418,76.4805,1.5859,11.3583,-0.5267,97.4292,1.8779,10.544,-1.341,37.6248,tracknet
257,100,138.7637,21,train,False,-2.4163,2.0853,5.8162,-2.0297,137.4288,2.014,5.9655,-2.101,150.1545,1.8463,5.9298,-2.2687,144.0026,tracknet
415,100,138.8864,14,test,False,-1.5115,1.8625,5.7365,-2.2525,101.7649,1.9711,5.8586,-2.1439,85.5007,2.3456,5.9515,-1.7694,54.7093,tracknet
432,100,138.8889,9,test,False,-0.1622,-2.8729,5.2176,-1.1824,130.0212,-4.7677,5.4247,0.6527,96.5043,-4.0164,5.3388,-0.0986,60.6222,tracknet
436,100,138.9421,16,test,False,-0.8772,3.302,10.6989,-0.813,43.9343,3.3823,10.7595,-0.7327,46.4502,2.8815,10.1199,-1.2335,89.4481,tracknet
259,100,138.9882,9,train,False,-0.6235,-2.5271,5.8973,-0.5027,137.7096,-4.1363,3.119,0.0213,190.7482,-3.8842,5.4076,-0.2308,63.0588,tracknet
351,100,138.9897,29,train,False,-0.4182,3.66,1.9759,-0.455,463.5126,3.6787,-3.2814,-0.4363,62.2614,3.6494,-7.317,-0.4656,465.8183,tracknet
374,100,139.0769,34,test,False,-1.651,1.8725,11.8879,0.0029,166.7319,1.9832,10.2593,-1.6257,10.4034,1.9311,9.5935,-2.1839,65.8594,tracknet
232,100,139.1291,21,train,False,-1.9816,2.8216,-0.2808,-1.2934,461.7683,2.9368,0.2828,-1.1782,519.2215,1.2829,-6.6995,-2.8321,203.8419,tracknet
422,100,139.1753,7,test,False,-1.3157,-0.9256,3.9181,-0.9256,144.3216,-1.0435,3.9716,-1.0435,133.2018,-1.2777,4.7753,-1.2777,58.6155,tracknet
325,100,139.2221,9,train,False,-0.825,2.7522,6.3033,-0.0967,119.6281,2.7171,6.4046,0.0046,130.2593,3.1393,6.4124,0.0124,118.732,tracknet
435,100,139.2475,11,test,False,-1.4621,1.3782,0.6463,0.6463,563.4911,5.4417,-55.0552,48.6552,5022.6444,3.3358,-8.1246,1.7246,340.6448,tracknet
272,100,139.2665,22,train,False,-2.3359,-1.6966,-0.3859,-2.4184,584.852,-1.7916,-12.0955,0.2105,586.1673,-1.8972,-8.8915,-2.2178,266.0297,tracknet
425,100,139.3258,9,test,False,-0.3307,3.2555,4.4365,-0.8595,55.871,2.5396,3.2544,-1.5754,184.5372,3.5756,4.9862,-0.5394,42.4321,tracknet
119,100,139.3569,20,train,False,-1.917,1.4679,9.1449,-2.6471,74.2006,1.829,9.1089,-2.286,38.1238,2.0837,8.9143,-2.0313,15.1075,tracknet
401,100,139.5686,14,test,False,-1.5433,2.6028,-1.1672,-1.5122,569.304,2.3087,-12.1976,0.3126,534.3898,2.3523,-8.8695,-1.7627,202.1282,tracknet
408,100,139.599,15,test,False,-3.3908,-0.532,-2.9942,-3.583,476.1245,-0.6516,-4.8893,-3.4634,286.3164,-0.6796,-7.1773,-3.4354,57.6016,tracknet
313,100,139.6239,15,train,False,-0.1455,4.363,10.3307,0.248,68.995,4.6113,9.4965,0.4963,69.5248,3.9363,10.0338,-0.1787,27.1863,tracknet
248,100,139.7206,7,train,False,-0.4042,-2.5491,5.6693,-0.7307,139.8297,-3.3782,4.9313,-0.7368,33.5018,-3.4947,5.8002,-0.5998,93.4569,tracknet
13,100,139.7654,6,train,False,-0.0647,2.3664,4.9583,-1.4417,187.1186,2.4854,4.9985,-1.4015,176.2039,2.9753,5.3302,-1.0698,120.1445,tracknet
254,100,139.7962,21,train,False,-1.6787,-2.1379,10.2448,-1.6402,262.0297,-2.2824,7.6489,-1.8326,15.408,-2.2945,9.9287,-1.8205,229.1573,tracknet
276,100,139.9151,10,train,False,-0.6268,-1.3022,5.4719,-0.9281,77.9879,-3.2644,1.6109,-0.8506,434.3926,-2.666,5.1241,-1.2759,91.474,tracknet
17,150,150.5174,11,train,False,-1.1607,2.2922,5.939,-1.8228,79.6873,2.1719,5.6998,-1.9431,103.8338,2.8284,6.3954,-1.2866,12.6629,tracknet
304,150,150.5341,24,train,False,-1.4216,-2.0082,0.9276,-2.1068,545.8221,-2.362,-1.3629,-1.753,314.2073,-3.1015,-6.8933,-1.0135,244.0222,tracknet
283,150,150.6949,15,train,False,-2.6773,-0.6833,0.6919,-3.4317,610.0277,-1.4662,-5.522,-2.6488,16.2986,-2.0301,-8.6336,-2.0849,332.5281,tracknet
291,150,150.7458,13,train,False,-2.5587,0.9343,5.0009,-3.1807,82.9737,1.88,4.928,-2.235,70.1165,2.0855,4.5217,-2.0295,115.6456,tracknet
327,150,150.8395,14,train,False,-1.969,1.3493,7.5484,-2.7657,82.8004,1.9398,7.5911,-2.1752,33.8141,2.1815,7.6799,-1.9335,35.8639,tracknet
121,150,150.9728,27,train,False,-3.7982,0.4687,8.8129,-3.0721,110.0756,0.3767,8.1601,-3.7249,44.1527,0.447,8.3773,-3.5077,66.7418,tracknet
145,150,150.9983,23,train,False,-2.6996,-1.1519,-9.3871,-2.4979,20.168,-1.1667,-7.8145,-2.9483,137.0984,-0.9716,-8.9973,-2.8877,25.9412,tracknet
14,150,151.1423,18,train,False,-1.1474,-2.1902,-4.1358,-1.9248,521.07,-2.4255,-5.6123,-1.6895,371.5655,-2.9406,-6.7582,-1.1744,253.0187,tracknet
391,150,151.2628,22,test,False,-2.3914,-1.9816,6.4013,-2.1334,25.9961,-2.4117,4.7889,-1.7033,178.2535,-1.4457,6.2172,-2.6693,35.1996,tracknet
316,150,151.339,13,train,False,-3.5523,0.1371,-1.6422,-3.9779,670.1115,0.3004,-3.082,-3.8146,525.5038,0.4728,-8.3919,-3.4931,7.2637,tracknet
400,150,151.6276,35,test,False,-1.6776,1.8887,13.989,2.104,379.7661,2.2096,12.3938,0.5088,218.6621,2.1462,10.2718,-1.6132,11.1572,tracknet
44,150,151.7042,9,train,False,-0.4431,0.0102,4.1086,4.1086,912.7014,0.006,0.2129,0.2129,523.9269,0.0862,-6.2784,-0.0862,131.9428,tracknet
126,150,151.8022,5,train,False,-0.3299,0.0983,3.0177,0.0983,174.2152,-0.8385,3.8732,-0.8385,97.6216,-0.5715,4.6863,-0.5715,24.243,tracknet
46,150,152.0,13,train,False,-0.1583,3.9077,-1.1683,-0.2073,574.5536,4.0242,-4.4507,-0.0908,246.3813,3.8729,-7.5738,-0.2421,66.5446,tracknet
350,150,152.3768,48,train,False,-3.3153,1.1287,10.9459,-0.9391,282.7137,,,,,0.6405,-7.0935,-3.4745,1523.2318,tracknet
99,150,152.447,23,train,False,-2.9155,1.9684,9.6217,-2.1466,109.7318,1.6057,9.4533,-2.4317,73.6644,0.8398,8.3353,-3.2752,61.8798,tracknet
41,150,152.4638,14,train,False,-3.1442,1.304,0.5906,-2.811,558.5498,0.9124,-4.3015,-3.2026,68.592,0.7347,-7.404,-3.3803,243.0543,tracknet
239,150,152.4645,18,train,False,-2.3467,-1.9326,-0.5791,-2.1824,575.2873,-1.5858,-10.2095,-1.6755,388.4106,-1.6754,-8.7696,-2.4396,244.169,tracknet
26,150,152.5156,13,train,False,-0.6816,-3.386,10.6341,-0.729,89.602,-3.3603,11.4603,-0.4247,172.248,-3.1235,10.4266,-0.9915,75.3878,tracknet
357,150,152.5382,5,test,False,-1.324,3.9287,5.461,-0.1863,523.038,0.9609,11.3158,-0.5692,195.8929,0.4707,7.5894,-3.6443,375.6462,tracknet
430,150,152.5912,21,test,False,-3.7645,0.0472,-0.0228,-4.0678,578.7905,0.4052,-6.8416,-3.7098,104.026,0.4597,-3.8856,-3.6553,192.0314,tracknet
315,150,152.6354,21,train,False,-3.5722,0.2249,8.6548,-3.2302,251.8422,-0.2025,7.2389,-3.9125,103.9871,-0.6732,7.6417,-3.4418,139.1516,tracknet
74,150,153.2991,21,test,False,-0.3264,-3.3901,7.2084,-0.7249,45.9083,-3.5355,7.3775,-0.5795,47.081,-3.6034,6.8416,-0.5116,23.1416,tracknet
101,150,153.5213,29,train,False,-1.2854,-2.4039,7.6333,-1.7111,119.4869,-2.8099,6.1504,-1.3051,36.7049,-2.8752,6.9469,-1.2398,43.2446,tracknet
399,150,153.6321,18,test,False,-0.5552,-2.495,-7.619,-1.62,383.3455,-2.2763,-6.3335,-1.8387,513.3891,-2.6874,-8.8003,-1.4276,264.3975,tracknet
116,150,153.9526,24,train,False,-1.7118,-1.9037,-3.825,-2.2113,510.7315,-2.2871,-8.1288,-1.8279,78.7663,-2.391,-8.0133,-1.724,89.4631,tracknet
305,150,154.0414,9,train,False,-0.4799,-4.5402,5.3102,0.4252,120.897,-4.4102,5.6693,0.2952,89.2439,-1.3144,6.7208,-2.8006,239.93,tracknet
393,150,154.3037,16,test,False,-1.8497,2.7311,10.2092,-1.3839,60.5161,2.2494,8.8517,-1.8656,97.1394,2.2011,8.8702,-1.9139,95.4889,tracknet
34,150,154.3276,17,train,False,-1.1122,2.558,-3.2271,-1.557,576.6059,3.03,-9.3459,-1.085,37.0879,2.8886,-7.2159,-1.2264,176.3785,tracknet
28,150,154.4554,10,train,False,-1.7831,2.0238,7.1271,-2.0912,38.516,2.5465,6.7528,-1.5685,64.2253,2.711,6.9409,-1.404,56.3728,tracknet
258,150,154.5991,15,train,False,-0.4556,-3.3078,-5.4191,-0.8072,595.5537,-3.7697,-15.3734,3.4884,401.0694,-3.6156,-9.5329,-0.4994,183.1849,tracknet
366,150,154.6514,27,test,False,-0.6293,2.3222,12.1673,0.2823,96.4845,2.2224,12.2372,0.3522,106.6033,2.3035,10.7478,-1.1372,60.8376,tracknet
156,150,154.6796,23,train,False,-3.435,0.8413,8.613,-3.272,25.6728,0.9587,8.5576,-3.1563,33.3637,0.7431,8.1175,-3.3719,34.7279,tracknet
30,150,154.8627,13,train,False,-1.2258,-2.0076,-4.7122,-2.1074,575.9022,,,,,-3.5031,-7.0969,-0.6119,336.2948,tracknet
301,150,155.1165,12,train,False,-1.1912,3.1564,-1.2877,-0.9586,650.2306,3.1235,-5.235,-0.9915,255.8618,3.0898,-7.8711,-1.0252,18.6573,tracknet
244,150,155.1495,23,train,False,-3.9524,-0.7219,2.4768,-3.3931,672.3625,-0.036,-5.317,-4.079,110.0803,0.4289,-7.8091,-3.6861,363.4039,tracknet
152,150,155.2941,19,train,False,-1.3308,3.037,-5.6803,-1.078,488.8033,2.3529,-14.3726,2.4876,383.1173,2.6373,-9.2225,-1.4777,133.2035,tracknet
59,150,155.4404,20,test,False,-2.9239,0.8538,5.4925,-3.2612,35.3039,0.9915,5.3774,-3.1235,29.6547,1.1205,5.3208,-2.9945,28.4895,tracknet
158,150,155.441,22,train,False,-2.0011,-2.276,9.1868,-1.839,44.5818,-2.1746,9.121,-1.9404,35.4759,-2.0585,8.7325,-2.0565,6.7709,tracknet
105,150,155.7,7,train,False,-0.6922,-2.0343,4.2425,-2.0343,185.507,-2.8867,4.8434,-1.2283,91.0169,-2.7808,4.5606,-1.3342,121.198,tracknet
433,150,155.7051,21,test,False,-3.6753,-0.2931,-2.8889,-3.8219,486.4711,0.1674,-5.6615,-3.9476,205.4807,0.7246,-7.4823,-3.3904,35.7471,tracknet
146,150,155.7736,15,train,False,-2.4457,-1.5894,7.1933,-2.5256,91.4573,-1.5105,7.7336,-2.6045,40.3443,-1.5649,6.9201,-2.5501,118.8866,tracknet
38,150,156.0286,17,train,False,-0.9777,-1.4388,-5.8502,-2.6762,509.6559,-0.8445,-0.2287,-3.2705,1074.8898,-1.5443,-7.8944,-2.5707,305.8775,tracknet
337,150,156.0554,13,train,False,-2.8245,-0.6503,6.594,-3.4647,65.8202,-0.8281,6.5932,-3.2869,48.7309,-1.313,7.0798,-2.802,33.3592,tracknet
427,150,156.1032,14,test,False,-2.1207,-2.4204,7.9465,-1.6946,114.1657,-1.4996,8.7611,-2.6154,55.1886,-0.8575,8.2893,-3.2575,134.3682,tracknet
403,150,156.4766,33,test,True,0.0848,4.0714,-0.3703,-0.0436,370.119,3.9382,-10.714,-0.1768,664.9898,4.0976,-4.8034,-0.0174,74.1251,tracknet
300,150,156.8272,20,train,False,-2.6207,0.6109,9.8769,-2.0081,97.4672,0.7539,9.8493,-2.0357,84.8849,1.5576,9.6318,-2.2532,41.3109,tracknet
95,150,156.8664,21,train,False,-2.0002,-1.1593,10.6395,-1.2455,146.6727,-2.2882,7.0892,-1.8268,244.3632,-2.5336,8.4057,-1.5814,119.6636,tracknet
144,150,157.6393,15,train,False,-2.7679,-0.2104,8.1487,-3.7363,119.7575,-0.8243,8.7674,-3.1176,36.1218,-1.1739,7.8329,-2.9411,130.9974,tracknet
265,150,158.1456,30,train,False,-3.6004,0.8018,-1.3546,-3.3132,541.8141,0.4234,-8.1704,-3.6916,140.8159,0.3694,-7.6959,-3.7456,94.1984,tracknet
233,150,158.226,12,train,False,-1.6688,-1.8713,7.4393,-2.2437,92.0282,-2.3068,7.0145,-1.8082,32.5159,-2.2402,7.3415,-1.8748,65.4095,tracknet
381,150,158.3044,15,test,False,-2.3171,-1.3047,4.5875,-2.8103,49.3326,-1.4184,4.6278,-2.6966,38.2917,-1.5238,4.6078,-2.5912,27.5904,tracknet
287,150,158.3156,15,train,False,-1.3864,-2.209,-0.9621,-1.906,563.0825,-2.9373,-8.7795,-1.1777,222.0428,-2.857,-8.5191,-1.258,195.4354,tracknet
419,150,158.3432,17,test,False,-1.4504,3.4298,10.4954,-0.6852,78.2553,2.4743,9.3288,-1.6407,102.0685,2.129,7.5242,-1.986,285.802,tracknet
290,150,159.6232,21,train,False,-2.5518,-1.3388,-1.7789,-2.7762,543.6594,-1.6018,-7.5355,-2.5132,32.694,-1.631,-8.7855,-2.484,157.6166,tracknet
392,150,159.6333,14,test,False,-1.9107,1.592,0.2342,-2.523,491.5958,3.064,-21.1153,9.2303,1649.4249,2.6063,-8.2364,-1.5087,361.5284,tracknet
22,150,159.7176,7,train,False,-0.7184,3.7624,5.0454,-0.3526,85.1744,3.7575,5.0239,-0.3575,86.9105,3.253,5.9378,-0.862,18.9208,tracknet
20,150,159.786,5,train,False,-0.1575,0.3142,4.7309,0.3142,120.0606,-0.9541,3.3131,-0.9541,264.4613,-0.4697,5.1595,-0.4697,74.4022,tracknet
412,150,160.0,4,test,True,0.2213,2.7819,6.3416,-1.3331,488.9047,1.4141,3.9265,-2.7009,763.2095,2.873,4.6133,-1.242,652.9769,tracknet
118,150,160.0,11,train,False,-1.7037,-1.4538,0.9046,-2.6612,691.3981,-2.0513,-3.5202,-2.0637,244.9107,-2.3409,-8.2166,-1.7741,227.4999,tracknet
281,150,160.0,15,train,False,-1.9268,-1.2691,1.6382,-2.8459,660.0374,-2.9124,-12.167,0.282,730.5108,-3.0456,-9.7029,-1.0694,488.0937,tracknet
61,150,160.0,26,test,False,-1.3072,1.9208,11.7214,-0.1636,117.7872,1.8702,11.677,-0.208,112.3343,1.5247,10.4422,-1.4428,17.715,tracknet
120,150,160.0,13,train,False,-1.6728,2.1681,-4.3118,-1.9469,591.1651,1.7236,-10.6211,-1.2639,41.6628,1.8405,-8.3824,-2.2745,183.0172,tracknet
62,150,160.0,17,test,False,-1.4489,2.7417,-1.2737,-1.3733,515.1122,2.6848,6.5497,-1.4302,1297.4041,2.4633,-7.2033,-1.6517,80.5002,tracknet
23,150,160.0,4,train,False,-0.3041,2.2151,3.9602,-1.8999,195.211,2.7789,4.2761,-1.3361,131.0946,3.2355,4.813,-0.8795,63.6271,tracknet
355,150,160.0,4,train,False,-2.2876,-0.0248,2.2505,-4.0902,975.6872,-0.8946,6.0369,-3.2204,1364.0161,1.2413,-5.8345,-2.8737,160.5225,tracknet
106,150,160.0,17,train,False,-1.8536,1.3251,-2.6579,-2.7899,472.3586,-0.0643,3.6048,-4.0507,1113.8095,1.4853,-6.3014,-2.6297,125.5078,tracknet
2,150,160.0,11,train,False,-1.5397,3.1942,-0.2278,-0.9208,679.3655,3.2417,0.351,-0.8733,737.4378,2.8113,-8.2913,-1.3037,131.9352,tracknet
48,150,160.0,18,test,False,-2.2148,-2.1608,-3.1337,-1.9542,420.2044,-2.4542,1.3058,-1.6608,865.1181,-1.9568,-6.9418,-2.1582,38.9951,tracknet
50,150,160.0,19,test,False,-3.9792,-0.2061,-2.3012,-3.9089,438.0574,0.3343,-11.1077,-0.7773,444.3797,0.4256,-7.906,-3.6894,127.1083,tracknet
123,150,160.0,12,train,False,-1.5048,2.4945,-2.3403,-1.6205,679.7126,2.5185,-2.0101,-1.5965,712.6939,2.4395,-7.193,-1.6755,195.0873,tracknet
344,150,160.0,23,train,False,-1.6082,-3.0367,-2.3479,-1.0783,634.9216,-2.7377,-5.4032,-1.3773,327.9879,-2.3227,-7.5239,-1.7923,116.5677,tracknet
52,150,160.0,20,test,False,-1.2026,-3.3209,-4.0124,-0.7941,461.1649,-3.3296,-3.892,-0.7854,473.2388,-3.0998,-7.4135,-1.0152,120.7073,tracknet
328,150,160.0,16,train,False,-3.235,-0.2001,-0.5817,-3.9149,606.5401,-0.9582,-6.9108,-3.1568,31.1919,-1.1938,-8.8879,-2.9212,230.0584,tracknet
384,150,160.0,16,test,False,-1.443,-2.9025,-1.3593,-1.2125,615.796,-1.2829,-29.8126,17.9276,2234.2915,-1.7097,-8.397,-2.4053,130.6799,tracknet
143,150,160.0,13,train,False,-2.5683,0.7736,-0.3928,-3.3414,638.0386,0.7098,-0.0542,-3.4052,672.4296,1.1459,-6.5634,-2.9691,43.2574,tracknet
54,150,160.0,24,test,False,-1.6769,-2.1148,-1.0478,-2.0002,337.165,-2.2536,-2.9604,-1.8614,145.5302,-2.3697,-6.3562,-1.7453,195.345,tracknet
385,150,160.0,31,test,False,-0.1158,-4.0831,11.7906,-0.0319,73.1137,-4.1198,12.518,0.633,145.8693,-4.0183,10.7001,-0.0967,36.4696,tracknet
326,150,160.0,22,train,False,-2.5522,-0.8151,-1.4799,-3.2999,466.208,0.2664,3.9306,-3.8486,1017.7962,-1.4959,-5.9612,-2.6191,13.7749,tracknet
137,150,160.0,18,train,False,-1.7355,-0.7344,-5.4072,-3.3806,475.294,-0.563,-2.4017,-3.552,776.3296,-0.7829,-7.3262,-3.3321,283.612,tracknet
133,150,160.0,19,train,False,-2.534,1.1622,-3.9352,-2.9528,540.8601,1.2179,-4.6493,-2.8971,469.2373,1.3491,-7.2113,-2.7659,212.8958,tracknet
131,150,160.0,16,train,False,-2.5427,-0.6392,-4.1232,-3.4758,524.6684,-1.4581,-12.3183,0.4333,298.9312,-1.3627,-9.5805,-2.3045,30.2562,tracknet
426,150,160.0,13,test,False,-2.6214,-0.4464,-0.1451,-3.6686,546.4974,-1.624,-5.9365,-2.491,44.7142,-2.2034,-6.2508,-1.9116,102.6876,tracknet
57,150,160.0,21,test,True,0.6349,-4.7822,7.8157,0.6672,22.6346,-4.6977,7.1864,0.5827,40.8681,-4.7718,7.3898,0.6568,20.3137,tracknet
324,150,160.0,4,train,False,-3.7459,-0.1693,5.2987,-3.9457,157.6596,-0.0756,4.6083,-4.0394,227.3326,-0.3976,6.1027,-3.7174,76.0433,tracknet
82,150,160.0,23,test,False,-3.4147,0.4564,6.976,-3.6586,34.9934,0.3649,6.8787,-3.7501,36.894,0.6706,6.7612,-3.4444,4.6712,tracknet
122,150,160.0,12,train,False,-1.6874,-1.9842,-2.12,-2.1308,562.6743,-2.5223,-11.9359,0.0509,420.78,-2.4852,-8.273,-1.6298,54.6785,tracknet
332,150,160.0,15,train,False,-1.2543,-3.3521,-1.1576,-0.7629,647.7803,-2.6528,-11.8569,-0.0281,424.5272,-2.9345,-9.1351,-1.1805,152.0228,tracknet
102,150,160.0,10,train,False,-1.6599,1.1849,-2.1534,-2.9301,604.3042,1.0956,-1.7276,-3.0194,647.8103,1.5752,-6.6931,-2.5398,162.6797,tracknet
90,150,160.0,33,test,False,-2.3957,1.5313,-0.8894,-2.5837,123.0193,1.6992,-2.0667,-2.4158,4.333,1.5863,2.412,-2.5287,451.9067,tracknet
64,150,160.0,17,test,False,-1.6087,-2.4394,-2.8583,-1.6756,493.4906,-2.4079,-2.2253,-1.7071,556.8296,-2.5605,-6.879,-1.5545,91.5327,tracknet
83,150,160.0,19,test,False,-1.3275,-2.4194,-5.2707,-1.6956,500.4407,-2.5683,-7.8589,-1.5467,241.2628,-2.5909,-8.0591,-1.5241,221.1236,tracknet
5,150,160.0,5,train,False,-0.1724,-0.3101,7.0281,7.0281,1248.963,-0.2079,4.4881,4.4881,994.7536,0.1116,-6.0815,-0.1116,63.227,tracknet
336,150,160.0,18,train,False,-2.447,1.4053,-1.7986,-2.7097,640.7845,1.8276,-16.4115,4.5265,821.1989,1.8359,-7.91,-2.2791,33.609,tracknet
77,150,160.0,24,test,False,-2.836,1.3476,1.3268,-2.7674,129.7329,1.1737,1.9065,-2.9413,187.8176,1.2089,4.8513,-2.9061,482.0479,tracknet
84,150,160.0,31,test,True,1.9292,-2.2666,14.6081,2.7231,84.4085,-2.3338,14.7965,2.9115,104.4095,-2.157,11.4254,-0.4596,239.5326,tracknet
85,150,160.0,27,test,False,-0.9979,2.6679,6.3184,-1.4471,125.0838,2.8769,5.1765,-1.2381,24.152,2.9727,5.9606,-1.1423,82.2281,tracknet
86,150,160.0,13,test,False,-1.4289,-1.5781,-2.365,-2.5369,432.7893,-1.7446,-2.9966,-2.3704,367.4694,-2.5534,-7.2543,-1.5616,71.8026,tracknet
334,150,160.0,23,train,False,-2.3721,-1.043,-2.4461,-3.072,437.7091,-1.0418,-2.3042,-3.0732,451.7417,-1.3476,-7.28,-2.7674,64.7719,tracknet
405,150,160.0,16,test,True,0.0119,4.0994,11.2916,-0.0156,66.2021,4.2592,9.7747,0.1442,216.4869,3.7401,10.6119,-0.3749,128.8219,tracknet
404,150,160.0,10,test,False,-1.5406,1.1901,2.4371,2.4371,734.557,4.9979,-49.8772,43.4772,4511.5065,3.0842,-7.4958,1.0958,283.6547,tracknet
368,150,160.0,15,test,False,-2.2766,-1.9246,7.8899,-2.1904,18.1102,-1.8465,8.2315,-2.2685,18.2551,-1.7686,7.9218,-2.3464,14.5204,tracknet
293,150,160.0,15,train,False,-2.0845,-1.2278,-1.7829,-2.8872,600.0529,-1.5772,-4.152,-2.5378,360.6092,-2.1677,-9.0299,-1.9473,130.7605,tracknet
352,150,160.0,13,train,False,-0.7644,3.7338,10.4198,-0.3812,57.915,3.4476,9.899,-0.6674,13.0062,3.2685,8.7803,-0.8465,120.8072,tracknet
311,150,160.0,11,train,False,-3.3884,1.3853,-1.6148,-2.7297,574.0495,1.2754,-2.5523,-2.8396,479.6526,0.6135,-7.5488,-3.5015,25.7599,tracknet
73,150,160.0,35,test,False,-1.9185,0.3102,-6.5389,-3.8048,342.7881,0.4009,10.13,-1.755,2009.6655,0.2876,-5.9567,-3.8274,401.0297,tracknet
417,150,160.0,23,test,False,-1.001,-2.9018,7.2517,-1.2132,38.801,-2.6647,6.4373,-1.4503,66.4498,-2.8849,6.3807,-1.2301,59.2283,tracknet
67,150,160.0,23,test,False,-2.3343,-1.1849,5.9219,-2.9301,61.182,-1.845,4.1905,-2.27,159.3593,-1.9612,5.5283,-2.1538,31.2014,tracknet
314,150,160.0,8,train,False,-2.0402,1.86,0.3036,-2.255,44.986,-0.3986,3.615,-3.7164,445.6089,1.8728,-2.5298,-2.2422,244.6524,tracknet
373,150,160.0,13,test,False,-1.6652,-2.6361,-1.0003,-1.4789,619.1811,-2.4311,-5.0859,-1.6839,210.3476,-2.2592,-7.6422,-1.8558,49.1322,tracknet
96,150,160.0,20,train,False,-1.9982,1.5958,-2.7772,-2.5192,394.0018,-0.2552,8.1504,-3.7346,1502.152,1.7707,-7.1317,-2.3443,56.6975,tracknet
340,150,160.0,14,train,False,-1.5076,-1.9695,-3.7697,-2.1455,623.9135,-1.9981,-3.7395,-2.1169,626.6373,-2.265,-8.4791,-1.85,153.5704,tracknet
371,150,160.1025,20,test,False,-0.3195,3.7106,-3.5171,-0.4044,575.8497,3.8009,-9.3442,-0.3141,6.9383,3.7173,-7.6937,-0.3977,158.3269,tracknet
171,150,160.1481,24,train,True,0.314,-4.6216,2.6812,0.5066,286.0744,-4.8068,9.3312,0.6918,951.1846,-3.7115,0.3494,-0.4035,88.7583,tracknet
322,150,160.3586,18,train,False,-2.3326,1.4039,7.4542,-2.7111,157.8846,1.3876,7.4754,-2.7274,160.3338,1.6334,7.2203,-2.4816,130.7421,tracknet
341,150,160.4065,21,train,False,-1.3064,2.1814,7.8753,-1.9336,127.0864,2.5996,7.1939,-1.5154,47.2671,2.5833,7.4625,-1.5317,72.818,tracknet
231,150,160.7824,15,train,False,-0.4403,3.0978,7.7994,-1.0172,80.479,3.4613,6.6002,-0.6537,67.2721,3.3516,7.4559,-0.7634,38.9548,tracknet
421,150,160.9466,24,test,False,-1.2566,-2.7923,5.6471,-1.3227,109.6309,-2.8159,4.7649,-1.2991,21.6341,-2.855,5.0045,-1.26,45.1747,tracknet
285,150,160.955,20,train,False,-2.1941,-1.4697,-3.1538,-2.6453,622.6246,-1.5619,-4.1106,-2.5531,526.5397,-1.8357,-7.1473,-2.2793,221.8094,tracknet
280,150,161.1273,18,train,False,-2.1414,1.2322,9.1099,-2.7751,94.7418,1.9177,7.9466,-2.1973,57.6164,2.1522,7.919,-1.9628,62.7019,tracknet
303,150,161.1419,6,train,False,-0.8253,1.8293,3.5039,-1.8293,207.3919,5.0053,3.7641,0.8903,210.0758,4.0202,4.2916,-0.0948,100.1275,tracknet
125,150,161.4527,12,train,True,0.0282,3.4434,-2.9549,-0.6716,599.1495,4.954,-20.4587,8.5737,1158.1806,4.282,-7.649,0.167,126.3983,tracknet
269,150,161.4733,34,train,False,-2.1426,-1.2872,15.1968,3.3118,630.3474,-1.8035,9.222,-2.3115,33.6676,-2.1645,10.7762,-1.1088,185.5459,tracknet
43,150,161.6778,6,train,True,0.0533,2.7908,5.3411,5.3411,1134.8246,3.3887,0.1654,0.1654,613.8339,3.5327,-5.6071,-0.5823,70.9926,tracknet
362,150,161.7927,16,test,False,-2.0925,-1.1283,10.0791,-1.8059,131.9352,-0.8507,10.0712,-1.8138,151.6177,-1.3732,9.4572,-2.4278,73.6692,tracknet
8,150,161.8052,28,train,False,-2.0329,-2.1061,-5.3277,-2.0089,452.4567,-2.0081,-8.6628,-2.1069,119.0824,-2.0813,-7.5341,-2.0337,231.8066,tracknet
359,150,162.6517,17,test,False,-3.4241,-1.4651,7.6626,-2.6499,78.4235,-0.9587,7.6793,-3.1563,28.88,-0.2999,7.036,-3.8151,84.6803,tracknet
185,150,162.6998,27,train,False,-1.1413,-3.1514,4.4491,-0.9636,212.1359,-3.2107,5.1317,-0.9043,280.6526,-3.007,4.4059,-1.108,207.0984,tracknet
342,150,162.8478,17,train,False,-0.4173,3.7297,-5.177,-0.3853,629.9703,2.8375,-17.8588,5.9738,641.5338,3.2059,-9.9333,-0.9091,154.6058,tracknet
407,150,162.8647,14,test,False,-2.6312,1.8625,6.9084,-2.2525,75.2189,0.9832,6.9768,-3.1318,76.7341,1.0979,7.1073,-3.0171,59.3563,tracknet
238,150,162.9568,8,train,False,-0.6479,2.2077,6.7495,6.7495,1143.0913,4.1225,-17.2066,10.8066,1261.1873,3.6698,-6.2863,-0.1137,168.6666,tracknet
266,150,163.0425,12,train,False,-2.0629,-1.8174,9.6565,-2.2285,35.0898,-1.8909,9.5647,-2.2241,23.3577,-1.9829,9.582,-2.1321,19.8828,tracknet
140,150,163.1795,27,train,False,-2.4239,1.0386,9.9962,-1.8888,70.9583,1.1918,10.0406,-1.8444,65.8584,1.4012,9.3577,-2.5273,14.6176,tracknet
100,150,163.2635,15,train,False,-1.7548,2.1383,-1.9431,-1.9767,556.073,2.3274,-8.1192,-1.7876,62.0637,2.2855,-7.1762,-1.8295,33.174,tracknet
179,150,163.2762,6,train,False,-1.046,-0.4744,3.8701,-0.4744,91.4821,-1.3183,3.1658,-1.3183,144.4498,-1.5219,5.1669,-1.2331,75.2161,tracknet
249,150,163.4328,7,train,False,-2.1043,-1.6388,5.349,-2.4762,1051.2628,-0.5837,19.1156,7.2306,2431.4559,-2.4652,-5.0162,-1.6498,47.5778,tracknet
12,150,163.434,15,train,False,-0.5685,3.2889,10.856,-0.8261,60.5555,3.5913,10.4597,-0.5237,15.8165,3.6584,10.436,-0.4566,16.9999,tracknet
382,150,163.9738,15,test,False,-1.3616,1.8973,-0.9175,-2.2177,566.2814,3.7904,-17.3505,5.4655,1088.4795,3.2503,-7.8911,-0.8647,146.2869,tracknet
292,150,164.2623,14,train,False,-3.1812,-0.2058,1.4529,-3.9092,609.6129,-1.2548,-8.5732,-2.8602,398.6605,-1.3922,-8.6925,-2.7228,411.8556,tracknet
139,150,164.3349,15,train,False,-1.8619,-1.4378,0.1832,-2.6772,572.7883,-1.5511,-0.4352,-2.5639,509.9747,-2.0578,-7.7273,-2.0572,224.9412,tracknet
429,150,164.4444,12,test,False,-0.7003,-2.1913,6.263,-1.9237,152.4954,-2.4461,6.509,-1.6689,117.4596,-2.9067,6.1699,-1.2083,112.469,tracknet
16,150,164.4444,19,train,False,-3.767,0.1143,-1.0205,-4.0007,586.0846,-0.2674,-5.151,-3.8476,171.3987,-0.3043,-6.9412,-3.8107,8.9442,tracknet
110,150,164.5527,15,train,False,-0.336,-3.9484,-2.9506,-0.1666,663.8207,-3.9976,-2.1441,-0.1174,744.571,-3.7829,-7.0014,-0.3321,258.5206,tracknet
21,150,164.6458,30,train,False,-0.9722,3.1453,-0.4311,-0.9697,587.051,3.195,-1.7528,-0.92,454.9088,3.1807,-6.1306,-0.9343,17.5131,tracknet
376,150,164.6485,10,test,False,-0.5387,-2.0806,-0.2729,-2.0344,690.6399,-1.2722,2.8369,-2.8428,1011.8045,-3.0795,-8.4155,-1.0355,148.5702,tracknet
63,150,164.6944,20,test,False,-0.6152,2.654,-5.8698,-1.461,541.9143,1.9858,0.2399,-2.1292,1156.4384,2.5823,-8.1368,-1.5327,317.6939,tracknet
18,150,164.7059,15,train,False,-1.4971,-2.4599,8.6165,-1.6551,41.5293,-2.4628,-0.5246,-1.6522,875.8405,-2.5486,7.465,-1.5664,77.0571,tracknet
234,150,164.7799,6,train,False,-0.3821,2.2664,5.4713,-0.9287,193.2078,3.5412,4.912,-0.5738,72.441,3.551,5.2696,-0.564,107.1704,tracknet
36,150,164.8301,19,train,False,-1.6139,-2.0045,-4.3405,-2.1105,595.9369,-1.3553,-11.8335,-0.0515,156.3771,-1.5225,-8.4914,-2.5925,178.2668,tracknet
338,150,164.9067,11,train,False,-2.2033,1.1316,0.9617,-2.9834,707.5488,2.287,-9.3151,-1.828,326.6087,1.8947,-8.3311,-2.2203,226.0494,tracknet
377,150,164.9231,9,test,False,-0.6598,2.613,4.5358,-1.502,87.864,2.2747,4.4205,-1.8403,118.8202,3.0784,4.5042,-1.0366,43.5684,tracknet
367,150,164.9431,15,test,False,-3.6005,0.0901,0.2253,-4.0249,604.0736,-0.5187,-5.5404,-3.5963,24.4729,-0.6304,-7.5961,-3.4846,181.4726,tracknet
434,150,165.0133,15,test,False,-1.7066,-1.9094,8.323,-2.2056,49.9553,-1.8741,8.3071,-2.2409,53.5815,-2.1807,8.2426,-1.9343,25.032,tracknet
428,150,165.0697,20,test,False,-1.1186,2.5203,-2.0079,-1.5947,558.5251,3.36,-15.9911,4.1061,842.6156,2.9902,-7.6789,-1.1248,10.6204,tracknet
299,150,165.1108,19,train,False,-0.4202,-3.2824,-3.0838,-0.8326,629.7728,-3.5801,-6.8373,-0.5349,253.3273,-3.7541,-8.7968,-0.3609,57.4202,tracknet
270,150,165.1131,11,train,False,-0.8438,-3.7486,0.5462,-0.3664,809.9609,-2.4677,-17.9778,6.0928,1046.9358,-2.8729,-8.515,-1.2421,105.3823,tracknet
390,150,165.4153,13,test,False,-2.1859,-0.7275,-0.0081,-3.3875,674.5995,-1.4043,-3.2725,-2.7107,341.4213,-1.9765,-8.4014,-2.1385,175.5836,tracknet
80,150,165.4902,18,test,False,-3.8085,-0.1239,6.4451,-3.9911,48.7201,-0.1741,6.7026,-3.9409,23.5106,-0.3121,6.8163,-3.8029,8.0782,tracknet
112,150,165.601,16,train,False,-2.1298,-1.2204,-1.3773,-2.8946,630.4667,-0.3715,4.421,-3.7435,1216.3888,-2.0147,-6.8744,-2.1003,76.1542,tracknet
395,150,165.7705,20,test,False,-1.3242,2.1228,6.5055,-1.9922,67.0326,3.1449,6.329,-0.9701,42.321,3.051,6.0498,-1.064,57.3426,tracknet
402,150,166.183,18,test,False,-2.6479,1.8063,5.424,-2.3087,34.5234,1.7633,5.1122,-2.3517,38.6333,1.285,6.9133,-2.83,156.3847,tracknet
170,150,166.2393,13,train,False,-1.2598,2.2377,8.245,-1.8773,62.2202,3.0979,8.5179,-1.0171,42.5155,2.7664,9.174,-1.3486,100.9086,tracknet
247,150,166.2745,7,train,False,-0.4054,-2.4401,5.9512,-0.4488,181.4304,-3.5604,4.5509,-0.5546,18.1906,-3.4842,5.8908,-0.5092,125.6155,tracknet
167,150,166.4364,16,train,False,-1.8061,2.5229,-1.4617,-1.5921,550.6606,2.3951,-4.474,-1.7199,249.1601,2.4561,-8.4891,-1.6589,153.2046,tracknet
297,150,166.5272,19,train,False,-1.599,-1.9031,-2.2704,-2.2119,662.1445,-2.051,-3.6488,-2.064,523.5342,-2.5744,-7.945,-1.5406,92.0304,tracknet
358,150,166.5786,27,test,False,-2.2134,-2.0389,1.33,-2.0761,627.6319,-1.8037,-6.593,-2.3113,165.1063,-1.8326,-6.8804,-2.2824,193.6801,tracknet
175,150,166.6667,5,train,False,-0.7631,-0.0455,3.585,-0.0455,146.6347,-5.515,-33.5078,33.5078,3866.4715,-3.1522,5.4019,-0.9628,244.8921,tracknet
178,150,166.6667,5,train,False,-2.8652,0.8045,5.5375,-3.3105,212.7276,3.4368,4.7486,-0.6782,487.4792,-0.5184,5.183,-3.5966,116.5081,tracknet
183,150,166.6667,6,train,False,-0.0861,0.3393,3.9977,0.3393,168.3613,-0.2473,3.8441,-0.2473,178.9858,-0.3387,5.2967,-0.3387,41.5583,tracknet
180,150,166.6667,28,train,False,-3.3822,-1.0623,-0.3066,-3.0527,711.1978,-1.0313,-1.3435,-3.0837,607.4793,-0.7358,-6.1557,-3.3792,125.5325,tracknet
182,150,166.6667,22,train,False,-2.5609,1.6018,10.0475,-1.8375,605.2961,0.3226,-11.9589,0.0739,1694.551,-0.9204,-2.1655,-3.1946,707.6344,tracknet
154,150,166.6667,8,train,True,0.186,-0.0533,-4.6722,0.0533,193.5948,,,,,0.7998,-8.126,1.726,163.9075,tracknet
160,150,166.6667,14,train,False,-1.2327,-1.4669,5.967,-2.6481,144.6201,-1.7363,6.1158,-2.3787,122.9612,-2.0909,5.4344,-2.0241,82.5777,tracknet
173,150,166.6667,38,train,False,-3.6372,0.539,-2.8587,-3.576,499.6776,0.5908,3.0956,-3.5242,1095.1286,0.4944,-6.6809,-3.6206,117.4288,tracknet
155,150,166.6667,3,train,False,-3.5978,-0.0726,7.6942,-4.0424,1246.0618,,,,,1.8774,-5.9831,-2.2376,183.4278,tracknet
151,150,166.6667,34,train,False,-0.85,3.0372,5.8579,-1.0778,159.9873,2.9007,4.9106,-1.2143,255.6994,2.8124,5.3505,-1.3026,213.9417,tracknet
161,150,166.6667,31,train,False,-1.8193,1.5053,-2.6997,-2.6097,496.5671,2.0944,-6.9796,-2.0206,65.42,2.1852,-4.3767,-1.9298,322.7217,tracknet
174,150,166.6667,16,train,False,-0.0451,3.564,9.2192,-0.551,74.3149,3.5169,9.2066,-0.5981,78.4899,3.6518,9.0175,-0.4632,85.5314,tracknet
414,150,166.7382,16,test,False,-2.44,-1.4109,-1.3424,-2.7041,583.2473,-1.8706,-15.9104,4.0254,874.3696,-1.6145,-8.4427,-2.5005,127.5262,tracknet
379,150,166.9272,6,test,False,-0.451,0.0376,3.5636,-0.0376,101.0251,0.0546,3.4975,-0.0546,106.4423,0.2843,4.2342,-0.2843,30.1417,tracknet
10,150,167.2357,6,train,False,-1.368,-0.5067,4.4618,-0.5067,119.5791,-0.9506,3.8097,-0.9506,45.3499,-0.9436,4.6266,-0.9436,108.1042,tracknet
4,150,167.2515,13,train,False,-0.2068,3.4106,-0.6625,-0.7044,719.5034,4.0353,-7.7099,-0.0797,18.2098,3.8548,-6.9573,-0.2602,88.4584,tracknet
177,150,167.4074,16,train,False,-0.4077,3.8179,10.6667,-0.2971,57.0948,3.7924,10.9199,-0.3226,81.7761,3.6646,10.2824,-0.4504,18.0928,tracknet
418,150,167.441,12,test,False,-1.57,1.3803,-0.0216,-2.7347,530.3821,5.1516,-21.1261,9.2411,1614.206,3.8088,-6.8688,-0.3062,209.6573,tracknet
76,150,167.4932,27,test,True,0.2631,-4.298,0.1736,0.183,124.9899,-4.3338,-0.5342,0.2188,54.1387,-4.2766,2.7861,0.1616,386.1241,tracknet
181,150,167.6123,3,train,False,-2.5451,-0.6876,8.8405,-3.0445,307.3444,,,,,2.1773,4.9776,-1.9377,187.8274,tracknet
416,150,167.6834,14,test,False,-3.9656,0.7003,-0.3921,-3.4147,592.6884,0.1804,-3.6246,-3.9346,265.3724,-0.1539,-7.2261,-3.9611,96.8318,tracknet
37,150,168.0368,14,train,False,-1.8628,1.6722,7.2451,-2.4428,68.8855,2.0169,6.7267,-2.0981,27.7244,2.1875,7.0098,-1.9275,15.0894,tracknet
423,150,168.264,16,test,False,-3.0515,-1.6616,-0.5156,-2.4534,584.6036,-1.317,-4.844,-2.798,150.8464,-0.9956,-7.0636,-3.1194,73.5829,tracknet
396,150,168.2665,20,test,False,-3.8379,0.1776,-2.4183,-3.9374,478.9573,1.7231,6.8494,-2.3919,1417.7396,-0.2365,-6.4916,-3.8785,69.5811,tracknet
343,150,168.3768,32,train,False,-0.0242,-3.7244,14.8278,2.9428,343.5267,-3.9286,11.32,-0.1864,18.6487,-3.6711,9.6877,-0.4439,177.4746,tracknet
242,150,168.3908,5,train,False,-0.4477,2.0483,5.0693,-1.3307,169.0931,3.8556,4.8958,-0.2594,36.6463,3.6562,5.2801,-0.4588,69.8885,tracknet
437,150,168.4429,6,test,True,0.0217,0.5127,3.9497,0.5127,172.2781,0.1444,5.1702,0.1444,44.7956,0.0953,5.412,0.0953,20.281,tracknet
443,150,168.5086,16,test,False,-0.2851,-2.7765,7.8566,-1.3385,119.4649,-4.0369,8.3724,-0.0781,21.2512,-3.8436,7.4719,-0.2714,94.8368,tracknet
378,150,168.5398,14,test,False,-0.6224,-2.1144,-2.1419,-2.0006,651.856,-2.4793,-3.8356,-1.6357,478.5976,-3.1757,-6.5921,-0.9393,194.6967,tracknet
260,150,168.6166,30,train,False,-3.9489,-0.7016,-2.1998,-3.4134,562.0693,0.6216,-11.7534,-0.1316,402.6207,0.6971,-8.2709,-3.4179,74.1686,tracknet
261,150,168.6486,12,train,False,-1.6415,-1.9618,7.8098,-2.1532,86.2173,-2.3567,7.7396,-1.7583,63.4622,-2.4375,7.4283,-1.6775,31.4516,tracknet
169,150,168.7538,41,train,False,-2.3814,-2.1364,-0.5462,-1.9786,437.2173,-4.0757,19.5228,7.6378,2453.4546,-1.0703,-3.6174,-3.0447,144.3682,tracknet
72,150,168.7805,14,test,False,-3.0509,1.339,5.7376,-2.776,99.9667,1.4239,5.1404,-2.6911,159.9299,1.0007,6.1168,-3.1143,58.5347,tracknet
318,150,168.9017,4,train,False,-0.5906,0.077,4.73,-0.077,112.817,0.7796,5.0531,-0.7796,70.7042,1.0607,5.4386,-0.9614,55.5441,tracknet
331,150,169.1386,11,train,False,-0.9293,-3.0157,4.7933,-1.0993,22.4688,-3.0341,5.3327,-1.0809,42.0705,-3.1958,5.3454,-0.9192,40.5277,tracknet
108,150,169.271,25,train,False,-2.2486,-1.5448,-3.0556,-2.5702,430.1945,-0.6226,5.6183,-3.4924,1302.3433,-1.7364,-6.0316,-2.3786,132.0407,tracknet
286,150,169.2973,16,train,False,-3.2782,0.2863,7.1942,-3.8287,55.0754,0.2298,7.1008,-3.8852,61.1713,0.7776,7.4078,-3.3374,23.8284,tracknet
339,150,169.4085,16,train,False,-1.3909,3.2712,7.719,-0.8438,122.5977,2.8395,6.0806,-1.2755,55.3476,2.8205,7.5263,-1.2945,90.9563,tracknet
35,150,169.4631,11,train,False,-2.3911,-0.6817,5.8381,-3.4333,107.0993,0.562,3.9257,-3.553,282.8503,-1.3886,5.9954,-2.7264,52.4933,tracknet
284,150,169.505,17,train,False,-2.5217,0.9084,7.7967,-3.2066,69.164,1.4038,8.0312,-2.7112,38.09,1.7981,7.2636,-2.3169,48.2847,tracknet
6,150,169.6812,12,train,False,-0.3611,3.5858,-4.7851,-0.5292,487.4067,3.426,-1.3212,-0.689,834.1544,3.491,-5.3352,-0.624,432.9106,tracknet
411,150,169.8551,26,test,False,-1.9606,-2.2226,4.705,-1.8924,118.4136,-2.0457,3.281,-2.0693,26.5103,-2.0948,3.8632,-2.0202,34.5591,tracknet
296,150,170.094,23,train,False,-1.3433,2.3719,12.2568,0.3718,199.6521,3.0612,8.5426,-1.0538,178.1811,2.8509,9.8581,-1.2641,44.9667,tracknet
263,150,170.3744,12,train,False,-1.3515,-2.5018,8.0952,-1.6132,45.83,-2.7454,7.0795,-1.3696,63.9715,-2.7991,7.7143,-1.3159,3.5893,tracknet
354,150,170.4165,30,train,True,0.988,4.961,-0.7916,0.846,518.4511,5.0266,-12.7086,0.9116,673.4826,4.2276,-7.6333,0.1126,187.5898,tracknet
363,150,170.4889,18,test,False,-2.9275,-1.5298,-0.5815,-2.5852,599.8755,-0.9862,-8.8535,-3.0315,229.1936,-0.9935,-7.9285,-3.1215,137.182,tracknet
372,150,170.5987,10,test,False,-1.1168,-1.236,5.9555,-0.4445,91.8693,-1.8632,3.6741,-1.8632,160.9135,-1.6336,5.4327,-0.9673,27.3017,tracknet
114,150,170.6289,16,train,False,-1.8331,-1.6619,-2.3289,-2.4531,649.7583,-1.239,1.2714,-2.876,1012.2044,-2.051,-7.8434,-2.064,98.0939,tracknet
438,150,170.7865,10,test,False,-1.5626,0.8229,2.5907,2.5907,720.0443,3.5449,-43.1485,36.7485,3862.782,2.5498,-7.8059,1.4059,338.1572,tracknet
111,150,170.9955,10,train,False,-1.3446,1.7396,5.5361,-0.8639,62.8221,1.3855,5.1512,-1.2488,76.4627,1.8861,5.6279,-0.7721,62.802,tracknet
237,150,171.0161,5,train,False,-0.3174,2.2026,5.2721,-1.1279,162.7158,3.2825,4.929,-0.8325,51.5521,3.4861,5.5116,-0.6289,64.2255,tracknet
165,150,171.0386,16,train,False,-2.8144,0.7913,-1.2977,-3.3237,705.7545,0.8635,-1.435,-3.2515,691.5701,1.2535,-6.0143,-2.8615,232.3071,tracknet
56,150,171.2418,22,test,False,-2.0455,-2.2244,-3.0406,-1.8906,474.6877,-2.2044,-2.9404,-1.9106,484.6394,-1.9011,-7.2249,-2.2139,58.486,tracknet
310,150,171.4548,5,train,False,-0.751,1.1955,3.8824,-1.1955,232.3577,2.5617,5.4106,-0.9894,27.8105,3.0424,5.9397,-0.4603,44.5436,tracknet
157,150,171.51,23,train,False,-1.9456,-2.0656,-4.637,-2.0494,493.6588,-2.0739,-4.7292,-2.0411,484.425,-2.1744,-6.4245,-1.9406,314.8044,tracknet
97,150,171.6078,14,train,False,-1.6004,-1.6133,8.0993,-2.5017,95.2497,-2.3306,8.1261,-1.7844,33.6226,-2.5522,7.7813,-1.5628,62.7401,tracknet
127,150,171.6379,15,train,False,-1.4451,-2.5305,1.4932,-1.5845,509.4006,-2.4343,-23.9725,12.0875,2037.4977,-2.6859,-8.6382,-1.4291,503.9324,tracknet
413,150,171.8919,8,test,False,-0.3932,0.2904,4.5935,-0.2904,141.9386,1.2553,4.2597,-1.2553,193.5968,1.139,5.1913,-1.139,108.63,tracknet
136,150,171.8974,19,train,False,-2.207,2.2956,9.9971,-1.8194,63.8066,1.9577,8.3041,-2.1573,118.7268,1.6387,9.2418,-2.4763,36.6394,tracknet
68,150,171.9298,26,test,False,-2.4544,-1.3063,-6.2269,-2.8087,320.8198,-1.8029,3.9485,-2.3121,1339.5662,-1.262,-6.9762,-2.853,245.7607,tracknet
49,150,171.9298,18,test,False,-1.9144,-2.1467,7.7539,-1.9683,40.9601,-2.1392,7.998,-1.9758,17.3226,-2.0518,7.64,-2.0632,54.0801,tracknet
166,150,172.029,18,train,False,-1.8152,2.7281,7.0827,-1.3869,128.539,2.864,6.8218,-1.251,110.5873,2.5828,7.1479,-1.5322,130.8111,tracknet
39,150,172.1437,14,train,False,-2.091,1.2623,7.0392,-2.8527,77.4612,1.8357,7.0675,-2.2793,25.3078,2.1853,6.8263,-1.9297,17.6674,tracknet
360,150,172.1692,18,test,False,-1.4209,-2.4417,-1.3144,-1.6733,641.7159,-2.714,-6.3505,-1.401,137.6236,-2.7567,-7.0026,-1.3583,72.6733,tracknet
369,150,172.2864,15,test,False,-1.4469,2.0298,-2.9962,-2.0852,668.1685,2.755,-10.4461,-1.36,80.3419,2.6932,-7.7747,-1.4218,187.2884,tracknet
75,150,172.6038,9,test,False,-3.7093,-1.1654,6.6333,-2.9496,557.4362,-0.9522,5.8333,-3.1628,474.6732,0.4934,-6.6257,-3.6216,791.1135,tracknet
348,150,172.6565,10,train,False,-1.8374,-2.0381,-0.7026,-2.0769,824.082,-2.2135,-25.8282,13.9432,1688.8365,-2.0974,-6.9298,-2.0176,201.8209,tracknet
164,150,172.8004,26,train,False,-1.8387,-2.4196,10.3543,-1.5307,222.6582,-2.3575,8.9471,-1.7575,81.8797,-2.3195,9.0699,-1.7955,93.8477,tracknet
398,150,172.8579,9,test,False,-0.6297,2.5668,5.4148,-0.9852,94.4816,2.8954,5.6704,-0.7296,59.0951,3.1286,5.5997,-0.8003,35.8574,tracknet
159,150,173.044,22,train,False,-1.2743,2.5067,-2.3347,-1.6083,611.2279,2.7648,-5.9789,-1.3502,246.0099,2.8635,-7.367,-1.2515,107.1028,tracknet
383,150,173.0598,17,test,False,-2.0572,-1.0285,10.0095,-1.8755,138.158,-1.6537,9.6101,-2.2749,66.0292,-2.0059,8.8569,-2.1091,23.6812,tracknet
184,150,173.1891,40,train,False,-2.2096,-1.99,0.3132,-2.125,653.5021,-1.7843,-6.6043,-2.3307,40.1696,-1.885,-4.3221,-2.23,189.9283,tracknet
51,150,173.2135,29,test,False,-0.8455,-3.1609,8.4663,-0.9541,83.7104,-0.4781,-1.2554,-3.6369,931.9503,-3.0106,7.5022,-1.1044,29.1553,tracknet
104,150,173.3011,4,train,False,-0.3456,-1.1568,2.4403,-1.1568,381.4058,-5.6955,5.1945,1.5805,192.6284,-3.2385,6.3921,-0.0079,128.7631,tracknet
65,150,173.3333,21,test,False,-3.0207,-1.3657,6.087,-2.7493,45.1755,-1.2233,6.1405,-2.8917,33.3571,-1.1385,6.0462,-2.9765,40.4271,tracknet
45,150,173.3333,25,train,False,-2.3769,1.6798,9.9878,-1.8972,96.87,1.5464,10.1973,-1.6877,119.192,1.6901,9.6353,-2.2497,61.6271,tracknet
240,150,173.3333,35,train,False,-2.5348,-0.31,12.895,1.01,355.3135,-0.1975,8.3757,-3.5093,98.3176,-0.1781,10.6783,-1.2067,133.2748,tracknet
264,150,173.4843,5,train,False,-0.9719,0.0033,5.6417,-0.0033,124.4481,0.8759,5.5397,-0.8603,37.0606,1.7292,5.8507,-0.5493,65.4619,tracknet
94,150,173.5393,11,train,False,-2.6323,-0.0451,-0.3054,-4.0699,576.0702,2.5147,-10.6735,-1.2115,492.3013,1.9592,-5.2781,-2.1558,75.1958,tracknet
349,150,173.6228,5,train,False,-0.5773,-2.0496,5.184,-1.216,150.7985,-3.3088,4.9421,-0.8062,53.7397,-3.1382,5.3864,-0.9768,40.1604,tracknet
71,150,173.7721,20,test,False,-0.7569,-2.973,-3.0756,-1.142,501.7472,-3.4049,-9.152,-0.7101,107.4776,-3.3137,-7.7033,-0.8013,37.7623,tracknet
11,150,174.1313,28,train,False,-1.5572,-0.6863,-5.4476,-3.4287,489.0118,-0.8102,-2.079,-3.3048,826.028,-0.5011,-7.3685,-3.6139,296.205,tracknet
172,150,174.1631,6,train,False,-0.1615,0.2486,4.2609,0.2486,106.234,0.2923,4.1157,0.2923,121.3229,-0.2205,5.5435,-0.2205,30.8259,tracknet
370,150,174.3448,15,test,False,-2.303,2.2249,5.9384,-1.8901,42.4311,2.2658,5.8347,-1.8492,49.6449,1.7239,5.7311,-2.3911,31.7353,tracknet
162,150,174.4715,15,train,False,-1.2172,3.4539,8.7847,-0.6611,71.2904,3.2946,9.1481,-0.8204,90.1477,3.1511,8.9412,-0.9639,65.3629,tracknet
24,150,174.4782,5,train,False,-0.5836,1.7056,4.5548,-1.7056,165.0465,2.0911,4.8996,-1.5004,114.0627,2.5534,4.99,-1.41,85.418,tracknet
148,150,174.4893,21,train,False,-2.4449,2.1403,10.1715,-1.7135,113.312,2.056,10.208,-1.677,113.5106,1.697,8.7247,-2.418,41.6647,tracknet
321,150,174.5248,21,train,False,-2.1856,-2.4404,-1.3106,-1.6746,726.9887,-1.5521,-15.2503,3.3653,669.8466,-2.1651,-8.3087,-1.9499,34.632,tracknet
250,150,174.5324,19,train,False,-2.8849,0.7863,8.6106,-3.2744,231.2568,1.0483,8.1429,-3.0667,181.1029,1.1821,8.4521,-2.9329,211.1596,tracknet
124,150,174.8843,26,train,False,-3.7463,0.7433,5.9812,-3.3717,56.2984,0.5904,5.9508,-3.5246,44.8525,0.1309,6.658,-3.9841,112.2492,tracknet
440,150,174.902,18,test,False,-2.2635,-2.2818,0.7579,-1.8332,590.7092,-1.8985,-3.2261,-2.2165,190.8059,-1.6979,-7.4021,-2.4171,227.3734,tracknet
78,150,175.1598,19,test,False,-2.6022,1.8671,5.5909,-2.2479,39.4323,3.0459,0.671,-1.0691,531.87,1.5886,5.3346,-2.5264,43.5992,tracknet
87,150,175.1724,22,test,False,-1.6365,-2.6834,1.4271,-1.4316,150.4428,-3.3365,1.254,-0.7785,157.2089,-2.0435,3.5501,-2.0715,363.9519,tracknet
356,150,175.3366,8,test,False,-0.3354,2.5666,4.5792,4.5792,1063.2647,4.3844,-11.9107,5.5107,595.7401,3.8363,-3.8873,-0.2787,209.7525,tracknet
150,150,175.4579,6,train,False,-0.0335,0.022,3.1977,3.1977,957.5024,-0.3385,12.1087,12.1087,1849.3196,0.4094,-5.2344,-0.4094,113.4039,tracknet
55,150,175.5556,26,test,False,-2.4284,-1.1519,9.4852,-2.3998,79.1372,-1.2483,9.3603,-2.5247,63.4326,-1.3301,8.5968,-2.7849,46.9093,tracknet
323,150,175.6231,10,train,False,-0.2922,-2.6884,0.4116,-1.4266,760.5644,-2.9554,-0.9966,-1.1596,617.3598,-3.7032,-7.7015,-0.4118,60.4513,tracknet
387,150,175.641,15,test,False,-0.6988,3.6723,7.5223,-0.4427,94.7705,3.9337,5.548,-0.1813,293.285,3.2948,7.1215,-0.8202,131.8839,tracknet
278,150,175.698,18,train,False,-1.7017,2.1665,10.2272,-1.6578,146.5762,2.355,8.9135,-1.76,14.3573,2.4517,8.8982,-1.6633,12.208,tracknet
98,150,175.7192,16,train,False,-2.0548,0.9682,1.1024,-3.1468,664.9683,1.6709,-2.9621,-2.4441,252.5138,1.7862,-4.9966,-2.3288,53.5791,tracknet
135,150,175.7265,18,train,False,-1.3883,2.6628,-6.5339,-1.4522,199.924,2.6571,-6.5571,-1.4579,197.6199,2.5684,-8.2077,-1.5466,36.092,tracknet
115,150,175.7669,13,train,False,-2.091,1.0838,6.1297,-3.0312,110.0295,0.3595,4.6393,-3.7555,264.9848,2.0126,6.4029,-2.1024,29.8508,tracknet
365,150,176.1163,17,test,False,-2.7103,-0.8999,-1.7977,-3.2151,651.225,-1.3934,-7.6411,-2.7216,64.9307,-1.3875,-7.3807,-2.7275,90.9789,tracknet
25,150,176.2159,24,train,False,-3.0333,-0.625,-2.8689,-3.49,502.6162,0.0926,3.0102,-4.0224,1094.758,-1.0483,-6.4798,-3.0667,139.488,tracknet
109,150,176.2735,14,train,False,-0.7279,-3.3206,7.9786,-0.7944,71.7433,-3.3178,8.5421,-0.7972,16.6052,-3.2375,7.6871,-0.8775,101.6921,tracknet
275,150,176.2963,14,train,False,-0.06,4.4231,9.0229,0.3081,89.5823,4.0975,8.523,-0.0175,31.9616,3.8544,8.9655,-0.2606,78.5338,tracknet
289,150,176.331,6,train,True,0.3356,0.0478,4.8593,-0.0478,196.1853,0.1119,4.9797,-0.1119,182.8202,0.6053,5.9993,-0.4007,73.6457,tracknet
271,150,176.4907,7,train,False,-0.9196,0.595,5.6603,-0.595,56.188,1.0024,5.8335,-0.5665,63.722,1.3676,5.9626,-0.4374,88.3036,tracknet
309,150,176.5608,7,train,False,-2.2092,-1.8501,2.6699,-2.2649,252.5031,-1.8465,3.9197,-2.2685,377.4661,-1.8274,-0.7324,-2.2876,88.1434,tracknet
142,150,176.5945,17,train,False,-1.0698,-3.1546,10.3426,-0.9604,52.1854,-3.2139,9.8232,-0.9011,103.0975,-2.8791,10.1315,-1.2359,68.5897,tracknet
306,150,176.5967,18,train,False,-0.4536,2.9324,2.9306,-1.1826,625.2203,4.2141,-14.5146,2.6296,1124.9183,3.8282,-8.8777,-0.2868,560.1242,tracknet
262,150,176.7761,39,train,False,-2.9389,-1.6741,-0.0801,-2.4409,451.862,-4.7716,18.754,6.869,2360.0694,-1.6399,-3.8846,-2.4751,82.8558,tracknet
7,150,176.8306,7,train,False,-0.1999,0.3823,5.1647,0.3823,92.5475,0.2225,4.5496,0.2225,43.5051,0.2586,5.3274,0.2586,99.4166,tracknet
103,150,176.9297,5,train,True,0.124,0.7724,3.5007,0.7724,206.9422,0.4902,4.1224,0.4902,139.2514,0.2751,4.5935,0.2751,88.5458,tracknet
147,150,177.0136,12,train,False,-1.0175,2.207,-1.1737,-1.908,701.1304,2.9191,-6.4939,-1.1959,164.4062,2.8053,-7.3284,-1.3097,85.1496,tracknet
330,150,177.2597,15,train,False,-3.6771,0.2609,-0.5799,-3.8541,696.2707,0.3117,0.4346,-3.8033,797.7399,-0.3164,-7.9622,-3.7986,47.0629,tracknet
420,150,177.3041,31,test,False,-3.8904,0.0688,-1.5897,-4.0462,536.5546,-0.1272,-8.7329,-3.1521,178.8353,-0.0187,-6.6595,-4.0963,35.383,tracknet
27,150,177.315,5,train,False,-0.4833,-0.0652,3.6707,0.0652,128.0465,0.982,4.2217,-0.982,78.4831,1.22,4.838,-1.22,73.6801,tracknet
79,150,177.4671,17,test,False,-3.3649,0.8434,-0.1555,-3.2716,509.6784,0.8888,1.2677,-3.2262,652.0633,0.7676,-7.1854,-3.3474,193.4062,tracknet
117,150,177.5599,21,train,False,-2.8546,0.1965,10.1772,-1.7078,127.0234,0.1353,10.2042,-1.6808,132.1713,0.6082,9.4652,-2.4198,45.5164,tracknet
15,150,177.586,18,train,False,-1.9423,1.4758,10.402,-1.483,119.206,2.0817,10.0768,-1.8082,64.8312,2.2705,9.6059,-1.8445,19.6984,tracknet
347,150,177.6499,27,train,False,-3.4437,-0.3654,12.8361,0.9511,639.289,-0.4081,3.3446,-3.7069,311.7094,-0.5252,9.0797,-2.8053,263.3202,tracknet
66,150,177.7809,13,test,False,-2.2017,1.518,-1.2898,-2.597,589.7359,1.6733,-3.8095,-2.4417,337.2919,1.79,-7.0486,-2.325,17.576,tracknet
129,150,177.8899,20,train,False,-1.2323,-3.2789,3.963,-0.8361,150.0178,-2.3749,-0.8875,-1.7401,344.1252,-2.5955,5.0298,-1.5195,253.0055,tracknet
138,150,177.9332,19,train,False,-1.3735,1.9839,10.3469,-1.5381,46.0867,2.2177,10.3548,-1.5302,25.1517,2.2912,9.7601,-1.8238,76.1456,tracknet
375,150,178.1847,9,test,False,-1.2555,1.9734,4.7473,-1.6527,93.8719,2.4462,4.9228,-1.4772,63.7479,2.5509,4.7224,-1.5641,42.0048,tracknet
33,150,178.4189,14,train,False,-2.366,-1.895,7.7324,-2.22,26.253,-1.9004,8.0248,-2.2146,53.2588,-1.728,7.9125,-2.387,39.8821,tracknet
149,150,178.4549,14,train,False,-1.0949,-2.2374,-3.3481,-1.8776,731.7234,-4.0313,-28.964,17.079,1836.848,-3.4938,-8.4066,-0.6212,226.6792,tracknet
9,150,178.4615,18,train,False,-0.0442,-4.0998,11.5042,-0.0152,80.3051,-4.0377,11.7781,-0.0773,107.6897,-3.8444,10.7269,-0.2706,22.7749,tracknet
268,150,178.6112,7,train,False,-0.8198,1.7648,7.6143,7.6143,1248.2892,4.3718,-18.132,11.732,1340.0896,3.3284,-5.764,-0.636,99.02,tracknet
113,150,178.6667,19,train,False,-1.2468,1.6087,11.2436,-0.6414,87.628,1.5685,11.3818,-0.5032,100.3348,1.8444,10.4542,-1.4308,43.8295,tracknet
257,150,178.7637,20,train,False,-2.4163,2.2489,6.0707,-1.8661,166.6755,1.9895,5.993,-2.1255,152.3599,1.7619,6.1797,-2.3531,168.3532,tracknet
415,150,178.8864,13,test,False,-1.5115,1.6752,5.3989,-2.4398,139.0372,1.882,5.7351,-2.233,100.4518,2.5906,6.0024,-1.5244,43.1749,tracknet
432,150,178.8889,8,test,False,-0.1622,-2.6415,5.0433,-1.3567,158.9574,-5.2783,5.3174,1.1633,146.5191,-4.3931,5.7013,0.2781,50.1658,tracknet
436,150,178.9421,15,test,False,-0.8772,3.4041,10.6958,-0.7109,51.8796,3.3711,10.8498,-0.7439,41.284,2.9642,10.2549,-1.1508,75.3383,tracknet
259,150,178.9882,8,train,False,-0.6235,-2.1374,5.9014,-0.4986,167.5777,-4.3439,2.2164,0.2289,282.9348,-3.9407,5.5797,-0.1743,80.2875,tracknet
351,150,178.9897,28,train,False,-0.4182,3.6346,3.2656,-0.4804,592.4966,3.6794,-3.1922,-0.4356,53.3433,3.6078,-7.6342,-0.5072,497.5937,tracknet
374,150,179.0769,33,test,False,-1.651,1.8007,12.3366,0.4516,212.1599,1.9652,10.3375,-1.5475,15.7643,1.9432,9.3183,-2.1718,92.6483,tracknet
232,150,179.1291,20,train,False,-1.9816,3.0566,1.1007,-1.0584,601.8846,3.1231,1.4998,-0.9919,642.3417,1.3966,-6.1756,-2.7184,151.9244,tracknet
422,150,179.1753,6,test,False,-1.3157,-0.7021,3.4329,-0.7021,196.9746,-0.9555,3.7607,-0.9555,155.7129,-1.1265,4.4248,-1.1265,92.5442,tracknet
325,150,179.2221,8,train,False,-0.825,2.5596,6.4556,0.0556,142.2686,2.9069,6.4075,0.0075,123.38,3.2104,6.3873,-0.0127,115.5332,tracknet
435,150,179.2475,10,test,False,-1.4621,1.1423,2.0936,2.0936,710.0819,5.3171,-60.0725,53.6725,5522.6465,3.0937,-8.7128,2.3128,389.5402,tracknet
272,150,179.2665,21,train,False,-2.3359,-1.6743,1.7167,-2.4407,795.1146,-1.7929,-12.4255,0.5405,619.1668,-1.8827,-8.8567,-2.2323,262.4905,tracknet
425,150,179.3258,8,test,False,-0.3307,3.1152,4.2762,-0.9998,75.0826,2.5895,3.3419,-1.5255,174.72,3.7158,5.2664,-0.3992,65.3313,tracknet
119,150,179.3569,19,train,False,-1.917,1.3085,9.1453,-2.7397,89.9366,1.8346,9.108,-2.2804,37.5693,2.1422,8.8696,-1.9728,15.3934,tracknet
401,150,179.5686,13,test,False,-1.5433,2.6387,0.6398,-1.4763,750.0286,2.368,-9.3683,-1.747,251.6331,2.3091,-8.5637,-1.8059,172.3621,tracknet
408,150,179.599,14,test,False,-3.3908,-0.4814,-1.6336,-3.6336,612.2766,-0.7,-5.6879,-3.415,206.3798,-0.6938,-7.7259,-3.4212,3.9786,tracknet
313,150,179.6239,14,train,False,-0.1455,4.4384,10.0851,0.3234,56.8313,4.6039,9.5099,0.4889,68.3399,4.0045,9.9579,-0.1105,19.7053,tracknet
248,150,179.7206,6,train,False,-0.4042,-2.1313,5.9312,-0.4688,189.1255,-3.3877,5.1205,-0.7273,39.6341,-3.4093,6.0975,-0.3025,124.3611,tracknet
13,150,179.7654,5,train,False,-0.0647,1.9175,4.403,-1.9175,258.4211,2.1323,4.5857,-1.8143,230.5299,2.6576,4.9562,-1.4438,168.9403,tracknet
254,150,179.7962,20,train,False,-1.6787,-1.9524,10.9235,-0.9615,331.7389,-2.2724,7.5595,-1.8426,18.3323,-2.3069,10.4941,-1.3909,285.543,tracknet
168,150,179.8503,23,train,False,-1.4069,-2.0814,12.8442,0.9592,261.2037,-2.5966,7.1473,-1.5184,316.3115,-2.5594,8.9214,-1.5556,139.4972,tracknet
276,150,179.9151,9,train,False,-0.6268,-0.9869,5.456,-0.944,108.2166,-3.3699,1.7144,-0.7451,427.686,-2.7855,5.438,-0.962,83.4277,tracknet
307,150,180.1761,27,train,False,-1.9976,2.0711,11.5018,-0.3832,182.7629,1.8641,10.6345,-1.2505,99.0113,1.4656,10.0962,-1.7888,32.6638,tracknet
364,150,180.3733,28,test,False,-1.0375,2.356,11.9424,0.0574,110.23,2.1411,11.9445,0.0595,114.9113,2.1532,10.7505,-1.1345,34.4061,tracknet
153,150,180.4243,15,train,False,-1.5338,1.6658,-3.5774,-2.4492,483.5463,1.4587,-2.7354,-2.6563,570.1629,1.9376,-6.1108,-2.1774,230.6233,tracknet
439,150,180.5364,16,test,False,-1.3093,-1.8675,10.1154,-1.7696,94.9555,-1.8163,10.0773,-1.8077,100.649,-2.2949,9.3392,-1.8201,105.4783,tracknet
256,150,180.5765,5,train,False,-2.3034,0.3825,9.8909,-1.9941,1522.6923,-0.3793,17.8308,5.9458,2320.3361,2.1727,-6.3618,-1.9423,115.1052,tracknet
361,150,180.6403,4,test,False,-0.4442,1.76,8.1968,8.1968,1393.7488,7.172,-68.7853,62.3853,6327.3156,3.9235,-4.7213,-0.1915,92.3078,tracknet
141,150,180.8677,15,train,False,-1.9527,-1.5946,-0.9503,-2.5204,684.8636,-1.8034,-2.0749,-2.3116,571.1748,-2.0812,-7.7129,-2.0338,10.2342,tracknet
441,150,181.2132,11,test,False,-1.9571,-2.028,4.3946,-2.087,141.4482,-2.1467,5.4233,-1.9683,37.9995,-2.0578,5.0843,-2.0572,72.5809,tracknet
243,150,181.2276,5,train,False,-0.3979,-1.5682,4.9838,-1.4162,241.873,-3.9199,3.8657,-0.1951,20.301,-3.7581,5.1731,-0.3569,130.0194,tracknet
388,150,181.2303,55,test,True,0.2766,-3.7024,-5.3193,-0.4126,684.2504,-3.4661,-12.1904,0.3054,18.7255,-3.6547,-8.1922,-0.4603,396.9427,tracknet
294,150,181.4931,16,train,False,-1.7739,1.5501,8.4427,-2.5649,79.2114,1.7441,8.5807,-2.3709,62.3375,2.278,8.0573,-1.837,35.0056,tracknet
1,150,181.6649,17,train,False,-0.8979,2.4337,10.6338,-1.2512,217.738,2.5157,10.6038,-1.2812,212.0925,2.9442,10.0629,-1.1708,148.5973,tracknet
277,150,182.381,16,train,False,-2.5345,-2.1725,2.4841,-1.9425,770.3374,-1.698,-1.2911,-2.417,390.722,-1.4741,-6.5087,-2.6409,131.653,tracknet
176,150,182.3955,28,train,False,-2.3953,1.533,-2.7282,-2.582,507.4491,1.5201,-1.9687,-2.5949,583.3908,1.6226,-5.8494,-2.4924,195.2226,tracknet
335,150,183.0378,13,train,False,-2.7704,-1.6972,8.8474,-2.4178,50.6887,-1.7398,8.635,-2.3752,67.3796,-1.2873,9.327,-2.558,21.3453,tracknet
409,150,183.3484,15,test,False,-0.8746,-3.0461,6.4591,-1.0689,41.639,-3.0556,6.6469,-1.0594,25.8408,-3.063,6.5455,-1.052,33.3095,tracknet
394,150,183.4691,17,test,False,-2.6282,-0.9738,0.421,-3.1412,661.7841,-1.6816,-9.9781,-1.9069,380.615,-1.471,-8.023,-2.644,184.618,tracknet
88,150,183.619,21,test,False,-3.4191,1.467,7.2846,-2.648,90.9254,1.8172,7.0257,-2.2978,114.3251,1.2808,6.0888,-2.8342,92.298,tracknet
251,150,183.6194,16,train,False,-1.2048,-1.8279,-3.4276,-2.2871,726.8115,-2.4415,-11.4543,-0.4307,78.6471,-2.3149,-8.2474,-1.8001,243.2801,tracknet
245,150,183.6398,8,train,False,-1.3927,2.5661,7.2995,-1.5489,51.1751,2.4994,7.954,-1.6156,116.3409,2.8595,8.9241,-1.2555,211.6445,tracknet
282,150,183.936,17,train,False,-2.1518,1.0371,9.1213,-2.7637,92.619,1.9559,8.8877,-2.1591,22.797,2.1827,8.4369,-1.9323,71.3246,tracknet
107,150,184.1176,14,train,False,-1.4218,3.152,4.377,-0.963,63.1526,2.8552,4.6119,-1.2598,25.6656,2.4761,4.1422,-1.6389,70.3125,tracknet
81,150,184.2793,27,test,False,-0.6055,-1.8319,-5.9503,-2.2831,532.927,-1.7893,-4.8627,-2.3257,641.6861,-1.8645,-7.858,-2.2505,342.2046,tracknet
273,150,184.2904,11,train,False,-1.694,1.0568,6.4342,-3.0582,145.8942,2.8117,5.7688,-1.3033,124.5332,2.5485,6.604,-1.5665,36.9967,tracknet
442,150,184.6989,18,test,False,-1.7838,1.6552,-2.4348,-2.4598,608.149,3.0238,-17.8522,5.9672,939.9184,2.4999,-8.3383,-1.6151,21.9463,tracknet
317,150,184.7501,4,train,False,-0.704,2.4808,3.4018,-1.6342,947.1454,2.0238,8.3359,-2.0912,1442.6621,2.5447,-8.2279,-1.5703,236.8188,tracknet
288,150,184.7835,19,train,False,-0.9778,2.2173,9.2817,-1.8977,148.3745,3.1703,7.983,-0.9447,13.8557,3.0558,8.0788,-1.0592,9.0179,tracknet
92,150,184.9587,12,train,False,-1.2641,3.1423,-1.9527,-0.9727,774.3467,2.5907,-17.1818,5.2968,749.5632,2.7511,-8.799,-1.3639,89.718,tracknet
424,150,185.098,13,test,False,-1.6286,-2.2225,5.643,-1.8925,117.7854,-2.6993,6.4832,-1.4157,37.4135,-2.6598,6.405,-1.4552,42.3058,tracknet
3,150,185.1096,17,train,False,-3.9708,0.6182,8.7601,-3.1249,172.7942,0.4095,6.8637,-3.7055,35.4269,0.4611,8.2021,-3.6539,114.8233,tracknet
235,150,185.1718,27,train,False,-2.9662,-0.2856,1.3695,-3.8294,643.384,-1.4026,-6.5585,-2.7124,157.2947,-2.154,-5.8436,-1.961,130.8322,tracknet
236,150,185.2079,12,train,False,-0.993,-3.4443,9.6641,-0.6707,84.5965,-3.3414,9.89,-0.7736,103.1702,-3.1779,9.666,-0.9371,78.6014,tracknet
253,150,185.4431,14,train,False,-1.2897,2.9455,-1.094,-1.1695,789.0377,2.6793,-14.6424,2.7574,566.0811,3.0074,-8.7205,-1.1076,31.9863,tracknet
295,150,185.7121,11,train,False,-3.3033,0.0771,1.4405,-4.0379,681.7101,-0.6276,-3.8105,-3.4874,151.9134,-1.3751,-8.7341,-2.7399,346.1853,tracknet
60,150,185.763,33,test,False,-0.6903,2.5995,-7.2599,-1.5155,393.4881,2.5573,10.4521,-1.4329,2164.6954,2.6168,-5.9804,-1.4982,521.4353,tracknet
53,150,185.7658,26,test,True,0.6292,1.0354,13.4089,1.5239,98.1334,1.1716,13.0491,1.1641,59.775,1.1397,10.2322,-1.6528,230.1449,tracknet
91,150,185.8191,42,train,False,-2.0795,1.5463,13.8356,1.9506,412.8744,1.7047,12.7245,0.8395,300.6746,2.2731,10.5639,-1.3211,86.138,tracknet
58,150,185.8739,11,test,False,-3.8231,0.5784,-0.9299,-3.5366,577.8922,2.1095,7.1877,-2.0055,1403.7446,-0.161,-7.6355,-3.954,100.1189,tracknet
386,150,185.9115,17,test,False,-1.442,1.6727,-1.5779,-2.4423,672.7719,3.4026,-15.5931,3.7081,739.8269,3.0059,-6.854,-1.1091,141.6532,tracknet
353,150,185.9795,8,train,False,-3.1108,2.0787,6.6677,-2.0363,247.4825,3.4942,2.0093,-0.6208,728.9218,0.5288,7.9619,-3.5862,85.0185,tracknet
319,150,186.1714,17,train,False,-2.5276,1.5877,-0.2931,-2.5273,655.307,1.5517,-7.5175,-2.5633,67.2265,1.6097,-7.7913,-2.5053,94.5399,tracknet
252,150,186.3835,16,train,False,-4.0841,-0.5969,6.0991,-3.5181,115.9349,0.0988,4.6432,-4.0162,48.5944,0.2197,6.8351,-3.8953,172.1106,tracknet
241,150,186.4737,15,train,False,-0.0,-4.011,-2.5026,-0.104,767.4935,-4.1577,-11.7091,0.0427,153.286,-4.0938,-8.4573,-0.0212,171.9597,tracknet
130,150,186.5313,18,train,False,-1.9145,2.239,4.3878,-1.876,6.1667,2.1619,3.9464,-1.9531,39.5128,1.8999,4.3743,-2.2151,30.253,tracknet
279,150,186.5515,20,train,False,-1.863,-1.7494,-2.5369,-2.3656,688.0301,-1.9561,-4.3597,-2.1589,504.7837,-2.316,-7.9736,-1.799,142.669,tracknet
345,150,186.6667,13,train,False,-2.1531,1.0853,8.0326,-3.0297,95.3,1.2462,8.11,-2.8688,84.6085,1.6679,8.1891,-2.4471,60.644,tracknet
389,150,186.7711,8,test,True,0.109,2.5517,5.7765,-0.6235,132.4397,2.8327,5.8923,-0.5077,102.7986,3.2167,5.6877,-0.7123,93.0928,tracknet
93,150,186.9995,26,train,False,-0.921,-2.5633,4.6321,-1.5517,69.831,-3.1616,3.2041,-0.9534,112.8863,-3.3646,4.0911,-0.7504,29.5591,tracknet
40,150,187.0064,13,train,False,-2.0975,1.0549,9.7391,-2.1459,100.4621,0.8539,9.5074,-2.3776,116.4975,1.5744,10.1836,-1.7014,85.5514,tracknet
298,150,187.0632,18,train,False,-1.4873,0.4706,10.6082,-1.2768,69.878,0.5106,10.9272,-0.9578,82.0172,0.9458,9.6802,-2.2048,74.256,tracknet
255,150,187.2472,12,train,False,-0.2988,2.6255,1.8217,-1.4895,911.4352,3.2877,-2.185,-0.8273,505.7298,3.7808,-6.4018,-0.3342,81.3583,tracknet
320,150,187.4531,11,train,False,-2.1359,-1.0373,6.9768,-3.0777,94.415,-1.8582,6.6782,-2.2568,26.1137,-2.0494,6.6582,-2.0656,26.1165,tracknet
397,150,187.6036,15,test,False,-0.3238,-3.2818,8.1141,-0.8332,63.4433,-3.676,5.8245,-0.439,191.4909,-3.5582,7.2416,-0.5568,54.6554,tracknet
267,150,187.726,11,train,False,-0.7428,3.2925,8.0691,-0.8225,254.2276,3.2877,8.2009,-0.8273,267.4155,3.481,1.4562,-0.634,407.332,tracknet
128,150,187.7333,12,train,False,-1.3054,1.4406,6.8614,-2.6744,150.0895,2.8463,7.7238,-1.2687,24.9733,3.112,6.9776,-1.003,58.3585,tracknet
302,150,187.8054,12,train,False,-0.8418,-1.9684,-0.4023,-2.1466,639.9966,-0.7814,4.5723,-3.3336,1151.3132,-2.765,-6.9549,-1.35,58.3719,tracknet
31,150,187.8992,4,train,False,-0.1811,0.3794,3.5347,0.3794,147.5056,-0.9781,4.3058,-0.9781,99.3581,-0.6666,5.8928,-0.5072,110.5906,tracknet
346,150,187.9392,15,train,False,-0.9282,2.4767,-3.1558,-1.6383,780.7763,2.1162,-10.3458,-1.5392,61.2175,2.3492,-8.364,-1.7658,260.0238,tracknet
132,150,187.9526,19,train,False,-0.823,-2.1979,10.8766,-1.0084,18.6171,-2.215,10.6446,-1.2404,41.8779,-1.9569,10.1078,-1.7772,98.0064,tracknet
47,150,188.1967,15,test,False,-2.3476,-1.1346,5.4803,-2.9804,104.8058,-1.5805,5.8999,-2.5345,45.5938,-1.5979,5.4733,-2.5171,85.9402,tracknet
134,150,188.3817,16,train,False,-1.4632,2.827,9.3109,-1.288,50.0752,2.7656,9.6599,-1.3494,16.5463,2.2899,8.6407,-1.8251,119.5318,tracknet
410,150,188.582,15,test,False,-2.1099,-2.615,1.0737,-1.5,572.681,-2.2053,-3.5615,-1.9097,107.7861,-2.0466,-6.1599,-2.0684,153.9826,tracknet
312,150,188.76,11,train,False,-1.9842,-1.6604,6.2974,-2.4546,157.4737,-1.9044,7.2238,-2.2106,61.9288,-1.9745,7.4353,-2.1405,39.6986,tracknet
274,150,188.8196,27,train,False,-1.2357,3.8985,-3.2125,-0.2165,706.9314,2.3122,-13.7144,1.8294,355.2,2.1926,-8.2451,-1.9224,207.956,tracknet
431,150,188.8889,12,test,False,-0.0357,-2.902,8.1531,-1.213,120.8999,-2.3067,7.4261,-1.8083,203.6246,-3.2501,8.1997,-0.8649,86.0116,tracknet
308,150,188.9013,3,train,False,-2.6778,1.6017,8.6637,-2.5133,1266.2215,,,,,0.3934,-5.7469,-3.7216,203.7189,tracknet
329,150,189.1518,14,train,False,-1.7574,1.5421,8.3636,-2.5729,106.7752,2.0596,8.4393,-2.0554,82.1038,2.3034,8.0923,-1.8116,42.1527,tracknet
333,150,189.3333,19,train,False,-0.5292,2.8074,8.703,-1.3076,170.5537,3.4385,7.3415,-0.6765,21.4544,3.28,8.3393,-0.835,119.3571,tracknet
70,150,189.4424,28,test,False,-1.9506,-0.0709,11.0295,-0.8555,113.0876,0.1679,9.2951,-2.5899,64.0786,0.2396,9.596,-2.289,33.9575,tracknet
380,150,189.476,13,test,False,-2.8186,1.4062,-1.7035,-2.7088,731.2253,1.4176,3.3651,-2.6974,1238.0628,1.3766,-8.234,-2.7384,78.5114,tracknet
406,150,189.9549,6,test,False,-1.0326,0.0782,4.83,4.83,938.4036,0.9501,-8.3263,1.9263,382.1858,0.7668,-6.0059,-0.3941,152.3934,tracknet
173,200,200.0,37,train,False,-3.6372,0.5618,-1.6972,-3.5532,615.8439,0.5673,5.5961,-3.5477,1345.149,0.5649,-6.4,-3.5501,145.7705,tracknet
82,200,200.0,22,test,False,-3.4147,0.3672,6.9757,-3.7478,41.6836,0.3513,6.8503,-3.7637,37.0763,0.6048,6.8447,-3.5102,15.3095,tracknet
143,200,200.0,12,train,False,-2.5683,0.4931,0.8912,-3.6219,768.9981,0.8438,-1.1608,-3.2712,560.9595,1.0876,-8.163,-3.0274,150.8366,tracknet
106,200,200.0,16,train,False,-1.8536,1.0142,-1.397,-3.1008,602.1274,-0.2574,4.3705,-3.8576,1192.7207,1.2101,-5.9907,-2.9049,166.96,tracknet
120,200,200.0,12,train,False,-1.6728,2.2023,-2.5455,-1.9127,767.7099,1.6044,-12.1539,0.2689,195.189,1.6777,-8.1167,-2.4373,209.9322,tracknet
54,200,200.0,23,test,False,-1.6769,-2.0071,-0.0362,-2.1079,438.8939,-2.2408,-2.911,-1.8742,150.5887,-2.3354,-6.1114,-1.7796,171.0586,tracknet
281,200,200.0,14,train,False,-1.9268,-0.9386,3.271,-3.1764,826.3893,-3.1114,-14.4038,2.5188,955.0654,-2.7764,-9.3081,-1.3386,444.9281,tracknet
151,200,200.0,33,train,False,-0.85,3.0716,6.2826,-1.0434,117.49,2.892,4.8756,-1.223,259.2855,2.7843,5.5912,-1.3307,191.1725,tracknet
352,200,200.0,12,train,False,-0.7644,3.8398,10.42,-0.2752,65.4216,3.4441,9.8664,-0.6709,15.1552,3.2006,8.8243,-0.9144,117.1004,tracknet
52,200,200.0,19,test,False,-1.2026,-3.4209,-2.8338,-0.6941,579.452,-3.26,-4.7063,-0.855,391.5124,-2.9958,-6.9521,-1.1192,165.5934,tracknet
174,200,200.0,15,train,False,-0.0451,3.564,9.2192,-0.551,74.3149,3.52,9.2278,-0.595,76.7816,3.8816,9.2308,-0.2334,56.5133,tracknet
328,200,200.0,15,train,False,-3.235,0.0578,1.0801,-4.0572,774.5962,-0.93,-6.6148,-3.185,5.0423,-1.1022,-8.5725,-3.0128,197.6222,tracknet
178,200,200.0,4,train,False,-2.8652,1.3419,5.5265,-2.7731,265.2301,3.4807,4.7896,-0.6343,490.6002,-0.2381,5.1054,-3.8769,141.1699,tracknet
118,200,200.0,10,train,False,-1.7037,-1.138,3.176,-2.977,920.7177,-1.6862,-0.3681,-2.4288,562.154,-2.1579,-7.8067,-1.9571,188.1082,tracknet
180,200,200.0,28,train,False,-3.3822,-1.0623,-0.3066,-3.0527,711.1978,-1.0313,-1.3435,-3.0837,607.4793,-0.7482,-6.1557,-3.3668,125.5416,tracknet
57,200,200.0,20,test,True,0.6349,-4.7822,7.8157,0.6672,22.6346,-4.6658,6.9855,0.5508,61.2012,-4.7495,7.4577,0.6345,13.3979,tracknet
405,200,200.0,15,test,True,0.0119,4.1786,11.0658,0.0636,90.0775,4.2347,10.0496,0.1197,189.0851,3.5966,9.82,-0.5184,209.0091,tracknet
332,200,200.0,14,train,False,-1.2543,-3.4791,0.8211,-0.6359,846.0472,-2.6822,-11.72,-0.165,410.7192,-2.9306,-8.3114,-1.1844,69.824,tracknet
77,200,200.0,23,test,False,-2.836,1.3182,1.6056,-2.7968,157.4828,1.1905,2.199,-2.9245,216.9551,1.1624,5.0383,-2.9526,500.8379,tracknet
175,200,200.0,4,train,False,-0.7631,0.2041,2.6714,0.2041,239.6275,-5.3884,-53.3089,53.3089,5835.6198,-3.0568,5.5523,-0.8477,239.4751,tracknet
182,200,200.0,21,train,False,-2.5609,1.4924,9.7913,-2.0937,577.7391,0.3282,-12.122,0.237,1710.8297,-0.6751,-1.8712,-3.4399,681.0519,tracknet
326,200,200.0,21,train,False,-2.5522,-0.5747,-0.5831,-3.5403,558.6626,0.3486,4.2801,-3.7664,1053.6595,-1.2377,-4.9009,-2.8773,122.4624,tracknet
122,200,200.0,11,train,False,-1.6874,-1.8702,-0.3783,-2.2448,737.2041,-2.5922,-13.3049,1.4199,557.8147,-2.3917,-8.2451,-1.7233,51.7162,tracknet
90,200,200.0,32,test,False,-2.3957,1.4653,-0.6367,-2.6497,149.026,1.6853,-1.887,-2.4297,22.0805,1.4497,2.7837,-2.6653,489.6303,tracknet
417,200,200.0,22,test,False,-1.001,-2.8564,7.2508,-1.2586,41.3884,-2.6533,6.7472,-1.4617,49.4484,-2.8524,6.4156,-1.2626,57.4293,tracknet
311,200,200.0,10,train,False,-3.3884,1.6052,-0.1193,-2.5098,725.1441,1.3009,-2.4092,-2.8141,494.1638,0.6475,-7.2689,-3.4675,9.2727,tracknet
368,200,200.0,14,test,False,-2.2766,-1.9113,7.5067,-2.2037,54.7347,-1.8253,8.1404,-2.2897,9.2183,-1.751,7.8635,-2.364,20.5125,tracknet
154,200,200.0,7,train,True,0.186,-0.0921,-2.0493,0.0921,454.8693,,,,,0.7467,-7.3195,0.9195,89.2351,tracknet
373,200,200.0,12,test,False,-1.6652,-2.6625,0.675,-1.4525,786.725,-2.5164,-2.5793,-1.5986,461.0523,-2.2793,-7.2392,-1.8357,17.7627,tracknet
123,200,200.0,11,train,False,-1.5048,2.4803,-0.3899,-1.6347,874.7427,2.5228,-1.4879,-1.5922,764.9055,2.4611,-7.1059,-1.6539,203.5988,tracknet
344,200,200.0,22,train,False,-1.6082,-3.1868,-0.7069,-0.9282,799.7033,-2.6118,-6.7493,-1.5032,192.8552,-2.4342,-7.8709,-1.6808,80.733,tracknet
83,200,200.0,18,test,False,-1.3275,-2.1842,-4.1683,-1.9308,612.3044,-2.3335,-5.8887,-1.7815,439.6409,-2.359,-7.6904,-1.756,260.6589,tracknet
86,200,200.0,12,test,False,-1.4289,-1.2843,-1.1812,-2.8307,554.7497,-1.5772,-2.3648,-2.5378,432.8316,-2.4877,-7.0851,-1.6273,57.1994,tracknet
85,200,200.0,26,test,False,-0.9979,2.5901,6.4942,-1.5249,144.2836,2.8621,5.1127,-1.2529,25.7893,2.988,5.9993,-1.127,85.7987,tracknet
48,200,200.0,17,test,False,-2.2148,-2.2592,-1.8912,-1.8558,544.8261,-2.4998,1.9927,-1.6152,933.9561,-1.9972,-7.0225,-2.1178,32.0152,tracknet
161,200,200.0,30,train,False,-1.8193,1.3198,-1.3879,-2.7952,629.0321,2.0223,-6.4208,-2.0927,121.2526,2.1448,-3.5273,-1.9702,407.7596,tracknet
404,200,200.0,9,test,False,-1.5406,0.9072,4.2991,4.2991,922.8007,1.5156,-3.1191,-1.5156,181.6916,1.5504,-7.2046,0.8046,239.5359,tracknet
102,200,200.0,9,train,False,-1.6599,0.8057,-0.6379,-3.3093,760.4518,0.6858,-0.0763,-3.4292,817.8727,1.3046,-6.1541,-2.8104,222.7395,tracknet
84,200,200.0,30,test,True,1.9292,-2.3271,14.8481,2.9631,109.0647,-2.3363,14.8061,2.9211,105.4008,-2.2088,11.6793,-0.2057,214.7053,tracknet
50,200,200.0,18,test,False,-3.9792,-0.3118,-0.9961,-3.8032,568.9876,0.2466,-9.8845,-2.0005,321.7996,0.3738,-7.8405,-3.7412,119.6071,tracknet
293,200,200.0,14,train,False,-2.0845,-1.0166,-0.0133,-3.0984,778.2577,-1.6413,-4.5523,-2.4737,320.0988,-2.1218,-8.3371,-1.9932,61.4417,tracknet
160,200,200.0,13,train,False,-1.2327,-1.6023,5.9702,-2.5127,131.4703,-2.2141,6.3316,-1.9009,94.0314,-2.6131,5.9163,-1.5019,36.4874,tracknet
5,200,200.0,4,train,False,-0.1724,-0.3347,10.2111,10.2111,1567.1466,0.0763,-4.0256,-0.0763,142.9823,0.2545,-6.0796,-0.2545,63.2803,tracknet
314,200,200.0,7,train,False,-2.0402,1.7821,0.307,-2.3329,49.4583,-0.3516,3.5583,-3.7634,438.2859,1.6798,-2.5188,-2.4352,245.9143,tracknet
183,200,200.0,5,train,False,-0.0861,0.4596,3.4377,0.4596,225.5937,0.2527,3.6386,0.2527,201.6764,0.1507,4.7481,0.1507,90.9907,tracknet
426,200,200.0,12,test,False,-2.6214,0.382,3.22,-3.733,892.8047,-0.7171,-1.5093,-3.3979,407.4138,-1.8216,-5.6769,-2.2934,36.8512,tracknet
64,200,200.0,16,test,False,-1.6087,-2.4031,-1.5826,-1.7119,621.0953,-2.4043,-2.3823,-1.7107,541.1453,-2.4486,-6.7887,-1.6664,100.5712,tracknet
131,200,200.0,15,train,False,-2.5427,-0.4435,-2.8519,-3.6715,653.1587,-1.4689,-12.6362,0.7512,330.6834,-1.3663,-8.5613,-2.7487,80.3846,tracknet
385,200,200.0,30,test,False,-0.1158,-4.0985,12.0119,0.1269,95.2726,-4.1204,12.5376,0.6526,147.8218,-4.0389,10.8413,-0.0761,22.6502,tracknet
96,200,200.0,19,train,False,-1.9982,1.3894,-1.5241,-2.7256,520.9522,-0.4669,9.0916,-2.7934,1598.4451,1.6051,-7.7657,-2.5099,119.7889,tracknet
336,200,200.0,17,train,False,-2.447,1.3111,-0.1138,-2.8039,809.5163,1.8511,-18.0667,6.1817,986.7269,1.8766,-8.5557,-2.2384,41.1407,tracknet
384,200,200.0,15,test,False,-1.443,-2.9733,0.2842,-1.1417,780.2974,-1.1093,-32.3052,20.4202,2484.1509,-1.7598,-8.6674,-2.3552,147.1384,tracknet
340,200,200.0,13,train,False,-1.5076,-1.7323,-1.8098,-2.3827,821.3053,-1.8997,-2.8307,-2.2153,718.0413,-2.28,-7.648,-1.835,235.103,tracknet
62,200,200.0,16,test,False,-1.4489,2.683,0.0052,-1.432,642.9505,2.6865,6.4887,-1.4285,1291.3031,2.3759,-7.0743,-1.7391,71.184,tracknet
137,200,200.0,17,train,False,-1.7355,-0.6438,-3.8368,-3.4712,632.5957,-0.5441,-2.041,-3.5709,812.4466,-0.7358,-7.3592,-3.3792,280.8258,tracknet
61,200,200.0,25,test,False,-1.3072,1.9813,11.9456,0.0606,141.0063,1.8749,11.7099,-0.1751,115.6455,1.4367,10.4559,-1.4291,23.5897,tracknet
73,200,200.0,34,test,False,-1.9185,0.2922,-5.6961,-3.8228,427.0794,0.4417,12.0079,0.1229,2197.4665,0.3936,-5.7371,-3.7214,422.9665,tracknet
67,200,200.0,22,test,False,-2.3343,-1.0521,5.9274,-3.0629,74.2809,-1.826,4.1266,-2.289,165.68,-1.8622,5.5472,-2.2528,24.9262,tracknet
334,200,200.0,22,train,False,-2.3721,-0.8481,-1.2595,-3.2669,557.9588,-1.1584,-2.8821,-2.9566,392.8457,-1.469,-6.4579,-2.646,41.2862,tracknet
133,200,200.0,18,train,False,-2.534,1.0493,-2.446,-3.0657,690.2116,1.1745,-4.1502,-2.9405,519.3339,1.3317,-7.2895,-2.7833,205.3254,tracknet
2,200,200.0,10,train,False,-1.5397,3.4136,1.7668,-0.7014,880.0035,3.3371,1.3309,-0.7779,835.8895,2.7817,-8.7243,-1.3333,174.3329,tracknet
371,200,200.1025,19,test,False,-0.3195,3.6676,-2.1458,-0.4474,713.0394,3.8026,-9.6607,-0.3124,38.5732,3.7306,-8.1171,-0.3844,115.9687,tracknet
322,200,200.3586,17,train,False,-2.3326,1.2676,7.4541,-2.8474,161.6768,1.4067,7.4419,-2.7083,156.6214,1.4986,7.1266,-2.6164,123.81,tracknet
341,200,200.4065,20,train,False,-1.3064,1.9811,8.0371,-2.1339,151.34,2.5859,7.2342,-1.5291,51.4806,2.6298,7.4963,-1.4852,74.8016,tracknet
177,200,200.7407,15,train,False,-0.4077,3.7939,10.4002,-0.3211,30.6129,3.7944,10.9645,-0.3206,86.2375,3.6545,10.405,-0.4605,30.3027,tracknet
231,200,200.7824,14,train,False,-0.4403,2.9184,7.5185,-1.1966,80.6557,3.4666,6.6226,-0.6484,64.9817,3.384,7.0912,-0.731,32.5745,tracknet
421,200,200.9466,23,test,False,-1.2566,-2.7719,5.9924,-1.3431,144.2201,-2.8081,4.8434,-1.3069,29.4914,-2.8349,5.25,-1.2801,69.756,tracknet
285,200,200.955,19,train,False,-2.1941,-1.3021,-1.9211,-2.8129,746.8242,-1.6917,-5.539,-2.4233,383.1569,-2.0414,-7.9965,-2.0736,137.2531,tracknet
280,200,201.1273,17,train,False,-2.1414,1.0429,9.351,-2.534,124.7637,1.9202,8.0082,-2.1948,51.4585,2.1613,8.0833,-1.9537,47.5397,tracknet
303,200,201.1419,5,train,False,-0.8253,1.4329,3.1786,-1.4329,258.4506,7.2481,2.5604,3.1331,463.7442,4.2054,4.1608,0.0904,122.6255,tracknet
125,200,201.4527,11,train,True,0.0282,3.2466,-1.4974,-0.8684,746.1966,5.1241,-23.6406,11.7556,1476.7822,4.4407,-8.3545,0.3257,62.6022,tracknet
269,200,201.4733,34,train,False,-2.1426,-1.2872,15.1968,3.3118,630.3474,-1.8035,9.222,-2.3115,33.6676,-2.1944,10.7481,-1.1369,183.0845,tracknet
43,200,201.6778,5,train,True,0.0533,2.3806,8.9422,8.9422,1497.2558,2.84,4.928,4.928,1093.225,3.3725,-4.3137,-0.7425,179.5491,tracknet
362,200,201.7927,15,test,False,-2.0925,-0.879,10.0735,-1.8115,149.5935,-0.774,10.0536,-1.8314,156.5547,-1.2661,9.4623,-2.4227,83.4821,tracknet
8,200,201.8052,27,train,False,-2.0329,-2.0688,-4.006,-2.0462,584.6077,-2.0102,-7.3789,-2.1048,247.392,-2.0497,-7.0943,-2.0653,275.7915,tracknet
169,200,202.0872,40,train,False,-2.3814,-2.1837,-0.4003,-1.9313,452.1848,-4.0807,19.6821,7.7971,2469.3652,-1.0807,-4.0369,-3.0343,108.2049,tracknet
359,200,202.6517,16,test,False,-3.4241,-1.7084,7.4684,-2.4066,106.632,-0.9129,7.6221,-3.2021,27.6663,-0.2346,7.1473,-3.8804,78.5858,tracknet
342,200,202.8478,16,train,False,-0.4173,3.7983,-3.553,-0.3167,792.5058,2.7446,-18.8851,7.0001,744.5802,3.1927,-9.1934,-0.9223,228.3356,tracknet
407,200,202.8647,13,test,False,-2.6312,2.0184,6.357,-2.0966,131.4884,0.985,7.0084,-3.13,74.2477,1.0584,6.6873,-3.0566,96.9352,tracknet
238,200,202.9568,7,train,False,-0.6479,1.732,10.3829,10.3829,1509.4718,3.9729,-17.5659,11.1659,1296.394,3.3219,-6.1646,-0.2354,155.9575,tracknet
266,200,203.0425,11,train,False,-2.0629,-1.7454,9.3354,-2.3696,31.2546,-1.9044,9.4018,-2.2106,14.7739,-1.981,9.6198,-2.134,23.5229,tracknet
140,200,203.1795,26,train,False,-2.4239,0.8764,9.9961,-1.8889,82.5106,1.2007,10.0668,-1.8182,67.7729,1.3449,9.1087,-2.7701,38.6848,tracknet
100,200,203.2635,14,train,False,-1.7548,2.0807,-0.5248,-2.0343,698.0154,2.3354,-8.404,-1.7796,90.4903,2.3359,-7.3727,-1.7791,12.903,tracknet
249,200,203.4328,6,train,False,-2.1043,-1.4368,8.3385,-2.6782,1350.769,-0.6644,18.2943,6.4093,2348.9948,-2.7935,-5.4334,-1.3215,83.0171,tracknet
12,200,203.434,14,train,False,-0.5685,3.0784,10.6112,-1.0366,55.7713,3.5786,10.5914,-0.5364,28.5222,3.5956,10.4853,-0.5194,18.401,tracknet
382,200,203.9738,14,test,False,-1.3616,1.6177,0.6221,-2.4973,722.7103,3.7525,-16.9195,5.0345,1045.213,3.3943,-7.3489,-0.7207,105.1572,tracknet
292,200,204.2623,13,train,False,-3.1812,0.2653,4.478,-3.8497,915.638,-1.3302,-9.4741,-2.4109,489.0669,-1.1923,-8.633,-2.9227,404.1704,tracknet
139,200,204.3349,14,train,False,-1.8619,-1.2451,1.6248,-2.8699,718.2262,-1.5744,-0.516,-2.5406,501.6489,-2.123,-7.8422,-1.992,235.9429,tracknet
165,200,204.3719,15,train,False,-2.8144,0.6838,0.4495,-3.4312,880.7992,0.7502,0.3276,-3.3648,868.1884,1.5389,-5.4239,-2.5761,292.2732,tracknet
429,200,204.4444,11,test,False,-0.7003,-1.8603,5.9004,-2.2547,200.9128,-2.5023,6.5736,-1.6127,109.1908,-2.8984,5.83,-1.2166,143.9142,tracknet
16,200,204.4444,18,train,False,-3.767,0.2685,0.7256,-3.8465,761.3674,-0.2847,-5.191,-3.8303,167.3301,-0.3593,-6.8243,-3.7557,4.0407,tracknet
110,200,204.5527,14,train,False,-0.336,-4.0241,-1.4958,-0.0909,809.451,-3.941,-4.5655,-0.174,502.3743,-3.7931,-7.4318,-0.3219,215.4856,tracknet
21,200,204.6458,29,train,False,-0.9722,3.1888,0.9116,-0.9262,721.3319,3.2059,-1.9162,-0.9091,438.581,3.3713,-6.4131,-0.7437,25.4273,tracknet
376,200,204.6485,9,test,False,-0.5387,-1.5652,1.5973,-2.5498,884.4366,-0.264,6.244,-3.851,1366.6803,-2.7833,-8.3864,-1.3317,158.3808,tracknet
63,200,204.6944,19,test,False,-0.6152,2.5466,-4.6705,-1.5684,662.3152,2.0879,-0.5765,-2.0271,1074.1917,2.4423,-7.5015,-1.6727,382.6828,tracknet
18,200,204.7059,14,train,False,-1.4971,-2.4136,8.6153,-1.7014,43.3969,-2.4682,-0.5334,-1.6468,876.7208,-2.5178,7.7635,-1.5972,47.9568,tracknet
234,200,204.7799,5,train,False,-0.3821,1.7222,5.2203,-1.1797,224.8723,3.6069,4.3632,-0.5081,19.5692,3.4542,5.1005,-0.6608,92.9827,tracknet
36,200,204.8301,18,train,False,-1.6139,-2.1407,-2.799,-1.9743,750.6796,-1.181,-13.8757,1.9907,361.2485,-1.495,-7.7008,-2.62,257.143,tracknet
157,200,204.8433,22,train,False,-1.9456,-2.0071,-3.1406,-2.1079,643.4017,-2.0364,-3.5534,-2.0786,602.0602,-2.1419,-5.5442,-1.9731,402.845,tracknet
338,200,204.9067,10,train,False,-2.2033,0.9218,2.6102,-3.1932,873.7189,2.4878,-11.2206,-0.6644,518.2055,1.9147,-8.4784,-2.2003,240.7677,tracknet
377,200,204.9231,8,test,False,-0.6598,2.3148,4.5413,-1.8002,116.8792,2.2333,4.4328,-1.8817,123.0766,2.7939,4.7209,-1.3211,79.1846,tracknet
367,200,204.9431,14,test,False,-3.6005,0.2712,1.6904,-3.8438,751.6639,-0.4117,-4.5691,-3.7033,122.0293,-0.5006,-7.4242,-3.6144,163.9203,tracknet
434,200,205.0133,14,test,False,-1.7066,-1.7124,8.1218,-2.4026,73.142,-1.8218,8.2457,-2.2932,59.5224,-2.0367,8.176,-2.0783,40.8924,tracknet
428,200,205.0697,19,test,False,-1.1186,2.3953,-0.6889,-1.7197,691.0102,3.4048,-17.4687,5.5837,990.4285,3.088,-7.4944,-1.027,12.058,tracknet
299,200,205.1108,18,train,False,-0.4202,-3.1461,-1.4498,-0.9689,793.7104,-3.652,-7.8156,-0.463,155.2925,-3.7591,-9.2459,-0.3559,13.7945,tracknet
270,200,205.1131,10,train,False,-0.8438,-3.8318,2.8486,-0.2832,1040.3074,-2.6112,-15.6844,3.7994,817.178,-2.9573,-8.1266,-1.1577,66.5914,tracknet
166,200,205.3624,17,train,False,-1.8152,2.8205,7.0805,-1.2945,131.7138,2.8907,6.7175,-1.2243,103.2568,2.6287,7.2409,-1.4863,140.9128,tracknet
390,200,205.4153,12,test,False,-2.1859,-0.3652,1.7328,-3.7498,852.3644,-1.2056,-2.3797,-2.9094,432.7366,-1.8327,-8.1504,-2.2823,150.7338,tracknet
80,200,205.4902,17,test,False,-3.8085,-0.0812,6.099,-4.0338,82.9028,-0.1629,6.6193,-3.9521,31.2459,-0.2691,6.4027,-3.8459,49.5605,tracknet
112,200,205.601,15,train,False,-2.1298,-1.0359,0.3106,-3.0791,800.2561,-0.4626,3.9352,-3.6524,1167.0369,-1.9039,-6.7297,-2.2111,90.9353,tracknet
395,200,205.7705,19,test,False,-1.3242,1.9223,6.3272,-2.1927,89.9418,3.1613,6.3468,-0.9537,42.788,3.0023,5.8977,-1.1127,69.6087,tracknet
164,200,206.1337,25,train,False,-1.8387,-2.5165,11.1584,-0.7266,303.5493,-2.3945,9.4158,-1.7205,128.8804,-2.4192,9.7724,-1.6958,164.6266,tracknet
402,200,206.183,17,test,False,-2.6479,1.8759,5.2486,-2.2391,42.3781,1.7587,4.933,-2.3563,51.7144,1.3495,6.654,-2.7655,129.9283,tracknet
247,200,206.2745,6,train,False,-0.4054,-1.956,5.9643,-0.4357,218.8446,-3.4702,4.5069,-0.6448,28.155,-3.298,5.92,-0.48,133.0279,tracknet
159,200,206.3774,21,train,False,-1.2743,2.4122,-0.8496,-1.7028,760.036,2.7995,-6.3514,-1.3155,208.6797,2.9315,-7.4011,-1.1835,104.0743,tracknet
184,200,206.5224,39,train,False,-2.2096,-1.9994,0.466,-2.1156,668.7959,-1.7363,-8.3471,-2.3787,213.252,-1.888,-5.0071,-2.227,121.4333,tracknet
297,200,206.5272,18,train,False,-1.599,-1.647,-0.6943,-2.468,821.5251,-2.071,-3.8428,-2.044,504.0379,-2.5198,-7.8512,-1.5952,101.2277,tracknet
358,200,206.5786,26,test,False,-2.2134,-2.0674,2.9389,-2.0476,788.5487,-1.8145,-6.1759,-2.3005,123.4114,-1.8324,-7.457,-2.2826,251.3067,tracknet
414,200,206.7382,15,test,False,-2.44,-1.3447,-0.2461,-2.7703,693.0645,-2.0296,-24.6873,12.8023,1752.203,-1.5989,-8.6471,-2.5161,148.0174,tracknet
379,200,206.9272,5,test,False,-0.451,-0.0355,3.242,0.0355,133.5127,0.5351,3.7244,-0.5351,76.5518,0.7315,4.4102,-0.7315,29.0376,tracknet
10,200,207.2357,5,train,False,-1.368,-0.3377,4.2737,-0.3377,121.36,-0.8345,3.9578,-0.8345,62.4944,-1.0636,4.8151,-1.0636,122.1397,tracknet
4,200,207.2515,12,train,False,-0.2068,3.1882,0.9758,-0.9268,884.5387,4.1411,-9.0442,0.0261,122.6269,3.7979,-7.7959,-0.3171,11.8913,tracknet
418,200,207.441,11,test,False,-1.57,1.0745,1.0295,-3.0405,639.6684,5.4179,-23.6883,11.8033,1871.4189,3.8562,-6.597,-0.2588,191.8934,tracknet
76,200,207.4932,26,test,True,0.2631,-4.286,0.4366,0.171,151.315,-4.3349,-0.6337,0.2199,44.2206,-4.3029,2.2292,0.1879,330.379,tracknet
172,200,207.4964,5,train,False,-0.1615,0.3733,3.8767,0.3733,146.5319,0.627,2.6527,0.627,270.5674,0.1793,5.3871,0.1793,37.0827,tracknet
416,200,207.6834,13,test,False,-3.9656,0.9173,0.8969,-3.1977,723.3807,0.0113,-4.7416,-4.1037,152.4708,-0.1868,-7.2187,-3.9282,96.1686,tracknet
162,200,207.8049,14,train,False,-1.2172,3.577,8.5393,-0.538,70.8188,3.228,9.25,-0.887,96.9379,3.0104,9.1924,-1.1046,86.1154,tracknet
37,200,208.0368,13,train,False,-1.8628,1.5302,7.0351,-2.5848,73.9865,2.0088,6.7052,-2.1062,29.5829,2.0899,7.2505,-2.0251,41.0511,tracknet
423,200,208.264,15,test,False,-3.0515,-1.8037,0.8113,-2.3113,718.048,-1.2945,-5.324,-2.8205,103.3122,-1.035,-6.8959,-3.08,56.5651,tracknet
396,200,208.2665,19,test,False,-3.8379,0.2819,-1.387,-3.8331,582.6074,1.7821,7.1037,-2.3329,1443.7477,-0.3126,-6.6187,-3.8024,56.8648,tracknet
343,200,208.3768,31,train,False,-0.0242,-3.5948,15.2479,3.3629,386.7708,-3.9122,11.2984,-0.2028,21.1744,-3.592,9.8301,-0.523,165.8768,tracknet
242,200,208.3908,4,train,False,-0.4477,1.361,4.5805,-1.361,230.6382,4.2574,4.0613,0.1424,78.6483,3.328,6.4032,0.0032,185.3222,tracknet
437,200,208.4429,5,test,True,0.0217,0.6332,3.3018,0.6332,237.913,0.2412,4.8656,0.2412,76.7493,0.1817,5.684,0.1817,18.0184,tracknet
443,200,208.5086,15,test,False,-0.2851,-2.4674,7.459,-1.6476,166.7414,-4.1334,8.3961,0.0184,30.4461,-4.0364,7.3943,-0.0786,104.6413,tracknet
378,200,208.5398,13,test,False,-0.6224,-1.6502,-0.5632,-2.4648,816.0604,-1.7502,-0.9927,-2.3648,771.9556,-2.733,-6.1717,-1.382,246.1561,tracknet
260,200,208.6166,29,train,False,-3.9489,-0.9477,-0.5633,-3.1673,727.5518,0.5892,-11.5669,-0.3181,383.7251,0.7653,-7.7667,-3.3497,59.9294,tracknet
261,200,208.6486,11,train,False,-1.6415,-1.8065,7.8116,-2.3085,96.3794,-2.3774,7.9037,-1.7376,79.372,-2.5127,8.2751,-1.6023,115.9886,tracknet
72,200,208.7805,13,test,False,-3.0509,1.4159,5.4025,-2.6991,134.3109,1.3793,5.3174,-2.7357,141.6867,1.0386,6.0956,-3.0764,60.3635,tracknet
150,200,208.7912,5,train,False,-0.0335,-0.1122,7.0278,7.0278,1340.7228,-0.5042,16.3025,16.3025,2269.0215,0.3045,-6.1184,-0.2816,30.1553,tracknet
331,200,209.1386,10,train,False,-0.9293,-2.9247,4.3658,-1.1903,63.0929,-3.0099,5.3753,-1.1051,46.9227,-3.1472,5.444,-0.9678,50.5252,tracknet
108,200,209.271,24,train,False,-2.2486,-1.4571,-2.0319,-2.6579,532.9377,-0.5407,6.1833,-3.5743,1359.3681,-1.7154,-7.1494,-2.3996,24.7509,tracknet
286,200,209.2973,15,train,False,-3.2782,0.1448,6.9937,-3.9702,71.5888,0.29,7.2175,-3.825,54.8222,0.7567,7.3369,-3.3583,17.8803,tracknet
339,200,209.4085,15,train,False,-1.3909,3.4082,7.7197,-0.7068,129.3554,2.9037,6.2692,-1.2113,39.5827,2.6515,7.5383,-1.4635,91.9296,tracknet
35,200,209.4631,10,train,False,-2.3911,-0.3719,5.2441,-3.7431,139.5929,0.6801,3.6618,-3.4349,308.2715,-1.4147,5.4756,-2.7003,33.0195,tracknet
284,200,209.505,16,train,False,-2.5217,0.6677,7.5958,-3.4473,93.159,1.3847,8.0967,-2.7303,44.7437,1.8199,7.4841,-2.2951,31.3581,tracknet
6,200,209.6812,11,train,False,-0.3611,3.5451,-3.4025,-0.5699,625.7294,3.3823,-0.594,-0.7327,906.9884,3.5261,-4.9618,-0.5889,470.0079,tracknet
411,200,209.8551,25,test,False,-1.9606,-2.1882,4.8716,-1.9268,134.9224,-2.0322,3.2286,-2.0828,31.8563,-2.0257,4.1622,-2.0893,65.2218,tracknet
296,200,210.094,22,train,False,-1.3433,2.2809,12.5276,0.6426,228.0277,3.0807,8.3722,-1.0343,195.3114,2.9307,9.4628,-1.1843,85.2841,tracknet
263,200,210.3744,11,train,False,-1.3515,-2.3974,8.0965,-1.7176,52.5844,-2.7743,7.2339,-1.3407,48.5179,-2.844,7.9965,-1.271,28.8974,tracknet
354,200,210.4165,29,train,True,0.988,4.8855,0.3565,0.7705,633.44,5.0027,-13.6411,1.7561,766.7531,4.1674,-6.0926,0.0524,94.3104,tracknet
363,200,210.4889,17,test,False,-2.9275,-1.6155,0.9829,-2.4995,756.5453,-1.0264,-8.0899,-3.0886,152.8013,-1.0232,-8.1207,-3.0918,155.8968,tracknet
372,200,210.5987,9,test,False,-1.1168,-1.0828,5.9527,-0.4473,102.7332,-1.7768,4.1977,-1.7768,108.8905,-1.4668,5.6387,-0.7613,53.1678,tracknet
114,200,210.6289,15,train,False,-1.8331,-1.4664,-0.7169,-2.6486,812.0951,-1.1022,2.3397,-3.0128,1119.8868,-1.882,-7.3416,-2.233,150.9118,tracknet
438,200,210.7865,9,test,False,-1.5626,0.6039,4.6799,4.6799,930.1074,3.5963,-45.6804,39.2804,4115.9094,2.3572,-7.486,1.086,302.072,tracknet
111,200,210.9955,9,train,False,-1.3446,1.6282,5.5364,-0.8636,70.534,1.5405,5.3962,-1.0038,69.3152,2.1193,5.6733,-0.7267,61.8419,tracknet
237,200,211.0161,4,train,False,-0.3174,1.6493,4.7894,-1.6106,215.4274,3.332,4.3231,-0.783,78.0758,3.4053,5.5361,-0.7097,70.537,tracknet
56,200,211.2418,21,test,False,-2.0455,-2.288,-1.7875,-1.827,600.1477,-2.2452,-1.7269,-1.8698,606.0567,-1.9254,-6.7181,-2.1896,107.657,tracknet
310,200,211.4548,4,train,False,-0.751,0.7007,2.8695,-0.7007,342.6708,2.3416,4.5501,-1.7734,115.7443,2.828,5.6912,-0.7088,13.0095,tracknet
97,200,211.6078,13,train,False,-1.6004,-1.336,7.9382,-2.779,126.8513,-2.3065,8.2703,-1.8085,24.9246,-2.3831,7.792,-1.7319,62.9391,tracknet
127,200,211.6379,14,train,False,-1.4451,-2.454,2.63,-1.661,623.263,-2.3494,-26.8502,14.9652,2325.3501,-2.6273,-7.5088,-1.4877,391.0175,tracknet
413,200,211.8919,7,test,False,-0.3932,0.2035,4.1131,-0.2035,190.6183,1.5446,3.321,-1.5446,291.119,1.2174,5.3803,-1.0197,101.3023,tracknet
136,200,211.8974,18,train,False,-2.207,2.3767,9.9972,-1.7383,69.0399,1.9767,8.2977,-2.1383,119.4613,1.64,9.302,-2.475,32.756,tracknet
68,200,211.9298,25,test,False,-2.4544,-1.3292,-5.4659,-2.7858,396.9331,-1.8155,4.1796,-2.2995,1362.7122,-1.2242,-6.0661,-2.8908,336.5693,tracknet
49,200,211.9298,17,test,False,-1.9144,-2.1327,7.3822,-1.9823,78.0753,-2.1295,7.8215,-1.9855,34.5815,-2.1151,7.1451,-1.9999,101.8483,tracknet
39,200,212.1437,13,train,False,-2.091,1.123,6.8312,-2.992,90.3549,1.8943,6.9582,-2.2207,14.2811,2.2723,6.8428,-1.8427,25.4456,tracknet
360,200,212.1692,17,test,False,-1.4209,-2.3464,0.2659,-1.7686,800.0071,-2.7392,-6.7489,-1.3758,97.8757,-2.7159,-7.431,-1.3991,29.6387,tracknet
369,200,212.2864,14,test,False,-1.4469,1.8441,-1.3247,-2.2709,836.3371,2.8051,-10.8527,-1.0323,121.3082,2.7992,-8.6942,-1.3158,96.2153,tracknet
75,200,212.6038,8,test,False,-3.7093,-1.4653,7.8852,-2.6497,686.0279,4.3979,-19.2514,7.3664,2092.0844,1.897,-5.168,-2.218,662.301,tracknet
348,200,212.6565,9,train,False,-1.8374,-1.9615,1.4442,-2.1535,1038.8911,-2.0913,-12.1095,0.2245,317.502,-2.0083,-6.1348,-2.1067,281.8029,tracknet
398,200,212.8579,8,test,False,-0.6297,2.285,5.0702,-1.3298,132.7054,3.0089,5.7585,-0.6415,49.198,3.1329,5.2879,-0.9821,49.5395,tracknet
383,200,213.0598,16,test,False,-2.0572,-0.8633,10.0055,-1.8795,150.6263,-1.6948,9.5832,-2.3018,61.4043,-1.941,8.6854,-2.174,41.9157,tracknet
168,200,213.1836,22,train,False,-1.4069,-1.8926,13.4348,1.5498,323.0911,-2.5509,7.6661,-1.5641,264.705,-2.5925,9.8081,-1.5225,51.359,tracknet
51,200,213.2135,28,test,False,-0.8455,-3.0312,8.6673,-1.0838,105.8172,-0.3943,-1.6775,-3.7207,974.7466,-2.9241,7.7638,-1.1909,36.8162,tracknet
104,200,213.3011,4,train,False,-0.3456,-1.1568,2.4403,-1.1568,381.4058,-5.6955,5.1945,1.5805,192.6284,-3.6558,6.3381,-0.0619,112.478,tracknet
65,200,213.3333,20,test,False,-3.0207,-1.5383,5.9071,-2.5767,69.9857,-1.2574,6.114,-2.8576,37.181,-1.2445,6.0527,-2.8705,42.2945,tracknet
45,200,213.3333,24,train,False,-2.3769,1.6321,9.9881,-1.8969,97.3026,1.5403,10.1204,-1.7646,111.7181,1.6677,9.4552,-2.4298,43.9948,tracknet
240,200,213.3333,34,train,False,-2.5348,-0.378,13.6874,1.8024,434.8379,-0.2004,8.2307,-3.6543,112.734,-0.1788,11.4765,-0.4085,212.9267,tracknet
264,200,213.4843,4,train,False,-0.9719,-0.477,5.3947,0.477,170.6654,0.8403,5.4722,-0.8403,39.1513,1.7767,6.3094,-0.0906,103.7452,tracknet
94,200,213.5393,10,train,False,-2.6323,-0.3479,0.7432,-3.7671,685.2101,3.3848,-15.2209,3.3359,955.2352,2.0786,-5.9922,-2.0364,61.0484,tracknet
349,200,213.6228,4,train,False,-0.5773,-1.6501,4.7581,-1.6419,200.299,-3.0385,4.945,-1.0765,69.4844,-3.0778,5.3336,-1.0372,46.9509,tracknet
153,200,213.7577,14,train,False,-1.5338,1.4168,-2.4668,-2.6982,597.3264,0.8831,0.0016,-3.2319,849.8432,1.8957,-5.1272,-2.2193,327.0941,tracknet
71,200,213.7721,19,test,False,-0.7569,-2.8861,-1.6986,-1.2289,639.7096,-3.3383,-8.3594,-0.7767,28.1773,-3.2218,-7.0703,-0.8932,101.7113,tracknet
11,200,214.1313,27,train,False,-1.5572,-0.6825,-4.2469,-3.4325,608.8716,-0.8789,-0.9288,-3.2361,941.2526,-0.4656,-6.5771,-3.6494,375.1799,tracknet
370,200,214.3448,14,test,False,-2.303,2.2939,5.7579,-1.8211,55.6384,2.2374,5.9158,-1.8776,44.2051,1.7332,5.7297,-2.3818,31.6182,tracknet
24,200,214.4782,4,train,False,-0.5836,1.3041,3.826,-1.3041,247.1736,1.9754,4.3997,-1.9754,162.4136,2.343,5.0155,-1.3845,90.7501,tracknet
148,200,214.4893,20,train,False,-2.4449,2.2623,10.1716,-1.7134,118.9051,2.0544,10.2436,-1.6414,116.8104,1.7457,8.6859,-2.3693,46.0902,tracknet
321,200,214.5248,20,train,False,-2.1856,-2.5707,0.4117,-1.5443,899.7017,-1.433,-17.1798,5.2948,863.1659,-2.155,-7.8127,-1.96,78.301,tracknet
250,200,214.5324,18,train,False,-2.8849,0.6374,9.2313,-2.6537,295.0374,1.0721,8.2303,-3.0429,189.5873,1.4557,8.8199,-2.6593,248.9125,tracknet
124,200,214.8843,25,train,False,-3.7463,0.8531,5.8325,-3.2619,55.5407,0.5989,5.9532,-3.5161,45.4796,0.1979,6.5061,-3.9171,96.0411,tracknet
440,200,214.902,17,test,False,-2.2635,-2.3443,1.7505,-1.7707,690.17,-1.6622,-5.8864,-2.4528,77.6313,-1.5622,-7.4925,-2.5528,237.6677,tracknet
78,200,215.1598,18,test,False,-2.6022,1.946,5.4229,-2.169,55.1348,3.0205,0.8123,-1.0945,517.6063,1.6561,5.2121,-2.4589,57.0201,tracknet
87,200,215.1724,21,test,False,-1.6365,-2.7783,1.7073,-1.3367,179.5843,-3.1975,1.6481,-0.9175,185.6318,-2.1573,3.6946,-1.9577,377.1633,tracknet
356,200,215.3366,7,test,False,-0.3354,2.2386,7.0064,7.0064,1308.1528,3.0552,-0.4228,-0.4228,560.8186,3.1395,-5.4493,-0.9507,83.4034,tracknet
55,200,215.5556,25,test,False,-2.4284,-1.0569,9.4884,-2.3966,86.0627,-1.2391,9.3649,-2.5201,64.4005,-1.3585,8.6099,-2.7565,43.9078,tracknet
323,200,215.6231,9,train,False,-0.2922,-2.2827,2.2763,-1.8323,951.0807,-2.7913,-0.0017,-1.3237,718.1652,-3.3943,-7.31,-0.7207,47.3342,tracknet
387,200,215.641,14,test,False,-0.6988,3.764,7.1437,-0.351,133.7139,3.9473,5.4034,-0.1677,307.7504,3.3343,6.807,-0.7807,162.9866,tracknet
278,200,215.698,17,train,False,-1.7017,2.0554,9.9945,-1.8905,126.3931,2.3431,8.8141,-1.7719,7.7032,2.3763,8.5576,-1.7387,22.7752,tracknet
98,200,215.7192,15,train,False,-2.0548,0.7191,2.4762,-3.3959,804.5833,1.9355,-4.606,-2.1795,86.0125,1.6176,-4.7511,-2.4974,83.318,tracknet
135,200,215.7265,17,train,False,-1.3883,2.7514,-4.8725,-1.3636,365.9685,2.6564,-6.5255,-1.4586,200.7799,2.6129,-7.869,-1.5021,67.2763,tracknet
176,200,215.7288,27,train,False,-2.3953,1.4634,-1.2712,-2.6516,653.3047,1.5117,-1.6214,-2.6033,618.133,1.6546,-5.9769,-2.4604,182.3504,tracknet
115,200,215.7669,12,train,False,-2.091,0.9624,5.6847,-3.1526,146.9789,0.3411,4.6014,-3.7739,269.0965,2.3149,5.9733,-1.8001,78.3884,tracknet
365,200,216.1163,16,test,False,-2.7103,-0.7589,-0.3204,-3.3561,799.6,-1.4037,-7.7346,-2.7113,55.5723,-1.3535,-6.9206,-2.7615,137.0691,tracknet
25,200,216.2159,23,train,False,-3.0333,-0.5056,-1.7167,-3.6094,618.4423,0.168,3.5552,-3.947,1149.7517,-0.996,-7.2351,-3.119,64.4896,tracknet
109,200,216.2735,13,train,False,-0.7279,-3.3187,7.3426,-0.7963,135.2097,-3.3077,8.389,-0.8073,31.4224,-3.2792,7.1381,-0.8358,155.8642,tracknet
275,200,216.2963,13,train,False,-0.06,4.4769,9.0233,0.3619,91.9585,4.0595,8.4728,-0.0555,26.6642,3.855,8.9479,-0.26,76.821,tracknet
289,200,216.331,5,train,True,0.3356,-0.1282,4.1343,0.1282,270.6943,0.107,4.7131,-0.107,208.6746,0.7111,6.0836,-0.3164,65.8159,tracknet
271,200,216.4907,6,train,False,-0.9196,0.4012,5.6591,-0.4012,69.1331,1.1164,6.0144,-0.3856,83.6175,1.4347,6.1687,-0.2313,109.5681,tracknet
309,200,216.5608,6,train,False,-2.2092,-1.866,3.0073,-2.249,286.2078,-1.8516,3.731,-2.2634,358.588,-1.8802,-0.3483,-2.2348,49.4453,tracknet
142,200,216.5945,16,train,False,-1.0698,-3.205,9.8197,-0.91,103.1916,-3.2209,9.8162,-0.8941,103.96,-2.9281,9.7047,-1.1869,111.0589,tracknet
306,200,216.5967,17,train,False,-0.4536,2.7538,4.5293,-1.3612,786.0809,4.3457,-17.0844,5.1994,1382.2396,4.0988,-7.79,-0.0162,453.218,tracknet
262,200,216.7761,38,train,False,-2.9389,-1.7998,1.1395,-2.3152,574.4624,-4.7876,18.8896,7.0046,2373.7132,-1.6615,-3.4518,-2.4535,122.0078,tracknet
7,200,216.8306,6,train,False,-0.1999,0.4636,4.7814,0.4636,74.3756,0.3318,4.744,0.3318,60.9894,0.342,5.1217,0.342,86.6769,tracknet
103,200,216.9297,4,train,True,0.124,1.0073,2.8386,1.0073,277.1873,0.6709,3.7297,0.6709,182.035,-0.012,4.6167,-0.012,86.0056,tracknet
147,200,217.0136,11,train,False,-1.0175,1.9709,0.7704,-2.1441,896.969,2.9124,-6.1064,-1.2026,203.026,2.6489,-7.5122,-1.4661,76.2034,tracknet
330,200,217.2597,14,train,False,-3.6771,0.4494,1.454,-3.6656,900.5332,0.2561,0.2075,-3.8589,774.6174,-0.4656,-7.5123,-3.6494,2.8089,tracknet
420,200,217.3041,30,test,False,-3.8904,0.1075,-0.5103,-4.0075,644.543,-0.1501,-9.7333,-2.1517,278.7132,-0.1258,-5.8204,-3.9892,113.1149,tracknet
27,200,217.315,4,train,False,-0.4833,-0.2661,3.1459,0.2661,184.1175,1.4777,3.5921,-1.4777,158.6034,1.5521,4.7339,-1.5521,107.2934,tracknet
79,200,217.4671,16,test,False,-3.3649,0.8721,0.9029,-3.2429,615.553,0.8776,0.7897,-3.2374,604.2517,0.7518,-6.5135,-3.3632,126.2102,tracknet
117,200,217.5599,20,train,False,-2.8546,0.034,10.1776,-1.7074,134.8448,0.1207,10.2107,-1.6743,133.4175,0.461,9.3139,-2.5711,39.9784,tracknet
15,200,217.586,17,train,False,-1.9423,1.297,10.9043,-0.9807,171.0572,2.123,10.226,-1.659,79.2638,2.3695,9.9817,-1.7455,58.1166,tracknet
347,200,217.6499,26,train,False,-3.4437,-0.2649,14.8492,2.9642,840.8502,-0.4003,2.6148,-3.7147,384.5297,-0.279,10.0607,-1.8243,363.1367,tracknet
66,200,217.7809,12,test,False,-2.2017,1.3755,-0.1495,-2.7395,704.4898,1.7184,-4.7944,-2.3966,238.7422,1.8019,-7.4289,-2.3131,27.8287,tracknet
129,200,217.8899,19,train,False,-1.2323,-3.3339,4.2386,-0.7811,178.0619,-2.1992,-2.0513,-1.9158,461.8185,-2.3732,5.0082,-1.7418,254.3618,tracknet
138,200,217.9332,18,train,False,-1.3735,1.9306,9.9969,-1.8881,70.633,2.2377,10.2398,-1.6452,32.4066,2.2859,9.5172,-1.8291,100.2576,tracknet
375,200,218.1847,8,test,False,-1.2555,1.7422,4.5805,-1.7422,112.6388,2.69,4.944,-1.425,53.4114,2.8098,4.5929,-1.3052,16.3228,tracknet
33,200,218.4189,13,train,False,-2.366,-1.8852,7.5154,-2.2298,13.6222,-1.9082,8.0647,-2.2068,57.2987,-1.7483,7.9221,-2.3667,40.7864,tracknet
149,200,218.4549,13,train,False,-1.0949,-2.0474,-1.6024,-2.0676,907.3248,-4.0939,-30.609,18.724,2001.4446,-3.2555,-8.5875,-0.8595,204.9445,tracknet
9,200,218.4615,17,train,False,-0.0442,-4.1227,11.7628,0.0077,106.2393,-4.0415,11.7994,-0.0735,109.8151,-3.797,10.4272,-0.318,38.762,tracknet
268,200,218.6112,6,train,False,-0.8198,1.2168,11.5093,11.5093,1641.5842,3.32,-9.7094,3.3094,493.5104,2.9455,-6.4824,0.0824,174.3479,tracknet
113,200,218.6667,18,train,False,-1.2468,1.443,11.244,-0.641,100.285,1.5496,11.4538,-0.4312,107.0015,1.7891,10.2477,-1.6373,59.8115,tracknet
257,200,218.7637,19,train,False,-2.4163,2.3661,6.3303,-1.7489,195.0615,1.9571,6.0339,-2.1579,155.8126,1.77,6.1663,-2.345,167.0396,tracknet
415,200,218.8864,12,test,False,-1.5115,1.3998,4.9027,-2.7152,194.7793,1.6931,5.4523,-2.4219,133.8821,2.4223,5.9795,-1.6927,48.9262,tracknet
432,200,218.8889,7,test,False,-0.1622,-2.2811,4.8683,-1.5317,198.6666,-5.3522,5.3825,1.2372,150.6962,-4.2876,6.3417,0.1726,52.1629,tracknet
436,200,218.9421,14,test,False,-0.8772,3.5398,10.4663,-0.5752,77.1959,3.3566,10.9349,-0.7584,37.4095,3.0906,10.1724,-1.0244,84.1505,tracknet
259,200,218.9882,7,train,False,-0.6235,-1.7327,5.6515,-0.7485,190.7051,-4.7607,1.0077,0.6457,410.7544,-3.7344,5.3754,-0.3806,52.1234,tracknet
351,200,218.9897,27,train,False,-0.4182,3.6177,4.7688,-0.4973,742.8287,3.6822,-2.075,-0.4328,58.4239,3.6019,-7.1385,-0.5131,448.043,tracknet
374,200,219.0769,32,test,False,-1.651,1.6843,12.7927,0.9077,258.9752,1.946,10.4101,-1.4749,22.3761,1.9336,9.496,-2.1814,75.3237,tracknet
232,200,219.1291,19,train,False,-1.9816,3.2765,2.6487,-0.8385,758.2287,3.2676,2.4666,-0.8474,740.0983,1.4569,-6.8387,-2.6581,210.3511,tracknet
422,200,219.1753,5,test,False,-1.3157,-0.4003,2.9574,-0.4003,253.2905,-0.802,3.6073,-0.802,176.9119,-1.2285,5.1296,-1.2285,54.9162,tracknet
325,200,219.2221,7,train,False,-0.825,2.2922,6.4543,0.0543,157.5768,3.0597,6.3816,-0.0184,116.9804,3.3693,6.5583,0.1583,132.5959,tracknet
435,200,219.2475,9,test,False,-1.4621,0.8172,4.494,4.494,952.3152,0.8063,3.724,3.724,876.2854,1.3935,-7.6457,1.2457,280.6766,tracknet
272,200,219.2665,20,train,False,-2.3359,-1.5769,3.7658,-2.5381,1000.1628,-1.782,-12.8648,0.9798,663.0956,-1.8485,-8.464,-2.2665,223.1282,tracknet
425,200,219.3258,7,test,False,-0.3307,2.8684,3.7994,-1.2466,122.7544,2.4808,3.1178,-1.6342,198.651,3.4565,5.0174,-0.6585,51.773,tracknet
119,200,219.3569,18,train,False,-1.917,1.0626,8.8114,-3.0524,115.3159,1.7835,9.09,-2.3315,42.1654,1.8994,8.7929,-2.2156,37.0954,tracknet
401,200,219.5686,12,test,False,-1.5433,2.6246,2.2854,-1.4904,914.575,2.3417,-9.4077,-1.7733,255.7837,2.2884,-8.8348,-1.8266,199.486,tracknet
408,200,219.599,13,test,False,-3.3908,-0.4248,-0.2826,-3.6902,747.4912,-0.7343,-6.2878,-3.3807,146.3745,-0.7357,-7.6305,-3.3793,12.1602,tracknet
313,200,219.6239,13,train,False,-0.1455,4.5621,9.839,0.4471,59.7285,4.6125,9.4762,0.4975,70.4405,4.1329,10.1393,0.0179,40.9321,tracknet
248,200,219.7206,5,train,False,-0.4042,-1.5802,5.6852,-0.7148,227.3805,-3.282,5.0346,-0.833,45.215,-3.4956,6.0452,-0.3548,117.4138,tracknet
13,200,219.7654,4,train,False,-0.0647,1.3572,3.8653,-1.3572,335.8859,1.4603,3.8316,-1.4603,331.523,2.2903,5.4863,-0.9137,158.8906,tracknet
254,200,219.7962,19,train,False,-1.6787,-1.8759,11.6306,-0.2544,402.8226,-2.275,7.47,-1.84,23.5538,-2.4176,10.4935,-1.3915,285.1958,tracknet
276,200,219.9151,8,train,False,-0.6268,-0.7588,5.2532,-0.7588,136.5627,-3.8152,0.6286,-0.2998,544.8331,-2.7519,5.8991,-0.5009,74.1145,tracknet
307,200,220.1761,26,train,False,-1.9976,2.3274,11.4834,-0.4016,194.5824,1.8975,10.6249,-1.2601,100.5333,1.5294,9.7009,-2.1841,36.6117,tracknet
364,200,220.3733,27,test,False,-1.0375,2.3222,12.1673,0.2823,132.9563,2.1365,11.9519,0.0669,115.7586,2.0909,10.7965,-1.0885,39.5767,tracknet
439,200,220.5364,15,test,False,-1.3093,-1.651,9.6777,-2.2073,129.4112,-1.7256,10.0063,-1.8787,110.9943,-2.1636,9.319,-1.9514,114.0874,tracknet
256,200,220.5765,4,train,False,-2.3034,-0.0061,14.3302,2.4452,1968.3131,-0.0225,14.278,2.393,1963.2672,1.92,-6.0318,-2.195,77.0615,tracknet
361,200,220.6403,4,test,False,-0.4442,1.76,8.1968,8.1968,1393.7488,7.172,-68.7853,62.3853,6327.3156,3.9235,-4.7347,-0.1915,91.0161,tracknet
141,200,220.8677,14,train,False,-1.9527,-1.4121,0.4171,-2.7029,822.671,-1.8581,-1.9779,-2.2569,580.5372,-2.1186,-7.9556,-1.9964,18.5461,tracknet
441,200,221.2132,10,test,False,-1.9571,-2.0029,3.8997,-2.1121,190.9789,-2.1682,5.5332,-1.9468,27.0166,-2.1122,5.3894,-2.0028,41.626,tracknet
243,200,221.2276,4,train,False,-0.3979,-0.8086,4.7801,-0.8086,304.6479,-4.1742,3.7908,0.0592,46.452,-3.2353,6.6028,0.2028,277.1461,tracknet
388,200,221.2303,54,test,True,0.2766,-3.6578,-3.7224,-0.4572,843.9234,-3.4491,-12.2411,0.3561,21.7131,-3.6039,-7.1095,-0.5111,505.2298,tracknet
156,200,221.3462,21,train,False,-3.435,0.9432,8.8529,-3.0321,50.2497,0.9729,8.5243,-3.1421,33.825,0.711,8.8684,-3.0166,42.3968,tracknet
294,200,221.4931,15,train,False,-1.7739,1.351,8.2336,-2.764,100.4251,1.7636,8.5875,-2.3514,60.6751,2.4258,7.7427,-1.6892,66.4317,tracknet
1,200,221.6649,16,train,False,-0.8979,2.2038,10.8888,-0.9962,250.1018,2.4546,10.7127,-1.1723,224.3987,2.8944,10.1884,-1.2206,161.8653,tracknet
152,200,221.9608,17,train,False,-1.3308,3.2889,-2.6284,-0.8261,795.0268,2.7984,-9.3185,-1.3166,124.2851,2.7997,-7.868,-1.3153,268.9574,tracknet
158,200,222.1077,20,train,False,-2.0011,-2.4721,9.1921,-1.6429,55.2555,-2.1274,8.9969,-1.9876,22.5846,-2.0984,8.6393,-2.0166,13.3059,tracknet
277,200,222.381,15,train,False,-2.5345,-2.2149,4.0325,-1.9001,925.0777,-1.4174,-4.0722,-2.6976,113.6137,-1.2256,-6.1171,-2.8894,98.663,tracknet
335,200,223.0378,12,train,False,-2.7704,-1.7902,8.5121,-2.3248,79.8274,-1.6073,9.1388,-2.5077,34.172,-1.2565,9.2704,-2.6146,15.6112,tracknet
409,200,223.3484,14,test,False,-0.8746,-2.9748,6.098,-1.1402,77.6271,-3.0454,6.6114,-1.0696,29.1035,-3.0174,6.3931,-1.0976,48.8235,tracknet
394,200,223.4691,16,test,False,-2.6282,-0.8261,1.8925,-3.2889,809.6415,-1.5304,-7.6974,-2.5846,152.1098,-1.3726,-7.6717,-2.7424,149.9108,tracknet
88,200,223.619,20,test,False,-3.4191,1.5996,7.1088,-2.5154,95.406,1.7524,7.0615,-2.3626,108.7721,1.3473,5.6737,-2.7677,130.351,tracknet
251,200,223.6194,15,train,False,-1.2048,-1.6129,-1.6769,-2.5021,902.9673,-2.4046,-10.8452,-1.0398,19.4019,-2.2519,-8.7418,-1.8631,193.9085,tracknet
245,200,223.6398,7,train,False,-1.3927,2.4302,6.2164,-1.6848,66.3511,2.4413,7.6208,-1.6737,85.6063,2.7097,8.2263,-1.4053,141.4239,tracknet
282,200,223.936,16,train,False,-2.1518,0.8418,9.1327,-2.7523,112.1577,1.9656,9.0024,-2.1494,11.3155,2.2876,8.8102,-1.8274,44.5467,tracknet
107,200,224.1176,13,train,False,-1.4218,3.2153,4.2377,-0.8997,77.5388,2.9101,4.7895,-1.2049,21.7962,2.5087,4.7334,-1.6063,20.0112,tracknet
81,200,224.2793,26,test,False,-0.6055,-1.8237,-4.6855,-2.2913,659.4093,-1.7826,-4.4733,-2.3324,680.627,-1.8464,-7.1786,-2.2686,410.1131,tracknet
273,200,224.2904,10,train,False,-1.694,0.7032,6.1706,-3.4118,188.6835,3.2379,6.017,-0.8771,124.1024,2.5395,6.8212,-1.5755,17.5956,tracknet
442,200,224.6989,17,test,False,-1.7838,1.4252,-0.9982,-2.6898,753.5027,2.9609,-17.322,5.437,886.5776,2.4331,-7.989,-1.6819,50.0062,tracknet
288,200,224.7835,18,train,False,-0.9778,1.9731,9.2961,-2.1419,165.6531,3.2237,7.8071,-0.8913,32.2328,3.1602,8.0266,-0.9548,9.3785,tracknet
92,200,224.9587,11,train,False,-1.2641,3.1666,-0.3096,-0.9484,938.6383,2.4656,-20.1072,8.2222,1042.37,2.7456,-9.1729,-1.3694,52.8322,tracknet
424,200,225.098,12,test,False,-1.6286,-2.1409,4.9482,-1.9741,187.4802,-2.6931,6.3484,-1.4219,48.8422,-2.7698,5.8493,-1.3452,98.3344,tracknet
3,200,225.1096,16,train,False,-3.9708,0.7574,8.7574,-3.1276,176.8619,0.4649,7.0544,-3.6501,32.375,0.4582,8.22,-3.6568,116.4629,tracknet
235,200,225.1718,26,train,False,-2.9662,-0.0394,2.9472,-4.0756,803.0317,-1.4036,-6.5858,-2.7114,160.0074,-1.7027,-5.2725,-2.4123,61.4595,tracknet
236,200,225.2079,11,train,False,-0.993,-3.4663,9.3446,-0.6487,57.672,-3.3477,9.9469,-0.7673,108.8647,-3.2295,9.7662,-0.8855,89.074,tracknet
253,200,225.4431,13,train,False,-1.2897,2.9023,0.891,-1.2127,987.4791,2.6516,-16.1656,4.2806,718.4237,3.0068,-8.3755,-1.1082,63.4532,tracknet
295,200,225.7121,10,train,False,-3.3033,0.3835,3.402,-3.7315,880.193,-0.1743,-0.3713,-3.9407,498.7998,-0.9548,-8.1075,-3.1602,279.2709,tracknet
60,200,225.763,32,test,False,-0.6903,2.5796,-6.3456,-1.5354,484.933,2.5338,10.0581,-1.5812,2125.2979,2.5396,-6.1286,-1.5754,506.6767,tracknet
53,200,225.7658,25,test,True,0.6292,0.9893,13.6439,1.7589,121.5705,1.1622,13.0448,1.1598,59.8182,1.3283,9.9922,-1.8928,252.4355,tracknet
91,200,225.8191,41,train,False,-2.0795,1.5293,14.8478,2.9628,513.6808,1.7093,12.7408,0.8558,302.2462,2.2355,11.3123,-0.5727,158.9,tracknet
58,200,225.8739,10,test,False,-3.8231,0.8042,0.3686,-3.3108,709.6592,2.2512,7.8606,-1.8638,1472.478,-0.0861,-7.5945,-4.0289,97.3654,tracknet
386,200,225.9115,16,test,False,-1.442,1.462,0.0555,-2.653,837.4405,3.4954,-16.5074,4.6224,831.7243,3.0554,-6.2595,-1.0596,200.8099,tracknet
353,200,225.9795,7,train,False,-3.1108,2.343,5.914,-1.772,325.962,3.5852,1.6579,-0.5298,764.9444,0.6974,8.0239,-3.4176,75.4845,tracknet
319,200,226.1714,16,train,False,-2.5276,1.5797,1.2643,-2.5353,811.0494,1.5554,-5.6299,-2.5596,121.6742,1.5898,-7.6706,-2.5252,82.4419,tracknet
252,200,226.3835,15,train,False,-4.0841,-0.7939,6.1012,-3.3211,127.8445,0.1063,4.648,-4.0087,48.2273,0.0997,7.0443,-4.0153,192.1146,tracknet
241,200,226.4737,14,train,False,-0.0,-3.8952,-0.5903,-0.2198,958.9051,-4.1545,-11.5988,0.0395,142.2558,-4.0528,-8.1886,-0.0622,198.9181,tracknet
130,200,226.5313,17,train,False,-1.9145,2.2326,4.2485,-1.8824,9.6574,2.157,3.8829,-1.958,45.8787,1.8669,4.756,-2.2481,53.3463,tracknet
279,200,226.5515,19,train,False,-1.863,-1.6013,-0.9846,-2.5137,843.9311,-2.0468,-5.166,-2.0682,423.778,-2.2983,-8.162,-1.8167,123.7699,tracknet
345,200,226.6667,12,train,False,-2.1531,0.908,7.707,-3.207,105.4967,1.269,8.0818,-2.846,81.1923,1.6821,7.9565,-2.4329,40.8605,tracknet
389,200,226.7711,7,test,True,0.109,2.2607,5.254,-1.146,187.5986,2.858,5.713,-0.687,112.6461,3.0375,5.314,-1.0775,134.5185,tracknet
171,200,226.8148,22,train,True,0.314,-4.651,3.2164,0.536,339.6728,-4.8039,9.3766,0.6889,955.7036,-3.7526,-0.6863,-0.3624,84.9023,tracknet
93,200,226.9995,25,train,False,-0.921,-2.4106,4.4916,-1.7044,79.9406,-3.1271,3.1882,-0.9879,114.6241,-3.3253,3.9746,-0.7897,38.1207,tracknet
40,200,227.0064,12,train,False,-2.0975,0.766,9.5061,-2.3789,125.2676,0.8999,9.4611,-2.4239,111.772,1.3315,10.2132,-1.6718,102.4834,tracknet
298,200,227.0632,17,train,False,-1.4873,0.2705,10.8672,-1.0178,98.5476,0.5217,11.0456,-0.8394,89.3458,0.96,9.8071,-2.0779,61.658,tracknet
255,200,227.2472,11,train,False,-0.2988,2.2054,4.1271,-1.9096,1145.5464,3.2769,-2.1497,-0.8381,509.3556,3.652,-6.0807,-0.463,114.5716,tracknet
320,200,227.4531,10,train,False,-2.1359,-0.7958,6.6656,-3.3192,120.8224,-1.8014,7.0609,-2.3136,23.3301,-2.0223,6.8561,-2.0927,6.8781,tracknet
397,200,227.6036,14,test,False,-0.3238,-3.2019,8.1125,-0.9131,69.9388,-3.6483,6.0919,-0.4667,165.0196,-3.4787,7.504,-0.6363,38.9152,tracknet
267,200,227.726,10,train,False,-0.7428,3.245,8.6688,-0.87,314.3317,3.2817,8.2934,-0.8333,276.6826,3.5004,1.182,-0.6146,434.7888,tracknet
128,200,227.7333,11,train,False,-1.3054,1.0876,6.4039,-3.0274,202.8874,2.9997,7.8741,-1.1153,44.0499,3.1402,6.5444,-0.9748,98.9193,tracknet
302,200,227.8054,11,train,False,-0.8418,-1.5997,0.8975,-2.5153,774.8296,-0.3546,6.2332,-3.7604,1322.7087,-2.509,-7.689,-1.606,127.5504,tracknet
346,200,227.9392,14,train,False,-0.9282,2.5452,-1.4677,-1.5698,949.7185,2.0544,-11.5037,-0.3813,55.5807,2.2971,-8.8408,-1.8179,212.086,tracknet
132,200,227.9526,18,train,False,-0.823,-2.2317,10.6977,-1.1873,36.7869,-2.2237,10.5415,-1.3435,52.2292,-2.0144,10.1271,-1.7579,94.954,tracknet
47,200,228.1967,14,test,False,-2.3476,-1.0414,5.1476,-3.0736,137.5405,-1.6473,5.7091,-2.4677,61.8445,-1.7339,5.3486,-2.3811,96.7745,tracknet
134,200,228.3817,15,train,False,-1.4632,2.849,8.974,-1.266,82.9689,2.7671,9.6768,-1.3479,15.4724,2.3063,8.538,-1.8087,128.9029,tracknet
410,200,228.582,14,test,False,-2.1099,-2.7375,2.2131,-1.3775,687.2785,-1.9572,-6.3504,-2.1578,173.0439,-1.9175,-7.1029,-2.1975,248.3875,tracknet
312,200,228.76,10,train,False,-1.9842,-1.54,5.5058,-2.575,236.923,-1.8671,7.0822,-2.2479,76.4943,-1.9483,7.2173,-2.1667,61.0769,tracknet
274,200,228.8196,26,train,False,-1.2357,4.1049,-1.4373,-0.0101,885.591,2.2879,-13.8434,1.9584,368.3233,1.8258,-8.0336,-2.2892,241.6183,tracknet
431,200,228.8889,11,test,False,-0.0357,-2.5609,7.9499,-1.5541,159.1918,-2.3348,7.4623,-1.7802,199.4061,-2.9961,8.4962,-1.1189,108.5293,tracknet
329,200,229.1518,13,train,False,-1.7574,1.3303,8.1976,-2.7847,115.2927,2.1001,8.5126,-2.0149,87.6972,2.29,8.281,-1.825,61.0429,tracknet
333,200,229.3333,18,train,False,-0.5292,2.598,8.702,-1.517,180.9799,3.4199,7.3402,-0.6951,22.6804,3.3284,8.306,-0.7866,114.9712,tracknet
185,200,229.3665,25,train,False,-1.1413,-3.2026,5.04,-0.9124,271.4394,-3.1914,5.0151,-0.9236,268.8719,-3.1469,4.9841,-0.9681,265.4569,tracknet
70,200,229.4424,27,test,False,-1.9506,-0.1212,11.0253,-0.8597,114.0458,0.1665,9.2159,-2.6691,71.9916,0.2586,9.5895,-2.2955,34.8093,tracknet
380,200,229.476,12,test,False,-2.8186,1.4237,-0.084,-2.6913,893.1846,1.4256,3.0671,-2.6894,1208.2771,1.378,-8.2202,-2.737,79.8981,tracknet
179,200,229.9429,4,train,False,-1.046,0.1633,2.7563,0.1633,219.187,0.4985,1.9971,0.4985,301.3244,-0.5992,5.4014,-0.5992,93.1176,tracknet
406,200,229.9549,5,test,False,-1.0326,-0.1474,7.1367,7.1367,1170.1647,1.3481,-17.0832,10.6832,1258.1789,0.7411,-6.4162,0.0162,193.2983,tracknet
17,200,230.5174,9,train,False,-1.1607,1.8169,4.9709,-2.2981,181.271,2.2626,5.9468,-1.8524,81.7486,2.6707,6.3562,-1.4443,28.4878,tracknet
304,200,230.5341,22,train,False,-1.4216,-1.5298,4.216,-2.5852,878.0936,-2.3391,-1.2444,-1.7759,326.2356,-3.0232,-6.1657,-1.0918,171.0353,tracknet
283,200,230.6949,13,train,False,-2.6773,-0.3467,3.7664,-3.7683,919.2942,-2.5514,-15.7962,3.9112,1049.3904,-2.3749,-9.9238,-1.7401,465.752,tracknet
291,200,230.7458,11,train,False,-2.5587,0.4812,4.2846,-3.6338,166.0475,2.0452,5.4088,-2.0698,50.8892,2.0601,4.287,-2.0549,135.9785,tracknet
327,200,230.8395,12,train,False,-1.969,0.8305,7.0692,-3.2845,133.974,1.9397,7.6439,-2.1753,38.1487,2.1905,8.0234,-1.9245,70.1738,tracknet
121,200,230.9728,25,train,False,-3.7982,0.5496,8.9794,-2.9056,127.8105,0.3765,8.0986,-3.7385,38.0634,0.4325,8.5297,-3.3553,81.528,tracknet
145,200,230.9983,21,train,False,-2.6996,-1.2191,-6.5269,-2.8959,265.9359,-1.0939,-9.6031,-2.2819,42.1489,-1.1086,-8.6496,-3.0064,53.742,tracknet
14,200,231.1423,16,train,False,-1.1474,-1.6431,-1.2644,-2.4719,813.2365,-2.5018,-6.1807,-1.6132,314.2231,-3.1038,-7.0227,-1.0112,226.9571,tracknet
391,200,231.2628,20,test,False,-2.3914,-2.1292,6.2231,-1.9858,45.6832,-2.364,5.0258,-1.751,154.6332,-1.569,6.2276,-2.546,25.7292,tracknet
316,200,231.339,11,train,False,-3.5523,-0.0842,1.8537,-4.0308,1020.3962,0.6623,-7.7899,-3.4527,56.2447,0.4985,-8.5843,-3.3007,25.2173,tracknet
400,200,231.6276,35,test,False,-1.6776,1.8887,13.989,2.104,379.7661,2.2096,12.3938,0.5088,218.6621,2.1434,10.1141,-1.7709,13.2351,tracknet
44,200,231.7042,7,train,False,-0.4431,-0.2291,9.7588,9.7588,1478.2148,-0.1612,2.3104,2.3104,734.3419,0.1206,-6.8588,0.4588,187.862,tracknet
46,200,232.0,11,train,False,-0.1583,3.8326,1.9943,-0.2824,890.8785,4.0509,-3.3838,-0.0641,353.1053,3.8321,-7.4752,-0.2829,57.5268,tracknet
350,200,232.3768,46,train,False,-3.3153,1.298,12.2223,0.3373,411.4659,,,,,0.7867,-6.9752,-3.3283,1511.3158,tracknet
99,200,232.447,21,train,False,-2.9155,2.3785,9.7945,-1.7365,151.7651,1.6427,9.4064,-2.4723,72.0143,0.7208,8.3663,-3.3942,67.2564,tracknet
41,200,232.4638,12,train,False,-3.1442,1.5444,3.9046,-2.5706,890.8058,0.9318,-3.5778,-3.1832,140.7648,0.698,-7.0423,-3.417,207.5366,tracknet
239,200,232.4645,16,train,False,-2.3467,-2.0352,2.8964,-2.0798,922.9928,-1.5707,-10.8067,-1.0783,448.1384,-1.9181,-8.6837,-2.1969,235.8758,tracknet
26,200,232.5156,11,train,False,-0.6816,-3.285,9.9032,-0.83,22.1002,-3.371,11.8117,-0.0733,207.3258,-3.2496,10.6778,-0.8654,95.6241,tracknet
357,200,232.5382,3,test,False,-1.324,4.8212,0.9038,0.7062,987.2934,,,,,0.6536,6.8826,-3.4614,424.3131,tracknet
430,200,232.5912,19,test,False,-3.7645,-0.2031,3.8573,-3.9119,967.5907,0.3898,-6.7391,-3.7252,93.7186,0.4892,0.4403,-3.6258,624.4619,tracknet
315,200,232.6354,19,train,False,-3.5722,0.7163,9.5585,-2.3265,353.4161,-0.1769,7.3314,-3.9381,113.5696,-0.6042,8.2924,-3.5108,203.7065,tracknet
170,200,232.906,11,train,False,-1.2598,1.8238,7.5559,-2.2912,119.9815,3.0082,8.5752,-1.1068,43.4217,3.0608,9.1662,-1.0542,101.8332,tracknet
167,200,233.1031,14,train,False,-1.8061,2.6002,1.86,-1.5148,882.8977,2.6727,4.1861,-1.4423,1115.6137,2.343,-9.0387,-1.772,207.4871,tracknet
74,200,233.2991,19,test,False,-0.3264,-3.1555,7.0435,-0.9595,63.6155,-3.5427,7.4394,-0.5723,52.0637,-3.5193,6.7111,-0.5957,38.0845,tracknet
101,200,233.5213,27,train,False,-1.2854,-2.1006,7.7932,-2.0144,146.9843,-2.7491,6.2097,-1.3659,31.7498,-2.8715,7.374,-1.2435,85.8111,tracknet
399,200,233.6321,16,test,False,-0.5552,-1.9731,-4.7876,-2.1419,670.8352,-2.7644,-9.1633,-1.3506,227.4519,-2.7785,-9.3958,-1.3365,204.9553,tracknet
116,200,233.9526,22,train,False,-1.7118,-1.584,-1.049,-2.531,790.1471,-2.2754,-7.9643,-1.8396,95.2226,-2.2539,-7.5879,-1.8611,132.8434,tracknet
305,200,234.0414,7,train,False,-0.4799,-5.0332,3.8659,0.9182,264.5434,-4.7951,4.7022,0.6801,182.5439,-1.8302,6.7852,-2.2848,192.6425,tracknet
393,200,234.3037,14,test,False,-1.8497,2.9687,9.996,-1.1463,72.4347,2.3579,9.1162,-1.7571,71.2799,2.2097,8.8346,-1.9053,98.9925,tracknet
34,200,234.3276,15,train,False,-1.1122,2.1762,-0.0185,-1.9388,899.5521,3.0612,-9.9347,-1.0538,96.0487,2.6817,-8.0349,-1.4333,99.4406,tracknet
28,200,234.4554,8,train,False,-1.7831,1.8188,6.505,-2.2962,99.5543,2.5652,6.6786,-1.5498,71.8395,2.5031,6.9899,-1.6119,40.6112,tracknet
258,200,234.5991,13,train,False,-0.4556,-2.9474,-1.7847,-1.1676,960.5964,-3.7454,-15.4039,3.5189,404.0623,-3.3109,-9.1287,-0.8041,226.2578,tracknet
366,200,234.6514,25,test,False,-0.6293,1.9853,12.4008,0.5158,131.8271,2.2693,12.1175,0.2325,93.7481,2.297,10.1336,-1.7514,117.2873,tracknet
30,200,234.8627,11,train,False,-1.2258,-1.4657,-2.4758,-2.6493,805.4356,-0.8845,6.4764,-3.2305,1699.8385,-2.2373,-7.1429,-1.8777,332.5025,tracknet
301,200,235.1165,10,train,False,-1.1912,3.1827,2.4234,-0.9323,1021.2502,3.1099,-7.9133,-1.0051,22.5535,3.2137,-8.0422,-0.9013,38.696,tracknet
244,200,235.1495,21,train,False,-3.9524,-1.0821,6.6599,-3.0329,1092.2263,-0.0511,-5.0395,-4.0639,82.3579,0.6706,-7.3924,-3.4444,327.66,tracknet
59,200,235.4404,18,test,False,-2.9239,0.6689,5.1485,-3.4461,68.8172,0.9727,5.3175,-3.1423,35.454,1.1061,5.0622,-3.0089,54.1309,tracknet
105,200,235.7,5,train,False,-0.6922,-1.3916,3.2902,-1.3916,300.2394,-2.9697,4.9328,-1.1453,80.0915,-2.8121,4.1654,-1.3029,158.3751,tracknet
433,200,235.7051,19,test,False,-3.6753,-0.7786,-0.0232,-3.3364,777.104,0.3193,-6.5754,-3.7957,112.921,0.8124,-7.7768,-3.3026,38.0915,tracknet
146,200,235.7736,13,train,False,-2.4457,-1.5231,6.273,-2.5919,183.7261,-1.4635,7.7909,-2.6515,37.5024,-1.5544,6.6781,-2.5606,143.0924,tracknet
38,200,236.0286,15,train,False,-0.9777,-1.1507,-2.6868,-2.9643,827.1937,-0.917,-0.5238,-3.198,1044.7525,-1.5985,-7.7914,-2.5165,315.1669,tracknet
337,200,236.0554,11,train,False,-2.8245,-0.3117,6.1362,-3.8033,115.3781,-0.791,6.6386,-3.324,51.1101,-1.4025,6.9723,-2.7125,25.1616,tracknet
427,200,236.1032,12,test,False,-2.1207,-2.6306,6.8177,-1.4844,227.8599,-1.3701,8.4386,-2.7449,84.3354,-1.1021,7.9832,-3.0129,135.6995,tracknet
403,200,236.4766,31,test,True,0.0848,4.0265,1.5053,-0.0885,557.7171,3.857,-13.1953,1.3103,913.251,4.1679,-3.7643,0.0529,30.662,tracknet
300,200,236.8272,18,train,False,-2.6207,0.2118,9.6662,-2.2188,122.4945,0.7702,9.817,-2.068,81.4891,1.8984,9.4982,-2.2166,57.8824,tracknet
95,200,236.8664,19,train,False,-2.0002,-0.7525,10.8177,-1.0673,187.6854,-2.245,6.9579,-1.87,257.2076,-2.7181,8.472,-1.3969,121.4996,tracknet
144,200,237.6393,13,train,False,-2.7679,0.1012,7.3506,-4.0138,203.7876,-0.8786,8.7696,-3.1154,34.9386,-1.1434,7.4769,-2.9716,165.6,tracknet
265,200,238.1456,28,train,False,-3.6004,0.9946,2.0725,-3.1204,885.0672,0.4632,-7.3649,-3.6518,60.1906,0.5595,-6.108,-3.5555,65.8748,tracknet
233,200,238.226,10,train,False,-1.6688,-1.4428,7.139,-2.6722,108.7085,-2.2953,7.4247,-1.8197,71.9984,-2.1298,8.0567,-1.9852,137.2939,tracknet
381,200,238.3044,13,test,False,-2.3171,-1.0333,4.079,-3.0817,91.2256,-1.3873,4.6107,-2.7277,41.2015,-1.5544,4.6023,-2.5606,24.4864,tracknet
287,200,238.3156,13,train,False,-1.3864,-1.8036,2.6334,-2.3114,924.8712,-3.0033,-9.167,-1.1117,261.2496,-2.8862,-8.9283,-1.2288,236.4628,tracknet
419,200,238.3432,15,test,False,-1.4504,3.7978,10.2739,-0.3172,113.4743,2.4535,9.369,-1.6615,98.5519,2.1251,7.6617,-1.9899,272.3892,tracknet
290,200,239.6232,19,train,False,-2.5518,-1.1738,1.3395,-2.9412,855.9187,-1.5984,-7.2002,-2.5166,3.6778,-1.5345,-8.4832,-2.5805,127.2726,tracknet
392,200,239.6333,12,test,False,-1.9107,1.2896,2.9427,-2.8254,764.1107,3.0751,-22.3759,10.4909,1775.3804,2.8102,-7.4147,-1.3048,283.6652,tracknet
22,200,239.7176,5,train,False,-0.7184,3.9711,3.738,-0.1439,215.4571,3.9029,4.125,-0.2121,176.3806,3.3862,6.0106,-0.7288,19.6314,tracknet
182,300,300.0,18,train,False,-2.5609,2.9064,18.8384,6.9534,1465.1464,0.5134,-10.1546,-1.7304,1517.8466,-1.0895,-1.5636,-3.0255,646.2759,tracknet
160,300,300.0,10,train,False,-1.2327,-0.4164,4.7201,-3.6986,264.2575,-0.7726,5.144,-3.3424,217.4313,-1.753,5.1512,-2.362,124.2829,tracknet
173,300,300.0,34,train,False,-3.6372,0.5408,1.2519,-3.5742,910.724,0.5544,8.6134,-3.2716,1646.8655,0.4701,-6.139,-3.6449,171.6164,tracknet
161,300,300.0,27,train,False,-1.8193,0.8099,1.463,-3.3051,918.5991,2.5645,-10.7704,-1.1146,317.9737,2.329,-3.0208,-1.786,458.1416,tracknet
180,300,300.0,25,train,False,-3.3822,-1.2983,2.9616,-2.8167,1038.7981,-1.0437,-1.1065,-3.0713,631.2109,-0.9357,-5.9032,-3.1793,152.1418,tracknet
154,300,300.0,4,train,True,0.186,-0.3082,8.3174,8.3174,1491.3394,-0.4935,14.8242,14.8242,2142.2724,0.0003,-5.5635,-0.0003,104.9882,tracknet
151,300,300.0,30,train,False,-0.85,3.1068,6.717,-1.0082,74.158,2.8105,3.989,-1.3045,348.2257,2.8897,5.8807,-1.2253,160.5196,tracknet
174,300,300.0,12,train,False,-0.0451,3.0501,8.2582,-1.0649,181.8292,2.8183,7.4828,-1.2967,260.1653,3.3095,8.6532,-0.8055,134.5791,tracknet
307,300,300.1761,24,train,False,-1.9976,2.7316,12.2305,0.3455,279.1469,1.9373,10.7177,-1.1673,110.0975,1.3679,9.6226,-2.2624,30.6142,tracknet
364,300,300.3733,25,test,False,-1.0375,2.2448,12.3948,0.5098,156.561,2.1471,12.0167,0.1317,121.657,2.137,10.1207,-1.7643,80.51,tracknet
439,300,300.5364,13,test,False,-1.3093,-1.0995,9.451,-2.434,188.9147,-1.3365,9.8808,-2.0042,151.7822,-1.9715,9.366,-2.1435,122.4245,tracknet
361,300,300.6403,3,test,False,-0.4442,0.8101,15.0325,15.0325,2083.8896,,,,,2.441,-5.0973,-1.3027,133.1983,tracknet
177,300,300.7407,12,train,False,-0.4077,3.7763,9.1138,-0.3387,99.518,3.8027,10.6181,-0.3123,52.0352,3.6938,10.022,-0.4212,8.568,tracknet
141,300,300.8677,12,train,False,-1.9527,-1.0514,3.7002,-3.0636,1152.9189,-2.2265,-4.0849,-1.8885,369.0939,-2.2941,-8.3872,-1.8209,62.5923,tracknet
441,300,301.2132,8,test,False,-1.9571,-1.931,2.4858,-2.184,332.51,-2.2403,6.0098,-1.8747,22.25,-2.1014,7.0557,-2.0136,125.3845,tracknet
388,300,301.2303,52,test,True,0.2766,-3.6929,-0.1233,-0.4221,1203.8364,-3.4158,-12.6396,0.7546,53.2789,-3.6092,-5.6083,-0.5058,655.3423,tracknet
294,300,301.4931,13,train,False,-1.7739,0.8075,7.4026,-3.3075,183.0336,1.7738,8.6066,-2.3412,60.3271,2.3622,7.4019,-1.7528,99.988,tracknet
1,300,301.6649,14,train,False,-0.8979,1.6691,10.8997,-0.9853,277.0283,2.2419,10.9034,-0.9816,249.9266,2.8362,10.4399,-1.2788,187.6709,tracknet
169,300,302.0872,37,train,False,-2.3814,-2.4095,2.2923,-1.7055,722.3708,-4.0813,19.9871,8.1021,2499.7331,-1.0595,-2.2416,-3.0555,274.2289,tracknet
277,300,302.381,13,train,False,-2.5345,-2.5488,7.5598,-1.5662,1279.3059,-1.1234,-6.7592,-2.9916,162.8179,-1.1141,-5.7708,-3.0009,73.9813,tracknet
335,300,303.0378,10,train,False,-2.7704,-2.0154,7.2129,-2.0996,204.3825,-1.3075,9.7326,-2.1524,61.9409,-0.9994,9.2041,-2.6809,28.1735,tracknet
409,300,303.3484,12,test,False,-0.8746,-2.8681,5.2231,-1.2469,164.699,-3.0128,6.4851,-1.1022,41.1106,-3.0573,6.1872,-1.0577,66.5856,tracknet
394,300,303.4691,14,test,False,-2.6282,-0.537,4.9599,-3.578,1117.7274,-1.3346,-4.8311,-2.7804,135.4372,-1.4612,-8.2414,-2.6538,206.4648,tracknet
88,300,303.619,18,test,False,-3.4191,1.964,6.9487,-2.151,127.6478,1.6889,7.0938,-2.4261,103.4687,0.9599,5.8506,-3.1551,98.813,tracknet
251,300,303.6194,13,train,False,-1.2048,-1.2578,2.439,-2.8572,1316.072,-2.5907,-12.7029,0.8179,204.3169,-2.3805,-8.1997,-1.7345,248.1675,tracknet
245,300,303.6398,5,train,False,-1.3927,2.3132,4.7239,-1.8018,212.7958,2.4062,8.8261,-1.7088,203.8617,2.6809,9.2072,-1.4341,239.5445,tracknet
282,300,303.936,14,train,False,-2.1518,0.2497,8.4902,-3.3948,182.4106,1.9395,9.0117,-2.1755,10.6474,2.2582,9.1223,-1.8568,29.5051,tracknet
107,300,304.1176,11,train,False,-1.4218,3.4001,3.2851,-0.7149,168.1668,3.0236,4.7894,-1.0914,33.1108,2.5903,4.3574,-1.5247,46.5096,tracknet
81,300,304.2793,24,test,False,-0.6055,-1.791,-2.2032,-2.324,907.6308,-1.7702,-4.2068,-2.3448,707.2748,-1.8323,-6.7563,-2.2827,452.3344,tracknet
273,300,304.2904,8,train,False,-1.694,-0.1282,4.922,-3.9868,325.8246,4.8771,6.6675,0.7621,247.242,2.4436,7.6523,-1.6714,70.1469,tracknet
165,300,304.3719,12,train,False,-2.8144,0.1297,6.2662,-3.9853,1464.9887,0.9555,-1.002,-3.1595,734.2938,1.3023,-6.1085,-2.8127,222.8375,tracknet
442,300,304.6989,15,test,False,-1.7838,1.048,1.6962,-3.067,1025.5397,3.0988,-19.5957,7.7107,1114.3573,2.7796,-7.5422,-1.3354,103.8254,tracknet
288,300,304.7835,16,train,False,-0.9778,1.4678,8.8686,-2.6472,183.0569,3.3601,7.6341,-0.7549,53.2347,3.202,7.7804,-0.913,34.3341,tracknet
157,300,304.8433,19,train,False,-1.9456,-1.8716,-0.1963,-2.2434,938.0936,-2.138,-6.2732,-1.977,329.9495,-2.1522,-7.2388,-1.9628,233.3781,tracknet
92,300,304.9587,9,train,False,-1.2641,3.3017,3.5266,-0.8133,1322.496,2.7262,-16.0599,4.1749,637.0443,2.3238,-9.2334,-1.7912,69.7826,tracknet
424,300,305.098,10,test,False,-1.6286,-1.943,3.6253,-2.172,321.1858,-2.7976,6.5799,-1.3174,37.5909,-2.6012,6.0732,-1.5138,72.6857,tracknet
3,300,305.1096,14,train,False,-3.9708,0.9842,8.5253,-3.1308,165.5712,0.5791,7.4922,-3.5359,58.6665,0.5852,8.4007,-3.4843,137.488,tracknet
235,300,305.1718,24,train,False,-2.9662,0.5412,5.9626,-3.5738,1109.8158,-1.3503,-6.3757,-2.7647,138.4333,-2.0628,-5.3782,-2.0522,98.6794,tracknet
236,300,305.2079,9,train,False,-0.993,-3.5827,8.4201,-0.5323,65.2327,-3.3501,10.1522,-0.7649,129.0577,-3.256,9.7567,-0.859,88.4962,tracknet
166,300,305.3624,14,train,False,-1.8152,2.9089,6.4194,-1.2061,81.9779,2.9661,6.0405,-1.1489,68.7606,2.588,8.0338,-1.527,218.2207,tracknet
253,300,305.4431,11,train,False,-1.2897,2.8208,4.8202,-1.2942,1380.3709,2.4386,-20.781,8.896,1180.3891,3.1113,-8.2846,-1.0037,75.5126,tracknet
295,300,305.7121,8,train,False,-3.3033,0.8774,6.3668,-3.2376,1180.6622,-0.689,-4.2664,-3.426,105.9159,-1.3436,-8.5642,-2.7714,328.9047,tracknet
60,300,305.763,30,test,False,-0.6903,2.5985,-4.4626,-1.5165,673.2161,2.5297,10.6276,-1.2574,2182.257,2.5337,-4.5243,-1.5813,667.0975,tracknet
53,300,305.7658,23,test,True,0.6292,0.773,13.3929,1.5079,110.2293,1.1452,12.7991,0.9141,40.8916,1.2539,11.7703,-0.1147,76.6385,tracknet
91,300,305.8191,39,train,False,-2.0795,1.3013,16.5426,4.6576,684.6126,1.6836,12.9057,1.0207,318.9158,2.1435,10.9487,-0.9363,121.7549,tracknet
58,300,305.8739,8,test,False,-3.8231,1.2995,3.095,-2.8155,986.7053,2.5253,9.118,-1.5897,1601.0712,-0.0258,-7.7476,-4.0892,113.636,tracknet
386,300,305.9115,14,test,False,-1.442,0.8668,2.9042,-3.2482,1128.06,3.3473,-15.7105,3.8255,750.9912,2.8209,-5.9572,-1.2941,227.8514,tracknet
353,300,305.9795,5,train,False,-3.1108,3.0289,3.7793,-1.0861,547.7969,4.0932,-0.4343,-0.0218,978.6577,1.058,7.3589,-3.057,144.2492,tracknet
164,300,306.1337,22,train,False,-1.8387,-2.5815,12.2773,0.3923,415.6182,-2.4753,10.4734,-1.4116,234.9478,-2.5141,9.7383,-1.6009,162.3442,tracknet
319,300,306.1714,14,train,False,-2.5276,1.5452,4.1642,-2.5698,1101.0506,1.5578,-3.3962,-2.5572,345.0142,1.4952,-7.6744,-2.6198,83.3309,tracknet
159,300,306.3774,18,train,False,-1.2743,2.0686,2.6224,-2.0464,1108.7157,3.117,-12.1493,0.2643,372.173,2.9802,-7.7135,-1.1348,73.7603,tracknet
252,300,306.3835,13,train,False,-4.0841,-1.1779,5.8475,-2.9371,140.8516,0.125,4.6376,-3.99,49.5804,0.332,7.5968,-3.783,249.0646,tracknet
241,300,306.4737,12,train,False,-0.0,-3.5697,3.5269,-0.5453,1371.4515,-4.1469,-10.6559,0.0319,48.0163,-3.9377,-8.7772,-0.1773,141.084,tracknet
184,300,306.5224,36,train,False,-2.2096,-2.0383,4.6212,-2.0767,1084.3283,-1.7927,-4.8286,-2.3223,139.7214,-1.8869,-2.6975,-2.2281,352.3802,tracknet
130,300,306.5313,15,train,False,-1.9145,2.2494,3.8356,-1.8656,50.6385,2.1497,3.7697,-1.9653,57.2214,1.8667,4.5916,-2.2483,41.8194,tracknet
279,300,306.5515,17,train,False,-1.863,-1.1747,2.6054,-2.9403,1205.2432,-2.0804,-5.3564,-2.0346,404.6054,-2.2806,-7.814,-1.8344,158.5107,tracknet
345,300,306.6667,10,train,False,-2.1531,0.4924,7.0675,-3.6226,158.3959,1.2637,8.2057,-2.8513,88.7035,1.6932,8.3933,-2.4218,78.2239,tracknet
389,300,306.7711,5,test,True,0.109,1.5156,4.4112,-1.5156,299.6374,2.7039,5.7518,-0.6482,121.5729,3.0733,5.1448,-1.0417,148.3112,tracknet
93,300,306.9995,23,train,False,-0.921,-2.0474,4.4914,-2.0676,115.7581,-3.0475,3.3302,-1.0675,101.2994,-3.182,4.2909,-0.933,4.3363,tracknet
40,300,307.0064,10,train,False,-2.0975,0.242,8.5879,-3.2971,197.4588,1.3144,9.3652,-2.5198,70.845,1.519,9.662,-2.223,54.1031,tracknet
298,300,307.0632,15,train,False,-1.4873,-0.0853,10.4005,-1.4845,122.2243,0.5712,10.9903,-0.8947,81.9302,1.0837,9.7038,-2.1812,69.5908,tracknet
255,300,307.2472,9,train,False,-0.2988,1.2008,8.3043,-2.9142,1573.7741,3.2504,-3.1456,-0.8646,410.8118,3.1896,-6.2259,-0.9254,117.0498,tracknet
320,300,307.4531,8,train,False,-2.1359,-0.3832,5.6049,-3.7318,206.1405,-1.7616,7.4446,-2.3534,57.7483,-1.7315,7.7414,-2.3835,86.7738,tracknet
397,300,307.6036,12,test,False,-0.3238,-2.8819,7.343,-1.2331,99.0603,-3.5606,6.561,-0.5544,119.731,-3.4005,7.4535,-0.7145,48.2089,tracknet
267,300,307.726,8,train,False,-0.7428,3.0323,8.6706,-1.0827,316.0915,3.2129,8.4524,-0.9021,292.8701,3.4863,1.1379,-0.6287,439.1638,tracknet
128,300,307.7333,9,train,False,-1.3054,0.4361,5.3674,-3.6789,317.5313,3.3142,8.1522,-0.8008,84.3165,3.3908,6.4264,-0.7242,120.0421,tracknet
162,300,307.8049,11,train,False,-1.2172,3.6846,7.1431,-0.4304,143.1226,3.2043,8.9836,-0.9107,71.4061,2.4095,9.744,-1.7055,148.777,tracknet
302,300,307.8054,9,train,False,-0.8418,-0.9107,4.1735,-3.2043,1109.5831,0.0744,7.836,-4.0406,1488.5193,-2.1043,-7.4246,-2.0107,139.2496,tracknet
346,300,307.9392,12,train,False,-0.9282,2.7094,1.9694,-1.4056,1293.8171,1.9255,-14.0929,2.2079,314.4331,2.1952,-7.9336,-1.9198,302.3502,tracknet
132,300,307.9526,16,train,False,-0.823,-2.2766,9.8204,-1.8384,124.5302,-2.2429,10.2507,-1.6343,81.3726,-2.0598,9.5488,-2.0552,151.8032,tracknet
47,300,308.1967,12,test,False,-2.3476,-0.7272,4.1803,-3.3878,237.5325,-1.5582,5.3027,-2.5568,103.4484,-1.4222,4.9136,-2.6928,144.4079,tracknet
134,300,308.3817,13,train,False,-1.4632,2.883,8.1502,-1.232,164.602,2.7655,9.7789,-1.3495,11.3718,2.342,8.416,-1.773,139.8608,tracknet
410,300,308.582,12,test,False,-2.1099,-3.0067,4.7192,-1.1083,939.334,-1.5521,-11.0511,-0.8339,644.6417,-1.779,-7.1762,-2.336,256.5559,tracknet
312,300,308.76,8,train,False,-1.9842,-1.3124,4.0107,-2.8026,387.683,-1.8763,7.5015,-2.2387,39.2433,-1.8392,8.0027,-2.2758,35.5031,tracknet
150,300,308.7912,3,train,False,-0.0335,-0.4673,15.136,15.136,2152.3196,,,,,2.0179,-6.2515,-0.1485,154.6335,tracknet
274,300,308.8196,24,train,False,-1.2357,4.6764,2.3359,0.5614,1267.1908,2.0779,-15.2242,3.3392,507.9827,1.7093,-7.5366,-2.4057,291.6363,tracknet
431,300,308.8889,9,test,False,-0.0357,-1.9467,6.8023,-2.1683,268.1763,-2.8862,8.0268,-1.2288,125.8856,-3.0904,7.6133,-1.0246,128.1405,tracknet
329,300,309.1518,11,train,False,-1.7574,0.8373,7.5458,-3.2777,152.5715,2.0746,8.7512,-2.0404,111.3447,2.2882,8.6521,-1.8268,98.0313,tracknet
333,300,309.3333,16,train,False,-0.5292,2.1792,8.6998,-1.9358,206.6731,3.3984,7.4954,-0.7166,36.218,3.2258,8.462,-0.8892,132.6302,tracknet
70,300,309.4424,25,test,False,-1.9506,-0.2711,11.2315,-0.6535,138.3928,0.1538,9.2067,-2.6783,72.9987,0.1933,9.4395,-2.4455,49.5216,tracknet
380,300,309.476,10,test,False,-2.8186,1.417,3.2115,-2.698,1222.7053,1.4467,3.9915,-2.6683,1300.7285,1.3788,-8.1741,-2.7362,84.4878,tracknet
406,300,309.9549,3,test,False,-1.0326,-0.9665,16.5233,16.5233,2112.3485,,,,,1.029,-6.5087,0.1087,200.3404,tracknet
17,300,310.5174,7,train,False,-1.1607,1.3047,3.508,-2.8103,331.4151,2.4376,6.17,-1.6774,55.8652,3.0107,6.8798,-1.1043,50.0594,tracknet
304,300,310.5341,20,train,False,-1.4216,-0.9425,7.5141,-3.1725,1212.8561,-2.3017,-1.0395,-1.8133,347.0168,-3.0635,-5.5575,-1.0515,113.2259,tracknet
283,300,310.6949,11,train,False,-2.6773,0.3352,7.4018,-3.7798,1288.5896,-2.1844,-12.7369,0.8519,741.3038,-2.1816,-9.1465,-1.9334,385.7364,tracknet
291,300,310.7458,9,train,False,-2.5587,-0.0425,3.0784,-4.0725,294.3597,2.4939,6.1549,-1.6211,111.5818,2.1978,5.8732,-1.9172,71.8377,tracknet
327,300,310.8395,10,train,False,-1.969,0.3192,6.1392,-3.7958,217.6819,2.016,7.415,-2.099,15.9235,2.136,7.987,-1.979,66.4019,tracknet
121,300,310.9728,23,train,False,-3.7982,0.6688,8.9791,-2.9059,130.4799,0.4062,8.3566,-3.5284,64.0239,0.4628,8.5882,-3.2968,87.774,tracknet
145,300,310.9983,19,train,False,-2.6996,-1.3259,-3.2506,-2.7891,593.7378,-1.0506,-10.3154,-1.5696,113.4365,-1.0785,-8.0974,-3.0365,109.0318,tracknet
14,300,311.1423,14,train,False,-1.1474,-0.9769,1.8556,-3.1381,1132.0194,-2.1617,-4.205,-1.9533,514.6731,-2.6568,-7.2388,-1.4582,207.286,tracknet
391,300,311.2628,18,test,False,-2.3914,-2.2532,5.5133,-1.8618,106.1441,-2.2462,5.4726,-1.8688,109.3591,-1.6851,5.6276,-2.4299,80.6586,tracknet
316,300,311.339,9,train,False,-3.5523,-0.413,5.8019,-3.702,1416.5067,0.6193,-6.4523,-3.4957,188.33,0.7308,-7.9924,-3.3842,40.2994,tracknet
400,300,311.6276,33,test,False,-1.6776,1.7845,14.9551,3.0701,476.9231,2.2428,12.3126,0.4276,210.5226,2.1161,10.9446,-0.9404,74.7155,tracknet
44,300,311.7042,5,train,False,-0.4431,-0.574,14.8128,14.8128,1984.6996,-0.091,-20.476,14.076,1547.7083,-0.1686,-6.4732,0.1686,158.764,tracknet
46,300,312.0,9,train,False,-0.1583,3.6714,5.017,-0.4436,1193.3994,4.1215,-4.5466,0.0065,237.2744,3.8415,-8.1941,-0.2735,128.5612,tracknet
350,300,312.3768,44,train,False,-3.3153,1.4985,12.9784,1.0934,489.06,,,,,1.0015,-7.3386,-3.1135,1547.7826,tracknet
99,300,312.447,19,train,False,-2.9155,2.8446,9.4528,-1.2704,175.5903,1.6825,9.4063,-2.4325,74.5246,0.7733,8.1245,-3.3417,83.172,tracknet
41,300,312.4638,10,train,False,-3.1442,1.7893,6.8208,-2.3257,1183.4137,0.839,-4.133,-3.276,86.2107,0.5474,-7.9511,-3.5676,299.6222,tracknet
239,300,312.4645,14,train,False,-2.3467,-2.0802,6.175,-2.0348,1250.8512,-1.5316,-11.1794,-0.7056,485.5491,-2.0139,-8.7674,-2.1011,245.0098,tracknet
26,300,312.5156,9,train,False,-0.6816,-3.1364,7.8445,-0.9786,191.7977,-3.2783,10.9859,-0.8367,125.6184,-3.2026,9.9157,-0.9124,29.0506,tracknet
430,300,312.5912,17,test,False,-3.7645,-0.5621,8.6898,-3.1952,1452.1249,0.3394,-5.9444,-3.7756,14.2049,0.2574,5.7226,-3.8576,1152.5751,tracknet
315,300,312.6354,17,train,False,-3.5722,1.2548,10.1177,-1.7673,425.9377,-0.0926,7.6658,-4.0224,147.9673,-0.332,8.4871,-3.3979,224.0773,tracknet
168,300,313.1836,20,train,False,-1.4069,-1.3613,13.7235,1.8385,367.1057,-2.562,7.5706,-1.553,274.1751,-2.3989,9.347,-1.7161,100.9984,tracknet
74,300,313.2991,17,test,False,-0.3264,-2.9223,6.8795,-1.1927,87.2132,-3.5908,7.7251,-0.5242,77.0442,-3.4564,6.9884,-0.6586,33.2252,tracknet
101,300,313.5213,25,train,False,-1.2854,-1.7955,7.9541,-2.3195,177.0602,-2.6966,6.2755,-1.4184,27.5588,-2.7288,7.63,-1.3862,111.7728,tracknet
399,300,313.6321,14,test,False,-0.5552,-1.3651,-1.6412,-2.7499,991.1893,-2.9586,-10.3167,-1.1564,112.9102,-2.9407,-9.5528,-1.1743,185.049,tracknet
153,300,313.7577,11,train,False,-1.5338,0.9265,-0.1121,-3.1885,837.8417,5.2997,-39.9047,28.0197,3169.6028,3.7257,-3.7512,-0.3893,471.5224,tracknet
116,300,313.9526,20,train,False,-1.7118,-1.1822,2.1385,-2.9328,1111.3682,-2.2331,-7.301,-1.8819,161.5826,-2.2968,-7.9498,-1.8182,96.3976,tracknet
305,300,314.0414,5,train,False,-0.4799,-5.5051,2.0311,1.3901,448.8638,-4.6468,5.4163,0.5318,122.7617,-0.3037,7.5502,-3.8113,362.8768,tracknet
393,300,314.3037,12,test,False,-1.8497,3.2216,9.3746,-0.8934,105.619,2.4704,9.2781,-1.6446,58.2189,2.342,9.1387,-1.773,68.8591,tracknet
34,300,314.3276,13,train,False,-1.1122,1.7608,3.1899,-2.3542,1222.9135,3.2876,-13.5524,1.6674,458.5263,2.8238,-7.7763,-1.2912,121.2963,tracknet
28,300,314.4554,6,train,False,-1.7831,1.5544,5.3109,-2.5606,218.9881,2.6041,6.6309,-1.5109,77.6459,2.682,6.5627,-1.433,86.9045,tracknet
258,300,314.5991,11,train,False,-0.4556,-2.4905,1.8823,-1.6245,1329.8027,-3.7433,-15.8973,4.0123,453.3857,-3.2661,-8.8962,-0.8489,249.9156,tracknet
366,300,314.6514,24,test,False,-0.6293,1.884,11.9533,0.0683,102.7508,2.295,11.9918,0.1068,81.2255,2.2474,10.1824,-1.7026,114.2323,tracknet
30,300,314.8627,9,train,False,-1.2258,-0.8861,-0.8912,-3.2289,972.0841,-0.198,-4.1345,-3.917,682.2126,-1.1127,-7.9417,-3.0023,303.5768,tracknet
301,300,315.1165,8,train,False,-1.1912,3.1993,6.8482,-0.9157,1463.667,3.2597,-0.4572,-0.8553,733.6298,3.1393,-8.0657,-0.9757,35.3165,tracknet
244,300,315.1495,19,train,False,-3.9524,-1.5682,10.9165,-0.9685,1520.5107,-0.0672,-4.7726,-4.0478,55.726,0.3867,-7.0716,-3.7283,290.06,tracknet
59,300,315.4404,16,test,False,-2.9239,0.4842,4.646,-3.6308,118.4723,0.9276,5.2798,-3.1874,41.2204,1.0841,4.952,-3.0309,65.3585,tracknet
433,300,315.7051,17,test,False,-3.6753,-1.3943,3.2422,-2.7207,1109.2965,0.4918,-7.8214,-3.6232,13.3811,1.1276,-7.7996,-2.9874,69.5356,tracknet
176,300,315.7288,24,train,False,-2.3953,1.2879,1.7896,-2.8271,959.8515,1.7723,-6.5771,-2.3427,122.329,1.6561,-8.374,-2.4589,57.8266,tracknet
146,300,315.7736,11,train,False,-2.4457,-1.4505,5.0961,-2.6645,301.6259,-1.4173,8.1002,-2.6977,25.2027,-1.5274,7.0674,-2.5876,104.6727,tracknet
38,300,316.0286,13,train,False,-0.9777,-0.7446,0.7713,-3.3704,1175.3787,-0.761,0.9395,-3.354,1191.908,-1.3286,-7.1622,-2.7864,381.8125,tracknet
337,300,316.0554,9,train,False,-2.8245,0.152,5.0975,-3.963,219.122,-0.504,6.3771,-3.611,86.9128,-1.1807,7.7152,-2.9343,97.4483,tracknet
427,300,316.1032,10,test,False,-2.1207,-2.9264,5.2293,-1.1886,388.9733,-1.1582,8.4053,-2.9568,102.9322,-1.2634,7.9466,-2.8516,128.6815,tracknet
403,300,316.4766,29,test,True,0.0848,3.9432,4.0329,-0.1718,810.6228,3.8123,-13.7844,1.8994,972.2922,4.1357,-5.1203,0.0207,105.3026,tracknet
300,300,316.8272,16,train,False,-2.6207,-0.3795,9.2382,-2.6468,174.8651,0.689,9.9911,-1.8939,99.5307,1.7362,10.0876,-1.7974,90.1536,tracknet
95,300,316.8664,17,train,False,-2.0002,-0.218,10.6395,-1.2455,219.9159,-2.1183,7.1678,-1.9967,235.8838,-2.5706,8.7546,-1.5444,89.6599,tracknet
144,300,317.6393,11,train,False,-2.7679,0.4736,5.9738,-3.6414,343.6348,-0.8968,8.6609,-3.2182,45.6558,-1.5552,7.3236,-2.5598,190.4299,tracknet
265,300,318.1456,26,train,False,-3.6004,1.2143,5.6332,-2.9007,1241.8077,0.4764,-7.0288,-3.6386,26.6335,0.7282,-5.4875,-3.3868,129.5436,tracknet
233,300,318.226,8,train,False,-1.6688,-0.9035,6.3003,-3.2115,159.8983,-2.409,7.7439,-1.706,102.3895,-2.2054,8.2975,-1.9096,159.5115,tracknet
381,300,318.3044,11,test,False,-2.3171,-0.7648,3.4184,-3.3502,155.2003,-1.4332,4.4597,-2.6818,38.2958,-1.5345,4.4363,-2.5805,29.842,tracknet
287,300,318.3156,11,train,False,-1.3864,-1.3532,5.6678,-2.7618,1231.3809,-3.3893,-14.1768,2.2918,763.6533,-3.1876,-9.4569,-0.9274,292.4176,tracknet
419,300,318.3432,13,test,False,-1.4504,4.1341,9.232,0.0191,183.5456,2.4748,9.2706,-1.6402,107.7819,2.6927,7.059,-1.4223,327.2706,tracknet
290,300,319.6232,17,train,False,-2.5518,-1.015,4.9143,-3.1,1213.7485,-1.5848,-6.3892,-2.5302,82.1912,-1.5383,-8.9944,-2.5767,178.3783,tracknet
392,300,319.6333,10,test,False,-1.9107,0.8607,5.2802,-3.2543,1001.4192,2.9156,-20.5085,8.6235,1588.0927,2.8254,-7.8672,-1.2896,328.2963,tracknet
405,300,320.0,12,test,True,0.0119,4.2831,9.5566,0.1681,238.3553,4.0881,10.9642,-0.0269,96.7456,3.6204,9.3027,-0.4946,260.268,tracknet
50,300,320.0,15,test,False,-3.9792,-0.6331,2.6442,-3.4819,934.4321,-0.3499,-1.6668,-3.7651,502.5081,-0.04,-6.8842,-4.075,27.8319,tracknet
340,300,320.0,10,train,False,-1.5076,-1.0154,3.5402,-3.0996,1360.9738,-2.3494,-5.6492,-1.7656,433.465,-2.3905,-8.206,-1.7245,178.3432,tracknet
122,300,320.0,8,train,False,-1.6874,-1.4338,4.8235,-2.6812,1259.2022,-2.5718,-12.9391,1.0541,521.1883,-2.2245,-8.3991,-1.8905,70.0039,tracknet
328,300,320.0,12,train,False,-3.235,0.8174,6.1416,-3.2976,1286.2965,-1.2843,-9.4076,-2.4774,282.7775,-1.2849,-8.6558,-2.8301,208.6626,tracknet
293,300,320.0,11,train,False,-2.0845,-0.0848,5.054,-4.0302,1293.073,-1.4709,-3.3498,-2.6441,441.5324,-2.0476,-8.5683,-2.0674,83.8931,tracknet
281,300,320.0,11,train,False,-1.9268,-0.088,8.733,-3.152,1379.1691,-4.0473,-24.4116,12.5266,1960.2158,-3.0436,-8.0856,-1.0714,330.0541,tracknet
404,300,320.0,6,test,False,-1.5406,0.1591,10.7367,10.7367,1570.8755,1.0879,0.4638,0.4638,540.7195,1.3793,-8.1437,1.7437,334.9638,tracknet
77,300,320.0,20,test,False,-2.836,1.3867,2.3231,-2.7283,229.4313,1.4509,-0.0693,-2.6641,19.9157,1.4037,5.0708,-2.7113,504.1061,tracknet
326,300,320.0,18,train,False,-2.5522,0.1501,3.409,-3.9649,964.3962,1.5034,9.1645,-2.6116,1555.1455,-1.1862,-4.7122,-2.9288,142.0281,tracknet
426,300,320.0,10,test,False,-2.6214,1.0709,5.8375,-3.0441,1163.251,-2.0276,-8.399,-2.0874,293.9146,-2.6162,-5.3773,-1.4988,113.0255,tracknet
96,300,320.0,16,train,False,-1.9982,0.9154,1.8415,-3.1996,860.8372,-0.722,10.1503,-1.7347,1707.0659,1.3063,-7.9086,-2.8087,146.9689,tracknet
417,300,320.0,19,test,False,-1.001,-2.7299,6.7006,-1.3851,44.5729,-2.1835,1.2044,-1.9315,579.759,-2.6136,6.5334,-1.5014,63.6558,tracknet
61,300,320.0,22,test,False,-1.3072,2.2479,12.1854,0.3004,171.9137,1.9091,11.8846,-0.0004,133.4518,1.2908,10.6435,-1.2415,35.3951,tracknet
84,300,320.0,27,test,True,1.9292,-2.5433,15.0877,3.2027,139.253,-2.3554,14.8486,2.9636,110.0454,-2.2581,11.5764,-0.3086,225.4941,tracknet
82,300,320.0,19,test,False,-3.4147,0.0961,6.4456,-4.0189,66.5704,0.411,6.6093,-3.704,31.1625,0.5253,6.4322,-3.5897,34.1209,tracknet
48,300,320.0,14,test,False,-2.2148,-2.4676,1.4276,-1.6474,877.3581,-2.5125,1.9191,-1.6025,926.7028,-2.1535,-6.0488,-1.9615,130.3704,tracknet
143,300,320.0,9,train,False,-2.5683,-0.1261,5.8253,-3.9889,1266.2478,0.9428,-1.6047,-3.1722,515.6976,1.1287,-6.6399,-2.9863,42.6777,tracknet
120,300,320.0,9,train,False,-1.6728,2.6249,2.7717,-1.4901,1300.9896,1.6134,-12.114,0.229,191.1243,1.9281,-8.7061,-2.1869,151.1237,tracknet
118,300,320.0,7,train,False,-1.7037,-0.3213,8.4845,-3.4005,1457.7848,-2.773,-9.4691,-1.342,354.4859,-3.2555,-7.8611,-0.8595,209.5978,tracknet
67,300,320.0,19,test,False,-2.3343,-0.5178,5.6072,-3.5972,127.4999,-1.808,3.9971,-2.307,178.5879,-1.7581,5.6565,-2.3569,12.8248,tracknet
85,300,320.0,23,test,False,-0.9979,2.0622,6.6662,-2.0528,184.6226,2.7367,5.2134,-1.3783,38.5494,2.6986,6.2216,-1.4164,114.9481,tracknet
385,300,320.0,27,test,False,-0.1158,-4.1455,12.6857,0.8007,162.7991,-4.1188,12.4377,0.5527,137.8565,-4.0544,10.3484,-0.0606,71.8022,tracknet
106,300,320.0,13,train,False,-1.8536,0.1668,2.6312,-3.9482,1013.7719,-0.3774,4.8484,-3.7376,1241.9686,0.6947,-5.0007,-3.4203,277.2235,tracknet
54,300,320.0,20,test,False,-1.6769,-1.6456,3.3609,-2.4694,780.5176,-1.8134,1.2088,-2.3016,564.7433,-2.23,-6.5071,-1.885,211.3474,tracknet
332,300,320.0,11,train,False,-1.2543,-3.8503,5.9678,-0.2647,1362.0538,-2.3295,-17.8096,5.9246,1020.6708,-2.659,-7.8148,-1.456,28.2738,tracknet
102,300,320.0,6,train,False,-1.6599,-0.436,3.8115,-3.679,1221.9814,1.9917,-5.0521,-2.1233,304.4776,1.6169,-6.1915,-2.4981,204.9114,tracknet
368,300,320.0,11,test,False,-2.2766,-1.9307,5.8487,-2.1843,220.2314,-1.7748,7.8717,-2.3402,18.8465,-1.7564,7.6936,-2.3586,36.4821,tracknet
336,300,320.0,14,train,False,-2.447,1.0303,5.1016,-3.0847,1331.8006,1.9331,-24.1401,12.2551,1594.119,1.5526,-8.4837,-2.5624,30.5233,tracknet
62,300,320.0,13,test,False,-1.4489,2.7014,4.4,-1.4136,1082.4319,2.7235,5.1561,-1.3915,1158.0575,2.2904,-6.506,-1.8246,38.4489,tracknet
334,300,320.0,19,train,False,-2.3721,-0.1867,1.9573,-3.9283,886.1874,-1.8075,-6.6835,-2.3075,10.5504,-1.7813,-6.8054,-2.3337,5.4405,tracknet
344,300,320.0,19,train,False,-1.6082,-3.6508,4.6469,-0.4642,1337.0915,-2.2424,-10.7378,-1.1472,207.9658,-2.3996,-6.9978,-1.7154,168.0561,tracknet
311,300,320.0,7,train,False,-3.3884,2.268,4.5494,-1.847,1196.6468,0.8536,-5.597,-3.2614,172.502,0.9686,-7.6059,-3.1464,37.6551,tracknet
131,300,320.0,12,train,False,-2.5427,0.0892,1.1331,-4.0258,1055.1542,-1.5511,-13.1176,1.2326,379.3861,-1.3412,-9.0078,-2.7738,37.3073,tracknet
133,300,320.0,15,train,False,-2.534,0.6055,1.7483,-3.5095,1111.874,1.1196,-3.5171,-2.9954,582.8784,1.256,-7.4032,-2.859,195.1662,tracknet
137,300,320.0,14,train,False,-1.7355,-0.3173,1.1333,-3.7977,1130.6779,-0.3105,1.592,-3.8045,1176.4953,-0.6676,-7.6164,-3.4474,256.2142,tracknet
314,300,320.0,4,train,False,-2.0402,1.5028,1.0673,-2.6122,129.2387,0.475,2.5695,-3.64,310.4968,1.9367,-2.3218,-2.1783,223.447,tracknet
64,300,320.0,13,test,False,-1.6087,-2.3376,2.3916,-1.7774,1018.5703,-2.3577,-0.3644,-1.7573,742.9868,-2.5938,-6.3262,-1.5212,146.9165,tracknet
384,300,320.0,12,test,False,-1.443,-3.1881,5.489,-0.9269,1301.2172,-2.8863,0.8478,-1.2287,836.3474,-2.4832,-6.9993,-1.6318,54.7279,tracknet
86,300,320.0,9,test,False,-1.4289,-0.1971,2.1471,-3.9179,904.4959,-0.8841,-0.011,-3.2309,678.1463,-1.8292,-7.9163,-2.2858,161.3945,tracknet
2,300,320.0,7,train,False,-1.5397,3.9254,7.3647,-0.1896,1442.1327,2.4828,-6.4615,-1.6322,53.9765,2.3073,-9.128,-1.8077,215.1536,tracknet
123,300,320.0,8,train,False,-1.5048,2.3573,5.2438,-1.7577,1438.2387,2.4992,0.9576,-1.6158,1009.4635,2.3056,-7.0891,-1.8094,206.9815,tracknet
52,300,320.0,16,test,False,-1.2026,-3.7439,0.9707,-0.3711,961.2635,-3.4332,-2.6389,-0.6818,598.9744,-3.2909,-5.9192,-0.8241,271.3315,tracknet
83,300,320.0,15,test,False,-1.3275,-1.7151,-0.3891,-2.3999,993.0561,-2.2687,-5.4869,-1.8463,480.2719,-2.3367,-6.6573,-1.7783,363.2294,tracknet
352,300,320.0,9,train,False,-0.7644,4.0723,9.7297,-0.0427,76.576,3.4408,9.7625,-0.6742,24.0694,3.2654,8.9162,-0.8496,107.2788,tracknet
373,300,320.0,9,test,False,-1.6652,-2.8321,5.8067,-1.2829,1300.1679,-2.6046,0.3934,-1.5104,758.4266,-2.2504,-6.7745,-1.8646,46.0255,tracknet
57,300,320.0,17,test,True,0.6349,-4.6855,7.264,0.5705,33.4007,-4.7959,7.4746,0.6809,12.581,-4.8359,7.367,0.7209,24.0679,tracknet
73,300,320.0,31,test,False,-1.9185,0.2686,-2.8929,-3.8464,707.4114,0.4401,11.978,0.093,2194.4732,0.2764,-4.9862,-3.8386,498.0836,tracknet
90,300,320.0,29,test,False,-2.3957,1.331,-0.122,-2.784,202.0759,1.6773,-1.3478,-2.4377,75.8536,1.5387,4.1345,-2.5763,624.2254,tracknet
371,300,320.1025,16,test,False,-0.3195,3.4841,2.5504,-0.6309,1182.9459,3.7643,-6.4836,-0.3507,279.1589,3.6954,-7.7451,-0.4196,153.3191,tracknet
322,300,320.3586,14,train,False,-2.3326,0.893,7.4536,-3.222,177.1608,1.4735,7.5574,-2.6415,166.4851,1.6273,7.4614,-2.4877,154.7798,tracknet
341,300,320.4065,17,train,False,-1.3064,1.3227,7.8709,-2.7923,184.9352,2.5641,7.3444,-1.5509,62.422,2.6223,7.6692,-1.4927,91.8322,tracknet
231,300,320.7824,11,train,False,-0.4403,2.2025,7.5496,-1.9125,150.4719,3.5187,7.1274,-0.5963,19.1327,3.4259,8.3374,-0.6891,112.7018,tracknet
421,300,320.9466,20,test,False,-1.2566,-2.6179,6.341,-1.4971,180.4358,-2.8043,1.9798,-1.3107,257.351,-2.8009,5.6016,-1.3141,105.0429,tracknet
285,300,320.955,16,train,False,-2.1941,-0.7714,3.4361,-3.3436,1285.1347,-1.8519,-6.8877,-2.2631,247.6935,-2.1054,-8.0419,-2.0096,133.4583,tracknet
280,300,321.1273,14,train,False,-2.1414,0.2999,8.7107,-3.1743,168.4532,1.9514,8.0737,-2.1636,44.6921,2.1692,8.1288,-1.9458,43.7387,tracknet
156,300,321.3462,18,train,False,-3.435,1.1438,7.4339,-2.9712,113.2795,1.0418,8.068,-3.0732,55.227,0.9901,6.8512,-3.1249,163.6007,tracknet
125,300,321.4527,8,train,True,0.0282,2.4633,3.0344,-1.6517,1205.7403,5.272,-28.2952,16.4102,1942.2719,4.2134,-8.3337,0.0984,57.5945,tracknet
269,300,321.4733,31,train,False,-2.1426,-0.7762,18.505,6.62,964.8693,-1.7894,8.8894,-2.3256,18.7661,-2.2306,6.0418,-1.8844,290.0458,tracknet
362,300,321.7927,12,test,False,-2.0925,0.0756,9.6376,-2.2474,216.36,-0.3855,9.9455,-1.9395,183.836,-0.7937,9.5972,-2.2878,132.2189,tracknet
8,300,321.8052,24,train,False,-2.0329,-2.0621,-0.2729,-2.0529,957.9215,-1.9814,-6.8144,-2.1336,303.8887,-2.0529,-6.453,-2.0621,339.9188,tracknet
152,300,321.9608,14,train,False,-1.3308,3.4874,0.1346,-0.6276,1072.0398,1.103,-28.3823,16.4973,1789.6364,2.0721,-9.2499,-2.0429,143.2882,tracknet
158,300,322.1077,17,train,False,-2.0011,-2.5396,8.704,-1.5754,43.1082,-1.9678,8.5282,-2.1472,28.3793,-1.8884,8.6999,-2.2266,23.6577,tracknet
359,300,322.6517,13,test,False,-3.4241,-2.3701,6.5078,-1.7449,211.1041,-0.311,7.1983,-3.804,70.0737,0.4291,6.9854,-3.6859,137.7389,tracknet
342,300,322.8478,13,train,False,-0.4173,4.0177,1.2196,-0.0973,1270.2611,2.6056,-20.123,8.238,869.1109,3.2063,-9.5695,-0.9087,190.7575,tracknet
407,300,322.8647,10,test,False,-2.6312,2.2707,4.4584,-1.8443,319.8228,0.662,7.3708,-3.453,84.2973,0.9032,7.2023,-3.2118,68.1151,tracknet
238,300,322.9568,4,train,False,-0.6479,-0.0132,23.3191,23.3191,2814.6867,4.0286,-30.0626,23.6626,2545.7014,2.49,-0.9685,-0.9685,377.2026,tracknet
266,300,323.0425,8,train,False,-2.0629,-1.5085,7.8167,-2.6065,166.9855,-2.0057,9.6052,-2.1093,21.4669,-2.2379,9.5666,-1.8771,25.26,tracknet
140,300,323.1795,23,train,False,-2.4239,0.4681,9.6503,-2.2347,105.3655,1.3163,10.1913,-1.6937,75.4162,1.3034,9.0363,-2.8116,46.9995,tracknet
100,300,323.2635,11,train,False,-1.7548,1.8547,3.6784,-2.2603,1118.9181,2.3161,-7.9277,-1.7989,43.0563,2.2357,-7.9474,-1.8793,46.4989,tracknet
12,300,323.434,11,train,False,-0.5685,2.6892,8.947,-1.4258,160.8538,3.6778,10.6718,-0.4372,38.6792,3.5905,10.3896,-0.5245,9.2687,tracknet
382,300,323.9738,11,test,False,-1.3616,0.8216,4.5417,-3.2934,1122.4343,3.8468,-18.7083,6.8233,1224.2067,3.0532,-6.664,-1.0618,33.4707,tracknet
292,300,324.2623,11,train,False,-3.1812,0.6705,7.6231,-3.4445,1232.7517,-1.6817,-13.0107,1.1257,844.43,-1.4341,-9.0254,-2.6809,445.4063,tracknet
139,300,324.3349,11,train,False,-1.8619,-0.424,5.6777,-3.691,1131.2897,-1.7471,-1.9286,-2.3679,359.3614,-2.0497,-7.3977,-2.0653,192.2075,tracknet
429,300,324.4444,8,test,False,-0.7003,-0.8083,4.5164,-3.3067,372.1952,-2.4986,6.6388,-1.6164,106.072,-3.0113,6.2044,-1.1037,104.9619,tracknet
16,300,324.4444,15,train,False,-3.767,0.7194,5.1884,-3.3956,1209.8697,-0.5991,-8.7041,-3.1809,185.804,-0.4479,-7.3441,-3.6671,49.1259,tracknet
110,300,324.5527,11,train,False,-0.336,-4.109,3.561,-0.006,1315.1764,-4.029,-2.1852,-0.086,740.5704,-3.6486,-6.8552,-0.4664,273.4562,tracknet
21,300,324.6458,26,train,False,-0.9722,3.0402,5.645,-1.0748,1194.7045,3.1968,-0.5393,-0.9182,576.2514,3.3839,-6.7692,-0.7311,52.6114,tracknet
376,300,324.6485,7,test,False,-0.5387,-0.0523,6.3711,-4.0627,1384.2517,1.191,10.6531,-1.2319,1830.0306,-2.0679,-8.2013,-2.0471,191.8777,tracknet
63,300,324.6944,16,test,False,-0.6152,2.0663,-0.3976,-2.0487,1092.2049,1.9563,0.481,-2.1587,1180.7178,2.3829,-6.7923,-1.7321,453.5974,tracknet
18,300,324.7059,11,train,False,-1.4971,-2.1821,7.7202,-1.9329,67.2571,-2.5087,1.5695,-1.6063,666.3871,-2.444,7.3705,-1.671,87.937,tracknet
36,300,324.8301,15,train,False,-1.6139,-2.6368,2.232,-1.4782,1256.2212,-0.7739,-18.9836,7.0986,873.6429,-1.3837,-8.0454,-2.7313,222.5948,tracknet
338,300,324.9067,7,train,False,-2.2033,0.1549,7.7032,-3.9601,1388.5476,2.9162,-15.1388,3.2538,912.3518,2.3943,-8.1373,-1.7207,212.2238,tracknet
377,300,324.9231,5,test,False,-0.6598,1.3911,3.5629,-1.3911,218.6926,2.9501,4.82,-1.1649,73.5486,3.1662,4.6563,-0.9488,47.0176,tracknet
367,300,324.9431,11,test,False,-3.6005,0.8355,5.7893,-3.2795,1165.2819,-0.2581,-3.1677,-3.8569,262.9954,-0.5593,-7.9011,-3.5557,211.646,tracknet
434,300,325.0133,11,test,False,-1.7066,-1.1528,6.5975,-2.9622,215.3062,-1.8556,8.0328,-2.2594,63.5629,-1.8964,7.6822,-2.2186,83.8713,tracknet
428,300,325.0697,16,test,False,-1.1186,1.9224,3.3466,-2.1926,1097.2179,3.5177,-21.3985,9.5135,1383.5495,2.9182,-7.3089,-1.1968,27.5313,tracknet
299,300,325.1108,15,train,False,-0.4202,-2.5926,3.8987,-1.5224,1331.2385,-3.5727,-6.2348,-0.5423,313.5528,-3.6212,-8.94,-0.4938,43.4222,tracknet
270,300,325.1131,7,train,False,-0.8438,-3.9829,9.3093,-0.1321,1686.3595,-2.5437,-14.3353,2.4503,683.4841,-2.8897,-7.9635,-1.2253,57.0486,tracknet
390,300,325.4153,9,test,False,-2.1859,0.8795,6.347,-3.2355,1329.3277,-1.0382,-1.9942,-3.0768,473.6482,-1.9931,-8.3444,-2.1219,169.9421,tracknet
80,300,325.4902,14,test,False,-3.8085,0.0839,4.7638,-4.0311,216.843,-0.138,6.2352,-3.977,68.2796,-0.2212,6.2307,-3.8938,67.1627,tracknet
112,300,325.601,12,train,False,-2.1298,-0.2999,4.9631,-3.8151,1271.0718,-0.8252,1.8646,-3.2898,957.0567,-2.3745,-6.4189,-1.7405,127.7263,tracknet
395,300,325.7705,16,test,False,-1.3242,1.3623,5.6216,-2.7527,170.966,3.4985,5.9268,-0.6165,95.0172,3.3125,5.8163,-0.8025,90.9141,tracknet
402,300,326.183,14,test,False,-2.6479,2.1425,4.3897,-1.9725,118.2278,1.7922,4.4889,-2.3228,92.984,1.2219,6.3819,-2.8931,105.079,tracknet
297,300,326.5272,15,train,False,-1.599,-1.0503,4.5449,-3.0647,1348.8212,-2.5065,-7.2267,-1.6085,163.6822,-2.7103,-8.7503,-1.4047,22.4885,tracknet
358,300,326.5786,23,test,False,-2.2134,-2.1839,7.8743,-1.9311,1282.2253,-1.8268,-5.555,-2.2882,61.4708,-1.7776,-7.0993,-2.3374,215.8025,tracknet
414,300,326.7382,12,test,False,-2.44,-1.0187,4.4527,-3.0963,1164.0106,-2.0276,-29.4549,17.5699,2228.8781,-1.5423,-7.4835,-2.5727,34.1472,tracknet
171,300,326.8148,19,train,True,0.314,-4.7782,5.5338,0.6632,571.7596,-4.7211,9.8158,0.6061,999.3181,-3.6187,2.4453,-0.4963,274.0931,tracknet
4,300,327.2515,9,train,False,-0.2068,2.5154,6.3423,-1.5996,1425.0786,5.0222,-22.6087,10.7237,1481.0357,4.0539,-7.6819,-0.0611,21.5167,tracknet
418,300,327.441,8,test,False,-1.57,-0.1322,4.4384,-3.9828,999.9405,4.7985,-21.383,9.498,1634.3222,2.9646,-6.5302,-1.1504,139.873,tracknet
76,300,327.4932,23,test,True,0.2631,-4.1713,0.8403,0.0563,192.5152,-4.3184,-1.4215,0.2034,35.2857,-4.2127,3.015,0.0977,409.2055,tracknet
416,300,327.6834,10,test,False,-3.9656,1.6482,4.7343,-2.4668,1113.8052,-1.2488,-14.0491,2.1641,786.8499,-1.4567,-7.8387,-2.6583,205.1503,tracknet
37,300,328.0368,10,train,False,-1.8628,1.0055,5.6142,-3.1095,177.2007,1.8671,6.8217,-2.2479,38.8514,1.9485,6.9605,-2.1665,31.5945,tracknet
423,300,328.264,12,test,False,-3.0515,-2.2929,5.296,-1.8221,1169.1777,-1.6141,-2.2705,-2.5009,409.7626,-1.2126,-7.13,-2.9024,81.284,tracknet
396,300,328.2665,16,test,False,-3.8379,0.6923,1.7141,-3.4227,895.2891,1.9105,7.6215,-2.2045,1496.8391,-0.4794,-7.7871,-3.6356,63.3999,tracknet
343,300,328.3768,28,train,False,-0.0242,-3.2186,16.9883,5.1033,564.4014,-3.8627,11.2138,-0.2523,30.2225,-3.5333,9.0585,-0.5817,241.8696,tracknet
443,300,328.5086,12,test,False,-0.2851,-1.469,5.9438,-2.646,342.1428,-4.5218,8.7172,0.4068,75.2986,-4.1863,7.2997,0.0713,117.5768,tracknet
378,300,328.5398,10,test,False,-0.6224,-0.2218,4.2523,-3.8932,1317.7771,0.7005,7.2847,-3.4145,1634.481,-1.723,-5.4643,-2.392,352.5094,tracknet
260,300,328.6166,26,train,False,-3.9489,-1.9099,4.6732,-2.2051,1259.8488,0.4328,-10.8936,-0.9914,315.1824,0.5509,-5.5899,-3.5641,219.7126,tracknet
261,300,328.6486,8,train,False,-1.6415,-1.0648,5.913,-3.0502,185.2328,-2.2695,7.7978,-1.8455,71.1846,-2.1816,8.0288,-1.9334,95.8484,tracknet
72,300,328.7805,10,test,False,-3.0509,1.6055,3.6307,-2.5095,311.5425,1.3165,5.131,-2.7985,158.7927,0.9698,5.1844,-3.1452,151.7254,tracknet
331,300,329.1386,7,train,False,-0.9293,-2.6767,2.3335,-1.4383,265.5881,-3.0066,5.8415,-1.1084,91.8931,-3.0727,7.3864,-1.0423,244.8833,tracknet
108,300,329.271,21,train,False,-2.2486,-1.1227,1.0067,-2.9923,838.5259,-0.1827,8.3854,-3.4996,1582.0808,-1.4232,-7.1701,-2.6918,47.6593,tracknet
286,300,329.2973,12,train,False,-3.2782,-0.3588,5.6171,-3.7562,196.5365,0.4114,7.2869,-3.7036,43.93,0.844,7.2017,-3.271,2.5677,tracknet
185,300,329.3665,22,train,False,-1.1413,-3.2734,5.8583,-0.8416,353.5803,-2.8156,1.8943,-1.2994,46.843,-2.6835,5.4332,-1.4315,311.1502,tracknet
339,300,329.4085,12,train,False,-1.3909,3.7513,7.2417,-0.3637,119.9792,3.1247,7.0198,-0.9903,56.4666,2.9069,8.4142,-1.2081,180.1582,tracknet
35,300,329.4631,7,train,False,-2.3911,0.5519,3.9192,-3.5631,282.4125,1.0621,2.7857,-3.0529,395.3997,-1.2368,5.9593,-2.8782,61.0404,tracknet
284,300,329.505,13,train,False,-2.5217,0.0036,6.3885,-4.1114,206.143,1.4639,8.272,-2.6511,58.558,1.7703,7.7194,-2.3447,17.796,tracknet
6,300,329.6812,8,train,False,-0.3611,3.2698,0.2207,-0.8452,988.889,3.4412,-2.6564,-0.6738,700.6864,3.4595,-6.0723,-0.6555,359.6121,tracknet
411,300,329.8551,23,test,False,-1.9606,-2.1535,5.0396,-1.9615,151.6808,-1.5902,-3.8239,-2.5248,736.8374,-1.898,4.37,-2.217,88.5095,tracknet
296,300,330.094,19,train,False,-1.3433,1.7992,12.2962,0.4112,221.983,3.1572,7.8108,-0.9578,251.9598,2.9511,9.9204,-1.1639,42.0519,tracknet
263,300,330.3744,8,train,False,-1.3515,-2.0933,6.6909,-2.0217,122.726,-2.9644,7.0917,-1.1506,65.8721,-2.9839,8.7876,-1.1311,109.1076,tracknet
354,300,330.4165,26,train,True,0.988,4.7527,2.8428,0.6377,882.397,4.854,-19.0208,7.1358,1304.8998,3.8448,-7.9441,-0.2702,233.747,tracknet
363,300,330.4889,14,test,False,-2.9275,-1.9052,5.1435,-2.2098,1173.5857,-0.9869,-8.5777,-3.1281,201.7286,-0.9969,-8.504,-3.1181,194.2927,tracknet
372,300,330.5987,6,test,False,-1.1168,-0.5739,4.8904,-0.5739,134.6808,-1.6217,5.0857,-1.3143,31.1144,-1.3509,5.8159,-0.5841,73.8299,tracknet
114,300,330.6289,12,train,False,-1.8331,-0.8384,4.2605,-3.2766,1313.6844,-1.1911,2.0506,-2.9239,1090.2114,-1.7822,-6.9683,-2.3328,189.5563,tracknet
438,300,330.7865,6,test,False,-1.5626,-0.0656,10.9566,10.9566,1561.3358,1.1233,-5.7534,-0.6466,126.0842,0.9258,-8.2386,1.8386,372.191,tracknet
111,300,330.9955,6,train,False,-1.3446,0.9011,4.3952,-0.9011,140.7465,1.7625,6.0274,-0.3726,104.419,2.0388,5.4202,-0.9798,37.972,tracknet
56,300,331.2418,18,test,False,-2.0455,-2.3923,1.839,-1.7227,962.9324,-2.3154,0.371,-1.7996,815.9648,-2.0349,-6.7694,-2.0801,101.6115,tracknet
97,300,331.6078,10,train,False,-1.6004,-0.5826,6.6847,-3.5324,258.8477,-2.6663,8.7137,-1.4487,34.1703,-2.8989,7.8328,-1.2161,69.1405,tracknet
127,300,331.6379,11,train,False,-1.4451,-2.3506,6.4088,-1.7644,1001.2839,-2.1703,-32.3553,20.4703,2876.0775,-2.5724,-8.1619,-1.5426,456.4004,tracknet
413,300,331.8919,4,test,False,-0.3932,-0.0439,1.8713,0.0439,416.1596,4.1434,-51.7365,51.7365,5786.3124,2.5309,5.6814,-0.7186,213.4482,tracknet
136,300,331.8974,15,train,False,-2.207,2.5786,9.1417,-1.5364,75.5768,2.0478,8.1807,-2.0672,131.7048,1.5856,9.268,-2.5294,39.1625,tracknet
68,300,331.9298,22,test,False,-2.4544,-1.4649,-3.296,-2.6501,614.3402,-1.8557,4.9863,-2.2593,1443.4813,-1.2759,-4.4538,-2.8391,497.876,tracknet
49,300,331.9298,14,test,False,-1.9144,-2.0408,6.129,-2.0742,203.7238,-2.0634,6.9788,-2.0516,118.9143,-2.0197,7.0282,-2.0953,114.6161,tracknet
39,300,332.1437,10,train,False,-2.091,0.4406,5.2319,-3.6744,229.8812,1.7262,7.0515,-2.3888,33.4834,1.8266,6.5615,-2.2884,39.0494,tracknet
360,300,332.1692,14,test,False,-1.4209,-2.053,4.6566,-2.062,1239.9822,-2.8184,-8.1622,-1.2966,45.2908,-2.7251,-8.3536,-1.3899,62.7775,tracknet
369,300,332.2864,11,test,False,-1.4469,1.2066,3.7243,-2.9084,1345.1259,2.3674,-6.1588,-1.7476,350.1516,2.4228,-7.8448,-1.6922,181.9172,tracknet
75,300,332.6038,5,test,False,-3.7093,-2.6843,11.3939,-0.4911,1057.0632,-0.523,3.3204,-3.592,223.728,0.7419,-6.6207,-3.3731,791.2839,tracknet
348,300,332.6565,6,train,False,-1.8374,-1.744,8.1818,-2.371,1713.0057,-1.8764,-3.9594,-2.2386,499.6676,-1.9826,-6.3185,-2.1324,263.8022,tracknet
398,300,332.8579,5,test,False,-0.6297,1.3093,3.9001,-1.3093,278.358,3.1193,7.7453,1.3453,214.0752,3.2432,6.7883,0.3883,117.7468,tracknet
170,300,332.906,8,train,False,-1.2598,1.0137,5.4098,-3.1013,331.717,4.8674,8.7226,0.7524,208.7039,3.6865,8.7757,-0.4285,102.9248,tracknet
383,300,333.0598,13,test,False,-2.0572,0.0848,9.3689,-2.5161,216.0931,-1.6518,9.5988,-2.2862,65.259,-2.025,9.0731,-2.09,3.6022,tracknet
167,300,333.1031,11,train,False,-1.8061,2.711,5.5789,-1.404,1254.9432,2.3026,-6.812,-1.8124,15.2236,2.3369,-9.6456,-1.7781,268.161,tracknet
51,300,333.2135,25,test,False,-0.8455,-2.8329,8.4828,-1.2821,95.2476,-0.4669,-1.3128,-3.6481,937.7666,-2.7679,7.6189,-1.3471,50.1918,tracknet
65,300,333.3333,17,test,False,-3.0207,-1.7265,4.8914,-2.3885,168.019,-1.2321,5.8022,-2.8829,66.0439,-1.2779,5.3005,-2.8371,116.2165,tracknet
45,300,333.3333,21,train,False,-2.3769,1.5926,10.2315,-1.6535,121.9326,1.5084,9.7791,-2.1059,79.2267,1.7643,9.433,-2.3507,41.2941,tracknet
240,300,333.3333,31,train,False,-2.5348,-0.6005,16.2785,4.3935,694.882,-0.2123,7.832,-3.9027,152.508,-0.3538,11.3696,-0.5154,203.9724,tracknet
94,300,333.5393,7,train,False,-2.6323,-1.6023,4.2127,-2.5127,1053.4419,2.9761,-13.4452,1.5602,773.1017,1.3743,-5.5954,-2.7407,28.5749,tracknet
71,300,333.7721,16,test,False,-0.7569,-2.4045,2.1415,-1.7105,1026.4157,-2.8549,-2.9445,-1.2601,515.8407,-2.8352,-6.5923,-1.2798,157.5282,tracknet
11,300,334.1313,24,train,False,-1.5572,-0.954,-0.4191,-3.161,992.563,-1.5647,8.2897,-2.5503,1865.5528,-0.6542,-6.8512,-3.4608,348.7778,tracknet
370,300,334.3448,11,test,False,-2.303,2.6052,4.3621,-1.5098,185.2275,2.2333,5.8191,-1.8817,47.3914,1.7607,5.3975,-2.3543,64.0539,tracknet
148,300,334.4893,17,train,False,-2.4449,2.6925,9.8241,-1.4225,122.9941,2.0298,10.4756,-1.4094,138.2665,1.8101,9.3536,-2.3049,25.4985,tracknet
321,300,334.5248,17,train,False,-2.1856,-2.9287,5.9009,-1.1863,1449.7883,-1.3503,-18.8851,7.0001,1033.8881,-1.8604,-6.9025,-2.2546,166.1406,tracknet
250,300,334.5324,15,train,False,-2.8849,-0.014,9.8828,-2.0022,375.3869,1.1926,8.2139,-2.9224,187.3265,1.5175,9.207,-2.5975,288.0347,tracknet
124,300,334.8843,22,train,False,-3.7463,1.1049,5.3919,-3.0101,75.5363,0.5901,5.9778,-3.5249,47.2047,0.1208,6.5658,-3.9942,103.5031,tracknet
440,300,334.902,14,test,False,-2.2635,-2.6895,5.7898,-1.4255,1095.5388,-1.5477,-6.6816,-2.5673,157.7603,-1.5811,-7.9002,-2.5339,277.9858,tracknet
78,300,335.1598,15,test,False,-2.6022,2.2472,4.6007,-1.8678,137.5732,2.9529,1.1844,-1.1621,480.0673,1.7925,4.7193,-2.3225,108.1476,tracknet
87,300,335.1724,18,test,False,-1.6365,-2.9719,2.2794,-1.1431,239.4067,-2.8284,2.572,-1.2866,265.8465,-1.9159,3.7524,-2.1991,385.692,tracknet
356,300,335.3366,4,test,False,-0.3354,1.0295,15.3612,15.3612,2152.1685,1.8927,8.7356,8.7356,1484.0061,2.684,-4.5547,-1.431,180.0953,tracknet
55,300,335.5556,22,test,False,-2.4284,-0.6764,9.5012,-2.3838,117.4662,-1.1056,9.5512,-2.3338,87.141,-1.2576,8.5691,-2.8574,54.2858,tracknet
323,300,335.6231,6,train,False,-0.2922,-1.1999,8.0969,-2.9151,1543.0427,-4.0695,-4.4638,-0.0455,265.6636,-3.4835,-7.9291,-0.6315,88.7635,tracknet
387,300,335.641,11,test,False,-0.6988,3.928,5.6848,-0.187,279.721,3.8449,6.235,-0.2701,224.113,3.367,6.3885,-0.748,204.6879,tracknet
278,300,335.698,14,train,False,-1.7017,1.7478,9.7761,-2.1089,119.6022,2.3429,9.4272,-1.7721,64.8688,2.527,8.8373,-1.588,12.6251,tracknet
98,300,335.7192,12,train,False,-2.0548,-0.2052,7.3036,-3.9098,1296.018,2.3307,-6.4558,-1.7843,103.4724,1.8246,-5.2048,-2.2904,34.5176,tracknet
135,300,335.7265,14,train,False,-1.3883,2.8516,-0.1666,-1.2634,836.6473,2.5611,-8.9564,-1.5539,45.5474,1.9356,-7.4,-2.1794,138.1105,tracknet
115,300,335.7669,9,train,False,-2.091,-0.0061,3.8456,-4.1089,350.3708,-0.3655,2.7317,-3.7495,463.32,1.3313,6.6443,-2.7837,69.5048,tracknet
365,300,336.1163,13,test,False,-2.7103,-0.2339,4.2536,-3.8811,1259.8407,-1.1562,-4.5059,-2.9588,379.2579,-1.2013,-7.0203,-2.9137,128.6146,tracknet
25,300,336.2159,20,train,False,-3.0333,-0.0509,1.957,-4.0641,988.5158,0.6979,6.9684,-3.4171,1494.8962,-0.9597,-7.5329,-3.1553,36.2487,tracknet
109,300,336.2735,10,train,False,-0.7279,-3.2112,5.6712,-0.9038,302.6902,-3.3097,8.9546,-0.8053,27.2811,-3.2534,7.7106,-0.8616,99.1401,tracknet
275,300,336.2963,10,train,False,-0.06,4.5678,8.1229,0.4528,51.9521,3.9661,8.49,-0.1489,29.7424,3.9695,9.5853,-0.1455,138.1691,tracknet
142,300,336.5945,13,train,False,-1.0698,-3.3504,8.3097,-0.7646,253.9965,-3.1644,10.4682,-0.9506,41.6871,-2.9225,9.7928,-1.1925,102.2499,tracknet
306,300,336.5967,14,train,False,-0.4536,2.0571,9.0874,-2.0579,1247.0025,4.4299,-22.8761,10.9911,1961.2146,3.8816,-8.6441,-0.2334,536.9643,tracknet
262,300,336.7761,35,train,False,-2.9389,-2.284,4.6694,-1.831,930.6749,-4.865,19.5623,7.6773,2441.3772,-1.753,-1.6133,-2.362,301.3653,tracknet
147,300,337.0136,8,train,False,-1.0175,1.1456,5.8254,-2.9694,1408.9518,3.4263,-9.4266,-0.6887,133.9407,2.7178,-7.6387,-1.3972,61.954,tracknet
330,300,337.2597,11,train,False,-3.6771,1.1224,6.4486,-2.9926,1404.3025,-0.2651,-3.9397,-3.8499,357.1961,-0.5689,-8.3572,-3.5278,85.9787,tracknet
420,300,337.3041,27,test,False,-3.8904,0.365,3.4861,-3.75,1044.9952,-0.0882,-9.7359,-2.1491,279.1983,0.1034,-5.8518,-4.0116,114.3453,tracknet
79,300,337.4671,13,test,False,-3.3649,0.9635,4.2815,-3.1515,953.5321,0.8461,-0.1541,-3.2689,509.8239,0.7972,-7.176,-3.3178,192.5152,tracknet
117,300,337.5599,17,train,False,-2.8546,-0.4114,10.0043,-1.8807,151.0253,0.1459,10.2516,-1.6334,135.922,0.5272,9.026,-2.859,21.5699,tracknet
15,300,337.586,14,train,False,-1.9423,0.5607,10.1822,-1.7028,177.6814,2.1526,10.0188,-1.8662,58.4272,2.265,9.7726,-1.85,35.0095,tracknet
347,300,337.6499,23,train,False,-3.4437,0.001,19.0904,7.2054,1265.767,-0.3601,0.1562,-3.7549,630.2028,-0.145,8.2516,-3.6334,187.6401,tracknet
66,300,337.7809,9,test,False,-2.2017,0.9503,4.1775,-3.1647,1139.2182,1.3808,-0.547,-2.7342,664.8273,1.5094,-7.3596,-2.6056,44.4542,tracknet
129,300,337.8899,16,train,False,-1.2323,-3.706,4.3781,-0.409,203.5931,-2.1363,-2.6781,-1.9787,524.7479,-2.4692,4.6527,-1.6458,217.622,tracknet
138,300,337.9332,15,train,False,-1.3735,1.4915,8.8064,-2.6235,193.8842,2.1836,10.1507,-1.7343,42.8276,2.1434,9.2636,-1.9716,127.6973,tracknet
375,300,338.1847,5,test,False,-1.2555,0.7511,3.4338,-0.7511,233.5156,3.743,4.393,-0.372,88.4584,3.3727,4.9711,-0.7423,74.0392,tracknet
33,300,338.4189,10,train,False,-2.366,-1.8539,5.8559,-2.2611,166.1618,-1.9442,8.0211,-2.1708,54.314,-1.7852,7.8644,-2.3298,35.2006,tracknet
149,300,338.4549,10,train,False,-1.0949,-1.4133,3.8363,-2.7017,1454.8688,-3.9434,-29.2693,17.3843,1866.8796,-3.0853,-7.9175,-1.0297,270.6696,tracknet
9,300,338.4615,14,train,False,-0.0442,-4.0548,10.9954,-0.0602,29.4178,-3.9894,11.9489,0.0639,124.9888,-3.6302,9.8063,-0.4848,99.7863,tracknet
113,300,338.6667,15,train,False,-1.2468,0.8547,10.7053,-1.1797,138.913,1.5425,11.4453,-0.4397,106.8213,1.7727,10.6632,-1.2218,47.0158,tracknet
257,300,338.7637,16,train,False,-2.4163,2.8818,6.5877,-1.2332,240.1926,1.8537,6.1837,-2.2613,169.3381,1.6284,6.3506,-2.4866,185.4582,tracknet
415,300,338.8864,9,test,False,-1.5115,0.5598,2.7299,-3.5552,423.0478,1.189,4.2893,-2.926,256.9172,2.1558,7.0216,-1.9592,73.8725,tracknet
432,300,338.8889,4,test,False,-0.1622,-0.9053,2.0363,-0.9053,495.37,-5.8413,4.9831,1.7263,211.7813,-3.2993,5.6212,-0.7788,72.7912,tracknet
436,300,338.9421,11,test,False,-0.8772,3.8336,9.1506,-0.2814,203.9951,3.1861,10.9864,-0.8986,19.7546,2.8987,9.4019,-1.2163,160.8521,tracknet
259,300,338.9882,4,train,False,-0.6235,0.0096,5.1733,0.0096,351.0697,-9.5379,-13.0846,13.0846,1898.7321,-2.7245,6.4151,0.0151,168.5485,tracknet
351,300,338.9897,24,train,False,-0.4182,3.5067,9.0553,-0.6083,1171.5909,3.6954,-3.6619,-0.4196,100.2829,3.6104,-7.9306,-0.5046,527.2274,tracknet
374,300,339.0769,29,test,False,-1.651,1.3966,13.4914,1.6064,332.911,1.9175,10.2707,-1.6143,17.0568,1.81,9.8135,-2.0715,50.1913,tracknet
232,300,339.1291,16,train,False,-1.9816,3.9531,7.1905,-0.1619,1217.4233,3.7499,5.8001,-0.3651,1076.9044,2.011,-6.7003,-2.104,185.7373,tracknet
325,300,339.2221,4,train,False,-0.825,1.2355,5.5435,-0.8565,207.7543,4.0408,5.7914,-0.0742,93.4709,3.8798,6.4305,0.0305,133.3298,tracknet
435,300,339.2475,6,test,False,-1.4621,0.0752,10.3473,10.3473,1542.3057,0.5042,5.4792,5.4792,1054.3544,1.2045,-8.7555,2.3555,392.8646,tracknet
272,300,339.2665,17,train,False,-2.3359,-1.3238,10.2616,-1.6234,1650.167,-1.8151,-15.7768,3.8918,954.3013,-1.8279,-8.2244,-2.2871,199.1183,tracknet
425,300,339.3258,4,test,False,-0.3307,1.9368,1.9997,-1.9368,320.3424,2.1594,2.3736,-1.9556,276.9867,2.9472,6.2076,-0.1924,179.7669,tracknet
119,300,339.3569,15,train,False,-1.917,0.2656,7.8348,-3.8494,226.3261,1.7008,9.3991,-2.4142,62.9548,1.9137,8.5446,-2.2013,54.7951,tracknet
401,300,339.5686,9,test,False,-1.5433,2.6575,7.2265,-1.4575,1408.7004,2.2123,-12.068,0.183,522.0206,2.3212,-8.4783,-1.7938,163.7343,tracknet
408,300,339.599,10,test,False,-3.3908,-0.1789,4.014,-3.9361,1177.8165,-0.6907,-4.693,-3.4243,305.8733,-0.6222,-7.6304,-3.4928,15.8318,tracknet
313,300,339.6239,10,train,False,-0.1455,4.7766,8.2278,0.6616,173.522,4.5887,9.4771,0.4737,68.2389,4.1273,9.1009,0.0123,68.1625,tracknet
254,300,339.7962,16,train,False,-1.6787,-1.2292,13.1234,1.2384,561.3148,-2.2183,7.2897,-1.8967,41.3942,-2.5019,11.3233,-0.5617,368.23,tracknet
276,300,339.9151,5,train,False,-0.6268,0.1245,3.3946,0.1245,320.3567,-7.1347,-16.2653,16.2653,2262.3896,-2.662,5.5119,-0.8881,69.1726,tracknet
